index,start_time,eeg_delta_power,eeg_theta_power,eeg_alpha_power,eeg_beta_power,eeg_spindle_power,eog_var,emg_rms,used,label
1,22:40:30,3.167564670111906e-11,2.014355100449421e-12,8.605303106037696e-13,6.346991683078776e-13,7.664864438101076e-13,4.491385441915598e-08,1.0000001265342384,1,1
2,22:41:00,1.8092965775812077e-11,2.1884080672181535e-12,9.57253817076226e-13,4.3502516313608806e-13,5.716945251712758e-13,7.43953295906212e-08,0.9999999304126995,1,1
3,22:41:30,1.7888925909844984e-11,2.4083089247850284e-12,1.028652335748249e-12,5.180349289235982e-13,7.9316304682947e-13,1.2365610796836687e-07,0.9999998569005036,1,1
4,22:42:00,6.024834883434743e-10,9.177608470421483e-12,1.1289720289155339e-12,9.4544480886409e-13,1.01494174085717e-12,3.3402463894972374e-08,0.9999998389456494,1,0
5,22:42:30,2.0025524251087127e-10,6.320611227143999e-12,2.3729229958776183e-12,2.0495256662817498e-12,2.5036157430266588e-12,1.8007333928252856e-08,0.9999998460382106,1,0
6,22:43:00,8.191069314844614e-12,1.3556165693906916e-12,8.345884968848268e-13,4.877666443318814e-13,4.4858799693936334e-13,2.3582742621837145e-08,0.9999998637097147,1,0
7,22:43:30,6.118957934322419e-11,3.1435065100366487e-12,1.230466797268494e-12,8.474320795250726e-13,1.089027767389774e-12,5.6958911764106796e-08,0.9999998849623775,1,1
8,22:44:00,1.6973342169381626e-11,2.6596940608338016e-12,8.000015913376469e-13,4.967939692896447e-13,7.34975843849149e-13,4.7472238799202194e-08,0.9999999064277606,1,1
9,22:44:30,1.1480209287856948e-10,4.496441909948176e-12,1.945671963407661e-12,3.080281242578724e-12,2.160569575351122e-12,5.962848755715706e-08,0.999999926550458,1,1
10,22:45:00,2.469658634872216e-11,2.9123551737074337e-12,8.7958908146491e-13,4.288385628334845e-13,5.635643583729151e-13,5.372745616531434e-08,0.9999999446933733,1,1
11,22:45:30,2.8262145548326084e-11,2.22931304193835e-12,8.480156702208832e-13,4.920506861161804e-13,8.191782432393505e-13,7.52140586406569e-08,0.9999999606833243,1,1
12,22:46:00,5.682102417379275e-11,2.6732206392395416e-12,1.0379602390140431e-12,9.20029291292666e-13,1.1871024372161214e-12,4.528796774239471e-08,0.9999999745753999,1,1
13,22:46:30,3.5446922432861874e-11,3.5545936010898878e-12,1.044239339072799e-12,4.282519513634744e-13,5.776861989162697e-13,1.053606869247871e-07,0.9999999865294115,1,1
14,22:47:00,3.862627486591827e-11,2.780350814046757e-12,6.629633955017155e-13,3.4963925165748414e-13,5.029194528409967e-13,6.156603427231685e-08,0.9999999967451528,1,1
15,22:47:30,5.542375674038212e-11,8.418384368351982e-12,1.5496690668591969e-12,9.222849179263216e-13,3.275369437981875e-12,5.2087020042276845e-08,1.0000000054290346,1,2
16,22:48:00,4.974028667207316e-11,1.0179893924733722e-11,2.2362341413515008e-12,9.37869902446967e-13,2.8378284786667553e-12,3.149094703592928e-08,1.0000000127776267,1,2
17,22:48:30,6.263155218031364e-11,6.689968005542811e-12,2.98548062334643e-12,5.444523999619287e-13,1.7376124239435452e-12,2.6915107737076362e-08,1.0000000189702978,1,2
18,22:49:00,3.251952777319694e-11,6.946283022806786e-12,3.017072188953515e-12,1.100666192186853e-12,4.022362134869128e-12,5.434279646556e-08,1.0000000241667257,1,2
19,22:49:30,4.5729575689756884e-11,1.1872723010484209e-11,6.238619529468728e-12,1.401754655288945e-12,7.715102288450454e-12,1.5153219587244892e-08,1.0000000285069295,1,2
20,22:50:00,4.969583239770464e-11,1.0154071972987936e-11,3.541719640083629e-12,9.800113278374556e-13,4.558828088354401e-12,1.8414563043010347e-08,1.0000000321125302,1,2
21,22:50:30,4.359745345313035e-11,9.475762948173874e-12,6.374074115298202e-12,1.8826852019371806e-12,1.3492451441333627e-11,5.471003473828833e-09,1.000000035088539,1,2
22,22:51:00,6.961130750800116e-11,9.156081181612835e-12,3.350583081687888e-12,7.994973368282627e-13,2.169754107342496e-12,2.290345727086214e-08,1.0000000375252858,1,2
23,22:51:30,5.7529339845016585e-11,7.382686856005538e-12,5.045820042111163e-12,1.474249941244929e-12,8.080860405198754e-12,4.090492531779366e-09,1.0000000395003095,1,2
24,22:52:00,6.468600626506183e-11,9.014931257684672e-12,4.36941480437918e-12,1.4517976201111582e-12,9.437257418284181e-12,2.7430882013406353e-09,1.000000041080089,1,2
25,22:52:30,6.448613441331838e-11,5.9895760276987585e-12,4.404597619463208e-12,7.112469063825321e-13,3.506676283753515e-12,9.75917771226204e-09,1.0000000423215956,1,2
26,22:53:00,7.963848413458086e-11,1.1693480697207406e-11,7.336733272687563e-12,1.5743912775853084e-12,9.872586690298924e-12,4.491434448646675e-09,1.0000000432736553,1,2
27,22:53:30,1.3087660251861413e-10,1.1261947483627357e-11,5.072313366290914e-12,9.072425427717398e-13,5.352520670572176e-12,3.566601405189349e-09,1.0000000439781336,1,2
28,22:54:00,1.1428271035623244e-10,1.2608609875009143e-11,6.098214171046723e-12,1.594264276963236e-12,8.96107229807975e-12,5.112586125767167e-09,1.0000000444709427,1,2
29,22:54:30,8.424903316966997e-11,8.725045830873437e-12,6.347698989580078e-12,1.012660323026027e-12,6.189031607554839e-12,2.2256356213331377e-09,1.0000000447829194,1,2
30,22:55:00,1.3839430174247545e-10,1.3911185261373064e-11,5.068579217567594e-12,8.073393021201728e-13,3.4654323520730756e-12,5.037130052955616e-09,1.0000000449405624,1,2
31,22:55:30,1.095311183224144e-10,1.0275904097682114e-11,5.7543549866092106e-12,1.0024866414695588e-12,5.358008861165203e-12,1.0346877041757206e-09,1.0000000449666577,1,2
32,22:56:00,1.1915284026718901e-10,1.3419794109986394e-11,4.939051535779631e-12,1.7732807364499444e-12,1.2347946039679019e-11,3.939076599996358e-09,1.0000000448808255,1,2
33,22:56:30,1.0726188597077371e-10,8.739493290763882e-12,3.87256875585319e-12,6.076335346615022e-13,3.1532117185915214e-12,1.111032349008992e-08,1.0000000446999646,1,2
34,22:57:00,2.612794334809771e-10,1.3277582421703733e-11,4.379560787586429e-12,9.149403334808055e-13,4.4859989981913925e-12,3.067408050878357e-09,1.0000000444386499,1,2
35,22:57:30,1.9857407654079245e-10,8.616662262841561e-12,4.433456322036564e-12,1.062161589947461e-12,6.018683561542269e-12,4.582557514332503e-09,1.000000044109456,1,2
36,22:58:00,1.310153531858261e-10,7.996484283127808e-12,3.2921096206497768e-12,8.089193221989387e-13,4.710356266705649e-12,1.9000731741700246e-09,1.000000043723244,1,3
37,22:58:30,1.356628678667796e-10,9.714844065823879e-12,3.036954545778439e-12,6.561156124441193e-13,3.4048804157375374e-12,5.786633149804248e-09,1.000000043289393,1,2
38,22:59:00,9.973115186489737e-11,6.175690098411812e-12,3.5517997666848062e-12,5.205504395523053e-13,2.8800332903741377e-12,3.105537804667821e-09,1.0000000428160118,1,2
39,22:59:30,9.1731387688189e-11,9.592766871862007e-12,4.096467096871873e-12,1.4552087860371724e-12,8.703962826236524e-12,2.6698522584622832e-09,1.0000000423101114,1,2
40,23:00:00,1.8652952168954567e-10,6.9960742619837215e-12,4.1085010892781874e-12,6.931920866617031e-13,3.7255852338481625e-12,1.38047209585743e-08,1.0000000417777528,1,2
41,23:00:30,2.1575409150745659e-10,8.89209545280665e-12,3.2714358256076466e-12,6.118934208652173e-13,3.6208761163206766e-12,1.86367483838435e-09,1.0000000412241805,1,2
42,23:01:00,2.489026848541808e-10,1.1915332532388662e-11,3.7943994921320064e-12,8.413944873959258e-13,2.941451966766714e-12,1.5343527795282258e-09,1.000000040653926,1,2
43,23:01:30,2.778821011516028e-10,1.1164645277911161e-11,4.283963035616914e-12,1.25985845878344e-12,6.368973077167808e-12,3.816500429040038e-09,1.0000000400709053,1,2
44,23:02:00,1.8653899346171096e-10,1.15658107397709e-11,4.909645882999336e-12,7.853159687271667e-13,4.5685601403334544e-12,4.120434638402598e-09,1.0000000394785034,1,2
45,23:02:30,1.9674029192703303e-10,8.511943597061634e-12,5.398655700283416e-12,7.088985085604944e-13,3.982936982186508e-12,2.5808907164711748e-09,1.0000000388796397,1,2
46,23:03:00,2.0413832063112965e-10,8.766985782625116e-12,3.766564968910007e-12,6.974389285181468e-13,4.195478236204358e-12,4.051061398866983e-10,1.0000000382768295,1,2
47,23:03:30,2.0726573500130167e-10,1.1744716440787895e-11,3.990156339536493e-12,7.803943216937456e-13,4.3117297818621515e-12,1.9097582438751197e-09,1.0000000376722433,1,2
48,23:04:00,3.7047098600762645e-10,1.0348463092512626e-11,4.758451494212861e-12,9.412752732802337e-13,5.410524153457476e-12,1.327381233665658e-09,1.00000003706774,1,2
49,23:04:30,1.680292462153092e-10,1.035061422367958e-11,3.8323539761645594e-12,6.073581893232041e-13,3.5406629856666516e-12,2.9601828811931162e-09,1.0000000364649153,1,3
50,23:05:00,3.2127788670366133e-10,1.0594607813870875e-11,2.621594321440495e-12,6.515782297570421e-13,3.785216213455019e-12,1.9906388702238373e-09,1.000000035865135,1,3
51,23:05:30,1.547699974708126e-10,1.0911458747290965e-11,3.908097837789089e-12,6.800931057461279e-13,4.461301889344853e-12,3.7715386431914615e-09,1.000000035269561,1,2
52,23:06:00,1.549045753566206e-10,1.0660871657380583e-11,5.386784687958422e-12,1.0612273819758282e-12,7.563475458410841e-12,2.535008116256242e-10,1.0000000346791786,1,2
53,23:06:30,1.945947192828944e-10,7.728442306504142e-12,3.833488040924403e-12,6.992029481548983e-13,4.470038452304362e-12,8.63274735835452e-10,1.0000000340948234,1,3
54,23:07:00,3.8894480005464493e-10,1.064354758383213e-11,4.348450418364447e-12,7.368578033807628e-13,4.562632025536625e-12,1.2030763730388706e-09,1.000000033517191,1,3
55,23:07:30,2.4072482243861865e-10,9.449583328100408e-12,4.168649129108576e-12,5.704943438252807e-13,3.564937502076737e-12,4.3085630002760515e-10,1.0000000329468646,1,3
56,23:08:00,2.4397305710932597e-10,1.1108193595546521e-11,3.720616654278767e-12,8.4467618153226e-13,4.458637915975981e-12,2.0045728826509636e-09,1.000000032384324,1,3
57,23:08:30,3.505531782128795e-10,1.1052756882546051e-11,3.6892709914047144e-12,6.012281831595065e-13,3.4636685705767986e-12,9.378892461245049e-10,1.0000000318299587,1,3
58,23:09:00,2.0662639719016554e-10,8.923423188424688e-12,2.6429152516322595e-12,4.97216866452634e-13,1.8291668422757816e-12,4.2427299036486183e-10,1.0000000312840835,1,3
59,23:09:30,2.0247701898186326e-10,1.0241632691408244e-11,4.874032767143905e-12,5.626424308904906e-13,3.1780866302570752e-12,8.137144724954674e-10,1.0000000307469405,1,3
60,23:10:00,2.573245960993559e-10,8.491503734301183e-12,3.1810134094109242e-12,1.343618462020921e-12,9.888741604747579e-12,8.420022610280181e-10,1.0000000302187173,1,2
61,23:10:30,1.9380186684736108e-10,1.0448546603759091e-11,3.857706891350169e-12,6.270109269043594e-13,3.824511077401302e-12,5.202080149949615e-10,1.0000000296995497,1,3
62,23:11:00,2.8437205851163846e-10,9.900795484282484e-12,3.2491552724652605e-12,1.0101928865657607e-12,6.812444131230795e-12,4.242649856760563e-10,1.0000000291895281,1,3
63,23:11:30,2.1604328417733912e-10,9.081667906428146e-12,4.033574411756209e-12,1.0571486453908662e-12,7.636445714957198e-12,4.5036866787873346e-10,1.0000000286887043,1,2
64,23:12:00,1.9956196491488102e-10,7.949928626787756e-12,4.383776198880918e-12,7.028433510831735e-13,4.388386372640194e-12,4.666824987137145e-10,1.000000028197097,1,3
65,23:12:30,2.510419070161712e-10,8.761944807837697e-12,4.403466179465947e-12,7.029638857166438e-13,3.6598547352762735e-12,2.9848685940698604e-10,1.0000000277146968,1,3
66,23:13:00,3.002237587121865e-10,7.031335329734781e-12,3.659062418767142e-12,7.098072280253502e-13,4.048466945401709e-12,2.9715262538222926e-10,1.0000000272414664,1,3
67,23:13:30,3.289107169393844e-10,1.0411826985021484e-11,4.316421791565264e-12,5.341136458359943e-13,2.917328930478762e-12,3.3948419793961153e-10,1.0000000267773517,1,3
68,23:14:00,2.679820771491706e-10,1.1957262877309024e-11,4.073251421729766e-12,8.14257905675998e-13,5.32421390281046e-12,4.951085752497808e-10,1.0000000263222768,1,3
69,23:14:30,2.6591380427177853e-10,1.1141747299946166e-11,2.6372965371910914e-12,8.610237533861631e-13,4.29009504125299e-12,5.64932926718927e-10,1.0000000258761532,1,3
70,23:15:00,2.3150323426557822e-10,1.0990318632978001e-11,2.727021811571047e-12,6.274941970106895e-13,4.0497117724111015e-12,9.260251918862109e-10,1.0000000254388761,1,3
71,23:15:30,3.8813907332082794e-10,1.0917820638638004e-11,4.162126020642034e-12,5.678717029328264e-13,3.3809172059529952e-12,7.084431090926962e-10,1.0000000250103316,1,3
72,23:16:00,2.7007370257938006e-10,8.658962891355605e-12,5.40721817423644e-12,4.4393314772827644e-13,2.596801850156093e-12,6.561183725100459e-10,1.0000000245903955,1,3
73,23:16:30,4.0974862426576604e-10,1.2938281966340836e-11,4.033679680547975e-12,1.2353898747251757e-12,7.393361208215133e-12,4.1671145551004517e-10,1.00000002417894,1,3
74,23:17:00,2.357565281336009e-10,1.0354846161227353e-11,4.951598182405915e-12,9.093153260905439e-13,5.5333107550750495e-12,1.4797542388407294e-09,1.0000000237758235,1,3
75,23:17:30,2.4315860816193233e-10,8.212552313480065e-12,2.924002748179159e-12,7.026027503535179e-13,4.565178226384615e-12,3.771513811622058e-10,1.000000023380906,1,3
76,23:18:00,2.0491870205937408e-10,1.0080917058183712e-11,4.415407783018197e-12,1.0584629705191937e-12,7.746508542285944e-12,3.7917679692098756e-10,1.0000000229940424,1,3
77,23:18:30,2.868312158962102e-10,1.2212100270500846e-11,3.263161882312411e-12,6.561722102681346e-13,4.337638928098363e-12,4.0852177518981556e-10,1.0000000226150827,1,3
78,23:19:00,1.9748403264259834e-10,8.947981690675335e-12,3.5355366299845938e-12,3.2773605997812384e-13,1.402085460095398e-12,4.837285369521763e-10,1.0000000222438763,1,3
79,23:19:30,3.049311972905869e-10,8.425571512236193e-12,2.9350349110991247e-12,9.844484038814463e-13,6.689260221934622e-12,5.245703536897127e-10,1.000000021880271,1,3
80,23:20:00,5.004031892256919e-10,1.1776111853589786e-11,2.6203436100015444e-12,5.74096275745059e-13,3.0406819470894627e-12,1.5800477515484205e-09,1.0000000215241145,1,3
81,23:20:30,2.619984047599925e-10,8.39731746029395e-12,2.668713625805841e-12,6.733238879189792e-13,2.9206385893329304e-12,8.776330648311797e-10,1.0000000211752527,1,3
82,23:21:00,3.03529655799658e-10,7.623555144065057e-12,3.242306866037812e-12,5.547289380539862e-13,3.45739552760705e-12,3.971319639945931e-10,1.0000000208335336,1,3
83,23:21:30,3.9308604128497584e-10,7.245846477347517e-12,3.2989089106025554e-12,6.963473429354605e-13,4.284013143081428e-12,4.83701491440721e-10,1.0000000204988055,1,3
84,23:22:00,3.225342100536393e-10,1.0669749821257202e-11,6.0095196677505885e-12,7.113557188899392e-13,4.600423096848743e-12,6.521745950317211e-10,1.000000020170918,1,3
85,23:22:30,2.753472444868695e-10,8.031212213096216e-12,2.336342310935274e-12,6.435756532217171e-13,3.9369794993989186e-12,4.342403648571494e-10,1.0000000198497194,1,3
86,23:23:00,4.1461833392043897e-10,1.2057514577902585e-11,4.491361447534728e-12,1.0053686059755222e-12,6.348253506612455e-12,4.672829402838061e-10,1.0000000195350636,1,3
87,23:23:30,2.7464319224048894e-10,8.666535086947624e-12,4.056207216084127e-12,6.015080796746989e-13,3.971846438059759e-12,3.3246137882023976e-10,1.000000019226804,1,3
88,23:24:00,4.798417386412758e-10,7.467303153206829e-12,3.159770686808843e-12,7.094072760619899e-13,4.097815622039137e-12,2.9745305210410913e-10,1.0000000189247977,1,3
89,23:24:30,2.1801770272251403e-10,9.587974689064267e-12,2.730664809437897e-12,5.646545542045046e-13,3.704823240314455e-12,2.803881176317127e-10,1.0000000186289026,1,3
90,23:25:00,3.0350257702812716e-10,7.652860880841487e-12,2.736887594185094e-12,6.426042714108475e-13,4.389293472562201e-12,3.2778153144359894e-10,1.0000000183389794,1,3
91,23:25:30,3.0499426637894903e-10,5.978620214154245e-12,3.203519994735588e-12,4.534984794843868e-13,2.3990606421847253e-12,3.9824321847982674e-10,1.000000018054893,1,3
92,23:26:00,4.871048042895952e-10,7.906511335298352e-12,3.953212610808419e-12,6.774495679401443e-13,4.200477648271387e-12,5.160958499786117e-10,1.0000000177765054,1,3
93,23:26:30,3.6218092667633556e-10,8.750078056028924e-12,3.3380301455855157e-12,4.944471477196035e-13,2.7168691856017096e-12,3.792649131916856e-10,1.000000017503687,1,3
94,23:27:00,3.1674697758608985e-10,9.706542999765432e-12,3.6700491858176455e-12,6.280169602064162e-13,3.983304467496173e-12,3.7937858460128906e-10,1.0000000172363077,1,3
95,23:27:30,3.880778296182122e-10,8.61746879519947e-12,3.114998937725395e-12,5.493481028009251e-13,3.596386001871592e-12,3.898596357058106e-10,1.0000000169742425,1,3
96,23:28:00,1.9007079749269507e-10,6.576926925299745e-12,2.1245468696941526e-12,4.50821846660779e-13,2.604984285093363e-12,2.8796505203418433e-10,1.0000000167173657,1,3
97,23:28:30,2.9438977339252305e-10,8.687148846545707e-12,4.0433336391416025e-12,9.046315580249721e-13,4.9171706838935625e-12,3.243883735605942e-10,1.0000000164655567,1,3
98,23:29:00,2.7501599959713074e-10,9.430471770431717e-12,2.4005023520697863e-12,9.241619651536242e-13,6.0541111020535875e-12,3.1241438276350504e-10,1.0000000162186995,1,3
99,23:29:30,2.543241786857323e-10,7.386742125835837e-12,2.5347522467323005e-12,6.769551442035351e-13,4.319080668345535e-12,3.4457742387223247e-10,1.0000000159766749,1,3
100,23:30:00,3.604607674263226e-10,9.261080065883548e-12,2.9251534995421676e-12,3.823217418797363e-13,1.7561732226390848e-12,3.4960249448171506e-10,1.0000000157393716,1,3
101,23:30:30,2.911732263032846e-10,6.103889364360269e-12,3.467585420393406e-12,4.307382242275168e-13,2.4432545071751947e-12,3.941918894113612e-10,1.0000000155066788,1,3
102,23:31:00,2.70067454077832e-10,1.0472624175558566e-11,3.754102637442639e-12,9.292293748941269e-13,4.57190697605267e-12,5.781088325236562e-10,1.000000015278488,1,3
103,23:31:30,2.1462884057189054e-10,8.768079973095534e-12,2.8677092298260848e-12,4.718450552248765e-13,2.7311986641321485e-12,3.664056893409141e-10,1.0000000150546957,1,3
104,23:32:00,3.3108822919709447e-10,9.315523727197405e-12,3.6146991107071618e-12,4.888281393372501e-13,2.6158748199344625e-12,2.7559867554084e-10,1.0000000148351986,1,3
105,23:32:30,4.031574752815464e-10,9.869839634796595e-12,3.4779955497527935e-12,7.77584533821573e-13,4.928272670749278e-12,4.1376392736512406e-10,1.0000000146198949,1,3
106,23:33:00,2.794571576222021e-10,8.679514971740514e-12,3.2409846184543514e-12,4.2989057605430316e-13,2.4725717484053885e-12,4.0979224490556416e-10,1.0000000144086876,1,3
107,23:33:30,2.5780038796227847e-10,1.0862805749215856e-11,3.1800565357388373e-12,4.0479127176788416e-13,2.1143144834104678e-12,4.2648451522778896e-10,1.0000000142014822,1,3
108,23:34:00,3.5483111385321754e-10,7.284826282908074e-12,2.7025680594812463e-12,3.432354308713355e-13,1.7172824825178721e-12,3.4851956343850187e-10,1.0000000139981844,1,3
109,23:34:30,3.5591033383851337e-10,1.039685422552697e-11,2.597434724084234e-12,8.015378339373155e-13,4.96283657247323e-12,3.815768172277886e-10,1.000000013798705,1,3
110,23:35:00,4.740331419065835e-10,7.770411375186917e-12,2.427994259823496e-12,3.086974887343101e-13,1.3503590385303586e-12,3.376862525546456e-10,1.000000013602955,1,3
111,23:35:30,2.908529727173946e-10,7.57468742026129e-12,2.8146885306438755e-12,9.077877142969972e-13,6.484913497974276e-12,2.8860530713982517e-10,1.0000000134108482,1,3
112,23:36:00,2.6121130749966805e-10,1.0179303001407358e-11,3.920415086029362e-12,5.429222798290064e-13,3.2052791302878403e-12,2.425975735436838e-10,1.000000013222301,1,3
113,23:36:30,4.517029428469986e-10,7.435964235795715e-12,3.3712395506281102e-12,8.272662104594248e-13,3.199586955616651e-12,7.085033058070442e-10,1.0000000130372302,1,3
114,23:37:00,2.332384976479168e-10,6.654685190467098e-12,3.146475602440012e-12,5.216521543953241e-13,3.1514488350042022e-12,2.307717338256622e-10,1.0000000128555584,1,3
115,23:37:30,3.4595093368301324e-10,1.1093469232121669e-11,4.287776096699889e-12,6.540568776150535e-13,3.883030149405671e-12,2.0808914474027492e-10,1.0000000126772075,1,3
116,23:38:00,3.44598513777439e-10,6.282864778506137e-12,2.4061617325041184e-12,5.125331154264482e-13,3.034254249160162e-12,3.071375053772281e-10,1.000000012502101,1,3
117,23:38:30,2.0222437161843768e-10,9.27923267283834e-12,2.205892047162753e-12,6.570173194931933e-13,3.951796395738254e-12,3.1057285867951944e-10,1.0000000123301653,1,3
118,23:39:00,2.528883040443738e-10,7.603607158918039e-12,2.7374648374281176e-12,3.348250006511799e-13,1.7261585754940982e-12,3.1733509780149776e-10,1.0000000121613295,1,3
119,23:39:30,3.5464628360395617e-10,8.093482429703116e-12,3.5381506448331106e-12,6.597093010053174e-13,3.1839657929730173e-12,3.654557126437731e-10,1.0000000119955221,1,3
120,23:40:00,2.2564531854610972e-10,6.757713364008211e-12,2.502667406932714e-12,5.499310396863582e-13,3.2784691472507083e-12,2.858706436283132e-10,1.0000000118326755,1,3
121,23:40:30,3.34837773152246e-10,7.422541881616605e-12,3.7044743808188904e-12,6.055919268415786e-13,3.337725569440137e-12,3.476744746920177e-10,1.000000011672724,1,3
122,23:41:00,2.6210590027663874e-10,5.699482816941491e-12,2.9053679283113875e-12,4.866712586685687e-13,2.3819679787863613e-12,2.886520067017659e-10,1.0000000115156018,1,3
123,23:41:30,3.9661659087858e-10,7.567489778317111e-12,4.097292012687223e-12,9.067032600318541e-13,3.93056214006299e-12,3.1865619943919413e-10,1.0000000113612462,1,3
124,23:42:00,3.015679440707984e-10,9.719878092871289e-12,3.750869450866961e-12,5.097733731436493e-13,3.0382407460321853e-12,3.797645076350185e-10,1.0000000112095977,1,3
125,23:42:30,3.557358877373125e-10,8.453762141522022e-12,5.240494361866367e-12,1.206220533413411e-12,8.053226068110147e-12,2.5570965274494694e-10,1.0000000110605929,1,3
126,23:43:00,1.5893987785972125e-10,6.760248980875646e-12,3.793183958582924e-12,4.830272196576458e-13,2.889332077724148e-12,3.259038647857957e-10,1.000000010914176,1,3
127,23:43:30,2.985543431451527e-10,6.40962502562556e-12,3.3313273191218027e-12,7.949246091542298e-13,4.277218673224004e-12,3.4946338523456447e-10,1.0000000107702889,1,3
128,23:44:00,3.5313970206076684e-10,6.947879626079545e-12,2.7874160635662633e-12,8.350509162783534e-13,5.0348745249855935e-12,2.7230183822785767e-10,1.0000000106288773,1,3
129,23:44:30,3.718883376727048e-10,4.868056248746557e-12,1.764597664997471e-12,3.6255358741260997e-13,1.9467239866856963e-12,2.9281290067850243e-10,1.0000000104898874,1,3
130,23:45:00,4.721825524176752e-10,1.127035354896125e-11,6.451160370368969e-12,6.526053288938439e-13,1.6530797390379268e-12,3.7272255014553895e-09,1.0000000103532645,1,3
131,23:45:30,1.2712660820004108e-10,6.8929524625613804e-12,5.466332192809008e-12,1.9721651180808314e-12,2.221850178225473e-12,9.621943291097206e-09,1.0000000102189603,1,2
132,23:46:00,7.773366179710613e-11,3.657827396113774e-12,2.407868997858628e-12,8.513878920037325e-13,5.932776454967429e-12,1.7361004026453699e-09,1.000000010086923,1,2
133,23:46:30,8.549683412918548e-11,8.533036307755448e-12,3.6265538605855853e-12,1.6644803952492723e-12,1.3104821591420008e-11,2.1881584406928202e-10,1.0000000099571043,1,2
134,23:47:00,1.0453064757791793e-10,8.286717478678314e-12,2.791888909154789e-12,9.412858992563337e-13,6.729583037928427e-12,3.8738021541952583e-10,1.0000000098294575,1,2
135,23:47:30,1.730717281328483e-10,1.4507358079458711e-11,4.321958835656011e-12,1.1343325331611286e-12,7.368096388461933e-12,1.0771232638433067e-09,1.0000000097039357,1,2
136,23:48:00,1.2352234712128486e-10,4.002780013444803e-12,2.0051484591246646e-12,5.150200587957692e-13,2.775144129450133e-12,6.2302855359992305e-09,1.0000000095804937,1,2
137,23:48:30,1.6797701156978686e-10,1.0701306594514375e-11,3.738429144279569e-12,1.4218377282618805e-12,7.30277842287889e-12,4.1283783565074485e-09,1.000000009459087,1,2
138,23:49:00,1.0878475879922514e-10,3.6711349563243875e-12,1.5070398704492826e-12,7.694420110288112e-13,3.876095872692919e-12,1.113573835454383e-09,1.0000000093396733,1,2
139,23:49:30,2.7495643001053737e-10,8.280791158953492e-12,3.4985710670288384e-12,9.699219281431945e-13,3.704162110215279e-12,7.64422621949216e-09,1.000000009222212,1,2
140,23:50:00,8.276718271260256e-11,7.319190272682397e-12,2.4828467822746967e-12,1.4135097287880085e-12,5.33254467350706e-12,7.891443609434179e-09,1.0000000091066608,1,2
141,23:50:30,1.2520123409829712e-10,5.630358158787528e-12,3.759398964630835e-12,9.02798598738758e-13,4.175584899211459e-12,6.847472276345187e-09,1.0000000089929806,1,2
142,23:51:00,6.857894388928978e-11,4.829961561478e-12,3.04840503941602e-12,9.367938991266147e-13,5.406452599800564e-12,8.667729314887751e-10,1.0000000088811323,1,2
143,23:51:30,1.337692544775817e-10,6.024491731771868e-12,3.0936345501476172e-12,5.595941390645638e-13,1.6899346134836014e-12,6.310230195927731e-09,1.0000000087710785,1,2
144,23:52:00,8.438660646266804e-11,8.476793108139457e-12,2.5767567224105185e-12,1.649397323784049e-12,5.4886145697482006e-12,1.5860999926107296e-08,1.0000000086627812,1,2
145,23:52:30,7.714513407133341e-11,5.565739785466331e-12,4.5498764513502976e-12,1.477256589299569e-12,8.407976837362218e-12,3.857978627568817e-09,1.0000000085562069,1,2
146,23:53:00,8.588137856538119e-11,5.744831402583937e-12,1.3642568047018671e-12,1.158349246471021e-12,5.631275935335926e-12,9.868251172982845e-09,1.0000000084513194,1,2
147,23:53:30,5.941577846723126e-11,5.904766644778553e-12,2.8066407807808772e-12,1.4586277369111879e-12,9.355654642680162e-12,3.0362446145522776e-08,1.0000000083480833,1,2
148,23:54:00,4.774094408842639e-11,4.30147049369459e-12,3.031580440891074e-12,1.3778739876479885e-12,7.243158816830847e-12,5.737262546114059e-09,1.0000000082464664,1,2
149,23:54:30,7.485020005306464e-11,5.691545606085956e-12,2.0123038201937018e-12,9.057272796620147e-13,3.4306895906748532e-12,5.737386237155022e-09,1.0000000081464369,1,2
150,23:55:00,4.381367286211912e-11,5.8821022806601605e-12,1.7191698933266741e-12,8.609791288695875e-13,3.591644155050264e-12,9.08026085796778e-09,1.0000000080479612,1,2
151,23:55:30,7.490841478269987e-11,5.523571568572338e-12,3.0851363333039073e-12,6.955383823876167e-13,1.839036490828133e-12,5.376491286031787e-09,1.0000000079510085,1,2
152,23:56:00,2.4026646162275064e-11,3.3592122007813394e-12,1.6678374330036262e-12,8.392784460849245e-13,3.1454369352713664e-12,2.8375664459308006e-09,1.000000007855551,1,2
153,23:56:30,1.2715311323785524e-10,1.6366894615593015e-11,1.0782480828853205e-11,1.3629143397346084e-11,1.069101181458435e-11,1.9370714575203078e-08,1.0000000077615563,1,1
154,23:57:00,2.2243646807632115e-11,2.4760393672622234e-12,3.323874828862268e-12,1.7522205728556737e-12,1.317674740409517e-11,3.4259911019594887e-09,1.000000007668997,1,2
155,23:57:30,6.088079221285017e-11,5.490359065074476e-12,3.983247963835405e-12,1.3587860983023223e-12,8.364883604170157e-12,3.4970765205113125e-09,1.0000000075778444,1,2
156,23:58:00,4.683778851737159e-11,3.547062689828737e-12,5.914675802427418e-12,1.3078519679949415e-12,7.176712908880099e-12,2.4519109708919493e-09,1.0000000074880702,1,2
157,23:58:30,8.377194788774077e-11,7.170906284389185e-12,2.364814595921033e-12,1.0245992713321502e-12,2.5235587088624663e-12,5.000990657347698e-09,1.0000000073996502,1,2
158,23:59:00,3.97688069558044e-11,2.535010327916194e-12,1.9996112595881854e-12,6.49023249756137e-13,2.8495314803173827e-12,1.128677248848278e-09,1.000000007312556,1,2
159,23:59:30,8.361192588059816e-11,1.0917252834903566e-11,1.5394102214998924e-12,8.82094663120896e-13,3.102233723642782e-12,2.7586380137346526e-09,1.0000000072267616,1,2
160,00:00:00,4.418443997364546e-11,2.024873781301926e-12,3.44388633925934e-12,6.73784673136488e-13,2.4859024702342005e-12,5.928209130572457e-09,1.0000000071422448,1,2
161,00:00:30,7.965769131337152e-11,9.768749972525259e-12,2.8260055321374097e-12,1.1384825760943968e-12,2.1946785673859904e-12,9.435640671632761e-09,1.0000000070589783,1,2
162,00:01:00,4.9577011029460844e-11,7.823122701177228e-12,1.0730400753963597e-12,8.119194687031472e-13,2.0197027054678762e-12,1.7802544769214288e-08,1.0000000069769392,1,2
163,00:01:30,6.026442227755005e-11,4.189106464898537e-12,2.465485523236297e-12,1.2319297283820932e-12,6.032975068274092e-12,2.2707343431123373e-09,1.0000000068961041,1,2
164,00:02:00,8.657326916561608e-11,2.9603943619390033e-12,4.845998300402429e-12,8.456871114341335e-13,3.5672921810540387e-12,7.09086218074365e-10,1.0000000068164514,1,2
165,00:02:30,2.975422633704041e-11,3.104731670444033e-12,2.657697384405587e-12,4.898238700294468e-13,9.582128715329699e-13,5.280757505242429e-09,1.0000000067379569,1,2
166,00:03:00,2.7864024847697126e-11,1.786839369735112e-12,5.2158955092619856e-12,1.3706025976533879e-12,7.2316164436666236e-12,2.2277859836553274e-08,1.0000000066606005,1,2
167,00:03:30,4.922299395204763e-11,5.411515347310086e-12,9.770699401135914e-13,6.361455403439488e-13,9.903988751841843e-13,1.7687488637269203e-08,1.0000000065843606,1,2
168,00:04:00,3.251595411048673e-11,4.930843309698925e-12,1.4557871543578187e-12,7.901333011046172e-13,1.7838473739636144e-12,8.525637440226986e-09,1.0000000065092158,1,2
169,00:04:30,3.723600305522109e-11,2.914286042876435e-12,1.5992148085911057e-12,6.927148257659516e-13,2.0230838506852534e-12,2.5238219517241867e-09,1.000000006435148,1,2
170,00:05:00,5.435885760216246e-11,4.1510042183878e-12,5.727895623307773e-12,1.1939438975750466e-12,5.272299435805625e-12,1.257143814978694e-09,1.0000000063621344,1,2
171,00:05:30,3.88042246987324e-11,2.8321770246818154e-12,1.6486095940778387e-12,1.0072499216351003e-12,4.54529202326668e-12,1.4787737082082661e-08,1.0000000062901586,1,2
172,00:06:00,4.401198305801329e-11,2.883754928884195e-12,3.3649879091379775e-12,2.1423794149919746e-12,1.5510481770909997e-11,3.1976621980713463e-09,1.0000000062191983,1,2
173,00:06:30,2.866008792510965e-11,2.0333919037039847e-12,3.3381769610298687e-12,1.1112364662453894e-12,6.17288757789031e-12,1.2855136335687008e-09,1.0000000061492373,1,2
174,00:07:00,6.053239468396288e-11,3.161763848406559e-12,2.586961044309611e-12,5.909246702417106e-13,1.971034847484443e-12,2.904533655786138e-09,1.0000000060802572,1,2
175,00:07:30,5.636826382695294e-11,4.630231242404609e-12,2.296924179629377e-12,7.866422303793675e-13,3.711830594864404e-12,5.435458580074061e-10,1.0000000060122394,1,2
176,00:08:00,4.0177245012501507e-11,4.639158555187737e-12,2.672562339531274e-12,1.8764039165313675e-12,1.2880970620330645e-11,2.429322844824405e-10,1.0000000059451675,1,2
177,00:08:30,3.938753216802109e-11,2.58129476666032e-12,2.409406949445558e-12,6.398764996144386e-13,2.717143835130261e-12,4.200144911364878e-11,1.0000000058790244,1,2
178,00:09:00,3.5459691099278613e-11,3.039225514395127e-12,1.980040620318554e-12,1.1565766389287921e-12,7.485657443631794e-12,2.1384047041346893e-10,1.0000000058137932,1,2
179,00:09:30,2.0532608697261637e-11,2.2650329427178975e-12,2.1785382388374104e-12,8.539341688521924e-13,4.699970816113325e-12,1.108904168393037e-10,1.0000000057494582,1,2
180,00:10:00,8.891363145687154e-11,6.16703859029853e-12,2.4038145172876158e-12,5.279043649034867e-13,2.1642234080310002e-12,1.1819959794218007e-09,1.0000000056860032,1,2
181,00:10:30,3.6256886274656836e-11,5.263477015957744e-12,1.9159376463583118e-12,7.423294463983739e-13,4.187057722966623e-12,3.6258400655740077e-09,1.000000005623414,1,2
182,00:11:00,1.6791035542035908e-11,2.4037635918079456e-12,2.07063292584136e-12,1.3818594442697283e-12,9.657145448726092e-12,1.08439766875808e-08,1.0000000055616731,1,2
183,00:11:30,1.8166763731620656e-11,2.5053857260783746e-12,2.5081526362599047e-12,1.3112734082870133e-12,9.578398445095613e-12,4.0725694623722633e-10,1.0000000055007674,1,2
184,00:12:00,3.4150637323631267e-11,2.5892198207548562e-12,2.9333580153011102e-12,9.378015237223036e-13,6.2651010416e-12,8.131416643146969e-11,1.000000005440681,1,2
185,00:12:30,1.059286063882243e-10,6.746227158803804e-12,3.2613754119402392e-12,9.145449064288732e-13,5.82858288752923e-12,2.5952559327749507e-10,1.0000000053814013,1,2
186,00:13:00,2.4219538441713464e-11,2.3557325604614622e-12,1.7539984588275082e-12,3.246476985162223e-13,7.335465172475686e-13,3.157527433564572e-10,1.0000000053229139,1,2
187,00:13:30,4.238034022664103e-11,2.5643596097718472e-12,3.2152290621164932e-12,1.7639993307608846e-12,1.3535776510750604e-11,9.761878519778913e-11,1.000000005265205,1,2
188,00:14:00,3.391164527108058e-11,2.7974541445773714e-12,2.810561847741259e-12,1.72369643328689e-12,1.3184110956910435e-11,1.351192893749287e-10,1.0000000052082614,1,2
189,00:14:30,2.8267624402536586e-11,3.0322872191390576e-12,1.99203340511863e-12,2.061672239217309e-12,1.6084286702969563e-11,8.019198770396818e-11,1.0000000051520688,1,2
190,00:15:00,2.774753744823037e-11,3.648020810075213e-12,3.766833483155597e-12,1.600265673625052e-12,1.1755688137284679e-11,1.4783923705026665e-10,1.0000000050966151,1,2
191,00:15:30,3.356342211248095e-11,2.960868117361679e-12,2.0714133458447376e-12,9.902885658528966e-13,6.969472072408848e-12,7.189144135586509e-11,1.000000005041889,1,2
192,00:16:00,5.447625961831253e-11,3.2032578010721385e-12,3.656715800863146e-12,1.3987325133601993e-12,1.0161509025756857e-11,2.929412886619776e-10,1.0000000049878768,1,2
193,00:16:30,6.265072263607979e-11,3.558994087237239e-12,4.274056816761955e-12,1.5239905070880484e-12,1.1079782034923477e-11,1.529183900985433e-10,1.0000000049345679,1,2
194,00:17:00,5.885881445175118e-11,3.0635298904098795e-12,3.06349142316599e-12,2.2203501624792975e-12,1.8152710912605914e-11,9.388082145481038e-11,1.0000000048819495,1,2
195,00:17:30,5.7010341047178927e-11,4.250507107266502e-12,2.6854294114558402e-12,5.197499715886286e-13,2.6467839640130955e-12,1.5653272432006073e-10,1.000000004830011,1,2
196,00:18:00,7.019505713841014e-11,2.862781608695278e-12,3.719059319422838e-12,1.0082721608457237e-12,6.167452579521397e-12,1.283332284349804e-10,1.000000004778741,1,2
197,00:18:30,7.393856743591996e-11,4.366438551333645e-12,6.686200956268043e-12,1.2865407467673127e-12,9.043710061999515e-12,1.521472949922644e-10,1.0000000047281257,1,2
198,00:19:00,4.7632281695132976e-11,3.3169096443817724e-12,3.0973764661196493e-12,1.2423969076791484e-12,9.44001535788629e-12,1.6857971046631353e-10,1.0000000046781592,1,2
199,00:19:30,6.314837280722584e-11,4.311227692579639e-12,4.9912579829549115e-12,1.7451835643225007e-12,1.3814751231043553e-11,1.3409250003452832e-10,1.0000000046288273,1,2
200,00:20:00,5.846723647598688e-11,2.3525303369054636e-12,4.242529634190993e-12,1.1129833661330805e-12,7.676262544885158e-12,9.788509847604394e-11,1.0000000045801214,1,2
201,00:20:30,9.249576227463247e-11,4.2775879964910875e-12,3.3273756669389297e-12,1.7796935349467074e-12,1.4243801736230515e-11,1.3022953134422583e-10,1.0000000045320292,1,2
202,00:21:00,1.2696369860609816e-10,5.770110853131327e-12,3.778305181133869e-12,1.3771597060497886e-12,1.055340558744419e-11,2.0838749644568573e-10,1.000000004484544,1,2
203,00:21:30,1.3802760658816423e-10,5.8399227960916734e-12,2.6364885240538493e-12,7.414600318722639e-13,4.68004009016035e-12,1.473678094782426e-10,1.0000000044376536,1,2
204,00:22:00,8.587956834058867e-11,4.4410355881180494e-12,3.5664812560111642e-12,1.0596761286593943e-12,7.437491305426468e-12,1.9508585325685762e-10,1.0000000043913493,1,2
205,00:22:30,9.013577768425711e-11,4.9280647173618185e-12,3.0893316702824333e-12,1.8418528089813925e-12,1.4456684149776134e-11,1.645795014222082e-10,1.0000000043456208,1,2
206,00:23:00,1.5026392922240402e-10,5.830132087283211e-12,4.089777005843235e-12,1.288731959220819e-12,9.820370880303514e-12,2.0377114882034585e-10,1.00000000430046,1,2
207,00:23:30,1.522644101974164e-10,5.89069239624312e-12,3.5422755075793743e-12,1.863133320648371e-12,1.4117057021889065e-11,1.6069959047243374e-10,1.0000000042558579,1,2
208,00:24:00,1.25309202576385e-10,5.595890923713925e-12,4.76377867409399e-12,1.1791898491688378e-12,8.467304127932182e-12,2.354619711131135e-10,1.0000000042118051,1,2
209,00:24:30,8.280510393502363e-11,4.345085195647144e-12,2.7285198883125887e-12,7.584525806538204e-13,4.8834340185133145e-12,2.2893627352593322e-10,1.000000004168292,1,2
210,00:25:00,1.8013643673698835e-10,7.064834206757734e-12,3.104888096487462e-12,7.474394787229868e-13,4.952454103632004e-12,2.8123252906754594e-10,1.000000004125312,1,2
211,00:25:30,1.1394693700221678e-10,6.344719881161962e-12,3.6324904434149576e-12,1.4688623968197596e-12,1.1462230884419745e-11,1.9489447030092905e-10,1.0000000040828572,1,2
212,00:26:00,1.7629026781997416e-10,5.632745231476795e-12,3.0392012712593642e-12,1.6473047754639383e-12,1.2602531304105213e-11,3.97461415954741e-10,1.0000000040409172,1,2
213,00:26:30,1.4147685937783658e-10,3.506667008926916e-12,2.158405005148409e-12,7.247185701479915e-13,4.700316274278514e-12,2.3848068125725815e-10,1.0000000039994856,1,2
214,00:27:00,1.3511377609718663e-10,7.03741374441865e-12,3.449173035273348e-12,5.62185352933015e-13,3.5420475391613483e-12,2.2509878231510565e-10,1.0000000039585533,1,2
215,00:27:30,3.212859630382065e-10,6.5361363609747294e-12,3.1783582600443233e-12,1.3225166670112946e-12,9.27712002851198e-12,3.079448637714654e-10,1.0000000039181132,1,3
216,00:28:00,1.80794132317937e-10,4.70447795425143e-12,2.1916148568490847e-12,1.214215092362082e-12,8.843261282767656e-12,1.9164351628384768e-10,1.0000000038781582,1,2
217,00:28:30,1.8290207476177286e-10,4.900631667875365e-12,3.0313192724713477e-12,1.6929032703224118e-12,1.2947058887621622e-11,2.661288849308063e-10,1.0000000038386816,1,3
218,00:29:00,2.3524022243785233e-10,6.7688086339636e-12,3.0771853456515227e-12,9.815861369998064e-13,6.782840698441252e-12,2.627752837602905e-10,1.0000000037996741,1,3
219,00:29:30,1.58784063852539e-10,4.736231096347267e-12,3.337747027309207e-12,8.144629880220275e-13,5.070114750747921e-12,2.633225110647084e-10,1.0000000037611299,1,3
220,00:30:00,1.554153466839884e-10,4.62467375764145e-12,2.375236249296789e-12,7.620091315782576e-13,5.251572444189487e-12,2.9941410496077405e-10,1.0000000037230412,1,3
221,00:30:30,3.74192247178314e-10,4.775430202730232e-12,3.547536036634297e-12,5.369642557527148e-13,2.905261933421236e-12,2.516113981853587e-10,1.000000003685402,1,3
222,00:31:00,2.538335374017793e-10,4.4478485973402915e-12,2.927388534780955e-12,1.839327764664241e-12,1.4279870328950975e-11,2.8223108813935907e-10,1.0000000036482064,1,2
223,00:31:30,1.9683525325608895e-10,6.957641385479836e-12,3.4365704062613453e-12,6.042110382400326e-13,3.6336076948272767e-12,2.1443212552911493e-10,1.0000000036114447,1,2
224,00:32:00,1.6400622963163584e-10,4.761474316183192e-12,2.65648900555708e-12,4.929880329927984e-13,2.894837712818191e-12,2.7345227981676434e-10,1.0000000035751124,1,3
225,00:32:30,1.5699530278468386e-10,5.458157824524102e-12,2.4298013549610036e-12,8.46149089435248e-13,5.883453470947415e-12,2.7865057603800676e-10,1.0000000035392052,1,2
226,00:33:00,1.9259028136787256e-10,5.268012252449921e-12,3.0685126954941394e-12,1.1956624892310812e-12,8.063154837369717e-12,2.2858973832411935e-10,1.0000000035037124,1,2
227,00:33:30,2.153795428961694e-10,4.821404893827457e-12,2.807557481720928e-12,6.547544206666227e-13,4.14724710333643e-12,2.8723066676876694e-10,1.000000003468632,1,2
228,00:34:00,2.5566901583257984e-10,7.394568739493143e-12,3.864699486429077e-12,1.189230162888282e-12,9.075996285477007e-12,3.801092981002139e-10,1.0000000034339551,1,2
229,00:34:30,1.3376726315274952e-10,4.173517373345346e-12,2.329123383858586e-12,3.6837051314210477e-13,2.032172011302553e-12,3.196538798312858e-10,1.000000003399677,1,2
230,00:35:00,2.226117816432225e-10,6.531000205190996e-12,2.5053976858490025e-12,6.812434471576171e-13,3.1532565871722655e-12,3.1026631963437593e-10,1.000000003365792,1,2
231,00:35:30,2.687904946294792e-10,5.065552029473506e-12,2.425805078265813e-12,2.926659556263232e-13,1.3179216860434511e-12,2.0419777991121389e-10,1.000000003332294,1,3
232,00:36:00,2.8627811606882633e-10,6.151315684614616e-12,3.28977222292761e-12,8.931503680484308e-13,6.308407565884871e-12,3.7811986451447207e-10,1.0000000032991783,1,3
233,00:36:30,2.5237840281204104e-10,7.050037237116755e-12,3.764290792914831e-12,1.0600007947601345e-12,6.933564154683576e-12,3.6496212861712423e-10,1.000000003266438,1,3
234,00:37:00,2.4191789342679017e-10,5.5158681488497675e-12,3.1068299217037466e-12,7.291789620402336e-13,4.197574322322443e-12,2.929126266540496e-10,1.0000000032340686,1,3
235,00:37:30,1.5916530447198448e-10,5.959839388184654e-12,3.404684245688452e-12,8.062549926489122e-13,5.728162776006945e-12,3.508697768672503e-10,1.0000000032020648,1,3
236,00:38:00,2.828704899441369e-10,4.526098144337369e-12,3.6037453481079807e-12,8.727376777150331e-13,6.079310418023581e-12,2.9335745106488107e-10,1.0000000031704204,1,3
237,00:38:30,3.1884158625237444e-10,6.277573968002126e-12,2.970907489214166e-12,7.188432733832696e-13,4.5952974253999525e-12,3.703233664547973e-10,1.0000000031391323,1,3
238,00:39:00,2.7372762668592097e-10,7.308303301751774e-12,3.1210780058902553e-12,1.2431507253522422e-12,8.127588571331469e-12,4.087016033732806e-10,1.0000000031081935,1,3
239,00:39:30,3.270446242901195e-10,4.448241661682922e-12,1.91030609822988e-12,3.7237730245434603e-13,1.1030180611617718e-12,2.4107849941846147e-10,1.0000000030775988,1,3
240,00:40:00,3.5042957278014225e-10,4.820482292363367e-12,2.2516276561764397e-12,7.84794442253417e-13,4.876124659279991e-12,3.2762939299762376e-10,1.0000000030473466,1,3
241,00:40:30,2.8422922817723457e-10,7.310216385419097e-12,2.7325308220907306e-12,9.70868809054173e-13,3.679442265945081e-12,4.5221182331746303e-10,1.0000000030174292,1,3
242,00:41:00,3.5556019314173576e-10,5.8954576307070505e-12,2.653294211179433e-12,5.322567215558334e-13,2.9529588093328604e-12,2.5155591260115876e-10,1.0000000029878435,1,3
243,00:41:30,3.1098184879606087e-10,5.7606367980698214e-12,3.0715548390580017e-12,1.0427181806684779e-12,7.353567558671792e-12,3.0398229542327717e-10,1.0000000029585834,1,3
244,00:42:00,3.426685887865694e-10,1.0283845136608198e-11,9.370650801078333e-12,2.412238803756561e-12,5.6677438596223906e-12,7.842668470895982e-09,1.0000000029296452,1,0
245,00:42:30,5.2742083210334456e-11,1.5055646601415243e-12,1.883260958957048e-12,3.036840301347879e-13,7.040225946848784e-13,1.8799907704948514e-09,1.0000000029010239,1,1
246,00:43:00,8.43598951058248e-11,3.1438607522188517e-12,3.745601117952144e-12,8.714460043639091e-13,5.158324653128618e-12,8.764175529701938e-10,1.0000000028727163,1,2
247,00:43:30,2.4849691988988094e-11,2.1584456007166707e-12,2.032881236603213e-12,1.1644681883558471e-12,8.802601601988916e-12,2.1714896151431623e-10,1.0000000028447162,1,2
248,00:44:00,3.5661757534261394e-11,3.64076434119027e-12,3.0471804122317267e-12,1.666301669545656e-12,1.2858119987174255e-11,1.5082907129890936e-10,1.0000000028170226,1,2
249,00:44:30,7.836920754541875e-11,5.557220502733736e-12,3.8666506666052896e-12,1.1634507724373194e-12,7.561303665468385e-12,3.951339190793279e-10,1.0000000027896299,1,2
250,00:45:00,4.037506018725401e-11,2.460434615737914e-12,2.4454040875921482e-12,9.422638332441294e-13,6.51411176530657e-12,9.557258550416384e-11,1.0000000027625322,1,2
251,00:45:30,7.420044996781078e-11,4.25596040554644e-12,2.5169926593528263e-12,1.2593534851792023e-12,9.536149716142967e-12,1.4823188457698352e-10,1.0000000027357263,1,2
252,00:46:00,1.195514594677159e-10,5.296193241575967e-12,3.495501178922717e-12,1.1662524517446043e-12,8.495135236067824e-12,1.4138392457014468e-10,1.0000000027092097,1,2
253,00:46:30,1.785769456230767e-10,3.928260884522691e-12,3.2799743496388616e-12,8.085543079726981e-13,5.270240583240918e-12,3.1079294850134677e-10,1.000000002682978,1,2
254,00:47:00,1.3940561200754088e-10,3.5070973334008325e-12,2.6719492810809518e-12,1.068131088774384e-12,7.957432340525792e-12,1.46892364986701e-10,1.0000000026570268,1,2
255,00:47:30,5.014354379055236e-11,5.009958218799155e-12,2.8945324642997826e-12,1.252400930463847e-12,9.5856346456152e-12,2.174361222588198e-10,1.0000000026313538,1,2
256,00:48:00,7.111749661032838e-11,3.2735892024921033e-12,2.0514294051091824e-12,9.472376308033927e-13,6.86569088141899e-12,1.0964312805375805e-10,1.000000002605954,1,2
257,00:48:30,1.3110710092110013e-10,5.008910249304153e-12,3.58035481212475e-12,1.4794722647186731e-12,1.1601672204062552e-11,1.8681944600040872e-10,1.0000000025808233,1,2
258,00:49:00,1.042942199386994e-10,4.48872570749766e-12,3.0304573128995634e-12,6.43577688189336e-13,4.136752025571905e-12,3.064200692713626e-10,1.0000000025559594,1,2
259,00:49:30,1.676681634178155e-10,4.606287744081339e-12,2.6183515645163405e-12,6.540732235167548e-13,4.307527394054707e-12,2.4658020082652745e-10,1.0000000025313576,1,2
260,00:50:00,1.2500696472860542e-10,5.730755733356647e-12,4.326407463563798e-12,1.0328139766308221e-12,7.54337095410258e-12,2.8999756788576736e-10,1.0000000025070148,1,2
261,00:50:30,2.034873550498229e-10,3.317890520972674e-12,2.080056829473055e-12,4.94605240837188e-13,3.023982742518208e-12,2.2405517637716366e-10,1.0000000024829294,1,3
262,00:51:00,2.0011246430778074e-10,4.758747310951177e-12,3.8396370941350765e-12,7.773196576422185e-13,5.443934661791596e-12,2.3209071725805248e-10,1.000000002459095,1,3
263,00:51:30,2.390363118923082e-10,6.532360109465476e-12,3.973487832981919e-12,1.237516221161492e-12,9.150634949816875e-12,2.7366907365074865e-10,1.0000000024355127,1,2
264,00:52:00,2.632247458398197e-10,5.962187631393374e-12,2.7469159699860284e-12,7.237922781532181e-13,4.873155288769419e-12,2.7493064026642444e-10,1.000000002412174,1,3
265,00:52:30,3.1992674180843174e-10,4.91656173504375e-12,3.1268807476823923e-12,3.231086910791196e-13,1.6615791718988435e-12,3.274394464058443e-10,1.00000000238908,1,3
266,00:53:00,2.750577447350717e-10,5.807887376514592e-12,3.1948122437916467e-12,5.363423939505261e-13,3.3791963858940324e-12,4.823769143534921e-10,1.0000000023662254,1,2
267,00:53:30,1.8701726458957876e-10,4.8126874381892045e-12,1.4456207784597703e-12,4.877954621550395e-13,2.9215708219354838e-12,2.4670539349179175e-10,1.000000002343608,1,2
268,00:54:00,2.9189995095582744e-10,6.018444211173379e-12,2.8112267764549017e-12,7.238091149880413e-13,3.973722662239485e-12,3.757152486054266e-10,1.0000000023212245,1,3
269,00:54:30,1.3415430134623727e-10,4.14277919414608e-12,2.631260935865805e-12,7.758745760623485e-13,5.52060143713166e-12,3.1922592006520465e-10,1.0000000022990718,1,2
270,00:55:00,2.756550862054408e-10,5.559493552991312e-12,3.2733915354693093e-12,4.499957128894758e-13,2.5348237339686905e-12,4.728234094703872e-10,1.000000002277147,1,3
271,00:55:30,1.8526204604744296e-10,6.652713696356157e-12,2.745665458909829e-12,6.727032610040737e-13,4.201187534041152e-12,4.156984664337696e-10,1.0000000022554474,1,3
272,00:56:00,2.9109891106994785e-10,5.566057321438973e-12,2.2426254500338452e-12,3.9872420289560283e-13,2.1306066440737772e-12,2.8194158254502435e-10,1.0000000022339703,1,3
273,00:56:30,2.2563239192599338e-10,5.180712824837274e-12,1.6726816367884452e-12,5.924148731801974e-13,3.8400617957956606e-12,3.290211787557761e-10,1.0000000022127125,1,3
274,00:57:00,2.6556840538968465e-10,6.7596793248228704e-12,2.0143936428012337e-12,1.051543839995465e-12,6.813179758546631e-12,3.39991924358105e-10,1.0000000021916722,1,3
275,00:57:30,1.6804834694321652e-10,5.477941751882341e-12,2.1325230076022737e-12,6.838994631338913e-13,4.77317319627197e-12,3.6993658153700537e-10,1.000000002170846,1,3
276,00:58:00,2.7564121309578807e-10,4.647341065400284e-12,1.7242971287732686e-12,8.405624469495494e-13,5.497467972549478e-12,3.4710097462548144e-10,1.0000000021502318,1,2
277,00:58:30,3.1200046162024524e-10,5.3617053271724674e-12,2.2100836678107535e-12,7.421591905003011e-13,4.161741235160784e-12,3.5679369800948597e-10,1.0000000021298265,1,3
278,00:59:00,3.337215132661861e-10,7.211319204840894e-12,2.551905129615152e-12,1.7773090200081709e-12,1.2729300706339943e-11,4.3110152105815895e-10,1.0000000021096271,1,3
279,00:59:30,1.9582449561132782e-10,4.701737643403996e-12,2.5356108842862685e-12,1.2688169011407823e-12,1.0040305982289217e-11,3.8768867052594987e-10,1.0000000020896316,1,3
280,01:00:00,2.7444288218090883e-10,5.911130604030478e-12,3.470180002237569e-12,1.1224512899384433e-12,8.625262644284365e-12,3.251832820646592e-10,1.0000000020698383,1,3
281,01:00:30,3.5387047798477245e-10,5.954629039344096e-12,3.6091465355737264e-12,6.696570883387753e-13,4.626886195316252e-12,3.824939252527384e-10,1.0000000020502438,1,3
282,01:01:00,2.9725232362860304e-10,5.6286945120238215e-12,2.774603255817182e-12,7.989612913865386e-13,5.675819483800026e-12,3.5108538251641724e-10,1.000000002030846,1,3
283,01:01:30,3.066561135070076e-10,5.481902709839893e-12,3.5063315440323674e-12,7.524857643075193e-13,5.413907574042551e-12,3.0572195215227516e-10,1.0000000020116424,1,3
284,01:02:00,3.848456618039115e-10,6.6519387658397895e-12,3.102491313526441e-12,1.1252202729368662e-12,7.553044047605986e-12,2.794540234878198e-10,1.0000000019926305,1,3
285,01:02:30,1.3893304696225933e-10,6.065316970984838e-12,2.5993922455154613e-12,7.50877876436195e-13,5.075063025893502e-12,2.734656713368471e-10,1.0000000019738082,1,3
286,01:03:00,3.280609531792347e-10,4.830372450942017e-12,4.394176432551262e-12,9.58921761947156e-13,7.066822534482412e-12,3.417644780898599e-10,1.000000001955173,1,2
287,01:03:30,1.842762873520659e-10,4.344691823596014e-12,2.905795523395305e-12,2.6149644769685606e-13,1.037898958063887e-12,3.9057313641146117e-10,1.0000000019367234,1,2
288,01:04:00,2.648525146460227e-10,6.964017127489834e-12,2.3625878666463235e-12,3.479032869884248e-13,1.8552790843969087e-12,2.7311001993724433e-10,1.000000001918457,1,3
289,01:04:30,1.403976438558939e-10,5.2591093653159924e-12,2.543002237954256e-12,6.763574751857335e-13,4.592419039733626e-12,2.6498818744695955e-10,1.0000000019003707,1,3
290,01:05:00,4.73482394190193e-10,1.4781080234464276e-11,1.6428933411014104e-11,7.509944706253273e-12,5.95376547834009e-12,8.512835275193535e-09,1.0000000018824629,1,3
291,01:05:30,6.442757591417576e-10,8.876686127580771e-12,9.759192506492419e-12,5.53983666837672e-13,1.9475681696591954e-12,8.437796065985017e-09,1.0000000018647321,1,1
292,01:06:00,6.108996647153298e-11,3.788424294568182e-12,1.8803273970867144e-12,1.5353166262225778e-12,8.534821573016842e-12,3.1696658318352384e-09,1.0000000018471762,1,2
293,01:06:30,3.768828667365938e-11,2.275084884963876e-12,2.92524535656723e-12,6.810796800485035e-13,4.017153210091312e-12,4.6048257532919125e-10,1.0000000018297934,1,2
294,01:07:00,4.547203400901473e-11,3.4929425417091062e-12,2.352764743762064e-12,1.909325535075222e-12,1.3269530615585857e-11,1.4359983441149503e-10,1.0000000018125803,1,2
295,01:07:30,4.357711903131478e-11,3.787175011342403e-12,1.8624334961505956e-12,1.08273853625162e-12,7.51057094952832e-12,3.2113141720424417e-10,1.0000000017955364,1,2
296,01:08:00,4.86467863053359e-11,4.3310036161956686e-12,1.7938407541509658e-12,7.071393395862247e-13,4.44433858192423e-12,1.1129998464359647e-10,1.000000001778659,1,2
297,01:08:30,2.7231863862654496e-10,9.307646342945067e-12,4.6067906723148275e-12,1.113709753980951e-12,5.5098174044326535e-12,8.178234636240921e-10,1.0000000017619461,1,2
298,01:09:00,3.061032540850548e-11,2.475709730576321e-12,1.3458406293853802e-12,8.299113522310746e-13,5.36539486391565e-12,1.770874757666828e-10,1.0000000017453954,1,2
299,01:09:30,6.83208820709109e-11,3.113476272020744e-12,2.2856994881941168e-12,9.859352440858222e-13,6.339225171694185e-12,2.1507188365016714e-10,1.0000000017290058,1,2
300,01:10:00,3.225382355047238e-11,3.7200839420324036e-12,2.1468499827352235e-12,8.405642036225852e-13,5.0002196595582235e-12,9.412037829471968e-11,1.0000000017127766,1,2
301,01:10:30,4.597408462574758e-11,3.0104346044218922e-12,2.002786911258816e-12,1.3892496890561618e-12,7.453148578855463e-12,5.36522610410956e-09,1.0000000016967046,1,2
302,01:11:00,4.057521432759809e-11,3.3844901096938462e-12,4.261618872233845e-12,3.267640049291044e-12,1.654574985979328e-11,5.633798658567089e-09,1.0000000016807873,1,2
303,01:11:30,1.3636177375922252e-10,1.1626804226537947e-11,6.643770860449574e-12,1.1001464913428485e-11,1.50151760432601e-11,1.7850404327595985e-08,1.0000000016650252,1,0
304,01:12:00,5.016810466973317e-11,4.398517601028463e-12,4.001340822052981e-12,5.11033140064368e-13,1.5724553553497085e-12,2.1951297842489196e-08,1.0000000016494144,1,1
305,01:12:30,2.6544681055363936e-11,1.8079651098755664e-12,2.460862790058054e-12,1.657393897061821e-12,1.1720365746854496e-11,1.1597322385842416e-09,1.000000001633954,1,2
306,01:13:00,5.4600049866869456e-11,8.797696053032035e-12,4.0734872507600645e-12,1.054017456090572e-12,7.185385171120052e-12,7.231639503581872e-10,1.0000000016186428,1,2
307,01:13:30,2.5407865526219003e-11,2.234883253493138e-12,1.5845572579486363e-12,1.5237448333494063e-12,1.1682143299816726e-11,1.2274610926271307e-09,1.000000001603479,1,2
308,01:14:00,3.23096505184535e-11,3.197547021912851e-12,1.8703650113688776e-12,9.393518236504535e-13,6.548627725553138e-12,6.618716258837481e-11,1.0000000015884611,1,2
309,01:14:30,2.5340008569521475e-11,2.798373205286313e-12,1.8988425388388365e-12,1.397606940189569e-12,1.1083278430334223e-11,5.399632900101086e-11,1.0000000015735873,1,2
310,01:15:00,2.8800428696723985e-11,2.385188816359162e-12,1.7020618162680257e-12,1.0369150341404166e-12,7.5441089083865e-12,1.9767924939082855e-10,1.0000000015588557,1,2
311,01:15:30,2.515572329364699e-11,2.3097811790909923e-12,1.2721082200869881e-12,6.464378026221754e-13,4.043060410550574e-12,5.865304085682986e-11,1.0000000015442647,1,2
312,01:16:00,2.351778477016016e-11,3.6518095939910055e-12,1.7518832251468412e-12,1.1894648881630344e-12,8.114319664285802e-12,7.755558687416875e-11,1.0000000015298127,1,2
313,01:16:30,3.345240732270169e-11,3.1277733040283074e-12,1.8087455777896648e-12,1.18895700440439e-12,9.06015523264874e-12,8.928662187881433e-11,1.000000001515498,1,2
314,01:17:00,6.419342273558248e-11,3.1090995626958624e-12,1.5331695430669037e-12,6.400572705697922e-13,3.660044246799235e-12,9.294917308373164e-11,1.0000000015013206,1,2
315,01:17:30,2.4765996616639402e-11,3.0852449176880165e-12,1.6512672129886395e-12,6.445864381027798e-13,3.3021894947414e-12,9.787678440136639e-11,1.0000000014872785,1,2
316,01:18:00,3.007273737348921e-11,4.14517937677316e-12,1.8950783348441443e-12,7.296497159949875e-13,4.1563111519006275e-12,1.1084144326139742e-10,1.000000001473369,1,2
317,01:18:30,3.318724390512888e-11,2.8019290571300406e-12,1.9946097134027573e-12,5.181556242731064e-13,2.3966850358684027e-12,1.6827247545198774e-10,1.0000000014595924,1,2
318,01:19:00,8.200722238443163e-11,6.0253046628109166e-12,4.12551486962303e-12,1.2949239346574029e-12,7.1886471987800395e-12,6.339066200204871e-09,1.0000000014459467,1,2
319,01:19:30,3.8404241836238786e-11,4.8340185762723856e-12,2.2426677611947002e-12,8.197588840420675e-13,4.999196059673907e-12,3.07445351637293e-10,1.0000000014324284,1,2
320,01:20:00,3.991953134833182e-11,3.112803426650945e-12,1.953146073454687e-12,1.110405617165213e-12,7.106629490778048e-12,1.321326896840441e-10,1.0000000014190398,1,2
321,01:20:30,1.881729904541964e-10,1.0262400018732789e-11,4.947562072899559e-12,2.0368178273570453e-12,1.3628076446027354e-11,4.94961749334784e-09,1.0000000014057768,1,2
322,01:21:00,4.0410035020182755e-11,4.219590149345633e-12,1.7242585592865842e-12,8.197383493764788e-13,5.55543022981805e-12,1.7818442234608163e-09,1.0000000013926391,1,2
323,01:21:30,3.9294338281926815e-11,4.938679305709354e-12,2.5989501520806642e-12,7.715684065483032e-13,4.85210471126635e-12,1.0763074732086608e-10,1.0000000013796253,1,2
324,01:22:00,3.3092267576185873e-11,4.524787627046732e-12,2.8697251649488785e-12,9.52645621280112e-13,6.533456299389553e-12,9.80867608371837e-11,1.000000001366734,1,2
325,01:22:30,4.3713349571178706e-11,4.206902169112062e-12,2.5035720287587127e-12,1.3365489665343117e-12,9.785520212851212e-12,1.9414905483305345e-10,1.0000000013539634,1,2
326,01:23:00,4.4555580292174836e-11,3.035471200765887e-12,1.856993554152249e-12,1.1124447925357865e-12,8.000100501853077e-12,1.270018415352016e-10,1.000000001341314,1,2
327,01:23:30,2.7033238365508987e-11,3.306627772615973e-12,1.1494033138900678e-12,8.677250304562121e-13,5.915418189326809e-12,4.0190187476102365e-10,1.0000000013287837,1,2
328,01:24:00,2.8530229452566023e-11,3.3797668035742806e-12,1.906640136347133e-12,8.297007146515611e-13,5.5439110126952685e-12,6.419639169859433e-11,1.0000000013163715,1,2
329,01:24:30,5.124783251276659e-11,8.818958774630023e-12,1.9523483356554237e-12,1.2622099397220843e-12,9.758736149872854e-12,4.6807630962296345e-11,1.0000000013040755,1,2
330,01:25:00,2.7470750896304306e-11,3.1685467898289896e-12,1.5702694011836476e-12,7.404248827006218e-13,4.598352778054733e-12,6.271163705070033e-11,1.0000000012918944,1,2
331,01:25:30,5.127473465456071e-11,6.571161927643577e-12,4.424372364293217e-12,1.0953028478212344e-12,7.327270664487917e-12,1.4900751195380162e-09,1.0000000012798276,1,2
332,01:26:00,4.76486243109621e-11,2.7147164530992102e-12,1.4922302457481365e-12,4.776665514055246e-13,2.3352403786057226e-12,1.078800571778176e-10,1.0000000012678738,1,2
333,01:26:30,2.5785969181416304e-11,1.6822377201999824e-12,1.335424757131543e-12,1.200584401088704e-12,9.176757524268513e-12,8.464587124907678e-11,1.0000000012560317,1,2
334,01:27:00,2.611210241925792e-10,7.910127089748768e-12,8.054850593402746e-12,4.995223950959639e-12,1.6546588340818195e-11,1.9352669975538134e-08,1.000000001244302,1,0
335,01:27:30,2.860579510067444e-11,3.952430028552919e-12,4.6672696108368245e-12,1.2081206191920084e-11,7.318793534069098e-12,2.3788059035369796e-08,1.0000000012326802,1,1
336,01:28:00,3.758612490741554e-11,1.8924534296841304e-12,2.6410662365248833e-12,1.311536386532482e-12,9.803047288708522e-12,7.850660580527939e-10,1.0000000012211678,1,2
337,01:28:30,3.8336939902851344e-11,2.2482039119851102e-12,1.665051040231712e-12,9.215028278705612e-13,5.923249570025861e-12,1.9818912970726605e-10,1.0000000012097623,1,2
338,01:29:00,1.9132158242705333e-11,3.5745159068666444e-12,2.753144250338207e-12,2.481102183957229e-12,2.01680914152385e-11,7.381778466459403e-11,1.0000000011984644,1,2
339,01:29:30,3.144196371867163e-11,2.34958555842539e-12,1.0057455794782111e-12,7.758404464130472e-13,4.5168944450562936e-12,6.652263474156176e-11,1.0000000011872705,1,2
340,01:30:00,3.881854337978039e-11,4.4067215937115865e-12,2.5498154843627907e-12,9.10549262477703e-13,5.95142061658532e-12,6.655382441418088e-11,1.0000000011761814,1,2
341,01:30:30,4.666124710307371e-10,1.135688195458067e-11,6.288020223252783e-12,1.3709460326460144e-12,8.46032765479286e-12,3.426186347782827e-10,1.0000000011651957,1,2
342,01:31:00,8.50170888486896e-11,5.558540737852245e-12,3.907330928301327e-12,1.2526454878382996e-12,5.746982240253726e-12,5.235426916889047e-09,1.0000000011543129,1,2
343,01:31:30,2.3178116051126208e-10,3.1834678453399887e-12,2.2240701385853283e-12,5.97052043818644e-13,2.0106505574116595e-12,5.694326839996747e-09,1.0000000011435313,1,2
344,01:32:00,1.4706803204908967e-10,9.611878130642603e-12,3.6843381505070784e-12,1.835951470635265e-12,1.2111528429327896e-11,4.817525627099808e-10,1.0000000011328487,1,2
345,01:32:30,1.0007392699614187e-10,8.649327383036212e-12,2.812401798959504e-12,1.1298773739148757e-12,6.285545811257089e-12,1.1780396908258991e-08,1.000000001122267,1,2
346,01:33:00,5.2770380846273765e-11,4.569771575701389e-12,1.9411282412170573e-12,8.615763299810029e-13,1.6262698132093003e-12,1.3583850861509066e-08,1.0000000011117838,1,2
347,01:33:30,6.333323330285923e-11,6.612961183519727e-12,1.6750616832245489e-12,7.154285309634773e-13,2.1421670689341665e-12,1.2729023840368454e-08,1.0000000011013972,1,4
348,01:34:00,1.0126745312429313e-10,6.0660039389391946e-12,1.4487014851338336e-12,6.716905138623046e-13,1.5306089432407565e-12,1.8124996107993538e-08,1.0000000010911079,1,4
349,01:34:30,4.8077415696827344e-11,3.969878354317645e-12,8.726298752629198e-13,4.155880180963996e-13,5.773609027318849e-13,3.3267001474474796e-08,1.0000000010809138,1,4
350,01:35:00,5.169492492793941e-11,6.602169034929229e-12,1.407451925641351e-12,6.349863109566332e-13,1.247424318476649e-12,4.85768907606734e-08,1.0000000010708143,1,4
351,01:35:30,4.2787832914210305e-11,5.063989558517153e-12,8.255305194454564e-13,4.959506232629828e-13,9.487626808665762e-13,2.743380591652716e-08,1.0000000010608086,1,4
352,01:36:00,3.0004063828112037e-11,5.801256268340216e-12,1.2702958032046687e-12,7.309590770777785e-13,3.02766462522861e-12,5.6071886340155105e-09,1.000000001050897,1,4
353,01:36:30,4.763363489695851e-11,5.428519693569678e-12,8.481712302736744e-13,5.618020827698836e-13,9.001346656335636e-13,1.8294620574922777e-08,1.0000000010410766,1,4
354,01:37:00,4.010687434620918e-11,4.5295150087022436e-12,1.0394050552877093e-12,3.173696531119037e-13,4.3301664956520314e-13,3.769043481676892e-08,1.0000000010313483,1,4
355,01:37:30,2.152800241887392e-11,2.5021609736511504e-12,6.98057459426764e-13,3.4205607364550246e-13,3.9927420198478143e-13,2.5375535655918858e-08,1.0000000010217107,1,4
356,01:38:00,3.39248016481089e-11,4.45839576999363e-12,1.0591044534341172e-12,4.998171465495527e-13,1.1272585509208156e-12,1.5423754550402433e-08,1.0000000010121624,1,4
357,01:38:30,3.6452707511928135e-11,5.349940257425092e-12,9.280536544874033e-13,3.5102433226907503e-13,4.611482748781082e-13,6.036150414507956e-08,1.0000000010027024,1,4
358,01:39:00,3.3323090055269676e-11,6.5095888122928915e-12,8.036392133154921e-13,3.4118537714026086e-13,4.3456729595125947e-13,6.019559476873944e-08,1.0000000009933314,1,4
359,01:39:30,2.8577051662871097e-11,3.671962160581442e-12,8.206289287428002e-13,4.409597773970944e-13,6.920242371249977e-13,5.912768985970926e-08,1.000000000984049,1,4
360,01:40:00,3.6373073465331936e-11,2.4731486575475003e-12,6.720030894962765e-13,3.9153164345882176e-13,4.202033237442497e-13,1.2588899657573846e-08,1.0000000009748522,1,4
361,01:40:30,2.7177680403781982e-11,2.1776002170896912e-12,4.3298131759854287e-13,4.021334541776377e-13,4.790506964914132e-13,1.0673784653044215e-08,1.0000000009657402,1,4
362,01:41:00,3.29365522582893e-11,3.4988993042984796e-12,6.754550381570297e-13,4.388461732567885e-13,4.750317698892152e-13,2.6586787803619954e-08,1.0000000009567132,1,4
363,01:41:30,3.7030075328384485e-11,3.5198691566705274e-12,8.318404873908858e-13,4.1090551340701793e-13,6.500916668902272e-13,3.715028817427384e-08,1.000000000947771,1,4
364,01:42:00,5.4717244949010557e-11,3.960562139082991e-12,1.7790774018577835e-12,7.805622028500222e-13,3.036594509080087e-12,3.2066229248232304e-08,1.0000000009389125,1,4
365,01:42:30,3.5435665308306145e-11,2.498633330447932e-12,9.78533662305486e-13,7.843582816981768e-13,1.2947075011720873e-12,3.350815110857552e-09,1.0000000009301362,1,4
366,01:43:00,3.9162572647225695e-11,9.28939656392989e-12,1.2755286264721809e-12,6.238817594178506e-13,1.0933707202701813e-12,2.8250554367732132e-09,1.000000000921443,1,4
367,01:43:30,3.831227782687338e-11,3.5202677960577528e-12,1.1135450384805703e-12,5.895975396215132e-13,1.530517205312815e-12,3.312012198193737e-09,1.0000000009128298,1,4
368,01:44:00,2.5841371951537474e-11,4.409986177318489e-12,9.624432257207673e-13,5.41440304384989e-13,1.340800342474217e-12,1.436286135566995e-08,1.0000000009042973,1,4
369,01:44:30,3.068970299654615e-11,3.427832966854571e-12,8.758014523667487e-13,4.355596348199523e-13,8.99926508431989e-13,2.2653309128300127e-08,1.0000000008958447,1,4
370,01:45:00,5.766693961413677e-11,5.407998323631806e-12,9.570485552112627e-13,6.601598129161011e-13,2.6918788920657185e-12,1.2377449553182381e-08,1.0000000008874719,1,4
371,01:45:30,3.2219686534085764e-11,5.8079045102028836e-12,9.936952977962768e-13,4.485668177731227e-13,7.233269808660086e-13,6.011422112928235e-09,1.000000000879176,1,4
372,01:46:00,3.729369203568131e-11,4.462195127326577e-12,1.4369182170890796e-12,7.586059964881003e-13,3.896438032325031e-12,6.3550499847488474e-09,1.0000000008709593,1,4
373,01:46:30,3.0095472007988524e-11,3.1436894625088494e-12,1.8640149656146483e-12,7.014118836191683e-13,2.986538076620743e-12,6.155595281029393e-09,1.000000000862819,1,4
374,01:47:00,4.2015219589956167e-11,3.907306606894756e-12,1.9888425843148244e-12,7.053434970707017e-13,2.9459278349127868e-12,8.224483780771659e-09,1.000000000854755,1,4
375,01:47:30,4.573580585405868e-11,2.8679630182314258e-12,2.13973392303237e-12,6.836950567450464e-13,3.245012997920393e-12,1.2623504558704326e-09,1.0000000008467673,1,4
376,01:48:00,4.3436616504983837e-11,4.162122717457145e-12,2.2727305112946735e-12,4.756431198503577e-13,1.0325978643712027e-12,1.164690607641416e-09,1.0000000008388557,1,4
377,01:48:30,1.345933307646129e-11,1.3928839533462445e-12,1.998825382456429e-12,7.468071698230332e-13,3.50147027437691e-12,1.7908160233074266e-10,1.0000000008310186,1,4
378,01:49:00,2.3767859917524068e-11,4.527274547474e-12,2.4793996843722713e-12,9.45895028449455e-13,5.289932483835875e-12,1.8424872002679524e-10,1.0000000008232555,1,4
379,01:49:30,3.269157730515555e-11,3.098474212704772e-12,1.496750063591978e-12,7.353375094715917e-13,1.998110613379761e-12,1.034445098381261e-08,1.0000000008155658,1,4
380,01:50:00,3.2618154031958556e-11,2.725011620895555e-12,1.7531177168361272e-12,1.0804667772723299e-12,6.511230679283323e-12,6.410664076618099e-10,1.000000000807949,1,2
381,01:50:30,5.718650339309532e-11,6.726191112216545e-12,2.3156944760501623e-12,7.700264236044416e-13,2.6949220858619348e-12,5.004426039546869e-09,1.0000000008004026,1,2
382,01:51:00,3.401493764720787e-11,2.8149749594007603e-12,2.9924909814274095e-12,1.0776265301761505e-12,6.55192534722585e-12,1.1927088327941452e-09,1.0000000007929293,1,2
383,01:51:30,5.427515710194855e-11,6.526328684174544e-12,3.394447268348947e-12,1.6766549831384775e-12,1.128237338317564e-11,1.6668721421937765e-09,1.0000000007855265,1,2
384,01:52:00,5.6572486361298305e-11,3.6107962223378902e-12,1.7157459855082389e-12,6.241033999526636e-13,1.6535397629084298e-12,1.1119647327229273e-09,1.000000000778195,1,2
385,01:52:30,2.5372369121902572e-11,2.9048338733210363e-12,1.7659803113517934e-12,9.098752765004863e-13,5.056819043924963e-12,1.7534189277813084e-10,1.0000000007709324,1,2
386,01:53:00,3.425627571429459e-11,2.234694513079294e-12,1.845364774091548e-12,1.0990244922021571e-12,7.84254843228667e-12,9.488260851216731e-11,1.0000000007637395,1,2
387,01:53:30,4.164698530441496e-11,2.3631549067328015e-12,1.3119608827345126e-12,4.949208369575545e-13,2.1974133327878876e-12,3.888379428270184e-11,1.0000000007566152,1,2
388,01:54:00,2.4792110463022376e-11,2.1310669990542414e-12,1.4285551041614036e-12,6.576564078827031e-13,3.944627385772599e-12,5.679407088205439e-11,1.0000000007495597,1,2
389,01:54:30,1.7556977299939963e-11,4.271158789337659e-12,2.49342027123642e-12,9.746216279854645e-13,6.745166444268362e-12,5.2691693845138784e-11,1.0000000007425722,1,2
390,01:55:00,2.1831890036309403e-11,2.8382165759100857e-12,1.553314707906762e-12,7.128783078845111e-13,4.071343093744917e-12,5.854401907277463e-11,1.000000000735652,1,2
391,01:55:30,4.436398724235841e-11,4.450255609411239e-12,2.040766736748157e-12,6.965159412258161e-13,3.5540260021932626e-12,1.3025517011865703e-10,1.0000000007287972,1,2
392,01:56:00,1.8784555694175755e-11,1.7634088820780028e-12,1.9086448491368166e-12,1.1112355300815879e-12,7.864473984938211e-12,5.7325199018404754e-11,1.0000000007220096,1,2
393,01:56:30,2.2089702552138652e-11,5.297733464213346e-12,3.791513014590297e-12,2.0961211314532467e-12,1.6135636631413415e-11,7.799429149534339e-11,1.0000000007152872,1,2
394,01:57:00,3.478517344569034e-11,3.3012105033787074e-12,1.4276559406024022e-12,1.2377986039741404e-12,8.483858337000762e-12,3.4025548754468696e-10,1.0000000007086303,1,2
395,01:57:30,6.315308256893935e-11,4.095274079354698e-12,2.289925350057186e-12,5.377517368138149e-13,2.3971761513228725e-12,8.258262478286868e-10,1.000000000702037,1,2
396,01:58:00,6.29022629345164e-11,2.46870695975942e-12,1.4130283812090196e-12,4.1426976893052937e-13,1.7906986890562853e-12,4.3970946520584226e-11,1.0000000006955099,1,2
397,01:58:30,1.5844995180700705e-11,2.5650289952242314e-12,2.016960600837654e-12,1.9150422102241127e-12,1.5377187374064005e-11,3.229857358098226e-11,1.0000000006890435,1,2
398,01:59:00,3.13022496208078e-11,2.4326091089796287e-12,2.085710355804173e-12,7.785720551671075e-13,4.88438164628507e-12,7.830896172578956e-11,1.0000000006826417,1,2
399,01:59:30,1.8889830323031204e-11,2.07148490458247e-12,1.4157180623285083e-12,4.3284486690522667e-13,1.8472570087162625e-12,3.4296482491648955e-11,1.0000000006763023,1,2
400,02:00:00,3.68547064951746e-11,3.1616264853405203e-12,1.3098430804649918e-12,1.0419796174409656e-12,7.416386806646909e-12,8.591316460320559e-11,1.0000000006700256,1,2
401,02:00:30,3.674531371387893e-11,2.1318361463824247e-12,1.1796585601627642e-12,9.302058885654197e-13,5.8597484797664294e-12,5.166773379084886e-11,1.0000000006638106,1,2
402,02:01:00,1.6763559092286423e-11,1.7209226621924296e-12,1.417851054038226e-12,1.318658841883021e-12,9.93946899692816e-12,4.174700826488366e-11,1.0000000006576566,1,2
403,02:01:30,6.946356606969847e-11,2.579589712812588e-12,5.6687382165508655e-12,1.6696178960598575e-12,1.0059132071674006e-11,3.6043810812938608e-09,1.0000000006515644,1,2
404,02:02:00,1.8110964429943163e-11,2.074638138507835e-12,1.2505219120401422e-12,9.599991006567148e-13,6.2200741191282775e-12,1.155991216615568e-10,1.000000000645532,1,2
405,02:02:30,1.6685611518202868e-11,2.0723511050748136e-12,1.7241758649594144e-12,1.7397005370370633e-12,1.3459118010563015e-11,6.845507477013391e-11,1.0000000006395606,1,2
406,02:03:00,2.108181357292643e-11,1.6151565722589785e-12,2.1596858436879363e-12,1.0669315325489913e-12,7.643212778640184e-12,5.248455143457971e-11,1.0000000006336471,1,2
407,02:03:30,1.6464305427927874e-11,1.4244720075010826e-12,1.2433370273692843e-12,9.26505748905397e-13,6.051521062914215e-12,5.533857570257054e-11,1.0000000006277925,1,2
408,02:04:00,1.8332420405835647e-11,2.5331913339629902e-12,1.7470031281307246e-12,2.5356595964887894e-12,2.0443963880703854e-11,1.0147459922057636e-10,1.0000000006219971,1,2
409,02:04:30,1.9805439197930108e-11,2.3125904475964076e-12,2.0446798941765314e-12,6.786793706126293e-13,4.4327510529804185e-12,5.491149224663691e-11,1.000000000616261,1,2
410,02:05:00,3.359985165455524e-11,2.3995032623007475e-12,1.2150768536924782e-12,1.5785124544613927e-12,1.1782907614077299e-11,3.4626439960890255e-11,1.0000000006105827,1,2
411,02:05:30,1.5752774834875424e-11,2.6561720627652604e-12,1.333531077063724e-12,1.5626822230140654e-12,1.2142705031357745e-11,6.24893696351902e-11,1.0000000006049612,1,2
412,02:06:00,3.385973611493989e-11,3.4894893481349415e-12,2.1410886189563754e-12,1.7133514556101019e-12,1.2996728212772473e-11,8.242495768736504e-11,1.0000000005993968,1,2
413,02:06:30,4.266831228918405e-11,3.2180320477340794e-12,2.4798833180031894e-12,9.334363580813724e-13,6.264900834695311e-12,6.165303059240214e-11,1.0000000005938892,1,2
414,02:07:00,4.604896742314271e-11,7.121005069648433e-12,1.4303963547507882e-12,1.2528842361632996e-12,7.863481871581137e-12,1.0781121554262818e-10,1.000000000588438,1,2
415,02:07:30,1.952015121980356e-11,2.0366106591846695e-12,1.8039460916204285e-12,1.3085216075798432e-12,9.505298307730024e-12,4.1459641844348285e-11,1.0000000005830427,1,2
416,02:08:00,2.1532607178629493e-11,2.9859324463733237e-12,1.928624716138205e-12,6.795630320538811e-13,3.857147205572097e-12,4.5218320387244694e-11,1.0000000005777032,1,2
417,02:08:30,5.098180626322485e-11,3.442749393837158e-12,2.077972007468177e-12,1.3474073969090146e-12,9.94296214680706e-12,5.448392328140944e-11,1.000000000572418,1,2
418,02:09:00,4.338331824849174e-11,2.0337201104169847e-12,1.3560685623633113e-12,8.745236481863552e-13,5.681096083746453e-12,4.072120751368478e-11,1.0000000005671896,1,2
419,02:09:30,2.1971668613782467e-11,1.667641670464187e-12,2.462067332656382e-12,8.918268739301547e-13,5.657297823795638e-12,6.457911002523524e-11,1.0000000005620144,1,2
420,02:10:00,3.38626714688636e-11,2.5599916618906486e-12,2.7834833608050614e-12,2.6560094543024154e-12,2.0507803131583252e-11,5.3898782675757754e-11,1.0000000005568936,1,2
421,02:10:30,2.2014454763725435e-11,2.5499390891038727e-12,1.5063602229878502e-12,1.0486544482490765e-12,6.946014271699384e-12,1.7030975231399413e-10,1.0000000005518255,1,2
422,02:11:00,5.996502649129034e-11,4.029063309462079e-12,2.723011210053449e-12,1.1063526953426944e-12,7.513282148404186e-12,6.675557225881592e-11,1.0000000005468113,1,2
423,02:11:30,5.954300602226027e-11,2.669202535446718e-12,2.4287443114447398e-12,2.1608228762155263e-12,1.676352752914205e-11,7.002151582765997e-11,1.0000000005418506,1,2
424,02:12:00,3.6523150085062203e-11,1.8292529955468544e-12,2.814460569933584e-12,1.341653754088218e-12,9.636241167379585e-12,5.862098991117037e-11,1.000000000536942,1,2
425,02:12:30,3.7422901482706164e-11,2.597858405568008e-12,2.594193091014528e-12,1.7686343440879568e-12,1.3648507592194194e-11,7.122688805848737e-11,1.0000000005320855,1,2
426,02:13:00,3.055227772497088e-11,2.417561523331955e-12,1.8077288233978698e-12,1.2530398420787547e-12,8.86837439797048e-12,1.4117987940128275e-10,1.0000000005272818,1,2
427,02:13:30,5.437667963593549e-11,1.8795817897021496e-12,1.8035782904948558e-12,8.230174868525674e-13,4.931216108278683e-12,7.784015306940534e-11,1.0000000005225296,1,2
428,02:14:00,9.339233741092165e-11,3.783742815267217e-12,4.547053787692364e-12,1.950552938538781e-12,1.2414535726569274e-11,5.377692769687564e-11,1.0000000005178284,1,2
429,02:14:30,2.4934629466780664e-11,1.8981709089977523e-12,2.707793691146886e-12,1.1146759232882118e-12,8.074592029405037e-12,6.531296496809686e-11,1.000000000513179,1,2
430,02:15:00,5.522610597531014e-11,2.4982676989283103e-12,1.975828913750531e-12,1.1377564423731633e-12,7.578235897503623e-12,8.330170896313187e-11,1.00000000050858,1,2
431,02:15:30,3.9631755125066085e-11,3.8053820313355565e-12,2.5711907844077e-12,1.2059621853150764e-12,8.074854674716246e-12,8.814041674522864e-11,1.0000000005040317,1,2
432,02:16:00,3.2711494910394316e-11,3.352804810321376e-12,2.7026801834948e-12,1.4444287110055843e-12,1.0919131384455986e-11,8.412821223262781e-11,1.0000000004995324,1,2
433,02:16:30,7.346172532961126e-11,4.377417644961156e-12,2.7619308428135035e-12,1.0446108896249196e-12,7.40445137712241e-12,8.047188641988604e-11,1.0000000004950842,1,2
434,02:17:00,6.111143242325246e-11,4.296064677822785e-12,2.937196516507324e-12,6.280282654314729e-13,3.573235943695766e-12,8.706639471857154e-11,1.000000000490686,1,2
435,02:17:30,6.331607369422439e-11,2.299745124392291e-12,1.8399391664754893e-12,7.119826897094821e-13,4.184631468638247e-12,6.082351842607656e-11,1.000000000486335,1,2
436,02:18:00,7.511329802116837e-11,6.322261655373999e-12,3.0503888935553947e-12,1.610002208247466e-12,1.2044566493010237e-11,9.052198281068638e-11,1.0000000004820349,1,2
437,02:18:30,7.464241567712923e-11,4.37152814523684e-12,2.6741268476054465e-12,1.1078804496798528e-12,7.619842202606205e-12,1.0319661046316864e-10,1.000000000477782,1,2
438,02:19:00,9.311326242040192e-11,3.8029723276667164e-12,2.941966636038413e-12,1.052324178988364e-12,7.218937260230609e-12,9.099000761501313e-11,1.000000000473579,1,2
439,02:19:30,4.8965832142270346e-11,2.9930170981307762e-12,3.191127646748848e-12,4.994892931370434e-13,2.578731169448409e-12,1.0707730571208992e-10,1.0000000004694232,1,2
440,02:20:00,8.044331247301837e-11,3.809388106235349e-12,3.29777552850682e-12,2.3977237381127366e-12,1.9054855892169553e-11,1.3428301220931506e-10,1.0000000004653151,1,2
441,02:20:30,5.830484107077528e-11,1.9220881928054655e-12,2.680299327987485e-12,8.575756785837637e-13,5.96349253457349e-12,1.4340905003377216e-10,1.000000000461255,1,2
442,02:21:00,1.957211470380442e-10,4.4119705095139165e-12,2.9082815895664772e-12,8.593339161153543e-13,5.05245247685437e-12,2.2572276984900103e-10,1.0000000004572407,1,2
443,02:21:30,1.523663886401518e-10,4.489763450425873e-12,4.587240235906917e-12,7.999136693036063e-13,4.72865461993706e-12,1.1789705726830477e-10,1.0000000004532754,1,2
444,02:22:00,1.107515500857165e-10,2.837259735473013e-12,3.4376493390261583e-12,8.057085847147776e-13,4.460297684128936e-12,1.3563384410057081e-10,1.000000000449357,1,2
445,02:22:30,1.0040937650353907e-10,7.163417145693095e-12,4.1481622693233976e-12,2.4319632755727478e-12,1.9454937821406195e-11,3.148907437510806e-10,1.0000000004454839,1,2
446,02:23:00,1.1453476592423202e-10,6.6492550107188994e-12,7.941048713371447e-12,5.2449105268970535e-12,1.2317698568888258e-11,2.2581430108637994e-08,1.000000000441658,1,0
447,02:23:30,2.995745774010808e-11,3.254592019112345e-12,1.898820076770953e-12,1.0517236914979586e-12,3.1365602045821733e-12,4.641062246153576e-09,1.0000000004378777,1,1
448,02:24:00,4.5525338894466644e-11,3.642593138959823e-12,2.542671297275247e-12,1.6100168048706588e-12,5.395711575308729e-12,1.4515537678596054e-08,1.0000000004341445,1,2
449,02:24:30,1.8195930986928177e-11,1.5839631627062843e-12,1.250395046647037e-12,1.0336272111436131e-12,6.875703915773501e-12,2.1099439543990558e-10,1.0000000004304552,1,2
450,02:25:00,2.052382229298699e-11,2.045940787370849e-12,1.3602907345590416e-12,1.5301057946728923e-12,1.118461246050417e-11,6.933536425039317e-10,1.0000000004268106,1,2
451,02:25:30,1.6645435322607493e-11,2.482227884722739e-12,1.724306496442667e-12,1.6211060831179187e-12,1.2143075160700369e-11,3.7603232767910153e-10,1.0000000004232137,1,2
452,02:26:00,2.5623399766297152e-11,2.1184807530973173e-12,1.351228338023587e-12,9.642011024251529e-13,6.766807196591605e-12,9.722789786804257e-10,1.00000000041966,1,2
453,02:26:30,2.4468326082868728e-11,1.8391943792673816e-12,1.306242118802547e-12,1.3801244077915166e-12,1.0438882417791299e-11,1.1509461299025955e-10,1.0000000004161507,1,2
454,02:27:00,3.009274771313999e-11,2.9262098309053585e-12,1.8536658455840136e-12,1.0296332370556374e-12,6.014606386109349e-12,7.739589225948475e-11,1.0000000004126857,1,2
455,02:27:30,2.7965234556778857e-11,1.9622257003139633e-12,8.914091950091748e-13,8.266041803875014e-13,4.964375012291466e-12,1.2279364286100725e-10,1.0000000004092648,1,2
456,02:28:00,1.3380837444586121e-11,1.992837907860136e-12,1.350713946724812e-12,1.9604185213813815e-12,1.5668135513060748e-11,5.7890336128487884e-11,1.000000000405888,1,2
457,02:28:30,3.816043393571458e-11,2.022320594932093e-12,1.425923114578493e-12,1.0632454427994234e-12,7.382071359163405e-12,5.806661346824285e-11,1.0000000004025547,1,2
458,02:29:00,5.308647903502976e-11,3.0181054731108134e-12,1.762064508561027e-12,2.3480096798947787e-12,4.141989950992014e-12,2.6821803687071106e-09,1.0000000003992653,1,2
459,02:29:30,5.0816468306794363e-11,3.5196223937128927e-12,4.073310470936627e-12,4.415373413476698e-12,1.0257007931428062e-11,4.678096953045056e-09,1.0000000003960194,1,2
460,02:30:00,2.4990344456529954e-11,2.097279443859186e-12,1.7240048754710968e-12,1.287045571714496e-12,9.455839791993355e-12,4.0083532695158655e-10,1.0000000003928158,1,2
461,02:30:30,2.022738497441736e-11,1.5623788160336517e-12,1.7882553441596404e-12,1.553362133716967e-12,1.2182060902909767e-11,4.808004861680055e-11,1.0000000003896559,1,2
462,02:31:00,2.3148635247551375e-11,2.4518803734737856e-12,1.4347938565037395e-12,1.2463675024148373e-12,9.260057756820495e-12,1.117808591105434e-10,1.0000000003865386,1,2
463,02:31:30,2.033649103259948e-11,1.9140203993473866e-12,1.4934297196088316e-12,1.1298490023102628e-12,8.197926392330184e-12,3.9389733535791805e-11,1.000000000383464,1,2
464,02:32:00,2.1396055623688032e-11,2.599518506239773e-12,1.5970091516862406e-12,1.3692654419709585e-12,1.0078365573404362e-11,5.430823557807201e-11,1.000000000380432,1,2
465,02:32:30,1.083284496175741e-10,4.691837284165664e-12,7.157089623581061e-12,3.356131316772911e-12,1.3867048989563587e-11,1.0286383040283176e-08,1.0000000003774414,1,1
466,02:33:00,7.17740233415533e-11,2.5308515355923163e-12,2.1511163787840817e-12,7.92287650923059e-13,1.8058747361679603e-12,1.592084071817924e-08,1.0000000003744929,1,2
467,02:33:30,1.9033390917458552e-11,1.7821902137911696e-12,1.5162569878111473e-12,1.5842530851895674e-12,1.1744742004041768e-11,2.9617883316958867e-09,1.0000000003715865,1,2
468,02:34:00,3.686894826684423e-11,1.6353913710299078e-12,2.2330907366703816e-12,1.9812746198434784e-12,1.587604581202809e-11,6.847409864958543e-10,1.0000000003687215,1,2
469,02:34:30,2.5691260145436467e-11,1.7753226356581277e-12,2.9399983276653923e-12,2.233785188183662e-12,1.744154149119379e-11,2.1342510534982008e-10,1.0000000003658973,1,2
470,02:35:00,3.9659092653846105e-11,3.594474382211696e-12,9.395970934560184e-13,6.637254364325545e-13,3.75112353664025e-12,9.861358722825613e-11,1.0000000003631142,1,2
471,02:35:30,2.6353870803580593e-11,2.2927311478573146e-12,2.0097798282202907e-12,1.5910564683488974e-12,1.1791926746970494e-11,7.899464761323608e-11,1.0000000003603735,1,2
472,02:36:00,1.43873072912537e-11,1.860655284624378e-12,1.416961132537084e-12,9.43887702054663e-13,6.7063791982598195e-12,1.0438894427022673e-10,1.000000000357672,1,2
473,02:36:30,3.214678723660987e-11,2.8136512300188313e-12,2.4369105353447816e-12,2.725563697344357e-12,2.2172413892397325e-11,4.370247718941444e-10,1.0000000003550127,1,2
474,02:37:00,3.506939126867936e-11,2.7355637147325704e-12,1.4112394374767275e-12,1.373105237963562e-12,9.311539016887024e-12,1.3609631744039643e-10,1.0000000003523923,1,2
475,02:37:30,1.748191268081975e-11,1.6710163770549014e-12,1.0323681898973356e-12,1.1004947508370048e-12,7.742559882703403e-12,1.3031474174239737e-10,1.000000000349814,1,2
476,02:38:00,5.349315213846602e-11,2.700093936505938e-12,1.4571908283634584e-12,1.27726233049421e-12,8.666250083391815e-12,4.447019444577919e-10,1.000000000347276,1,2
477,02:38:30,2.778900018599218e-11,3.335644937183028e-12,1.3005957141896257e-12,1.4048928108556468e-12,9.228929502505823e-12,1.6880118930552142e-10,1.0000000003447762,1,2
478,02:39:00,2.829826634661034e-11,3.3338148423551825e-12,1.86158639781673e-12,1.3413212163695504e-12,9.549738589904186e-12,5.1636441898687536e-11,1.0000000003423173,1,2
479,02:39:30,1.4409911666295383e-11,1.890179282170993e-12,1.562740556845864e-12,2.0719064381280536e-12,1.5682129754381787e-11,6.927182937425785e-11,1.0000000003398986,1,2
480,02:40:00,4.087142080210828e-11,3.2636335978336244e-12,3.195078555402878e-12,1.4308075193954782e-12,1.0817431388123577e-11,9.950806379588841e-11,1.0000000003375187,1,2
481,02:40:30,6.39412482882121e-11,4.765625806576296e-12,2.8849462074955742e-12,8.237558503711884e-13,5.135342890778474e-12,1.2580428022462918e-10,1.0000000003351783,1,2
482,02:41:00,1.1585486303506188e-11,1.9836204832273555e-12,1.8936099011795236e-12,1.417725075423007e-12,1.0591957127563664e-11,1.0034820591532896e-10,1.0000000003328777,1,2
483,02:41:30,3.0357533281199154e-11,3.179627408482087e-12,1.8338261031479326e-12,1.284938588640781e-12,8.758048296610041e-12,6.182675912013683e-11,1.0000000003306166,1,2
484,02:42:00,3.4699559868544985e-11,2.057660757680158e-12,1.5207058639745612e-12,8.733998862848068e-13,5.889558205104223e-12,8.01880308285585e-11,1.0000000003283942,1,2
485,02:42:30,3.9610567651291e-11,9.526019928259727e-12,2.7463017346274424e-12,7.530386635708746e-13,5.08646559541001e-12,6.615637893255233e-11,1.0000000003262106,1,2
486,02:43:00,4.5696670689140936e-11,3.3545045533756345e-12,1.9834015263203562e-12,8.738963799390621e-13,5.980766475812983e-12,6.220838824755588e-11,1.0000000003240666,1,2
487,02:43:30,4.9083262095629054e-11,2.997534819978537e-12,1.8127028140526079e-12,1.5604535013940054e-12,1.1500301910853946e-11,1.7405047181177833e-10,1.00000000032196,1,2
488,02:44:00,1.118618682820054e-10,6.9776324096871435e-12,4.973400843271953e-12,1.1624048559293467e-12,6.752474346802618e-12,1.1717065608981284e-09,1.0000000003198921,1,2
489,02:44:30,3.249548189533524e-11,3.1857092306038568e-12,1.813012363221968e-12,1.7929717209734998e-12,1.351650932456277e-11,2.892841651225036e-10,1.0000000003178626,1,2
490,02:45:00,1.1726850396081417e-10,3.6659058047091995e-12,4.238444893818062e-12,1.2482922889121583e-12,8.081089506963287e-12,1.1401717102171055e-09,1.0000000003158722,1,2
491,02:45:30,1.8639730159031853e-11,2.3217370927525554e-12,1.2655815677822724e-12,2.203469511365751e-12,1.730549950159702e-11,4.1589966985762946e-10,1.0000000003139193,1,2
492,02:46:00,4.8337227939831335e-11,5.2475325925266795e-12,3.185271491985488e-12,1.915908559008794e-12,1.480261912531296e-11,3.1629139238616196e-10,1.0000000003120044,1,2
493,02:46:30,1.676869651003796e-11,3.121622627823523e-12,1.7715313521202469e-12,1.1739414157683366e-12,8.41191956728597e-12,3.0673284312736524e-10,1.0000000003101275,1,2
494,02:47:00,4.769199981657993e-11,2.2611566560011627e-12,1.4780214120677626e-12,7.06623241910135e-13,4.310554778001333e-12,2.2404827957591733e-10,1.0000000003082885,1,2
495,02:47:30,3.965893274250569e-11,2.626249073930703e-12,1.681110338164363e-12,7.788141089479777e-13,4.263454209235151e-12,9.744111425053569e-11,1.0000000003064864,1,2
496,02:48:00,2.853433386673081e-11,2.9458684096324953e-12,1.850193456839825e-12,1.1694032733580894e-12,8.338095041476897e-12,9.381098568651073e-11,1.000000000304724,1,2
497,02:48:30,3.862745270643127e-11,3.695838412338227e-12,1.4622870829975688e-12,6.216187721970271e-13,3.4711117768796156e-12,6.761053025068611e-11,1.0000000003029978,1,2
498,02:49:00,3.5133584023307126e-11,2.2213054669445357e-12,2.367550386843068e-12,1.87411425735004e-12,1.5133082083676627e-11,4.561257776370489e-11,1.0000000003013085,1,2
499,02:49:30,2.1101401659766143e-11,3.071800394310318e-12,1.5238200587158592e-12,1.2875490789201838e-12,9.716236380871794e-12,1.24501703468403e-10,1.0000000002996572,1,2
500,02:50:00,2.6702089244820145e-11,1.8381763791030865e-12,1.6470350078801116e-12,9.954306869476812e-13,6.728481264597038e-12,1.4959324105728314e-10,1.0000000002980431,1,2
501,02:50:30,5.867313236531991e-11,3.4824750029661888e-12,2.2298891503675035e-12,1.4496629509414087e-12,9.833229199161407e-12,1.0922123432377385e-09,1.000000000296465,1,2
502,02:51:00,1.7597920653163086e-11,2.8748978337695654e-12,1.7417326681989897e-12,1.1289312721201346e-12,8.540396758128386e-12,2.0333935225216762e-10,1.0000000002949259,1,2
503,02:51:30,3.011700989291934e-11,3.335758238070317e-12,2.448017244665685e-12,1.827787470655278e-12,1.4237062259719268e-11,1.1097621858773552e-10,1.0000000002934228,1,2
504,02:52:00,2.3382075767199333e-11,3.35416385321602e-12,2.024847798602719e-12,7.514899111994666e-13,4.604184755417566e-12,1.181236970990257e-10,1.0000000002919562,1,2
505,02:52:30,2.802433666902989e-11,2.3944272086784893e-12,2.312765892443963e-12,1.4883789698643048e-12,1.1667066972392083e-11,6.645317886513424e-11,1.000000000290526,1,2
506,02:53:00,4.791871234666042e-11,3.05745776556595e-12,3.1198053066321915e-12,1.2819102210680633e-12,9.321463964605147e-12,8.519007752563908e-11,1.0000000002891325,1,2
507,02:53:30,1.422137185122657e-10,4.776283437368673e-12,3.4350635822117545e-12,7.983075515892543e-13,3.9372969677979655e-12,7.115830033133535e-10,1.0000000002877758,1,2
508,02:54:00,4.655836654075487e-11,2.621380593799237e-12,4.061971793269389e-12,1.7468451073031198e-12,1.2340434576691144e-11,1.847350111458831e-10,1.0000000002864557,1,2
509,02:54:30,4.747056628139943e-11,3.24237705760774e-12,1.24180655598393e-12,9.88864929463571e-13,6.694114167673495e-12,8.549065581082906e-11,1.0000000002851719,1,2
510,02:55:00,3.209139048307465e-11,4.410032494565606e-12,2.517856387793127e-12,1.3642676757826991e-12,9.951489676051959e-12,2.7301934966828884e-10,1.0000000002839244,1,2
511,02:55:30,2.987917438701954e-11,3.12339445089542e-12,2.379719712630065e-12,2.253562054334731e-12,1.8166435277831968e-11,2.335985507358311e-10,1.0000000002827132,1,2
512,02:56:00,3.9199850611259914e-11,2.5758843685731708e-12,1.3359489303501496e-12,9.582810594255327e-13,6.5436328310461225e-12,1.191377327669023e-10,1.0000000002815388,1,2
513,02:56:30,3.9828002196181867e-11,2.6976670335110274e-12,2.205328052049415e-12,1.4147713247673587e-12,1.0872626087234777e-11,7.990032283171352e-11,1.0000000002803988,1,2
514,02:57:00,8.37279820243392e-11,5.270698244554796e-12,2.051486346344021e-12,1.3875485066238111e-12,1.0295309049169434e-11,1.1308429141706547e-10,1.0000000002792957,1,2
515,02:57:30,1.1083305054400538e-10,3.242155460648591e-12,2.7404076719767707e-12,7.019340764681979e-13,2.6482960048149905e-12,1.9432389562982358e-10,1.0000000002782292,1,2
516,02:58:00,3.45487381131031e-11,3.0312069816014476e-12,2.662058498884704e-12,1.3034445991408396e-12,9.73877204943332e-12,9.93128309381431e-11,1.0000000002771987,1,2
517,02:58:30,7.699479475979367e-11,2.288905435437414e-12,2.1003694983727483e-12,9.530947575241133e-13,6.471173827797591e-12,1.4198526072143785e-10,1.0000000002762037,1,2
518,02:59:00,8.658169412761901e-11,4.454911466489608e-12,4.071257564181714e-12,6.220742267839116e-13,3.178610314480569e-12,6.039789848752222e-11,1.0000000002752443,1,2
519,02:59:30,4.8260202735729686e-11,2.507655897729394e-12,2.7634596839174455e-12,1.5085985144806892e-12,1.0579127416603002e-11,1.915069154020286e-10,1.0000000002743208,1,2
520,03:00:00,9.717062957371893e-11,4.815255959722225e-12,2.7412643831131463e-12,1.3104080327130797e-12,9.30004722215849e-12,7.02873518379691e-11,1.0000000002734326,1,2
521,03:00:30,6.52818807841503e-11,8.366055346135679e-12,2.538062631317238e-12,1.0427259238888442e-12,6.9734018650459674e-12,7.331362280055248e-11,1.0000000002725808,1,2
522,03:01:00,1.1210984375003219e-10,5.3918786555014675e-12,1.7594822555959388e-12,1.513538722016424e-12,1.1657087007268995e-11,7.08508344936887e-11,1.0000000002717635,1,2
523,03:01:30,4.121544752676008e-11,3.2370876149892136e-12,2.502907982100522e-12,1.5443537778452153e-12,1.1911348790530755e-11,7.37504509725683e-11,1.0000000002709823,1,2
524,03:02:00,1.7985061342600082e-10,7.019724633062338e-12,1.282351305364522e-11,4.711814801486045e-12,1.2717989554985182e-11,1.0922299288514206e-08,1.0000000002702367,1,0
525,03:02:30,1.0298977182407041e-10,2.465461852480285e-12,2.5043391291548265e-12,2.6606879040561157e-12,5.20746861833856e-12,9.468435480108024e-09,1.0000000002695273,1,0
526,03:03:00,3.402417361593326e-11,1.480258616137337e-12,2.4163537198759833e-12,1.0715839485670714e-12,2.5651570065600373e-12,6.238638007014898e-08,1.0000000002688525,1,1
527,03:03:30,2.2385877291328547e-11,1.4846613080700437e-12,2.2515554443712257e-12,5.413793159019101e-13,1.6486464289309414e-12,1.2192804040811974e-08,1.000000000268213,1,2
528,03:04:00,4.590424752041e-11,1.7522640685914049e-12,3.194161800325312e-12,8.154673734744041e-13,3.578753448599557e-12,1.9908083815047023e-08,1.0000000002676084,1,2
529,03:04:30,3.387112690957842e-11,2.531838312076172e-12,1.4231177721940907e-12,8.668009779873662e-13,5.0533967815267135e-12,3.1156256011429152e-09,1.0000000002670395,1,2
530,03:05:00,3.078411456337566e-11,6.033743208298807e-12,3.2284877662790954e-12,1.3906672771542584e-12,9.902791922635657e-12,4.725098699588662e-10,1.0000000002665057,1,2
531,03:05:30,3.74142957707887e-11,2.007769621198096e-12,1.0431849071893003e-12,7.022283597685604e-13,3.94184508487064e-12,6.976462371045768e-09,1.0000000002660077,1,2
532,03:06:00,3.730447373623296e-11,2.5558262881781406e-12,3.4098204045857697e-12,1.3083630374598573e-12,7.505753078908996e-12,9.599878733614325e-09,1.000000000265545,1,2
533,03:06:30,5.827916835336465e-11,3.613364075373711e-12,1.7099842628940714e-12,8.940784757112965e-13,4.620699582502969e-12,1.1424586922972294e-09,1.0000000002651168,1,2
534,03:07:00,6.339592628265035e-11,9.501982384309175e-12,2.9539424821496904e-12,1.6433746489852454e-12,1.1349038034259154e-11,1.1388661471420654e-09,1.0000000002647238,1,2
535,03:07:30,2.768423581566822e-11,1.7859178603573844e-12,1.6225985822420442e-12,6.519421220984592e-13,2.7053296955569726e-12,8.434370772954513e-09,1.0000000002643648,1,2
536,03:08:00,3.864392947605521e-11,3.770876275073256e-12,1.5904737995345273e-12,1.0691122612756551e-12,5.207782608770546e-12,2.3738683302088674e-10,1.0000000002640428,1,2
537,03:08:30,5.1793770613279016e-11,3.1345747297447346e-12,2.0049861006474317e-12,1.2166155738046792e-12,7.242856010470663e-12,1.6061633658223146e-10,1.000000000263755,1,2
538,03:09:00,9.087035316832405e-11,4.196664382032507e-12,2.6377164826206875e-12,1.0576293064525795e-12,4.382180946561643e-12,4.371882097559759e-09,1.0000000002635026,1,2
539,03:09:30,5.4958759940482744e-11,4.689701052539804e-12,2.3822143571743086e-12,7.982618050030143e-13,1.9940453420089483e-12,8.063717364247419e-09,1.0000000002632854,1,2
540,03:10:00,8.147652810797996e-11,5.457650121696423e-12,1.774430479815756e-12,8.493912099682797e-13,3.1371027251962583e-12,2.24475648170574e-10,1.000000000263103,1,2
541,03:10:30,1.0012277091024045e-10,7.801811090293692e-12,9.211231246661577e-13,3.6645666174024665e-13,4.837352172962051e-13,1.2122846144972863e-08,1.0000000002629548,1,4
542,03:11:00,9.755927184886939e-11,2.8578826519607636e-12,9.415987105337198e-13,4.024901383039939e-13,4.4018664376395473e-13,3.616903578571822e-08,1.0000000002628433,1,4
543,03:11:30,3.772038198783729e-11,3.9774614782173565e-12,7.469339831739232e-13,4.2946287948507886e-13,5.170444973692986e-13,2.373844487735367e-09,1.000000000262766,1,4
544,03:12:00,3.414383750470028e-11,4.342350448614716e-12,6.984970025158607e-13,3.2776315604981665e-13,4.994532296753343e-13,1.651889331035726e-08,1.000000000262724,1,4
545,03:12:30,3.1989149374174915e-11,3.719742107618502e-12,8.325954844156352e-13,4.070606232329768e-13,4.4901420582181733e-13,5.384797151417511e-08,1.000000000262717,1,4
546,03:13:00,6.122273425613947e-11,5.130852510710062e-12,7.711906720535453e-13,4.1556928506584677e-13,5.359053994944878e-13,3.999592313042735e-08,1.0000000002627447,1,4
547,03:13:30,2.7615398767990373e-11,3.751574500050131e-12,8.22247339661972e-13,3.92125090426037e-13,5.752907237621085e-13,9.55492887240038e-09,1.000000000262808,1,4
548,03:14:00,1.9276513604859545e-10,3.0823805880838243e-12,9.80094492112581e-13,5.329283183045122e-13,9.396710734798623e-13,1.941927696016488e-08,1.0000000002629057,1,4
549,03:14:30,5.775683305286649e-11,4.849962322848876e-12,1.0061432958069323e-12,3.719842211812787e-13,5.788688391477625e-13,3.193344694992978e-08,1.0000000002630378,1,4
550,03:15:00,5.6729750088221654e-11,5.4771105054968124e-12,8.398623879667253e-13,2.9692806020424187e-13,4.697733382276314e-13,4.985195345835004e-08,1.0000000002632055,1,4
551,03:15:30,1.2695609861871882e-10,4.856588135171249e-12,1.0317692430623669e-12,3.3909229829794294e-13,4.710817427556322e-13,2.2119992494173556e-08,1.0000000002634084,1,4
552,03:16:00,3.278246618490722e-11,3.0964142190373046e-12,8.221440988440324e-13,3.855840094188543e-13,4.41493013722349e-13,6.574724035971189e-08,1.0000000002636464,1,4
553,03:16:30,4.92832572989978e-11,4.465486692284728e-12,6.955650501979118e-13,3.300115783797334e-13,4.4156536605406723e-13,5.122620161765964e-08,1.0000000002639196,1,4
554,03:17:00,7.481813400528783e-11,4.931182033442442e-12,8.026875181528916e-13,4.0079102078413884e-13,5.226536091924556e-13,3.214591184868494e-08,1.000000000264227,1,4
555,03:17:30,1.4397789957086837e-10,3.69901364444135e-12,7.066130707810945e-13,3.632283010344826e-13,5.062905028741634e-13,2.4797003825487005e-08,1.0000000002645697,1,4
556,03:18:00,1.0214635548267993e-10,7.856140294325432e-12,9.23158985520232e-13,4.559538916129124e-13,6.409660225896161e-13,6.38166753328764e-08,1.0000000002649476,1,4
557,03:18:30,3.253285557612567e-11,3.3999217820044763e-12,5.639050150432324e-13,3.437621324783209e-13,4.934693384982515e-13,2.3450341354203047e-08,1.0000000002653608,1,4
558,03:19:00,3.204714329927489e-11,4.494138444264712e-12,8.856611117327639e-13,3.5373083417260245e-13,4.284724110048088e-13,1.2927391031078676e-08,1.0000000002658098,1,4
559,03:19:30,3.612530582423247e-11,3.711080422202566e-12,7.299076301946584e-13,3.760483366397735e-13,5.481817505494396e-13,7.0244679993709e-08,1.000000000266294,1,4
560,03:20:00,5.3447800463764475e-11,3.866449098279777e-12,1.0069142797487953e-12,3.5770347922579046e-13,3.621664573438908e-13,3.360626478061849e-08,1.0000000002668132,1,4
561,03:20:30,1.8570254779703646e-11,3.0439543367360586e-12,8.215695171329576e-13,4.0227442959719897e-13,5.444714652105363e-13,1.046495419559675e-09,1.0000000002673677,1,4
562,03:21:00,2.230214371896661e-11,3.13168470740522e-12,6.935101656636525e-13,3.199192488121324e-13,4.587388790333279e-13,2.196574958323163e-09,1.0000000002679563,1,4
563,03:21:30,2.3935221767124367e-11,2.574927249342659e-12,9.285121768710875e-13,3.5238257487148533e-13,5.639720581343841e-13,2.9598923057585313e-09,1.0000000002685803,1,4
564,03:22:00,4.6350876654731054e-11,3.3167974961917816e-12,5.89801039449912e-13,2.971042199345512e-13,4.1709398254271176e-13,9.107717571279623e-09,1.0000000002692415,1,4
565,03:22:30,2.356280195590853e-11,3.158876925286473e-12,5.83135889879463e-13,3.717574919779263e-13,4.548982901699728e-13,2.2687581193405997e-08,1.0000000002699365,1,4
566,03:23:00,2.442687265886294e-11,3.1113292649018706e-12,6.546537156966593e-13,3.488486510505881e-13,4.762702176322901e-13,2.3199555409819305e-08,1.0000000002706668,1,4
567,03:23:30,6.647516330634726e-11,4.109054071096666e-12,8.512366420023972e-13,3.7195178167957e-13,7.974795855207926e-13,2.0841251744553123e-08,1.0000000002714333,1,4
568,03:24:00,2.254771900672386e-11,2.0048510519494006e-12,8.07077044360077e-13,3.2131275442628854e-13,4.664056963442208e-13,1.58692516414245e-08,1.0000000002722356,1,4
569,03:24:30,5.99062178430267e-11,4.6302767620168664e-12,1.0175467854845395e-12,4.783335683608532e-13,9.833260101859864e-13,6.514926563884015e-09,1.0000000002730727,1,4
570,03:25:00,2.7474874537934073e-11,4.721652543913341e-12,9.994178601885197e-13,4.3325006181141973e-13,8.013913112630908e-13,1.748453566671979e-08,1.0000000002739462,1,4
571,03:25:30,3.629058305563426e-11,5.767314086552963e-12,1.3212819850559078e-12,3.5733130626974323e-13,5.324654593778181e-13,6.783960174691096e-09,1.0000000002748557,1,4
572,03:26:00,3.435324185006858e-11,2.3691834614739356e-12,7.394597617216895e-13,4.466642440864721e-13,7.454668492410413e-13,2.6007576161057013e-09,1.0000000002758012,1,4
573,03:26:30,2.491571845402489e-11,4.051548069611877e-12,6.875969210474798e-13,3.468541102758417e-13,6.117229216464208e-13,2.301670997007038e-08,1.000000000276782,1,4
574,03:27:00,2.643400615543728e-11,5.959517259474892e-12,1.3158771647604683e-12,4.949930143065089e-13,1.2389577397392366e-12,7.372747741122667e-09,1.0000000002777971,1,4
575,03:27:30,3.08463132216778e-11,1.107102800515458e-11,1.3580813322287063e-12,4.763601776278901e-13,1.502441232180442e-12,3.2720059295531124e-09,1.000000000278849,1,4
576,03:28:00,2.019783755897437e-11,5.0237376210286695e-12,1.2819177993166763e-12,3.238409978289494e-13,7.473894652903181e-13,4.3428544225799465e-09,1.0000000002799376,1,4
577,03:28:30,2.1391930801516613e-11,2.2695798793156036e-12,8.89248526556987e-13,4.09941664919624e-13,9.085124514680853e-13,1.2352893038415123e-09,1.000000000281061,1,4
578,03:29:00,4.98585578801496e-11,4.432613500889154e-12,1.3140258128268454e-12,6.041172733524114e-13,1.6576174642462303e-12,5.424049648772333e-10,1.0000000002822225,1,4
579,03:29:30,4.268384097359449e-11,4.592082598799156e-12,8.378209862032721e-13,4.175668593304558e-13,1.0985980681765803e-12,4.819047722357207e-09,1.0000000002834182,1,4
580,03:30:00,3.030764232660138e-11,3.0628266677610326e-12,7.061677998285512e-13,4.783041103383238e-13,1.0985364081874735e-12,2.1694560043696132e-10,1.0000000002846496,1,4
581,03:30:30,6.396071700853437e-11,5.099680248634124e-12,1.8055739408161455e-12,5.897191067105026e-13,1.8140738763219416e-12,1.125498493198777e-10,1.0000000002859175,1,4
582,03:31:00,3.317458412935447e-11,3.410003180483174e-12,1.088922582043033e-12,5.605537104778455e-13,1.4062388452840442e-12,1.8152530529975427e-10,1.0000000002872227,1,4
583,03:31:30,3.711805636970104e-11,1.024640808778261e-11,1.3868207740571274e-12,6.641359483603009e-13,2.4991478283590737e-12,3.902677084729207e-10,1.0000000002885647,1,4
584,03:32:00,2.7531104705097354e-11,2.879619164820542e-12,8.251035140235552e-13,3.9667853044537505e-13,6.160477218279632e-13,1.3796388490876856e-09,1.0000000002899432,1,4
585,03:32:30,3.912984018758232e-11,6.110479819130002e-12,9.954744974899378e-13,4.305805298415545e-13,9.355375622260454e-13,2.674034968405253e-08,1.0000000002913587,1,4
586,03:33:00,3.647064051906877e-11,6.623065938749812e-12,1.1331923373151426e-12,3.035589483946094e-13,5.071592490111985e-13,3.6681107358115915e-08,1.0000000002928102,1,4
587,03:33:30,2.466180599285596e-11,3.997508053560542e-12,9.913116699215272e-13,4.036169927608391e-13,6.758654432458326e-13,9.765648524571971e-09,1.0000000002942975,1,4
588,03:34:00,2.395463999474462e-11,3.3737871629703135e-12,6.137746854059418e-13,3.606148565139312e-13,5.152489366732081e-13,5.243809358556761e-10,1.0000000002958231,1,4
589,03:34:30,7.353880877691181e-11,1.5844337041035722e-11,5.4575506758232066e-12,2.8050733911099785e-11,1.4964783650141383e-11,1.0742381123834417e-08,1.0000000002973854,1,4
590,03:35:00,1.074732705082911e-10,3.6193068222945435e-12,1.967834228153968e-12,1.8564297361394388e-12,1.4203858884741536e-12,5.923736534487551e-09,1.0000000002989846,1,1
591,03:35:30,2.0971042249475634e-11,1.4534096119505242e-12,2.160551243808757e-12,7.27348686458212e-13,3.610708644621815e-12,6.958732423727692e-10,1.000000000300621,1,2
592,03:36:00,4.693925873392525e-11,9.134155080226829e-12,1.5508210284851048e-12,9.453490425381126e-13,5.8688689594443415e-12,3.5600436125287846e-10,1.0000000003022953,1,2
593,03:36:30,4.555548749864999e-11,1.6589748103052288e-12,2.1273703250563313e-12,7.858844920715558e-13,4.6439969654131236e-12,1.4968405977482586e-10,1.0000000003040055,1,2
594,03:37:00,2.7225123116890897e-11,2.608465091496549e-12,1.4056348315416114e-12,7.02705951985886e-13,4.1829985464658105e-12,2.8138297691943015e-10,1.0000000003057534,1,2
595,03:37:30,1.0756224243336635e-11,2.110919375112732e-12,1.8919053148817477e-12,1.040095725769423e-12,7.0675357187157146e-12,5.368658545742065e-11,1.000000000307539,1,2
596,03:38:00,2.2373336114265217e-11,2.7990041387830557e-12,1.3550469796734518e-12,6.29633838486094e-13,3.403651225317835e-12,4.6635481494747616e-11,1.000000000309363,1,2
597,03:38:30,2.7268284638169476e-11,2.4045147861773682e-12,1.0254970482594982e-12,4.2945577016489683e-13,1.4689185150999786e-12,2.1677105364618755e-10,1.0000000003112248,1,2
598,03:39:00,1.690252454741064e-11,2.0161745219148975e-12,1.954062278007197e-12,1.3132202922071433e-12,9.410554631672649e-12,9.144836248641309e-11,1.000000000313124,1,2
599,03:39:30,1.556830362602805e-11,2.133985954511e-12,1.5153150640782144e-12,7.25355659771119e-13,4.6034925789581025e-12,6.463978941731094e-11,1.0000000003150622,1,2
600,03:40:00,6.297159049697715e-11,2.6310892376827066e-12,1.1588838123283434e-12,6.418340635590803e-13,3.76832996078259e-12,4.936441601745651e-11,1.0000000003170384,1,2
601,03:40:30,2.1469018715194432e-11,1.5368753873909184e-12,6.872237974163965e-13,6.311288004876713e-13,3.682236548779596e-12,1.2880168657326676e-10,1.0000000003190512,1,2
602,03:41:00,2.485117925711725e-11,2.872911850341762e-12,1.3615679520012381e-12,1.1520071697260338e-12,7.621595614253936e-12,1.352702055768152e-09,1.0000000003211031,1,2
603,03:41:30,8.522032486175729e-10,1.4459833378611357e-11,3.844934481406718e-12,3.815278015763032e-12,4.786343086667931e-12,4.85418526395613e-08,1.000000000323194,1,0
604,03:42:00,2.3514152779874626e-11,2.8661932265982096e-12,2.712247817465252e-12,2.3668771609697588e-12,2.833557762770438e-12,3.499474831134795e-08,1.0000000003253229,1,1
605,03:42:30,1.3960055692485971e-11,1.0314772845645822e-12,8.24879781199971e-13,4.881674495246915e-13,1.6508463466601812e-12,2.3543541180602702e-08,1.0000000003274911,1,1
606,03:43:00,2.6000366974078644e-11,1.9719658642832453e-12,2.426530064427863e-12,6.127967875359301e-13,2.6568911526723668e-12,5.842471306075476e-09,1.0000000003296983,1,2
607,03:43:30,1.2292407144395073e-11,1.6778583272476389e-12,3.3403357196326365e-12,2.157420748524506e-12,1.6199970875453582e-11,4.2387036310206265e-10,1.000000000331944,1,2
608,03:44:00,1.7167247574897222e-11,1.5702789310927182e-12,1.534018593953867e-12,1.044941716543913e-12,7.213344677309884e-12,5.035949811218172e-10,1.0000000003342293,1,2
609,03:44:30,1.697285344677053e-11,1.0836478513882412e-12,1.0382738068677058e-12,3.8972019192621027e-13,1.2888560832298782e-12,3.0230470829597384e-10,1.0000000003365537,1,2
610,03:45:00,1.93442139542875e-11,1.811515025200726e-12,1.6472331352026404e-12,9.921699233727768e-13,6.455054597640756e-12,1.3234330002707238e-09,1.0000000003389178,1,2
611,03:45:30,1.0389515027759812e-11,1.6116566389668779e-12,1.0278942425428723e-12,1.1545795496758682e-12,8.61002724098994e-12,1.5816033652181474e-09,1.0000000003413214,1,2
612,03:46:00,1.3056047450694553e-11,1.0816910284547269e-12,9.972781401050063e-13,6.578028540094464e-13,3.923999478975816e-12,1.2873370840185584e-10,1.000000000343764,1,2
613,03:46:30,1.282906742246231e-11,1.773682517992343e-12,1.3612303891356992e-12,1.2495170844514655e-12,9.218792005134083e-12,9.280913752693438e-11,1.0000000003462468,1,2
614,03:47:00,1.3234215607834119e-11,2.0171101313655867e-12,1.2626552775190633e-12,1.1975260473282567e-12,8.32199206390783e-12,1.000214184292319e-10,1.0000000003487708,1,2
615,03:47:30,2.0694364400528134e-10,4.087542210731845e-12,1.8548767128629885e-12,1.1662712984336929e-12,2.353368766802851e-12,4.329271329407582e-08,1.0000000003513339,1,1
616,03:48:00,3.358567696976811e-11,2.9948181568852698e-12,1.8130370197893581e-12,9.117966624260708e-13,3.1177355370398172e-12,2.5266271235248316e-08,1.0000000003539378,1,2
617,03:48:30,1.3884734142935382e-11,1.159442226966906e-12,1.730379644067331e-12,9.411713232793862e-13,6.531553135125608e-12,2.8859937174623454e-09,1.0000000003565814,1,2
618,03:49:00,1.7058424910439555e-11,2.248250136378271e-12,1.0191963284758895e-12,6.004072344936867e-13,2.5939511021683624e-12,7.316843978355224e-09,1.0000000003592657,1,2
619,03:49:30,4.517050545011518e-11,6.790032902053942e-12,1.2643741080877979e-11,9.702145010018637e-12,1.158773933830168e-11,3.1447837046133314e-08,1.0000000003619915,1,2
620,03:50:00,1.1193652008122443e-10,1.8551657809276034e-12,1.4758098226904544e-12,1.1790948459034742e-12,2.081327333418005e-12,2.606776400155961e-08,1.0000000003647582,1,1
621,03:50:30,1.4378692191826476e-11,1.59045366771824e-12,1.465164330083937e-12,1.5807780494548693e-12,1.212763765170327e-11,2.518992065314219e-09,1.000000000367566,1,2
622,03:51:00,1.7363711635757466e-11,2.8178516117212182e-12,1.5829941577124037e-12,6.897051603691386e-13,3.926428684945757e-12,1.30727015644765e-10,1.0000000003704148,1,2
623,03:51:30,4.379477785795853e-11,3.370679752503454e-12,1.9739820892799865e-12,1.258006584905834e-12,8.046670796599927e-12,6.878369234221791e-11,1.0000000003733056,1,2
624,03:52:00,2.2593576204954052e-11,3.413664588784448e-12,1.7141805700421094e-12,7.907129273159104e-13,4.4741115492794355e-12,7.002141979881579e-10,1.0000000003762382,1,2
625,03:52:30,1.1312078920133032e-11,1.8652088471385238e-12,1.1116507685777682e-12,7.569737832219616e-13,4.296825129235272e-12,2.1300312018856113e-10,1.000000000379211,1,2
626,03:53:00,4.2520901093321756e-11,2.0055159024275883e-12,1.1796764396600534e-12,1.6232361716369555e-12,1.1568385012570919e-11,1.0837282255544019e-09,1.0000000003822278,1,2
627,03:53:30,2.7257239818346214e-11,3.869370381935493e-12,1.3820279056968445e-12,1.3108806406221174e-12,9.025500817155489e-12,2.1756398828031114e-10,1.0000000003852871,1,2
628,03:54:00,3.2771231055820603e-11,1.966312104494386e-12,1.0746690932815445e-12,9.869616304835713e-13,6.91403935202891e-12,5.046541814787853e-10,1.0000000003883887,1,2
629,03:54:30,1.5665185586625083e-11,1.8675147601717454e-12,1.2346543846996736e-12,9.224129957433397e-13,5.4077879827104825e-12,4.824531077034031e-10,1.0000000003915324,1,2
630,03:55:00,3.2109354113438866e-11,2.7930426968304474e-12,2.7569004283872916e-12,1.1911751638154918e-12,8.501566347766385e-12,2.3067894620087057e-10,1.0000000003947191,1,2
631,03:55:30,5.043964785446369e-11,3.2710564102271996e-12,1.1568918282717974e-12,7.441886162691014e-13,3.99489159917049e-12,1.5958513590003563e-10,1.0000000003979486,1,2
632,03:56:00,1.2721010091875785e-11,1.845340974322655e-12,1.079815129166831e-12,1.0632959131131076e-12,7.0122821997192305e-12,1.053996968115323e-10,1.000000000401221,1,2
633,03:56:30,2.0991014962019328e-11,1.7856180412217383e-12,2.22201288911783e-12,1.1547184345580054e-12,8.522484167079925e-12,1.6217299080785287e-10,1.000000000404538,1,2
634,03:57:00,1.4099508220261688e-11,1.3688956639577126e-12,1.6559065187680416e-12,2.08936044453723e-12,1.6744612051542437e-11,4.56660235471784e-11,1.0000000004078984,1,2
635,03:57:30,5.4871108717698774e-11,3.122594664607035e-12,1.3768397292142042e-12,1.9062850889241978e-12,1.3328022650136154e-11,6.654855407950104e-11,1.0000000004113023,1,2
636,03:58:00,1.1614467730370744e-11,2.0509741337258532e-12,1.775622046191573e-12,1.6534202495699785e-12,1.303378427348514e-11,6.959121598070129e-11,1.0000000004147507,1,2
637,03:58:30,1.4309022902228782e-11,1.5348084487322543e-12,1.0771604431301098e-12,1.0357637678309898e-12,7.411633556879973e-12,1.0762384561653925e-10,1.0000000004182432,1,2
638,03:59:00,2.680424422992946e-11,1.834034948285668e-12,1.0401291649391436e-12,1.9175713874291443e-12,1.4623462073924096e-11,2.5893422811423467e-10,1.000000000421781,1,2
639,03:59:30,4.733662555026058e-11,2.6553189819773204e-12,1.875339221300208e-12,5.782103502109349e-13,2.965982274849619e-12,5.096085927812742e-11,1.0000000004253633,1,2
640,04:00:00,1.5859078320555854e-11,2.167988620901326e-12,1.87291445519731e-12,1.7341311942551193e-12,1.3180492489543157e-11,9.543417467028433e-11,1.0000000004289897,1,2
641,04:00:30,1.177081718598164e-10,4.8228002880183165e-12,3.3012544864747537e-12,3.1656125591051814e-12,2.3834174824550407e-11,8.11893519257551e-09,1.000000000432662,1,2
642,04:01:00,2.2678542683067815e-11,2.1737221813388266e-12,1.3622407315952902e-12,8.004673889668977e-13,4.632190358491287e-12,2.5127430652678746e-09,1.0000000004363805,1,2
643,04:01:30,2.2471682768871197e-11,3.3795655711445986e-12,1.7363544625480428e-12,1.3003201139387009e-12,9.713859386265903e-12,3.6595792822328985e-10,1.0000000004401433,1,2
644,04:02:00,1.6402957467887854e-11,4.133194152883449e-12,1.3365844659134962e-12,1.0318368442796036e-12,6.880071171011856e-12,2.2021873415731685e-10,1.0000000004439529,1,2
645,04:02:30,1.8105360909203864e-11,1.6829127244423943e-12,1.967698254542085e-12,7.411705962710753e-13,4.4759153228089855e-12,2.0857344564085198e-10,1.000000000447809,1,2
646,04:03:00,3.641993177745223e-11,2.8047818602486793e-12,3.144370909553347e-12,1.3568459028694937e-12,9.922024134702264e-12,6.622120093588183e-11,1.000000000451711,1,2
647,04:03:30,2.549454810618061e-11,2.8091673327676726e-12,2.296343566531994e-12,1.2271901135705325e-12,8.819647357220674e-12,1.2129462735747775e-10,1.0000000004556597,1,2
648,04:04:00,7.230592561812277e-11,3.4482538513320756e-12,2.2021774747270675e-12,1.2969918672498476e-12,8.813564742227967e-12,1.1148480961753703e-10,1.000000000459656,1,2
649,04:04:30,3.3079170503595e-11,2.6873519948509253e-12,2.0437416373511346e-12,1.9027956140309403e-12,1.4556933889216922e-11,7.210666930389806e-11,1.000000000463699,1,2
650,04:05:00,2.6807307105839884e-11,2.649187059168934e-12,2.2988118224080556e-12,9.890806290231442e-13,6.943122428604182e-12,9.133572814540618e-11,1.0000000004677898,1,2
651,04:05:30,3.142655808492295e-11,3.255160971271222e-12,2.417206754336096e-12,1.920514320318016e-12,1.4575574968780156e-11,9.948142741595258e-11,1.0000000004719287,1,2
652,04:06:00,3.7839197271734864e-11,3.174589366571907e-12,2.1369674835634314e-12,9.082841958758088e-13,6.178926786300384e-12,5.589762715082188e-11,1.0000000004761154,1,2
653,04:06:30,6.168277363324227e-11,2.3113545436602657e-12,1.908065543044534e-12,1.86194569128052e-12,1.4425045841265265e-11,5.151528233757748e-11,1.0000000004803495,1,2
654,04:07:00,4.381723436734659e-11,2.994873354490906e-12,3.1586046861266344e-12,1.1009896445320663e-12,7.0723726654126875e-12,1.174518002090508e-10,1.0000000004846332,1,2
655,04:07:30,3.17610399120869e-11,2.6602826768098667e-12,1.737568293970715e-12,1.200168537196023e-12,8.647457480213778e-12,1.2671841556699157e-10,1.0000000004889653,1,2
656,04:08:00,5.7175624712296254e-11,3.76149225057282e-12,2.1525212020081418e-12,9.293236135731204e-13,5.8051651254058504e-12,8.493605463095788e-11,1.000000000493347,1,2
657,04:08:30,5.745641769017683e-11,3.6977569492637035e-12,2.915194352438273e-12,8.044729937320941e-13,5.019428800808294e-12,1.0438464182450868e-10,1.000000000497778,1,2
658,04:09:00,3.904578407256477e-11,3.958615872193308e-12,3.259760502972717e-12,1.015027444435907e-12,7.190550985195667e-12,1.4203930775075057e-10,1.00000000050226,1,2
659,04:09:30,4.409779431523285e-11,2.4603410275786836e-12,2.517102761040294e-12,1.6766177119521878e-12,1.2600942076751845e-11,6.45071316703537e-11,1.0000000005067904,1,2
660,04:10:00,4.774667505173197e-11,4.0400697146892e-12,2.0333358722295055e-12,1.6404877667803736e-12,1.2509631375491728e-11,1.4723116899920476e-10,1.0000000005113723,1,2
661,04:10:30,5.536110196790625e-11,2.8961514034781223e-12,2.044123333578427e-12,6.947538890092306e-13,3.991620554190272e-12,1.390003015804361e-10,1.0000000005160041,1,2
662,04:11:00,9.377540040016924e-11,4.21221790074021e-12,3.106187618144653e-12,1.603652695517821e-12,1.0361398020297829e-11,1.3460863314972227e-10,1.0000000005206864,1,2
663,04:11:30,5.40622015920048e-11,3.3276310644489072e-12,2.0052772144420433e-12,1.4104475318064142e-12,1.103720888266484e-11,1.3649514694690707e-10,1.00000000052542,1,2
664,04:12:00,8.625634495980778e-11,4.316300986791138e-12,3.164493875048637e-12,6.565337644644588e-13,3.60998211400396e-12,2.3604267361121707e-10,1.000000000530206,1,2
665,04:12:30,8.152342801059113e-11,3.059435060726567e-12,2.7463377562662616e-12,1.8085014630607893e-12,1.4489905556990355e-11,8.523954469025457e-11,1.000000000535045,1,2
666,04:13:00,3.886889639605784e-11,4.1993612177566e-12,2.9185822683688904e-12,1.2525888400535366e-12,9.405236872363154e-12,6.523695780111948e-11,1.0000000005399352,1,2
667,04:13:30,6.074044478822658e-11,3.252539693395818e-12,2.4468320101294837e-12,8.022863835948188e-13,5.141985255716061e-12,7.44534130058585e-11,1.0000000005448775,1,2
668,04:14:00,5.883687710111289e-11,4.4354851745775564e-12,2.1080706809434695e-12,8.9926833278507e-13,5.993601512659052e-12,1.2247091601977205e-10,1.0000000005498741,1,2
669,04:14:30,5.131401763572925e-11,3.607181172047314e-12,2.41447560025559e-12,5.908065627153571e-13,3.465363204834546e-12,7.676285882515879e-11,1.0000000005549234,1,2
670,04:15:00,9.695592444982897e-11,3.899003326129442e-12,1.9340743781726066e-12,1.6808550546915751e-12,1.2754847817012438e-11,7.97158055894142e-11,1.0000000005600274,1,2
671,04:15:30,9.517500497751465e-11,3.4412291102079728e-12,2.7717730759839133e-12,1.1368105671165237e-12,8.237119025609668e-12,1.5465289106697438e-10,1.0000000005651841,1,2
672,04:16:00,3.636197287454421e-10,6.223549260389798e-12,3.2432405288464154e-12,1.2173946705495227e-12,7.429501697430517e-12,1.6119456239873957e-10,1.0000000005703968,1,2
673,04:16:30,2.1729089052755322e-10,9.460507394496904e-12,2.1489745080038392e-12,4.683639046605311e-13,1.3478000584846638e-12,1.928138818251556e-09,1.000000000575663,1,2
674,04:17:00,1.5731110110728732e-10,1.1401349892092759e-11,3.616178821009859e-12,1.610684716883073e-12,8.557019088117265e-12,4.5292543971495e-10,1.0000000005809841,1,2
675,04:17:30,1.105247595722875e-10,3.7503760054467765e-12,1.9984807399833656e-12,1.239204834402653e-12,7.490484145014477e-12,2.3741385498563313e-10,1.0000000005863612,1,2
676,04:18:00,2.1245958587633768e-10,4.6052813868413004e-12,2.7119789943910952e-12,1.6886576320461777e-12,8.655666953075338e-12,3.883598823035636e-09,1.0000000005917935,1,2
677,04:18:30,3.214997666918406e-11,2.8653109116007224e-12,2.0385439556607893e-12,1.5782925496050029e-12,1.1670016553366695e-11,7.548934113100483e-10,1.000000000597283,1,2
678,04:19:00,5.215257072023198e-11,3.2569934858884614e-12,2.767749592193447e-12,1.6535773745929104e-12,1.2269729727072343e-11,1.4316007975613086e-10,1.000000000602829,1,2
679,04:19:30,1.2649106712330181e-10,8.742425592176548e-12,9.622125461640687e-12,8.103060532177102e-12,9.551251966196326e-12,2.7452715098185918e-08,1.000000000608432,1,0
680,04:20:00,4.0335900619693166e-11,5.590940807151075e-12,6.582575232261473e-12,2.974366781851693e-12,6.358487467457287e-12,5.196298102715355e-08,1.0000000006140919,1,1
681,04:20:30,1.964691303057102e-11,1.3755432670787156e-12,7.87301827304089e-13,3.5503397497328654e-13,1.2202235958112704e-12,4.0589448722102775e-09,1.0000000006198095,1,1
682,04:21:00,2.927339141242518e-11,2.6725543382359105e-12,2.719494619831985e-12,1.7957088571623838e-12,4.189592855365639e-12,2.1733182221523867e-08,1.000000000625586,1,1
683,04:21:30,4.046757819766522e-11,3.5728364405947625e-12,1.8759780481842787e-12,1.6944704624342097e-12,1.1407448714118183e-11,1.2363607585019388e-09,1.0000000006314211,1,2
684,04:22:00,2.9333609026407657e-11,2.9195751027316234e-12,1.3980186347051625e-12,9.467802892531498e-13,4.243408407783904e-12,1.212554338768193e-09,1.0000000006373162,1,2
685,04:22:30,3.274583725888585e-11,3.4785072864672157e-12,1.9322001840852012e-12,1.224526616802639e-12,7.53749868416873e-12,1.329249544739099e-10,1.0000000006432703,1,2
686,04:23:00,2.8172805413399423e-11,2.0239521183429818e-12,1.7187263590820612e-12,1.299637627177319e-12,7.863943354466115e-12,2.412260055412485e-10,1.0000000006492837,1,2
687,04:23:30,2.006546219233961e-11,1.5407023924768546e-12,9.891515711605135e-13,1.6489395754289927e-12,1.2156251320397073e-11,1.0456046845342895e-10,1.0000000006553575,1,2
688,04:24:00,3.035426448832933e-11,2.137273628328988e-12,1.098864421507077e-12,8.608963369532481e-13,5.355686838044493e-12,1.1112680020877135e-10,1.0000000006614926,1,2
689,04:24:30,3.583460271519338e-11,3.4121838728363737e-12,1.3813935397391505e-12,6.15747144191184e-13,3.0840245595469125e-12,2.508467789232916e-09,1.0000000006676888,1,2
690,04:25:00,4.636608540617733e-11,4.540404848751585e-12,1.7492430625772356e-12,1.6230819942638047e-12,1.0862187672950186e-11,1.060258656946615e-10,1.0000000006739471,1,2
691,04:25:30,2.7343169409442202e-11,2.791954173138955e-12,1.4534277298489458e-12,4.745506761158296e-13,1.7485470752976014e-12,6.143113530431135e-11,1.0000000006802678,1,2
692,04:26:00,2.289036829083129e-11,3.955789795149746e-12,1.921494910379368e-12,6.648638437332679e-13,3.830531926663914e-12,1.914771993361065e-10,1.0000000006866498,1,2
693,04:26:30,2.8826311862860843e-11,2.084377239107782e-12,1.1781162953347301e-12,7.854692847538327e-13,4.773232744423717e-12,9.218498962206743e-11,1.0000000006930956,1,2
694,04:27:00,3.27388111231043e-11,1.9596970358322372e-12,2.078179054626112e-12,1.7903163114272607e-12,1.2908614837247188e-11,9.883673116255553e-11,1.0000000006996046,1,2
695,04:27:30,2.953124668187022e-11,3.04235652306815e-12,2.407501997779544e-12,9.355965509973046e-13,6.316987691482448e-12,6.443347892092094e-11,1.0000000007061773,1,2
696,04:28:00,1.5447236455407885e-11,2.7654182954741164e-12,1.6646770063267828e-12,1.3705584155657733e-12,1.0296445792187762e-11,7.952997108758475e-11,1.0000000007128167,1,2
697,04:28:30,6.525896218014899e-11,2.722241240654016e-12,2.190717721931989e-12,1.5856978349071357e-12,1.1539345356423432e-11,3.6820577324394825e-10,1.00000000071952,1,2
698,04:29:00,3.372324727200112e-11,5.198956338500176e-12,1.4441986714354076e-12,1.7536487718795383e-12,1.0291983202669498e-11,2.168914353760442e-10,1.000000000726289,1,2
699,04:29:30,2.723309104379049e-11,2.3306366465628896e-12,9.387951522247756e-13,4.714175396310563e-13,1.9979952334118043e-12,6.242798802958342e-11,1.000000000733124,1,2
700,04:30:00,2.0344733812448322e-11,2.7239537883473784e-12,1.4543446658347723e-12,8.18180284838084e-13,4.6866973784319985e-12,1.9398509105100655e-10,1.0000000007400254,1,2
701,04:30:30,1.4814699764332076e-11,1.6422488895538648e-12,1.6544392226527305e-12,1.0252201152336595e-12,6.9061546350633326e-12,1.3065718732795556e-10,1.0000000007469936,1,2
702,04:31:00,3.8722808058440597e-11,2.233021372891303e-12,2.133214195526021e-12,8.66824364060833e-13,3.839232535333808e-12,3.3404901310657133e-09,1.00000000075403,1,2
703,04:31:30,4.690446723399969e-11,2.319507757303423e-12,2.1684574354113887e-12,1.5916485594178618e-12,1.1475839026102598e-11,4.4499079777848273e-10,1.0000000007611343,1,2
704,04:32:00,4.2658308938842774e-11,2.9877737456372027e-12,1.6918296772916307e-12,1.5662134951484297e-12,1.0807842653570896e-11,1.8180051845903823e-10,1.0000000007683079,1,2
705,04:32:30,2.1715169242493816e-11,2.098980419677962e-12,1.9041532732896445e-12,2.102931381333411e-12,1.6045057128571134e-11,2.1828362995275352e-10,1.0000000007755507,1,2
706,04:33:00,1.9341679919997053e-10,9.44928898994273e-12,6.9591439630073356e-12,5.738005085972521e-12,1.0970255272863189e-11,9.669243034685094e-09,1.0000000007828629,1,2
707,04:33:30,1.5936453128373036e-10,8.55150636932769e-12,7.095602127455777e-12,5.905534559462813e-12,7.405701710782096e-12,3.642969619922101e-08,1.0000000007902448,1,0
708,04:34:00,2.1535073551649894e-11,1.9641843791732622e-12,1.548187813761188e-12,1.4062268052198567e-12,2.5592280103739825e-12,4.707308220029047e-08,1.0000000007977,1,1
709,04:34:30,1.515597808714897e-11,1.872030574689618e-12,1.5561978014333353e-12,8.349341207512442e-13,2.533483075561757e-12,2.310608371812549e-08,1.0000000008052248,1,1
710,04:35:00,3.264096620046409e-11,1.3360032576647576e-12,1.2263450673806513e-12,6.200318023119326e-13,3.0899936665235094e-12,4.24742271900264e-09,1.0000000008128227,1,2
711,04:35:30,1.8565829540717206e-11,1.4839421397527986e-12,1.838626204197442e-12,1.7399052470701861e-12,1.1350679605168697e-11,5.907978615072666e-10,1.0000000008204937,1,2
712,04:36:00,2.1064982059676667e-11,2.5172152474708643e-12,2.0330565920774385e-12,1.0565279082300373e-12,2.7357416139317502e-12,3.243015466272024e-09,1.0000000008282368,1,2
713,04:36:30,1.146492085339424e-10,1.2246769387243016e-11,3.269269780511898e-12,1.0348186949527883e-12,4.275102146502213e-12,8.218230997514336e-09,1.0000000008360548,1,2
714,04:37:00,2.2109334533690148e-11,2.1061482144284444e-12,1.960419982802561e-12,2.08644507983787e-12,1.4953982526576107e-11,3.6046906984452753e-09,1.0000000008439474,1,2
715,04:37:30,2.0234070465955395e-10,1.0014257090973432e-11,1.979408770363679e-12,1.4948021059584197e-12,1.6817209346025373e-12,5.110742787634292e-08,1.000000000851915,1,0
716,04:38:00,8.229292678700157e-10,1.5967058106344558e-11,3.1117572143947126e-12,1.295699855709459e-12,2.1957961434221723e-12,2.0375221145701707e-08,1.0000000008599577,1,0
717,04:38:30,1.4052406789980867e-10,2.1239106552698105e-12,8.869784432533638e-13,1.4174548891770879e-12,1.7613334014258753e-12,4.5174960049539595e-08,1.0000000008680778,1,0
718,04:39:00,1.1818013141976394e-11,1.212271368689988e-12,1.0763530472538416e-12,8.62391262756654e-13,1.3738593356232158e-12,2.6348244040789028e-08,1.0000000008762753,1,1
719,04:39:30,1.6228348299693903e-11,1.0979232651309252e-12,6.287129810008817e-13,5.147318041213361e-13,1.5622445573834838e-12,2.055053446973476e-08,1.00000000088455,1,1
720,04:40:00,1.730208788636769e-11,1.0199589451150227e-12,6.12243146349508e-13,4.2889982628433696e-13,6.201736017951241e-13,1.2245472902471554e-08,1.0000000008929029,1,1
721,04:40:30,1.0356633464835938e-10,3.979216148594416e-12,2.582408985593911e-12,2.8244600152478543e-12,4.1387889035297285e-12,2.2500772998008226e-08,1.000000000901335,1,0
722,04:41:00,1.1207926396594717e-11,9.518397276168405e-13,6.18633238640837e-13,3.353818316554697e-13,7.202615850527067e-13,2.463772962738089e-08,1.0000000009098482,1,1
723,04:41:30,2.2862352949350652e-11,1.02368501135801e-12,7.593416260140081e-13,3.3943998282208513e-13,4.958666792857644e-13,1.6463784300104384e-08,1.0000000009184395,1,1
724,04:42:00,2.7766930576337655e-11,1.3396183864433048e-12,8.292043553984791e-13,4.3325316097999515e-13,1.4959428217825382e-12,1.2300605540222435e-08,1.0000000009271144,1,1
725,04:42:30,3.149429556895694e-11,2.3993221788323423e-12,1.5668346463160976e-12,9.89001534270363e-13,3.016485021071698e-12,3.6436374624249754e-09,1.0000000009358703,1,2
726,04:43:00,2.3769649295459192e-11,1.7362321360900115e-12,1.4425689066781701e-12,6.153938579192909e-13,1.0027631297699972e-12,8.61925589182156e-09,1.000000000944709,1,2
727,04:43:30,2.8005453606523254e-11,1.8139192164566734e-12,1.5696174480446178e-12,1.3758623678282986e-12,6.269536856836451e-12,1.4100959114608571e-09,1.0000000009536312,1,2
728,04:44:00,3.804196565856793e-11,3.16961905331905e-12,1.298088847698357e-12,1.2818972948062717e-12,7.907909503168528e-12,6.555973006663877e-10,1.000000000962638,1,2
729,04:44:30,1.7596167247526948e-11,2.6313374368990433e-12,1.1896756249797455e-12,1.1237900863490402e-12,5.608222206971214e-12,3.575492032421478e-10,1.0000000009717305,1,2
730,04:45:00,7.981936711223119e-11,3.6123090731174483e-12,1.7069669653365463e-12,6.543816959654573e-13,1.933310494101821e-12,2.016901575587419e-09,1.0000000009809082,1,2
731,04:45:30,4.4702813897618835e-11,6.0647133146047306e-12,3.728318615467762e-12,8.457782223495098e-13,2.6815761711292978e-12,1.2527026820882557e-08,1.0000000009901713,1,2
732,04:46:00,4.860566935633026e-11,4.624435277053352e-12,1.1252188996824779e-12,4.3210221434611346e-13,1.1269402792371095e-12,8.412268776696197e-09,1.0000000009995214,1,4
733,04:46:30,3.272091171575515e-11,3.1094783832777835e-12,6.579051398537773e-13,2.6469642396043373e-13,3.5323231406270424e-13,5.163123551254734e-09,1.0000000010089602,1,4
734,04:47:00,3.40639099659746e-11,2.9540091118037152e-12,6.201482736344478e-13,2.419903505757639e-13,2.292079379347213e-13,3.834451863440161e-08,1.0000000010184884,1,4
735,04:47:30,5.108591310107936e-11,3.737911102614475e-12,6.833137864557806e-13,3.1551006785628534e-13,2.9848302561397076e-13,5.5821334319105873e-08,1.000000001028106,1,4
736,04:48:00,4.156289653610689e-11,3.2558636863619707e-12,7.98804487840394e-13,3.4202275597018053e-13,5.074731282637476e-13,1.74579421904972e-08,1.0000000010378145,1,4
737,04:48:30,2.932329020826949e-11,4.1402400923251285e-12,7.32839674528919e-13,3.0254793210946704e-13,3.8394171382903085e-13,1.2856212087264146e-08,1.000000001047614,1,4
738,04:49:00,6.178673988205564e-11,5.306489745332237e-12,1.00625396430783e-12,3.538551189244531e-13,3.3285254133797773e-13,9.331216480286455e-08,1.0000000010575056,1,4
739,04:49:30,4.797599727321901e-11,3.280952798151988e-12,8.518304791723221e-13,3.812189800817315e-13,4.963913753203154e-13,1.613979664860958e-08,1.0000000010674905,1,4
740,04:50:00,2.594733183244567e-11,3.3156901038882308e-12,7.81798711863844e-13,2.8833523752286115e-13,3.2519850347636477e-13,1.7480614756195677e-08,1.0000000010775698,1,4
741,04:50:30,9.583107039312397e-11,4.368744656464464e-12,8.031083325854107e-13,3.2614360354005047e-13,3.846984593381249e-13,4.3291948789305896e-08,1.000000001087744,1,4
742,04:51:00,2.1759800410844313e-10,6.200294448032911e-12,6.581402279164477e-13,2.8741968373522227e-13,3.5159181008315683e-13,4.4944416986284365e-08,1.000000001098012,1,4
743,04:51:30,5.921702110629534e-11,5.571829963637206e-12,6.780102314653361e-13,2.807491889049916e-13,3.4008853699574903e-13,2.2181574957082488e-08,1.0000000011083798,1,4
744,04:52:00,6.448847235508129e-11,4.1840066064677605e-12,9.747053629809215e-13,3.2654005802590283e-13,4.001138314809223e-13,3.103304279154968e-08,1.0000000011188428,1,4
745,04:52:30,5.1565974536327636e-11,3.604089444443332e-12,1.036386058865466e-12,3.2644674381855757e-13,5.83897020219857e-13,4.983454353341445e-08,1.0000000011294055,1,4
746,04:53:00,3.8762813295684556e-11,4.8013567318771224e-12,9.441645773741264e-13,3.65582471150045e-13,3.785997211304325e-13,8.305475687927999e-09,1.000000001140068,1,4
747,04:53:30,1.3583783784129932e-10,5.5199597440926865e-12,7.141297297844252e-13,3.1247098772714256e-13,3.5354549252268517e-13,8.093569289553577e-09,1.00000000115083,1,4
748,04:54:00,5.5832939991223304e-11,3.886452129726608e-12,9.620404260960562e-13,3.4387875640303395e-13,3.88640499375587e-13,2.544652873465064e-08,1.0000000011616932,1,4
749,04:54:30,2.0327407456835388e-11,4.316150020107814e-12,1.0494938568675503e-12,3.900649875506246e-13,4.40884502410158e-13,4.7929567770373564e-08,1.0000000011726589,1,4
750,04:55:00,2.0445687535366026e-11,3.65750110248648e-12,8.272877221968791e-13,2.761750858300411e-13,2.744047264700806e-13,5.583246605758111e-08,1.000000001183729,1,4
751,04:55:30,6.731989866087652e-11,4.322897095600638e-12,8.52869377000148e-13,4.319955798163297e-13,6.52233282902247e-13,1.6506581647487144e-07,1.0000000011949024,1,4
752,04:56:00,1.2811144132881568e-10,5.5199231526395155e-12,7.53914365357005e-13,3.3696505758609177e-13,4.3491210170804e-13,4.36728343474234e-08,1.000000001206182,1,4
753,04:56:30,3.774113630389077e-11,3.343598485939028e-12,9.836399187164438e-13,3.5754646786047293e-13,4.834808071330837e-13,5.7327236455518513e-08,1.000000001217569,1,4
754,04:57:00,5.961086620633462e-11,5.337660904758763e-12,1.3397691456651642e-12,3.906499368028548e-13,4.748101067364703e-13,1.2674343731386386e-07,1.000000001229062,1,4
755,04:57:30,3.17531936410778e-11,2.4627672700581694e-12,5.719958896807087e-13,3.1831691742468115e-13,4.607244451293937e-13,3.4885249724513755e-08,1.0000000012406645,1,4
756,04:58:00,4.3782391520531505e-11,4.98715803242481e-12,9.020655589420065e-13,3.124564273189868e-13,4.653801270560403e-13,1.0085984353144836e-08,1.000000001252376,1,4
757,04:58:30,3.3915179210320913e-11,3.0967025031033766e-12,6.905327567261139e-13,3.090126024010274e-13,4.877515089815684e-13,2.7624325566872394e-09,1.0000000012642,1,4
758,04:59:00,5.829134282637288e-11,3.742595609165507e-12,9.429227496220232e-13,3.556754941457465e-13,5.850610417914827e-13,2.017570547482853e-08,1.0000000012761339,1,4
759,04:59:30,4.7347657838289966e-11,4.9349582727140464e-12,7.277448058875115e-13,3.476235265719279e-13,4.394302999639555e-13,1.0454774263801806e-07,1.0000000012881822,1,4
760,05:00:00,2.7965050461397588e-11,3.4897592536116158e-12,8.134333671332388e-13,3.386641182816419e-13,5.14205078979355e-13,4.110094241268946e-08,1.0000000013003454,1,4
761,05:00:30,4.615234039634341e-11,2.8523774767181234e-12,8.846538156233619e-13,3.4663408275106537e-13,5.243974607372337e-13,4.361107639840374e-08,1.0000000013126218,1,4
762,05:01:00,2.2360233900795525e-11,3.4963601327293913e-12,7.744389503180268e-13,3.582629488154313e-13,5.051493574323716e-13,4.241576592548967e-08,1.0000000013250168,1,4
763,05:01:30,5.7623414735957354e-11,4.257446903619932e-12,1.0134958294994014e-12,3.0120656439807413e-13,5.280155995272421e-13,1.9117393841967056e-08,1.000000001337528,1,4
764,05:02:00,2.732087585521289e-11,4.084237708130815e-12,9.001887956234739e-13,3.0887935883238757e-13,5.663254492673533e-13,1.3035402804686506e-08,1.0000000013501593,1,4
765,05:02:30,1.7768260100179583e-11,4.2330341881886426e-12,9.560965318145259e-13,3.252065209790452e-13,4.168942572991349e-13,1.1767905618128884e-08,1.0000000013629105,1,4
766,05:03:00,2.5186726064169773e-11,2.7931010177541035e-12,9.800469305293287e-13,2.748855445722498e-13,3.682400268956655e-13,1.9220970836681888e-08,1.0000000013757828,1,4
767,05:03:30,1.8559149479588416e-11,4.725995671191574e-12,1.1179172854706113e-12,3.262907022815918e-13,4.566609812526899e-13,7.2228959650102455e-09,1.000000001388778,1,4
768,05:04:00,2.7317151279041398e-11,4.557788054303914e-12,7.694187463358558e-13,2.530709303831219e-13,4.5132619134640416e-13,1.0214361738097192e-08,1.0000000014018966,1,4
769,05:04:30,2.851950128034649e-11,3.9857596334810985e-12,9.513468272301617e-13,3.4775292399252206e-13,5.588672333248655e-13,4.2319036247077236e-08,1.0000000014151427,1,4
770,05:05:00,4.827735243910213e-11,3.922825267582213e-12,1.0454371101996656e-12,4.0047773327582957e-13,6.098833294608255e-13,1.338796917505398e-07,1.000000001428514,1,4
771,05:05:30,6.059102433619339e-11,4.0911529338442535e-12,1.1243243514778847e-12,4.3352187858499434e-13,7.289415774909529e-13,1.1304102785287669e-07,1.0000000014420138,1,4
772,05:06:00,1.273677610337941e-11,2.031825953443113e-12,4.996757308138649e-13,2.9899630912635254e-13,2.9737759423070004e-13,2.0646625665825573e-08,1.0000000014556436,1,4
773,05:06:30,1.5887603414939608e-11,3.472345236586046e-12,8.125856235924952e-13,3.6535352539123974e-13,5.781479430956931e-13,1.7150276161517887e-08,1.0000000014694024,1,4
774,05:07:00,1.570604038879249e-11,3.566186573206121e-12,5.905070545141404e-13,4.003455428911516e-13,3.7087220420038834e-13,1.580167138070662e-08,1.000000001483296,1,4
775,05:07:30,3.9002033159625765e-11,5.817027713289568e-12,9.074240653622153e-13,3.7026695152783385e-13,4.1727699931007e-13,8.081668796274988e-08,1.000000001497323,1,4
776,05:08:00,1.2189024829598453e-10,6.4526112510435265e-12,1.386008794503607e-12,4.326977769606363e-13,6.582030524939973e-13,4.260984756974621e-08,1.000000001511485,1,4
777,05:08:30,2.0347146933359878e-11,2.818754199318231e-12,8.953022384629199e-13,3.563536864488941e-13,4.4279954938444765e-13,5.0193699320441596e-08,1.0000000015257828,1,4
778,05:09:00,3.192137896087943e-11,4.572707583892349e-12,5.933200602132547e-13,3.1697213375638455e-13,6.022884231101911e-13,2.559359621782328e-08,1.0000000015402184,1,4
779,05:09:30,2.907838756945402e-10,9.000355772551897e-12,1.6530935937638078e-12,3.949254959757923e-13,5.382583061602255e-13,2.7944869833625247e-08,1.0000000015547936,1,4
780,05:10:00,9.962297078400393e-11,6.256611310258094e-12,8.678089734672392e-13,3.355338685760661e-13,3.56751795184443e-13,4.678436682540091e-08,1.0000000015695099,1,4
781,05:10:30,5.5531524918584344e-11,5.38420060322071e-12,1.2332644394890255e-12,4.316501329153963e-13,6.872912590122983e-13,4.787789170705365e-08,1.000000001584369,1,4
782,05:11:00,3.971725802850573e-11,2.458329010871968e-12,8.585610993120286e-13,3.269042167166683e-13,4.933289060272969e-13,5.094156499511076e-08,1.0000000015993722,1,4
783,05:11:30,1.6508744880499426e-11,4.692752835148958e-12,8.53776482659678e-13,2.932260474048559e-13,4.0631455612640457e-13,1.1761109494935051e-08,1.0000000016145225,1,4
784,05:12:00,1.586368221410138e-11,4.000430203076384e-12,7.254926304988902e-13,3.047981364172706e-13,4.669728769098168e-13,2.8573419225006343e-08,1.0000000016298198,1,4
785,05:12:30,1.9753337119987023e-11,4.617215785071599e-12,8.3744854974131e-13,2.834450196494098e-13,4.1185945358571316e-13,2.2750895747680078e-08,1.0000000016452664,1,4
786,05:13:00,2.3297874190699285e-11,3.114936885643849e-12,6.019093981821204e-13,2.8497542672674215e-13,5.285597689451583e-13,1.88340729417953e-08,1.0000000016608621,1,4
787,05:13:30,1.7675420689424593e-11,3.633604328538074e-12,8.824561900625302e-13,3.3485958912837987e-13,4.703756846002388e-13,4.53329170372954e-08,1.0000000016766126,1,4
788,05:14:00,5.1058535937338236e-11,3.984139052838882e-12,6.895221595592739e-13,3.034463780407706e-13,4.601931148414479e-13,5.16988221311896e-08,1.0000000016925157,1,4
789,05:14:30,2.2858445493224877e-11,2.3473068780062153e-12,5.20215773404584e-13,3.2692988410721046e-13,5.807958377353626e-13,5.350061048904022e-10,1.0000000017085775,1,4
790,05:15:00,1.6054706196925888e-11,3.713645226690939e-12,6.627254281554287e-13,3.393998051892826e-13,3.8021000126962667e-13,4.992132596555319e-10,1.0000000017247952,1,4
791,05:15:30,1.589732123842987e-11,2.895434914932849e-12,6.881945588174775e-13,3.950864224787639e-13,5.435998557343733e-13,2.0240412771721523e-10,1.0000000017411728,1,4
792,05:16:00,2.0647911228118225e-11,5.269221017551864e-12,7.634897857990397e-13,3.941800945779784e-13,7.244035198413775e-13,3.621200987893232e-10,1.0000000017577113,1,4
793,05:16:30,2.299949684889501e-11,3.720611304458297e-12,7.197225460653272e-13,2.7919564745004317e-13,4.4405013190921376e-13,3.3526637508464e-10,1.0000000017744128,1,4
794,05:17:00,2.9452216099978734e-11,8.000636045590325e-12,9.863371903559497e-13,3.3158884432079824e-13,6.412963604023446e-13,3.602938899080851e-09,1.0000000017912813,1,4
795,05:17:30,4.197948069679666e-11,8.067687460728822e-12,1.349462709316209e-12,4.2032098688394137e-13,7.510281322939011e-13,6.469306727981403e-09,1.0000000018083157,1,4
796,05:18:00,4.379613031038259e-11,6.066603267882668e-12,1.144543398141171e-12,3.5875251494500463e-13,5.179700776607376e-13,1.5288534325988067e-08,1.00000000182552,1,4
797,05:18:30,4.238613179075457e-11,4.514887583469214e-12,7.35670875464181e-13,3.478020525457101e-13,5.681816436403805e-13,1.230860825766168e-08,1.0000000018428938,1,4
798,05:19:00,2.58060164052515e-11,3.958587547496102e-12,9.12287832202778e-13,4.160197779938488e-13,7.751430892041685e-13,9.9058601482044e-09,1.0000000018604418,1,4
799,05:19:30,2.6267238732188547e-11,5.094581093325257e-12,7.973845945147331e-13,5.255690923352078e-13,1.070114340873201e-12,4.107567646462737e-10,1.0000000018781652,1,4
800,05:20:00,3.292096179752767e-11,6.1335622641924415e-12,9.46907714895892e-13,3.794787066598477e-13,5.429980826129538e-13,2.9922725954507853e-10,1.0000000018960644,1,4
801,05:20:30,2.5732567183276208e-11,4.159645207764412e-12,7.829078535592955e-13,3.2534536906047674e-13,5.148585010169053e-13,1.0585907869201711e-10,1.0000000019141444,1,4
802,05:21:00,4.1183465467045707e-11,5.298542134295681e-12,1.026692173062594e-12,3.4036853388249e-13,4.636880922755398e-13,6.79137333738113e-09,1.0000000019324045,1,4
803,05:21:30,4.4581451893100574e-11,2.8687889805210483e-12,7.259895576948221e-13,3.19017479885889e-13,3.568429565412709e-13,9.360149929630546e-09,1.0000000019508486,1,4
804,05:22:00,2.291358108093063e-11,4.565027462040469e-12,8.093486118311496e-13,3.2865468415707294e-13,4.544100435531955e-13,2.566501414447453e-10,1.0000000019694788,1,4
805,05:22:30,3.8965446818147196e-11,3.5918234000020977e-12,1.3115905791281674e-12,3.530485576266874e-13,5.095725948831604e-13,1.4040437873407446e-09,1.0000000019882969,1,4
806,05:23:00,3.2969644804678086e-11,4.364920060531521e-12,1.0847164164832141e-12,3.898167751124956e-13,7.782485142745102e-13,1.9368410718716758e-09,1.0000000020073052,1,4
807,05:23:30,3.366744568638132e-11,4.649896808523625e-12,1.4457426166927254e-12,3.763652413960962e-13,6.963395567084043e-13,8.477090942408554e-10,1.000000002026506,1,4
808,05:24:00,3.6876168586967386e-11,4.764477185312362e-12,1.09969307450963e-12,4.0807239334832593e-13,6.087096172734706e-13,1.9962614069041613e-10,1.000000002045903,1,4
809,05:24:30,2.8077964816474917e-11,5.311308284706832e-12,1.161171710036069e-12,5.087082116489934e-13,1.0962735478881368e-12,3.616835305908578e-09,1.0000000020654964,1,4
810,05:25:00,2.9970099891893866e-11,6.560466666210801e-12,1.4618376070546094e-12,4.265283862735716e-13,9.688377224510783e-13,3.434142584130369e-08,1.0000000020852908,1,4
811,05:25:30,2.8000360316941032e-11,4.234809057586857e-12,1.165626873413798e-12,4.0973611897614217e-13,1.0747808923882978e-12,2.2134393230315214e-08,1.0000000021052862,1,4
812,05:26:00,2.1042746172009434e-11,3.573724808310436e-12,5.943425349280161e-13,3.1697046080792433e-13,6.530386112714474e-13,4.518648620111253e-09,1.0000000021254871,1,4
813,05:26:30,4.075082012514032e-11,8.309016349826692e-12,1.2019051500066386e-12,5.0462289603001e-13,1.1005501606591535e-12,3.674694388028281e-10,1.0000000021458941,1,4
814,05:27:00,2.6722719023410056e-11,4.109816928287256e-12,7.871912293841918e-13,3.945524391335422e-13,6.448644967302808e-13,2.639373049053171e-10,1.000000002166513,1,4
815,05:27:30,2.6729519059266478e-11,4.805559049597965e-12,1.0565655738601496e-12,3.473689221061742e-13,6.218452791985281e-13,1.604056009496984e-08,1.0000000021873439,1,4
816,05:28:00,2.4057021604177312e-11,4.237687534823726e-12,7.861167592569157e-13,5.883930864078572e-13,1.3835115527128324e-12,2.35221208377685e-09,1.00000000220839,1,4
817,05:28:30,2.509476193125732e-11,4.590158443402252e-12,9.40326952439239e-13,5.024758588378096e-13,1.341459240009316e-12,4.028313209499924e-09,1.0000000022296536,1,4
818,05:29:00,3.362951585936104e-11,4.070670703901814e-12,1.2227911386518154e-12,4.274749579474819e-13,8.785512624657715e-13,3.3470687173182517e-09,1.0000000022511375,1,4
819,05:29:30,1.64369996623172e-11,1.9194083858204216e-12,6.6332189268652e-13,3.382810871196779e-13,5.005726736517985e-13,6.4891978419784e-10,1.0000000022728466,1,4
820,05:30:00,3.445901398913369e-11,1.1840494444960876e-11,1.0916071640303342e-12,4.220820044502275e-13,7.99437406164562e-13,3.6203525801487024e-10,1.0000000022947804,1,4
821,05:30:30,1.4900438097032515e-11,2.6653715569724064e-12,8.551448424466194e-13,6.567294532604657e-13,2.7318849515552776e-12,4.0957306681826874e-10,1.0000000023169429,1,4
822,05:31:00,4.826024299475512e-11,1.1890746747731942e-11,1.1029670372278487e-12,5.474930994939742e-13,9.935359300387486e-13,1.4724872441199718e-10,1.0000000023393394,1,4
823,05:31:30,2.855099135381093e-11,5.109243810337409e-12,9.432747118963051e-13,3.757431441332104e-13,9.048729801629354e-13,4.223405148373904e-10,1.0000000023619697,1,4
824,05:32:00,4.48372592820145e-11,4.398144062521602e-12,1.0922926856766721e-12,5.316029056130967e-13,1.4209930565901192e-12,2.3773840411859654e-10,1.000000002384838,1,2
825,05:32:30,3.3786556656773363e-11,4.615543118214152e-12,7.096135917889188e-13,4.079382591137297e-13,7.920646679132257e-13,4.662828992745299e-10,1.0000000024079487,1,2
826,05:33:00,2.980247086566086e-11,6.208651652268896e-12,9.438402942416176e-13,3.850948323709675e-13,8.579899756311488e-13,4.0029077586476786e-10,1.000000002431304,1,2
827,05:33:30,5.5914333016455664e-11,3.215871959748198e-12,1.4263488841692832e-12,6.870602519809075e-13,3.1756928136473974e-12,2.6835531418986635e-10,1.0000000024549067,1,2
828,05:34:00,4.599994668436525e-11,3.5404233583776007e-12,1.9771055074111906e-12,5.704545195427562e-13,1.746137292435441e-12,1.3029002807047136e-10,1.0000000024787596,1,2
829,05:34:30,1.8135652901996167e-11,4.339216220793686e-12,1.6567485860731912e-12,5.639240301788651e-13,1.567431023596809e-12,1.2192514329094517e-10,1.0000000025028672,1,2
830,05:35:00,2.1773471332551402e-11,3.2705914454834857e-12,1.8168588803062592e-12,1.0194671050308194e-12,4.594435285332899e-12,5.847841710706555e-11,1.000000002527232,1,2
831,05:35:30,6.178421798300813e-11,4.3811340526954285e-12,2.2781610600457966e-12,9.261100479345868e-13,4.882479291131622e-12,5.4547626011302726e-11,1.0000000025518578,1,2
832,05:36:00,2.7144112376755777e-11,2.4282909290645786e-12,2.0972243055886413e-12,1.2848206374388643e-12,8.148504908117925e-12,5.7643398274597756e-11,1.0000000025767484,1,2
833,05:36:30,4.6807585005155836e-11,7.865178818423484e-12,4.869282809097508e-12,1.0424076621147587e-12,3.824354714294732e-12,2.926110694964013e-10,1.0000000026019067,1,2
834,05:37:00,2.5257048066873776e-11,2.5790329186868673e-12,1.982835387216409e-12,1.1954548237459929e-12,8.385698973010124e-12,2.357016320950495e-10,1.0000000026273375,1,2
835,05:37:30,1.98034079867436e-11,3.703973351963393e-12,1.8284111721260976e-12,7.673574156561105e-13,3.4066580205869507e-12,1.2162265846747907e-10,1.000000002653043,1,2
836,05:38:00,3.2218622333106614e-11,3.410017285227244e-12,1.7311965358550445e-12,9.144920333217621e-13,4.054679739425419e-12,7.777003216238267e-11,1.000000002679028,1,2
837,05:38:30,5.960013133772837e-11,3.73307022127631e-12,2.189354781187017e-12,1.0932687969916566e-12,7.0958923137907565e-12,3.59257579852339e-10,1.0000000027052949,1,2
838,05:39:00,3.36979272071551e-11,2.9855186778677908e-12,2.3380889141801532e-12,5.37293658132437e-13,2.06037252298089e-12,3.4054405593529655e-10,1.0000000027318485,1,2
839,05:39:30,2.941071478955665e-11,3.4134880289061564e-12,2.498228861809072e-12,1.4080286895903307e-12,8.116508172934292e-12,5.548073908603798e-10,1.0000000027586944,1,2
840,05:40:00,4.165236900094917e-11,2.6192283645234867e-12,1.7931617222459742e-12,2.456499232957135e-12,1.6015662454298246e-11,3.278073351791196e-10,1.0000000027858331,1,2
841,05:40:30,2.5472784138686195e-11,3.6288087316950555e-12,1.8041764614971098e-12,1.0747060491823923e-12,5.5668568018524804e-12,1.108922801291309e-10,1.0000000028132716,1,2
842,05:41:00,2.4648984269277112e-11,2.8538971731164917e-12,2.0777220570671473e-12,1.0365806514955114e-12,6.423052898935775e-12,1.521865468344842e-10,1.0000000028410119,1,2
843,05:41:30,1.4398080116470942e-11,3.256296732443536e-12,1.3804171027893262e-12,1.3756051162721308e-12,9.351169769707578e-12,8.387162456483436e-11,1.0000000028690592,1,2
844,05:42:00,3.6886745791532e-11,2.0981699394759706e-12,1.9084244383379802e-12,8.52912182593226e-13,5.010103296791076e-12,6.452777939195683e-11,1.000000002897418,1,2
845,05:42:30,3.5083784907962486e-11,2.3813458358398846e-12,1.6582351030827305e-12,8.150257289154666e-13,4.427041269226292e-12,7.601133241999671e-11,1.0000000029260923,1,2
846,05:43:00,6.434421540494872e-11,2.67882256114859e-12,1.878663521715456e-12,1.0569480327596251e-12,5.52476754645551e-12,1.329018126938363e-10,1.0000000029550877,1,2
847,05:43:30,2.6983558501136665e-11,2.5564316422671533e-12,1.5903029597849516e-12,1.5922925600182194e-12,9.489895376907577e-12,1.918794716099137e-10,1.000000002984407,1,2
848,05:44:00,1.9303626032937595e-11,2.4754766010324675e-12,1.3413371069858926e-12,1.124639722642363e-12,6.796357773739889e-12,9.475035074629972e-11,1.0000000030140554,1,2
849,05:44:30,4.585380929243335e-11,2.1317030619526286e-12,4.179793442203667e-12,1.7640693101976702e-12,9.58423611310624e-12,7.01954839059008e-11,1.000000003044036,1,2
850,05:45:00,2.3416413859124514e-11,2.545703803250627e-12,1.9922647265670914e-12,1.3058473645045341e-12,8.38394933876127e-12,8.973312363498712e-11,1.0000000030743579,1,2
851,05:45:30,1.1062865407798419e-10,6.003392226039117e-12,1.6888307974914722e-12,1.5883746453164085e-12,1.083296706608139e-11,1.1983765334035084e-10,1.0000000031050218,1,2
852,05:46:00,1.7376911127650376e-11,2.7037223015622245e-12,1.960422998811646e-12,1.3806832229249568e-12,8.046126858960023e-12,6.21063703128548e-11,1.0000000031360357,1,2
853,05:46:30,3.9104234436483545e-11,4.063382997428937e-12,2.2133986275778497e-12,1.2583458273538172e-12,7.654875760022152e-12,1.0314507212705309e-10,1.0000000031674015,1,2
854,05:47:00,4.1495350822441336e-11,3.0853988775884763e-12,1.9811531730641224e-12,1.358745490394966e-12,5.9748254068601215e-12,9.06330338590609e-11,1.0000000031991254,1,2
855,05:47:30,3.9690659402386965e-11,2.1411005021124647e-12,1.8805125075892863e-12,1.6721105250934824e-12,1.2149514165687694e-11,1.3285945842368215e-10,1.0000000032312142,1,2
856,05:48:00,3.307693171860478e-11,2.4754961989508183e-12,2.5569143565885295e-12,1.489344248705733e-12,9.241237435866626e-12,1.0273912376488891e-10,1.000000003263672,1,2
857,05:48:30,5.177190448483826e-11,3.826656236558007e-12,1.7988575363966809e-12,1.1823168344319495e-12,7.772672721560985e-12,1.0166075674450488e-10,1.000000003296504,1,2
858,05:49:00,1.048243344595046e-10,2.7046599132342087e-12,3.0136294037732126e-12,1.8534330536519263e-12,1.2583307473812733e-11,1.0370009893604307e-10,1.000000003329715,1,2
859,05:49:30,4.755728275273904e-11,3.3436326307962434e-12,2.374303555869033e-12,6.636534459817454e-13,3.459834363411665e-12,1.1902358107895112e-10,1.0000000033633145,1,2
860,05:50:00,1.8369814336465052e-11,3.4312701956550948e-12,2.1623638733155976e-12,1.6017520723655995e-12,1.0007383626343085e-11,6.814665103448348e-11,1.000000003397303,1,2
861,05:50:30,5.0882461640334285e-11,2.3166771518877725e-12,2.296355733324702e-12,1.4812049752509427e-12,9.662840261093623e-12,4.9230692334829774e-11,1.00000000343169,1,2
862,05:51:00,6.166581881225011e-11,5.034739397786476e-12,1.801970434014736e-12,1.1089222696165634e-12,7.018558963697658e-12,9.228073413228733e-11,1.0000000034664795,1,2
863,05:51:30,5.042486910404938e-11,3.3438492309712525e-12,2.2974093662110154e-12,1.2986325179984149e-12,7.605604623214183e-12,4.525453664139705e-11,1.0000000035016796,1,2
864,05:52:00,5.0769843497461156e-11,4.251213236441476e-12,2.9683390226029757e-12,8.465946341868701e-13,4.973102020482393e-12,9.546945163429416e-11,1.000000003537294,1,2
865,05:52:30,5.1856881181454396e-11,2.3753816288853066e-12,1.90504336362395e-12,4.303648267283798e-13,1.4842649467669957e-12,1.6346846063080987e-10,1.0000000035733287,1,2
866,05:53:00,2.6882267535492287e-11,3.4301073678907376e-12,2.331963055795257e-12,1.609262005501902e-12,8.697064420561611e-12,7.929926512770518e-11,1.000000003609794,1,2
867,05:53:30,3.390258225472657e-11,3.3663018224735434e-12,2.1363160874204102e-12,2.7870255306060114e-12,1.9611661902214825e-11,1.0824252019323101e-10,1.0000000036466936,1,2
868,05:54:00,4.766226427497045e-11,3.3381102293734105e-12,2.7777170258187237e-12,1.385806008704532e-12,8.493628829735788e-12,1.2211363077662757e-10,1.0000000036840337,1,2
869,05:54:30,4.097918600351097e-11,4.036227401839708e-12,2.593055604608637e-12,1.3701862367025994e-12,1.005037638154084e-11,4.30227429651422e-11,1.000000003721822,1,2
870,05:55:00,4.8283613571359193e-11,3.3844445244122476e-12,2.5322031967349867e-12,9.968434041362871e-13,5.854290966118182e-12,6.647539362021816e-11,1.0000000037600654,1,2
871,05:55:30,4.102848261007203e-11,3.382402840944247e-12,2.1726544685958415e-12,6.032692915266066e-13,2.540138444982257e-12,1.5372115141514097e-10,1.0000000037987717,1,2
872,05:56:00,6.625670156564601e-11,4.531353742610364e-12,3.6132186419071778e-12,1.8878047580994185e-12,1.3548090944973143e-11,1.1333115845199299e-10,1.000000003837946,1,2
873,05:56:30,4.32146999639886e-11,3.1106424718691028e-12,2.2078200308432525e-12,1.0029549850213518e-12,6.236968429708178e-12,2.5057250814651857e-10,1.0000000038775967,1,2
874,05:57:00,1.042880192963967e-10,4.314264643413859e-12,1.7397527963880772e-12,6.449342310779663e-13,3.881357028877817e-12,1.2380316240423358e-10,1.0000000039177328,1,2
875,05:57:30,1.309398351258894e-10,4.522203698654718e-12,3.6621795887610564e-12,1.270343282453402e-12,4.141230529599231e-12,1.2317388297104576e-10,1.000000003958361,1,2
876,05:58:00,9.390126783030669e-11,5.5446031200543604e-12,2.3920248580293474e-12,1.804223189301088e-12,1.305990217810408e-11,2.8243663682519957e-10,1.0000000039994867,1,2
877,05:58:30,3.54473205204575e-11,3.016512235157753e-12,1.8066437505581815e-12,5.465328408512366e-13,2.0882593370480963e-12,1.680248317333363e-10,1.0000000040411212,1,2
878,05:59:00,4.272811223899213e-11,3.692075537472043e-12,2.29701534508992e-12,7.079521028548883e-13,3.4532010206347575e-12,6.363023607412518e-11,1.000000004083271,1,2
879,05:59:30,6.270150334447383e-11,4.571154735477211e-12,2.3088594636992047e-12,1.2847439094674142e-12,8.245902435532755e-12,1.0044881963160956e-10,1.0000000041259458,1,2
880,06:00:00,6.183619784873996e-11,2.753245027212433e-12,2.260011032536383e-12,6.82966534637874e-13,2.8413999457329044e-12,2.3400998168092123e-10,1.000000004169151,1,2
881,06:00:30,1.2587730961877838e-10,3.828939325127064e-12,2.404658102375758e-12,9.476941958808098e-13,5.30134469408536e-12,9.314905401711529e-11,1.0000000042128976,1,2
882,06:01:00,2.937144959845147e-11,2.6439494586767445e-12,2.1864272701354615e-12,6.427747098088187e-13,3.568660995784806e-12,8.2715022858806e-11,1.0000000042571946,1,2
883,06:01:30,4.484992066909205e-11,4.648212938830496e-12,2.2859660886308233e-12,1.426478181797069e-12,1.0089917851598847e-11,7.147506043056074e-11,1.0000000043020485,1,2
884,06:02:00,5.976602464970938e-11,3.779735582349061e-12,2.3389578027992332e-12,9.936616576932278e-13,5.935848637273323e-12,9.200581152150825e-11,1.00000000434747,1,2
885,06:02:30,7.974072654862552e-11,4.637788523808436e-12,3.794144239224705e-12,8.517288394203386e-13,4.118313894028625e-12,1.5011352861669727e-10,1.000000004393471,1,2
886,06:03:00,5.167270780373114e-11,2.723921453710591e-12,1.4713689913333384e-12,1.0871894215217251e-12,6.427905834207926e-12,1.0234884010420625e-10,1.0000000044400574,1,2
887,06:03:30,1.0645259662461086e-10,3.103391663915257e-12,1.9820836100001597e-12,1.2987105693186991e-12,7.2593667890164e-12,1.3859636859301363e-10,1.0000000044872401,1,2
888,06:04:00,9.212904563496229e-11,4.43719567861822e-12,3.259097407136636e-12,1.4863811445116211e-12,9.927059318994064e-12,1.2601340929188677e-10,1.0000000045350292,1,2
889,06:04:30,8.220735296904412e-11,5.197599575662246e-12,2.192781126682966e-12,8.28845228039858e-13,2.768759934603917e-12,9.013416367076709e-11,1.0000000045834334,1,2
890,06:05:00,1.0184504508539336e-10,4.213526177657615e-12,2.4402530692164687e-12,8.352449500340659e-13,4.160254040660332e-12,1.1943977023270432e-10,1.0000000046324686,1,2
891,06:05:30,3.6196474370274356e-11,4.180429736441639e-12,2.7026075286122708e-12,4.3553138940257105e-13,1.8536309590213935e-12,9.740008761238601e-11,1.0000000046821373,1,2
892,06:06:00,8.01046527118811e-11,3.738629119113407e-12,2.5693974319046737e-12,1.5577718281664474e-12,9.941637550212521e-12,8.477664154847569e-11,1.0000000047324555,1,2
893,06:06:30,8.304588712491381e-11,4.450075092316705e-12,1.9786003741508937e-12,5.343135784372232e-13,2.025284291398127e-12,8.898693248188731e-11,1.000000004783434,1,2
894,06:07:00,1.3098787624302793e-10,4.6858972395100554e-12,1.8973005362462845e-12,7.129766796566317e-13,3.9567792904007584e-12,1.3705515027831928e-10,1.0000000048350821,1,2
895,06:07:30,1.0304734331379911e-10,4.434003681724898e-12,1.876647364803501e-12,7.224328529161241e-13,4.4655541557511e-12,9.988748735673059e-11,1.0000000048874116,1,2
896,06:08:00,9.894109344829404e-11,3.9745043524801825e-12,3.348309086403198e-12,8.129850964760554e-13,5.373163431027062e-12,1.6244885945982457e-10,1.0000000049404352,1,2
897,06:08:30,7.56729820233835e-11,3.007114673539253e-12,2.684544155122876e-12,6.652265731856144e-13,3.3420660715007173e-12,1.5004539438127606e-10,1.0000000049941646,1,2
898,06:09:00,7.215146275100504e-11,4.8721000836648315e-12,2.4316462584908994e-12,7.624135407817291e-13,2.703784998249774e-12,9.2125333900809e-11,1.0000000050486113,1,2
899,06:09:30,1.477910720585688e-10,5.13536027819754e-12,2.8783897570620537e-12,1.0916839884247751e-12,5.804503964178179e-12,1.2745696299637295e-10,1.00000000510379,1,2
900,06:10:00,8.87412898537554e-11,3.281922568247009e-12,2.136844093048613e-12,6.305699985538327e-13,3.4677596603873653e-12,1.4098174248917453e-10,1.0000000051597129,1,2
901,06:10:30,1.409402384900991e-10,4.052922843731834e-12,2.5317191204141417e-12,6.915958917649955e-13,3.763411444189696e-12,3.47771284437467e-10,1.0000000052163902,1,2
902,06:11:00,2.488702027065013e-10,5.793156593605489e-12,3.462844370371341e-12,9.099791640652659e-13,2.8874865590960596e-12,2.0672210655832882e-10,1.000000005273838,1,2
903,06:11:30,6.942816541244641e-11,4.2850136036127875e-12,2.803940399614927e-12,1.020941799056084e-12,6.13446057783435e-12,1.2725597381775856e-10,1.000000005332069,1,2
904,06:12:00,7.060015534261975e-11,3.7066819875910905e-12,2.493069233767399e-12,7.595887199810232e-13,4.856598694541779e-12,1.452928273904141e-10,1.0000000053910998,1,2
905,06:12:30,1.3137105670431691e-10,8.8843954737566e-12,7.346972564090285e-12,5.143930377119711e-12,8.139581370481727e-12,1.1133631514638065e-08,1.000000005450941,1,0
906,06:13:00,2.515581134919892e-11,4.301582073575754e-12,3.8564083664567045e-12,2.5589854812755447e-12,2.8364981365243203e-12,3.954530874250667e-08,1.0000000055116085,1,0
907,06:13:30,2.1149237511077592e-11,2.0035097717887016e-12,1.5935287720998229e-12,9.627148820908336e-13,2.184808784081013e-12,2.0313139435648497e-09,1.0000000055731175,1,1
908,06:14:00,3.545682290481031e-11,2.555574717369619e-12,1.2687035989102211e-12,6.82205377772437e-13,3.0944744677185524e-12,2.2741734028454534e-09,1.000000005635484,1,2
909,06:14:30,2.863260933030628e-11,2.064194359579838e-12,2.6493544889808427e-12,2.3208147046227105e-12,3.0642055965522892e-12,9.686300056464784e-09,1.0000000056987228,1,1
910,06:15:00,3.3877699653596735e-11,2.9499555098759415e-12,1.4426453538303643e-12,5.537140862699888e-13,1.456061614297824e-12,1.1433103813039664e-08,1.0000000057628506,1,1
911,06:15:30,1.4121220300215024e-10,1.6063458031992558e-11,3.167674263770988e-12,6.179491451105509e-13,2.1881962169435215e-12,3.5845266181517274e-09,1.000000005827883,1,2
912,06:16:00,1.1829699161697546e-10,4.8223581197103135e-12,3.0767121053704913e-12,8.8572711040947e-13,2.9947356179268102e-12,2.980307097444914e-10,1.0000000058938368,1,2
913,06:16:30,2.8181723710828124e-11,2.849223852101827e-12,1.6374128030351967e-12,9.33648142344708e-13,3.963872282202499e-12,2.3272403598907305e-09,1.0000000059607306,1,2
914,06:17:00,5.304473927021091e-11,6.03655889883755e-12,1.4119956318409746e-12,8.394321128968285e-13,2.424657892579559e-12,4.7877196053576045e-09,1.000000006028581,1,2
915,06:17:30,4.871142848302095e-11,2.690731871193307e-12,1.4381153408339269e-12,7.216655085722608e-13,2.6457634396637532e-12,5.564787091831259e-10,1.000000006097405,1,2
916,06:18:00,2.6425044914747498e-11,2.9467182199720767e-12,2.9068433446655975e-12,1.4988579291099656e-12,7.546918770504448e-12,1.3543292404048904e-09,1.000000006167223,1,2
917,06:18:30,8.465316277082238e-11,4.49395935038531e-12,2.5401335757413332e-12,8.032762684904066e-13,2.613783309471988e-12,1.4339249508189538e-09,1.0000000062380527,1,2
918,06:19:00,4.187383273200372e-11,2.6778310881081546e-12,2.015040580811942e-12,1.537400064410833e-12,8.210732598626342e-12,3.660727638090094e-10,1.0000000063099137,1,2
919,06:19:30,1.7610900557794927e-10,6.328884434561938e-12,3.0268241296414435e-12,1.1285872393693506e-12,5.727818904234449e-12,3.245397229772165e-09,1.0000000063828256,1,2
920,06:20:00,2.7875729170423923e-11,2.9688684454146054e-12,1.5408583243970308e-12,6.410635713091483e-13,1.578648003224101e-12,3.461871188630304e-10,1.0000000064568078,1,2
921,06:21:00,3.9616905907277976e-11,2.953872031777558e-12,1.7912025895638994e-12,1.259069254858633e-12,7.351948822794428e-12,3.5120245721532246e-10,1.0000000066080705,1,2
922,06:21:30,8.397756383287093e-11,4.5577033759063636e-12,2.7398269720049825e-12,7.274465921863307e-13,3.1611565264153123e-12,4.247772792022959e-10,1.0000000066853936,1,2
923,06:22:00,3.233923042362353e-11,1.9795909325730507e-12,2.1880972850325667e-12,1.000120043134972e-12,4.8698698304388854e-12,4.553470889406775e-10,1.0000000067638743,1,2
924,06:22:30,3.309174354234116e-11,3.3880204961833085e-12,1.9961640801807757e-12,8.064797267074459e-13,2.6010851170228097e-12,1.6018017344081078e-10,1.0000000068435326,1,2
925,06:23:00,7.678110726958105e-11,3.0067317427796203e-12,1.3358537983760199e-12,1.3172333013788557e-12,6.510992358148401e-12,9.667492718748431e-11,1.0000000069243964,1,2
926,06:23:30,1.882448597681483e-11,2.539741529135725e-12,2.2639670836508544e-12,1.26167195833451e-12,5.9845778335644006e-12,8.179655420665326e-11,1.0000000070064878,1,2
927,06:24:00,5.704438555487017e-11,5.11555434067211e-12,1.936156113952345e-12,1.5469241875687687e-12,1.0036538744027412e-11,6.204685484354442e-11,1.0000000070898305,1,2
928,06:24:30,6.953236601284376e-11,3.1323089715510662e-12,1.9368597861995216e-12,5.95330723663452e-13,2.138794574138437e-12,8.50776453435606e-11,1.0000000071744508,1,2
929,06:25:00,2.7032763038421604e-11,3.5799799737034883e-12,3.0294413112120334e-12,1.5576266450547908e-12,7.596157398489736e-12,1.0654348958478578e-10,1.000000007260374,1,2
930,06:25:30,6.838774953998404e-11,3.382995274996266e-12,1.599275640867772e-12,1.2754955467587483e-12,6.867029987537374e-12,1.873348227744469e-10,1.0000000073476263,1,2
931,06:26:00,3.936615151742901e-11,4.157072240316765e-12,1.6176387563124037e-12,1.7794069982380803e-12,1.0885859778963303e-11,5.04554605859407e-11,1.0000000074362356,1,2
932,06:26:30,1.8994691551885244e-11,2.9668942498228445e-12,9.851136542298613e-13,4.5505610635016e-13,8.715712063962847e-13,1.2270499415153029e-10,1.00000000752623,1,2
933,06:27:00,6.860596068827644e-11,4.664841931573e-12,2.074973883745174e-12,1.5033617064446144e-12,8.148913530611375e-12,1.2976961301606032e-10,1.0000000076176383,1,2
934,06:27:30,3.232165270061769e-11,2.4571369884483242e-12,1.3813116663079597e-12,6.838935419984647e-13,2.1213671556813768e-12,2.5041087566749374e-10,1.0000000077104896,1,2
935,06:28:00,4.472458525942714e-11,3.2891792956615705e-12,1.6111555709261113e-12,1.2445617149678078e-12,5.063888832872164e-12,1.7435809072687793e-10,1.0000000078048146,1,2
936,06:28:30,1.1846438485656242e-10,1.1175843443159911e-11,2.1227905446927373e-12,7.211197379655308e-13,2.5749702487825836e-12,1.0940377373044872e-10,1.0000000079006415,1,2
937,06:29:00,1.11374958953459e-10,4.085470025580043e-12,1.1778957477158662e-12,1.4711743799611082e-12,5.0599140030985954e-12,3.005649696154869e-10,1.0000000079980043,1,2
938,06:29:30,3.200049035843031e-11,7.077403398011847e-12,2.969416019037614e-12,1.4468853260016463e-12,4.718671709832555e-12,5.717023390775343e-10,1.0000000080969356,1,2
939,06:30:00,4.375925587916149e-11,8.740872549355104e-12,1.5428832386889336e-12,6.929111712124166e-13,1.7411691866983013e-12,2.5643057427043884e-10,1.0000000081974676,1,2
940,06:30:30,5.4858891577078565e-11,6.902915096129941e-12,1.384229040208138e-12,9.414623645363945e-13,1.971371006108282e-12,3.8903792828990615e-10,1.0000000082996368,1,2
941,06:31:00,4.8185446101223725e-11,5.697366329766978e-12,1.2798937106533098e-12,4.350375162331978e-13,7.632635879949128e-13,1.4621971844700855e-10,1.0000000084034766,1,2
942,06:31:30,8.474750030650225e-11,4.221613812419397e-12,1.059609711653538e-12,3.382808213925725e-13,6.925121386030521e-13,8.152642047487086e-09,1.0000000085090237,1,2
943,06:32:00,2.329274896662062e-11,3.4149483511515287e-12,6.205984074568539e-13,3.243885001921332e-13,5.186793441776643e-13,1.722818368878562e-08,1.0000000086163154,1,2
944,06:32:30,5.82728448325708e-11,4.811995510591657e-12,7.974697148779761e-13,2.8677304829739325e-13,5.050785397508576e-13,8.525559464853198e-09,1.0000000087253875,1,2
945,06:33:00,5.781203579820617e-11,3.874450099239653e-12,1.2336154980666866e-12,4.591922505357358e-13,6.906729935054284e-13,3.9006264914298226e-08,1.0000000088362837,1,4
946,06:33:30,2.182700287869405e-11,4.86815664661022e-12,9.113359794504754e-13,2.7525047324252007e-13,4.435013585638147e-13,3.129224223830336e-08,1.0000000089490426,1,4
947,06:34:00,2.573072099163103e-11,3.4320748045895396e-12,9.047749901047647e-13,3.42848885743875e-13,5.557359793073929e-13,2.1295803104267705e-08,1.000000009063705,1,4
948,06:34:30,3.6247219675436935e-11,4.663548743372896e-12,8.264759720513829e-13,3.1979212367308285e-13,5.605960778166582e-13,2.1459755709079348e-08,1.0000000091803132,1,4
949,06:35:00,1.8662474527929347e-10,4.8491431785009025e-12,1.2044734452504487e-12,3.6374160780099196e-13,6.43153657186233e-13,4.980254668573755e-08,1.0000000092989125,1,4
950,06:35:30,2.8319681477601603e-11,3.4730738284065633e-12,7.718737117038825e-13,3.4861576499421527e-13,5.806945721466976e-13,6.972044586022757e-08,1.000000009419547,1,4
951,06:36:00,8.76668851832186e-11,3.5130454991653478e-12,1.3398498490632825e-12,4.219803714900392e-13,8.334603029141028e-13,9.775295452572755e-08,1.0000000095422625,1,4
952,06:36:30,1.690478039144481e-11,2.6609897080108385e-12,7.225155388118439e-13,4.151034756876014e-13,5.704603061798513e-13,1.8921183262973938e-08,1.0000000096671091,1,4
953,06:37:00,1.6025056428515366e-11,3.87343247314239e-12,6.04090854289125e-13,2.4803299499783145e-13,3.7700386028257426e-13,2.1727176996501696e-09,1.0000000097941326,1,4
954,06:37:30,2.6562886425487207e-11,3.624178027001358e-12,8.85335052645987e-13,2.620451939121052e-13,3.8797987646101155e-13,3.83762323687301e-08,1.0000000099233852,1,4
955,06:38:00,3.8313275235075455e-11,5.2601393904252514e-12,8.360142792117056e-13,3.1015106173795815e-13,5.57781546517837e-13,2.7712066473834765e-08,1.0000000100549182,1,4
956,06:38:30,2.44456396573474e-11,3.4647822660839008e-12,8.92760365756427e-13,3.0673534418354165e-13,6.284074150893288e-13,9.682226501091423e-09,1.000000010188786,1,4
957,06:39:00,1.8492539096422083e-11,2.4628433888685412e-12,7.13099367995284e-13,2.839417155954761e-13,3.249142165059072e-13,2.9209880123533333e-08,1.000000010325043,1,4
958,06:39:30,4.901466043920286e-11,5.069802850515844e-12,1.1484252152529288e-12,3.230995525675451e-13,3.707178735303149e-13,5.595206432525719e-08,1.0000000104637456,1,4
959,06:40:00,3.6993023775168937e-11,4.722086549811464e-12,9.225723386858617e-13,3.0472370935088535e-13,3.4101480886928647e-13,2.453976473416032e-08,1.0000000106049525,1,4
960,06:40:30,3.67467509339018e-11,6.575564595255519e-12,1.1657553161854166e-12,3.2137806655795864e-13,5.937095914844774e-13,1.7154292390848586e-08,1.0000000107487237,1,4
961,06:41:00,2.3692314478951403e-11,3.802127169308952e-12,1.1025603286727618e-12,2.6264654875594866e-13,4.369361178194363e-13,1.9788515022977284e-08,1.0000000108951208,1,4
962,06:41:30,3.5472718833910696e-11,3.708642412914423e-12,8.841339071743344e-13,2.6402718131884267e-13,2.8073803332767307e-13,4.0658037786439606e-08,1.0000000110442073,1,4
963,06:42:00,3.869036825033248e-11,3.775495371426733e-12,1.2962683326246653e-12,3.848015574710805e-13,6.714664716417113e-13,1.7516675455125562e-08,1.0000000111960514,1,4
964,06:42:30,2.6557966242602996e-11,4.527810600845851e-12,8.282190783217629e-13,3.151178684788306e-13,4.285054387840216e-13,2.3647672632132234e-08,1.000000011350718,1,4
965,06:43:00,1.1783504012540882e-11,1.5903560106171964e-12,7.253926011147044e-13,3.1169438172235144e-13,3.8287941816103635e-13,1.2620719932876677e-08,1.0000000115082779,1,4
966,06:43:30,1.8364425051776007e-11,5.308828684493879e-12,1.3315397376132975e-12,2.965219112804264e-13,5.063745261322745e-13,7.641304529538449e-09,1.000000011668802,1,4
967,06:44:00,2.3436256330230168e-11,3.921530409240593e-12,8.186816729413716e-13,2.898861570139972e-13,6.165375358235009e-13,8.193744566113492e-09,1.0000000118323678,1,4
968,06:44:30,2.549277836741031e-11,4.197298427060191e-12,7.979692881650145e-13,2.662987025451093e-13,5.584447171149528e-13,9.264954249560441e-09,1.0000000119990473,1,4
969,06:45:00,3.662161771257193e-11,4.736405254700481e-12,6.956597128241918e-13,2.669139725153332e-13,4.998961405060457e-13,9.489105640130155e-09,1.0000000121689216,1,4
970,06:45:30,2.2959210112138453e-11,3.966237628568002e-12,1.030819073824306e-12,2.797886651474672e-13,4.641926396884472e-13,1.6063364264372178e-08,1.0000000123420745,1,4
971,06:46:00,5.932730936423458e-11,3.87271713464842e-12,1.0782278590301574e-12,2.7094132037785616e-13,4.807681105752604e-13,3.024242618290608e-08,1.0000000125185862,1,4
972,06:46:30,7.116971063994558e-11,6.989743047545773e-12,9.256964410360937e-13,2.730086815842884e-13,5.184530317565559e-13,1.9324857356790487e-08,1.0000000126985455,1,4
973,06:47:00,1.1935824437921083e-10,5.2992654468360605e-12,7.849850825928694e-13,2.7471797843860107e-13,3.566485738924193e-13,7.283508869392884e-08,1.0000000128820414,1,4
974,06:47:30,7.729637035452549e-11,5.33315052221071e-12,9.614810516674978e-13,3.2176068664659334e-13,5.847283016446883e-13,1.639578840696339e-08,1.0000000130691662,1,4
975,06:48:00,2.5633329036844184e-11,4.257859002461254e-12,8.138271760335441e-13,3.2190336455491e-13,5.519871108028739e-13,4.9342457733722626e-08,1.0000000132600162,1,4
976,06:48:30,2.387682833113697e-11,4.0329755852296085e-12,7.515383973377182e-13,3.077094307883821e-13,6.000114336141366e-13,2.722775114729197e-08,1.0000000134546898,1,4
977,06:49:00,6.594880537770782e-11,4.918474759769432e-12,1.1540673304959938e-12,3.6486482768781403e-13,3.3055188922302804e-13,4.27583648234463e-08,1.0000000136532883,1,4
978,06:49:30,1.71852246252528e-11,2.144673647781168e-12,5.277660321745247e-13,2.732442187693386e-13,4.177510983102048e-13,1.8517453131775442e-08,1.0000000138559186,1,4
979,06:50:00,4.033029462571702e-11,4.075224044842115e-12,8.34177072511051e-13,2.6283879544499655e-13,3.8351921533770107e-13,2.5513846280429775e-08,1.0000000140626883,1,4
980,06:50:30,1.7582347766114647e-11,3.807263157031751e-12,8.077095040142028e-13,3.1593006997718675e-13,5.22038570752969e-13,1.0899320607492122e-08,1.0000000142737107,1,4
981,06:51:00,4.208830679522063e-11,4.4867442124129275e-12,7.831189460347102e-13,2.92848510735255e-13,4.698422692561106e-13,1.8954872867998722e-08,1.0000000144891024,1,4
982,06:51:30,1.749558809044245e-11,2.6607329798814608e-12,8.983909088506725e-13,2.653085106712708e-13,3.6856011281259365e-13,1.1680642234981484e-08,1.0000000147089834,1,4
983,06:52:00,2.0635726747716945e-11,3.4920765754806713e-12,7.824376121745315e-13,2.9478523700782817e-13,4.671401668317598e-13,1.83359268654719e-09,1.000000014933479,1,4
984,06:52:30,2.5126073754764824e-11,4.57176718625789e-12,7.560225147776187e-13,3.658635053285196e-13,7.144558794145406e-13,2.8110221976144207e-08,1.0000000151627166,1,4
985,06:53:00,1.814792527053518e-11,2.2633808383337262e-12,9.447028474069366e-13,3.0851312334042775e-13,5.54996069701664e-13,5.8173961379351164e-09,1.0000000153968314,1,4
986,06:53:30,2.0070087367084616e-11,2.471533796384939e-12,6.872971954603745e-13,3.197784069233709e-13,4.222715235011707e-13,7.518338083267116e-10,1.0000000156359619,1,4
987,06:54:00,4.2063498258149916e-11,5.143720565649672e-12,1.2328054314962327e-12,4.679918646064565e-13,8.234467988721799e-13,2.228212952665314e-10,1.0000000158802496,1,2
988,06:54:30,2.309466424594494e-11,3.280286433880688e-12,7.55904133560276e-13,3.965151728632379e-13,8.231925317114955e-13,2.263471927585643e-10,1.0000000161298443,1,2
989,06:55:00,3.7407854217736444e-11,6.971861775084375e-12,1.4380549702980265e-12,4.328641598196922e-13,8.720152265307297e-13,5.679145794847084e-10,1.000000016384899,1,2
990,06:55:30,2.1056960328624607e-11,3.762269787198214e-12,8.892164292044947e-13,6.989447066425756e-13,2.3036187344048613e-12,7.595356380352806e-11,1.000000016645572,1,2
991,06:56:00,3.15882001339617e-11,4.738760525604747e-12,1.109588808670136e-12,4.839327111206642e-13,1.1913437401186284e-12,1.0987273529141134e-10,1.0000000169120298,1,2
992,06:56:30,2.710796625865222e-11,4.8913342929331084e-12,9.770129246720033e-13,7.306188762265728e-13,2.275805469124012e-12,7.978642157344407e-11,1.0000000171844432,1,2
993,06:57:00,2.5869123881174e-11,2.8885184127657744e-12,1.0015171131062558e-12,5.657782594824908e-13,1.1083969113940038e-12,1.2064558162455667e-10,1.000000017462988,1,2
994,06:57:30,5.486765541925861e-11,4.973811676944495e-12,3.3791919756274332e-12,2.7018269811003285e-12,3.4781012421651502e-12,1.4081447947207414e-08,1.0000000177478505,1,2
995,06:58:00,2.6246533950379502e-11,2.2586098381582436e-12,1.7749065914322468e-12,1.591984951657319e-12,1.3443401148327406e-12,5.019559622012579e-09,1.0000000180392206,1,1
996,06:58:30,1.5845871978828684e-11,2.7617347246944344e-12,1.3910964237512476e-12,6.116816385681326e-13,1.7347489738851232e-12,3.5589044267883607e-09,1.0000000183372961,1,2
997,06:59:00,7.875452434161003e-11,5.448552780826552e-12,1.3994372340273071e-12,2.005050001562832e-12,9.445415453630394e-12,3.6511846750387808e-09,1.000000018642284,1,2
998,06:59:30,4.073905688775228e-11,3.834738403690222e-12,1.0685616214854505e-12,8.032684342299425e-13,2.0653979061347253e-12,8.968977504692586e-10,1.0000000189543972,1,2
999,07:00:00,5.099024951396115e-11,4.552984176743495e-12,1.348682851808569e-12,5.703165315704044e-13,1.9034688035448965e-12,4.546063605197338e-10,1.0000000192738574,1,2
1000,07:00:30,2.1505849883934734e-11,2.4160961112538592e-12,1.2775535005434447e-12,7.929623464921946e-13,1.7767659954431977e-12,8.082863169690522e-09,1.0000000196008962,1,2
1001,07:01:00,4.4040170367171766e-11,2.5760008364760696e-12,1.7847588222091446e-12,1.6918731453347968e-12,6.386273435830012e-12,1.1075459775144054e-09,1.000000019935755,1,2
1002,07:01:30,2.424074231555495e-11,2.4718199233336873e-12,1.3208638520167718e-12,7.102788789617565e-13,3.1923347718647386e-12,2.6902846474835427e-10,1.0000000202786794,1,2
1003,07:02:00,2.359126357525967e-11,3.193070793974038e-12,2.7991835973126718e-12,1.1139429889687126e-12,3.771218610419706e-12,1.1797095704953983e-10,1.00000002062993,1,2
1004,07:02:30,3.26042976645378e-11,3.055052678092044e-12,1.3346430421323253e-12,8.863740373508473e-13,3.1961933235132097e-12,5.399613688669117e-11,1.0000000209897775,1,2
1005,07:03:00,2.6871802022872565e-11,2.5397070606011413e-12,2.0229090534663946e-12,1.6530055738997923e-12,1.0181376887401584e-11,7.051788665202231e-11,1.0000000213585023,1,2
1006,07:03:30,4.9400914822451126e-11,2.4138511183074187e-12,6.706135682194894e-13,5.179944948336892e-13,1.4150629321932332e-12,4.580140527578693e-11,1.0000000217363967,1,2
1007,07:04:00,2.519790349394457e-11,2.212604635885738e-12,1.4174574579689139e-12,6.767033343207456e-13,2.3900122270566645e-12,1.1606623209352421e-10,1.0000000221237655,1,2
1008,07:04:30,6.699998037685186e-11,4.584127226484291e-12,3.686072776622343e-12,2.154510851901325e-12,4.745750105491512e-12,2.62575692176616e-08,1.0000000225209242,1,1
1009,07:05:00,4.0008658811843094e-11,2.9670174496264473e-12,1.4059681630236732e-12,1.1780555190452136e-12,1.2037353060793807e-12,1.0830166712429619e-07,1.0000000229282027,1,1
1010,07:05:30,5.618789157974484e-10,2.1576577668922895e-11,1.4655866188982816e-11,2.5248420239415498e-11,1.2830627845715556e-11,1.8675480753622405e-07,1.0000000233459458,1,0
1011,07:06:00,1.4991346360371386e-10,3.0939618112395954e-12,8.367110265731001e-13,8.380873026739145e-13,1.438891225817844e-12,2.6656616382796372e-08,1.000000023774512,1,0
1012,07:06:30,1.2759923485204318e-11,1.1878159527224252e-12,7.995255160430867e-13,4.458498255344899e-13,1.3099905296968733e-12,4.913563629817433e-08,1.000000024214277,1,1
1013,07:07:00,1.7001996949326724e-11,1.2063905523115437e-12,6.571711114055687e-13,3.5339793892453937e-13,6.070277398330206e-13,3.4924811011859864e-08,1.00000002466563,1,1
1014,07:07:30,1.841894370353555e-11,2.858716495919323e-12,2.865435693620369e-12,2.8481389165036666e-12,2.7816590301542516e-12,2.1821702057478266e-08,1.0000000251289778,1,0
1015,07:08:00,3.349691252107908e-10,2.044865995416724e-11,1.7822292665163241e-12,5.708938213639243e-13,1.1334343094233173e-12,6.467489467023932e-08,1.0000000256047494,1,0
1016,07:08:30,4.717396807245326e-11,2.0830399519387756e-12,1.5388387838678665e-12,1.42890160393173e-12,2.5572082785605165e-12,5.2504519158166854e-08,1.0000000260933861,1,0
1017,07:09:00,1.397083724344619e-11,1.601624577663086e-12,6.837369101265767e-13,3.470263351860938e-13,5.942541124322838e-13,6.141476892753486e-08,1.0000000265953526,1,1
1018,07:09:30,2.470501970432464e-11,1.7507724950343625e-12,3.830887735242772e-13,2.2578940330780338e-13,2.8701195578314765e-13,1.7711357255679357e-08,1.0000000271111358,1,1
1019,07:10:00,2.1173233951202395e-11,3.5366730916306216e-12,1.0057782391109972e-12,1.0544418628438062e-12,8.936184675631849e-13,9.704028635495526e-09,1.0000000276412429,1,1
1020,07:10:30,4.847604233838829e-11,1.789089677487942e-12,1.0011283490125746e-12,7.651419140480173e-13,9.355148628259676e-13,3.6885331240716446e-08,1.0000000281862051,1,1
1021,07:11:00,1.2921650824078343e-11,1.5691690274173514e-12,1.4452022006364811e-12,1.3240194523591114e-12,2.085987024002591e-12,1.9758020478416292e-08,1.0000000287465758,1,0
1022,07:11:30,1.3185703253753127e-11,1.050252672130171e-12,6.122079435777421e-13,3.8310899015754374e-13,7.947922812826739e-13,2.888732345597327e-08,1.0000000293229407,1,1
1023,07:12:00,1.3528610645765695e-11,1.6786279262650452e-12,5.558275372323252e-13,5.417015474578339e-13,1.7036483347070586e-12,5.4480833021326397e-08,1.0000000299159069,1,1
1024,07:12:30,3.0896665986058006e-11,1.780818413631865e-12,4.5067818973712776e-13,2.4483676278225564e-13,3.224898577661431e-13,8.471275165801338e-08,1.0000000305261136,1,1
1025,07:13:00,1.763454574580826e-11,2.187066117751832e-12,6.327699781206682e-13,2.669339964643592e-13,4.556747562551226e-13,7.863687249049878e-09,1.00000003115423,1,1
1026,07:13:30,1.570198915042394e-11,1.714866769760812e-12,7.250228749731684e-13,4.639961372739967e-13,1.5810810291343312e-12,2.700110373090934e-08,1.0000000318009583,1,1
1027,07:14:00,1.8781781072608392e-11,2.13770765884063e-12,7.052183928351522e-13,3.1373379879263956e-13,6.26199349505555e-13,4.5384476789410994e-08,1.0000000324670355,1,1
1028,07:14:30,2.482092429671322e-11,2.0790241580686644e-12,5.434833002704261e-13,3.679880472675396e-13,4.682799487294303e-13,1.94553531195658e-08,1.0000000331532326,1,2
1029,07:15:00,6.465008122348229e-11,8.22565312272667e-12,1.3949226565136719e-12,5.665713181026981e-13,9.25382441626286e-13,4.6742832902631604e-08,1.0000000338603636,1,2
1030,07:15:30,2.448294252549977e-10,2.8959904474460487e-12,2.3059789349685087e-12,1.914447858395422e-12,2.195124607983377e-12,3.456226553245895e-08,1.0000000345892803,1,0
1031,07:16:00,1.2442060823192007e-11,1.4847087142905258e-12,7.949995132906663e-13,7.136127369798632e-13,7.202755203179166e-13,4.8317538445168106e-08,1.0000000353408818,1,0
1032,07:16:30,1.231880413517485e-10,2.378471033165411e-12,1.3047057142057819e-12,6.453300472583073e-13,8.422531786622405e-13,1.3984124577827905e-08,1.0000000361161074,1,0
1033,07:17:00,1.0088687459212874e-11,1.3315086526227854e-12,7.565442990277641e-13,3.786068611222862e-13,1.025661336098068e-12,2.5617891167863818e-08,1.0000000369159499,1,1
1034,07:17:30,1.0942327239745926e-11,2.161392100570918e-12,1.657853920421821e-12,1.0617466740194817e-12,1.5567012122145426e-12,2.4349501167195826e-08,1.0000000377414555,1,1
1035,07:18:00,1.4397600356316202e-11,2.5422041613924966e-12,1.921608406798368e-12,1.2145143487850877e-12,2.311344276743977e-12,5.093347427463366e-08,1.0000000385937227,1,1
1036,07:18:30,1.2766402901591889e-11,1.2403247949474518e-12,7.484919265088775e-13,3.6244604580564815e-13,8.272714382961298e-13,2.3275350932121246e-08,1.0000000394739106,1,2
1037,07:19:00,1.6604214490188497e-11,1.0555703241372675e-12,6.906744116690555e-13,3.3412250565988133e-13,6.840499242994717e-13,5.216941279934791e-08,1.0000000403832414,1,2
1038,07:19:30,2.252623479121401e-11,1.281824748228968e-12,5.04525362928373e-13,2.288525629719618e-13,4.0290225737546376e-13,1.689500709881487e-08,1.000000041323005,1,2
1039,07:20:00,4.6300893390538026e-11,1.334537544735372e-12,5.118266962918101e-13,3.1349801380640853e-13,4.3893062434586663e-13,2.586428601653838e-08,1.0000000422945625,1,2
1040,07:20:30,9.079139469540095e-12,1.0636247007195245e-12,4.720185248359907e-13,3.4988114880367977e-13,6.76334357256287e-13,2.1289502535125493e-08,1.0000000432993488,1,2
1041,07:21:00,1.6699280607784648e-11,1.4463350276202788e-12,4.339282691776987e-13,2.6872382436023994e-13,3.910833977702846e-13,3.4066985487988157e-08,1.0000000443388855,1,2
1042,07:21:30,1.802256001284981e-11,2.2795347082489068e-12,4.4086205885934455e-13,3.168676360123296e-13,6.292945240322971e-13,6.7199899429323505e-09,1.000000045414777,1,2
1043,07:22:00,2.0042850955853048e-11,1.9321760791371e-12,6.525639617521074e-13,2.8657567636544775e-13,5.137107490280186e-13,3.109546206835506e-08,1.0000000465287255,1,2
1044,07:22:30,4.617486626450293e-11,2.3746352157088333e-12,1.0035589508289927e-12,8.99817912853147e-13,8.621915615098543e-13,2.5539229911724167e-08,1.0000000476825253,1,1
1045,07:23:00,1.5986748211658653e-11,1.4345042199451522e-12,4.905702705057226e-13,3.378281745405472e-13,4.695067405572386e-13,7.698297553659753e-08,1.0000000488780842,1,1
1046,07:23:30,1.666516640954893e-11,1.1291976607336597e-12,5.815097690751949e-13,3.8497287757648214e-13,5.853795002356465e-13,1.3367937366022437e-08,1.0000000501174218,1,1
1047,07:24:00,1.0667887331185511e-11,1.4135661831785635e-12,5.117763225292929e-13,2.770801982426271e-13,3.758826513213689e-13,1.7840150951691843e-08,1.0000000514026826,1,1
