index,start_time,eeg_delta_power,eeg_theta_power,eeg_alpha_power,eeg_beta_power,eeg_spindle_power,eog_var,emg_rms,label
1,23:40:30,1.0687458619035916e-11,1.5426348814052648e-12,6.181321703925838e-13,3.614124219667259e-13,3.359741771990503e-13,2.5680955272992814e-09,1.000000578865496,1
2,23:41:00,5.365122307160113e-12,1.3436228641881116e-12,6.275981739621412e-13,3.8586759584761353e-13,3.235599033216623e-13,5.7826088343548595e-09,1.0000005222512083,1
3,23:41:30,4.362116551779773e-12,1.518193270154203e-12,6.501527967898583e-13,4.4536634057306575e-13,4.849880781553695e-13,7.853113702836262e-09,1.0000004740376585,1
4,23:42:00,4.691786463044663e-12,1.1074067012052409e-12,6.553747099800564e-13,4.0427831969849344e-13,4.518848723807867e-13,6.4753555695561595e-09,1.0000004325901295,1
5,23:42:30,1.497814876980701e-11,1.6749183782651135e-12,6.997806798888568e-13,4.362085466039536e-13,4.3303193425130063e-13,4.723898728689711e-09,1.0000003966594224,1
6,23:43:00,7.877124833032977e-12,1.6063731441905677e-12,6.254131742014559e-13,6.077180968615772e-13,8.537314316789726e-13,3.048812542671657e-08,1.0000003652766976,1
7,23:43:30,6.765702390884672e-12,1.1230632781314967e-12,6.498357937856121e-13,4.641114995646994e-13,5.625856237661709e-13,2.086081925414689e-08,1.0000003376805326,1
8,23:44:00,3.4378190077023785e-12,1.193470167091255e-12,4.839615358615186e-13,4.159928718971055e-13,4.0587490057421604e-13,7.98033287995859e-09,1.0000003132652933,1
9,23:44:30,3.7203127002409736e-12,1.145681063543735e-12,6.422502228738652e-13,4.433722853917472e-13,4.618825539562822e-13,1.101540321499536e-08,1.0000002915440043,1
10,23:45:00,9.179676932848782e-12,2.321195027681728e-12,7.542820169575349e-13,6.580904124841834e-13,8.921398094037193e-13,1.7387180772991435e-08,1.000000272121194,1
11,23:45:30,1.0243226130866297e-11,2.2088273326525125e-12,1.284385472126346e-12,7.149559309146617e-13,8.019926062967851e-13,2.6259692562036883e-08,1.0000002546728104,1
12,23:46:00,5.8467344784571075e-12,1.1924248638590265e-12,9.414478622612126e-13,7.765814650875487e-13,1.0242633752804446e-12,1.7984393033797065e-08,1.0000002389310731,1
13,23:46:30,3.050158552782487e-11,2.1730132834453833e-12,1.3799460021980844e-12,8.962609362039077e-13,1.5905629590739756e-12,3.816793062898114e-08,1.0000002246730222,1
14,23:47:00,1.798434776716962e-11,1.607955657907271e-12,1.257386172742626e-12,8.189947248455515e-13,1.1422925708624156e-12,4.0397706795120814e-08,1.0000002117116946,1
15,23:47:30,9.145394817839881e-12,1.923625921057905e-12,8.373824649222077e-13,4.393339664876958e-13,7.251678347898801e-13,6.619025081792678e-08,1.0000001998892778,1
16,23:48:00,2.4762186717962624e-11,2.189314557938793e-12,1.6243210744371306e-12,8.735897297129297e-13,2.0194361074184085e-12,4.29477888335761e-08,1.0000001890717563,1
17,23:48:30,7.202653332918081e-11,1.1146793439116472e-11,2.6843581382181873e-12,9.674873929968382e-13,2.0042235261087768e-12,1.66455202296278e-08,1.0000001791446742,2
18,23:49:00,1.1516544256093849e-10,1.0049036581181476e-11,3.637842027817842e-12,1.4004124477282176e-12,4.002717750664595e-12,2.8603113290567663e-09,1.0000001700097592,2
19,23:49:30,1.0665384693646974e-10,9.516804182070678e-12,3.757906378137944e-12,1.802722578053597e-12,4.928978056776226e-12,8.571270370782314e-09,1.000000161582221,2
20,23:50:00,1.4638253495700037e-10,9.488196889913367e-12,3.1840937001309035e-12,7.908649690945141e-13,1.3996246183923212e-12,8.464263252131574e-09,1.0000001537885452,2
21,23:50:30,1.015377293847397e-10,1.2171209169882533e-11,1.7681232587909506e-12,1.3312794354539918e-12,1.4849036571419707e-12,7.930359967086619e-09,1.0000001465647457,3
22,23:51:00,1.5873430564612926e-10,8.733013989775885e-12,4.027309228759993e-12,9.936212175020052e-13,2.7212370624232178e-12,8.442322571663951e-10,1.0000001398548675,3
23,23:51:30,1.19316469914359e-10,1.2746570899611127e-11,2.6584047522485802e-12,1.6448579114364137e-12,3.714036837889765e-12,9.020420952787099e-10,1.0000001336098086,2
24,23:52:00,1.020721298107424e-10,7.644413475165807e-12,3.7938454210822576e-12,1.830841553046931e-12,5.656834114480853e-12,9.314236411543551e-10,1.000000127786316,2
25,23:52:30,2.1059117026273545e-10,1.2406148999200398e-11,4.433002046351888e-12,1.856150619779187e-12,5.9030420358927015e-12,4.818649368673053e-09,1.0000001223461605,3
26,23:53:00,1.0180817847746564e-10,9.710793288057223e-12,4.0455057047548734e-12,1.0728971577985829e-12,2.0096510822246753e-12,4.953857271541716e-09,1.0000001172554387,2
27,23:53:30,7.339705992469528e-11,7.601062506665926e-12,2.6540191497616528e-12,4.826670622276768e-13,9.732527277894524e-13,6.156357189700135e-10,1.0000001124839901,2
28,23:54:00,1.4512860902029148e-10,1.209758903292324e-11,4.0304084346721545e-12,1.560664679331404e-12,4.628303419274603e-12,9.539496121963218e-10,1.0000001080049115,2
29,23:54:30,5.94236114871066e-11,6.860010919322288e-12,3.897052892906287e-12,1.5876929400939438e-12,4.8820937475899766e-12,1.0611310748976883e-09,1.0000001037941268,2
30,23:55:00,5.965658747081516e-11,8.017938331656797e-12,3.670630330928005e-12,1.197494524379849e-12,3.4181358097505944e-12,3.257051040349301e-10,1.0000000998300493,2
31,23:55:30,1.3876123064974214e-10,1.3999251944689605e-11,5.233012750378358e-12,1.7953141958969602e-12,6.375688584950048e-12,5.546306839571194e-10,1.0000000960932496,2
32,23:56:00,1.2661859423278987e-10,1.0339832747791572e-11,2.2028817943648044e-12,8.354894641946564e-13,2.410437017682492e-12,4.0893642975387624e-10,1.000000092566221,3
33,23:56:30,9.584081891222502e-11,1.187747126584491e-11,4.849516244529144e-12,1.4011748713303963e-12,3.6116770538454897e-12,3.45583468263986e-10,1.0000000892331447,2
34,23:57:00,8.745928477284545e-11,9.2624460813182e-12,2.487318977202028e-12,7.941348450890248e-13,2.4781780083549975e-12,5.914752078210364e-10,1.0000000860796887,3
35,23:57:30,1.2993274155635636e-10,1.1001354215738687e-11,5.73606385422712e-12,2.441305447513925e-12,7.569241545706363e-12,5.319649442856364e-10,1.0000000830928566,3
36,23:58:00,1.5191818517885404e-10,1.0306959037183132e-11,5.957153258517671e-12,1.0400070646152057e-12,3.1472134924672707e-12,4.111403632263908e-09,1.0000000802608169,3
37,23:58:30,1.480288760126972e-10,1.087806675712404e-11,5.409358331167306e-12,9.915839343476023e-13,3.197130474207907e-12,4.259793831648236e-10,1.000000077572798,3
38,23:59:00,1.5230749669919428e-10,8.855696595012937e-12,2.865133704046855e-12,1.0716339420779875e-12,3.800962320547946e-12,1.0214347782335368e-09,1.000000075018966,3
39,23:59:30,2.3361818012038396e-10,1.4251193299620576e-11,6.504721353584446e-12,3.2487963851741394e-12,1.156230700025166e-11,4.3576890179367767e-10,1.0000000725903233,3
40,00:00:00,1.4414453828851584e-10,1.2555695867813168e-11,5.249316896813498e-12,1.332297699865537e-12,5.865216211432794e-12,2.0178358025317695e-10,1.000000070278636,3
41,00:00:30,1.988327595520643e-10,1.896671237195512e-11,4.569392849077049e-12,1.4284465629879094e-12,5.7438584008386e-12,1.0740258701357495e-09,1.0000000680763406,3
42,00:01:00,1.576223615759693e-10,1.201162240056351e-11,4.196134269275159e-12,9.457850079231936e-13,2.9454146360088893e-12,1.7283211331761285e-09,1.0000000659764894,3
43,00:01:30,2.2467469343599263e-10,1.4444025408658068e-11,6.164870674650485e-12,1.314627597701861e-12,4.2387334612955055e-12,4.999688336058362e-10,1.0000000639726874,3
44,00:02:00,2.430945169827707e-10,1.3125170379668328e-11,3.2327638862787973e-12,8.090205346922105e-13,2.4281495228766993e-12,7.810962694937829e-10,1.000000062059041,3
45,00:02:30,1.3019094610729676e-10,1.338979837007473e-11,6.21965711063043e-12,1.4774550462312967e-12,4.295584362380498e-12,4.223464150912436e-10,1.0000000602301105,3
46,00:03:00,1.4189066662427667e-10,1.100694829999541e-11,5.053313647008818e-12,8.233251379327709e-13,3.180407016399556e-12,4.5307087664833334e-10,1.0000000584808586,3
47,00:03:30,2.8992975211130905e-10,1.6349816014111576e-11,5.47159077292168e-12,1.3468840264938481e-12,5.35051220942394e-12,6.58490373082663e-10,1.0000000568066378,3
48,00:04:00,1.923380632649943e-10,1.6748624563017603e-11,6.0447739106566354e-12,1.1107034978860766e-12,3.89315072894301e-12,6.422089450229016e-10,1.000000055203127,3
49,00:04:30,1.9105735173683997e-10,2.419651652092069e-11,6.558714399061266e-12,1.311688196215289e-12,5.436403316031619e-12,5.275154338859846e-10,1.0000000536663214,3
50,00:05:00,3.0126436684912313e-10,1.776651331848083e-11,4.736605755619257e-12,1.5691911628960208e-12,6.243862688369593e-12,4.582719210387642e-10,1.0000000521925032,3
51,00:05:30,1.6049205395387712e-10,1.494926918329958e-11,4.7717375007373085e-12,7.311127329368773e-13,2.566243954368475e-12,4.5187117743071487e-10,1.0000000507782139,3
52,00:06:00,2.1305626254436173e-10,2.2307823894407137e-11,5.462868481467133e-12,1.7674981491496273e-12,9.087160500673745e-12,4.49421353509614e-10,1.000000049420232,3
53,00:06:30,2.221907524556533e-10,1.187764104087889e-11,9.109887720138468e-12,9.99749955248461e-13,4.351487827488477e-12,3.5956494125884107e-10,1.000000048115548,3
54,00:07:00,3.1385854084496737e-10,1.3624701149576526e-11,6.010232247838221e-12,6.962795515434398e-13,2.8484208137658438e-12,1.357664120734647e-09,1.0000000468613628,3
55,00:07:30,2.8715679519165466e-10,1.3927628451851254e-11,4.3439872079926076e-12,1.2425315347530223e-12,4.681361821089723e-12,4.5835851832319e-10,1.0000000456550577,3
56,00:08:00,2.7867913913575395e-10,1.7561195501524152e-11,5.547768694717255e-12,1.388316759565729e-12,7.1638589880337605e-12,5.142412473967426e-10,1.0000000444941848,3
57,00:08:30,2.607557216636147e-10,1.6158777970620294e-11,4.630867031276964e-12,8.619140758758061e-13,3.846298788245928e-12,5.00497499546288e-10,1.0000000433764553,3
58,00:09:00,6.332224199597856e-10,1.4561647917230477e-11,5.455675399659567e-12,8.34074104795787e-13,4.024285301722287e-12,7.810085375709481e-10,1.0000000422997173,3
59,00:09:30,2.912384995772915e-10,1.7334272096085934e-11,5.39973382861981e-12,5.327661157922972e-13,1.993698035514826e-12,6.492069926914927e-10,1.0000000412619618,3
60,00:10:00,3.2038280271169905e-10,1.789350447569472e-11,3.780796781299252e-12,5.40510223206051e-13,1.6516335933307474e-12,7.213931944474668e-10,1.0000000402613014,3
61,00:10:30,2.436301923510869e-10,1.1758901218177038e-11,5.3620507280935135e-12,1.1752700709305977e-12,5.262233161064356e-12,5.239781004429504e-10,1.0000000392959567,3
62,00:11:00,2.3143021637695085e-10,1.4515162685175918e-11,4.1558332360826235e-12,9.814439411124445e-13,4.328821164225226e-12,4.0478697253290184e-10,1.0000000383642627,3
63,00:11:30,4.275337563043078e-10,1.5592542967088534e-11,5.490116320860002e-12,8.041429004794142e-13,2.9123861285213616e-12,5.288433781823996e-10,1.0000000374646472,3
64,00:12:00,2.53296264184179e-10,1.5982183346821272e-11,4.3936839796877975e-12,1.0347520795018196e-12,5.984104202444208e-12,4.3397389664751086e-10,1.0000000365956359,3
65,00:12:30,1.8554930052589424e-10,1.610126127225837e-11,5.637581871053294e-12,8.021171377749301e-13,3.051643690397986e-12,5.380169220435791e-10,1.000000035755837,3
66,00:13:00,1.0881970106063512e-11,1.770344976008548e-12,3.976951527972158e-12,1.0678093812953694e-12,2.0420005062067294e-12,7.482343803135295e-09,1.000000034943934,0
67,00:13:30,4.076076584068051e-11,2.2315574789826687e-12,9.376213848108146e-13,6.233529544429023e-13,1.1666651877866352e-12,9.523295419309302e-09,1.0000000341586883,0
68,00:14:00,9.691050072720986e-11,4.6469417615118736e-12,1.0246623036992726e-12,9.280758690171016e-13,1.287887099566298e-12,7.344802984906011e-09,1.0000000333989303,0
69,00:14:30,3.96733601957216e-11,3.165223195586929e-12,7.49986700576826e-13,5.191750758148255e-13,5.771068064486878e-13,6.410182876804187e-09,1.0000000326635567,0
70,00:15:00,6.056674062131516e-12,8.022269399531446e-13,5.657868442690685e-13,3.582165861685695e-13,4.143615954859837e-13,1.3608661673445455e-08,1.0000000319515152,1
71,00:15:30,1.3463037588535056e-11,1.5726058953491854e-12,1.569476684025123e-12,1.021939051644789e-12,1.878485082332705e-12,7.036144252155386e-08,1.0000000312618227,1
72,00:16:00,1.5797251867224655e-11,1.5345833436051594e-12,1.5363092906908782e-12,9.911143000125895e-13,1.4375195453446417e-12,3.3080282388243884e-08,1.0000000305935408,2
73,00:16:30,4.4346381010020504e-11,7.548862980265124e-12,2.3762030287424487e-12,8.291948829466294e-13,1.5284857784529862e-12,2.5538218886085752e-08,1.0000000299457787,2
74,00:17:00,1.3903963613398278e-10,8.464350094086536e-12,3.2226130519438776e-12,1.0993419281978832e-12,2.458922500172486e-12,1.4109437977366909e-08,1.0000000293176965,2
75,00:17:30,5.405455859715778e-11,7.393481151106102e-12,2.9661597770579218e-12,1.1469627880417667e-12,2.164153259542071e-12,4.854104982100235e-09,1.0000000287084931,2
76,00:18:00,1.473643236957858e-10,9.481671623192139e-12,2.797564250561267e-12,1.4819907130287599e-12,4.541095295877478e-12,5.761322068408933e-09,1.0000000281174157,2
77,00:18:30,8.911561946607898e-11,5.92682739148892e-12,2.7817919751054344e-12,1.0514287587983863e-12,2.9818718225722814e-12,4.101794664270297e-09,1.0000000275437393,2
78,00:19:00,8.033681998581096e-11,6.776479161733193e-12,2.7264009077561453e-12,7.874375171052854e-13,2.1246043095110468e-12,4.973675075498218e-09,1.0000000269867824,2
79,00:19:30,1.2673290177116787e-10,1.1503199735954368e-11,3.0943120100024904e-12,8.42544389202443e-13,2.55330138108537e-12,1.0139222353320014e-09,1.0000000264458953,2
80,00:20:00,7.261955489387788e-11,1.3124668599814262e-11,3.011521839387483e-12,7.9062224556802e-13,2.8996801746691832e-12,2.102961426455753e-09,1.000000025920453,2
81,00:20:30,8.726110811384012e-11,7.249106860995874e-12,3.8466645916269995e-12,1.1803208200038047e-12,4.6870927377630284e-12,5.548220776729996e-10,1.0000000254098744,2
82,00:21:00,8.602592370003431e-11,7.461260498969021e-12,2.5439012446464184e-12,9.408568937413224e-13,2.8451068044577058e-12,1.4617149740850769e-09,1.0000000249135936,2
83,00:21:30,9.492638766025831e-11,1.2248518973811424e-11,2.946233992277555e-12,1.5391085809372162e-12,4.902998080002808e-12,8.761467512719292e-10,1.0000000244310803,2
84,00:22:00,1.1203004123023886e-10,8.331730503989204e-12,3.984555571521373e-12,1.113180523824889e-12,5.234113824845624e-12,7.135209742403137e-10,1.000000023961823,3
85,00:22:30,7.038398543124536e-11,1.2103124969301539e-11,3.8203417171189766e-12,1.2447055240800337e-12,5.88049001841326e-12,1.3723611484533226e-09,1.0000000235053355,2
86,00:23:00,8.784877878007609e-11,1.4010375804081974e-11,5.4508684133778015e-12,2.32967677006257e-12,1.4549752065392456e-11,2.5932817683506887e-10,1.000000023061155,3
87,00:23:30,1.4734758681520798e-10,8.535598239226605e-12,4.324474606071099e-12,5.930665247271971e-13,2.103981764875188e-12,7.561660511381836e-10,1.0000000226288366,3
88,00:24:00,1.5694388799657725e-10,1.539048217439584e-11,7.538231604165561e-12,8.666355174412582e-13,3.771036492868577e-12,8.734794742089934e-10,1.000000022207961,3
89,00:24:30,2.0364168331199562e-10,1.052783851064604e-11,3.1172988426603176e-12,4.175827161617375e-13,1.323993701739336e-12,3.806191306227934e-10,1.0000000217981244,3
90,00:25:00,2.388493071949265e-10,1.356722729231635e-11,6.710484260797654e-12,9.969507436796157e-13,3.727222431886023e-12,2.5428090960742943e-10,1.0000000213989382,3
91,00:25:30,2.346940413553358e-10,1.6161006309670967e-11,5.490251231721372e-12,2.1150164559330834e-12,1.0634845730713839e-11,2.0842284011543564e-10,1.0000000210100357,3
92,00:26:00,2.3267395004384895e-10,1.0853963443243804e-11,4.057529223720219e-12,1.4106215060221971e-12,6.8598349957527615e-12,9.981425370742092e-10,1.0000000206310622,3
93,00:26:30,2.920489937188543e-10,1.6253790104218727e-11,4.002252426181656e-12,1.2174230570761125e-12,4.420560288847989e-12,7.089100478423298e-10,1.0000000202616819,3
94,00:27:00,1.1174650978428532e-10,1.6001976746302873e-11,4.849131548205459e-12,1.2389015317691323e-12,7.21721908984409e-12,5.112562477941493e-10,1.000000019901568,3
95,00:27:30,4.0907270056139145e-10,1.3723394548051226e-11,5.061786213742994e-12,8.642474881959535e-13,3.205882020776974e-12,4.468150406645143e-10,1.0000000195504144,3
96,00:28:00,1.5936671075256785e-10,1.4072910371956593e-11,6.2818745819510414e-12,1.2461438596689743e-12,5.3272540524096004e-12,3.3650741107142926e-10,1.000000019207923,3
97,00:28:30,3.070769163990844e-10,1.4807479656263666e-11,7.191507983826445e-12,8.191029149511521e-13,4.3152370090606145e-12,5.076068379329835e-10,1.0000000188738045,3
98,00:29:00,1.807313072147026e-10,1.3382146694193604e-11,6.255296819973227e-12,5.05272261803619e-13,1.8175722464734901e-12,4.997679169451241e-10,1.0000000185477933,3
99,00:29:30,2.0445640533057477e-10,1.1660478160408418e-11,3.903216871781038e-12,7.489136674248823e-13,3.5949319066303536e-12,4.3405398745464873e-10,1.0000000182296245,3
100,00:30:00,3.8874732209864756e-10,1.2682323780384978e-11,6.1920355351054715e-12,5.118963130497902e-13,1.917414797595749e-12,6.185051123835797e-10,1.0000000179190494,3
101,00:30:30,2.427921267676472e-10,1.4560735300948256e-11,5.340291417584552e-12,6.102411170967236e-13,2.5772144670210346e-12,4.0555657471822117e-10,1.0000000176158237,3
102,00:31:00,2.589000566423782e-10,1.2006302561486652e-11,4.479395306005815e-12,1.3736056989991114e-12,7.035517684801537e-12,4.992337094804589e-10,1.0000000173197126,3
103,00:31:30,4.174386125700086e-10,1.8379246176822813e-11,4.591386161413536e-12,5.627469784407924e-13,1.6413922598513124e-12,3.9541642295543464e-10,1.0000000170305006,3
104,00:32:00,2.938736587725435e-10,1.2510304315623254e-11,3.967431096444044e-12,4.613192574318133e-13,1.3699828002145827e-12,5.066977676814557e-10,1.0000000167479712,3
105,00:32:30,3.3243468637827196e-10,1.639586446018693e-11,6.423936734801269e-12,1.0086793292193353e-12,4.639659958802335e-12,5.19187773100142e-10,1.0000000164719203,3
106,00:33:00,1.9161522447482407e-10,1.2606454167132144e-11,4.084298532615104e-12,5.016929214092994e-13,1.7841535714231281e-12,4.876611540058006e-10,1.000000016202148,3
107,00:33:30,3.558231622087431e-10,1.638333322765494e-11,3.869650631236384e-12,8.534705670695673e-13,3.3758407708703286e-12,5.271808729904341e-10,1.0000000159384623,3
108,00:34:00,3.1863680827461504e-10,1.4571573130749794e-11,4.776977256996392e-12,7.458946282396229e-13,4.13246236951421e-12,5.385729976647141e-10,1.0000000156806874,3
109,00:34:30,3.37900728012346e-10,1.2584529614523806e-11,4.969599036848374e-12,4.887716747573853e-13,1.7670900051856218e-12,5.301023844660512e-10,1.00000001542864,3
110,00:35:00,2.5949460674639747e-10,1.5754373392563587e-11,5.01911235815281e-12,8.222979057027469e-13,3.4555581438033663e-12,4.446879385176353e-10,1.0000000151821564,3
111,00:35:30,4.117052064922965e-10,1.6724553817827012e-11,5.896161749839859e-12,9.423319520317173e-13,4.39688238420047e-12,5.584011778063818e-10,1.0000000149410695,3
112,00:36:00,2.3142965449217336e-10,1.5865135065302315e-11,6.711140693187049e-12,4.229063653220942e-13,1.6565379174951157e-12,4.723035771970226e-10,1.000000014705223,3
113,00:36:30,3.8618137370142635e-10,1.6740145108588892e-11,5.385233501236084e-12,6.392610380041108e-13,2.8635555019716963e-12,4.1046407841316367e-10,1.000000014474468,3
114,00:37:00,2.8798403635926243e-10,1.350436336297052e-11,4.326629652867011e-12,5.300329653001107e-13,2.271251426288152e-12,4.4539591436060457e-10,1.000000014248656,3
115,00:37:30,3.130986034639685e-10,1.5780575717172588e-11,4.7439324037480375e-12,3.682526884036882e-13,1.1851601393071272e-12,5.499338649472322e-10,1.0000000140276502,3
116,00:38:00,2.5633226675823876e-10,1.2085798145253647e-11,3.9566578710552175e-12,5.994949309472175e-13,2.5691423291343273e-12,4.011453029816702e-10,1.000000013811308,3
117,00:38:30,5.114178243988379e-10,1.5428608957667708e-11,3.725321704858875e-12,5.735445431356998e-13,2.105308860687602e-12,4.761058705339573e-10,1.0000000135995009,3
118,00:39:00,3.001217342793108e-10,1.5722160510287705e-11,7.583035971392715e-12,1.1051156843893481e-12,4.480567642206685e-12,4.893225653041055e-10,1.0000000133921056,3
119,00:39:30,2.4098981567731716e-10,1.2335983931240488e-11,4.81632252612868e-12,1.1235557933792552e-12,4.734808846226063e-12,5.37461240695692e-10,1.0000000131890008,3
120,00:40:00,2.8049274962010715e-10,1.4016566293541466e-11,5.7941915423709226e-12,7.123256730017192e-13,3.295030437644719e-12,5.572790254571555e-10,1.0000000129900612,3
121,00:40:30,4.279939606991338e-10,1.1027173522247273e-11,4.3251319784878754e-12,4.525453763954788e-13,1.917157346673085e-12,5.359281787374343e-10,1.0000000127951816,3
122,00:41:00,4.32532234881902e-10,1.4414453249264576e-11,4.974096422214541e-12,5.775264171984664e-13,2.0894997249065122e-12,6.681125421809764e-10,1.0000000126042472,3
123,00:41:30,3.5247883066922196e-10,1.7914276311826685e-11,7.164408214426791e-12,4.5044037286275544e-13,1.7031059223431697e-12,3.600188228516593e-10,1.0000000124171549,3
124,00:42:00,4.0469731495718915e-10,1.558483654456347e-11,5.2674322930296535e-12,4.131340562094707e-13,1.7195285790705358e-12,4.880331594442409e-10,1.0000000122338026,3
125,00:42:30,4.972261952737196e-10,1.233427066081532e-11,7.206245089841542e-12,1.0869398181893774e-12,5.3510934877625494e-12,4.231933396762653e-10,1.0000000120540884,3
126,00:43:00,1.8184826289222592e-10,1.598454520424202e-11,3.2631913917681715e-12,6.731379206013186e-13,3.032203695251492e-12,4.3116694168440317e-10,1.000000011877918,3
127,00:43:30,4.168976468933596e-10,1.770775637271071e-11,4.639112536157056e-12,6.047928958335682e-13,2.8759744410931397e-12,6.608599433815657e-10,1.0000000117051948,3
128,00:44:00,2.912748366021571e-10,1.195011325181763e-11,4.870539461670192e-12,3.60245352627744e-13,1.1511502545417704e-12,4.088305972374218e-10,1.0000000115358367,3
129,00:44:30,2.357200277562734e-10,1.2818783211700514e-11,4.432115975119543e-12,7.572120406178641e-13,3.660576005945909e-12,4.3301990577300066e-10,1.000000011369753,3
130,00:45:00,3.0832808202276316e-10,1.0101835059843484e-11,4.377523035793552e-12,3.8639805725888856e-13,1.4709906378649387e-12,4.5200411767856765e-10,1.000000011206858,3
131,00:45:30,3.5271903415834837e-10,1.2711157492307332e-11,4.029247675930564e-12,3.287978173743418e-13,1.0371643184971092e-12,6.401542428511214e-10,1.000000011047074,3
132,00:46:00,3.386808197125824e-10,1.299820465075384e-11,4.830397175338845e-12,6.536899313030711e-13,3.2332495088729446e-12,5.233350545903062e-10,1.0000000108903186,3
133,00:46:30,3.4565522441605076e-10,1.2099664967099451e-11,5.6955458285009865e-12,9.317036599441446e-13,3.606955357772627e-12,5.040703036920765e-10,1.0000000107365203,3
134,00:47:00,5.460715811342031e-10,1.2540426654398338e-11,3.929991736893541e-12,8.224340613125879e-13,2.8853917991094544e-12,3.8085915873965033e-10,1.0000000105856,3
135,00:47:30,3.58934861542938e-10,1.6352185084827884e-11,4.66701271179416e-12,7.343173804535514e-13,3.8352507371930145e-12,5.444374807437193e-10,1.000000010437489,3
136,00:48:00,2.867604871350691e-10,1.1022190827429925e-11,3.4996790040045854e-12,6.91551266559677e-13,3.331043570316781e-12,5.260287742497245e-10,1.0000000102921196,3
137,00:48:30,2.9944496936061365e-10,1.791057244061642e-11,5.7186129167670646e-12,1.284890427323208e-12,6.0638741455496876e-12,3.923723359716414e-10,1.0000000101494237,3
138,00:49:00,3.3364871616019747e-10,1.4316958194912843e-11,6.46508428851647e-12,7.65970264859095e-13,3.916714410520213e-12,4.5334601761758055e-10,1.0000000100093376,3
139,00:49:30,3.844992044245797e-10,1.5602675406412905e-11,5.753252752095983e-12,8.188775747359381e-13,3.105786020440011e-12,4.2737615768074514e-10,1.0000000098717925,3
140,00:50:00,3.113362638243508e-10,1.620055951073262e-11,6.410810768994587e-12,4.3769718180593795e-13,2.0699397644182595e-12,6.217930502328163e-10,1.0000000097367328,3
141,00:50:30,3.461994637458363e-10,1.6737243067992127e-11,4.6370935348382346e-12,5.848286457369354e-13,2.134810804038503e-12,4.6450268462101724e-10,1.0000000096040984,3
142,00:51:00,3.913353173620565e-10,1.5017812334699232e-11,5.531298622852682e-12,9.933849509621e-13,4.9095032637455614e-12,4.5080430138313554e-10,1.00000000947383,3
143,00:51:30,3.02631888821918e-10,1.377860780428787e-11,5.4082557493005786e-12,7.658363737767817e-13,3.6190283252577754e-12,4.808135580936747e-10,1.0000000093458743,3
144,00:52:00,3.753134364508474e-10,1.3235018820345846e-11,5.1122994527603195e-12,4.2712333963381767e-13,1.6644058360537775e-12,7.719053120365718e-10,1.0000000092201726,3
145,00:52:30,3.0026129601830585e-10,1.342168509397698e-11,5.092940801456426e-12,6.05871229533131e-13,2.9900989316858542e-12,4.931208622727321e-10,1.0000000090966776,3
146,00:53:00,2.1985647054501495e-10,1.3888654030507715e-11,7.99769567505956e-12,3.7358194315064875e-13,1.4053860619060693e-12,5.005645244634638e-10,1.0000000089753367,3
147,00:53:30,4.094822199672697e-10,1.4731607201378846e-11,3.917132648824469e-12,4.652914476734128e-13,2.1897287135896896e-12,4.353401624675973e-10,1.0000000088560987,3
148,00:54:00,3.9390951991667946e-10,1.9446553035611488e-11,7.300282291384809e-12,7.885209211636552e-13,4.795770039438381e-12,6.06259097128494e-10,1.0000000087389174,3
149,00:54:30,3.569826645909995e-10,1.1280972720295104e-11,5.3481700865605525e-12,3.6537682726308663e-13,1.448936149370135e-12,5.980150530608134e-10,1.0000000086237415,3
150,00:55:00,2.2743971530770926e-10,1.3568154847849121e-11,5.389937453098124e-12,5.963386479760621e-13,2.4160442118861846e-12,5.175862062097298e-10,1.0000000085105285,3
151,00:55:30,2.341093890225574e-10,1.1545613296930054e-11,4.8576433476029984e-12,1.355165198842381e-12,8.064125773374083e-12,4.1315899142873334e-10,1.0000000083992377,3
152,00:56:00,3.5428643195173146e-10,1.4434531334013083e-11,4.839979024563675e-12,4.607560719416332e-13,1.633583051480723e-12,4.4876393367281043e-10,1.0000000082898226,3
153,00:56:30,3.4754789358665686e-10,1.9082683494649962e-11,4.518200181088057e-12,7.132276647805414e-13,3.577464111189472e-12,5.445593746491861e-10,1.0000000081822407,3
154,00:57:00,3.12010213647255e-10,9.562336732146042e-12,3.5106147192412486e-12,4.595985222826763e-13,1.5471280849052606e-12,5.96801461091174e-10,1.0000000080764544,3
155,00:57:30,3.0131804925944386e-10,9.611717048524207e-12,3.6214450545784617e-12,3.247162169840124e-13,9.480294426524953e-13,5.895858904155762e-10,1.0000000079724218,3
156,00:58:00,2.909321607006582e-10,1.4274800622818192e-11,5.260424523487757e-12,6.985529833048726e-13,2.863818185795548e-12,4.79382997165129e-10,1.000000007870107,3
157,00:58:30,2.8476388456278355e-10,1.3126640030973655e-11,4.948176580055713e-12,5.088413947497133e-13,2.441918698373335e-12,5.102088417750538e-10,1.0000000077694695,3
158,00:59:00,2.9886968513139083e-10,1.2544991195341518e-11,6.3871530023444145e-12,4.610923220963055e-13,2.0272721675579115e-12,4.686415161064201e-10,1.000000007670474,3
159,00:59:30,2.582124067679973e-10,1.7754086552385342e-11,7.2606031929041945e-12,6.349084654835736e-13,2.239587577866779e-12,5.187775756002205e-10,1.0000000075730855,3
160,01:00:00,3.9349860911855236e-10,1.2424261954153793e-11,4.838850473672091e-12,4.1623486344141884e-13,1.591358614977912e-12,4.670035463020267e-10,1.0000000074772697,3
161,01:00:30,2.981631602780708e-10,1.541446258454149e-11,4.254996622812483e-12,4.087544844040065e-13,1.445689941643795e-12,6.429153183931028e-10,1.000000007382996,3
162,01:01:00,3.4783573619737773e-10,2.274121430095494e-11,5.620526750519546e-12,7.219393261535072e-13,3.033381230021824e-12,5.503879374919376e-10,1.0000000072902282,3
163,01:01:30,2.8846703837860046e-10,1.3184871404485029e-11,4.090535286222036e-12,5.35345857892419e-13,1.873803307248256e-12,3.827377240024596e-10,1.0000000071989354,3
164,01:02:00,3.350238636398506e-10,2.2633955943450314e-11,6.0139283329713334e-12,8.015634857273845e-13,3.697913029108986e-12,6.07894153534356e-10,1.000000007109088,3
165,01:02:30,4.980010174180794e-10,1.1821983656022245e-11,4.523029345358761e-12,7.004924588763471e-13,3.8675639638932145e-12,5.35246699544057e-10,1.0000000070206543,3
166,01:03:00,2.5832371731284776e-10,1.6309859875920507e-11,3.86276010395311e-12,3.6474957784072254e-13,1.1851691057421442e-12,4.030081764791857e-10,1.0000000069336075,3
167,01:03:30,3.3743324129357916e-10,1.4007947405580819e-11,5.232827282628257e-12,6.645835493091809e-13,2.889204413578494e-12,5.157947095828089e-10,1.0000000068479167,3
168,01:04:00,3.827982308142295e-10,1.779825960389058e-11,4.4068486238746046e-12,8.18409429299606e-13,3.253392205297062e-12,4.361630629713996e-10,1.0000000067635533,3
169,01:04:30,3.5654283038083606e-10,1.1224125005500862e-11,4.466362809763824e-12,1.5142818596139335e-12,8.040720316757328e-12,4.780781116391869e-10,1.0000000066804924,3
170,01:05:00,2.37603374323326e-10,1.5576028622018e-11,3.997948657232713e-12,4.1979466283555077e-13,1.3567978504065579e-12,4.377125862699534e-10,1.0000000065987091,3
171,01:05:30,3.0823749984216354e-10,1.456196075606938e-11,4.6113605980532436e-12,7.446758172941689e-13,3.692231113305752e-12,4.591425761610011e-10,1.0000000065181749,3
172,01:06:00,2.9544235873385964e-10,1.5318110944841555e-11,4.667996278539836e-12,1.3939579659265419e-12,7.2545815225229665e-12,7.060973330859586e-10,1.000000006438866,3
173,01:06:30,2.953318830722647e-10,1.8704302838326354e-11,3.658893683845963e-12,4.0718438899853587e-13,1.4111972424418952e-12,6.944099234266613e-10,1.0000000063607548,3
174,01:07:00,5.452002326644172e-10,1.5190186755862857e-11,3.4012680821039784e-12,3.369061271128915e-13,1.1182387738724852e-12,3.7864559890456236e-10,1.000000006283822,3
175,01:07:30,2.403094793813174e-10,1.1700264822418427e-11,3.922282796396948e-12,6.537292098336955e-13,2.538103490401096e-12,7.419202853068285e-10,1.0000000062080432,3
176,01:08:00,1.973696260500795e-10,1.265530640256447e-11,4.860489095466889e-12,6.47869449713755e-13,2.5305888288026868e-12,3.767139779139843e-10,1.0000000061333945,3
177,01:08:30,2.411166615679909e-10,1.7578631107149662e-11,4.460303634211974e-12,8.801473592185656e-13,4.006969365621542e-12,5.3945770999336e-10,1.0000000060598562,3
178,01:09:00,3.1031462674107163e-10,1.448672865386722e-11,4.052900263593407e-12,7.219112371686841e-13,3.805144553077374e-12,4.323200359442002e-10,1.0000000059874035,3
179,01:09:30,3.5995378393718597e-10,9.000641388077479e-12,3.5636983436932027e-12,3.8549530600171616e-13,1.375771342138955e-12,4.387219953075805e-10,1.0000000059160181,3
180,01:10:00,2.594591046233706e-10,1.3781485536794177e-11,5.383661331948058e-12,3.0250790308837796e-13,9.821683179208678e-13,5.886236245718089e-10,1.0000000058456786,3
181,01:10:30,2.7557629428459044e-10,1.3252869193609779e-11,4.3555428815187574e-12,5.025464204364084e-13,2.1372588814334722e-12,4.988715248527186e-10,1.0000000057763638,3
182,01:11:00,1.9817069645016987e-10,1.2961892895414919e-11,4.366035073217579e-12,4.63767991673692e-13,1.946657482517557e-12,4.848009369235492e-10,1.0000000057080562,3
183,01:11:30,3.5145113292487976e-10,1.4323665075379775e-11,3.903192668037413e-12,4.009663186099354e-13,1.7858915883881023e-12,6.809919648606799e-10,1.0000000056407354,3
184,01:12:00,4.836005922835145e-10,1.786578485094493e-11,6.9453646402764455e-12,6.493047431721801e-13,1.99390832057181e-12,4.1026965775294443e-10,1.0000000055743836,3
185,01:12:30,1.716293054031114e-10,7.50813973640445e-12,9.42937930992771e-12,1.2607154751855764e-12,2.7267211081899154e-12,6.909068907040643e-09,1.0000000055089844,1
186,01:13:00,2.7468500851224876e-11,1.1168598145461912e-12,8.448850032587514e-13,6.409350257463275e-13,7.77312402130942e-13,1.1931657202957456e-08,1.0000000054445137,0
187,01:13:30,8.597254452241911e-11,2.493398810937031e-12,1.2176510532434816e-12,6.194660754441711e-13,9.77515087294818e-13,1.3369421774816868e-08,1.0000000053809603,1
188,01:14:00,4.989419215092814e-11,5.6221124719052705e-12,1.77245716662773e-12,7.566639843974867e-13,1.152995382601699e-12,6.742029972300314e-09,1.0000000053183042,2
189,01:14:30,7.826308919636153e-11,6.542889626518972e-12,1.8945863003673213e-12,5.678021579324889e-13,1.3971332513459394e-12,4.571270469052566e-10,1.0000000052565328,2
190,01:15:00,7.687931823973821e-11,5.860057117434539e-12,4.486027934709875e-12,9.230421950519263e-13,2.9338014019251266e-12,2.4144508942531494e-09,1.0000000051956242,2
191,01:15:30,2.0796865218500626e-10,7.087102362519517e-12,3.3055785067905127e-12,1.8905802022127396e-12,4.527693652472513e-12,3.3063016341091866e-10,1.0000000051355662,2
192,01:16:00,7.305678730786881e-11,5.122277922468517e-12,2.4527607732257987e-12,9.947115494653685e-13,2.509467224797202e-12,2.754215408624315e-10,1.0000000050763425,2
193,01:16:30,1.7288720800084132e-10,8.535666943867433e-12,4.8715119709344255e-12,1.3070700287983572e-12,3.521451153448318e-12,9.53039324520329e-10,1.0000000050179403,2
194,01:17:00,8.710909766987087e-11,7.462257141380589e-12,3.803359204218798e-12,1.319486683289871e-12,2.9631400156580256e-12,1.44278076141033e-10,1.0000000049603417,2
195,01:17:30,2.0446279219982263e-10,4.918845330062554e-12,2.0548287276735763e-12,8.921151549791888e-13,1.5077827560828443e-12,4.0076625275538866e-10,1.0000000049035351,2
196,01:18:00,3.208927120172879e-11,5.7093936534534995e-12,2.208396063247773e-12,5.140483568681333e-13,1.1317200656447359e-12,7.546204313921757e-11,1.0000000048475035,2
197,01:18:30,1.2577336011795027e-10,1.2325742086058164e-11,2.3061874128098418e-12,1.485406698364351e-12,3.4060904851450786e-12,9.293042342060888e-09,1.0000000047922346,2
198,01:19:00,9.508646489275147e-11,3.803255144370434e-12,2.583703513507201e-12,1.22628731660312e-12,4.139170019975926e-12,2.1620561148848995e-09,1.0000000047377153,2
199,01:19:30,8.174802370317448e-11,9.01595333776938e-12,3.646777443857364e-12,1.2364856445382749e-12,4.695981477639886e-12,7.307732711873091e-10,1.000000004683933,4
200,01:20:00,4.344290421188562e-11,1.0523310868098338e-11,2.9708569358488958e-12,5.265758881080022e-13,1.599942100534614e-12,5.9445318647459595e-09,1.000000004630872,4
201,01:20:30,1.0696864605873152e-10,6.786169798785063e-12,2.17032325434361e-12,5.950985368491027e-13,1.1134026594015828e-12,1.1524749247664948e-08,1.0000000045785218,4
202,01:21:00,4.0672653155453655e-11,5.12573209276527e-12,3.0444845613998766e-12,2.2531780217173628e-12,6.403032446514601e-12,6.5206146995643535e-09,1.0000000045268698,2
203,01:21:30,1.1407965476911098e-10,4.891035878034265e-12,5.5870021987328086e-12,1.1905967566876871e-12,3.115184709817878e-12,7.914881452473078e-10,1.0000000044759048,2
204,01:22:00,3.185114286645956e-11,8.572240851938057e-12,1.9101058855986873e-12,7.222602287152896e-13,1.3177424440788725e-12,1.6184187891560207e-08,1.0000000044256157,4
205,01:22:30,5.5183283224804044e-11,3.687503903077565e-12,1.87388433971974e-12,5.904126031189083e-13,1.011278673267458e-12,1.2742675773103003e-08,1.000000004375988,4
206,01:23:00,2.7810109011570987e-11,6.95599544291518e-12,2.6578609384026183e-12,7.602610983452264e-13,3.115024923013009e-12,6.206204554828435e-10,1.0000000043270123,4
207,01:23:30,5.7739840214033724e-11,8.205388411846592e-12,1.86382349822821e-12,1.4036940821547474e-12,3.2023394138377755e-12,1.121037056362725e-08,1.000000004278679,4
208,01:24:00,6.105112468561688e-11,3.920693494916868e-12,3.82248854213804e-12,1.4510705337748748e-12,5.465974895659163e-12,1.6037033271898405e-09,1.0000000042309747,4
209,01:24:30,6.410945241716717e-11,6.860793932341813e-12,2.320670585906282e-12,9.385611805984542e-13,2.2270312718930276e-12,4.167352116565418e-09,1.0000000041838908,4
210,01:25:00,5.179465776392849e-11,1.2178909945502118e-11,4.8559197460471826e-12,8.331746767336144e-13,1.4890721342210416e-12,8.774889838320509e-09,1.0000000041374133,4
211,01:25:30,5.3723110537313005e-11,6.408044312685742e-12,1.8723177675640536e-12,7.751269806542055e-13,2.08156927998641e-12,2.6859664218043656e-09,1.0000000040915364,4
212,01:26:00,3.14167787621925e-11,6.054177599865228e-12,2.5282729442600263e-12,7.544190263770069e-13,1.657478155910213e-12,4.971259688683669e-10,1.0000000040462493,4
213,01:26:30,6.175890174197268e-11,4.705502285925445e-12,2.6782997161707822e-12,8.368125778838973e-13,1.6333526894758817e-12,3.221526388060888e-10,1.0000000040015413,4
214,01:27:00,4.798684756035701e-11,9.639006596760473e-12,3.798338903447477e-12,1.507655924132453e-12,4.409820861978728e-12,6.90938859558147e-09,1.0000000039574035,4
215,01:27:30,1.658204725915589e-10,6.973209668694178e-12,3.755227178380605e-12,1.0202248829230189e-12,2.007841183688254e-12,2.4329958789049237e-09,1.0000000039138253,4
216,01:28:00,2.1369872857093176e-11,9.815733262324622e-12,2.219365341893802e-12,5.301657407450119e-13,1.2740760654888244e-12,1.873480938188365e-09,1.0000000038707995,4
217,01:28:30,5.631965351057927e-11,7.777561135114404e-12,2.9260429290093973e-12,1.7807353149812644e-12,2.720755343219364e-12,3.9801548080466505e-09,1.0000000038283183,4
218,01:29:00,6.984104341370703e-11,5.015023818798385e-12,2.8653386522882425e-12,1.0286611245997884e-12,1.6186205708274903e-12,6.523931717986624e-10,1.0000000037863694,4
219,01:29:30,2.2870372615521863e-11,5.2952550455383136e-12,1.924119604856378e-12,6.360999968411846e-13,1.1843652590745231e-12,5.143294839702592e-09,1.0000000037449446,4
220,01:30:00,5.0366143954211643e-11,1.2072445655155823e-11,4.493743321869392e-12,1.1246018351338235e-12,3.182177419137687e-12,2.301610454640415e-09,1.0000000037040369,4
221,01:30:30,3.776392746702386e-11,1.2217889068727423e-11,2.2989636224792545e-12,9.188982104719392e-13,2.5550444368407917e-12,3.5408594196163206e-09,1.0000000036636387,4
222,01:31:00,5.7746671949620034e-11,4.500559605601289e-12,2.159415224164876e-12,9.026813359275794e-13,2.1671764429372008e-12,3.2405392634646816e-09,1.0000000036237453,4
223,01:31:30,4.7454020472006715e-11,1.023395831062132e-11,3.1780099927758994e-12,1.7095799511205357e-12,3.1557178834612472e-12,6.070347889189738e-09,1.0000000035843404,2
224,01:32:00,3.687393567024597e-11,5.099139639662831e-12,1.6880663175622228e-12,9.167831696163837e-13,1.4993070914715255e-12,5.894096056228407e-09,1.0000000035454206,2
225,01:32:30,6.277161060062035e-11,8.603851041032498e-12,4.488434929432521e-12,1.8829836476851926e-12,5.916768231868143e-12,5.8175944285863695e-09,1.0000000035069811,2
226,01:33:00,4.489013232584704e-11,6.323225191926009e-12,2.143178567982915e-12,7.506226849788432e-13,1.130721083119637e-12,2.4837285851484143e-10,1.0000000034690104,2
227,01:33:30,5.0142834670916206e-11,4.452550512012598e-12,5.412858328579401e-12,1.604918174128846e-12,3.0846142915621113e-12,8.65108173323852e-10,1.0000000034315037,2
228,01:34:00,3.9683843754876666e-11,4.529179045359689e-12,1.9356713648900236e-12,8.569998621771874e-13,2.8770811735907633e-12,5.943529777229616e-10,1.0000000033944503,2
229,01:34:30,8.023932947197627e-11,1.187394903957326e-11,2.8047384457927715e-12,1.0820527167379962e-12,2.0252085028953732e-12,1.7834455981772969e-09,1.0000000033578471,2
230,01:35:00,1.0351834150970196e-10,5.2428267209583886e-12,2.3797076178071064e-12,7.871510519563159e-13,1.2730731535489648e-12,2.267703466115423e-10,1.0000000033216825,2
231,01:35:30,1.65432486695497e-11,2.61100958530238e-12,3.666740017634547e-12,8.910544251085213e-13,1.5892283133437609e-12,6.009971716773671e-09,1.000000003285955,1
232,01:36:00,2.9012833784280217e-11,3.9226262304059864e-12,2.041589072471919e-12,1.4152087419756833e-12,3.0786078680810158e-12,3.1834039503233135e-10,1.000000003250659,2
233,01:36:30,2.0874187921065685e-11,3.265484493594163e-12,1.8227933920963754e-12,6.022313505430204e-13,2.200459931871063e-12,1.384860233497884e-10,1.0000000032157814,2
234,01:37:00,4.1847868865908556e-11,5.414493421177521e-12,4.2709754113061795e-12,2.150515074389286e-12,1.0155557123922927e-11,1.4685244705577445e-10,1.0000000031813203,2
235,01:37:30,4.819501083009778e-11,5.432566432400992e-12,2.0486049473072044e-12,8.248589575874695e-13,4.405339909401403e-12,8.299733943425582e-11,1.0000000031472744,2
236,01:38:00,3.745034964711514e-11,6.856997288218754e-12,3.5289992480858632e-12,1.1537059218274758e-12,4.441525126727108e-12,9.92987349839852e-11,1.000000003113629,2
237,01:38:30,5.84667375271088e-11,6.903853597080281e-12,2.1077933663357227e-12,1.1955732234501478e-12,5.536793633015284e-12,1.8191896877754456e-10,1.00000000308038,2
238,01:39:00,6.572654220327431e-11,4.893258359247195e-12,3.0846022276562366e-12,6.183181864850854e-13,2.8980183425654655e-12,8.282465156673598e-11,1.0000000030475227,2
239,01:39:30,8.041278021015901e-11,9.74010184070098e-12,6.2761196287692075e-12,1.2518406788158533e-12,5.6266979725659115e-12,1.2040488895399999e-10,1.0000000030150507,2
240,01:40:00,5.3630881979754785e-11,8.41561720918181e-12,3.939858696108527e-12,1.0197511057126446e-12,5.257764803845752e-12,1.1485607845009332e-10,1.000000002982959,2
241,01:40:30,9.309706151046379e-11,6.6934736727874714e-12,2.9333364601061442e-12,1.2460397647032227e-12,7.76346104220003e-12,1.3176434309121246e-10,1.0000000029512424,2
242,01:41:00,7.256971969119385e-11,8.458943706738924e-12,3.930188199422332e-12,1.5089540196039152e-12,9.545719543051227e-12,1.8699686270281738e-10,1.0000000029198963,2
243,01:41:30,6.274746042477232e-11,5.8656344405754224e-12,3.5473249267061003e-12,3.4113539886231335e-13,9.827151896607502e-13,1.630529621854869e-10,1.0000000028889138,2
244,01:42:00,1.393206566980405e-10,1.1494435445483455e-11,3.5952817175413582e-12,1.0450227230655726e-12,5.0333060380895845e-12,1.596197760745981e-10,1.0000000028582863,2
245,01:42:30,7.329806222505332e-11,7.480930327226611e-12,2.812529019163997e-12,7.736609306396479e-13,3.6032654784269984e-12,2.168115735382964e-10,1.0000000028280178,2
246,01:43:00,1.0063651467204439e-10,1.087882390935343e-11,4.570148262986753e-12,1.0705450015833304e-12,5.998075080034367e-12,2.1997619815202371e-10,1.0000000027980953,3
247,01:43:30,2.507484231806598e-10,9.652324819716026e-12,6.221664967674834e-12,1.5584244676596006e-12,8.186667386354316e-12,8.677889693720617e-10,1.0000000027685176,3
248,01:44:00,6.93135831303125e-11,7.107771174151632e-12,1.5309374383014787e-12,5.129686498362528e-13,1.5877240534918149e-12,1.5560708244618218e-10,1.0000000027392786,2
249,01:44:30,6.556869544397141e-11,5.5665560241843246e-12,3.372133064603652e-12,1.0034342377301474e-12,5.4006874107678396e-12,2.479755615116061e-10,1.000000002710372,2
250,01:45:00,1.1499232573665214e-10,1.1630947005334604e-11,3.7933695755524385e-12,1.051558319361734e-12,4.435960582381452e-12,2.6255213499742544e-10,1.0000000026817968,3
251,01:45:30,8.641819356317563e-11,6.2959948744826956e-12,3.1677554901057648e-12,1.5420261365743066e-12,9.66066607701102e-12,1.972467725314033e-10,1.000000002653545,2
252,01:46:00,1.3992039184543827e-10,1.0661649330305036e-11,6.130668368289707e-12,1.0559802535014483e-12,6.892580966582039e-12,2.568555023083244e-10,1.000000002625612,3
253,01:46:30,1.2743183411117954e-10,1.0035553172222516e-11,7.074082058155114e-12,6.91108141452175e-13,2.978026847801625e-12,3.160803262295185e-10,1.0000000025979963,3
254,01:47:00,8.05899375770409e-11,8.137157340543441e-12,2.6554769896216878e-12,1.177737397660229e-12,6.9292593727030555e-12,2.9069712515436085e-10,1.0000000025706917,2
255,01:47:30,1.9062770428329766e-10,1.1257897752576894e-11,4.98039472105946e-12,1.205626477447823e-12,7.707646838804912e-12,3.0252230313534603e-10,1.0000000025436928,3
256,01:48:00,1.3157399893518978e-10,1.1891712819311383e-11,2.9386514646275023e-12,4.810322084955587e-13,2.4332467766139793e-12,3.7128722469691793e-10,1.0000000025169973,3
257,01:48:30,2.191330663102376e-10,1.1261373995630856e-11,3.680500481954967e-12,6.361887883218086e-13,2.892214074642687e-12,2.3372196660816615e-10,1.0000000024906028,3
258,01:49:00,1.2175305028677277e-10,8.625696420793446e-12,4.952957837906217e-12,9.000589927693492e-13,5.491478147821661e-12,3.180935845095054e-10,1.0000000024645037,3
259,01:49:30,1.4857865553415043e-10,1.2492737823134313e-11,3.858793686366872e-12,8.301241921236386e-13,4.04843310546111e-12,3.7686228514647996e-10,1.000000002438691,3
260,01:50:00,2.1951501946901434e-10,9.471818489225373e-12,4.029119797263077e-12,6.933300232221153e-13,3.2509373396974723e-12,4.2130190580914775e-10,1.0000000024131694,3
261,01:50:30,1.5884666744180776e-10,8.422692494902325e-12,3.8070262592432894e-12,7.456364275780637e-13,3.779026878715838e-12,2.8645725705080396e-10,1.000000002387929,3
262,01:51:00,1.0916764767883033e-10,1.0857673112648157e-11,5.342703193931868e-12,6.614618079912804e-13,3.3042388267010365e-12,4.0508854365464277e-10,1.0000000023629676,3
263,01:51:30,1.9728621536795984e-10,1.2679639153900483e-11,5.272631583814226e-12,5.089694375372869e-13,2.432841410883916e-12,3.849570838837609e-10,1.0000000023382827,3
264,01:52:00,1.9770313940441112e-10,1.448054724047131e-11,3.09454253662557e-12,5.672987775885937e-13,2.466677183877222e-12,4.107927423037106e-10,1.0000000023138682,3
265,01:52:30,2.0303500700185503e-10,9.488464718728432e-12,4.687387172809288e-12,4.2814711039770775e-13,1.7540751336951295e-12,3.7483500435422237e-10,1.0000000022897246,3
266,01:53:00,1.683225458624827e-10,9.328402345620913e-12,3.3115333124105046e-12,5.180507402417936e-13,2.0021568551920506e-12,3.465650524835092e-10,1.0000000022658424,3
267,01:53:30,2.661255134853872e-10,1.4734411136138045e-11,4.31867337704911e-12,4.3601571316115813e-13,2.3251510762962533e-12,6.359616266139567e-10,1.000000002242224,3
268,01:54:00,2.583143253429547e-10,8.669316321479352e-12,3.554826809752386e-12,7.368173483328839e-13,3.960430314254023e-12,3.7579408362782824e-10,1.0000000022188624,3
269,01:54:30,3.0159825959713096e-10,6.5936202481164395e-12,3.2158428813224744e-12,5.958441086854858e-13,3.241258256022115e-12,4.0167791277232694e-10,1.0000000021957558,3
270,01:55:00,2.875599286528244e-10,1.2076131947272588e-11,3.848657084097933e-12,1.2152864687807316e-12,6.498496520472391e-12,2.3451425959447073e-10,1.0000000021729032,3
271,01:55:30,2.6300771604592063e-10,1.0259898565567415e-11,4.0571052445942e-12,1.141336699374306e-12,8.169241538169858e-12,3.914100543903269e-10,1.0000000021502953,3
272,01:56:00,1.7356980707188804e-10,1.0919171448204455e-11,4.7831979962413225e-12,3.3739719737276457e-13,1.2777991446296644e-12,4.907361808286502e-10,1.0000000021279314,3
273,01:56:30,3.1740324575587805e-10,9.7982543202128e-12,4.483792569877769e-12,7.731585779789992e-13,3.278835871843906e-12,4.797860147220804e-10,1.0000000021058102,3
274,01:57:00,1.9794131025204918e-10,7.844536076931857e-12,3.2528759959325848e-12,3.1657269480086024e-13,9.808688798683495e-13,5.736459186517315e-10,1.0000000020839308,3
275,01:57:30,1.6780132127437336e-10,1.235156449984567e-11,3.501215927328465e-12,6.134997983297818e-13,3.4302439724257877e-12,3.7690442637853e-10,1.0000000020622855,3
276,01:58:00,2.0245781617831705e-10,8.950030165732562e-12,3.2158111147761442e-12,9.709636877471944e-13,6.736219980446156e-12,4.377390591045829e-10,1.000000002040872,3
277,01:58:30,2.5182790315198517e-10,9.60509669251995e-12,3.4200315847535043e-12,1.118392227094075e-12,6.927986875600679e-12,7.007994149566809e-10,1.0000000020196889,3
278,01:59:00,1.4713827551239402e-10,1.0869201564495636e-11,3.650184911242113e-12,5.254965704362941e-13,2.7135100803512905e-12,3.816739930053383e-10,1.0000000019987327,3
279,01:59:30,1.7845624017217912e-10,9.588596481333823e-12,3.26607594251163e-12,5.550249985207622e-13,3.090308152377763e-12,3.803249007091728e-10,1.0000000019780015,3
280,02:00:00,2.242514243414042e-10,1.4299183121118204e-11,3.1411388225177407e-12,3.6446605735159607e-13,1.7048331411659083e-12,3.822817981380208e-10,1.0000000019574913,3
281,02:00:30,1.9108545433776083e-10,1.1300867598068214e-11,4.4746528327053224e-12,7.094329183637285e-13,3.4795601896852103e-12,4.5341142427973205e-10,1.0000000019372008,3
282,02:01:00,1.8971653912078126e-10,9.467362537387493e-12,2.7770244695383247e-12,6.950385706790877e-13,2.827567637814765e-12,5.509682951201729e-10,1.0000000019171251,3
283,02:01:30,3.138479379218644e-10,9.70955685658242e-12,3.328185094046946e-12,6.920531792381265e-13,3.079183941644031e-12,5.498690562522642e-10,1.0000000018972628,3
284,02:02:00,3.445654591937233e-10,1.0450760490549868e-11,3.598785078491208e-12,7.626345719967513e-13,4.6492119699963825e-12,3.6290724345164814e-10,1.0000000018776118,3
285,02:02:30,1.7076504866083408e-10,1.1797299338493493e-11,5.968066452507884e-12,1.1341251148396302e-12,7.648992544738765e-12,3.563428154924335e-10,1.0000000018581696,3
286,02:03:00,1.914341464161647e-10,1.5919143246773417e-11,4.186538662444617e-12,8.448710761091282e-13,5.702571585162472e-12,4.820918507414804e-10,1.0000000018389334,3
287,02:03:30,2.1399999337347543e-10,7.91627053081923e-12,2.735463691432473e-12,4.625898746467054e-13,1.201575438198794e-12,6.955298967068099e-10,1.0000000018199018,3
288,02:04:00,2.0299733104960014e-10,8.747939915158297e-12,2.1388651849767908e-12,3.5384631872945675e-13,8.940161010930455e-13,4.627699276738616e-10,1.0000000018010684,3
289,02:04:30,1.7028728199288305e-10,9.148790534059588e-12,2.416142012673575e-12,9.504776097861234e-13,5.9174054305923045e-12,3.7582679173530933e-10,1.0000000017824349,3
290,02:05:00,1.92568786924212e-10,1.0967731902044375e-11,5.237506793210795e-12,6.529715577671706e-13,3.531054366605763e-12,6.104337697749369e-10,1.0000000017639976,3
291,02:05:30,1.6424496152350176e-10,7.29080109408646e-12,2.5868618836546684e-12,8.449750076254642e-13,4.35361781369786e-12,4.45896113596686e-10,1.0000000017457542,3
292,02:06:00,2.0878185742711906e-10,9.125712447736496e-12,4.688770568716723e-12,6.715767187966372e-13,3.744847908664924e-12,3.126641694562158e-10,1.0000000017277055,3
293,02:06:30,1.545575116554854e-10,6.368970381191188e-12,2.848001096122787e-12,4.701590492762474e-13,1.905768819276494e-12,5.062083150590194e-10,1.000000001709844,3
294,02:07:00,3.465385869920221e-10,8.040938068278009e-12,3.0049717084783642e-12,4.0538639501714825e-13,1.332574607319998e-12,4.047757222134238e-10,1.0000000016921702,3
295,02:07:30,2.3128733806344298e-10,8.801850118145043e-12,4.270394115711513e-12,7.49593655017973e-13,4.094307283774851e-12,4.545968993775617e-10,1.0000000016746775,3
296,02:08:00,2.1056799107558586e-10,1.0583707974230794e-11,2.4539400649555224e-12,8.496656465925589e-13,5.155071848925282e-12,5.421714143109794e-10,1.0000000016573722,3
297,02:08:30,2.4869279051517136e-10,9.027304689672926e-12,4.593041003316031e-12,6.571604299183919e-13,3.556437737711658e-12,6.812606715575788e-10,1.000000001640247,3
298,02:09:00,2.896522950063863e-10,8.914125137201546e-12,2.9273536909221695e-12,5.073746705361613e-13,2.0676436188029074e-12,3.8444865362731146e-10,1.0000000016233,3
299,02:09:30,2.849298861917772e-10,1.1517501628149541e-11,3.1067581426624194e-12,5.321570220065005e-13,1.236306404518036e-12,3.3431947472031475e-10,1.0000000016065318,3
300,02:10:00,1.8300982622373722e-10,1.0981595785757345e-11,2.416265200605187e-12,1.3566883088608815e-12,7.799298475302413e-12,4.204850993724582e-10,1.0000000015899382,3
301,02:10:30,1.7985301936198256e-10,1.0319570414590914e-11,2.8099131658813066e-12,8.653516625245917e-13,4.575907861422088e-12,3.5554666549559044e-10,1.0000000015735178,3
302,02:11:00,1.4536929243020254e-10,8.336619364650545e-12,3.577943500533127e-12,8.356151676756143e-13,5.398029807014046e-12,4.3591969883729434e-10,1.0000000015572683,3
303,02:11:30,1.5671460564466596e-10,1.0356032605940095e-11,4.173802183103451e-12,9.952965671969642e-13,4.735982466183561e-12,4.4349415941954287e-10,1.0000000015411867,3
304,02:12:00,2.416426276795859e-10,1.264394821399227e-11,3.3233813580600995e-12,8.274064913369527e-13,4.948204291836285e-12,4.2731327954765755e-10,1.0000000015252726,3
305,02:12:30,2.2486547367555084e-10,6.325477517195933e-12,2.625634940921996e-12,8.100529714990041e-13,2.017130904980132e-12,6.282591232310641e-10,1.0000000015095247,3
306,02:13:00,4.6618664122832464e-11,3.214361719842723e-12,3.885307560508793e-12,1.2233256488185602e-12,2.2670479959023203e-12,2.5934907039623586e-08,1.0000000014939414,2
307,02:13:30,1.4541719607200814e-11,9.970249277848178e-13,5.852777971908741e-13,5.076729154374027e-13,7.331054297907549e-13,5.7408159498729905e-09,1.0000000014785204,1
308,02:14:00,2.690637529722119e-11,1.5072232065465842e-12,1.5741192598809821e-12,5.997302089968673e-13,8.502798939936211e-13,3.745661396052555e-09,1.0000000014632588,1
309,02:14:30,3.175116944425083e-11,3.226532568162671e-12,2.9428389234909158e-12,8.723778682925624e-13,2.152127551433317e-12,8.881536891472796e-09,1.0000000014481576,2
310,02:15:00,5.5716092148668094e-11,6.961142648030254e-12,1.8077830647978322e-12,4.768919481055815e-13,1.1838422600811624e-12,2.0416780962280148e-09,1.0000000014332124,2
311,02:15:30,8.918947897801622e-11,5.878582536417505e-12,2.9632174043187993e-12,8.850090275491669e-13,1.401677992036565e-12,2.1683629911770368e-10,1.0000000014184234,2
312,02:16:00,5.894286206349415e-11,4.464742848951775e-12,1.9310423346674367e-12,5.291600983586522e-13,1.3815362431821611e-12,4.292729865310701e-10,1.0000000014037855,2
313,02:16:30,9.513542476600477e-11,6.158502028815397e-12,3.1605704572597644e-12,2.021610315392373e-12,6.394772749407011e-12,8.721508694571982e-10,1.0000000013892996,2
314,02:17:00,6.395649121565436e-11,5.8217496727871466e-12,2.3153996442351725e-12,5.661178766956767e-13,1.19484985799435e-12,4.564686557816118e-10,1.0000000013749677,2
315,02:17:30,5.5670215771267916e-11,6.717134705522041e-12,3.416376626631533e-12,1.0849117425919656e-12,3.101795667249307e-12,3.073629133573993e-10,1.0000000013607824,2
316,02:18:00,2.864632840516804e-11,4.8582425411178654e-12,1.144592319797472e-12,4.412214543500375e-13,9.858593223161618e-13,8.612178264875727e-10,1.0000000013467454,2
317,02:18:30,7.53627181021768e-11,5.461187175483635e-12,3.323040800426798e-12,1.3255907758136568e-12,4.639307816868756e-12,2.1383077162837216e-10,1.0000000013328523,2
318,02:19:00,4.794084370791754e-11,4.853956074339541e-12,3.63842684352374e-12,5.538772873048719e-13,1.7471415503545948e-12,1.3634563810200872e-10,1.0000000013191053,2
319,02:19:30,5.267816786251363e-11,4.806353489400986e-12,2.224770787838369e-12,4.0375624197287616e-13,9.699887931055317e-13,3.5468158778394344e-10,1.000000001305503,2
320,02:20:00,6.069810533394947e-11,6.8950526704326315e-12,3.6398170310302146e-12,2.0017502123204305e-12,7.2068924735179755e-12,1.9449535544705363e-10,1.000000001292043,2
321,02:20:30,3.3546339731672e-11,5.128073290549732e-12,1.988400224665935e-12,4.380786198012115e-13,1.133072218569386e-12,6.289459609698618e-11,1.000000001278721,2
322,02:21:00,6.3082913316485e-11,4.640492497479804e-12,2.9753336808656853e-12,1.958232841359463e-12,1.0938006082121925e-11,1.0007654348053122e-10,1.0000000012655361,2
323,02:21:30,3.430491328271138e-11,4.300735395566154e-12,1.39587517025796e-12,1.5496570480697052e-12,7.220760892524024e-12,9.779462792192816e-11,1.0000000012524912,2
324,02:22:00,8.019385110792835e-11,1.06225721393175e-11,5.299823843551568e-12,1.963263020792739e-12,1.05726308403617e-11,3.030610768731903e-10,1.000000001239584,2
325,02:22:30,4.601971995815772e-11,4.908010058716164e-12,9.129074702833545e-13,2.790278624615323e-13,9.173640087046323e-13,2.1491594756712737e-10,1.0000000012268118,2
326,02:23:00,5.672128072153528e-11,6.7837159474769685e-12,3.378952361256942e-12,2.0821152063489045e-12,1.507357012625762e-11,1.0549189558976435e-10,1.0000000012141725,2
327,02:23:30,5.472840697233164e-11,6.485575460611052e-12,1.782467874093483e-12,5.780163338812385e-13,2.8359144581782058e-12,7.618030323086665e-11,1.0000000012016648,2
328,02:24:00,8.415988692069317e-11,8.124437380760874e-12,2.9931874155715617e-12,1.1607248345544788e-12,4.027769947518446e-12,1.2549185266918095e-10,1.000000001189288,2
329,02:24:30,8.918918493934056e-11,8.090802899777811e-12,5.138088622387998e-12,1.0942432703538193e-12,6.0604187012600875e-12,9.580287947115166e-11,1.000000001177043,2
330,02:25:00,4.9701113167999694e-11,8.465871035270022e-12,2.580804508821039e-12,8.558359004516076e-13,5.200856177887997e-12,9.588372240190186e-11,1.000000001164928,2
331,02:25:30,5.523227404488038e-11,9.94730122262572e-12,2.2794008213002653e-12,1.832346489744397e-12,1.0824865611401814e-11,9.225805893472251e-11,1.000000001152938,2
332,02:26:00,7.828928012268997e-11,7.609276959805376e-12,2.2929640283724867e-12,4.33534771439088e-13,1.5412181089214706e-12,1.6277296351527981e-10,1.0000000011410755,2
333,02:26:30,7.981448636618409e-11,6.019449807929521e-12,2.883737979498494e-12,6.766805864977305e-13,3.0833837651749166e-12,1.2404962401848365e-10,1.0000000011293388,2
334,02:27:00,1.1992586940736306e-10,7.141291161080647e-12,2.525729729688505e-12,5.394083801370739e-13,2.638878859620136e-12,1.8743108063272792e-10,1.0000000011177266,3
335,02:27:30,1.1580483458058023e-10,6.926597436982972e-12,2.766569137470882e-12,5.02449555664612e-13,2.3028355818107032e-12,2.3670125176726523e-10,1.0000000011062375,3
336,02:28:00,1.2299919727841732e-10,7.278329927682656e-12,2.263914367202759e-12,5.628218758537369e-13,2.379903786610781e-12,1.8257501137032201e-10,1.0000000010948698,3
337,02:28:30,8.569574749762031e-11,8.73575219862855e-12,3.357008749641749e-12,1.3241931312214613e-12,8.059062750407392e-12,1.4085935824584826e-10,1.0000000010836254,2
338,02:29:00,7.989398105112811e-11,9.777660845445742e-12,2.9745110698107424e-12,1.5525747934586725e-12,1.0839173314055e-11,1.7244551273478485e-10,1.0000000010724999,2
339,02:29:30,1.5947364245255216e-10,8.851525565069291e-12,4.64103961133472e-12,7.321445362322741e-13,1.9487261772131776e-12,2.604956912335554e-10,1.0000000010614951,3
340,02:30:00,1.2852608891166727e-10,1.0176258707893033e-11,2.113101627348498e-12,1.7560717725147155e-12,6.504877400141225e-12,1.4145172023965824e-10,1.000000001050609,2
341,02:30:30,1.1533811048836758e-10,4.795300048027156e-12,3.3508085364391925e-12,6.878040242313137e-13,4.0005790154648804e-12,1.860117112463057e-10,1.0000000010398378,3
342,02:31:00,1.1840910346863772e-10,1.0132558826550945e-11,2.5935352060244868e-12,1.0401208176002053e-12,5.5648365446909625e-12,1.841395732216379e-10,1.0000000010291854,3
343,02:31:30,5.954418307406293e-11,9.104484083581483e-12,4.254708331007839e-12,2.039119920478613e-12,1.1703735038452155e-11,2.093575882319122e-10,1.000000001018646,2
344,02:32:00,8.24137899971292e-11,7.433713409413396e-12,3.6090621000673284e-12,6.776016145499202e-13,4.041029131654125e-12,1.6230721539455218e-10,1.000000001008222,2
345,02:32:30,9.794919833900122e-11,9.582832171934708e-12,3.0373707276657685e-12,1.5416735937536568e-12,8.46554246832981e-12,2.5925406014095483e-10,1.0000000009979153,3
346,02:33:00,1.147395883244022e-10,7.253206071617982e-12,3.183629957663809e-12,6.888140267504366e-13,3.77286954568279e-12,2.5084758855005354e-10,1.0000000009877175,3
347,02:33:30,1.448315171647162e-10,7.869484358960265e-12,3.0209995975800536e-12,9.306944488353399e-13,3.815180776112021e-12,2.1097495980750025e-10,1.0000000009776355,3
348,02:34:00,7.352442687900165e-11,1.0384434184048925e-11,4.125782512655612e-12,7.367634815377985e-13,4.7868417799681724e-12,2.3877502024579193e-10,1.000000000967663,2
349,02:34:30,1.3267196399706769e-10,8.218348612080007e-12,2.1334775952986646e-12,5.343861274555682e-13,1.428470498966071e-12,3.30483043096487e-10,1.0000000009577985,3
350,02:35:00,1.8439802674724686e-10,1.0048936009050152e-11,3.3082836423981478e-12,8.831031073467846e-13,4.632115634394709e-12,1.5529053695881562e-10,1.0000000009480472,3
351,02:35:30,2.036139651821594e-10,9.42910478751603e-12,2.252461225126e-12,3.1395725838153583e-13,1.010604689415206e-12,2.6178247379630385e-10,1.000000000938403,3
352,02:36:00,1.1754207122919815e-10,1.1879566125682417e-11,3.1882839479833568e-12,7.816474222337272e-13,4.350449782018213e-12,2.95769616689645e-10,1.0000000009288692,3
353,02:36:30,9.680323140795053e-11,1.3835684146080653e-11,2.7262627528115692e-12,1.294543948171152e-12,7.443388677924442e-12,3.808426638229396e-10,1.0000000009194416,3
354,02:37:00,1.1259795241718411e-10,7.337790390633464e-12,2.8086442757347364e-12,3.3653984900472044e-13,1.3649172069255909e-12,2.5737074130430935e-10,1.0000000009101193,3
355,02:37:30,7.705846356140923e-11,6.697722957115902e-12,3.1838526214564583e-12,1.1827548260301369e-12,7.2273420092645466e-12,2.8487182442497804e-10,1.0000000009009054,2
356,02:38:00,2.057958738869202e-10,1.0453004051133642e-11,3.5703857065876786e-12,5.057262198396191e-13,2.4332646892698805e-12,2.4897923121776174e-10,1.0000000008917966,3
357,02:38:30,1.816952202661502e-10,7.6435300728633e-12,2.4937121518590068e-12,7.393283575283844e-13,4.649912364693664e-12,3.060353210544772e-10,1.000000000882794,3
358,02:39:00,1.492585073787859e-10,8.964274234072165e-12,4.525002507418842e-12,5.913095517850644e-13,3.034388909211465e-12,2.92179512687371e-10,1.000000000873894,3
359,02:39:30,1.085558681808904e-10,7.665545587344767e-12,3.5283877948155244e-12,7.157573418038432e-13,4.009837843170103e-12,2.429026391013541e-10,1.0000000008650982,3
360,02:40:00,1.3988770251343566e-10,1.2232034149745118e-11,4.175166722204122e-12,6.549094091281769e-13,3.9548182257332375e-12,4.84764022002775e-10,1.000000000856405,3
361,02:40:30,1.6988471110876644e-10,7.821735973724765e-12,2.858210196500683e-12,5.089608233677774e-13,2.4781616300745937e-12,3.4139239342717605e-10,1.0000000008478152,3
362,02:41:00,1.652259591327154e-10,8.614097096240768e-12,3.4838868362626765e-12,1.3637058881063015e-12,7.82942036427804e-12,2.285754795250952e-10,1.0000000008393284,3
363,02:41:30,1.8896014852870352e-10,9.393344286885744e-12,2.515758734941032e-12,9.516195950447704e-13,6.093972861962104e-12,3.3301485375207995e-10,1.0000000008309426,3
364,02:42:00,1.2726279381625153e-10,6.455526414372854e-12,2.643517532305016e-12,1.202219383157266e-12,8.004391747581901e-12,3.8464524287981323e-10,1.0000000008226575,3
365,02:42:30,2.1806558822011402e-10,1.0729193832379224e-11,2.903461712652567e-12,5.562268154064819e-13,2.5544875693872316e-12,2.5851306774352025e-10,1.0000000008144723,3
366,02:43:00,1.3151890951589806e-10,6.3325017145044906e-12,2.77897816115162e-12,6.677932221559052e-13,3.414094455891081e-12,7.802326080421645e-10,1.000000000806388,3
367,02:43:30,1.730710186029628e-10,7.573666082557127e-12,2.2576521475028704e-12,3.816062359632701e-13,1.5826557388384754e-12,2.8686454055607464e-10,1.0000000007984042,3
368,02:44:00,1.9595152374860346e-10,8.015882813774166e-12,3.9722488430657186e-12,3.510380680959495e-13,1.2571948928331394e-12,2.655516023686334e-10,1.0000000007905205,3
369,02:44:30,1.4495935035459535e-10,1.2291353081297889e-11,3.4543362639992982e-12,5.349272402176987e-13,2.7467168867746236e-12,3.178726152926135e-10,1.0000000007827348,3
370,02:45:00,1.9427198440941976e-10,8.193984243397212e-12,2.8055021416695535e-12,5.223835453911271e-13,2.3631972616361867e-12,3.501627847849169e-10,1.0000000007750496,3
371,02:45:30,1.9735613243030447e-10,9.30853966506384e-12,3.190481788759433e-12,8.991826993984433e-13,4.827177819873603e-12,4.6171510466499086e-10,1.0000000007674612,3
372,02:46:00,2.0178969837533357e-10,1.4427257014124006e-11,3.0091290329506e-12,5.766232699493003e-13,2.6236014228605622e-12,3.3506935208089506e-10,1.00000000075997,3
373,02:46:30,2.2276332915394645e-10,1.1300136991475459e-11,3.416348873639285e-12,4.820351126809934e-13,2.4413534819453468e-12,5.523272294786882e-10,1.0000000007525789,3
374,02:47:00,1.2208198885513197e-10,7.568896872816169e-12,4.0876765493077325e-12,4.2855216168174103e-13,2.0207877952917516e-12,3.278616101197108e-10,1.0000000007452856,3
375,02:47:30,2.3368535896845496e-10,9.551519315507519e-12,2.9371283397335168e-12,3.076235910299298e-13,1.3829869760107903e-12,3.7537791003278654e-10,1.000000000738089,3
376,02:48:00,1.805207981432056e-10,1.0259140224230337e-11,2.595958840029278e-12,7.481292010409408e-13,4.369665363270305e-12,3.8582490231310613e-10,1.0000000007309893,3
377,02:48:30,2.745663415099108e-10,1.303699301798294e-11,3.2373638100136215e-12,6.454362508373063e-13,2.3937112237065466e-12,3.9125440194080914e-10,1.0000000007239869,3
378,02:49:00,2.3630350066185945e-10,8.910676525155893e-12,3.4085532200919298e-12,8.412501762923465e-13,4.56233272425952e-12,3.401492300250389e-10,1.0000000007170822,3
379,02:49:30,1.1324144518919699e-10,6.109902578639223e-12,2.5552123426223476e-12,7.336802422788984e-13,3.9879261883943335e-12,2.520087519838522e-10,1.000000000710271,3
380,02:50:00,2.1000501199116728e-10,7.383396041824855e-12,3.639260522570674e-12,6.339985016827229e-13,3.2600314443935696e-12,4.212948101276287e-10,1.0000000007035585,3
381,02:50:30,2.0935432300924496e-10,1.4518145720605414e-11,3.3801921200946166e-12,8.513083350423893e-13,3.705400157093497e-12,3.6747388211151633e-10,1.0000000006969432,3
382,02:51:00,1.868236826405839e-10,1.0674047855340143e-11,2.9550424321145858e-12,4.781534054866542e-13,1.8048833015838037e-12,3.0335343769972436e-10,1.000000000690424,3
383,02:51:30,1.2921780412387267e-10,1.258680143957762e-11,3.6000263011962327e-12,4.741267877254475e-13,2.544911204095546e-12,6.800140868037278e-10,1.0000000006840026,3
384,02:52:00,1.6711373089629034e-10,1.0103111893651677e-11,2.040757778554659e-12,7.074488919147038e-13,3.4251623148327293e-12,4.079128428553113e-10,1.0000000006776781,3
385,02:52:30,1.7354725335210263e-10,6.5043395333931346e-12,3.6062347415593634e-12,9.373875393494839e-13,5.9281381396089195e-12,2.929605460696409e-10,1.0000000006714533,3
386,02:53:00,2.2946239162365346e-10,1.3925523217996763e-11,6.0559247437487306e-12,8.606636928549748e-13,3.033658326429494e-12,5.118322055409809e-10,1.0000000006653227,3
387,02:53:30,1.517657845797098e-10,8.862169654450257e-12,2.6945922930370406e-12,6.705667246814322e-13,1.8516597808922184e-12,3.0261864394361555e-10,1.0000000006592906,3
388,02:54:00,1.4636955881075394e-10,1.3832176828565649e-11,3.7690560072716274e-12,9.65211152827369e-13,4.97856099012582e-12,2.8815702529716453e-10,1.0000000006533536,3
389,02:54:30,1.9688877378342063e-10,1.0542003664252288e-11,5.6428567283446085e-12,5.289032580125971e-13,2.002529729474966e-12,2.5010757378813e-10,1.000000000647515,3
390,02:55:00,2.5085309527779465e-10,1.0207588566877385e-11,2.555087154663648e-12,4.85104328772071e-13,1.819259508819493e-12,2.8753402922874585e-10,1.0000000006417742,3
391,02:55:30,1.4942703800315487e-10,9.636016171046744e-12,3.5217751861288754e-12,7.887183525593461e-13,2.325809912625892e-12,3.9155942137375524e-10,1.0000000006361311,3
392,02:56:00,1.2506940989513286e-10,9.169656672448211e-12,2.8478523664414865e-12,6.039950897668226e-13,1.9695846403332786e-12,2.4688303476721127e-10,1.0000000006305851,3
393,02:56:30,1.9545935062417107e-10,9.838106708767191e-12,2.4025630055753087e-12,7.323713685336783e-13,3.8351040257641065e-12,3.5219517370781623e-10,1.0000000006251393,3
394,02:57:00,2.898421443871465e-10,1.382438345089302e-11,4.1821343530298565e-12,5.854575623062835e-13,2.3466799393749642e-12,5.254321721791691e-10,1.0000000006197942,3
395,02:57:30,3.7858312317320105e-10,1.4086748260447794e-11,3.297284411902902e-12,4.953205365040666e-13,1.4326206901501494e-12,3.456141827252707e-10,1.0000000006145489,3
396,02:58:00,2.3009610648933386e-10,1.070103916144684e-11,2.4934171032391634e-12,9.030141610056129e-13,3.891803369228083e-12,3.471419215773952e-10,1.0000000006094019,3
397,02:58:30,3.0962952537733053e-10,1.1571434858687593e-11,3.924833084476597e-12,8.483757387980284e-13,3.2572171940762673e-12,2.1502602880405565e-10,1.000000000604358,3
398,02:59:00,2.0743792402375526e-10,1.7988446925839302e-11,5.805543898224099e-12,6.702555190096516e-13,1.870018883459812e-12,4.0852813387424736e-10,1.0000000005994147,3
399,02:59:30,7.323962733154544e-11,1.4206640378221392e-11,3.266425207165451e-12,4.963727303084421e-13,1.3540648040479712e-12,2.0551523532478466e-08,1.0000000005945737,4
400,03:00:00,1.39103931025563e-10,1.0086818164414722e-11,4.3466288811625874e-12,8.154062635855166e-13,2.465334454708622e-12,6.005828525570396e-09,1.0000000005898373,4
401,03:00:30,2.9247416023208016e-11,6.04757101291541e-12,2.4288331139408275e-12,7.536518968359374e-13,2.247654968370673e-12,7.808858452070126e-09,1.0000000005852026,4
402,03:01:00,4.0974481225994096e-11,7.095918836052012e-12,1.850977073849914e-12,4.563924259723508e-13,1.1576094220952866e-12,2.0022023824060867e-08,1.0000000005806728,4
403,03:01:30,4.957932189128551e-11,6.621862807368158e-12,2.5021221926127293e-12,5.906677700625508e-13,1.3433898395905165e-12,2.0548961396955302e-08,1.00000000057625,4
404,03:02:00,3.036847868939059e-11,4.410364753905761e-12,1.7938977746208538e-12,4.180491654866674e-13,9.45697579896487e-13,9.711757612249554e-09,1.000000000571934,4
405,03:02:30,3.635339689267709e-11,5.8092266712317795e-12,2.7482111189756326e-12,1.0667067426765742e-12,3.803947019065007e-12,6.005363449261122e-09,1.0000000005677272,4
406,03:03:00,3.7218746622623786e-11,8.079572676267663e-12,2.986748508270584e-12,5.63773580641697e-13,1.6909187246318847e-12,1.297140902823071e-08,1.0000000005636276,4
407,03:03:30,3.260612271486553e-11,8.369025340811854e-12,2.3547467835797907e-12,4.494023027097913e-13,1.064407933715574e-12,1.4034092461361293e-08,1.0000000005596377,4
408,03:04:00,2.1954900450566447e-11,4.670062794073087e-12,1.7422025096021961e-12,4.842855475506603e-13,1.013168733330117e-12,1.7508374655724852e-08,1.0000000005557605,4
409,03:04:30,3.2339468259933964e-11,4.272277442980397e-12,1.876667439834668e-12,8.693282624144226e-13,1.8638923428249766e-12,4.559831005731839e-09,1.0000000005519956,4
410,03:05:00,2.564224785660477e-11,8.216285005010273e-12,2.4939051178759205e-12,7.615133646446898e-13,2.353286956350316e-12,6.078077735145193e-09,1.000000000548345,4
411,03:05:30,2.4017414395503554e-11,4.210236945123434e-12,1.7944738243820314e-12,7.059023874358391e-13,1.4657537570168928e-12,1.9873532929008766e-08,1.0000000005448126,4
412,03:06:00,2.8345599014396274e-11,6.038022639198536e-12,1.2800306893374054e-12,5.72947597485313e-13,1.1435978023381058e-12,4.174862524884764e-08,1.0000000005413954,4
413,03:06:30,3.32371046482635e-11,3.848603332699123e-12,1.6856484272544952e-12,6.954899765459587e-13,1.5834150951634262e-12,1.2733730470770357e-08,1.0000000005380993,4
414,03:07:00,1.9086451902741583e-11,4.154468946862754e-12,1.1375464265622286e-12,3.065430609173927e-13,7.168391735897861e-13,1.5199454141370393e-08,1.0000000005349257,4
415,03:07:30,2.6579546662629008e-11,5.496190419165708e-12,1.774636281869635e-12,4.853899062702709e-13,1.1489278245084398e-12,4.823634892534179e-08,1.000000000531875,4
416,03:08:00,5.39672211935489e-11,3.527323983980713e-12,1.1375215854163535e-12,4.23013735383287e-13,7.513420556582849e-13,3.727048397717058e-08,1.000000000528951,4
417,03:08:30,3.890730488997554e-11,4.892221162731932e-12,1.0241968162676415e-12,3.892026629874922e-13,6.617535919038328e-13,4.87885564795366e-08,1.000000000526151,4
418,03:09:00,2.046123106285734e-11,3.713926082666596e-12,1.2814597864973743e-12,3.8519680228720966e-13,6.824195246077468e-13,7.791268484273642e-09,1.000000000523485,4
419,03:09:30,1.3927393285897829e-11,3.120022883830888e-12,9.54244582674995e-13,3.6500697396332585e-13,6.887051989111575e-13,2.617625903680867e-09,1.0000000005209522,4
420,03:10:00,1.3955137713814364e-11,2.6989796935546556e-12,1.137801220852794e-12,3.2274653042174515e-13,4.757184825348706e-13,9.142516425742664e-09,1.000000000518556,4
421,03:10:30,2.227107475720623e-11,4.745086774212935e-12,9.552407248105404e-13,3.2706769165640846e-13,6.153151812209743e-13,1.9113762417246125e-08,1.000000000516298,4
422,03:11:00,3.5322049475398716e-11,3.689621190945227e-12,4.089429689854889e-12,6.469164314388615e-13,1.0792264840855788e-12,5.57309499907432e-09,1.000000000514179,4
423,03:11:30,1.6837183530783555e-11,2.4187580660096108e-12,1.9591785555098405e-12,7.496105739142882e-13,1.2333225267472307e-12,3.134592342388939e-09,1.0000000005122076,4
424,03:12:00,2.7456903495989086e-11,5.882081066984651e-12,1.4028810705352062e-12,3.507658545896856e-13,8.377302627483633e-13,7.41109543801925e-09,1.0000000005103835,4
425,03:12:30,1.9777037511591725e-11,3.2159588967025682e-12,1.3428626576377806e-12,3.619866940018125e-13,9.011525722194608e-13,2.1152967877024508e-08,1.000000000508714,4
426,03:13:00,3.35324755180548e-11,4.325024138538638e-12,1.9154695745185505e-12,6.430569434660965e-13,1.3149073824175525e-12,8.134191864374354e-10,1.0000000005072003,4
427,03:13:30,2.6912165802430192e-11,5.383165281045588e-12,1.2848973576163558e-12,4.793023182464758e-13,7.933104331733452e-13,4.244024088089519e-09,1.0000000005058456,4
428,03:14:00,2.5546643548295647e-11,4.354507188208194e-12,1.7554449919608666e-12,4.1775361336796826e-13,1.1384453323828802e-12,6.987770242346564e-10,1.0000000005046554,4
429,03:14:30,3.540346966256465e-11,4.834542363394073e-12,1.5388220985235086e-12,2.9003118132360277e-13,5.344421635195463e-13,2.6786100615258736e-09,1.0000000005036322,4
430,03:15:00,1.540617167657274e-11,5.7290423286207486e-12,1.923121280279181e-12,4.987500427016875e-13,1.8264488303659387e-12,5.983818060594764e-08,1.0000000005027885,4
431,03:15:30,3.413052952022902e-11,4.3784805151213855e-12,1.978886807989294e-12,6.207263019697171e-13,1.6443636956771785e-12,6.678333270960634e-09,1.0000000005021197,4
432,03:16:00,2.956976017703949e-11,5.6722981386643485e-12,1.8000688644368391e-12,6.92984582934355e-13,9.994968680619074e-13,2.3884068088304432e-09,1.0000000005016363,4
433,03:16:30,2.0328309990433342e-11,4.519037425525765e-12,1.9755512589330303e-12,6.355372205759485e-13,1.6519910204228525e-12,2.5961064693208047e-09,1.0000000005013427,4
434,03:17:00,1.8944127400502605e-11,5.464248501169163e-12,1.16273649256735e-12,3.186424516642672e-13,5.561138486254396e-13,5.388193579163434e-09,1.0000000005012462,4
435,03:17:30,4.565277863719909e-11,4.0904623657596785e-12,1.3609693046673426e-12,4.196682292427672e-13,8.848503576282329e-13,4.121079335252114e-09,1.0000000005013514,4
436,03:18:00,2.7965931091093606e-11,5.713392697588497e-12,1.3748957855387888e-12,5.626295096876164e-13,7.944579030434023e-13,4.490677741965543e-09,1.0000000005016672,4
437,03:18:30,2.8507892869553012e-11,4.71700197890337e-12,1.399367249318415e-12,7.490656597159936e-13,1.470776971285462e-12,3.5404876230580534e-09,1.0000000005022032,4
438,03:19:00,2.407713072613139e-11,4.117989440580659e-12,4.54100886838572e-12,9.588076004082218e-13,1.9126366200726037e-12,5.196268691033866e-10,1.000000000502961,4
439,03:19:30,2.220362374974723e-11,4.714021384247302e-12,1.4101148207122145e-12,3.4977974141445615e-13,9.15541028727419e-13,1.3871695995474918e-08,1.000000000503952,4
440,03:20:00,1.665288883190723e-11,4.031676877815012e-12,1.138892050712681e-12,3.1683122954326647e-13,7.30591249030294e-13,2.2836482867815078e-08,1.0000000005051863,4
441,03:20:30,2.960878827481219e-11,3.694255573558674e-12,1.2477462220243184e-12,5.082243549651411e-13,1.2489832838150526e-12,8.852867497404245e-09,1.0000000005066711,4
442,03:21:00,2.042508602926188e-11,7.231680379937857e-12,1.2290510182450207e-12,3.6406643516178017e-13,7.419785438384837e-13,2.1169075162566646e-08,1.0000000005084204,4
443,03:21:30,1.9726159680482866e-11,2.298822896675257e-12,8.515896810080875e-13,2.5065657201222055e-13,6.518081808048151e-13,2.49787269143194e-08,1.0000000005104377,4
444,03:22:00,2.0199905168482825e-11,4.0331048649007445e-12,7.029024703006267e-13,2.7390742495210685e-13,4.734213038361735e-13,2.556796684192683e-08,1.0000000005127396,4
445,03:22:30,3.2588094792744604e-11,4.4729412140781746e-12,1.389077372939028e-12,6.337192323329621e-13,1.0094137662822276e-12,3.0960520761548704e-09,1.0000000005153362,4
446,03:23:00,2.139910404868716e-11,3.88232435218212e-12,1.935722870071475e-12,5.360367054914895e-13,1.1724471131276579e-12,7.973072301969373e-10,1.0000000005182397,4
447,03:23:30,5.24185264958221e-11,1.0729380397119228e-11,1.9443406552589055e-12,4.491753116708867e-13,9.947267561814968e-13,7.92297215412771e-10,1.000000000521468,4
448,03:24:00,2.6285084722167587e-11,4.053701508766058e-12,1.1523517716670886e-12,4.671748714900794e-13,1.0039800268548842e-12,1.0573501567117308e-09,1.0000000005250311,4
449,03:24:30,3.57742275184321e-11,3.524899804765659e-12,2.165463516712765e-12,6.122742011812556e-13,1.2453351273148452e-12,2.4999911250516563e-10,1.0000000005289438,4
450,03:25:00,3.928730111751313e-11,4.236453801782063e-12,2.619006545372665e-12,1.0701018763878218e-12,2.4731109261177483e-12,2.3732709110078995e-10,1.0000000005332215,4
451,03:25:30,2.0402360985241503e-11,4.908629357906075e-12,9.305004241942214e-13,2.846471169391673e-13,5.473675811485256e-13,5.94907692763093e-09,1.0000000005378884,4
452,03:26:00,3.060744168990462e-11,3.8739206366863714e-12,3.3096986884652693e-12,8.916816293009452e-13,2.802204136280637e-12,1.0629152495711395e-09,1.0000000005429623,4
453,03:26:30,2.235527432314467e-11,9.149737116186636e-12,2.459699503654689e-12,7.410156818580408e-13,1.4342441722653923e-12,5.175007140707147e-10,1.0000000005484582,4
454,03:27:00,6.546861488551579e-11,6.750875485570218e-12,2.482992877958731e-12,8.816237522096945e-13,1.6729609012681691e-12,7.576841282689234e-11,1.0000000005543985,4
455,03:27:30,4.755601353662829e-11,7.921025856553852e-12,2.3584885525798208e-12,6.396456319586879e-13,1.7247687226237106e-12,4.4879180773036137e-10,1.000000000560808,4
456,03:28:00,9.365665071055993e-11,2.936301063660162e-12,2.8690672521938858e-12,8.0369769171858e-13,2.647692566534724e-12,9.783090964487319e-11,1.0000000005677125,4
457,03:28:30,4.395705057908605e-11,6.002256328323634e-12,1.2130233519809024e-12,5.470915147701499e-13,9.860676344721154e-13,3.842363874379813e-10,1.0000000005751397,4
458,03:29:00,3.8330238887114856e-11,6.861176672974986e-12,2.47914570574506e-12,8.896395786544663e-13,1.4227581906869492e-12,1.0658066381741799e-10,1.000000000583115,4
459,03:29:30,2.1592050156832424e-11,2.771203562835914e-12,1.7189474332278737e-12,5.388653841827793e-13,1.7622171924411712e-12,8.174557595434522e-11,1.0000000005916683,4
460,03:30:00,7.892030619983937e-11,1.0435799857459696e-11,5.1501874008857485e-12,7.592207333609674e-13,1.316036032198644e-12,6.581209735942698e-11,1.0000000006008345,4
461,03:30:30,4.262037228958875e-11,6.96665104073106e-12,3.820010773739504e-12,9.29651863045928e-13,2.3569402762882878e-12,1.3403385464591971e-10,1.0000000006106506,2
462,03:31:00,1.8976478901255255e-11,5.127073390050882e-12,3.2583160063712354e-12,5.185134802095178e-13,1.3321773981346825e-12,4.880711209119071e-10,1.0000000006211507,2
463,03:31:30,6.935776271537044e-11,1.2450773043769147e-11,3.0750666455670186e-12,2.0051768579020907e-12,3.931691132428265e-12,1.210900498988667e-10,1.0000000006323795,4
464,03:32:00,3.4796059334002004e-11,4.5266109401387594e-12,2.3049958039413573e-12,7.505944067520396e-13,1.7071229715668967e-12,5.0886167746255325e-11,1.0000000006443803,2
465,03:32:30,7.257681482557832e-11,8.069097285568715e-12,4.045204949012515e-12,5.223348965561624e-13,1.5087152338803075e-12,9.505712096647436e-11,1.0000000006571967,2
466,03:33:00,2.1534318735125608e-11,3.4605024144531336e-12,1.7428163429142208e-12,3.711660868952469e-13,8.743736082962636e-13,5.1375065560539145e-11,1.000000000670888,2
467,03:33:30,2.5310014463353385e-11,6.471546683377571e-12,2.1479191421696485e-12,5.471348072183691e-13,1.0306100631251575e-12,5.0246956370843203e-11,1.0000000006855068,2
468,03:34:00,3.946332605489392e-11,7.084764657066713e-12,1.858734981152627e-12,5.532226426433047e-13,1.3221624615259604e-12,6.194618771498224e-11,1.0000000007011136,2
469,03:34:30,6.197588203609601e-11,7.953163706751275e-12,2.6424275162622483e-12,9.5928900621049e-13,1.587499231122702e-12,1.416268588277817e-10,1.000000000717774,2
470,03:35:00,6.133891954073652e-11,6.547175337837431e-12,3.91503215452406e-12,2.7960947596249617e-12,7.169137090569088e-12,6.353153576639464e-11,1.0000000007355532,2
471,03:35:30,3.201928044455119e-11,5.192884910494144e-12,3.920993571210331e-12,5.003913742106152e-13,1.639724800440467e-12,5.5097853941396235e-11,1.000000000754541,2
472,03:36:00,2.4868680870261152e-11,3.931207086155621e-12,2.3496240521167735e-12,1.1136150757703374e-12,4.522555278225779e-12,4.5543756173024027e-11,1.0000000007748135,2
473,03:36:30,6.29806625065041e-11,7.931954589474792e-12,2.510343771955225e-12,1.7966171338798932e-12,7.120857048457671e-12,6.53340458895328e-11,1.0000000007964667,2
474,03:37:00,1.9261126985215136e-11,3.908046523599114e-12,1.1304165824203016e-12,6.326824420145623e-13,1.2843941044325805e-12,4.7287222461470937e-11,1.0000000008195975,2
475,03:37:30,2.8045808454958432e-11,4.512480334271249e-12,2.060197386463484e-12,5.912342945304755e-13,2.0473377303312073e-12,6.003698635075895e-11,1.0000000008443142,2
476,03:38:00,3.997368296883628e-11,4.452137578484886e-12,2.366440764907471e-12,1.0270456233500114e-12,2.906353302208942e-12,7.036620262772403e-11,1.000000000870739,2
477,03:38:30,7.434221366282023e-11,6.529662122524638e-12,2.908487016128949e-12,5.606811008650037e-13,1.020501807701054e-12,1.7045698851400105e-10,1.0000000008989995,2
478,03:39:00,3.673620870839151e-11,5.347928044906835e-12,1.9400124897869986e-12,1.1622107377273517e-12,4.4113235548860976e-12,5.633983918842183e-11,1.000000000929242,2
479,03:39:30,2.6637015925886343e-11,5.732689929291673e-12,1.9053262385063853e-12,9.90793428325478e-13,5.205685726994437e-12,4.778797046999779e-11,1.000000000961622,2
480,03:40:00,3.2342081586591054e-11,4.806374248970333e-12,1.6915615309641457e-12,1.2686670598161043e-12,4.798819912338728e-12,5.92719829271159e-11,1.000000000996308,2
481,03:40:30,2.309405459391309e-11,5.194016198796406e-12,2.002462334605884e-12,1.1030426250231231e-12,5.3106478512989286e-12,5.063511081291737e-11,1.0000000010334964,2
482,03:41:00,5.925627109304172e-11,8.785692605791842e-12,3.21891833477799e-12,7.350330475466678e-13,3.4497345007152873e-12,7.271754652204695e-11,1.0000000010733916,2
483,03:41:30,3.8649526979477754e-11,4.884584532717384e-12,2.418681907973402e-12,9.785341707198186e-13,4.352722171853679e-12,5.358897355905402e-11,1.0000000011162264,2
484,03:42:00,5.1917875999027586e-11,5.90208295624062e-12,2.984745190151516e-12,1.6503590006490606e-12,9.303762224793042e-12,5.2877715230341814e-11,1.0000000011622545,2
485,03:42:30,4.1001461588015094e-11,4.614124680716106e-12,2.057310253801305e-12,8.816859727053171e-13,2.7823101844618983e-12,6.719465554981826e-11,1.0000000012117565,2
486,03:43:00,4.240779374871555e-11,5.081340580863026e-12,2.1495323893252683e-12,7.33533279452736e-13,3.754613999551564e-12,6.388347489320422e-11,1.0000000012650496,2
487,03:43:30,2.7173491542188493e-11,5.629280311062859e-12,2.0840779398806167e-12,1.5172508150394664e-12,8.81640389502592e-12,7.102145066810415e-11,1.0000000013224808,2
488,03:44:00,8.192468877261319e-11,8.126227634204483e-12,2.3143814176606757e-12,4.125318045726624e-13,1.0526067563694218e-12,1.0284706946434504e-10,1.0000000013844383,2
489,03:44:30,4.1668575847858947e-11,5.093919404852682e-12,1.56600496295341e-12,5.170970498281788e-13,1.7234944780591477e-12,8.407723432308831e-11,1.000000001451352,2
490,03:45:00,6.514254595631247e-11,7.314604541130665e-12,4.963906849939043e-12,1.8021177540058615e-12,8.763467682338305e-12,6.769159627905218e-11,1.000000001523709,2
491,03:45:30,2.1875044863840483e-11,5.68803808705207e-12,3.1818720410902438e-12,1.728651718684984e-12,1.1577375834184104e-11,7.177063261091248e-11,1.0000000016020487,2
492,03:46:00,3.628963656194997e-11,6.045600845134034e-12,2.2336768417549004e-12,1.075840076439848e-12,5.461611251373985e-12,9.289167447946095e-11,1.00000000168698,2
493,03:46:30,5.900149925485576e-11,8.254999089928327e-12,3.139331275152143e-12,1.1768795351090054e-12,6.520547928362157e-12,7.055427561681395e-11,1.0000000017791881,2
494,03:47:00,3.9705682060667823e-11,4.659901166352165e-12,2.6069359568211093e-12,7.471163859154005e-13,3.9912476117004716e-12,7.493815235211744e-11,1.000000001879441,2
495,03:47:30,3.3348536069545114e-11,7.247515061795377e-12,1.480550018305734e-12,1.4410895110844112e-12,9.14222308362312e-12,7.837232235776892e-11,1.000000001988613,2
496,03:48:00,3.480352285040485e-11,7.721821492429288e-12,5.844268857118681e-12,4.659609503567974e-13,2.017663848629597e-12,1.3144873754971956e-10,1.0000000021076951,2
497,03:48:30,9.595987704079629e-11,7.687084913761001e-12,2.501671626279933e-12,7.403417516293207e-13,3.226283128571819e-12,1.0313694225321265e-10,1.0000000022378088,2
498,03:49:00,4.537148985028632e-11,6.422720959820604e-12,1.98076707333699e-12,8.684318366345892e-13,1.8150194393660332e-12,7.425865750547678e-11,1.0000000023802371,2
499,03:49:30,3.01952309520914e-11,6.089272465905615e-12,3.0404144988422575e-12,1.1932603608352846e-12,6.586318259804155e-12,6.986007005317297e-11,1.0000000025364448,2
500,03:50:00,6.722321009365265e-11,6.236425053433919e-12,1.8374485869981433e-12,9.747614618618477e-13,4.1795377012848636e-12,1.1417793172705507e-10,1.000000002708106,2
501,03:50:30,5.792964306055759e-11,8.000246645899696e-12,2.7990337993029293e-12,1.559665200020109e-12,8.541235660196689e-12,1.2154003084522e-10,1.0000000028971525,2
502,03:51:00,4.7984819502104114e-11,5.791982887601814e-12,2.6597777464007882e-12,6.894059689848603e-13,3.278589129054184e-12,9.658298915179645e-11,1.0000000031058096,2
503,03:51:30,5.668909999289891e-11,5.647701748200306e-12,2.6433027192122243e-12,1.1684729710916928e-12,5.997595751944505e-12,8.815817750618736e-11,1.0000000033366572,2
504,03:52:00,4.861045828065895e-11,5.397785635544051e-12,2.230039023365122e-12,4.601689497816542e-13,1.8849933685579105e-12,8.099291421033417e-11,1.000000003592692,2
505,03:52:30,7.937448522774075e-11,5.0632121056541925e-12,2.548330130422827e-12,1.2721262357800033e-12,7.709011927439885e-12,1.0028672933302838e-10,1.0000000038774046,2
506,03:53:00,6.275136895692494e-11,8.50287410539254e-12,4.271019998074586e-12,4.643007143616558e-13,1.8236092403620975e-12,1.1349428993239333e-10,1.0000000041948895,2
507,03:53:30,6.380328949589855e-11,6.004116061376263e-12,3.3959454252069354e-12,9.070108396544801e-13,4.275997137208239e-12,1.0667862070487676e-10,1.0000000045499622,2
508,03:54:00,5.1979595774666525e-11,7.257543492064903e-12,4.133077686933265e-12,6.80432352003003e-13,3.4125030036918e-12,1.9959648592045215e-10,1.0000000049483084,2
509,03:54:30,7.569694258474695e-11,6.31522930407174e-12,2.1658387028360675e-12,3.4288844888506926e-13,1.3095441871311052e-12,1.6625478615827132e-10,1.0000000053966795,3
510,03:55:00,2.023404745396531e-10,1.0889112089798206e-11,3.1652345771495363e-12,1.1068839582481714e-12,4.431309294373451e-12,1.7411880339246525e-10,1.0000000059031284,3
511,03:55:30,9.133879890936399e-11,1.0830772071994065e-11,4.0037497880986026e-12,1.3511439886313635e-12,3.6235228593431217e-12,1.0478663775235127e-10,1.0000000064773176,3
512,03:56:00,3.467519400798223e-11,7.891652973665606e-12,2.4599553985688456e-12,7.855907312429682e-13,3.5290851390360254e-12,9.790776054408305e-11,1.0000000071308965,2
513,03:56:30,4.0122472157241514e-11,5.453442803825814e-12,2.6231340155509594e-12,1.9136447643433686e-12,1.3180298502915885e-11,8.677245940706652e-11,1.0000000078780042,2
514,03:57:00,1.4450133594727503e-10,1.3648761773215651e-11,3.646343837833409e-12,1.677251203376738e-12,9.335995513254621e-12,1.1240838486532448e-10,1.0000000087359033,3
515,03:57:30,5.490532355859248e-11,5.405122807738937e-12,1.9453646868890334e-12,6.576745540084348e-13,2.9713770162884994e-12,8.129512936437084e-11,1.0000000097258224,2
516,03:58:00,5.859676409822862e-11,7.906933544900085e-12,2.6372390814908084e-12,1.1821459061647921e-12,6.896518258614969e-12,1.1502857095444374e-10,1.0000000108740483,2
517,03:58:30,5.581233809926318e-11,5.576965001535912e-12,2.581074186920214e-12,1.7708166351901785e-12,1.0318084747273407e-11,1.4123211886301184e-10,1.0000000122134012,2
518,03:59:00,7.327042751117142e-11,5.788712111797219e-12,2.7392567909391233e-12,3.315957882186583e-13,9.24981866746991e-13,1.4403208760699115e-10,1.0000000137851897,2
519,03:59:30,1.0904631235361265e-10,9.105805058619498e-12,3.1592091236533784e-12,4.204360730169438e-13,1.6811053119751355e-12,1.1257644279413311e-10,1.0000000156418951,2
520,04:00:00,7.090747752820277e-11,7.50880976295579e-12,3.0978534270186605e-12,1.086027451005797e-12,5.734806526349073e-12,8.631310342796155e-11,1.0000000178508384,2
521,04:00:30,6.483078427606055e-11,7.526210008640663e-12,2.148138601650822e-12,1.4776589868245143e-12,8.339844895242737e-12,1.1341300907756551e-10,1.0000000204993258,2
522,04:01:00,7.560192745201821e-11,6.706878820318452e-12,3.3291600537409182e-12,1.1023680764897848e-12,6.695728490142988e-12,1.5702811786658366e-10,1.0000000237018827,2
523,04:01:30,1.3753168704800562e-10,8.295414312566711e-12,3.615018200788614e-12,9.528059664699024e-13,4.6019410528567925e-12,2.7914098753310174e-10,1.0000000276106744,2
524,04:02:00,5.351241442327625e-11,8.081030834564346e-12,2.5361675261451882e-12,1.0782844952546255e-12,4.022125060771714e-12,1.6936925844286157e-10,1.0000000324307337,2
525,04:02:30,8.499411179553039e-11,5.222023114380545e-12,4.7112450393489265e-12,4.97571358464205e-13,2.0296979322513687e-12,2.3327313831792496e-10,1.0000000384426098,2
526,04:03:00,9.060946858679023e-11,5.924929586107769e-12,3.1881239318908654e-12,1.2734061603643446e-12,8.532191790353853e-12,1.6135061119301971e-10,1.0000000460368352,2
527,04:03:30,1.1602183377655392e-10,9.986326113048567e-12,2.574505938563641e-12,5.356105562525209e-13,2.698583584824352e-12,2.1226386303454654e-10,1.0000000557675173,3
528,04:04:00,1.9533427180958853e-10,5.132455586062638e-12,6.434178990928434e-12,1.1466577918980515e-12,2.2302554788865397e-12,5.791936663868519e-09,1.000000068437948,0
529,04:04:30,6.631475999001139e-11,4.453605248166019e-12,2.4262477743420267e-12,5.688477837720622e-13,1.3009209036014606e-12,8.521315283693003e-10,1.000000085241337,1
530,04:05:00,9.833663323063911e-11,7.247267129846395e-12,2.6255235258281063e-12,9.671249204277477e-13,2.184833549739807e-12,4.3444076606847995e-10,1.0000001080000456,2
531,04:05:30,7.633375475828617e-12,5.847857746118218e-13,7.115151143776698e-13,8.085328945298927e-13,7.239649194482669e-13,5.998507585890841e-10,1.0000001395880898,0
532,04:06:00,1.9961182686094967e-11,8.261899210597008e-13,4.200490696265392e-13,4.4894733109079337e-13,3.993280218995908e-13,3.3208266120761555e-09,1.000000184711064,0
533,04:06:30,6.105300488599428e-12,6.454043767054624e-13,6.233995691466844e-13,3.3843116722414007e-13,3.802522675127258e-13,3.18718260471675e-10,1.000000251423252,0
534,04:07:00,8.818835375967275e-12,1.1353417901104765e-12,7.477814546479737e-13,4.426844920870463e-13,4.1433280936323733e-13,4.4794009167322456e-10,1.0000003542691036,0
535,04:07:30,4.9157772233785575e-12,5.846827511224326e-13,7.111908850358477e-13,4.78786569411364e-13,5.204369442503266e-13,2.072805722747435e-10,1.0000005213057712,0
536,04:08:00,3.3927551569184625e-12,9.878585081085504e-13,1.20746719818222e-12,5.449030407022005e-13,8.467972147857374e-13,3.48080808767158e-09,1.000000811386245,1
537,04:08:30,6.580889500922078e-12,8.176799281201882e-13,9.959158238551193e-13,5.845845433016329e-13,9.090574979652383e-13,2.560499103777608e-09,1.000001362376442,1
538,04:09:00,7.144620485075631e-12,7.547114932507714e-13,5.710635671443377e-13,3.7028209497563444e-13,5.01734717621468e-13,1.990791917826128e-09,1.0000025509572676,0
539,04:09:30,3.671648021676019e-12,8.531245294856332e-13,6.908883908930397e-13,4.782242316745548e-13,6.194953815581277e-13,5.597051034000631e-09,1.0000056774841648,1
540,04:10:00,3.6788355661073815e-12,7.504783076666014e-13,1.0863194276072612e-12,5.417697247401493e-13,7.910809065924879e-13,2.381337043847575e-09,1.0000175609374828,1
541,04:10:30,5.5430441022453875e-11,5.261266492842832e-12,1.3024627833704915e-12,6.348539205610417e-13,7.891385874065072e-13,6.501828784511171e-08,1.000158051154708,0
542,04:11:00,4.068540704428561e-12,8.824303944134582e-13,2.9559927428940456e-13,3.114591317437488e-13,3.302196037106997e-13,4.766620326728544e-09,25.028809220193242,0
543,04:11:30,4.3622501667873986e-74,2.3884399152489714e-74,1.8752967226102488e-73,4.1559619781870255e-74,4.0539993888692556e-75,4.591774807899561e-41,30.999988248606567,0
544,04:12:00,4.3622501667873986e-74,2.3884399152489714e-74,1.8752967226102488e-73,4.1559619781870255e-74,4.0539993888692556e-75,4.591774807899561e-41,31.000000209826215,0
545,04:12:30,4.3622501667873986e-74,2.3884399152489714e-74,1.8752967226102488e-73,4.1559619781870255e-74,4.0539993888692556e-75,4.591774807899561e-41,31.000007265934677,0
546,04:13:00,4.3622501667873986e-74,2.3884399152489714e-74,1.8752967226102488e-73,4.1559619781870255e-74,4.0539993888692556e-75,4.591774807899561e-41,31.000103811270062,0
547,04:13:30,7.405297797490244e-11,7.140473052692497e-12,1.5629660024994273e-12,8.430763243626926e-13,1.1664773250392593e-12,5.232830875668313e-08,12.757433654499028,0
548,04:14:00,1.0281422716669231e-10,4.125851378068043e-12,1.0159153918867282e-12,7.281081084920264e-13,7.845253847115315e-13,1.5639914943236652e-08,1.0000192937197285,0
549,04:14:30,6.731639755207826e-12,8.156691712643653e-13,5.418945262645675e-13,2.5182372930341795e-13,3.455263947795414e-13,3.3510891941324775e-09,1.000003408785489,0
550,04:15:00,3.7475360376744985e-12,6.254527543335153e-13,8.987735159775164e-13,2.5924596544594955e-13,3.217105914587526e-13,1.583423115645462e-09,1.00000100271918,0
551,04:15:30,4.167666033829822e-12,6.444618804301232e-13,5.817512858650393e-13,2.3737574537633186e-13,2.2600256663934513e-13,2.41749997118695e-09,1.0000003549826435,0
552,04:16:00,2.690129613511714e-12,6.591018415776898e-13,8.802345202759844e-13,3.02409362700547e-13,3.108884646368359e-13,6.241466930698297e-09,1.0000001317660738,1
553,04:16:30,4.97746722155287e-12,6.386302909470071e-13,5.671090832904307e-13,2.551475241352424e-13,3.7415427388211323e-13,9.349718061446098e-09,1.000000044033032,1
554,04:17:00,1.0615515977204829e-11,7.225131722564337e-13,1.2169337250354259e-12,3.544104285784624e-13,3.9195480207138365e-13,7.942570940651044e-09,1.000000007152185,1
555,04:17:30,3.6416019403675356e-12,6.792683175973756e-13,8.39315695835463e-13,4.014065318138835e-13,3.3907637554441306e-13,2.3334092082810688e-08,0.9999999914291949,1
556,04:18:00,3.603571777804655e-12,5.771823400557884e-13,6.025088391701399e-13,4.1044177068018e-13,5.008358736885828e-13,6.867567091460845e-09,0.9999999851063862,1
557,04:18:30,4.778560374879594e-12,9.849509685745956e-13,6.692105088180605e-13,4.942800256628043e-13,5.073103018437878e-13,5.320155342914615e-09,0.9999999831154921,1
558,04:19:00,3.71966582276894e-12,5.563905377479183e-13,3.735102447030785e-13,2.843421058812423e-13,2.7126325255597553e-13,4.762734591515213e-09,0.9999999831358649,1
559,04:19:30,3.513276269898397e-12,1.0635368549343663e-12,6.759008181694681e-13,3.415622324521778e-13,4.2512449077916894e-13,1.2451459448366403e-08,0.999999984060112,1
560,04:20:00,5.4689189538481535e-12,8.473524389240997e-13,6.439152004199098e-13,5.50712712853585e-13,5.97070399448939e-13,1.5682053631884437e-09,0.9999999853468055,1
561,04:20:30,5.380737621931502e-12,1.0328377654642896e-12,8.089678183341634e-13,5.97797300144081e-13,8.249080529198056e-13,1.1909391272588925e-08,0.9999999867296723,1
562,04:21:00,3.897891452734443e-12,8.951859259906391e-13,3.9751540255370636e-13,2.397712944467063e-13,3.008327207022352e-13,1.0475584519035872e-08,0.9999999880801889,1
563,04:21:30,8.550178364826129e-12,1.4204159981780962e-12,1.0882859230452172e-12,6.054951875785091e-13,8.219322367095277e-13,4.335636972781595e-08,0.9999999893400676,1
564,04:22:00,1.3789271831711175e-11,7.42451795454037e-13,6.212818704842445e-13,4.577346483719858e-13,6.671459799910032e-13,6.723031171777865e-09,0.9999999904870348,0
565,04:22:30,3.1612270767064754e-12,6.293173627773981e-13,4.277919254059726e-13,2.3457619783584896e-13,3.166274241953756e-13,6.062215407834456e-10,0.9999999915170842,0
566,04:23:00,3.8698693217144e-12,7.37447301550265e-13,3.6742529274915017e-13,2.0745948996516437e-13,2.8245842878632145e-13,6.762511548086613e-09,0.9999999924351389,1
567,04:23:30,3.5376004601985126e-12,8.658861677812684e-13,6.858750115238106e-13,4.8626375470779e-13,8.076410792927213e-13,2.1026773828767414e-08,0.9999999932501132,1
568,04:24:00,7.568070311605994e-12,9.295323258940438e-13,1.0387507723638394e-12,5.190553341484222e-13,9.732081696050362e-13,2.3374808012821357e-08,0.9999999939723053,1
569,04:24:30,3.836834138863301e-12,1.0921128194407244e-12,9.339851535509044e-13,5.845496427298209e-13,5.836950384047714e-13,6.530508558355017e-09,0.9999999946120688,1
570,04:25:00,7.928662604951434e-12,1.4344141966406567e-12,7.791789927855504e-13,4.3172973284338333e-13,6.001360466437398e-13,1.4939885361342263e-08,0.9999999951791566,1
571,04:25:30,1.572142839389072e-11,2.9110901619836296e-12,1.1683857562591844e-12,7.438101823031376e-13,1.1176252841908808e-12,4.270151119626077e-09,0.9999999956824424,2
572,04:26:00,1.1401586244494351e-11,1.3853017770407337e-12,6.820719406013145e-13,6.643342201965446e-13,8.347977654665958e-13,7.194370255374006e-09,0.9999999961298403,1
573,04:26:30,9.616163684663684e-12,1.7828406418943686e-12,9.327274502477987e-13,4.901356323302876e-13,6.204361190145825e-13,4.957501902881457e-09,0.9999999965283073,1
574,04:27:00,9.528496955872403e-11,3.946457221138874e-12,1.7097502314140061e-12,5.991902556261786e-13,1.7588474706141883e-12,6.795154957199403e-09,0.9999999968839324,2
575,04:27:30,2.904500740063406e-11,2.232991230885745e-12,9.058764903538622e-13,4.774602089442859e-13,9.797887110438841e-13,1.2500494710915508e-09,0.9999999972020148,2
576,04:28:00,1.1330916758230188e-10,6.371696982255515e-12,2.468947733322465e-12,1.0170845009884983e-12,1.1686729692183195e-12,2.2333718845864464e-10,0.9999999974871536,2
577,04:28:30,1.3588060978803828e-10,4.396210774806709e-12,2.6086841428909066e-12,1.0394736221932074e-12,3.20643189385484e-12,3.669783460179864e-10,0.9999999977433391,2
578,04:29:00,3.0464976637818886e-11,3.1653398537911447e-12,1.5564567195547192e-12,6.480217323589572e-13,1.288332433288947e-12,1.0065063352476322e-09,0.9999999979740289,2
579,04:29:30,3.110154529319965e-11,4.607172047558221e-12,1.1289304008418923e-12,7.966552376914976e-13,1.0296237972866747e-12,3.805349207809166e-10,0.9999999981822325,2
580,04:30:00,4.523705735970838e-11,6.961341111796393e-12,2.594470396239344e-12,9.830390040673588e-13,2.817386795419002e-12,5.135930139060566e-10,0.9999999983705556,2
581,04:30:30,4.106266926526137e-11,3.6050019335008366e-12,2.3589545407776506e-12,1.1310241550941505e-12,1.3441645260619036e-12,1.1262652439372541e-10,0.9999999985412675,2
582,04:31:00,1.180256014377361e-10,7.284908660288456e-12,2.2333657295471186e-12,1.4772854061802984e-12,2.9364083823256225e-12,1.4835377450335453e-10,0.9999999986963519,2
583,04:31:30,3.5441868742827676e-11,4.342355957390204e-12,2.300207662596316e-12,1.390823414953182e-12,6.572020974317397e-12,9.266438785939285e-11,0.9999999988375377,2
584,04:32:00,5.601130633467372e-11,3.399967566411584e-12,2.7297599339331187e-12,7.057230472991672e-13,1.354667770143481e-12,6.42363316859318e-11,0.9999999989663334,2
585,04:32:30,4.50767881563515e-11,5.7888328992237356e-12,1.9958734258548964e-12,1.7141212363528036e-12,2.9561004445091712e-12,9.036682935765967e-11,0.9999999990840701,2
586,04:33:00,4.902540871217219e-11,6.432683938078712e-12,1.4659353451545616e-12,9.228165724149002e-13,2.1414902579972045e-12,7.731215764384535e-11,0.9999999991919137,2
587,04:33:30,2.5321129967553714e-11,3.3407379249271994e-12,2.412177249218122e-12,6.567885180392212e-13,1.8345829543600675e-12,1.0713249805034551e-10,0.9999999992908871,2
588,04:34:00,8.827029890692837e-11,6.055350216199066e-12,2.0798143555273403e-12,1.0494245079436054e-12,2.7599296491751403e-12,7.183582265675436e-10,0.9999999993818952,2
589,04:34:30,1.9799155693985194e-11,2.0826594945039447e-12,9.554953767843177e-13,6.956912041898597e-13,1.0431725587631233e-12,4.979990892863222e-10,0.9999999994657388,2
590,04:35:00,2.91471870453285e-11,3.21869818501647e-12,3.0289151038956543e-12,1.0752952041684074e-12,4.239148296634063e-12,1.487516483115413e-10,0.9999999995431272,2
591,04:35:30,3.8360801203083084e-11,3.68517991412803e-12,1.5667856868343538e-12,1.1214375705736327e-12,2.603293109960273e-12,7.577645618893184e-11,0.9999999996146886,2
592,04:36:00,2.9290191965598635e-11,3.033312537622945e-12,1.5731573061115076e-12,6.250685329420925e-13,2.081949516744787e-12,7.168902788451572e-11,0.9999999996809811,2
593,04:36:30,3.268324342470708e-11,3.3373525114560673e-12,2.0113659347106616e-12,9.83883118752766e-13,2.9829870452473125e-12,8.938949961116074e-11,0.9999999997425031,2
594,04:37:00,3.74286353611179e-11,3.84601761440434e-12,1.4028389383260942e-12,5.81257707340816e-13,1.5793921765275821e-12,7.548118095046358e-11,0.9999999997996974,2
595,04:37:30,4.3097534729889855e-11,5.536820294769335e-12,1.7798633585518915e-12,1.4717621061074317e-12,6.2080922245033525e-12,8.495713370442426e-11,0.9999999998529647,2
596,04:38:00,5.222208537324052e-11,4.555982906991976e-12,1.6665589008384432e-12,2.2975522607827627e-12,7.957301263202288e-12,5.944504015010073e-11,0.9999999999026592,2
597,04:38:30,2.959020738776877e-11,2.6404080233545743e-12,1.3470283314288748e-12,6.335826917108175e-13,1.9790576340690266e-12,5.895155072757113e-11,0.9999999999491004,2
598,04:39:00,4.730123173966845e-11,4.862669815911077e-12,1.8370651038320535e-12,9.461582583877617e-13,3.796904276862592e-12,6.13455991716983e-11,0.9999999999925765,2
599,04:39:30,3.6519657182639614e-11,4.167665572082939e-12,1.4287986502191515e-12,5.180513476689707e-13,1.425209779904043e-12,5.874104891698757e-11,1.000000000033344,2
600,04:40:00,2.5841721757616574e-11,4.549023230785704e-12,2.147445467785194e-12,1.7531842287270036e-12,6.476051439378689e-12,5.893933648332412e-11,1.0000000000716396,2
601,04:40:30,3.7319614891630406e-11,3.0599366146024112e-12,1.7798189153988997e-12,7.14249697195821e-13,2.5558631868105637e-12,7.399028368154685e-11,1.0000000001076688,2
602,04:41:00,3.514201934680311e-11,6.025355162216841e-12,3.988290835575657e-12,1.4126280691980765e-12,4.882877644449513e-12,8.12533235984085e-11,1.0000000001416214,2
603,04:41:30,5.012036183491759e-11,7.146266890499513e-12,3.0847380090794564e-12,1.8063065547682613e-12,5.697338719333143e-12,6.203115892031916e-11,1.0000000001736753,2
604,04:42:00,4.3706394711509094e-11,3.1706843667366326e-12,2.5964384510109917e-12,6.982810060100259e-13,1.9848550498658526e-12,8.460017179634142e-11,1.0000000002039853,2
605,04:42:30,3.6698676788925265e-11,2.5091719560175913e-12,1.1411399009858e-12,3.5813914042041723e-13,9.66360983609974e-13,6.761466599762717e-10,1.0000000002326919,2
606,04:43:00,6.905491009734463e-11,4.980733765100099e-12,2.907744805191181e-12,7.003755857064555e-13,2.4524723198503464e-12,1.2148019275619105e-10,1.0000000002599265,2
607,04:43:30,4.0955911591341027e-11,4.842651245932968e-12,2.3732266151867707e-12,2.0608743508784355e-12,9.169461287594386e-12,1.0733458838037198e-10,1.000000000285803,2
608,04:44:00,5.487758956361374e-11,6.848640929513114e-12,3.1780784046800554e-12,1.0748914836658142e-12,5.307323449969768e-12,1.322633276449775e-10,1.000000000310434,2
609,04:44:30,4.918342224160067e-11,5.42544950271791e-12,2.8905025224834222e-12,1.0138473100398066e-12,3.3395290229242882e-12,5.831326370951522e-11,1.0000000003339158,2
610,04:45:00,3.74389389630747e-11,2.924275888725917e-12,1.4520854415133565e-12,1.132096109666714e-12,1.964206884381984e-12,7.554632138577419e-11,1.0000000003563356,2
611,04:45:30,3.629363781955262e-11,5.799045686906605e-12,2.0113620498787736e-12,2.061919112912946e-12,9.648811555629873e-12,8.370663963057389e-11,1.0000000003777783,2
612,04:46:00,5.3887878506949914e-11,6.220800356980702e-12,2.0928563325541954e-12,5.870754077298933e-13,2.699781747303835e-12,1.0179684004581636e-10,1.0000000003983194,2
613,04:46:30,2.56076539660589e-11,2.8128194295842222e-12,2.043202366095354e-12,1.0642787473811325e-12,3.3408491095012822e-12,9.972510460206307e-11,1.0000000004180278,2
614,04:47:00,6.179006674223941e-11,4.674281321908369e-12,3.6470841538979435e-12,1.4287580129862616e-12,6.12050745317764e-12,6.178912425128497e-11,1.0000000004369674,2
615,04:47:30,2.6694437458370274e-11,4.038650547748697e-12,2.287761247461242e-12,1.5545032687289444e-12,6.090564126122078e-12,6.897110149295113e-11,1.0000000004551968,2
616,04:48:00,4.9222033515736833e-11,5.220298139949717e-12,1.4410811255935932e-12,3.824720049736958e-13,1.1816997947703806e-12,7.510344404932544e-11,1.0000000004727676,2
617,04:48:30,3.3126477766684456e-11,4.713516477273936e-12,2.289505967857856e-12,1.35470901192604e-12,3.358358504686812e-12,7.918928538007306e-11,1.0000000004897298,2
618,04:49:00,5.509773902611787e-11,6.2644076574710915e-12,2.6693233188390304e-12,8.607893156033517e-13,2.5355899457483547e-12,3.05203792708649e-10,1.0000000005061305,2
619,04:49:30,5.5142283161382365e-11,4.351727910955071e-12,2.53670959976203e-12,1.2467361621344296e-12,4.22853111128145e-12,7.883542524419342e-11,1.0000000005220135,2
620,04:50:00,3.894670654793477e-11,5.5135435506065746e-12,3.869782164543022e-12,1.354663373116246e-12,5.40520917146986e-12,8.126689846985847e-11,1.0000000005374172,2
621,04:50:30,6.302413251719748e-11,4.647027968347434e-12,1.888590822511603e-12,8.410954403078953e-13,3.4185965455278093e-12,7.175047303643071e-11,1.000000000552374,2
622,04:51:00,5.971128256702526e-11,6.200793537829199e-12,2.9964202364777215e-12,1.4868625919870023e-12,4.392274064409475e-12,9.292211869009999e-11,1.0000000005669218,2
623,04:51:30,2.8649402814992145e-11,4.210980862324289e-12,1.9466409036533534e-12,1.678474274139432e-12,8.053772010390647e-12,7.110951702872098e-11,1.0000000005810903,2
624,04:52:00,6.029013003346873e-11,6.117290161093862e-12,2.5323076146041976e-12,1.8236708632545363e-12,9.190596038958566e-12,6.713266237060686e-11,1.0000000005949066,2
625,04:52:30,4.0155114556965396e-11,4.983459044104256e-12,2.366685415826426e-12,1.4385327655315276e-12,5.814258214922291e-12,7.534482546111896e-11,1.000000000608403,2
626,04:53:00,2.687813450841491e-11,5.146417182101382e-12,3.596545061517515e-12,1.1806903571773665e-12,5.038230932087442e-12,8.352104049151309e-11,1.0000000006215992,2
627,04:53:30,2.986606508525582e-11,9.187827273607008e-12,2.1383433818237637e-12,7.653226509700435e-13,2.987183229060705e-12,1.4840815631321786e-10,1.0000000006345229,2
628,04:54:00,3.241360628366369e-11,4.9879922566606575e-12,2.5228582079505557e-12,8.057526764060489e-13,2.408530692264616e-12,1.3908810028352582e-10,1.0000000006471925,2
629,04:54:30,3.7552421287124366e-11,5.025810015147868e-12,2.920267920668322e-12,1.9052491941368644e-12,7.327686253559007e-12,6.437792497675014e-11,1.0000000006596284,2
630,04:55:00,4.7082729301040544e-11,6.288098745776342e-12,2.5770468775650835e-12,1.713562494496193e-12,8.186662570185545e-12,9.838980264463744e-11,1.0000000006718504,2
631,04:55:30,5.284021883451182e-11,6.447215355379666e-12,3.2024195901964636e-12,1.0994523465626718e-12,4.703037649458032e-12,8.735785467484641e-11,1.0000000006838747,2
632,04:56:00,6.00010022969775e-11,6.7619255466869925e-12,2.7047011119393987e-12,4.883953383960212e-13,1.5688904056102534e-12,1.1331939034336572e-10,1.0000000006957213,2
633,04:56:30,3.441081520188627e-11,7.1346127980038395e-12,2.3753841995092136e-12,1.1637036704033911e-12,3.3286815706031453e-12,8.592672111418376e-11,1.0000000007074037,2
634,04:57:00,3.65118485527151e-11,5.267967943627514e-12,3.135372428827319e-12,1.4317942674188385e-12,5.612739494719518e-12,1.1593771721117145e-10,1.0000000007189356,2
635,04:57:30,3.536109566192497e-11,4.870750138157645e-12,2.4105454152638187e-12,1.9132645693737227e-12,9.773156462320201e-12,7.970682396553784e-11,1.0000000007303296,2
636,04:58:00,3.425709523808101e-11,4.819322493809663e-12,1.728373709734667e-12,6.120913088565585e-13,2.0528355690656793e-12,8.221368350001887e-11,1.0000000007416026,2
637,04:58:30,3.0674871132922486e-11,7.47777018007317e-12,3.3858731362561346e-12,9.42832585911749e-13,3.989758064260714e-12,8.041657084888595e-11,1.000000000752765,2
638,04:59:00,3.2760788963070265e-11,5.512897934162762e-12,2.6747147155500176e-12,6.19906820643443e-13,1.2948545291777309e-12,7.561449079222897e-11,1.0000000007638266,2
639,04:59:30,5.6923943765014335e-11,5.94150678848453e-12,3.778895460308636e-12,8.905771178099668e-13,2.9810367899663745e-12,1.2041703376526154e-10,1.0000000007747978,2
640,05:00:00,1.0865004067547679e-10,9.082688698618974e-12,3.104667989614534e-12,1.4643769046804546e-12,8.874234304574154e-12,1.1914015070094917e-10,1.0000000007856888,2
641,05:00:30,8.717563805329577e-11,1.0549538875126318e-11,2.561180904705806e-12,8.5121340724209e-13,2.0437768277999234e-12,1.3419665916983417e-10,1.000000000796511,2
642,05:01:00,3.812415204559425e-11,5.548935991447434e-12,2.7417112300956046e-12,7.595014476465339e-13,3.2212283386426424e-12,8.433124392431105e-11,1.0000000008072731,2
643,05:01:30,9.879662143910271e-11,9.473525553832574e-12,3.680413750541239e-12,1.0010713012730946e-12,3.989648185545944e-12,1.6865835604202902e-10,1.000000000817983,2
644,05:02:00,6.703122314081774e-11,7.684843346819024e-12,2.8558026041385364e-12,1.014282911971708e-12,2.4157941016899563e-12,1.001459067200329e-10,1.000000000828647,2
645,05:02:30,3.7557062513810024e-11,6.117281463262264e-12,4.581654907033769e-12,5.733484508965164e-13,2.3769167449649893e-12,1.9693331379403575e-10,1.000000000839271,2
646,05:03:00,4.691776530081439e-11,5.0262841995874855e-12,1.8602402475691e-12,1.300463080638524e-12,4.913265013632573e-12,9.214996554673116e-11,1.0000000008498684,2
647,05:03:30,4.242618269073223e-11,7.105212102729873e-12,3.116931107596407e-12,1.1283074589974156e-12,5.134198843873468e-12,1.2718669558485683e-10,1.0000000008604446,2
648,05:04:00,5.6587622530562097e-11,6.548968677710894e-12,2.625749483835511e-12,7.887440318718284e-13,2.39405931642041e-12,9.196935875705776e-11,1.0000000008710037,2
649,05:04:30,5.835799321495882e-11,7.065334024638454e-12,2.3745330343763807e-12,4.597187692851099e-13,1.6603904114261952e-12,1.135625837340251e-10,1.0000000008815508,2
650,05:05:00,9.471338396063754e-11,6.091659464967094e-12,3.4399330122946847e-12,6.633088154542966e-13,2.2207959884634026e-12,1.259296147215574e-10,1.0000000008920937,2
651,05:05:30,1.7478348426093473e-10,8.223273643358489e-12,3.879681238832881e-12,8.007277518666947e-13,3.6112491072297753e-12,1.6748199000346082e-10,1.0000000009026373,3
652,05:06:00,5.932953661684464e-11,5.8353813132965e-12,3.228334122749404e-12,1.771804098015153e-12,9.815489351183681e-12,7.419210842556051e-11,1.0000000009131895,2
653,05:06:30,4.5741903650423414e-11,5.139953800835341e-12,2.831326070234341e-12,1.119348601160415e-12,5.455845770463195e-12,9.119065085074462e-11,1.0000000009237522,2
654,05:07:00,8.409107236019276e-11,7.57242648157658e-12,2.8355480894530797e-12,6.014173691030534e-13,2.13240568371315e-12,1.4639317393724024e-10,1.0000000009343306,3
655,05:07:30,6.638525676992931e-11,4.548207009332761e-12,2.1458979090578955e-12,4.721406696771511e-13,1.333287425824338e-12,1.582205376340324e-10,1.0000000009449304,2
656,05:08:00,6.426552580070855e-11,7.844400642764069e-12,2.4312477064669825e-12,1.1293401425865838e-12,3.0568682460006176e-12,1.1448032130557379e-10,1.0000000009555539,2
657,05:08:30,2.0939381263195132e-10,1.101949021535199e-11,6.0549647500183484e-12,1.3918722905946306e-12,3.826407236252557e-12,2.5204600597723517e-10,1.0000000009662073,3
658,05:09:00,9.284151162592717e-11,1.008247752146782e-11,3.4828641000177e-12,6.119024645912116e-13,1.5129808433631997e-12,1.0124995217167886e-10,1.0000000009768932,2
659,05:09:30,7.889368506030923e-11,9.978156571175877e-12,4.14626994981146e-12,1.1596331735621668e-12,3.7716803148298016e-12,1.4079015953524966e-10,1.0000000009876162,2
660,05:10:00,3.3532457643779254e-11,7.677221133404942e-12,2.9984371439911866e-12,1.6916276704889455e-12,7.828076492212537e-12,1.776193376214647e-10,1.0000000009983818,2
661,05:10:30,6.726943625631286e-11,6.384970495533184e-12,2.8852420043663765e-12,1.8426087141618087e-12,7.249862758881002e-12,1.0744349165592748e-10,1.0000000010091916,2
662,05:11:00,6.144247454970906e-11,5.833124432338515e-12,3.134965652445079e-12,9.341062929917226e-13,3.843208134882044e-12,9.848905498856607e-11,1.000000001020052,2
663,05:11:30,6.235177853601751e-11,8.309603220479921e-12,3.2788835035956344e-12,1.1749621712604575e-12,5.491534690892028e-12,2.0546708664308498e-10,1.000000001030962,3
664,05:12:00,1.8552487863182804e-10,8.586114162688092e-12,2.794462633822913e-12,9.807108950331567e-13,2.576286269358567e-12,5.52853667945182e-10,1.000000001041926,1
665,05:12:30,1.253652088828955e-10,8.1614611618546e-12,2.5376949450207777e-12,6.050975780264496e-13,2.2003138408206767e-12,1.484589274886139e-10,1.0000000010529493,2
666,05:13:00,7.559367203293464e-11,9.506492830185247e-12,4.0990337939131805e-12,2.598693802786125e-12,1.3195920899820034e-11,1.1035297673936492e-10,1.000000001064034,2
667,05:13:30,5.4607351017371964e-11,9.926350527389538e-12,3.72082934656745e-12,1.5981926651497045e-12,4.541931200733841e-12,1.1381305526339192e-10,1.0000000010751835,2
668,05:14:00,1.289338294223687e-10,8.680773060068402e-12,5.011806773255034e-12,8.215412743415233e-13,3.930553896176684e-12,1.581545645394037e-10,1.0000000010863992,2
669,05:14:30,5.0471306855211275e-11,7.916207937653187e-12,4.216690994023381e-12,1.0607563098635283e-12,4.1011640850019204e-12,1.0909419869485733e-10,1.0000000010976835,2
670,05:15:00,5.3830809194967483e-11,7.708025115357585e-12,4.216659133784261e-12,4.880254654390242e-13,1.5620543227649841e-12,1.2138330557485582e-10,1.000000001109043,2
671,05:15:30,2.8081007253638783e-10,7.818386939987313e-12,4.605271910699304e-12,6.053612862617047e-13,2.0208325609089535e-12,1.3255670437787602e-10,1.0000000011204744,3
672,05:16:00,3.402925739340289e-11,8.107374502936224e-12,4.37776526010298e-12,8.061676622258654e-13,2.9985763576625584e-12,7.639867385978385e-11,1.0000000011319843,2
673,05:16:30,4.794356752737432e-11,5.9957708121345765e-12,3.754523554581387e-12,1.184069670033052e-12,5.085097680769709e-12,9.358036461400724e-11,1.000000001143575,2
674,05:17:00,7.35789269538367e-11,8.219517186973934e-12,2.557406451825355e-12,1.0034369863912966e-12,4.186173976205379e-12,1.449070644146937e-10,1.000000001155248,2
675,05:17:30,1.6736065766984408e-10,8.954422579110582e-12,4.662588345752494e-12,1.3223578050359832e-12,3.870863754582536e-12,1.1357768999102686e-10,1.0000000011670083,2
676,05:18:00,4.587573211069294e-11,7.821983123665488e-12,3.3090503017306813e-12,1.6898128410120973e-12,6.603589226438473e-12,1.2135447538679465e-10,1.0000000011788532,2
677,05:18:30,5.822789211085835e-11,8.47113288639145e-12,2.827989765602492e-12,1.13334176956905e-12,3.6208116191082348e-12,1.0842967539717904e-10,1.0000000011907904,2
678,05:19:00,6.537886145980204e-11,1.2422716297285764e-11,3.3900922792020115e-12,8.248709826433899e-13,2.9271283236423823e-12,1.72747874653372e-10,1.000000001202818,2
679,05:19:30,1.3137455562953933e-10,5.828690898317157e-12,6.2233857175678866e-12,1.1922401575683842e-12,2.556316473920174e-12,1.062243301608651e-09,1.0000000012149375,1
680,05:20:00,5.353776213145356e-11,4.43503602623295e-12,3.0891249001914786e-12,7.064933688124351e-13,1.4258045536927766e-12,1.0415729391742417e-09,1.0000000012271568,1
681,05:20:30,4.3996097399651265e-11,7.553519995527296e-12,3.005979421024215e-12,8.959457692219239e-13,3.1436858800414093e-12,1.3505788647296298e-10,1.0000000012394727,2
682,05:21:00,1.3747739272441986e-10,7.0069419180950104e-12,3.0613414485273027e-12,2.0088156980344632e-12,6.224282960084043e-12,7.915497864479293e-11,1.0000000012518908,2
683,05:21:30,8.33016727153903e-11,1.1395768702419092e-11,2.9764506978222757e-12,1.1128058297892178e-12,2.5081750465997258e-12,9.572420626531055e-11,1.0000000012644124,2
684,05:22:00,7.17132420517838e-11,6.191830746036724e-12,2.564038615899006e-12,6.218954920278031e-13,1.4250520928729842e-12,1.111146811796658e-10,1.000000001277038,2
685,05:22:30,7.369011683912254e-11,7.527807417315924e-12,4.407430431006287e-12,8.584753903266453e-13,2.2086319487590683e-12,8.925793830627382e-11,1.0000000012897725,2
686,05:23:00,6.964511090169118e-11,7.694913541631394e-12,2.777503616819276e-12,9.778910115976643e-13,2.869335073549289e-12,6.219190812950461e-11,1.0000000013026147,2
687,05:23:30,1.21332229017246e-10,1.8415715518486903e-11,4.191895887989861e-12,6.647213179915907e-13,1.6117240650327625e-12,8.09720297130108e-09,1.0000000013155672,4
688,05:24:00,1.3640937339355412e-11,3.0851210460194254e-12,1.0432446818145261e-12,6.422074990728439e-13,1.1995729292252539e-12,6.308285026011791e-08,1.0000000013286343,4
689,05:24:30,2.509039426220735e-11,4.908274077769447e-12,1.380604810429005e-12,5.727513876685462e-13,1.279098724496994e-12,1.0000123221358634e-08,1.0000000013418169,4
690,05:25:00,1.9541892946745025e-11,4.6152368271221935e-12,7.43234524927291e-13,2.785247192083806e-13,4.99331849976935e-13,4.899257943932148e-09,1.000000001355117,4
691,05:25:30,6.184771598227641e-11,4.883727230484539e-12,9.95648492248348e-13,3.550856032122753e-13,7.064629529261333e-13,3.979380329738797e-08,1.000000001368536,4
692,05:26:00,1.3239736723460617e-11,1.8776361011180144e-12,9.322395338190808e-13,2.6010501635331005e-13,6.063110810779076e-13,5.934044681890648e-08,1.000000001382073,4
693,05:26:30,2.076299780568244e-11,3.1947525170996013e-12,9.340576765814708e-13,2.3622332051789966e-13,4.950887269296117e-13,1.3850800228666858e-08,1.000000001395736,4
694,05:27:00,2.608958282841487e-11,5.16278141119425e-12,1.509411989781005e-12,4.968508048392746e-13,7.445772035478532e-13,2.0084245130793006e-09,1.000000001409526,4
695,05:27:30,2.543355304223341e-11,4.837170608210003e-12,1.0978994068175615e-12,4.329069637527107e-13,7.364696969036048e-13,2.0219080575545202e-08,1.0000000014234414,4
696,05:28:00,1.7277549728674072e-11,3.0384130557941642e-12,7.230345667169126e-13,2.0529102295359683e-13,3.022085542130101e-13,3.091371077201092e-08,1.0000000014374866,4
697,05:28:30,1.1500202606051472e-11,1.9142829482533123e-12,1.2635443979776987e-12,5.217574108961533e-13,1.0862763008202465e-12,9.703115678636138e-09,1.0000000014516637,4
698,05:29:00,7.43592193774552e-12,1.2888007810285458e-12,1.6867870278996043e-12,1.1174508033299316e-12,2.459487237584197e-12,6.826826798832853e-09,1.0000000014659718,0
699,05:29:30,1.928462657186089e-11,4.583919899653316e-12,9.555905379438792e-13,3.483566142619514e-13,4.732136878203573e-13,1.2491362494568748e-08,1.000000001480418,4
700,05:30:00,1.643493740326787e-11,3.896850685840797e-12,1.1361566247472492e-12,3.941110034929114e-13,7.207158994453589e-13,1.7951290726211764e-08,1.0000000014949997,4
701,05:30:30,1.6806073254948616e-11,3.530789807294039e-12,8.726472748347033e-13,2.1770931492506833e-13,3.737287199647592e-13,3.425290513562626e-08,1.0000000015097201,4
702,05:31:00,1.693481357673615e-11,2.9226942324964462e-12,8.616153805291836e-13,2.1130780983593356e-13,3.662170382183771e-13,4.690952518431736e-08,1.0000000015245816,4
703,05:31:30,1.0030488116960184e-11,1.90277535397975e-12,1.0692536497593898e-12,5.824200701288623e-13,5.787119768134762e-13,3.797102777312339e-10,1.0000000015395862,4
704,05:32:00,2.9799276779898386e-11,5.984848139920263e-12,9.6719168725699e-13,2.9806527866365155e-13,6.321904583191359e-13,2.9395725072948134e-08,1.0000000015547381,4
705,05:32:30,2.056871242340675e-11,3.657666243457679e-12,7.981516144852645e-13,2.764041114827229e-13,5.393728796779401e-13,2.465296524471109e-08,1.0000000015700319,4
706,05:33:00,1.3252944210841864e-11,1.2483068440235516e-12,5.939735264764498e-13,2.3888448936563454e-13,3.736485217098978e-13,1.1876706496617847e-08,1.0000000015854797,4
707,05:33:30,1.540720563554239e-11,9.466724923618454e-13,1.3703278205137852e-12,5.880699387912602e-13,9.239104180864092e-13,2.306132520140288e-09,1.0000000016010766,0
708,05:34:00,9.009521602238325e-12,2.2899861821991385e-12,8.35084330428966e-13,2.8647435016607325e-13,5.385536255421808e-13,9.871858581714878e-10,1.0000000016168276,4
709,05:34:30,1.2451008245597378e-11,2.999426215051804e-12,9.22882740714337e-13,3.192213783299751e-13,5.135115675230475e-13,1.4538001115182566e-08,1.0000000016327364,4
710,05:35:00,2.264497103007983e-11,4.601460262712235e-12,9.510118077455188e-13,2.9212032844550443e-13,3.3574893265500115e-13,4.282590176248197e-08,1.0000000016488015,4
711,05:35:30,1.3706647830807412e-11,3.587843807193419e-12,9.04933852422163e-13,4.040052420261847e-13,4.4662096640624197e-13,6.369198070141538e-08,1.000000001665027,4
712,05:36:00,1.490416248186381e-11,2.247483367049779e-12,7.153856571928584e-13,1.971545442110586e-13,3.7837475499531186e-13,3.3118656020976e-08,1.000000001681413,4
713,05:36:30,2.2884847249694248e-11,4.523346649931038e-12,7.040850558943825e-13,2.377158973783916e-13,4.157057788696583e-13,1.0654160520670488e-07,1.0000000016979622,4
714,05:37:00,1.3309179307785422e-11,3.306572252001932e-12,6.607146622478386e-13,2.0789220357410777e-13,4.236362645131799e-13,1.1616605861696114e-07,1.0000000017146795,4
715,05:37:30,2.106748099877156e-11,2.0596239677508035e-12,8.013403965583888e-13,2.5115269505458463e-13,5.042601042207714e-13,5.6887646223410226e-08,1.0000000017315642,4
716,05:38:00,1.455798229854156e-11,3.7478298211550675e-12,1.0835805524108763e-12,4.401523511403453e-13,5.977254523568372e-13,9.271105520644021e-08,1.000000001748619,4
717,05:38:30,1.3194346613036971e-11,1.6269775621536464e-12,1.2768661452126138e-12,6.412273661401834e-13,7.752207329986858e-13,6.411477804158659e-09,1.0000000017658492,1
718,05:39:00,3.551519751089721e-11,5.4594910682400426e-12,1.3680952204672937e-12,2.9910124303935216e-13,5.032073049115663e-13,1.0615111596984037e-07,1.0000000017832527,4
719,05:39:30,1.699856116718132e-11,3.1006602147487333e-12,7.648286048919175e-13,2.470036040174298e-13,3.8862908590695976e-13,7.602695512069178e-08,1.0000000018008341,4
720,05:40:00,2.2583998360055625e-11,2.6264866364822953e-12,8.889430400247047e-13,2.6291741736585635e-13,3.4573998872730464e-13,2.2027495137517045e-08,1.0000000018185944,4
721,05:40:30,1.4767059596014027e-11,2.153251793079829e-12,7.082713312714427e-13,3.1069254315130306e-13,3.9489762636764253e-13,3.481536909983789e-08,1.0000000018365365,4
722,05:41:00,2.2117769421755905e-11,4.325082921284905e-12,8.576539895697983e-13,2.2087108297755855e-13,3.130738690619516e-13,1.9545438935226165e-08,1.000000001854665,4
723,05:41:30,2.771715742364313e-11,2.8054217897496063e-12,7.969036174845202e-13,2.2208798910218497e-13,3.2389321535745936e-13,3.915405429803275e-08,1.0000000018729782,4
724,05:42:00,2.252642112367679e-11,3.858149340167262e-12,1.0374001461051757e-12,2.690133537113804e-13,4.723810889478372e-13,2.7782709941240565e-08,1.0000000018914827,4
725,05:42:30,3.244289678930056e-12,1.0243848235095462e-12,1.4220502560048352e-12,5.091400416161829e-13,5.655439005775131e-13,3.405370195169691e-09,1.0000000019101782,1
726,05:43:00,2.1718079571099237e-11,3.915417136332621e-12,8.295568462744327e-13,3.08333135450597e-13,4.723310342424289e-13,1.084704754566151e-07,1.0000000019290687,4
727,05:43:30,2.4020441975829367e-11,3.2994625559788627e-12,8.864241065404474e-13,2.2753121355966894e-13,4.01945627907628e-13,5.857412308855072e-08,1.0000000019481579,4
728,05:44:00,1.3174959962920781e-11,2.589267839839599e-12,7.278243674789163e-13,2.080133211014088e-13,4.508154871494359e-13,9.023742650076057e-08,1.0000000019674435,4
729,05:44:30,2.070842820429275e-11,4.383487700513622e-12,8.552336942745475e-13,1.8918050746781734e-13,3.5752127985627307e-13,1.3088166327633177e-08,1.0000000019869324,4
730,05:45:00,6.00218620292536e-12,1.2775877032533832e-12,1.0478534656327985e-12,5.904097613915505e-13,7.5319395845065e-13,4.682165375533923e-09,1.0000000020066275,1
731,05:45:30,8.972565340658074e-12,1.7544068581161722e-12,7.170963351182474e-13,4.496731600490096e-13,5.384145901319388e-13,4.739758332152923e-10,1.0000000020265285,4
732,05:46:00,2.2561028526733272e-11,4.051900002555621e-12,7.731665698483058e-13,3.5159079576107087e-13,5.022430671155977e-13,3.790679955803274e-09,1.0000000020466386,4
733,05:46:30,1.4965215592955638e-11,5.484817508647226e-12,8.404525168678016e-13,2.4753796792872447e-13,3.9958382770761043e-13,7.849866464549466e-09,1.000000002066962,4
734,05:47:00,1.5039423718406585e-11,4.229224422469038e-12,7.152206545957804e-13,2.508387194258715e-13,4.0667903213368394e-13,1.3981809414733543e-09,1.0000000020875013,4
735,05:47:30,2.2865952262481825e-11,4.074810742414126e-12,1.0754312044037047e-12,2.759244416680723e-13,6.792567817013828e-13,4.846701566331923e-09,1.0000000021082602,4
736,05:48:00,1.224838339888521e-11,1.8049377670918473e-12,7.251011546433349e-13,2.307164583759594e-13,3.386291793703285e-13,1.6762535603955888e-09,1.0000000021292403,4
737,05:48:30,1.646723610552506e-11,5.377201489974881e-12,8.72905284265799e-13,2.289683287398325e-13,3.9234502865802193e-13,3.680243865798229e-09,1.000000002150444,4
738,05:49:00,1.8800166378482688e-11,5.389955718713519e-12,9.097294491199284e-13,2.189417437995631e-13,4.622773646183466e-13,2.1497422563288844e-08,1.0000000021718742,4
739,05:49:30,2.4630634222974477e-11,4.86334964944303e-12,1.0778117735544254e-12,2.4339525340913895e-13,4.182523635501044e-13,1.4353929861917293e-08,1.0000000021935358,4
740,05:50:00,1.6595017652256078e-11,3.014607510963264e-12,7.632610288534666e-13,4.2216625168383207e-13,8.9762968359909e-13,2.7943842709206235e-08,1.0000000022154298,4
741,05:50:30,6.8571161706899815e-12,1.7050333382422488e-12,8.382867487798102e-13,4.872000865018555e-13,6.382646881334468e-13,3.493686386875208e-10,1.0000000022375592,4
742,05:51:00,5.86190509827393e-12,1.5607781335782162e-12,1.3021733317324038e-12,5.724350535830499e-13,9.066105752031717e-13,3.9647634349743785e-09,1.00000000225993,4
743,05:51:30,2.91945861747409e-11,4.765720569256385e-12,8.181879528328186e-13,3.8307380077600015e-13,6.053348684041598e-13,2.2138911043711634e-08,1.0000000022825424,4
744,05:52:00,1.4533441508102667e-11,3.2683554674230072e-12,8.406712018445869e-13,2.908405908995586e-13,6.414914767031348e-13,4.826492744266059e-10,1.0000000023054003,4
745,05:52:30,2.1770711474574474e-11,6.653644431444624e-12,1.532542873163871e-12,3.9841805143561206e-13,7.351490359915782e-13,6.713315966666786e-10,1.0000000023285094,4
746,05:53:00,2.8988662862225206e-11,3.5995026396577193e-12,1.2937266010540509e-12,6.125538551580411e-13,1.040200327238675e-12,6.081544525658608e-10,1.0000000023518694,4
747,05:53:30,1.9682505836996256e-11,6.072505778917654e-12,1.0133638239992797e-12,3.2630391919199745e-13,5.170307407417918e-13,2.2285985189813055e-09,1.0000000023754854,4
748,05:54:00,1.9332048825145544e-11,6.815907387548199e-12,7.252618432404599e-13,2.9335469327371905e-13,4.3104863827814354e-13,3.039368220277405e-08,1.0000000023993607,4
749,05:54:30,1.1650094939461116e-11,2.1460742972944574e-12,6.682165671059313e-13,2.2392176995054785e-13,3.1091200788848195e-13,2.4708884919271427e-08,1.0000000024234992,4
750,05:55:00,1.2464191428180716e-11,2.14965557940539e-12,8.163120015433039e-13,5.691150993382214e-13,5.645178201594749e-13,6.942512427660513e-10,1.0000000024479054,4
751,05:55:30,2.346181445294331e-11,5.856274293973905e-12,9.888029262066403e-13,3.772888741939498e-13,1.0244807361535076e-12,6.723969353436693e-09,1.000000002472581,4
752,05:56:00,1.5617489091453794e-11,2.614541548355892e-12,9.522917159259401e-13,4.2173249550050505e-13,5.617206113566422e-13,1.3943938955842576e-09,1.0000000024975302,4
753,05:56:30,2.0853536273045894e-11,3.843700294653821e-12,1.3365490002351703e-12,4.3307472855818944e-13,5.614037150142624e-13,1.9760673355757622e-08,1.0000000025227587,4
754,05:57:00,6.011876476022036e-12,9.125083471077745e-13,9.23013337946909e-13,5.473872192080631e-13,5.614108317486023e-13,2.4780766143665568e-09,1.0000000025482652,1
755,05:57:30,1.3283070448904175e-11,3.435378278486027e-12,1.1065448851478433e-12,9.330461112469507e-13,1.4796772114530258e-12,2.553061514223503e-09,1.0000000025740616,2
756,05:58:00,1.8782493636036576e-11,4.583711354452105e-12,1.3884114677825486e-12,7.617101300355611e-13,1.1678416511639594e-12,1.1970500346216722e-10,1.0000000026001443,2
757,05:58:30,2.271879958542862e-11,4.672112950837027e-12,2.8195278877480005e-12,9.615489303251491e-13,2.9002622544880034e-12,9.04776199019377e-11,1.000000002626521,2
758,05:59:00,1.646756954453664e-11,3.1250629258121804e-12,1.2675908733218339e-12,5.968896407775862e-13,1.3455890101579427e-12,6.115119056799016e-11,1.0000000026531957,2
759,05:59:30,2.8186909979668503e-11,4.992406913060193e-12,2.814220634746047e-12,1.4413758329612863e-12,2.507520992765402e-12,1.1381039235415408e-10,1.0000000026801688,2
760,06:00:00,1.540722803834181e-11,3.833095167150955e-12,1.8725571738765205e-12,7.901583716173621e-13,1.689456418356315e-12,1.8526092522120743e-10,1.000000002707453,2
761,06:00:30,1.4179074375127006e-11,2.5715119221563765e-12,1.9232649380293217e-12,5.964211696750959e-13,9.017908270547653e-13,4.7619699130510573e-11,1.0000000027350442,2
762,06:01:00,2.4900126960258965e-11,6.729190229469069e-12,3.492583641688045e-12,1.7126466921296678e-12,5.021988139367408e-12,5.6614775733487515e-11,1.0000000027629503,2
763,06:01:30,3.402032609334517e-11,6.64504337210422e-12,1.9874133295154463e-12,9.448564674974045e-13,3.2246901307811226e-12,5.3159633002037464e-11,1.0000000027911744,2
764,06:02:00,6.170629698574911e-11,4.130496455378212e-12,2.029216820194291e-12,9.59885490587589e-13,1.6178531012521978e-12,1.792541522413734e-10,1.000000002819722,2
765,06:02:30,3.752873373387616e-11,3.570924264182658e-12,1.7879388906792074e-12,1.0859258745206505e-12,1.9068878143824927e-12,5.156897687563778e-10,1.0000000028485994,2
766,06:03:00,1.985680900158718e-11,3.69164665090152e-12,2.6590048748931837e-12,1.8201927476617883e-12,3.0066051054237613e-12,1.8286600696463215e-10,1.000000002877808,2
767,06:03:30,3.3092583963414704e-11,7.428301315263934e-12,2.7433864361689033e-12,8.984706636665099e-13,2.036570222523911e-12,6.439335421114203e-11,1.0000000029073557,2
768,06:04:00,2.5518824345106165e-11,5.56963727394575e-12,3.587142334021483e-12,1.320435359695554e-12,3.833879991663623e-12,8.818190497338869e-11,1.0000000029372451,2
769,06:04:30,6.49429166873895e-11,8.362893761863787e-12,2.572867549422531e-12,6.422527033635176e-13,1.7530258915837956e-12,2.214640115636099e-09,1.0000000029674811,2
770,06:05:00,1.989464495772769e-11,3.193858825140038e-12,1.6854763301050842e-12,1.1879054905906468e-12,1.909995755009265e-12,4.464034465764983e-11,1.0000000029980727,2
771,06:05:30,2.5964999287477126e-11,5.124249483910085e-12,2.7700786912188735e-12,8.213512500701821e-13,2.8212342212235506e-12,5.826221436999091e-11,1.000000003029019,2
772,06:06:00,5.528294924502278e-11,2.936539718842776e-12,1.5558732578562726e-12,9.34761551963349e-13,2.05379632457779e-12,9.992147549013563e-10,1.0000000030603287,2
773,06:06:30,4.671252130434237e-11,7.390239648637503e-12,5.50794090266106e-12,2.072088197472704e-12,6.417098970086754e-12,1.208664533312481e-10,1.0000000030920058,2
774,06:07:00,3.0894582620666505e-11,3.8553983582940234e-12,1.5908738180813839e-12,5.807538425843332e-13,1.1662139668796673e-12,7.05288650219149e-11,1.000000003124057,2
775,06:07:30,3.142139614519042e-11,4.4777150533071145e-12,2.0836187209475574e-12,2.1225794836911303e-12,4.01443803914609e-12,8.426660397578952e-11,1.0000000031564868,2
776,06:08:00,2.556882705999816e-11,4.016501024329944e-12,2.6813353822971476e-12,1.3189332918696012e-12,4.2793258865692725e-12,7.377390099098447e-11,1.0000000031893022,2
777,06:08:30,3.425842672905534e-11,5.6329866091000525e-12,4.279523562733373e-12,2.3580385930906536e-12,1.034182704443363e-11,5.677466219423754e-11,1.0000000032225098,2
778,06:09:00,4.274951879074482e-11,4.3049108806511915e-12,2.1284708010266755e-12,7.531656017079147e-13,1.9522689754639012e-12,8.02557812824297e-11,1.0000000032561132,2
779,06:09:30,3.589625856589189e-11,4.3615967912760065e-12,1.8334457302712016e-12,5.086217036366894e-13,1.4110984546593735e-12,1.0793806799752292e-10,1.000000003290117,2
780,06:10:00,2.8581096004306977e-11,3.708484237320428e-12,1.3786186398793455e-12,1.1460928429081869e-12,3.709441956596491e-12,4.1046063752364264e-11,1.00000000332453,2
781,06:10:30,3.841745581089154e-11,3.950543739472836e-12,2.824520457254083e-12,2.0410279791865484e-12,5.754840080807238e-12,5.869932212191808e-11,1.0000000033593588,2
782,06:11:00,4.113643360547062e-11,5.92671744077025e-12,2.0468477514570506e-12,1.151381090928066e-12,4.440167935571546e-12,5.951858103776299e-11,1.0000000033946088,2
783,06:11:30,4.4465736129465395e-11,5.136474235272694e-12,3.79417247662269e-12,6.85405398559793e-13,2.3943919702130587e-12,5.859932014317486e-11,1.000000003430285,2
784,06:12:00,3.622469577604292e-11,5.220538588982392e-12,2.77402086974832e-12,2.40880230241281e-12,8.259516715196532e-12,5.48544333846074e-11,1.000000003466395,2
785,06:12:30,4.064343895188816e-11,5.219923075485808e-12,1.7919449859659324e-12,1.1675251139461037e-12,4.484475504553534e-12,6.007886008921466e-11,1.0000000035029473,2
786,06:13:00,2.70721336065606e-11,5.312576975896088e-12,3.2555971917514947e-12,1.518906046775326e-12,3.3281913588848675e-12,7.808805051129721e-11,1.000000003539946,2
787,06:13:30,3.9870505242511456e-11,5.497840434492384e-12,2.367006112840858e-12,2.3816678558407205e-12,6.055942019608135e-12,6.73901129805745e-11,1.000000003577402,2
788,06:14:00,8.331626345405515e-11,7.058975007493225e-12,3.011083873986382e-12,1.3715185256013302e-12,3.448921551013674e-12,9.420476098136258e-11,1.0000000036153165,2
789,06:14:30,2.63748322693784e-11,3.824820859496302e-12,2.432301168662696e-12,6.092498356520615e-13,1.3580958593768082e-12,7.87581903249859e-11,1.0000000036537002,2
790,06:15:00,3.37911751544713e-11,5.749745628651241e-12,2.699759321826563e-12,2.0695320381446253e-12,9.230182140390292e-12,9.623130200457864e-11,1.0000000036925598,2
791,06:15:30,3.353466330962803e-11,4.439275844624859e-12,3.023374756598612e-12,1.2641271677853856e-12,5.124746657082456e-12,6.546661313069035e-11,1.0000000037319043,2
792,06:16:00,5.5917139965822535e-11,5.902375995465811e-12,2.8536712452017646e-12,1.2369335748641702e-12,3.2559210175771186e-12,5.7461713433131803e-11,1.000000003771742,2
793,06:16:30,3.003505011108066e-11,7.184454020836798e-12,2.6205689422001047e-12,1.2048023877297745e-12,2.922941018304948e-12,6.502577939522804e-11,1.0000000038120764,2
794,06:17:00,6.517621445604078e-11,5.6524237779443e-12,3.803551341138015e-12,6.725695053629913e-13,2.793137811021897e-12,9.537215067170955e-11,1.000000003852919,2
795,06:17:30,5.260457641624891e-11,5.023344741876778e-12,2.2108383757146955e-12,5.852558715610295e-13,1.5498957632869267e-12,1.81101334107722e-10,1.0000000038942765,2
796,06:18:00,3.594349685266407e-11,6.67973126940513e-12,2.9226354967886906e-12,2.140450921105579e-12,8.00423600968327e-12,7.258871775312205e-11,1.0000000039361578,2
797,06:18:30,3.994979086419056e-11,7.705005918543786e-12,1.4728139588210275e-12,1.354905355196841e-12,5.780865996181315e-12,1.0178056228043227e-10,1.0000000039785732,2
798,06:19:00,4.441932559289877e-11,5.009078603635177e-12,2.6021172414704114e-12,1.5500617763436497e-12,3.324704488523072e-12,6.626454625422922e-11,1.0000000040215282,2
799,06:19:30,6.29296589516369e-11,7.70371363957115e-12,2.6520976267182082e-12,1.0733094653532655e-12,4.334959946101872e-12,8.873348114630846e-11,1.0000000040650339,2
800,06:20:00,5.3871386217901684e-11,7.191965492487248e-12,3.972953359325813e-12,1.2183610311782119e-12,2.3923782106202803e-12,9.405557035980365e-11,1.0000000041090966,2
801,06:20:30,5.265000939244543e-11,6.758449261197642e-12,3.0683941433901693e-12,9.033548525691419e-13,2.3229571120215043e-12,1.174535802210238e-10,1.0000000041537287,2
802,06:21:00,1.0969397494165394e-10,8.348781918196859e-12,1.9769027684402047e-12,1.0060672387966044e-12,2.175462831099644e-12,1.0295327412312177e-10,1.0000000041989392,2
803,06:21:30,1.1834162021287558e-10,7.966742782672548e-12,3.096556604266623e-12,2.283870457376636e-12,1.0140859044716833e-11,1.3225870326507794e-10,1.000000004244736,2
804,06:22:00,9.751285464030036e-11,8.477647026061764e-12,2.3972166507393034e-12,9.199138339725542e-13,2.4357461798722964e-12,1.1338082717941772e-10,1.00000000429113,2
805,06:22:30,5.774942535805721e-11,8.528359725356792e-12,1.849823386412314e-12,9.72503480744428e-13,2.7416387576399113e-12,7.278680339897786e-11,1.0000000043381323,2
806,06:23:00,9.870165826262895e-11,5.041989317542414e-12,1.6843472997622824e-12,6.000762551843077e-13,1.724278233006261e-12,1.1303062304267748e-10,1.0000000043857507,2
807,06:23:30,6.12021548058352e-11,4.948433913708613e-12,2.609091730420492e-12,4.605530080297358e-13,1.5597171999350966e-12,6.705400815116274e-11,1.0000000044339976,2
808,06:24:00,1.4002469958398334e-10,9.801884086400317e-12,3.2493681367589625e-12,8.948057466034476e-13,3.136085482147239e-12,1.0787895133196671e-10,1.0000000044828836,2
809,06:24:30,4.197389509090161e-11,5.351682155074048e-12,2.913824055003765e-12,1.0136184916274348e-12,3.1840199692417615e-12,7.061090317168914e-11,1.0000000045324193,2
810,06:25:00,5.094519863872945e-11,7.43280585300582e-12,2.211845001985762e-12,1.2676390726955266e-12,5.32384569643524e-12,8.996368549794967e-11,1.0000000045826134,2
811,06:25:30,6.791981345116412e-11,7.234369892152704e-12,1.8946071457464714e-12,4.280055891874777e-13,1.5987203534526305e-12,9.050809347144803e-11,1.0000000046334814,2
812,06:26:00,2.968569119739041e-11,4.846376801443522e-12,2.381253747636424e-12,1.5015884597034528e-12,4.458450873433029e-12,7.734964197769269e-11,1.0000000046850324,2
813,06:26:30,1.2395611831177554e-10,5.878391903893071e-12,2.782989314738225e-12,8.573030547519075e-13,2.0566484749127236e-12,1.1235265029703186e-10,1.0000000047372795,2
814,06:27:00,1.3105378227107404e-10,4.875727893253195e-12,1.797492787056836e-12,1.1153989156290319e-12,1.9573386962668053e-12,5.892142443565458e-09,1.0000000047902362,0
815,06:27:30,1.5567185816792718e-11,7.598840770537342e-13,8.457297527662924e-13,5.864116890805652e-13,7.180075165062145e-13,7.182375732085158e-09,1.000000004843911,0
816,06:28:00,4.622362433176234e-12,6.720381058649848e-13,3.493754255023437e-13,3.517175106909619e-13,3.809669967609775e-13,9.97450757074941e-10,1.0000000048983182,0
817,06:28:30,5.243688378772768e-12,6.101267492611628e-13,4.2772405309830004e-13,3.3770281916517285e-13,4.932344740950986e-13,6.952849567017563e-10,1.000000004953474,0
818,06:29:00,5.806348992906964e-12,6.487011783719075e-13,5.067959038650353e-13,4.239582249723795e-13,4.309113532054842e-13,7.193267588164886e-10,1.0000000050093893,0
819,06:29:30,3.908059295095001e-12,6.489078028365777e-13,5.793331234781251e-13,3.251712019840426e-13,3.2090811212204264e-13,5.69798716024041e-09,1.0000000050660778,1
820,06:30:00,4.0000512455365355e-12,5.06828844815405e-13,5.720327851874176e-13,3.124568106191528e-13,4.606954438600421e-13,1.597053000670943e-08,1.0000000051235527,1
821,06:30:30,2.9889993588731914e-12,6.31825210097102e-13,5.12174709735303e-13,2.454715871467409e-13,2.6963183558005315e-13,9.835440356188084e-09,1.0000000051818283,1
822,06:31:00,1.523033593332407e-11,6.682380340883702e-13,3.580754883464104e-13,4.0527103880890633e-13,6.828098457130421e-13,2.1748772633347208e-09,1.0000000052409197,0
823,06:31:30,4.248913423348111e-12,6.5261017874875e-13,4.780309336550698e-13,2.0736282694347532e-13,2.072496610762914e-13,2.097684177389147e-09,1.0000000053008438,1
824,06:32:00,3.665143317022191e-12,8.406380409939662e-13,8.614664685257326e-13,6.76527179787321e-13,1.335953424708781e-12,2.206144951854786e-08,1.0000000053616145,1
825,06:32:30,4.568522493552834e-12,8.598852564749897e-13,5.339534892823779e-13,3.1552856628842137e-13,4.721948184982715e-13,1.0019898979104487e-08,1.000000005423246,1
826,06:33:00,9.231007170138389e-12,1.527517426454165e-12,7.556404835791729e-13,6.209538007576714e-13,9.512208859827098e-13,1.5465863785157528e-08,1.0000000054857552,1
827,06:33:30,6.541065970830511e-12,9.242545691798476e-13,6.800907203362679e-13,5.780105170414481e-13,8.3228802649699e-13,1.0890105814088917e-08,1.0000000055491574,1
828,06:34:00,9.064922241569461e-12,1.1020253502061681e-12,7.507300036280539e-13,2.868771263712561e-13,5.076787845338455e-13,6.374993327790392e-09,1.0000000056134706,1
829,06:34:30,1.2002583061823542e-11,1.5273822921980212e-12,9.64154486373745e-13,6.848886665270395e-13,1.1930253449841415e-12,9.29961873185257e-09,1.0000000056787133,1
830,06:35:00,3.528348473018981e-11,2.5825124140674352e-12,1.591333125117245e-12,4.769816288675023e-13,1.0595284101127575e-12,6.618213693321083e-09,1.0000000057448986,2
831,06:35:30,6.75780763917692e-11,3.725488908537155e-12,9.940872019684983e-13,3.6341385109409536e-13,7.19416729701455e-13,1.156817134436384e-09,1.000000005812048,2
832,06:36:00,2.8009445167781488e-11,2.2816054169257287e-12,1.4260763605388731e-12,4.3794340861942796e-13,1.0765542473289e-12,1.9178489621763807e-09,1.000000005880184,2
833,06:36:30,2.2632861568496175e-11,2.113547389343544e-12,1.3524421176427627e-12,4.695884216549417e-13,6.063974625847423e-13,6.409679863527745e-10,1.0000000059493184,2
834,06:37:00,5.1065942114431295e-11,4.182172298802275e-12,1.4206845991324093e-12,8.487198950198992e-13,2.1627905935018745e-12,3.463315572222154e-10,1.0000000060194734,2
835,06:37:30,1.0259433200028947e-10,6.554855732293361e-12,1.644522331384904e-12,8.540806072975876e-13,2.069328079561677e-12,4.50900878105584e-10,1.0000000060906715,2
836,06:38:00,1.827685022116863e-11,4.019245995456067e-12,1.2796922060583355e-12,5.857985219560363e-13,1.0790669016609904e-12,3.174385689556188e-10,1.0000000061629268,2
837,06:38:30,3.1372356641102644e-11,2.55428651150201e-12,1.8059182960332183e-12,1.0726464506795804e-12,2.0952172661177278e-12,2.230575055974942e-10,1.000000006236264,2
838,06:39:00,4.23667551874011e-11,4.075293466834653e-12,1.7275256423253994e-12,9.99659548382558e-13,3.5702155911318976e-12,4.512563445890066e-10,1.0000000063107022,2
839,06:39:30,8.428015599639856e-11,3.117999855487141e-12,1.5937363267865647e-12,1.0297234843066803e-12,1.4420658487759423e-12,9.682165626887589e-11,1.0000000063862664,2
840,06:40:00,2.0426845218792728e-11,4.65002031951362e-12,2.955034007993069e-12,2.264525092713975e-12,6.237391309546602e-12,8.485417102508983e-11,1.0000000064629768,2
841,06:40:30,2.977126148134859e-11,3.5840949339502085e-12,1.3894080690507647e-12,1.2047819238324828e-12,3.3904028426732055e-12,5.389275364525129e-11,1.0000000065408576,2
842,06:41:00,3.8834496863583275e-11,4.396525363298143e-12,1.6439761849546169e-12,7.897646877528289e-13,1.9073704248870103e-12,1.9562342573997086e-10,1.0000000066199333,2
843,06:41:30,1.667325743870791e-11,3.312248712564477e-12,1.6402216787557397e-12,6.959697285327239e-13,1.2832001640166731e-12,6.3540766150819e-11,1.0000000067002233,2
844,06:42:00,7.138177734855225e-11,4.301287428386765e-12,2.153794042830306e-12,8.193679380838326e-13,1.553388460434247e-12,1.5478355276835545e-10,1.0000000067817547,2
845,06:42:30,2.970643526347697e-11,3.9217452263622546e-12,2.2267645826021048e-12,1.7516174340318057e-12,6.21074795267974e-12,7.221400138804122e-11,1.0000000068645598,2
846,06:43:00,2.7431891091328516e-11,6.683920744559739e-12,1.583234867236123e-12,6.671136154889681e-13,1.55914897617945e-12,7.954733680034031e-11,1.0000000069486559,2
847,06:43:30,8.80572799696156e-11,1.1953570790092003e-11,6.374765613255028e-12,1.0931755245500114e-12,4.508080199892738e-12,1.723989046920465e-10,1.0000000070340715,2
848,06:44:00,2.086266557386427e-11,2.6878657255604047e-12,1.874207074756616e-12,1.4207661188829547e-12,2.293718625272521e-12,2.96679579555181e-10,1.000000007120834,2
849,06:44:30,3.5348880585810414e-11,6.607618816245555e-12,2.8441825125533563e-12,1.4067486800981703e-12,4.211524701389442e-12,5.291485132624732e-11,1.0000000072089719,2
850,06:45:00,2.0633824730135038e-11,2.9058974125372854e-12,2.4024468434391838e-12,1.1720214403163734e-12,2.6795290266541773e-12,3.955728249652521e-10,1.0000000072985185,2
851,06:45:30,2.3461866723504202e-11,4.951562944860306e-12,1.8885494674279262e-12,6.695532053171104e-13,1.7281199607454137e-12,1.3011643076347866e-10,1.0000000073894981,2
852,06:46:00,2.2162961997689463e-11,6.486330810847523e-12,3.232109848002487e-12,1.380539920534715e-12,3.486347690210152e-12,6.625304233073461e-11,1.0000000074819437,2
853,06:46:30,4.002157280870344e-11,4.782543213235576e-12,2.456668834156925e-12,7.668291935069954e-13,3.428093016418157e-12,8.821331091805865e-11,1.0000000075758833,2
854,06:47:00,8.697757027251454e-11,4.113225562552921e-12,4.38331179281272e-12,7.811444472783053e-13,1.9523530892710373e-12,1.7064313545681354e-10,1.0000000076713536,2
855,06:47:30,7.749294750913804e-11,3.945048777959992e-12,2.2761996456362742e-12,6.510623835883893e-13,2.0171579577529517e-12,1.3009552499677078e-10,1.0000000077683837,2
856,06:48:00,2.3912216550946288e-11,4.623022184566116e-12,2.310943468888838e-12,1.176429882900055e-12,2.811068024610178e-12,8.187531311953435e-11,1.000000007867012,2
857,06:48:30,1.0124860697287981e-10,5.156243606576414e-12,1.7930631224643257e-12,1.1595787315911874e-12,4.139048114687563e-12,6.26128615872399e-11,1.00000000796727,2
858,06:49:00,6.72946684680806e-11,4.283111419255872e-12,3.1981261938401605e-12,2.1932620243991363e-12,4.207474375145863e-12,3.9888262036003663e-10,1.000000008069194,2
859,06:49:30,1.616938220115169e-11,2.7338109849063823e-12,1.802516176974638e-12,3.595649155515465e-13,8.8226603023849e-13,1.2556525692631939e-10,1.0000000081728195,2
860,06:50:00,5.967838272690527e-11,7.566207098241058e-12,5.149364658457342e-12,1.8611633263111907e-12,4.6555576711914386e-12,7.510539000598461e-11,1.0000000082781915,2
861,06:50:30,5.302603170889275e-11,3.011430211874065e-12,2.0151110911729906e-12,1.4485674573817395e-12,3.9099719178146795e-12,1.6511067702455096e-10,1.0000000083853426,2
862,06:51:00,6.198156209165832e-11,4.583229857005231e-12,1.1193069382506636e-12,5.18442383962595e-13,1.3292023046019696e-12,2.251248846467406e-10,1.0000000084943126,2
863,06:51:30,2.5283558135788607e-11,4.359698832103106e-12,3.4513079145550383e-12,1.6097955200166515e-12,4.09450645664368e-12,5.306727422540837e-11,1.000000008605144,2
864,06:52:00,2.6325418720392005e-11,8.011042666606106e-12,2.6194204612223873e-12,1.5442566877230868e-12,5.04927513546264e-12,5.794807964833763e-11,1.0000000087178758,2
865,06:52:30,2.107679194464164e-11,5.544575850375939e-12,2.5330984199173496e-12,1.455873738398551e-12,5.775254886448688e-12,9.630754122586303e-11,1.0000000088325576,2
866,06:53:00,6.940574166196279e-11,5.010689042165563e-12,2.3952439150479647e-12,4.806562858257933e-13,1.9044522664557188e-12,9.089769415834727e-11,1.0000000089492325,2
867,06:53:30,2.586889604050061e-11,4.205856334832677e-12,1.7315486458963102e-12,1.2763796718884881e-12,3.5795755160748995e-12,6.967764207459187e-11,1.0000000090679444,2
868,06:54:00,3.3128545644086446e-11,5.620920432315757e-12,3.305896998161513e-12,1.797782265128637e-12,6.302884572639726e-12,5.0220837899280506e-11,1.000000009188743,2
869,06:54:30,5.126488351811479e-11,7.057825533637131e-12,3.933476561962549e-12,7.912804442206356e-13,1.760482303839718e-12,6.531626006176116e-11,1.000000009311675,2
870,06:55:00,3.6473720903537164e-11,5.7293798574388254e-12,2.7431209721657746e-12,1.1913493275010638e-12,3.040399583295359e-12,5.6240932817182015e-11,1.0000000094367938,2
871,06:55:30,9.123123365101057e-11,4.500207147703227e-12,4.469106819053161e-12,1.0129343420715165e-12,1.7903470978311404e-12,8.334931039383141e-11,1.0000000095641508,2
872,06:56:00,2.827445688926567e-11,5.351217325610238e-12,1.432352649641272e-12,9.049246091320941e-13,1.3027005709097058e-12,7.437099564974924e-11,1.0000000096937962,2
873,06:56:30,3.13222176324952e-11,7.97021791277618e-12,3.4214719464232895e-12,8.360168195010139e-13,2.847575988054662e-12,6.101992480410656e-11,1.0000000098257888,2
874,06:57:00,8.030342607552468e-11,6.914403835742947e-12,2.6325657915812073e-12,4.680048182527871e-13,1.5477393476780996e-12,1.4243327650119033e-10,1.0000000099601827,2
875,06:57:30,5.63890645328338e-11,7.520976222814089e-12,1.9291360308798156e-12,1.9077666924950838e-12,6.523689792516775e-12,5.910999604031538e-11,1.0000000100970379,2
876,06:58:00,5.206492885251905e-11,9.245440254880896e-12,2.9436094427557896e-12,1.5570792754986258e-12,6.2792937766753535e-12,6.401371096546652e-11,1.0000000102364146,2
877,06:58:30,2.6149746177066492e-11,5.361230939813511e-12,2.889340398044502e-12,1.112099758782445e-12,2.8385267115028626e-12,5.932861513172096e-11,1.0000000103783742,2
878,06:59:00,6.28002241557131e-11,7.279846372427865e-12,3.250346517050499e-12,5.349059528520051e-13,2.2940134219250164e-12,2.2904088618873708e-10,1.0000000105229825,2
879,06:59:30,2.5261313815749284e-11,4.364267599934183e-12,1.86565384869028e-12,9.575697445989932e-13,1.888292015775398e-12,5.797578631561325e-11,1.0000000106703042,2
880,07:00:00,4.3342559303332694e-11,5.353864401361193e-12,3.081233952287398e-12,1.2086170380532744e-12,3.3998574538871925e-12,8.366234983584683e-11,1.0000000108204037,2
881,07:00:30,4.018672217938873e-11,7.400710309144848e-12,3.098746012915726e-12,1.786563197812922e-12,7.038202380028319e-12,9.113661180942935e-11,1.0000000109733598,2
882,07:01:00,4.781616077229987e-11,6.332483550805808e-12,2.332820775595145e-12,1.1018086249688595e-12,2.916218614611474e-12,5.738705294416778e-11,1.0000000111292386,2
883,07:01:30,4.1083436307816306e-11,7.878088695253965e-12,2.7874489350916455e-12,8.753740733290302e-13,1.7913948525651512e-12,8.890293143076519e-11,1.0000000112881198,2
884,07:02:00,8.928282028201511e-11,7.496851248945248e-12,4.051815461160177e-12,1.399165367815284e-12,3.924315724383883e-12,1.1867167044663996e-10,1.000000011450077,2
885,07:02:30,2.932139019452514e-11,4.54687013181288e-12,2.799701049642751e-12,7.283424206350762e-13,1.8183164532284894e-12,5.873785491023899e-11,1.0000000116151924,2
886,07:03:00,5.822145919888129e-11,8.660375167202391e-12,2.2955108467064126e-12,1.3922929185821861e-12,4.4446831932682614e-12,6.387371534865658e-11,1.0000000117835486,2
887,07:03:30,7.385681072676083e-11,7.68782914972188e-12,4.367514099692067e-12,1.076735668427151e-12,3.9709639095613356e-12,1.6881508627508572e-10,1.000000011955228,2
888,07:04:00,2.6555111919539385e-11,5.393634089415573e-12,3.0861703520146846e-12,1.9811128808226438e-12,6.513655932505016e-12,8.156079950450869e-11,1.0000000121303227,2
889,07:04:30,8.534294908076287e-11,1.375351174391547e-11,7.135273025689687e-12,2.1140808282071447e-12,8.524476483014135e-12,1.0390395513511415e-10,1.0000000123089234,2
890,07:05:00,1.473834061978626e-10,6.6117525128528485e-12,6.0530055274886215e-12,8.36333401404876e-13,3.3356236970702587e-12,1.1262107562566186e-10,1.0000000124911224,2
891,07:05:30,3.720544907641784e-11,6.909138808776565e-12,3.3399361378466224e-12,1.1733009456966896e-12,4.5655837840481016e-12,7.762146792799082e-11,1.0000000126770194,2
892,07:06:00,1.9727121138358566e-10,7.396603182670696e-12,4.414458673575731e-12,8.149677261136399e-13,2.4450654082291045e-12,7.229329583952119e-10,1.0000000128667086,2
893,07:06:30,5.507701866427936e-11,7.365591800013722e-12,2.689178170670265e-12,9.259953862776995e-13,2.5649468197654986e-12,6.962462512437794e-11,1.000000013060303,2
894,07:07:00,6.254633374587809e-11,6.5573231226429565e-12,3.824920118141752e-12,1.15047308331273e-12,3.9547177724429515e-12,1.0712604315227258e-10,1.0000000132579088,2
895,07:07:30,7.526497189537306e-11,7.050590684371305e-12,3.0581777520606395e-12,5.300014771718869e-13,1.0572705681997637e-12,1.088601193708607e-10,1.0000000134596332,2
896,07:08:00,1.2821601504302684e-10,1.1140707155508219e-11,4.277749784057292e-12,7.478738970226445e-13,2.1094838988105767e-12,1.2481681852300666e-10,1.0000000136655978,2
897,07:08:30,1.872635767525022e-10,1.3477526090593966e-11,4.896469068070684e-12,9.674651740908027e-13,2.8376376846618624e-12,1.7856983599743297e-10,1.0000000138759175,2
898,07:09:00,4.5115110251069837e-11,1.4950022249134616e-11,2.6771934815626537e-12,5.808668061545774e-13,1.5456431399114676e-12,3.404287426345419e-10,1.0000000140907201,4
899,07:09:30,4.6760147823974386e-11,4.552540622204446e-12,2.6954177830321808e-12,6.892539097210446e-13,1.7619813566280384e-12,4.783771909230015e-10,1.0000000143101333,4
900,07:10:00,8.443321418135429e-11,1.7541545411446046e-11,2.239608077728124e-12,4.795502993935272e-13,1.1407101183180023e-12,6.773413464259293e-09,1.000000014534289,4
901,07:10:30,9.776234395497001e-11,4.334115281364123e-12,2.0939434518516622e-12,6.510628851320782e-13,1.2506611370886143e-12,2.631372491264422e-09,1.0000000147633274,1
902,07:11:00,3.3473883044926694e-11,9.88914153306074e-12,1.484006184783044e-12,3.737092454326082e-13,8.712213675362524e-13,1.3284405380960993e-08,1.000000014997388,4
903,07:11:30,1.5239765649189462e-11,2.253383265543689e-12,8.185088613632966e-13,2.8929782955005493e-13,5.018803726326135e-13,7.137247367598466e-08,1.0000000152366237,4
904,07:12:00,3.952904284670853e-11,2.6999375253548513e-12,1.348244946800851e-12,4.522163265594666e-13,5.150867017184204e-13,1.0678892660423383e-08,1.0000000154811908,4
905,07:12:30,2.923068434319433e-11,6.9639777338181976e-12,2.318300727114677e-12,4.4611210873097584e-13,9.666350935156637e-13,1.9228704629855624e-09,1.0000000157312454,4
906,07:13:00,2.1160662467226108e-11,2.7356274347111693e-12,9.286390472375708e-13,2.171289848783936e-13,3.999086033179392e-13,1.655368919878444e-08,1.0000000159869544,4
907,07:13:30,2.433736433905141e-11,3.662060482281363e-12,7.900097100422079e-13,2.1151523078110584e-13,2.4753039672977455e-13,3.488102516236712e-08,1.000000016248487,4
908,07:14:00,7.773315608818581e-12,1.9385509621902675e-12,1.1070965052380033e-12,2.5853045992912445e-13,4.1486721248500047e-13,3.854463804384612e-08,1.0000000165160292,4
909,07:14:30,1.9188146772244165e-11,3.4522520504357177e-12,7.088059454047144e-13,2.378241019752422e-13,4.2176807047866725e-13,2.4362373087014788e-08,1.0000000167897645,4
910,07:15:00,2.878206322756142e-11,2.8642749745721694e-12,8.29398110207418e-13,2.966616023520567e-13,5.678251003460486e-13,4.3884329167193994e-08,1.000000017069884,4
911,07:15:30,1.7148297462251784e-11,2.5309853563016708e-12,6.632896933430381e-13,3.0804033481461157e-13,5.337528513215767e-13,6.702993053603868e-08,1.0000000173565942,4
912,07:16:00,2.2289175208826602e-11,4.272953784647513e-12,8.419603531500643e-13,2.5262101872013094e-13,4.2865929029460093e-13,1.7689845584758653e-08,1.0000000176501003,4
913,07:16:30,1.9675369559138738e-11,3.051937486976432e-12,9.45818245214079e-13,2.2304219476771196e-13,3.85324157822017e-13,8.531946596035778e-08,1.0000000179506225,4
914,07:17:00,1.3972776769829623e-11,4.774072777722198e-12,6.129347348674122e-13,2.15960539027232e-13,3.6154262082201306e-13,3.74304387890242e-08,1.0000000182583895,4
915,07:17:30,1.6621122120219252e-11,4.232956604452452e-12,6.722269191708505e-13,1.9101197185341784e-13,3.6279284142681957e-13,1.0562548589189432e-07,1.0000000185736346,4
916,07:18:00,3.772199683355332e-11,4.629217195910103e-12,9.606057746789706e-13,2.3038264736592476e-13,5.111118446355501e-13,1.6626755976049107e-07,1.0000000188966047,4
917,07:18:30,2.170579295292031e-11,2.1852166631630292e-12,6.800033425449422e-13,2.6237523857472296e-13,4.373431184627354e-13,5.191913462498879e-08,1.0000000192275569,4
918,07:19:00,2.730206397975595e-11,4.5212402576899875e-12,1.0036196360651029e-12,3.4573839506047975e-13,5.663981776868152e-13,2.7941947119896405e-08,1.000000019566759,4
919,07:19:30,1.3683151044269018e-11,3.897201703956896e-12,1.5501536276693543e-12,5.473947178840919e-13,7.956166617165837e-13,1.0242079300718182e-08,1.0000000199144858,4
920,07:20:00,1.5034666310644368e-11,2.3665208499905076e-12,5.70732918099048e-13,2.0216751183277666e-13,2.83186620825932e-13,5.351518936198139e-08,1.0000000202710324,4
921,07:20:30,1.093254182161581e-11,2.4433804414902513e-12,8.73677753000166e-13,3.2769942134258303e-13,4.848973267992049e-13,8.926680605513606e-09,1.0000000206366997,4
922,07:21:00,2.513357585508714e-11,3.235901299178921e-12,9.313305476502468e-13,2.1187877297364943e-13,3.7432110966318495e-13,4.8507311097408566e-08,1.0000000210118039,4
923,07:21:30,2.6371026882209584e-11,4.174081280827251e-12,9.582822718250287e-13,3.3090282083610386e-13,3.957084934862659e-13,8.293751720913645e-08,1.000000021396677,4
924,07:22:00,4.9535829898927035e-11,3.3303349618968347e-12,1.1028415504317306e-12,7.778966521005785e-13,9.17734984122585e-13,9.737804795061498e-08,1.000000021791662,4
925,07:22:30,5.040278506904638e-12,7.361252126663143e-13,7.793203157799288e-13,3.7507347730178113e-13,4.075724616948969e-13,9.775226883453466e-09,1.000000022197119,0
926,07:23:00,6.348735883277639e-12,1.475749136808583e-12,5.348939370399974e-13,3.166798443315274e-13,5.421781506821125e-13,7.102585981021971e-10,1.000000022613431,1
927,07:23:30,8.387294053948886e-12,1.9422079151957276e-12,1.0161280919773648e-12,6.31958098447461e-13,1.158351725813459e-12,6.143624105196651e-10,1.0000000230409867,1
928,07:24:00,9.198060318005125e-12,3.2851418317607953e-12,1.0952933323854724e-12,3.3353658306349535e-13,6.725143333218001e-13,1.1440551044404773e-09,1.000000023480203,1
929,07:24:30,2.634422136803883e-11,4.037846593506823e-12,1.466973148781285e-12,5.388260605613915e-13,9.19285638486301e-13,5.558750040747915e-08,1.0000000239315097,4
930,07:25:00,3.29764099659095e-12,8.168279458951968e-13,1.1809917933048337e-12,4.877233483476537e-13,9.45510945257688e-13,7.952871878180028e-09,1.0000000243953582,0
931,07:25:30,6.866457840724107e-12,1.743520089759332e-12,7.465978556258107e-13,4.31352700731251e-13,1.0092265306880903e-12,4.2128456486514556e-10,1.0000000248722247,1
932,07:26:00,1.110096114571247e-11,1.9715382589099983e-12,7.746768771953758e-13,4.5236292107090595e-13,8.507010351454077e-13,1.0157522830332001e-09,1.0000000253626042,1
933,07:26:30,1.951462522148821e-11,1.883573981590672e-12,9.3827484263101e-13,4.3314733148614497e-13,6.914383644278553e-13,6.528338432555718e-11,1.0000000258670216,1
934,07:27:00,1.868387646138713e-11,2.475397945093062e-12,1.539999562197097e-12,6.052310355860324e-13,1.2816268200290576e-12,1.7221691508463235e-10,1.00000002638602,2
935,07:27:30,1.260346302388495e-11,3.321678660394628e-12,7.894816164449436e-13,7.739895402984198e-13,1.0623309835668862e-12,3.121389777730579e-10,1.0000000269201728,2
936,07:28:00,2.966723172507718e-11,2.0017724171760205e-12,2.1799060435497432e-12,4.763934054774297e-13,1.3027537671428713e-12,6.470477505536465e-11,1.0000000274700875,2
937,07:28:30,1.988378489465087e-11,4.7895430647840876e-12,9.251518537918634e-13,4.675388170747338e-13,1.0543180092793945e-12,1.246301954895839e-10,1.0000000280363963,2
938,07:29:00,5.5797406630034824e-11,8.749506631032981e-12,1.5801253463066563e-12,3.2815138370144437e-13,5.003291714337025e-13,4.969167642041023e-08,1.0000000286197666,4
939,07:29:30,2.6421450100029718e-11,1.7304722827566815e-12,7.792737368760688e-13,2.892215559482501e-13,4.189153288253739e-13,6.942914512454828e-08,1.0000000292208968,4
940,07:30:00,7.326959436029797e-11,3.009758269232893e-12,7.237876991097725e-13,2.4591786660980896e-13,3.171420894774547e-13,9.815125123392485e-08,1.000000029840523,4
941,07:30:30,1.355486120588266e-11,1.0898806739202403e-12,1.1716330368719672e-12,5.57064799196247e-13,6.925170579222932e-13,1.5412285303296643e-09,1.0000000304794272,1
942,07:31:00,7.357472015173013e-12,1.381463769674756e-12,8.526225208760492e-13,4.739041009811581e-13,5.713179889176679e-13,9.523476763081162e-10,1.0000000311384274,1
943,07:31:30,1.9141305390135757e-11,4.952799822973168e-12,9.051003890591525e-13,1.8771417612417008e-13,3.8128700147713805e-13,2.5952841775143315e-09,1.000000031818384,4
944,07:32:00,9.706882877656247e-12,1.3132456881996726e-12,5.962853874771219e-13,2.072948660356868e-13,3.9333269493376633e-13,2.1000789684577265e-08,1.0000000325202087,4
945,07:32:30,1.5636135218655048e-11,2.065715669944274e-12,9.72101154755884e-13,4.3718375586322517e-13,8.387543495991559e-13,1.4569194395500262e-08,1.0000000332448664,4
946,07:33:00,1.162127747890528e-11,1.9980575421820194e-12,1.0004088991889304e-12,4.3053109564215365e-13,8.306574493812265e-13,1.1304363433706135e-09,1.0000000339933697,1
947,07:33:30,1.380599599441194e-11,2.780101993465155e-12,8.233656626363834e-13,3.4880742631011e-13,3.979540205010337e-13,1.1326685725179151e-08,1.0000000347667926,4
948,07:34:00,1.6706341439977265e-11,3.875602423388097e-12,6.495659952828221e-13,1.9363543198745927e-13,3.2560323807709035e-13,1.848954942294188e-08,1.0000000355662708,4
949,07:34:30,2.914372499539092e-11,2.802569791819055e-12,5.18967658494234e-13,1.7894914981150768e-13,3.0569009249739676e-13,7.813609667636377e-08,1.0000000363930062,4
950,07:35:00,8.82118792665929e-12,1.379730583319785e-12,4.814733893740784e-13,3.3800503703373903e-13,3.4430147904641993e-13,7.251686280833052e-10,1.0000000372482736,4
951,07:35:30,4.0200867332139056e-11,3.785937250615889e-12,8.67690836894596e-13,2.7870779328586233e-13,5.160561679563742e-13,4.512914902844359e-08,1.0000000381334213,4
952,07:36:00,2.7499409251496297e-11,4.962041599703442e-12,7.364403151872577e-13,1.8563510160960916e-13,4.954020331819371e-13,5.309837528544284e-08,1.000000039049882,4
953,07:36:30,1.4060184028520818e-11,1.7294165279318433e-12,6.229504634866242e-13,1.6426798031570622e-13,2.8931949114531446e-13,2.3416575739462877e-08,1.0000000399991738,4
954,07:37:00,7.38757985992692e-12,7.219673540767506e-13,6.040858596600035e-13,4.282815964267521e-13,4.47603497520577e-13,8.577926156261421e-09,1.0000000409829133,4
955,07:37:30,9.904669525219503e-12,1.8626273173464736e-12,5.195988916043869e-13,2.8573603928272683e-13,3.7447751387727244e-13,8.230111740437891e-09,1.0000000420028166,4
956,07:38:00,2.8608776051390608e-11,3.639761722998273e-12,9.812191366448227e-13,2.736037932602887e-13,4.0025788736530325e-13,6.258160175162775e-08,1.0000000430607077,4
957,07:38:30,1.7112994489924474e-11,3.0630693533407206e-12,7.282029665397762e-13,2.1706065541671372e-13,3.400251879674603e-13,1.3461033103077442e-08,1.0000000441585373,4
958,07:39:00,1.7253563216194908e-11,4.4193068649327845e-12,4.944670915664763e-13,2.1185121622576983e-13,3.841413096090253e-13,1.0012720523882679e-07,1.0000000452983737,4
959,07:39:30,1.439866401172277e-11,7.505751211512226e-13,1.594145834179957e-12,4.214207903229848e-13,5.063104616602933e-13,2.1939168844020033e-09,1.0000000464824315,0
960,07:40:00,7.877558934523384e-12,1.146969249804345e-12,6.444326909663562e-13,2.321975896229401e-13,2.769902068415381e-13,2.8634893094383266e-09,1.0000000477130722,1
961,07:40:30,5.5012268583957194e-12,1.175983385151312e-12,8.150992392944301e-13,5.89591194445849e-13,1.0093718209821647e-12,1.1697471483379958e-09,1.0000000489928225,1
962,07:41:00,6.2034298273597365e-12,1.5489537316744027e-12,6.171991928329174e-13,3.129501902652667e-13,4.739266514426312e-13,3.3411322061680234e-10,1.000000050324384,1
963,07:41:30,2.750637195358734e-11,4.066546610388633e-12,8.10974991605933e-13,4.31392541251494e-13,1.1194926903356644e-12,1.2421263186375898e-10,1.000000051710649,2
964,07:42:00,2.3757204719427315e-11,4.914800715082102e-12,1.0908733853850128e-12,8.102408440441613e-13,1.0289924721473579e-12,1.0576094898959822e-10,1.00000005315472,2
965,07:42:30,1.3299615259329576e-11,2.765105834580838e-12,9.575173867283205e-13,6.994200798310018e-13,7.553543784842146e-13,6.875536541290017e-10,1.0000000546599292,2
966,07:43:00,1.9699286531013553e-11,2.4118380040611066e-12,1.7415505681726258e-12,5.415845421755938e-13,6.937316528420948e-13,5.952510675479857e-11,1.0000000562298457,2
967,07:43:30,1.1217238814677276e-11,1.886729699915502e-12,6.238331756595002e-13,3.22703637799709e-13,4.212409468274246e-13,7.214193594014252e-11,1.0000000578683246,2
968,07:44:00,1.6294857703983885e-11,2.6890363286461087e-12,6.350885586297129e-13,3.5772257202690965e-13,4.329993563254572e-13,1.632666573470879e-10,1.0000000595795033,2
969,07:44:30,2.1552514749980033e-11,2.404968988431313e-12,2.4825713127033e-12,8.214969736963267e-13,2.3645155784114835e-12,1.3450806165358496e-09,1.0000000613678528,2
970,07:45:00,3.496287148138506e-11,5.95821551946523e-12,9.30066176154164e-13,3.523272915479726e-13,6.817343617982634e-13,8.407008344242035e-10,1.0000000632381931,2
971,07:45:30,9.823691533392051e-11,6.96460163006234e-12,2.6734657559350874e-12,9.830480978354683e-13,2.5383560511983014e-12,6.751009031805937e-11,1.0000000651957395,2
972,07:46:00,3.5658692469359215e-11,3.809342781339008e-12,1.521425288851278e-12,6.363214080738823e-13,1.287300694044937e-12,4.7815496736696243e-11,1.000000067246137,2
973,07:46:30,5.124339372405945e-11,8.655061022629396e-12,1.9278303299185985e-12,8.545084854853521e-13,1.311298323790568e-12,5.467872187986909e-09,1.0000000693954996,4
974,07:47:00,3.8491215382099765e-11,1.7287732465549212e-12,9.699798714202388e-13,6.742934860036093e-13,7.909011527604597e-13,1.3115972099817523e-09,1.0000000716504673,2
975,07:47:30,3.177886723038199e-11,8.064319433700629e-12,8.596935641035147e-13,2.5249497762740857e-13,4.4078831005126253e-13,4.67919338080849e-10,1.0000000740182622,4
976,07:48:00,1.787972203487051e-11,4.837918057186558e-12,9.021397896235318e-13,2.3849206486296986e-13,3.6254372600898507e-13,6.600788708938753e-10,1.0000000765067363,4
977,07:48:30,2.2370273148992213e-11,3.38490286447591e-12,7.589585615200091e-13,2.453472997917471e-13,5.81489510543911e-13,6.33310434695384e-10,1.0000000791244665,4
978,07:49:00,3.070001267672966e-11,5.192117329133651e-12,1.022873128422251e-12,5.144076842779156e-13,8.728107730647103e-13,8.996669426959428e-10,1.0000000818808148,4
979,07:49:30,3.58968210930508e-11,1.7419359711255218e-12,7.355797724088625e-13,3.0573973073707054e-13,4.639577266628854e-13,6.747438804683509e-08,1.000000084786029,4
980,07:50:00,2.1555234345431383e-11,3.3977107158950147e-12,7.131748807498624e-13,1.987706435444842e-13,3.4151188710903903e-13,3.87551165495216e-08,1.000000087851344,4
981,07:50:30,4.7978655346372315e-11,6.5524720227525444e-12,1.1071320459323827e-12,2.579556184534678e-13,4.3862039830678883e-13,5.851795015181833e-08,1.0000000910890983,4
982,07:51:00,9.453849085148307e-12,1.0710124402087405e-12,8.707483993354586e-13,4.761402092663231e-13,5.572363174673777e-13,1.4377080488340407e-09,1.0000000945128737,1
983,07:51:30,1.0498495283538592e-11,1.9551692909108147e-12,1.0894325237218127e-12,3.794347868779025e-13,4.648408998458559e-13,9.100149764743973e-10,1.0000000981376513,1
984,07:52:00,1.211620866461621e-11,1.5293966718762635e-12,6.64090358640635e-13,3.6588118234408033e-13,5.122339244052843e-13,1.204146591482174e-09,1.000000101979984,1
985,07:52:30,1.191298383817695e-11,2.7536782860121204e-12,1.1072528859968814e-12,6.045755757390265e-13,8.265276078008654e-13,2.7891599437738862e-08,1.0000001060582122,1
986,07:53:00,2.1002300555053133e-11,5.680615517531851e-12,1.4983139839898843e-12,8.58327059554252e-13,1.6112097753874586e-12,1.0224564109191916e-09,1.000000110392697,2
987,07:53:30,2.7967549857297853e-11,4.230694583419991e-12,3.1513354406717275e-12,1.1017365103282168e-12,1.8774252291013595e-12,2.579584110798532e-10,1.0000001150061049,2
988,07:54:00,2.03684941706098e-11,2.3953355535931482e-12,1.0298783168069021e-12,4.369153848234412e-13,8.178919624905888e-13,2.1732494029372405e-09,1.0000001199237336,2
989,07:54:30,1.6351360852815483e-11,2.6972223355736408e-12,2.023471129332538e-12,1.2853614550304756e-12,2.3564503230910545e-12,6.633671240901762e-10,1.00000012517389,2
990,07:55:00,2.8484593140416824e-11,4.71394421819705e-12,1.7028776878118325e-12,2.1608167547802204e-12,6.032634874646797e-12,4.617616330811052e-10,1.0000001307883433,2
991,07:55:30,3.9827273339740095e-11,6.438957988436671e-12,3.0319214092526386e-12,1.9664457605733452e-12,4.40487776009625e-12,6.224729195615473e-11,1.0000001368028526,2
992,07:56:00,6.948163320183412e-11,1.492516231018659e-11,2.1135359637690445e-12,1.0583138278133028e-12,1.1404861552550994e-12,5.26528700314176e-11,1.0000001432577985,2
993,07:56:30,2.6055929389555773e-11,1.34256529366552e-11,1.8100466797667602e-12,5.800027669470642e-13,1.0358098303417887e-12,4.309890291747412e-11,1.0000001501989357,2
994,07:57:00,2.392613022230924e-11,5.718388725223409e-12,2.3417695956267048e-12,6.366814585199796e-13,1.1887580327973225e-12,5.128920893933368e-11,1.000000157678288,2
995,07:57:30,4.855993109552293e-11,6.23047913561673e-12,2.453120858262069e-12,7.30124202299279e-13,1.0600172970983106e-12,5.862971359426283e-11,1.0000001657552309,2
996,07:58:00,2.283241964551258e-11,1.7711834126152506e-12,1.6004086242339821e-12,6.604954537641951e-13,9.34830870946534e-13,1.1347610483887512e-10,1.0000001744977929,2
997,07:58:30,1.2457199398102713e-11,2.638123543447358e-12,1.2654696327252603e-12,1.7077627547841757e-12,1.8809348432696657e-12,1.766052351286242e-10,1.0000001839842625,2
998,07:59:00,3.3007797129272735e-11,7.0874079330400086e-12,1.6976567703867883e-12,2.344370112526237e-12,9.246206106018218e-12,6.812783035865934e-11,1.0000001943051298,2
999,07:59:30,4.777824317651691e-11,4.882745745428145e-12,3.894238045652087e-12,6.923894803202643e-13,2.3235341450499407e-12,7.361039634889797e-10,1.0000002055654862,2
1000,08:00:00,2.4365783836842196e-11,4.151818604728303e-12,2.0146631030787703e-12,1.1375250096774425e-12,2.1858804460083643e-12,7.978319615121291e-11,1.0000002178880072,2
1001,08:00:30,2.3908107394897805e-11,4.124313911888992e-12,1.4389339776945753e-12,1.5790106296350322e-12,5.4987763160406566e-12,7.319184959432354e-11,1.0000002314166843,2
1002,08:01:00,8.733272759686557e-11,4.5718895782931e-12,3.3366733601653183e-12,1.975463268776117e-12,6.112957072138307e-12,6.733025764879724e-11,1.0000002463215085,2
1003,08:01:30,2.4134551497755376e-11,3.642212286801901e-12,2.0477120805039115e-12,5.365751816851225e-13,1.4377262798831017e-12,4.698397445638109e-11,1.0000002628044438,2
1004,08:02:00,2.9637985537393247e-11,6.188226236976131e-12,1.938947302322782e-12,1.8655160580545077e-12,3.393142680534364e-12,7.090239509485689e-11,1.0000002811070554,2
1005,08:02:30,3.8568227153961415e-11,5.880450440531004e-12,2.336884298227153e-12,2.061637466905281e-12,4.805502671820284e-12,6.178011092876941e-11,1.0000003015204169,2
1006,08:03:00,4.580207499656693e-11,6.401874219787769e-12,1.980191880725138e-12,1.3559430280979076e-12,3.558617610267674e-12,9.81410505019195e-11,1.0000003243980236,2
1007,08:03:30,2.419477016818579e-11,3.559882768081282e-12,2.341514752319569e-12,1.80466302618526e-12,3.5819686894206657e-12,4.896329543106774e-11,1.0000003501729244,2
1008,08:04:00,3.966786956156609e-11,5.019527751971786e-12,3.5297878073614163e-12,1.1178553863375513e-12,2.6832195521933167e-12,8.2610204013269e-11,1.0000003793806123,2
1009,08:04:30,5.3191903966807866e-11,9.035504376999475e-12,4.045965275114333e-12,9.006207161689575e-13,2.4069974108614136e-12,9.960749446887992e-10,1.0000004126901336,2
1010,08:05:00,4.680647909255003e-11,4.638195993938585e-12,1.7566046837598571e-12,6.035654198160314e-13,1.1903234106084604e-12,2.8765256179680076e-10,1.0000004509469085,2
1011,08:05:30,5.3556548728804854e-11,6.810388200100486e-12,2.230619235850584e-12,2.468688305270712e-12,6.483872457992232e-12,1.8403471322897216e-10,1.0000004952326915,2
1012,08:06:00,2.4770432630144936e-11,4.527017811437378e-12,1.7761839219271174e-12,1.2168089274576838e-12,2.8819610640731963e-12,8.138244492774065e-11,1.0000005469510125,2
1013,08:06:30,5.946776065360825e-11,7.763950760556777e-12,4.462157896633963e-12,1.7999705358087678e-12,6.658160175850789e-12,6.870579558165305e-11,1.000000607951386,2
1014,08:07:00,2.4653731217124576e-11,5.414920476147137e-12,1.5386452511500434e-12,3.7359463487441663e-13,1.123201012684076e-12,9.017601334090954e-11,1.0000006807139725,2
1015,08:07:30,3.0332488111229686e-11,3.74956695003637e-12,2.2573821509693857e-12,8.508651681486482e-13,1.1693375615423698e-12,6.983138449853607e-11,1.00000076863101,2
1016,08:08:00,3.8535973379549296e-11,4.833797527676533e-12,1.678384887137667e-12,1.6346725507261818e-12,2.0070665715280094e-12,3.9790115515571447e-11,1.000000876448212,2
1017,08:08:30,3.044021390107186e-11,5.579680734690301e-12,1.7409592450290505e-12,6.621517966988009e-13,1.314945890870936e-12,9.686418031378217e-11,1.0000010109799014,2
1018,08:09:00,5.161989884990754e-11,8.948449212786401e-12,2.4431259176616817e-12,1.0467631707267887e-12,3.3350593019416386e-12,7.345318325033621e-11,1.0000011823122301,2
1019,08:09:30,3.6527386833999436e-11,4.828713727656798e-12,2.184360410960182e-12,7.322699664934139e-13,2.2817708783663743e-12,8.609702176269925e-11,1.0000014059190943,2
1020,08:10:00,1.2474963040284636e-10,9.182942136375351e-12,4.0567810135866716e-12,9.635943021290977e-13,2.3711643435216796e-12,6.621891569797201e-11,1.0000017065838793,3
1021,08:10:30,4.206971103471102e-11,7.33938633164919e-12,3.080357101499447e-12,6.791389032568534e-13,3.3277083520530732e-12,1.0810520544375022e-10,1.0000021261457526,2
1022,08:11:00,3.784240760796051e-11,4.72861616191338e-12,1.718162618316144e-12,1.5947532577972071e-12,3.7210506098285585e-12,7.823738271116947e-11,1.0000027400547968,2
1023,08:11:30,5.4148807998336015e-11,6.2436110267452805e-12,1.8721842698905977e-12,1.5891778300947198e-12,3.5342758069874694e-12,6.742543930325525e-11,1.0000036964928587,2
1024,08:12:00,7.436550148339611e-11,5.779289138811822e-12,2.216495975488722e-12,9.648376104024162e-13,2.72549165126164e-12,9.575960036674595e-11,1.000005322005193,2
1025,08:12:30,7.291066575307936e-11,4.410342941732771e-12,1.6223109480897998e-12,3.197113364202745e-13,8.135010325144436e-13,9.102579421624198e-11,1.000008465562987,2
