index,start_time,eeg_delta_power,eeg_theta_power,eeg_alpha_power,eeg_beta_power,eeg_spindle_power,eog_var,emg_rms,label
1,00:06:00,6.74391943809713e-12,5.699533825958087e-12,4.959146755032032e-12,1.3349486938401753e-12,1.5706956892536505e-12,5.887154612241127e-10,3.3194674893644404e-06,1
2,00:06:30,2.8661766535789384e-11,5.204371957574847e-12,3.62236278552941e-12,1.3058091164847762e-12,1.492146466046081e-12,8.13643412938528e-10,3.330036380945423e-06,1
3,00:07:00,3.435410321284574e-11,5.9614732578268996e-12,3.8454674916064626e-12,1.3657120733039518e-12,2.121937948091372e-12,1.0450325339434479e-09,3.319379176408933e-06,1
4,00:07:30,8.146760087924464e-11,7.070581040743421e-12,4.280128162804612e-12,1.1029820566577358e-12,1.907872347681231e-12,7.219693028127437e-10,3.326408566490089e-06,1
5,00:08:00,5.7010772545462734e-11,5.3879581947735685e-12,2.5594507953409497e-12,9.668082762302056e-13,1.1767338784901434e-12,1.017787221825273e-09,3.334158574693793e-06,2
6,00:08:30,4.486163740261883e-11,4.061471995282536e-12,2.514957963451603e-12,8.19247317951558e-13,1.4933173919888782e-12,8.407494523553023e-10,3.349739461355262e-06,2
7,00:09:00,9.325222895545403e-11,6.328767356456326e-12,2.4073810345493567e-12,8.616230218296687e-13,1.3187859156952946e-12,7.982085772422565e-10,3.31480028119129e-06,2
8,00:09:30,7.466601363776828e-11,6.4599187911306475e-12,3.696895237600403e-12,1.198011459637765e-12,2.893289026783788e-12,9.835717108758977e-10,3.3181678206643474e-06,2
9,00:10:00,8.252117740547227e-12,5.466952888521068e-12,4.205467192822644e-12,1.0904028377435963e-12,2.102924494231715e-12,5.701630584953745e-10,3.2990681784506028e-06,1
10,00:10:30,7.47881112230284e-11,5.969574741152628e-12,2.4744799142594638e-12,6.443471652965106e-13,1.483477249089864e-12,8.397500531038956e-10,3.328852363822653e-06,2
11,00:11:00,6.208556653270457e-11,8.136196274667444e-12,4.349142641408677e-12,5.716022862107426e-13,1.6663857685666027e-12,4.5644909646278016e-10,3.3282513780852445e-06,2
12,00:11:30,7.734131305630959e-11,5.213867344166251e-12,2.7311560428722234e-12,4.974320790587424e-13,1.137975081088682e-12,4.02887394928882e-10,3.290866358595811e-06,2
13,00:12:00,7.165933018024902e-11,6.35911948591449e-12,2.8339566283002627e-12,5.562467894011124e-13,1.8003633922995715e-12,4.5530553479540656e-10,3.314012346419078e-06,2
14,00:12:30,6.429731625149263e-11,4.692911441304803e-12,3.560877635051647e-12,6.140780764977215e-13,1.4881899835963747e-12,4.663957074816433e-10,3.3067026346024637e-06,2
15,00:13:00,5.4583143507686527e-11,6.163694550008809e-12,4.1374228579218635e-12,1.2499428916932773e-12,3.999755266890051e-12,3.638259402277371e-10,3.3143357111124837e-06,2
16,00:13:30,6.835257807875562e-11,6.465392171201011e-12,2.719568314307194e-12,4.5321417581898765e-13,1.4451956150268886e-12,2.775161064046969e-10,3.218757319296314e-06,2
17,00:14:00,4.411511943566047e-11,5.304795208737665e-12,3.7334896778390635e-12,1.0657947045979577e-12,3.315473297958471e-12,2.57539439482813e-10,3.1468111242872227e-06,2
18,00:14:30,3.832871620976595e-11,5.752151284861306e-12,3.4690688059397126e-12,6.965104243811833e-13,1.6500902411719836e-12,2.3161257458652814e-10,3.1739076868015527e-06,2
19,00:15:00,3.761270223660387e-11,6.825484406835344e-12,3.294836970370754e-12,5.371840765197836e-13,1.844500457208945e-12,2.492290956413014e-10,3.0021894414902952e-06,2
20,00:15:30,6.218256568072611e-11,6.319443467051452e-12,3.2108349338291606e-12,5.274501335374841e-13,1.5725749591654523e-12,3.323348446538008e-10,3.058264169782741e-06,2
21,00:16:00,7.245083707590155e-11,5.617490793785643e-12,4.76289557774419e-12,7.910008937307314e-13,3.121566574901983e-12,2.1432821316079083e-10,3.039968010584011e-06,2
22,00:16:30,6.874579549926886e-11,6.992102488127154e-12,2.9640202196011758e-12,4.621227754509605e-13,1.3763597199961402e-12,2.5216389782858993e-10,3.1773476605571293e-06,2
23,00:17:00,6.043268675051394e-11,8.021399925715849e-12,4.308966375080331e-12,6.444241411686782e-13,2.4692029963874383e-12,2.679064254654259e-10,3.0525344510681986e-06,2
24,00:17:30,7.140000502735158e-11,7.183183540717104e-12,4.036300906500356e-12,6.937977608420723e-13,2.610826226141533e-12,2.7955310720464846e-10,3.1659127021742188e-06,2
25,00:18:00,6.963545997201119e-11,4.446258011691498e-12,2.739108282547988e-12,6.651231527540865e-13,2.55203542835303e-12,2.1560614592814732e-10,3.1103415835080087e-06,2
26,00:18:30,1.0517195391241118e-10,9.755420677307903e-12,5.0876998788486175e-12,6.889868246861083e-13,2.594141378832955e-12,4.247638260505172e-10,2.9223078951155665e-06,3
27,00:19:00,6.308840005750985e-11,8.033520005599331e-12,3.5442912514688154e-12,4.2872583704775536e-13,1.4250852100419811e-12,3.011928164257706e-10,2.8899424347998672e-06,2
28,00:19:30,1.0342808980256126e-10,8.101776952511184e-12,7.0878831465516885e-12,6.739618232308533e-13,2.2786517578185657e-12,5.746309815193175e-10,2.832377568932218e-06,3
29,00:20:00,4.8657744850666486e-11,7.1573396690862476e-12,3.0357450821655492e-12,5.771770028867739e-13,2.5311390971403723e-12,2.524724806018809e-10,2.9080457426517343e-06,2
30,00:20:30,4.622901871700578e-11,6.243288859220325e-12,3.902904525051784e-12,6.929741775520599e-13,2.6453799294960947e-12,3.3416094801264683e-10,2.8998976624433842e-06,2
31,00:21:00,5.926607781681459e-11,7.277537714482637e-12,4.833969746264033e-12,5.327888262720357e-13,1.8881623060275428e-12,4.0816183776904797e-10,2.8592180059746707e-06,2
32,00:21:30,7.487835328609239e-11,7.1475268358736306e-12,4.536733799712394e-12,5.247322705523755e-13,1.9509473208731603e-12,2.760650498416452e-10,2.8322622549024836e-06,3
33,00:22:00,6.431042522580799e-11,6.626439176645596e-12,3.1453283694502556e-12,4.943688438017403e-13,1.913070409708011e-12,3.675825583898824e-10,2.834743497727832e-06,2
34,00:22:30,6.561917309737366e-11,6.9525261461138056e-12,3.314830165002428e-12,5.903261106723059e-13,2.2163580990623518e-12,4.736995638829091e-10,2.8496432744977753e-06,3
35,00:23:00,6.7424626869306e-11,7.935195866636988e-12,4.20448657590359e-12,7.178381813166651e-13,1.5533291882574282e-12,4.688437406634953e-10,3.1428787483757353e-06,2
36,00:23:30,5.24750133825948e-11,6.497290046225833e-12,2.6467925610306507e-12,3.9471302222146404e-13,1.2326784193001745e-12,2.2539347566446913e-10,3.0682211289638092e-06,2
37,00:24:00,5.3533883232062995e-11,7.200200824058404e-12,2.670404028176169e-12,6.527513350256297e-13,3.0753472327999192e-12,2.1494426406786501e-10,2.916755050864971e-06,2
38,00:24:30,6.409643041797555e-11,5.831398295920857e-12,3.644838380092278e-12,6.96764619506754e-13,3.3439755021072134e-12,2.2962697574012311e-10,3.0790398884458505e-06,3
39,00:25:00,1.1179307361919606e-10,7.217028142875641e-12,3.3699076057066087e-12,5.929012642098673e-13,2.6417009702369613e-12,3.4842188556623263e-10,2.9916228395776513e-06,3
40,00:25:30,8.349771548730169e-11,6.8850555690948404e-12,2.968065816280247e-12,5.203503215601766e-13,1.670834232777633e-12,3.48354513594816e-10,3.1047968163577535e-06,2
41,00:26:00,9.597403923652386e-11,8.087936436197164e-12,3.5401636841855392e-12,3.5768041409875623e-13,1.2770250447897428e-12,5.101530902659533e-10,3.1148637276524706e-06,3
42,00:26:30,7.413566053860342e-11,8.65794534525952e-12,2.98305315153825e-12,4.4282777150632536e-13,1.4974332678051344e-12,3.327317341653215e-10,3.050887951267327e-06,2
43,00:27:00,7.467920036197801e-11,5.756995009725534e-12,3.682874313511024e-12,4.950126276194591e-13,2.0472784791781233e-12,5.127149309759257e-10,2.900241458906446e-06,3
44,00:27:30,8.535997896518201e-11,6.480371342775127e-12,3.2911666837503565e-12,5.78119902530325e-13,2.85159318944247e-12,3.033684751505917e-10,3.033254334047613e-06,3
45,00:28:00,1.0067672621072708e-10,7.927115430678228e-12,3.5566382758059097e-12,4.529546972795934e-13,1.5915612024147537e-12,4.080954771687438e-10,3.027073366095934e-06,3
46,00:28:30,8.547062294676127e-11,6.757534681979565e-12,3.9798406859069294e-12,5.170552526153671e-13,2.219496619061606e-12,4.0701258181644974e-10,3.0578247170766077e-06,2
47,00:29:00,7.308679976078613e-11,7.0121733715239305e-12,4.933804443878479e-12,3.605987310517014e-13,1.2918804840067424e-12,3.8460243299861044e-10,2.9383665935513197e-06,2
48,00:29:30,1.105020938652408e-10,9.006560193095274e-12,4.407326825176985e-12,3.923000863458866e-13,1.897558509796889e-12,3.3377379576599295e-10,2.9413902326442724e-06,3
49,00:30:00,9.83574421413404e-11,5.608692317769971e-12,2.7314153685905242e-12,4.0823086113628685e-13,1.808892643139878e-12,4.3391529942975465e-10,2.8604742439528462e-06,3
50,00:30:30,9.299182063357085e-11,5.6527937558464665e-12,4.20837393694768e-12,3.793543364143283e-13,1.5730579189526826e-12,5.619084015646761e-10,2.868564051356783e-06,3
51,00:31:00,1.3444641895311387e-10,5.61946163011682e-12,2.9755540379432324e-12,3.735559630968225e-13,1.7044653215333232e-12,3.8835628528158157e-10,2.8625094921510144e-06,3
52,00:31:30,1.19384004023016e-10,6.698646320926732e-12,4.480607694528954e-12,3.808053182308935e-13,1.6364936267620523e-12,3.9133096710840965e-10,2.7227554995393402e-06,3
53,00:32:00,7.815667341133145e-11,6.5810141597150566e-12,4.775669193930511e-12,3.5723628698041433e-13,1.4878966681462998e-12,3.939601425692324e-10,2.457465407385458e-06,3
54,00:32:30,8.964975122768006e-11,5.884224738806274e-12,3.166634075971179e-12,3.273725467823874e-13,1.2484905926559563e-12,3.962575397030894e-10,2.453231981645144e-06,3
55,00:33:00,8.240617985278346e-11,9.383085264988946e-12,3.896040507862468e-12,3.087306209934088e-13,1.0654496178722233e-12,2.752470460964974e-10,2.3227039323001407e-06,3
56,00:33:30,1.0744400446905112e-10,5.523890536000396e-12,3.110084618817787e-12,4.2146096429658773e-13,1.9348933753055293e-12,4.193152225120806e-10,2.4898676585267866e-06,3
57,00:34:00,1.3759234662545345e-10,6.817730157327451e-12,2.7498043677289333e-12,4.942286974350567e-13,1.902839331764048e-12,4.082438725342561e-10,2.406702318345418e-06,3
58,00:34:30,1.0906734414772371e-10,9.059889292243737e-12,3.9482385838439075e-12,4.1777968208580515e-13,1.3391713913937736e-12,8.219041581343643e-10,2.561564077541153e-06,3
59,00:35:00,9.555271109702572e-11,7.979707670823183e-12,2.8114928955909963e-12,3.6899874742515803e-13,1.068755826466385e-12,4.6011987536415207e-10,1.869192439574327e-06,3
60,00:35:30,4.906632604511279e-11,4.750251413920592e-12,2.2588994536102497e-12,3.2639968188236006e-13,1.0991714569211905e-12,3.6848647084929263e-10,1.7984349186931925e-06,2
61,00:36:00,7.223823141229718e-11,5.744549642023957e-12,4.400179639493626e-12,3.7271309076130653e-13,1.4647368273915846e-12,4.2946150949865213e-10,1.5043190213472208e-06,3
62,00:36:30,8.677967012128854e-11,6.598675193333428e-12,2.8419992037576147e-12,5.759653810633849e-13,2.1784535299115887e-12,4.70158959913101e-10,1.635328213992115e-06,3
63,00:37:00,7.044562718777335e-11,6.909440767332487e-12,2.690627332221716e-12,2.765740308736437e-13,9.466354593263985e-13,3.610730094162611e-10,1.605602960144373e-06,2
64,00:37:30,1.0492748707921751e-10,5.720051287281652e-12,3.914799221475856e-12,5.54544680785802e-13,2.6123974584587084e-12,3.6248203128217045e-10,1.5992892106113686e-06,3
65,00:38:00,1.1384195103212925e-10,5.405278954245947e-12,2.5360001778946832e-12,3.363102143467899e-13,1.2952179084354736e-12,2.812662832995687e-10,1.5901556727204246e-06,3
66,00:38:30,1.0231317493035126e-10,7.67050563810146e-12,5.4474016375250765e-12,4.4336760867476727e-13,1.8721307328602527e-12,3.7766509994938305e-10,1.6232902560575567e-06,3
67,00:39:00,6.53903080850988e-11,5.61953267833217e-12,2.6797162438365214e-12,4.738120247425701e-13,2.4336222381573218e-12,3.0567826082254295e-10,1.5749752475846584e-06,3
68,00:39:30,1.1300369488119344e-10,7.0147348328017364e-12,4.739616393912931e-12,4.241620195118608e-13,1.908043231400167e-12,6.736493202541799e-10,1.2668476123641907e-06,3
69,00:40:00,1.1276274742518431e-10,6.121590776081337e-12,4.586300318378667e-12,3.548231265980978e-13,1.3468979251902631e-12,4.690798928959911e-10,9.094770120116781e-07,3
70,00:40:30,1.1294860863937195e-10,5.265210630352981e-12,2.5203552893202478e-12,3.1522674343380824e-13,1.0900663290325947e-12,4.4471002306113974e-10,9.467682128917614e-07,3
71,00:41:00,7.395981781773514e-11,6.390750869468452e-12,3.1331068820610815e-12,3.539079780099616e-13,1.568569924420958e-12,3.976058205710948e-10,9.050261768152508e-07,3
72,00:41:30,6.468660154890393e-11,5.592080246698815e-12,2.235543694023312e-12,3.12955769362462e-13,1.3491937827698181e-12,3.8329623288105717e-10,9.355412267461557e-07,3
73,00:42:00,1.1921380888642533e-10,5.9453405616552815e-12,3.1784314852418283e-12,4.56438232763491e-13,2.0999448746462127e-12,6.35369125458392e-10,9.467420084178554e-07,3
74,00:42:30,1.1306910579557008e-10,5.065884633281245e-12,2.571155186585655e-12,2.733645204285624e-13,9.557848799120895e-13,5.770024318700373e-10,9.594347159476504e-07,3
75,00:43:00,1.641118029264949e-10,7.654689317828809e-12,2.627751025981941e-12,3.127061613202946e-13,6.385110094506262e-13,5.806639832349465e-10,1.5471752601987311e-06,3
76,00:43:30,8.35251638118528e-11,6.079990875118675e-12,2.647273703667692e-12,4.94238308959714e-13,1.9457656996433693e-12,3.109871088468735e-10,1.0064571962790954e-06,3
77,00:44:00,9.858490875280312e-11,6.378923327355929e-12,3.524466203899675e-12,4.067927019102992e-13,1.9017070719753255e-12,2.9074055107286193e-10,9.504149332527929e-07,3
78,00:44:30,9.622675403556087e-11,6.709040807399553e-12,3.906304406847819e-12,4.0761196955793164e-13,2.024270816584547e-12,2.936578501240803e-10,9.323836135673989e-07,3
79,00:45:00,8.191053031950571e-11,5.42899312652166e-12,2.870393783117654e-12,3.741872614816778e-13,1.648279165918929e-12,3.68588221418755e-10,9.613231256297977e-07,3
80,00:45:30,7.936181351235708e-11,4.944366448655417e-12,2.9514525821483315e-12,3.706550543299263e-13,1.7303823160536187e-12,4.113833212827478e-10,9.497484823265141e-07,3
81,00:46:00,1.0001713369598302e-10,6.307400691362741e-12,2.8807106774391562e-12,4.940834663020551e-13,2.2293021840350118e-12,3.9720867183393033e-10,9.955982314407592e-07,3
82,00:46:30,9.581765631479311e-11,6.1425199923787455e-12,2.8318256299809096e-12,2.989529407268668e-13,1.1343413139859223e-12,3.299838541231643e-10,9.618034555508827e-07,3
83,00:47:00,8.30766589761043e-11,7.363944768498176e-12,3.5398380819295195e-12,3.064033814434241e-13,1.0448906009008505e-12,4.2401815652092107e-10,9.925687253649475e-07,3
84,00:47:30,8.973524413307415e-11,5.70743653330856e-12,3.78264591363296e-12,4.0132550757688555e-13,1.896390723886507e-12,3.9878812142140155e-10,9.883247288280622e-07,3
85,00:48:00,1.2107155310129275e-10,6.510638936041753e-12,2.785926752678024e-12,3.565018295839023e-13,1.6637369238545996e-12,4.3847790443334405e-10,9.657410984721617e-07,3
86,00:48:30,7.85587453416371e-11,6.224132738915988e-12,3.989560385811378e-12,3.405848434244737e-13,1.4815509463367764e-12,4.170069735617372e-10,9.054424596359571e-07,3
87,00:49:00,8.946401483720535e-11,5.564762950069985e-12,3.065669040018593e-12,3.370344454058466e-13,1.3441951300044056e-12,4.130247181967823e-10,9.358366281096807e-07,3
88,00:49:30,1.1422824332182293e-10,4.744613824334736e-12,4.255485432620323e-12,3.294879649040822e-13,1.1683623096241442e-12,5.012813144132551e-10,9.195006562269395e-07,3
89,00:50:00,1.0258458606721928e-10,4.893141864543636e-12,2.4481573376620987e-12,2.784893140065182e-13,1.040377359001217e-12,3.9140070878188703e-10,9.461471580365322e-07,3
90,00:50:30,8.142894938997613e-11,5.011362672668355e-12,3.2604944597424918e-12,4.0364091676786645e-13,2.011283136401884e-12,3.437757517015053e-10,9.393913595875201e-07,3
91,00:51:00,7.678586665093472e-11,5.862064109481772e-12,3.7353589064772524e-12,3.1344372042934244e-13,1.3635032520666963e-12,3.360786816602023e-10,9.764967643253638e-07,3
92,00:51:30,1.2417741362319232e-10,6.3352341137778234e-12,4.372499294418919e-12,3.163690056193976e-13,1.3030638895499762e-12,4.933818168947568e-10,9.072118059175132e-07,3
93,00:52:00,1.3298294904444744e-10,6.374640838970206e-12,2.497431234826918e-12,2.746140175319048e-13,1.0239858231565119e-12,3.851579224629562e-10,9.102869603881563e-07,3
94,00:52:30,1.2174227605257848e-10,4.968235419661399e-12,2.4122689479679848e-12,3.133096919446978e-13,1.2556751132586973e-12,4.2056031142551926e-10,8.980929291952628e-07,3
95,00:53:00,9.486458667995914e-11,5.033614049319496e-12,2.62910389197539e-12,3.5237807210756554e-13,1.5598605141968387e-12,3.394936818849438e-10,9.544189228411632e-07,3
96,00:53:30,1.058131270125842e-10,6.415180867795116e-12,3.2924813263510526e-12,2.8929795370551496e-13,1.3017854152568672e-12,4.0632043906453224e-10,8.965276022507796e-07,3
97,00:54:00,1.2356700441505418e-10,6.458269547863317e-12,2.9851227463015306e-12,4.1356743972283293e-13,1.869215951128776e-12,4.621807284608276e-10,9.364510637353373e-07,3
98,00:54:30,1.267271922183301e-10,3.688411053116598e-12,2.3011993193180596e-12,2.6537905216186984e-13,1.0118223330907836e-12,4.2100727006912895e-10,9.51911593053698e-07,3
99,00:55:00,1.1634935562094343e-10,5.374484375115201e-12,2.763643805254347e-12,2.7964459512554667e-13,8.678141014595906e-13,3.348305202703159e-10,9.435770500266319e-07,3
100,00:55:30,1.4584747972658673e-10,8.394983816411032e-12,3.6320919260527206e-12,4.671078476506554e-13,2.3597265917354815e-12,4.294088224028859e-10,9.659492145129114e-07,3
101,00:56:00,7.17661802637535e-11,5.911107257932153e-12,2.9903386966530863e-12,3.642117499347114e-13,1.5150201562661397e-12,2.8692213169794636e-10,9.550781944431266e-07,3
102,00:56:30,9.824737097926005e-11,4.90425310354206e-12,3.1887291638241496e-12,2.415181984558498e-13,8.107072543127264e-13,3.7215055710175054e-10,8.548892007135822e-07,3
103,00:57:00,1.2906053885813382e-10,6.9274521758202336e-12,4.090633970227157e-12,4.1274969469927473e-13,2.298403075430541e-12,3.356267858425084e-10,9.039205550793905e-07,3
104,00:57:30,8.732188603931148e-11,5.8186853523728575e-12,2.112527798638715e-12,2.647471929595589e-13,9.999740606327958e-13,3.5956916547724003e-10,8.700497035472e-07,3
105,00:58:00,1.2542210284312597e-10,6.721062538240726e-12,3.9975577802084224e-12,3.713272217400139e-13,1.7863462033086907e-12,3.4969220492608656e-10,8.846624523012839e-07,3
106,00:58:30,9.515049482309782e-11,5.494471840086332e-12,3.1348841301732453e-12,2.479360680278318e-13,8.423893610419967e-13,4.560203651083827e-10,9.122803406554999e-07,3
107,00:59:00,9.943179172306951e-11,7.324140055213261e-12,4.2747013527781345e-12,3.4453476506339235e-13,9.756600326887408e-13,4.825298356182961e-10,1.5692859633136279e-06,3
108,00:59:30,9.666620441955436e-11,1.2037447802230289e-11,5.349861873131106e-12,1.4787331896766512e-12,1.673340019985727e-12,4.955949173999158e-10,3.3208607190703564e-06,1
109,01:00:00,9.135745197094987e-11,1.148066919028215e-11,4.6171416704064395e-12,5.323852367727447e-13,1.2446133573368656e-12,2.932366701062882e-10,3.3248581341363665e-06,2
110,01:00:30,8.283437686776881e-11,4.1648098578371456e-12,1.7433989771963857e-12,5.935913951029968e-13,1.806443813980231e-12,2.4137848900644746e-10,3.3345093236477287e-06,2
111,01:01:00,9.602760592801006e-11,1.1007521659878989e-11,7.179668552843818e-12,4.911508436062742e-13,1.1061615964328891e-12,3.2065609227727606e-10,3.328901663669874e-06,3
112,01:01:30,5.710206780717526e-11,5.847146466154804e-12,2.613989440886417e-12,5.524145761254083e-13,1.918125585047794e-12,1.3089838037142025e-10,3.296699537548296e-06,2
113,01:02:00,9.750565226255251e-11,6.683717777646253e-12,4.227472913631753e-12,3.5418811890692395e-13,9.581892507816246e-13,5.962569918142989e-10,3.332143613895354e-06,3
114,01:02:30,6.180889831124058e-11,5.140278612566004e-12,4.6178964887220975e-12,4.335374344143542e-13,9.837945642892498e-13,2.0512199199791987e-10,3.3601286877325164e-06,2
115,01:03:00,4.7282046588378884e-11,5.976327199421722e-12,3.3195653026900833e-12,4.778374199288878e-13,1.8988229700438463e-12,1.8666753791380256e-10,3.2638288179670993e-06,2
116,01:03:30,6.460931435936478e-11,7.107995996397861e-12,4.969902112626999e-12,4.593671055130103e-13,9.002477131540689e-13,2.6463800613654987e-10,3.3400535839995606e-06,2
117,01:04:00,4.5201554829915596e-11,6.699093055855149e-12,3.247716173397349e-12,5.773665244131122e-13,2.464020872754657e-12,1.5499656573592417e-10,2.9789193602473234e-06,2
118,01:04:30,8.916992781887064e-11,9.242592377251068e-12,7.209610794570364e-12,4.890114313579657e-13,1.6076380332089314e-12,3.396298237302955e-10,2.5404351628247244e-06,2
119,01:05:00,1.3690369171998688e-10,9.514523278350113e-12,5.864035580457454e-12,4.013672745574358e-13,1.183506264940091e-12,2.3947737779132747e-10,2.0608693232242925e-06,2
120,01:05:30,7.671294819936593e-11,5.023266903712276e-12,3.450822628588544e-12,4.53028825767984e-13,1.3104279407039301e-12,2.0735754738066855e-10,1.911620311863364e-06,2
121,01:06:00,8.951428483326977e-11,7.611426417947641e-12,5.00887681662662e-12,4.1605608688645843e-13,1.02294347180309e-12,2.366379099982507e-10,1.6210087820664319e-06,2
122,01:06:30,6.65233483335376e-11,6.972962771983057e-12,4.941621300876506e-12,4.912503286603196e-13,1.3235308370914645e-12,2.2211142345728126e-10,1.1038913698882632e-06,2
123,01:07:00,8.284553283826367e-11,7.70381932847399e-12,4.007852745764165e-12,4.266006264468716e-13,1.0814732935652868e-12,2.41460964486011e-10,1.3311469061560205e-06,2
124,01:07:30,6.405692485092339e-11,8.097773226692193e-12,5.5881216591555904e-12,5.603780743704618e-13,1.4376460520714975e-12,2.713800720095217e-10,4.969359868389903e-07,2
125,01:08:00,4.600905529896644e-11,8.96533989007618e-12,3.4048770667388364e-12,3.8052277752250784e-13,9.300062336807448e-13,3.251744120577848e-10,5.204863867515869e-07,2
126,01:08:30,7.506106603952472e-11,7.57649656936877e-12,3.4626239138681324e-12,6.106895727690118e-13,1.9498708129019667e-12,1.7839289013336692e-10,4.80944913362026e-07,2
127,01:09:00,5.6235440572812825e-11,9.171474916517607e-12,3.846555619593196e-12,3.9529759233270056e-13,9.725550796407248e-13,2.9506979439768447e-10,5.814899369685754e-07,4
128,01:09:30,3.739079530057763e-11,6.848875189684556e-12,3.6167895834347326e-12,3.9298446159673e-13,1.2358860326681642e-12,4.320765775079573e-10,5.159859109752635e-07,4
129,01:10:00,3.1356817996084444e-11,9.021929192310431e-12,3.45560224639411e-12,3.8104441926023174e-13,8.762242574846439e-13,3.8317438584245825e-10,5.392070141006922e-07,4
130,01:10:30,2.944700151036864e-11,8.154543674910243e-12,3.477200314613471e-12,5.780086243105932e-13,1.8809503231838585e-12,8.862179897666836e-10,4.973129213009951e-07,4
131,01:11:00,2.8301358601835418e-11,1.4139698929287367e-11,3.790615450766311e-12,3.297728338537629e-13,7.540258729308627e-13,3.2176662899751645e-10,5.073103535835715e-07,4
132,01:11:30,4.17839213364298e-11,1.1261060890369259e-11,4.646303751349717e-12,4.49454428702362e-13,1.3262420519275295e-12,3.931468027763616e-10,7.388970429006876e-07,4
133,01:12:00,5.187214991957062e-11,8.733190553508122e-12,3.2742744079632097e-12,4.733321987151832e-13,1.3618552007139193e-12,2.872919613085015e-10,7.260398534876677e-07,4
134,01:12:30,4.603727946528184e-11,1.2845338534804156e-11,4.713007109829357e-12,3.902611732841506e-13,1.0758928396545224e-12,2.2975135142622323e-10,7.462872938425409e-07,4
135,01:13:00,3.3404955604028344e-11,1.228737576851327e-11,4.028177475207162e-12,4.3234813180669503e-13,1.401939822573306e-12,6.7350649329631e-10,5.760676396997689e-07,4
136,01:13:30,3.87696416500262e-11,1.2379170486152279e-11,3.4893932782872584e-12,4.341929680329324e-13,9.30126998941264e-13,2.721655849688031e-10,5.230212982427574e-07,4
137,01:14:00,5.1294986199360177e-11,1.1590865708397968e-11,4.3891429307139965e-12,4.841631684887661e-13,1.3744770370686787e-12,8.368987628593058e-10,5.190298092073511e-07,4
138,01:14:30,2.5473360642333907e-11,8.718069900884371e-12,4.02244273762029e-12,4.962025306007916e-13,1.8836252329236958e-12,5.396686379086368e-10,5.872616419505098e-07,4
139,01:15:00,1.8032198677185797e-11,1.1563691374965506e-11,5.020569840002867e-12,5.537424006634687e-13,1.4915428862734347e-12,2.877759124929583e-10,5.934286857185982e-07,4
140,01:15:30,3.05486604524797e-11,1.5246741572568534e-11,5.779246714364605e-12,4.320668501353761e-13,1.1889823022982149e-12,2.436606234230531e-10,6.595495359338767e-07,4
141,01:16:00,2.526064193177973e-11,1.0337466549215561e-11,3.495530838577662e-12,4.227866040789715e-13,1.3822822409713522e-12,4.4963862404484833e-10,5.60475874862585e-07,4
142,01:16:30,3.2450179921261636e-11,1.292190605724171e-11,4.199825788816284e-12,4.592220468278108e-13,1.1517668175961768e-12,1.3076869194605482e-09,5.60560511765935e-07,4
143,01:17:00,2.1587581151152445e-11,1.0711294046004364e-11,3.5924477482568385e-12,4.675061305356499e-13,1.169499947823152e-12,6.414844203738812e-10,6.114390490362956e-07,4
144,01:17:30,2.6694429568392736e-11,8.643076899511237e-12,4.298956903391336e-12,3.19368347009056e-13,9.037878573727914e-13,2.0926427206800099e-10,7.530684461256762e-07,4
145,01:18:00,1.686482209874733e-11,1.1530811544604971e-11,3.859791884160068e-12,3.960856099493686e-13,1.0551547422608858e-12,4.0526883827656463e-10,5.874331198052049e-07,4
146,01:18:30,2.3440082563795543e-11,1.3649372280880412e-11,4.98114262466137e-12,5.103570346013087e-13,1.5512942410282393e-12,5.3629097929389e-10,7.360247259866218e-07,4
147,01:19:00,1.853906889457784e-11,1.0841071187877273e-11,3.550717922348706e-12,4.4207857662969157e-13,1.3213602968209942e-12,3.367245505253845e-10,6.003042087076121e-07,4
148,01:19:30,1.577341124005614e-11,8.58903715169757e-12,3.7700662557583845e-12,3.933137172903727e-13,1.2791895333759358e-12,3.2256810863492406e-10,5.848299608841001e-07,4
149,01:20:00,1.313966769552142e-11,7.448152249198047e-12,3.3342514898569036e-12,3.3638584054858996e-13,6.94519036544446e-13,2.0346016059751681e-10,6.663791909715611e-07,4
150,01:20:30,2.0755243638721797e-11,9.629369400341186e-12,4.11430342146689e-12,4.5164477366376935e-13,1.4096878989654832e-12,8.059256664552038e-10,5.887135607888016e-07,4
151,01:21:00,3.1772782295460786e-11,1.1590792520660355e-11,6.296739428176355e-12,4.787792283238133e-13,1.038929265419935e-12,4.64967941676938e-10,1.3080646226081021e-06,4
152,01:21:30,1.676445413913651e-11,8.546539752756988e-12,2.8968543615871753e-12,4.2745600961753047e-13,9.692949619018816e-13,2.421242059735894e-10,7.941581580530016e-07,4
153,01:22:00,2.102623375413923e-11,1.0948187112674157e-11,4.392594864790776e-12,4.412755504016742e-13,1.0694132449079616e-12,1.3264028369047566e-10,6.867795769369407e-07,4
154,01:22:30,4.14962332440626e-11,1.1135839817179112e-11,4.037532781305218e-12,4.425754373281319e-13,1.1648486540112893e-12,2.999935186522779e-10,6.179583408291086e-07,4
155,01:23:00,1.9924616611130365e-11,7.278363794871666e-12,3.537001052348281e-12,4.388835446301535e-13,1.4598161636519412e-12,3.1166050014557137e-10,7.19693415591433e-07,4
156,01:23:30,2.0012531515985357e-11,1.2711440041916216e-11,4.211739351516892e-12,4.0987233473639925e-13,1.2753249805353569e-12,6.18780594828543e-10,5.954624587041477e-07,4
157,01:24:00,1.9333650119218194e-11,1.2562069301714227e-11,3.514427351569745e-12,4.309976903466534e-13,1.2370019606769384e-12,2.601454748121311e-09,6.235326925019263e-07,4
158,01:24:30,1.294994708052816e-11,9.263856536400565e-12,3.722190371091322e-12,3.840168633144964e-13,7.951868701359514e-13,6.028277423628666e-10,9.534787219583957e-07,4
159,01:25:00,6.888188982714439e-12,1.276913953459147e-11,3.3933222459520754e-12,7.203881412031117e-13,1.3156702722999168e-12,3.001124289134947e-10,2.18471415294644e-06,1
160,01:25:30,3.329076608230135e-11,7.387833579928622e-12,2.4697578599187624e-12,4.663445796353503e-13,1.127317593195682e-12,1.164915566546042e-10,1.4045975243934057e-06,4
161,01:26:00,2.93143929393608e-11,8.671715196527551e-12,3.5617952957623623e-12,3.794239957453263e-13,1.102549163879164e-12,1.0641803506209215e-10,6.411719402766068e-07,4
162,01:26:30,2.700242705017506e-11,1.0515355810972579e-11,8.077460367401914e-12,6.248242572270043e-13,2.0077633844423413e-12,3.5546227403602525e-10,9.53961794796687e-07,4
163,01:27:00,5.6132404683588135e-11,9.240744454076692e-12,3.240694863880969e-12,5.284975972520583e-13,1.3272003327889393e-12,3.5262622748093576e-10,7.794721807793399e-07,4
164,01:27:30,1.4428418409258979e-11,7.510817684796427e-12,2.8090750597434723e-12,4.120403580042144e-13,9.780439913230444e-13,3.8463003967277016e-10,5.224485304975392e-07,4
165,01:28:00,1.8539125970735336e-11,5.754001695276264e-12,2.853321771546152e-12,3.346003766684546e-13,6.439289960105387e-13,9.480668181217757e-10,7.789019326390419e-07,4
166,01:28:30,2.1595646776528895e-11,8.02240514820998e-12,2.533171271724017e-12,4.054242303328211e-13,9.369711880780115e-13,3.39450144632652e-10,1.0192355374341825e-06,4
167,01:29:00,2.1484410730943763e-11,6.745984371609324e-12,3.412694378619218e-12,4.192954204180344e-13,1.1396742518324764e-12,1.1210778122329017e-10,5.784168151249149e-07,4
168,01:29:30,4.507600428614228e-11,8.397392422754642e-12,3.821805765465817e-12,3.947182221765754e-13,1.2934938012744504e-12,1.6745653108561617e-10,6.29757046714938e-07,4
169,01:30:00,2.6944883617873287e-11,6.5738395455174585e-12,3.728597809600299e-12,3.9952757589154644e-13,1.126644515532797e-12,1.7133827141055452e-10,5.485865239363438e-07,4
170,01:30:30,2.509806895958202e-11,7.488434425311219e-12,4.221599602044965e-12,4.761395325985452e-13,1.4916053743115017e-12,3.581118265923553e-10,5.949627253229272e-07,4
171,01:31:00,4.065766530603004e-11,6.439663023393703e-12,3.6137057676504743e-12,3.783776411632176e-13,1.0702619888588902e-12,1.209876911978946e-10,5.755567340742784e-07,4
172,01:31:30,2.5744024562353385e-11,9.057217817196523e-12,3.326411345418284e-12,3.702803404566182e-13,9.20473785732447e-13,3.9842427577490536e-10,7.353412134586314e-07,4
173,01:32:00,3.20963936998059e-11,4.441158884688631e-12,2.954355062545159e-12,2.791060551845328e-13,7.282771854374615e-13,1.6552634592821726e-10,5.544885387197808e-07,4
174,01:32:30,4.5601534508743325e-11,1.0699173124271727e-11,6.664567744506435e-12,5.458037948216796e-13,2.3012085253098337e-12,1.8680079323173375e-10,7.175832143200194e-07,4
175,01:33:00,3.748141012500654e-11,9.24690450422673e-12,3.614456515038663e-12,4.3803977188532657e-13,1.359181545662012e-12,1.345937678237486e-10,5.766823535493729e-07,4
176,01:33:30,2.0087023899346007e-11,6.71004734685638e-12,3.4229073663248566e-12,4.732060039578828e-13,1.1520469154015084e-12,1.9152940910170832e-10,4.73343847129339e-07,4
177,01:34:00,5.919441504056061e-11,6.3912997342316086e-12,4.030236088581494e-12,4.0292694914782604e-13,1.0655293038336505e-12,2.640287782602313e-10,6.210925255746687e-07,4
178,01:34:30,3.274921758850738e-11,1.1299058852584264e-11,4.0266155470706755e-12,6.023151827461215e-13,1.7045538555974852e-12,3.4806198413524335e-10,4.907839981393462e-07,4
179,01:35:00,2.3896549463846648e-11,6.294474905538058e-12,3.4778775074345595e-12,3.8145740973199593e-13,1.124713995042843e-12,1.5156143731447974e-10,6.680953267215411e-07,4
180,01:35:30,5.562966815463839e-11,6.9744837543562624e-12,3.4554911041973043e-12,5.386298127775606e-13,1.903574300091278e-12,8.035390421980522e-10,7.987640077900323e-07,4
181,01:36:00,2.6620890812246226e-11,7.064443748839128e-12,4.279779634425395e-12,4.428068657788612e-13,1.6235010104725249e-12,1.861802583889701e-10,6.450996772050287e-07,4
182,01:36:30,2.1217448611258845e-11,5.9703344081508905e-12,3.764218714044026e-12,3.784090292701223e-13,1.143419957721348e-12,1.2929748250954813e-10,6.278641015811266e-07,4
183,01:37:00,4.375096137757018e-11,8.325812930582804e-12,3.0810308247557696e-12,3.8796085084595053e-13,1.1932959251048654e-12,2.4781998795276405e-10,7.121714449993853e-07,4
184,01:37:30,5.549506139462168e-11,8.695327756991468e-12,4.513601861974825e-12,3.904018078490021e-13,1.187214763715685e-12,2.2387106901169958e-10,5.701194778542825e-07,4
185,01:38:00,2.831005090701937e-11,1.4872711024448613e-11,3.7419027838117745e-12,6.386603233431924e-13,1.9590710704919487e-12,1.3034415354996719e-10,5.366852882308082e-07,4
186,01:38:30,3.0896732142675594e-11,6.5221267488825e-12,2.74624614784538e-12,7.154843913341839e-13,1.654349148710756e-12,1.4787840566196725e-10,5.956169663138817e-07,4
187,01:39:00,4.205829697395479e-11,6.309054567375196e-12,3.4723661965188483e-12,3.597080615674413e-13,8.663852233763467e-13,1.8031562150983577e-10,6.028406846279199e-07,4
188,01:39:30,4.22649429787167e-11,7.240895292774532e-12,3.628002154729265e-12,7.783815161454262e-13,1.6277419308320026e-12,1.2337616835371905e-10,6.587251041819064e-07,2
189,01:40:00,2.7465520770323392e-11,4.562060825997434e-12,3.1950456655564135e-12,4.221087947332461e-13,1.356222863847544e-12,1.726318843851148e-10,7.423176675798097e-07,2
190,01:40:30,3.545821506832625e-11,5.905951065244529e-12,2.880092504819435e-12,6.098369796186208e-13,1.838164676243691e-12,1.3502723317715582e-10,7.148051393068468e-07,2
191,01:41:00,4.245530818168762e-11,7.568736945485569e-12,3.4922257707964627e-12,3.763637780081247e-13,1.2228228001301903e-12,1.9953032760968453e-10,6.381158786731089e-07,2
192,01:41:30,3.4281498574925276e-11,4.589857449633558e-12,2.851439237423478e-12,3.5792482773236135e-13,1.4890004361105927e-12,1.2535191519747866e-10,6.763906261444257e-07,2
193,01:42:00,6.452234161883806e-11,5.900427971900206e-12,3.552439200230142e-12,4.555531541580752e-13,1.2480545977284301e-12,1.8535693278398018e-10,9.755900295556017e-07,2
194,01:42:30,6.108629058766541e-11,6.075870910760498e-12,3.0647602899493284e-12,3.5549103648315615e-13,1.1622185508781589e-12,1.766070377628151e-10,7.174663664272391e-07,2
195,01:43:00,4.3418986952360575e-11,5.9131174431342154e-12,2.500201286758472e-12,3.6960413810149013e-13,1.0794401438313387e-12,1.4069964121199596e-10,6.701583390586931e-07,2
196,01:43:30,5.104210562549456e-11,6.784897447490206e-12,2.0571977043633955e-12,6.206499489839639e-13,2.287785248339497e-12,1.5471466127589257e-10,6.744978166718545e-07,2
197,01:44:00,4.3479543816564385e-11,6.167839128512711e-12,3.223591282845943e-12,7.488823572272115e-13,2.4733941819479013e-12,1.3722237972476984e-10,6.428748466465546e-07,2
198,01:44:30,5.5794082013386645e-11,5.512808860667665e-12,3.645131883182327e-12,4.034145658099244e-13,1.305555323787191e-12,1.8322921713668405e-10,8.221675862617877e-07,2
199,01:45:00,5.000243820651676e-11,5.161850530235654e-12,2.5404443687218083e-12,4.3073645492892614e-13,1.5664793867370865e-12,1.2823769941508077e-10,6.609530219203984e-07,2
200,01:45:30,3.672521724127938e-11,4.494423419383149e-12,2.6851312899984266e-12,4.4480118886740025e-13,2.139655320946321e-12,2.212910928774427e-10,6.773010469294769e-07,2
201,01:46:00,4.554221172473157e-11,5.196888284187807e-12,1.941710381751404e-12,4.0451015913748597e-13,1.3261814647646456e-12,1.7138717495007036e-10,6.538088090686815e-07,2
202,01:46:30,4.2713093509234896e-11,5.660880346247514e-12,3.4733373772943493e-12,4.678815451042779e-13,1.927648715033506e-12,1.528671235289491e-10,6.620914325835783e-07,2
203,01:47:00,5.962506786042082e-11,7.393401270899497e-12,3.9725222081938215e-12,3.5233668264836775e-13,1.3677014857261008e-12,2.410308134987881e-10,6.468872338511442e-07,2
204,01:47:30,7.095750190243777e-11,5.1549520411900155e-12,2.7924797714455485e-12,3.09574474372197e-13,8.537894215264142e-13,2.4055112949625097e-10,6.503079871442468e-07,3
205,01:48:00,6.842992331754627e-11,5.961878572129217e-12,2.1375298167574348e-12,4.921161758074572e-13,1.5663538452299623e-12,2.0151024640872026e-10,6.378571445379453e-07,3
206,01:48:30,6.62112683137175e-11,7.871354098306626e-12,2.4992017954859994e-12,3.5873663291375815e-13,1.2568285030466677e-12,1.9315973100769086e-10,6.719249712554694e-07,2
207,01:49:00,5.097616573421429e-11,5.261212188759811e-12,2.042318307906667e-12,3.6339356143067465e-13,1.4029297803445254e-12,1.5031481956738088e-10,8.937916119402404e-07,2
208,01:49:30,6.579515931440014e-11,5.521370829717487e-12,2.635670043068106e-12,4.478349057331697e-13,1.8452519050206195e-12,2.5122932950889127e-10,6.340719910820487e-07,3
209,01:50:00,8.233486705847422e-11,5.0933203501509905e-12,2.6587820721029567e-12,3.696566831914839e-13,1.0136727497625839e-12,2.830691248371908e-10,6.365226563184584e-07,3
210,01:50:30,5.859900088135085e-11,5.722745922250236e-12,2.0676709414545283e-12,3.856912088812477e-13,9.408888331828624e-13,2.2837471226591738e-10,6.152099001018451e-07,3
211,01:51:00,7.759236818434777e-11,7.845430336488713e-12,2.3043132791193237e-12,3.380397282845451e-13,1.1637729435901515e-12,2.3626810646845826e-10,6.840047636001301e-07,3
212,01:51:30,7.711975711916886e-11,8.528568396033772e-12,2.9337902897727994e-12,3.2054838889995907e-13,5.545547744681744e-13,2.610772074607981e-10,8.809262397278388e-07,3
213,01:52:00,1.0849792163471359e-10,1.8669950432223964e-11,6.598332983581824e-12,2.7913629668742434e-12,5.248732346784634e-12,9.087005037366492e-10,3.07983570494378e-06,0
214,01:52:30,6.843830416907324e-11,5.51126713373248e-12,3.226928390053936e-12,5.986412250092492e-13,9.99400751525046e-13,4.872660408584063e-10,3.126465450147873e-06,1
215,01:53:00,3.7979951328665274e-11,5.187137703552583e-12,3.053504552748241e-12,4.150185298297314e-13,9.213964775059258e-13,2.252487141160342e-10,3.018525841552241e-06,2
216,01:53:30,2.055963737369017e-11,3.92025131173549e-12,1.7825146267345637e-12,5.726295575555332e-13,1.9884677183582036e-12,1.4582602742895776e-10,3.082328508881019e-06,2
217,01:54:00,6.141600965068189e-11,6.635770851594658e-12,3.4403986533544026e-12,5.621853930644604e-13,1.9263807971183473e-12,1.712955151309941e-10,3.0969859531283805e-06,2
218,01:54:30,5.0958325194126986e-11,6.736995327212066e-12,2.2073423749082592e-12,4.277480470574801e-13,1.5626067177901709e-12,1.62089233501182e-10,2.9547768063151496e-06,2
219,01:55:00,4.817517737364566e-11,5.116564953090483e-12,3.4319832878793386e-12,3.8900855961289076e-13,1.2191583565153011e-12,1.5100388068052703e-10,3.059275312925427e-06,2
220,01:55:30,4.599127675666862e-11,4.197634667818242e-12,2.07208033858121e-12,3.5649302362146757e-13,9.136010974172122e-13,1.7526786510134605e-10,2.8852797588654442e-06,2
221,01:56:00,5.090680535537573e-11,5.8240440049222875e-12,2.418379690322566e-12,4.0319473987656874e-13,1.6860703108862396e-12,2.571384006032312e-10,2.8303745943382503e-06,2
222,01:56:30,6.707641413910045e-11,6.9306855716319884e-12,2.770503257851829e-12,4.321243584883913e-13,1.910460157718223e-12,2.1865064378169726e-10,3.0239993165450854e-06,3
223,01:57:00,8.368335768133799e-11,5.655847692569182e-12,2.116128035554521e-12,2.6039257593938434e-13,8.049374270484117e-13,2.2884117637583526e-10,3.0770714799039414e-06,2
224,01:57:30,7.769420344449447e-11,6.806696453133883e-12,2.8625092061081735e-12,5.666428496092227e-13,1.9465626873254112e-12,3.031007452885065e-10,3.103255114906444e-06,3
225,01:58:00,1.0731554063855517e-10,7.151363927534614e-12,4.695815849125178e-12,4.336766817372443e-13,1.791193661212902e-12,2.9698773996517e-10,3.091157085488286e-06,3
226,01:58:30,4.739219878283102e-11,6.083191848174944e-12,2.3888851929884124e-12,3.372991217399581e-13,1.2965986728010453e-12,3.326746508460857e-10,3.117342216336805e-06,2
227,01:59:00,1.1363343915886766e-10,5.630519070033607e-12,2.4186857708402554e-12,2.639401315742038e-13,9.346474226537549e-13,4.540640658786579e-10,3.059315738183687e-06,3
228,01:59:30,1.0225991700824909e-10,8.332336160076792e-12,2.528768271333018e-12,3.097395140614843e-13,8.549703547699839e-13,4.229996750278504e-10,3.044875402372877e-06,3
229,02:00:00,4.424780251789821e-11,6.890261229054207e-12,2.388173615414971e-12,2.9673659961336154e-13,1.0432731615019057e-12,1.9027053486822898e-10,2.6847388598327485e-06,2
230,02:00:30,7.523844950035008e-11,5.0819136845524584e-12,2.8633344896686566e-12,4.281982366441812e-13,1.89966880846384e-12,2.518774940744416e-10,2.8386233715288704e-06,3
231,02:01:00,7.11148603036522e-11,5.156292734249463e-12,2.595509373612896e-12,2.8508393765940154e-13,9.294237807869597e-13,3.0237237791710593e-10,2.7880787997697263e-06,2
232,02:01:30,1.0457424426078567e-10,5.330157588297442e-12,2.7607647056701845e-12,3.3196042905099535e-13,1.4978047503001303e-12,4.3485571478401484e-10,2.7269411769870907e-06,3
233,02:02:00,7.572186621964508e-11,4.356114100517254e-12,2.618741047920899e-12,3.6072998903813655e-13,1.2856584121892813e-12,2.916102448244627e-10,2.791318377164678e-06,3
234,02:02:30,8.117505992385703e-11,7.664321328936084e-12,2.8868307093829505e-12,2.854545530081955e-13,7.746073840610706e-13,2.6383950443007836e-10,2.849392593404711e-06,3
235,02:03:00,1.0716580814177014e-10,6.140290083384952e-12,2.444972267390722e-12,3.8946428989706717e-13,1.3963058940640471e-12,2.5102753135369045e-10,2.8337961490779755e-06,3
236,02:03:30,1.0082385651250906e-10,6.238121670387184e-12,3.0450998334881328e-12,3.8207744491640556e-13,1.7825729692875338e-12,3.47364513788792e-10,2.879575978453853e-06,3
237,02:04:00,6.834177470667824e-11,5.680874928123407e-12,2.871953193500578e-12,3.459341627984026e-13,1.6569777407846251e-12,3.5630094488509466e-10,2.856071500592296e-06,3
238,02:04:30,1.0096260834322144e-10,6.877465025642733e-12,2.718668048290145e-12,3.1409203385378563e-13,9.972361139075426e-13,4.754623021280141e-10,2.7157394092460764e-06,3
239,02:05:00,1.2028888096282123e-10,4.738252809693706e-12,2.6616176413125938e-12,3.2750897691232227e-13,9.023942781570945e-13,4.5857047250724205e-10,2.8274624360820277e-06,3
240,02:05:30,9.51015329588802e-11,5.921074395482542e-12,3.323486237270161e-12,5.234082083733522e-13,1.7661067351840122e-12,4.898181558607834e-10,2.6656665392284177e-06,3
241,02:06:00,9.865438686185524e-11,4.9508022899197565e-12,2.349639980175799e-12,3.7312125050454523e-13,1.4621631577972285e-12,4.1026991521719013e-10,2.660369908872907e-06,3
242,02:06:30,8.845052393117778e-11,5.8970652341463744e-12,2.851782537094142e-12,3.4964115242485626e-13,1.2150389886361116e-12,4.5037745481173755e-10,2.878453031205625e-06,3
243,02:07:00,9.350283844636714e-11,5.724162972259454e-12,2.8100355716354048e-12,3.6324434526719804e-13,1.1487783629913244e-12,3.9238464187730386e-10,2.777104315957111e-06,3
244,02:07:30,9.970407201400553e-11,4.016864741193582e-12,2.4668616211617915e-12,2.540694667029056e-13,6.702949865083524e-13,3.837146000655133e-10,2.655859616153356e-06,2
245,02:08:00,1.5532896656668e-10,7.322576808414734e-12,3.0520533571477376e-12,3.3478493359134e-13,1.2373548341034311e-12,3.9375486749899883e-10,2.799451429252344e-06,3
246,02:08:30,8.023027050487613e-11,6.045318334428493e-12,2.3655705688287656e-12,3.060602936459474e-13,1.0854020968179996e-12,5.520259145284543e-10,2.799112353920585e-06,3
247,02:09:00,1.127931763686263e-10,5.502995988530354e-12,1.72882203203949e-12,2.8804524138493467e-13,8.162893795470206e-13,2.865463282524237e-10,2.7388171453466916e-06,3
248,02:09:30,1.0796283358393795e-10,5.052016932475133e-12,1.6657571581414861e-12,3.7393646886928703e-13,1.4618185162330864e-12,3.764978097096115e-10,2.6871595655658494e-06,3
249,02:10:00,7.838411681181916e-11,6.002935016736155e-12,3.0431140253471843e-12,3.408581427777221e-13,1.1895645285309923e-12,3.887581983171423e-10,2.451780093986335e-06,3
250,02:10:30,1.2021251412485956e-10,5.4791582857897395e-12,2.9787769879041398e-12,3.9975594698060415e-13,1.6071230690417476e-12,4.265688666556561e-10,2.2950030839213503e-06,3
251,02:11:00,1.3939013671476912e-10,5.6214357896196094e-12,2.5804151045132416e-12,2.8125086306104967e-13,8.628088173923549e-13,4.748054145909853e-10,2.1213954274705685e-06,3
252,02:11:30,1.2884477630526838e-10,6.080661289348086e-12,2.664886951962977e-12,2.846360594128658e-13,1.0424908756043657e-12,4.87517297016517e-10,1.926833178827221e-06,3
253,02:12:00,1.446565043844765e-10,3.866523888673526e-12,2.4073701238064092e-12,3.98154595495877e-13,1.5037673347669377e-12,5.70219631998318e-10,1.9041827771245882e-06,3
254,02:12:30,1.5297966189917446e-10,1.4453329598738308e-11,3.350253870465564e-12,5.951985358388474e-13,1.1106498045296166e-12,8.492170709964092e-10,2.5911608196802493e-06,3
255,02:13:00,6.805780894850185e-11,9.134893837468452e-12,3.2260845867139552e-12,4.736377241139086e-13,8.052550651503745e-13,3.8845688981354984e-10,2.0140093154916015e-06,2
256,02:13:30,5.461203961433815e-11,8.979624131219286e-12,4.48881866482302e-12,5.282526642606513e-13,1.2731450726885909e-12,2.858324007908571e-10,1.725717845366381e-06,2
257,02:14:00,6.784448530028296e-11,9.183271305402802e-12,4.340074899404503e-12,4.389856019232263e-13,1.0583306402504425e-12,2.7267350832921027e-10,1.9450095370209566e-06,2
258,02:14:30,6.720229111271854e-11,1.0318065540595578e-11,4.109510810581213e-12,4.834465269540189e-13,1.3943546488472457e-12,3.319477310778652e-10,2.6330245277970357e-06,2
259,02:15:00,6.826206539128304e-11,5.847467004508529e-12,2.728458952356975e-12,2.92821524715462e-13,7.114564814253967e-13,2.0355911652645845e-10,2.151332548135169e-06,2
260,02:15:30,4.402214562053535e-11,5.594876742884542e-12,3.2242777333375787e-12,3.4053023009348164e-13,6.168318377327694e-13,1.8226207310934294e-10,2.1355282912376194e-06,2
261,02:16:00,5.459101469150493e-11,7.707413240176092e-12,7.451915821127015e-12,5.855018901813852e-13,1.9931346952449946e-12,2.5873168657366873e-10,2.739168636615298e-06,2
262,02:16:30,6.117376281534731e-11,4.10500205199521e-12,2.5556396236849936e-12,4.582518474569936e-13,9.992046028928827e-13,1.3252972702946268e-10,2.6543880543520333e-06,2
263,02:17:00,9.040380283231997e-11,1.1752420358590882e-11,5.480696310282819e-12,7.86955633294363e-13,1.7070013670251461e-12,3.780670376814706e-10,3.064261183663881e-06,2
264,02:17:30,3.539888089219333e-11,6.263266423547788e-12,2.41405173069426e-12,2.780142222563993e-13,4.447607116983012e-13,1.2854647631098258e-10,2.8566267281409254e-06,2
265,02:18:00,3.2983855113122094e-11,4.5131809772432566e-12,1.990309405720519e-12,2.634625940350353e-13,6.634385631078409e-13,1.4809592012436617e-10,2.6577280343819338e-06,2
266,02:18:30,6.744551605852663e-11,6.559396718757217e-12,2.1800037267087574e-12,7.445507477607688e-13,1.954577491281321e-12,1.7084815145555544e-10,2.7333841868629635e-06,2
267,02:19:00,4.0399756893833946e-11,6.22803997292257e-12,2.457430502125765e-12,2.8955847141827797e-13,5.906362230593778e-13,1.7459610311425968e-10,2.879544382991198e-06,2
268,02:19:30,4.886218562731802e-11,5.0762356219349615e-12,2.6337698926306567e-12,5.182834424702556e-13,2.3572091587435327e-12,1.6114176223494917e-10,2.87319596263649e-06,2
269,02:20:00,3.772706646928906e-11,5.845589026746219e-12,1.821662692543711e-12,4.4546584800858176e-13,1.6503885395556046e-12,1.6954507892022332e-10,2.9912003862260762e-06,2
270,02:20:30,7.09538677435909e-11,6.421310504030579e-12,2.7241580295872553e-12,6.960807573218222e-13,3.906599485601513e-12,1.5940746278754873e-10,2.9425922946480312e-06,2
271,02:21:00,2.98247920346757e-11,5.813136469040398e-12,2.311576596836452e-12,3.5143419958970155e-13,1.2366731066727004e-12,1.3815463757891697e-10,2.8818265606069985e-06,2
272,02:21:30,4.7974872388596067e-11,6.867476970942879e-12,2.6292512805191117e-12,3.5863671841740715e-13,1.3937850916362614e-12,2.2125007038634886e-10,2.911557018241084e-06,2
273,02:22:00,6.737609977111157e-11,7.906016331528533e-12,2.1848672913761165e-12,3.9135651269610786e-13,1.3015204047316804e-12,2.568588883006433e-10,2.9356470125444937e-06,2
274,02:22:30,6.139664015367319e-11,5.413993002601366e-12,2.8586740591649236e-12,2.8621725379105437e-13,7.264117111341153e-13,2.631742254131196e-10,2.7409507905575485e-06,2
275,02:23:00,7.976390929086487e-11,6.353138099737266e-12,2.639254295162896e-12,3.165257542937181e-13,1.1108295672499627e-12,3.9821448677720374e-10,2.470648743110547e-06,3
276,02:23:30,7.305718000772115e-11,5.266837554231994e-12,3.116535027324744e-12,4.257867464779083e-13,1.8289011133555183e-12,3.413138113429062e-10,2.7966299054466184e-06,3
277,02:24:00,7.745460797976928e-11,6.4595747465112176e-12,1.943092136124091e-12,3.1371053027534914e-13,8.914466266039418e-13,3.138653558998095e-10,2.6305995052414527e-06,3
278,02:24:30,9.074110226191767e-11,8.475764852015638e-12,2.5384195938354403e-12,3.639694516730564e-13,1.3319127754050888e-12,2.7413348130521926e-10,2.6132680115784826e-06,3
279,02:25:00,9.189658857195459e-11,5.235557219629477e-12,2.7349110930507357e-12,4.51849810465296e-13,1.866891212541739e-12,3.263996546532953e-10,2.6453024171855045e-06,3
280,02:25:30,7.542936363516559e-11,6.236325033122732e-12,1.7481712785864289e-12,3.44140888135838e-13,1.100216767390193e-12,3.172618772120066e-10,2.54828084482516e-06,3
281,02:26:00,5.965202956174234e-11,7.811714648374496e-12,2.9236056969410225e-12,4.3774009886299064e-13,2.0624084085658448e-12,2.4881230879287103e-10,2.546411407377687e-06,3
282,02:26:30,7.130112325397249e-11,7.262123005907186e-12,3.20953102925211e-12,3.1535706057555855e-13,1.0318905119283916e-12,5.248744714259639e-10,2.554043528604718e-06,3
283,02:27:00,7.325082978837501e-11,5.8814639567151485e-12,2.1862701938840283e-12,2.849576711126104e-13,9.994618672241211e-13,3.3073623897677716e-10,2.54246052275241e-06,3
284,02:27:30,6.251486991039552e-11,5.4979670454583234e-12,2.698987680403822e-12,3.250575241778535e-13,1.2030819653915252e-12,3.127493316947988e-10,2.2626875125579537e-06,3
285,02:28:00,1.183113332712857e-10,5.809679195644157e-12,1.821775580367952e-12,3.8614283492820054e-13,1.1851820311367766e-12,4.5995355754894125e-10,2.382341931062938e-06,3
286,02:28:30,7.74809101100586e-11,6.088529179964446e-12,2.355592330012574e-12,3.3447451867657224e-13,1.1045540214919655e-12,4.5136635349103315e-10,2.4671294945788434e-06,3
287,02:29:00,1.0031769388495092e-10,6.652819112033931e-12,1.789339330803389e-12,2.648725647505055e-13,5.576323895005973e-13,3.1835841568156425e-10,2.382937378753191e-06,3
288,02:29:30,6.609591548072108e-11,5.760570385782144e-12,2.652090357823717e-12,3.592903943059226e-13,1.3782959095151337e-12,4.5778853195330093e-10,2.461772190328689e-06,2
289,02:30:00,7.78435843252663e-11,7.044854998657736e-12,1.982131855660299e-12,2.8211723199231946e-13,8.129070794685665e-13,3.1235786977237935e-10,2.4341944284363037e-06,3
290,02:30:30,1.2245817008818823e-10,1.1854276546066441e-11,3.233828712851897e-12,5.79246921182431e-13,1.1980518444973211e-12,4.634200801557556e-10,2.79516904732552e-06,3
291,02:31:00,9.875478395313159e-11,1.094094052946473e-11,3.395411242772442e-12,6.868694821992697e-13,1.3733725103468199e-12,5.102309936801395e-10,2.5319340399294333e-06,1
292,02:31:30,1.0126569760630361e-10,1.2901734439541262e-11,5.592239538633932e-12,6.105274434999302e-13,2.25323479267158e-12,4.216079966274947e-10,3.058959423784039e-06,1
293,02:32:00,1.0537459482649077e-10,9.461043710960872e-12,6.1778207522175295e-12,2.0079846919247074e-12,2.6791079502492062e-12,3.9319836666573775e-09,3.3070627910939752e-06,0
294,02:32:30,3.0903911640725295e-11,8.172193473017204e-12,7.0604391846080874e-12,2.7637198775109865e-12,2.6780400451000343e-12,1.0045381844919066e-09,3.3252332688263483e-06,0
295,02:33:00,1.1464500304768646e-11,1.053404009534437e-11,3.963674229763582e-12,9.6418283199689e-13,1.421739319411116e-12,3.6212555710949623e-10,3.350298297216612e-06,0
296,02:33:30,5.1260659008275915e-11,8.212472300012463e-12,2.914123557255669e-12,6.112488663383538e-13,1.2899602964264041e-12,5.553145540507929e-10,3.3370195411594667e-06,1
297,02:34:00,2.3927369859638774e-11,8.05447148037894e-12,3.589164752329115e-12,5.817128530960287e-13,1.1276195544750723e-12,5.656327681501079e-10,3.280127085464668e-06,1
298,02:34:30,6.51058435916528e-11,8.664075736365189e-12,4.88828877304272e-12,4.561600543707119e-13,1.0633982811789862e-12,4.0543375757404115e-10,2.9322220647294894e-06,1
299,02:35:00,6.489735218897331e-11,8.520417348367075e-12,4.674888814065424e-12,4.90893049641168e-13,1.3879983941754978e-12,3.187860659916405e-10,3.315599780729292e-06,2
300,02:35:30,5.3221227546683294e-11,5.3875007861429285e-12,3.1556718471633883e-12,4.233167949939963e-13,9.642811113310127e-13,2.289527505381484e-10,3.2662595910746016e-06,2
301,02:36:00,3.8118276372531394e-11,4.5531582620876175e-12,2.04020986472267e-12,2.9042410467992566e-13,8.463131865435075e-13,3.604933341202469e-10,3.308269802684909e-06,2
302,02:36:30,7.498764132036591e-11,8.485643208818088e-12,4.610867542121256e-12,4.5075152962242006e-13,1.4883386672314524e-12,2.522027935400436e-10,3.236339600948622e-06,2
303,02:37:00,6.621282815734688e-11,6.698052926497774e-12,1.905699877431881e-12,4.360381239127968e-13,1.0605905472992389e-12,2.209910574314704e-10,3.31563048117832e-06,2
304,02:37:30,2.824916482202274e-11,4.674877397061611e-12,2.4736563286366104e-12,2.5968138434359314e-13,7.154632292058355e-13,1.0351186755287912e-10,3.273347226189125e-06,2
305,02:38:00,3.617061827220728e-11,4.326310622160273e-12,2.460003890298977e-12,7.993185163772515e-13,3.5228759387642625e-12,1.287620734967515e-10,3.1024366798717654e-06,2
306,02:38:30,3.440652280175641e-11,5.2732903658399476e-12,2.0894104676083964e-12,3.9407445006006844e-13,1.275733059633917e-12,1.0293674760155105e-10,3.0867668416600264e-06,2
307,02:39:00,3.4632005630015103e-11,7.803458105957966e-12,3.045081824177501e-12,4.086309867406796e-13,1.1199070731541496e-12,1.5719383222988661e-10,3.1914956219742166e-06,2
308,02:39:30,4.9992539108454725e-11,6.645592527460852e-12,2.3622490877699733e-12,3.7198639357465624e-13,1.5450280758475407e-12,1.3189583529866619e-10,3.2071884850787834e-06,2
309,02:40:00,4.753795646362376e-11,8.294963764435126e-12,3.2888945315500025e-12,4.595456874809706e-13,1.4752092690180076e-12,1.8582566231685162e-10,3.269536239053941e-06,2
310,02:40:30,5.197755550500583e-11,6.25708541206282e-12,2.8320363841935988e-12,4.0872412922724655e-13,1.7429297445263078e-12,1.699384428487335e-10,3.2506684833256547e-06,2
311,02:41:00,4.367506890694267e-11,6.763228635459934e-12,2.2586686484326007e-12,3.3601102499721027e-13,9.757344886377598e-13,1.604045637239193e-10,3.227949712381614e-06,2
312,02:41:30,4.404597724878837e-11,5.2060877748969175e-12,3.3218242356053377e-12,2.7440966455163046e-13,7.447711657302906e-13,1.89381209750766e-10,3.197997685981766e-06,2
313,02:42:00,8.879808619398624e-11,5.4153345991401845e-12,2.261601696566246e-12,2.9744126243066765e-13,8.256838197454411e-13,2.7361083844129127e-10,3.0825370420055375e-06,3
314,02:42:30,6.301014740266276e-11,6.301112723284289e-12,2.9076576088167517e-12,4.819147573842866e-13,2.0260526666932497e-12,2.3505808460170914e-10,3.2245050272878425e-06,2
315,02:43:00,3.673141280116145e-11,5.49634854250185e-12,1.7587466095460302e-12,2.772461675822252e-13,9.32533958358271e-13,3.396876907907344e-10,3.136467288689752e-06,2
316,02:43:30,5.416594887442779e-11,6.4584925410804066e-12,3.717137353660632e-12,3.475341401510171e-13,1.055207163613336e-12,2.937409499819384e-10,3.2299093866109307e-06,2
317,02:44:00,5.2751189755826126e-11,5.6029184810348085e-12,2.4203346124025376e-12,4.663674962331759e-13,2.280922206927213e-12,2.558597527571683e-10,3.191458801660735e-06,3
318,02:44:30,7.95434229549533e-11,3.788285064610012e-12,2.440992213265907e-12,3.9561998897533734e-13,1.5926006563520781e-12,2.076709495361572e-10,3.213130151738208e-06,2
319,02:45:00,6.912737381134114e-11,4.9918183571415865e-12,3.4799562286172126e-12,3.418300517865323e-13,1.3570988865462209e-12,3.710488806999542e-10,3.0501106042979127e-06,3
320,02:45:30,7.667918638617009e-11,5.98006985827357e-12,2.769840997551993e-12,3.720449067545984e-13,1.3314784971779282e-12,3.186975940020066e-10,3.0899172174620433e-06,3
321,02:46:00,1.2282636084377023e-10,6.055636481336838e-12,3.1783882818616643e-12,3.4149852815779265e-13,1.0557256461684185e-12,4.263526358194088e-10,3.1297450517154874e-06,3
322,02:46:30,7.596146593695381e-11,5.523874828738584e-12,1.9200091875775223e-12,2.4398763032017967e-13,6.207849250811211e-13,2.7169706889390156e-10,3.137699272766132e-06,3
323,02:47:00,5.672870210035568e-11,4.979644744498598e-12,1.9838257757686616e-12,3.7773988897856934e-13,1.3894227614405678e-12,1.9743784168975826e-10,2.992330968849904e-06,3
324,02:47:30,8.24334287358977e-11,5.605507812548662e-12,2.675058921674816e-12,4.753192296674037e-13,2.0653915189708235e-12,4.1563174388319307e-10,3.0666651830111802e-06,3
325,02:48:00,6.446087251590915e-11,6.011571532485414e-12,2.577181986968774e-12,2.451795077261065e-13,8.301104369090202e-13,2.6108245244061583e-10,2.9842141473980563e-06,3
326,02:48:30,6.347364125283456e-11,6.346985389447776e-12,2.3419201057646664e-12,2.880361741083444e-13,1.0960309751994356e-12,2.53551244998649e-10,3.0121939847150804e-06,3
327,02:49:00,6.266000679203147e-11,6.5071492424168405e-12,3.778400314668596e-12,4.395889306406775e-13,1.699233698720492e-12,3.330233433716614e-10,2.9090773511447985e-06,3
328,02:49:30,7.065878108318096e-11,4.806412937936922e-12,2.6392618674424503e-12,4.2391549233653584e-13,2.1182881711375286e-12,3.0907349571814446e-10,3.0362778789698113e-06,3
329,02:50:00,1.1477324474845193e-10,6.539195197725218e-12,2.519622196004737e-12,3.439987978598087e-13,1.0627348268663545e-12,5.585242995953159e-10,2.98809153480515e-06,3
330,02:50:30,6.808509419846964e-11,5.373940571876743e-12,1.7649216881241085e-12,2.156145728569537e-13,6.132637474916933e-13,4.23987616321235e-10,2.941763136070863e-06,2
331,02:51:00,1.1298404662459772e-10,5.512330123978895e-12,2.0697830827549457e-12,2.85363804836165e-13,1.0481128854819759e-12,4.828075824268229e-10,2.948330961393019e-06,3
332,02:51:30,8.302561666818573e-11,1.024554733514377e-11,3.707825597881197e-12,2.313735382376875e-13,5.493715339772688e-13,6.811265435493374e-10,3.0734654731563545e-06,3
333,02:52:00,1.5497499433015594e-10,1.8881385631026865e-11,4.3011248896360414e-12,4.62241701643653e-13,1.370829510291214e-12,5.047787728255968e-10,3.3550988807175555e-06,3
334,02:52:30,1.0975222052969924e-10,9.988700988504134e-12,3.241967172344981e-12,4.135929569703419e-13,1.442486680326483e-12,3.013672037871825e-10,3.317648324304688e-06,3
335,02:53:00,4.5525225249127517e-11,4.739616017738102e-12,2.3927614998675005e-12,3.5818590200043677e-13,9.075155638252565e-13,2.366143457983771e-10,3.2734624416025078e-06,2
336,02:53:30,6.728786483560161e-11,7.161725124747988e-12,5.074493010607962e-12,3.477468314845939e-13,7.566280340955189e-13,2.3459816346744804e-10,3.325834398414645e-06,2
337,02:54:00,6.473887011783133e-11,1.3811356054547457e-11,6.529582012997655e-12,2.752934983826401e-12,4.3914567780799025e-12,7.264673991259619e-10,3.3296119143855784e-06,0
338,02:54:30,3.6789597188097766e-11,6.2321541833960894e-12,6.183874386242385e-12,5.083959161924682e-12,5.167696610426429e-12,7.190227438702191e-10,3.2629589383297637e-06,0
339,02:55:00,2.911890151706545e-11,5.931308519369245e-12,5.774867596088811e-12,1.8542036435202225e-12,1.8827466612312135e-12,1.6939760972060872e-09,3.2552014464186775e-06,0
340,02:55:30,3.4193961965789005e-11,1.3496298826098322e-11,3.5149779383294582e-12,7.390056141948407e-13,1.3107272156356153e-12,7.887511234093421e-10,3.295751700412588e-06,0
341,02:56:00,5.625637539493469e-11,7.811377128223341e-12,3.841906774567073e-12,5.821453437300276e-13,1.400166061443209e-12,6.131191167865617e-10,3.32342330996826e-06,1
342,02:56:30,9.147513183881759e-11,6.894347581424317e-12,3.5028073589159437e-12,4.856687474235024e-13,1.4375146065109806e-12,4.5492356477654137e-10,3.3177744828728334e-06,1
343,02:57:00,5.109265549646523e-11,7.1418931374319565e-12,5.030141482327713e-12,5.161084125952172e-13,1.2995438079281563e-12,2.887969116695028e-10,3.3258735723426033e-06,1
344,02:57:30,4.339359050351756e-11,5.2660615989917836e-12,3.117198753785083e-12,3.65682446533061e-13,1.123610849441332e-12,2.215092764311542e-10,3.322085197584234e-06,2
345,02:58:00,7.065727725802917e-11,7.510131659602462e-12,3.795935483059149e-12,3.313305990553603e-13,8.167342836517859e-13,2.7768091854473446e-10,3.127637045590642e-06,2
346,02:58:30,7.153558968227872e-11,5.278196952714679e-12,3.5676671213948725e-12,3.261935559634781e-13,5.850855617647314e-13,3.188056456134452e-10,3.007221355882718e-06,2
347,02:59:00,5.299640487218456e-11,5.036176803402679e-12,2.008708937907199e-12,3.9002568837842374e-13,7.93686412962082e-13,1.5962515434425936e-10,2.8949492449787965e-06,2
348,02:59:30,5.694676982375324e-11,5.2513677600095e-12,5.442815784161128e-12,3.305626582737241e-13,9.14746202961252e-13,2.306185296256341e-10,2.100378097430211e-06,2
349,03:00:00,4.70027241439225e-11,5.99822589651401e-12,2.387622282450405e-12,4.4736886652724295e-13,1.113657988101782e-12,1.3255625865765693e-10,2.2683617263185687e-06,2
350,03:00:30,5.7683969723461894e-11,4.617452244406231e-12,2.6977782488094985e-12,3.0551655531853034e-13,8.120872719734635e-13,1.9010368774756307e-10,1.6226261262984938e-06,2
351,03:01:00,7.170275551853685e-11,5.9096529612629894e-12,2.7010676833451095e-12,3.4773989973218264e-13,8.645216752009674e-13,1.6937610952417705e-10,1.7342991278318503e-06,2
352,03:01:30,5.562323721005352e-11,5.9439828061182296e-12,2.542185305105825e-12,4.862533450109517e-13,1.2861927223078718e-12,2.8079940567663027e-10,1.57149713566044e-06,2
353,03:02:00,5.076553369515149e-11,5.1760727681606015e-12,2.0117435225622306e-12,3.2770004157044904e-13,9.291323186869905e-13,1.6654905072512564e-10,1.782639074035458e-06,2
354,03:02:30,6.269464274515996e-11,5.744129596759669e-12,3.1684301800903537e-12,3.9974496148632253e-13,1.171653524821797e-12,1.5766188909000966e-10,8.876217114991644e-07,2
355,03:03:00,8.796738611906117e-11,5.6500732108590144e-12,5.156036596208001e-12,3.2785816529492896e-13,1.0216051580259353e-12,2.2059938325954092e-10,4.6854925320358234e-07,2
356,03:03:30,3.0356294912709594e-11,8.696047314793006e-12,4.351728159351311e-12,3.9283130991504317e-13,9.570797902557434e-13,1.9655216708809187e-09,4.3937555451142285e-07,4
357,03:04:00,2.782067950959832e-11,1.0012885018167795e-11,4.733754841926778e-12,4.482137245010085e-13,9.21417801034817e-13,3.635745334515736e-10,4.0414481951588243e-07,4
358,03:04:30,2.4148413091618706e-11,9.630644987799891e-12,3.1728338889330397e-12,3.9992544701920073e-13,1.160329137434151e-12,7.735418869702382e-10,3.968222869227609e-07,4
359,03:05:00,9.810808956938394e-12,8.960268087837122e-12,3.363331365851953e-12,3.699964363970781e-13,6.844600109861777e-13,4.075142690181936e-10,4.157954512034921e-07,4
360,03:05:30,1.727372209179124e-11,9.50281138422888e-12,4.264884927864818e-12,3.6038547208315397e-13,1.0340267162091353e-12,1.6251624170156043e-09,4.367143291576402e-07,4
361,03:06:00,2.6597292815648214e-11,1.0517407684647078e-11,3.1306428550255044e-12,3.4979752466062247e-13,9.32994521344369e-13,1.977778040260538e-09,4.188602978287437e-07,4
362,03:06:30,4.6155490852397956e-11,6.051488557924354e-12,2.5567818055406684e-12,3.511971906119541e-13,1.0269127928739775e-12,6.106267113087943e-09,4.42649701612538e-07,4
363,03:07:00,2.2836814987625916e-11,7.689272732283549e-12,3.561793341761483e-12,4.1430728470663023e-13,9.657738901423334e-13,4.872335038566373e-09,4.3926172054156806e-07,4
364,03:07:30,1.4230320428476836e-11,5.172831812007646e-12,3.463485483301969e-12,3.859171346274657e-13,9.65641604588196e-13,1.3771443745847117e-09,4.021251491628977e-07,4
365,03:08:00,1.785586299201604e-11,1.6256369370819832e-11,3.2578567778344347e-12,4.073479591854444e-13,1.01452541482892e-12,4.1948832273182097e-10,4.2635247235753925e-07,4
366,03:08:30,3.13296450148451e-11,9.969427932123519e-12,4.331345042431073e-12,4.250193266859917e-13,1.451880273221916e-12,1.2860716255246792e-09,4.5652602036001954e-07,4
367,03:09:00,3.6460198665609634e-11,7.348830454744321e-12,2.640534296415418e-12,3.5615618960186436e-13,7.720452280620776e-13,2.12721451873246e-09,4.3287734057760715e-07,4
368,03:09:30,4.7943601543363773e-11,1.7518881682930044e-11,4.716477031144405e-12,5.140938096189169e-13,1.2557795931764428e-12,3.1735296415515383e-10,5.306885536144529e-07,4
369,03:10:00,2.954108769060398e-11,1.0446232030684117e-11,2.779700274666336e-12,4.241250173807184e-13,1.1631149812183758e-12,1.996933127560358e-10,6.212415551577834e-07,4
370,03:10:30,1.588316734113324e-11,9.107676244406998e-12,5.793007050334226e-12,3.929137825552624e-13,8.946787088408294e-13,9.753403095922916e-10,4.350570530248164e-07,4
371,03:11:00,2.2405110634483042e-11,1.1554046103355952e-11,5.9916481830780495e-12,3.6613236251307336e-13,9.425596154233518e-13,4.2013156708567033e-10,3.8165886671299047e-07,4
372,03:11:30,1.3158874282462656e-11,8.998113686583762e-12,2.5474639799149957e-12,3.541737603427627e-13,8.083952692751869e-13,6.025881025457353e-09,4.2798089224061464e-07,4
373,03:12:00,1.4481213984433008e-11,8.38943951716453e-12,3.841936374137687e-12,4.043761915842862e-13,1.027906253017407e-12,3.1269686502432353e-09,4.3579148688735246e-07,4
374,03:12:30,4.5187911923086276e-11,1.6952827576534244e-11,5.173644000977883e-12,4.715775955716022e-13,1.3749307236312056e-12,2.3282930681162218e-10,5.883858343001423e-07,4
375,03:13:00,1.3467031215171388e-11,9.418676253294794e-12,4.429387504322742e-12,4.430491638033771e-13,1.429093017994141e-12,6.13181831221525e-10,4.397726049663671e-07,4
376,03:13:30,2.4218965386755564e-11,1.976728928289196e-11,4.082284979760131e-12,4.923111818890247e-13,1.7787308130994613e-12,9.413818929149568e-10,4.7001116253944097e-07,4
377,03:14:00,1.964577071997507e-11,1.5559413029257804e-11,5.315094552148102e-12,4.3255486898301496e-13,1.0662874581291708e-12,2.443749781081676e-10,4.6111009617237725e-07,4
378,03:14:30,2.8407590132449594e-11,1.082067041277517e-11,6.902057127382081e-12,3.983577376605268e-13,1.1140800842497221e-12,3.3698634988128404e-10,1.387932906821307e-06,4
379,03:15:00,3.079384038946357e-11,1.6284934015312605e-11,4.235336782141926e-12,6.230975290611506e-13,8.862023600926499e-13,3.1209929759777224e-10,1.7067995176288438e-06,4
380,03:15:30,2.9896518344083936e-11,8.394300841630734e-12,3.851993928784016e-12,4.079641097066149e-13,1.3171578399795052e-12,2.0892649470418485e-10,5.44558257527234e-07,4
381,03:16:00,1.5317838113611604e-11,1.2172022333565695e-11,3.1881998566297444e-12,4.011407970587098e-13,1.2052538369792205e-12,6.691576850489501e-10,4.044781857136689e-07,4
382,03:16:30,1.892496389173932e-11,7.816364471593962e-12,3.479552128160476e-12,4.4459475971004465e-13,1.538659490027668e-12,4.00848277041139e-09,4.3452151665575443e-07,4
383,03:17:00,2.5383598236529562e-11,1.0533343847463658e-11,3.10985482807682e-12,3.9726404566532235e-13,8.56975103642814e-13,7.960691881685307e-09,4.4194232918751057e-07,4
384,03:17:30,4.5924647412836275e-11,1.5937044873933874e-11,4.3832068874517e-12,5.163536300138771e-13,1.0795479019055945e-12,3.7321739432845875e-10,5.398937389539434e-07,4
385,03:18:00,2.138271020614051e-11,8.439424741341675e-12,3.5843079582901836e-12,3.8428404691829023e-13,9.12951142807433e-13,1.439113928879127e-10,4.962738410180408e-07,4
386,03:18:30,2.1840981851269068e-11,1.1966401539961356e-11,3.823003208503552e-12,4.0570547497287677e-13,1.0045447939713554e-12,1.8221712839891046e-09,3.9415041120491355e-07,4
387,03:19:00,2.7711908094428357e-11,4.299930450534796e-12,2.869614159964736e-12,3.250256682747691e-13,8.433883792709575e-13,1.059561402086513e-08,3.998748690025929e-07,4
388,03:19:30,3.224452906206939e-11,4.225522670835674e-12,1.6482680234350103e-12,2.901695012549347e-13,5.294737306874717e-13,1.362710938863932e-08,4.274043292525594e-07,4
389,03:20:00,1.3408862035863389e-11,4.39204720317062e-12,2.2483022567539015e-12,3.495735563610656e-13,5.768916119034536e-13,3.9446648421816665e-09,3.885578948687547e-07,4
390,03:20:30,3.186995045579297e-11,4.896197533188845e-12,2.1671922871384743e-12,3.3553920136779383e-13,6.73757348590852e-13,5.433904780679362e-09,4.034577692375814e-07,4
391,03:21:00,8.297474045709237e-12,1.2001210810134775e-11,4.1747391991988804e-12,6.348360207396523e-13,1.662356499874701e-12,1.85990153575619e-09,1.4180288923031516e-06,4
392,03:21:30,1.4226599968876594e-11,1.9118407583368677e-11,3.6972966944414e-12,7.471653263033597e-13,1.6621855652579872e-12,2.347003190907115e-10,1.654442460228978e-06,4
393,03:22:00,1.7723681743632256e-11,1.2224742103003436e-11,3.7908458271010026e-12,4.4952088799462255e-13,1.1315681820268235e-12,1.5211789126169223e-10,7.336947640871349e-07,4
394,03:22:30,4.484486798846201e-11,8.082543542317268e-12,3.034234429587842e-12,4.1909896918535515e-13,1.356988193614694e-12,2.2808855422463353e-10,8.681534736552477e-07,4
395,03:23:00,3.652294936012745e-11,1.1815742148369466e-11,4.197551763667842e-12,4.1759638929254264e-13,8.687407523771908e-13,4.858334530128914e-10,4.6981192751882075e-07,4
396,03:23:30,5.3710336493096394e-11,1.0662289809279765e-11,4.743723008558249e-12,4.292589417079899e-13,1.2292345928941427e-12,2.2086639709812367e-10,7.565622714765064e-07,4
397,03:24:00,2.1288761813887064e-11,7.551296960469738e-12,3.654863649862613e-12,4.758198736587755e-13,1.5404627825903305e-12,1.7454970451445828e-10,4.753289534697967e-07,4
398,03:24:30,1.2830536281044102e-11,4.681354666666339e-12,3.1665993025933726e-12,3.720289131100016e-13,5.756283484922876e-13,1.1091635397143476e-09,4.4617332003986593e-07,4
399,03:25:00,1.176479793658572e-11,4.274026763689786e-12,2.6416269839833343e-12,3.5342008392292744e-13,7.355383452704902e-13,3.979861299814331e-09,4.537533032372882e-07,4
400,03:25:30,8.620337634152297e-12,1.244042101643393e-11,3.9785454828653204e-12,4.869806221032481e-13,1.260582754765223e-12,1.5292028828718402e-09,4.5304790886364303e-07,4
401,03:26:00,5.534330049307126e-12,1.324236283337712e-11,4.868034288866385e-12,6.414599813708931e-13,1.1822033384040743e-12,1.7678159281452312e-10,5.465278853614313e-07,4
402,03:26:30,5.8272665029576696e-12,1.6073174017130655e-11,3.1160182000032074e-12,6.787978562541226e-13,8.559601400775144e-13,1.568385629357198e-10,7.631298790248682e-07,4
403,03:27:00,1.303074872574423e-11,9.99701043711824e-12,5.861318292022421e-12,6.128836676841582e-13,1.7650606282754592e-12,1.7808856037005628e-10,5.684601860727834e-07,4
404,03:27:30,1.2639578596721011e-11,1.6122794280174748e-11,4.983573843310115e-12,6.388993949541327e-13,1.4267724180778788e-12,2.3072820793401636e-10,5.879820607097812e-07,4
405,03:28:00,8.067394800101869e-12,1.1334614120996346e-11,2.27983093712265e-12,4.895255485559384e-13,9.874424600061257e-13,2.4917955001405977e-10,7.840992214903387e-07,4
406,03:28:30,1.2094425992025857e-11,1.900106864359229e-11,4.348958513467232e-12,6.346995326195266e-13,1.782532469212161e-12,2.8371154003371514e-10,6.485410937795198e-07,4
407,03:29:00,4.5536564160266223e-11,1.306949080033191e-11,4.166803299362941e-12,4.969851194733494e-13,1.6585357766709766e-12,2.7652536926233163e-10,6.144111337952286e-07,4
408,03:29:30,1.6572182624548498e-11,9.260600345217046e-12,2.627333065595937e-12,3.2878190218046554e-13,8.551948823290229e-13,2.357943972017406e-10,5.46592885175617e-07,4
409,03:30:00,8.356836308243329e-11,8.38445918374553e-12,2.642761495938817e-12,3.508525228507216e-13,7.74220747793935e-13,1.42186790408733e-10,6.205714497900348e-07,4
410,03:30:30,3.9205622119544264e-11,1.0073925401819422e-11,5.70219113149168e-12,3.746074643206298e-13,9.366457361276676e-13,1.3536919365802353e-10,6.229212491280784e-07,4
411,03:31:00,1.8559601370032934e-11,6.274428173024177e-12,2.7166405803962585e-12,3.245756923888031e-13,7.38173760978242e-13,1.0076110388360531e-10,4.4095569266050855e-07,4
412,03:31:30,2.890024546491391e-11,4.305890388849567e-12,2.6349619971518353e-12,3.7462427723282494e-13,9.795704651431744e-13,1.6731042045644457e-10,4.60875619409554e-07,4
413,03:32:00,5.754709729531413e-11,7.519841730315296e-12,3.707969036235822e-12,3.919346754249013e-13,1.2036446314056674e-12,1.805157973185488e-10,5.087792795527186e-07,4
414,03:32:30,2.6419909765366737e-11,6.818205314866918e-12,3.44544002729976e-12,3.5674651478806475e-13,7.135416268216227e-13,2.0520424479127378e-10,1.299077820590757e-06,4
415,03:33:00,3.5378904947454094e-11,4.79389130940176e-12,3.2166048881635562e-12,4.996382351063533e-13,1.4498772748712338e-12,1.7615245118821156e-10,4.3561012396147535e-07,4
416,03:33:30,6.082790027420062e-11,6.501593335235154e-12,3.617727846334748e-12,3.9443400013063244e-13,1.1354732317795081e-12,1.573277076196007e-10,4.4118316897693407e-07,4
417,03:34:00,1.8358866219688204e-11,5.727148458377752e-12,3.666313801275132e-12,3.628740309666041e-13,9.883149595284903e-13,1.0902710438390179e-09,4.1887643982039334e-07,4
418,03:34:30,2.7364396490447732e-11,1.0558007316827555e-11,3.0346128090503e-12,4.640566154390222e-13,1.7681761921549573e-12,2.3519272575953123e-10,4.3386439632419324e-07,4
419,03:35:00,1.572001703981019e-11,7.311757599431486e-12,2.8956768008153244e-12,3.3397661646225236e-13,6.115452653515408e-13,2.847451712442436e-09,4.230986427178708e-07,4
420,03:35:30,5.462879182503893e-11,9.435340442759835e-12,3.3293072527519848e-12,8.880318970603784e-13,1.22068831615995e-12,1.6682913761965571e-09,2.984826749924757e-06,0
421,03:36:00,1.2833171220208864e-11,1.1746040943225918e-11,3.6313169286459797e-12,5.073571756599131e-13,1.2548928428686049e-12,2.211827359431064e-10,3.000453822874161e-06,1
422,03:36:30,1.1589565742868474e-11,7.125916635231256e-12,3.1593791200085794e-12,4.331909160021855e-13,5.85063550787915e-13,1.271971088858814e-09,2.4842498424833763e-06,1
423,03:37:00,2.4927451698019627e-11,1.1885652731354388e-11,6.345633841730642e-12,1.154664132332948e-12,1.9375813600018e-12,7.965883869985224e-10,3.1269752323197132e-06,0
424,03:37:30,1.425628127344019e-11,3.38980460654502e-12,2.0545149479657584e-12,4.560078693318671e-13,6.594251940075794e-13,5.501245689160493e-10,2.711417514266211e-06,1
425,03:38:00,1.1167864940167788e-11,8.17006460611482e-12,4.120591984948943e-12,6.42848186862692e-13,1.4500619810562104e-12,1.8493316366492885e-09,2.524875632570323e-06,1
426,03:38:30,3.1519004010962946e-11,4.054755134837758e-12,2.519262520766927e-12,3.3981273078397244e-13,8.76988634035691e-13,2.850633328181476e-10,2.2153531862872033e-06,2
427,03:39:00,6.714507225972026e-11,7.0741812113351495e-12,3.252483732806329e-12,4.326068225715002e-13,9.626844777967133e-13,2.193228101194806e-10,2.2335166903439984e-06,2
428,03:39:30,2.923403729249232e-11,3.647833999052972e-12,2.0892420012958984e-12,3.0730438509863175e-13,7.450902093473045e-13,1.8388203851361174e-10,1.3414926952277609e-06,2
429,03:40:00,3.6486903419015445e-11,4.9770414199422696e-12,2.636313636989219e-12,4.096440902292542e-13,1.1570323684820766e-12,1.2577989379119152e-10,1.349557216689701e-06,2
430,03:40:30,2.5692573329543647e-11,3.31327773153032e-12,1.4833010364235328e-12,3.2056839976691046e-13,8.342621244595642e-13,1.0421073903173259e-10,1.4048341696367732e-06,2
431,03:41:00,5.1184199359516836e-11,5.508805949938327e-12,4.063843154624183e-12,4.678740248188389e-13,1.55674435476152e-12,1.9698552684407205e-10,1.6578739492742467e-06,2
432,03:41:30,4.800664270594392e-11,3.149229375208964e-12,2.160473474158274e-12,2.979511237437575e-13,8.169434475263265e-13,1.2985859190587405e-10,1.3229115282602741e-06,2
433,03:42:00,3.226067569439124e-11,4.274039928826675e-12,1.6377744097156308e-12,2.7969145811573195e-13,5.459443626608669e-13,1.3048414699884998e-10,1.4460944840649542e-06,2
434,03:42:30,3.745242399664105e-11,3.3295934473067045e-12,2.780550764040761e-12,3.6892165749220435e-13,9.414579964612825e-13,1.6320206005526682e-10,1.3220055647795427e-06,2
435,03:43:00,2.6235158101176905e-11,4.128243524799128e-12,1.5118058310027393e-12,4.2169794684435094e-13,7.941058281342851e-13,1.5997518902939196e-10,1.35214346208848e-06,2
436,03:43:30,6.158120782222421e-11,4.621957482863395e-12,5.41525225098272e-12,6.141764522345982e-13,1.8507839851563806e-12,2.4316950705987273e-10,1.7850512020155503e-06,2
437,03:44:00,3.743136942355304e-11,4.002388208485879e-12,2.8724517842523853e-12,3.1305836155928915e-13,6.584070788068961e-13,1.4089898272193614e-10,1.115331865657229e-06,2
438,03:44:30,2.322454329002361e-11,3.956760133215143e-12,1.9672286689064055e-12,3.13721503337404e-13,1.0860982694895629e-12,9.745191696079549e-11,1.059360949323912e-06,2
439,03:45:00,4.8155002318705893e-11,4.0907954109825506e-12,1.1701842574088617e-12,3.6057842779179123e-13,7.3686926971603e-13,1.173783690322932e-10,1.0016331536301158e-06,2
440,03:45:30,3.524922397256629e-11,4.7338162772519e-12,2.194023731187326e-12,2.7778759222056344e-13,5.493921072866151e-13,8.801859249151186e-11,9.730189176388428e-07,2
441,03:46:00,3.291116589180522e-11,3.837342054404203e-12,1.903190095473403e-12,3.978124841994076e-13,8.169399714385718e-13,1.3475250584861526e-10,1.0902262684569613e-06,2
442,03:46:30,2.673022445972336e-11,5.70191277399946e-12,2.634842538739632e-12,3.1411153807952705e-13,8.780589015872129e-13,8.338471161961716e-11,9.74222572781022e-07,2
443,03:47:00,2.619532481457893e-11,5.842139732580768e-12,2.6030943748218747e-12,6.240974229636463e-13,1.744441130216497e-12,8.618381948722903e-11,1.151026585678065e-06,2
444,03:47:30,2.0557082447681518e-11,4.7128634953367396e-12,2.888510052237629e-12,5.366859190487635e-13,1.6195067693472464e-12,1.1017113979174242e-10,9.906864990295167e-07,2
445,03:48:00,3.096212979748216e-11,4.076262780653116e-12,1.957314000553826e-12,5.033213611939234e-13,1.3170281097834514e-12,1.3161859189060774e-10,9.765471258969082e-07,2
446,03:48:30,3.7595407513199444e-11,5.1609185525667755e-12,2.3575735616823934e-12,3.356366262123007e-13,1.0103655472334085e-12,1.5134760450219995e-10,8.404826524148502e-07,2
447,03:49:00,4.08119155566006e-11,4.953242656191625e-12,2.4732950108312495e-12,3.656695190391165e-13,6.640924570265543e-13,1.6675220382758681e-10,9.058756942170467e-07,2
448,03:49:30,3.4415101206789904e-11,5.847092480447077e-12,1.7678564823756475e-12,2.734558137490136e-13,6.456242732636192e-13,9.463122149433726e-11,9.248658493905056e-07,2
449,03:50:00,3.724247844284841e-11,4.767837628813144e-12,2.4234824939035552e-12,5.662766352985207e-13,1.6044644915284035e-12,1.725327220072708e-10,8.582110909015827e-07,2
450,03:50:30,2.162516342335189e-11,4.414852189815425e-12,2.5177019423204556e-12,4.550735584674392e-13,1.4435826362944712e-12,1.0036525406510388e-10,8.676158383516784e-07,2
451,03:51:00,3.2000258365475426e-11,6.40261237564819e-12,2.5238020208967174e-12,4.573378694044798e-13,1.058788031933195e-12,1.1063814030407108e-10,8.217015476197105e-07,2
452,03:51:30,4.2085658440394326e-11,6.5436755510427295e-12,3.039201452467674e-12,3.1095842416662716e-13,1.066428805914019e-12,1.3267187399790837e-10,1.092855000799718e-06,2
453,03:52:00,3.4683559962141737e-11,4.654988862085351e-12,3.2346105482795156e-12,4.1131384506051404e-13,1.2807107617712417e-12,1.635310106958254e-10,8.003396877422747e-07,2
454,03:52:30,3.9076272207272445e-11,4.854249175606458e-12,3.4615085659708404e-12,3.1807579279628937e-13,1.1718960016661063e-12,2.252799683177987e-10,8.418655361400903e-07,2
455,03:53:00,2.8073800134296342e-11,4.915905531531454e-12,2.4979602443305713e-12,3.1104926546781867e-13,8.017337325320502e-13,1.6609788690457738e-10,8.540990308640199e-07,2
456,03:53:30,3.8383913784808445e-11,5.9880939369002606e-12,2.610090866875457e-12,4.2301853916311767e-13,1.149873038199303e-12,1.696140616149404e-10,8.378214527169369e-07,2
457,03:54:00,6.82892239066341e-11,4.973181325472964e-12,2.303954894331636e-12,3.011599823035335e-13,7.743462772716758e-13,1.5558937094922182e-10,8.575620841621584e-07,2
458,03:54:30,5.6063070111914486e-11,6.187795148635281e-12,2.2759595265400266e-12,4.366224211202398e-13,1.6369297090703194e-12,1.7039278500682053e-10,8.841797332785612e-07,2
459,03:55:00,4.165289749771447e-11,5.227636619729678e-12,2.899691563142866e-12,3.333165842404117e-13,1.2779274862100017e-12,2.1971953879596878e-10,8.553745732556777e-07,3
460,03:55:30,4.75093622405844e-11,5.516895980025492e-12,1.86652184875464e-12,4.916780171694631e-13,1.672646899194732e-12,1.7199010152074878e-10,8.745410737416369e-07,2
461,03:56:00,5.897425978835345e-11,5.921013092040602e-12,1.7867250193856828e-12,3.0643976389010486e-13,9.854142003868612e-13,2.1336787983791388e-10,8.346890947461066e-07,3
462,03:56:30,5.482382692317444e-11,3.8910563702532294e-12,2.167264296617972e-12,4.2190377625167054e-13,1.5162736135682283e-12,1.5714898878620018e-10,8.273335553785126e-07,2
463,03:57:00,4.43942621760629e-11,4.804573536560841e-12,1.8297049635122144e-12,2.5104424694501655e-13,7.316046346957521e-13,3.984984876955169e-10,8.151740994623881e-07,2
464,03:57:30,5.6891099143756195e-11,4.866078453195116e-12,2.442530409779811e-12,4.08569530665488e-13,1.2329007680930356e-12,2.1229752104907108e-10,8.48819862155682e-07,2
465,03:58:00,5.4238649096273284e-11,6.377373747077456e-12,1.5284596076521805e-12,2.2675032109030406e-13,5.68087367202186e-13,1.944379802377485e-10,8.201841606955356e-07,2
466,03:58:30,9.23393930273267e-11,8.158372467095148e-12,4.38341836195646e-12,2.8193894593113255e-13,9.40999640577465e-13,3.7454812754512404e-10,1.4907379515329837e-06,3
467,03:59:00,5.542290854159179e-11,6.656560572312335e-12,2.130093189823826e-12,3.3526182223238955e-13,1.2315940066719303e-12,1.4787317713917675e-10,9.43910880103886e-07,2
468,03:59:30,5.914164190974389e-11,4.600436807802146e-12,2.1647217706378646e-12,2.883827603428681e-13,7.574019167525317e-13,1.6015468962651574e-10,8.648858751752867e-07,2
469,04:00:00,3.782516056086577e-11,4.679154120553657e-12,2.1968554917867155e-12,2.8413790913582226e-13,7.073246476311978e-13,1.828394337651258e-10,8.948185793191877e-07,2
470,04:00:30,4.57474994932221e-11,5.398332891150261e-12,2.108494193643254e-12,2.8596048380811027e-13,7.835188045003625e-13,2.0136638764577893e-10,8.625986905397159e-07,2
471,04:01:00,1.3416223543072076e-10,1.0326533740118325e-11,3.1336025722713333e-12,5.143951175314391e-13,1.3844578040339214e-12,2.518627856448082e-10,1.0518401669826421e-06,3
472,04:01:30,4.735136246623077e-11,8.252344349961367e-12,2.887867038144467e-12,2.520937249027526e-13,5.988060403543217e-13,1.7637339273314956e-10,1.1054496877271828e-06,2
473,04:02:00,2.705236030245726e-11,3.950408174096045e-12,1.7515922181855107e-12,3.4780782088759385e-13,1.0256558130046657e-12,1.2148084603525122e-10,8.41229812336572e-07,2
474,04:02:30,4.957571399060298e-11,5.4272710883783725e-12,1.9089120994379035e-12,2.4040812681454337e-13,6.092196218252764e-13,1.8428280058995053e-10,8.752500467171702e-07,2
475,04:03:00,5.909777147366586e-11,6.203745076277818e-12,2.9830941244967025e-12,7.174298162861209e-13,1.3136395706149617e-12,1.5970496297244807e-10,8.325102392560496e-07,2
476,04:03:30,4.883321532808968e-11,5.380736562758419e-12,2.729477609733056e-12,4.119335371279183e-13,1.2070525940491771e-12,1.9409851059057181e-10,9.55654648484061e-07,2
477,04:04:00,4.48989592821722e-11,5.710607739567696e-12,3.277825836939096e-12,2.1432735273399696e-13,5.686025485247164e-13,2.3892498196246444e-10,8.439520302966226e-07,2
478,04:04:30,4.8676616878085584e-11,9.628700358023892e-12,4.899082584008676e-12,2.736801495248127e-13,5.503566313628244e-13,2.3033126197643038e-10,9.70754157880559e-07,2
479,04:05:00,5.1421740728089866e-11,1.9804795292229615e-11,4.123149597000593e-12,6.650436172739948e-13,2.3071738760397305e-12,3.485521745764151e-10,1.8255501261212143e-06,0
480,04:05:30,5.685878582907697e-11,8.48075809393359e-12,7.1684570114097204e-12,2.3251665147202888e-12,3.4170177364846453e-12,1.097525246181227e-09,3.241982386179235e-06,0
481,04:06:00,9.372247001288816e-12,4.387324884557375e-12,6.68829437604452e-12,7.237439874523505e-13,1.0506338116138041e-12,4.749560426631448e-10,3.2453405532832145e-06,0
482,04:06:30,5.856358799564336e-12,6.1557815105130576e-12,4.877574044339359e-12,5.762363076594067e-13,1.3678170959236247e-12,3.064329796517462e-10,3.0593378314651577e-06,1
483,04:07:00,2.1767963015106657e-11,7.171104750740993e-12,6.108563087532528e-12,5.505762970218901e-13,7.032439697944009e-13,3.480532057723555e-10,3.1599117425772136e-06,0
484,04:07:30,1.749401935985822e-11,1.2543365354880275e-11,4.867127416826599e-12,7.707749077707472e-13,1.7771535258966957e-12,2.782566096801477e-10,3.195890233980336e-06,0
485,04:08:00,1.4577014329287262e-11,6.9610397311705455e-12,5.145338886846463e-12,1.1005269847521456e-12,1.658303453852613e-12,4.987672142868651e-10,3.123073954959476e-06,0
486,04:08:30,2.197023630000848e-11,1.1536062785544442e-11,4.779268292315826e-12,7.55619998998964e-13,1.6209127612961715e-12,3.9218582242205913e-10,3.087342370050893e-06,1
487,04:09:00,2.126249020228524e-11,6.725701931624599e-12,3.01827566510091e-12,5.1798006870627e-13,1.2057260052014753e-12,6.245924211292769e-10,3.3236014972835024e-06,1
488,04:09:30,4.522405530353653e-11,7.729444847807713e-12,3.907178649408399e-12,4.084121318101246e-13,9.623182746535409e-13,2.98910852599765e-10,3.244746443295478e-06,1
489,04:10:00,3.713753528070523e-11,9.328297866979612e-12,3.878011586941588e-12,6.952540674926137e-13,1.272567244900853e-12,2.9616701136257015e-10,3.268696972434166e-06,2
490,04:10:30,5.132601754263421e-11,5.879503118909186e-12,3.3584508255969346e-12,3.6150831924151576e-13,6.910108844125313e-13,1.634265949228881e-10,3.131422847163647e-06,2
491,04:11:00,5.804339693836824e-11,7.523873917130074e-12,4.38405155271591e-12,4.2122449727105363e-13,1.318679237337193e-12,2.628893677845947e-10,3.1856297853840515e-06,2
492,04:11:30,5.540595306666324e-11,7.951294124898026e-12,2.7899099624231212e-12,3.690092578281341e-13,1.1107936092420539e-12,1.3232850190399493e-10,3.1596728041996262e-06,2
493,04:12:00,4.969992250429367e-11,6.9804907625837835e-12,3.1350556966252587e-12,3.820592847273404e-13,8.009355918198537e-13,1.4666982700399834e-10,3.184541123277569e-06,2
494,04:12:30,4.788993539657284e-11,6.7800910128138094e-12,1.7768342822746026e-12,3.1407644864752994e-13,8.098827629270783e-13,1.6376767724887305e-10,2.9730370721233453e-06,2
495,04:13:00,4.1317051799866485e-11,1.4460819451865391e-11,4.9823436473610936e-12,6.674319893514269e-13,1.8820422811717747e-12,2.3223336773211163e-10,2.8280633353637284e-06,1
496,04:13:30,2.8751651168819124e-11,7.900080682239199e-12,3.668035859113614e-12,5.166172198580076e-13,1.0954210846751976e-12,1.662506986418823e-10,2.630128237889915e-06,1
497,04:14:00,6.583187757285642e-11,6.078271605857199e-12,1.7411654592439295e-12,3.165435238715788e-13,7.840344908834143e-13,2.864767143680923e-10,2.757448838880524e-06,2
498,04:14:30,6.282663395327069e-11,6.089695838060013e-12,3.0304093208617727e-12,4.194410429957618e-13,1.235580099188662e-12,1.4010053258374625e-10,2.561860059493678e-06,2
499,04:15:00,3.9185345521301304e-11,3.9813976753734424e-12,1.9830947932711653e-12,2.944516888797002e-13,6.359221997367342e-13,1.7088318791722237e-10,2.516977281961918e-06,2
500,04:15:30,6.801465113578062e-11,3.390821186154581e-12,2.6431953403301335e-12,4.593397896638778e-13,8.872366413274697e-13,1.4177048474708002e-10,2.4490927135040546e-06,2
501,04:16:00,7.62636981246238e-11,8.542492125756434e-12,4.7051340831088246e-12,4.0766429624895247e-13,1.079010034948163e-12,1.8000757023919992e-10,2.4540169631545953e-06,2
502,04:16:30,4.436106543775998e-11,3.8840311362484125e-12,1.6663206067528425e-12,3.9391357851471746e-13,8.557296487386813e-13,1.2501929815536824e-10,2.5035062693281867e-06,2
503,04:17:00,4.6946543355970764e-11,4.499868776799819e-12,2.4631014110482474e-12,6.229026233327115e-13,1.2130806520552034e-12,1.5167659737294056e-10,2.2684116061632988e-06,2
504,04:17:30,3.548138259261348e-11,4.600508501854315e-12,4.118802406334852e-12,3.456168751463662e-13,6.751146712728329e-13,2.2584313649042796e-10,2.5997901139905344e-06,2
505,04:18:00,2.8959441809634166e-11,4.370967445694694e-12,1.941258860644495e-12,2.3689423273154125e-13,5.765789402637476e-13,1.1565533963837962e-10,2.3656345953268413e-06,2
506,04:18:30,2.752382606021565e-11,4.060048640801033e-12,1.4474936771923798e-12,3.589465091486327e-13,7.555875725798178e-13,8.734068489237004e-11,2.3200193226050376e-06,2
507,04:19:00,2.548142721910256e-11,6.143983454956653e-12,1.700906085777883e-12,4.1295814158245633e-13,9.15102642217946e-13,1.2081077266220156e-10,2.3610412685914582e-06,2
508,04:19:30,9.908562632052141e-11,7.113367297296666e-12,5.714949228660733e-12,4.113894558676123e-13,1.3199649414368748e-12,2.0959875883933562e-10,2.4962973592273343e-06,2
509,04:20:00,4.7157578696859916e-11,9.612660565652348e-12,5.3354899739751575e-12,6.361749237830414e-13,8.956109812129955e-13,3.609773873866109e-10,2.7409765497863825e-06,0
510,04:20:30,5.863770390327078e-11,5.592099121480377e-12,3.297333376759311e-12,3.7532700107617587e-13,1.0361417228785166e-12,1.6480305909819417e-10,1.577741477806308e-06,1
511,04:21:00,2.805702209192488e-11,4.020584965419688e-12,1.7393445410152294e-12,3.049278671019538e-13,7.689081256396817e-13,1.218588074826246e-10,1.3110125614991535e-06,2
512,04:21:30,6.705346898928571e-11,6.955751549525047e-12,2.7290329400509654e-12,3.225248315135672e-13,6.819356205224873e-13,1.3526143594404318e-10,1.414863738540318e-06,2
513,04:22:00,4.1963940765070874e-11,6.182417069175634e-12,1.7120403517409666e-12,3.6967050186155625e-13,1.2977719144214997e-12,1.092341426433338e-10,1.4007885437652564e-06,2
514,04:22:30,4.552096198692056e-11,5.5535889711221815e-12,5.073586734120469e-12,3.689391467027892e-13,8.011289110014182e-13,1.3613949432579117e-10,2.0562247569827627e-06,2
515,04:23:00,3.6913495030645704e-11,5.586638346646581e-12,3.3653011381429714e-12,4.1780090657569804e-13,1.1299467198204781e-12,1.7126353585326365e-10,1.7790777335755829e-06,2
516,04:23:30,1.8109603759124847e-11,3.3546930660309613e-12,1.728680450052205e-12,2.292499128791203e-13,5.447109814369339e-13,1.2573678092805984e-10,1.4622733333212816e-06,2
517,04:24:00,4.8987440480182765e-11,4.581098079818742e-12,1.8385747000661464e-12,3.199404466325671e-13,8.479275503819155e-13,1.102096484444623e-10,1.6402031435125475e-06,2
518,04:24:30,3.445914937072552e-11,5.077965607149684e-12,2.176288186973913e-12,4.742219214495198e-13,1.376702059948504e-12,8.930795474117969e-11,1.5144726729890046e-06,2
519,04:25:00,2.7126009587498297e-11,4.1913041324752325e-12,2.205172897735997e-12,2.931075431003766e-13,6.642904894178164e-13,1.4275519677183228e-10,1.669242367645176e-06,2
520,04:25:30,4.795806246900099e-11,4.3370734380448735e-12,2.2569119693723137e-12,3.55382384013202e-13,9.132694829266748e-13,1.3068470107749726e-10,1.4946216355078548e-06,2
521,04:26:00,4.092568175875842e-11,5.41015108467024e-12,3.3793930887494648e-12,3.6447665114841246e-13,1.0429851738633707e-12,1.0667181165017642e-10,1.7154126813415026e-06,2
522,04:26:30,4.8832180409152734e-11,6.303311379154824e-12,2.9122198109959726e-12,3.9986413851903566e-13,1.1888326911591451e-12,1.4300822475193968e-10,1.624330859768244e-06,2
523,04:27:00,4.294466386587648e-11,9.803748643458016e-12,5.09908674376095e-12,7.775695250915142e-13,1.3006306900598842e-12,2.5678532321370947e-10,2.9306646500759387e-06,1
524,04:27:30,8.643599182675218e-11,4.946124012897158e-12,3.20052144065056e-12,3.6655708659332623e-13,7.297653343909368e-13,1.7540431306058735e-10,2.7412441089246318e-06,2
525,04:28:00,3.784235564874757e-11,3.2326628373690487e-12,2.80116164586063e-12,2.8217050445040036e-13,5.047869951123384e-13,1.4357761803131666e-10,2.6203481668317226e-06,2
526,04:28:30,7.232289364309327e-11,1.1239359460917902e-11,4.107200169367499e-12,4.648922227291158e-13,1.213569402293741e-12,1.8664754732772923e-10,2.6175206279913423e-06,2
527,04:29:00,4.1009959039636587e-11,4.1118219320081505e-12,2.2988373637384263e-12,4.669336940526261e-13,1.1442836318454658e-12,1.5213164063554265e-10,2.2186135477051947e-06,2
528,04:29:30,4.901070287313479e-11,4.136889521586176e-12,1.617881927192431e-12,3.6440810284445635e-13,9.438767009043198e-13,1.4783242312393829e-10,1.932250962553443e-06,2
529,04:30:00,3.5260881755512793e-11,6.3411944544931996e-12,3.2937822741640437e-12,5.038093838025709e-13,1.2744717846606417e-12,1.3043527039700493e-10,1.980548014793405e-06,2
530,04:30:30,3.308991119039057e-11,3.3909707197796374e-12,2.0615096947184078e-12,4.708161108674369e-13,9.868577204915615e-13,7.864891611334371e-11,2.085878824959995e-06,2
531,04:31:00,2.4660534495535984e-11,4.0737655031313004e-12,2.0995761805708203e-12,4.850458397908302e-13,1.1800492691887834e-12,1.2248155123636055e-10,2.010344453701521e-06,2
532,04:31:30,4.160207815884215e-11,5.892355613012955e-12,2.470186732029941e-12,3.1286297031010024e-13,1.0440078756869156e-12,1.1817944080348402e-10,1.9784025149413136e-06,2
533,04:32:00,4.4023271236619184e-11,5.159758068501083e-12,1.5355856751675803e-12,3.342524305829336e-13,6.782057980924514e-13,1.426140711497866e-10,2.0192561450174513e-06,2
534,04:32:30,6.766746856561785e-11,6.52939406693746e-12,3.263111135585329e-12,3.193915713194999e-13,8.346546744659537e-13,2.349007292088215e-10,2.1211569967727494e-06,2
535,04:33:00,3.1616632735885074e-11,4.25144306459323e-12,2.304341116215018e-12,4.982167533169622e-13,1.453967583256024e-12,1.4960998005416764e-10,1.9094156349402054e-06,2
536,04:33:30,6.617188007661047e-11,4.651900231321567e-12,1.901648311691438e-12,4.11192744397939e-13,1.5328285261502257e-12,1.8636576191198806e-10,2.0172647928450987e-06,2
537,04:34:00,2.6660615762432056e-11,6.490343557304098e-12,1.9475132317484043e-12,3.040823951688446e-13,6.266646021038934e-13,1.363652230419764e-10,2.0235345403092904e-06,2
538,04:34:30,4.270675536953572e-11,5.488475261381022e-12,3.7979722802692705e-12,5.03127534536165e-13,1.753265244652922e-12,1.8482581496849806e-10,1.961335459137188e-06,2
539,04:35:00,3.3231175108700073e-11,5.526638345792231e-12,2.4189843493185364e-12,3.0307355970317974e-13,1.174480634357325e-12,1.9619235822513416e-10,1.93844289647022e-06,2
540,04:35:30,3.1639606808091215e-11,4.334213296192058e-12,2.8976337738227227e-12,2.9615868980642706e-13,9.452253250564203e-13,1.3459654391990224e-10,2.0122826433157692e-06,2
541,04:36:00,6.672635999784168e-11,7.638896701592344e-12,2.825359295350895e-12,3.857146685960224e-13,1.4298719782202472e-12,1.9507304916233373e-10,1.9812379288681716e-06,2
542,04:36:30,3.7017344105172464e-11,4.05190899053852e-12,2.152208464517686e-12,3.035625530952832e-13,7.602213632269178e-13,1.3038934836986113e-10,2.002606330472615e-06,2
543,04:37:00,4.026754937285907e-11,5.377916631914647e-12,2.4981577809384834e-12,4.2707622076423576e-13,1.4461637229587193e-12,1.31972915092471e-10,2.1450534026746035e-06,2
544,04:37:30,6.954939637232177e-11,1.0576989115054738e-11,2.748987231146069e-12,5.125116193863169e-13,1.8246725293634593e-12,2.1900814505743527e-10,1.9771261800366445e-06,2
545,04:38:00,5.2786623122048575e-11,7.1137309346482544e-12,3.1782362812150363e-12,3.9926997745318784e-13,1.309599494295234e-12,1.7766413682380452e-10,1.9922692922431543e-06,2
546,04:38:30,5.485276326683908e-11,4.474563033653512e-12,2.067802522416449e-12,4.502143051177336e-13,9.499971145223111e-13,1.5954420104084038e-10,1.9704566976840972e-06,2
547,04:39:00,7.193600397056597e-11,8.448560581557787e-12,4.821705148556635e-12,4.613120522568689e-13,1.5551778925271585e-12,1.7460328244295056e-10,1.9688315986038097e-06,2
548,04:39:30,3.517191775044096e-11,9.141539593869157e-12,2.2588157123987134e-12,2.80858400658313e-13,9.18148117449796e-13,1.3520444760975898e-10,1.8489443181732335e-06,2
549,04:40:00,9.307424970231258e-11,1.069280696071787e-11,6.040577603520036e-12,4.791305220243356e-13,1.2936331351765769e-12,2.808146117720403e-10,2.3971512340768945e-06,2
550,04:40:30,3.488568815486578e-11,5.817961686964134e-12,2.3292845566931187e-12,3.5638537121326047e-13,7.738793955021239e-13,1.1915490791192234e-10,1.7687422366139888e-06,2
551,04:41:00,5.431457177000032e-11,4.554873546015252e-12,3.7460352670694396e-12,4.4454101913363533e-13,1.135654076166334e-12,1.8021327822372918e-10,1.6248548269122798e-06,2
552,04:41:30,6.20012809297106e-11,1.0292812860046807e-11,6.2570792571641945e-12,4.065266916961544e-13,1.4230461261107887e-12,2.5558863676835014e-10,1.621331507037053e-06,2
553,04:42:00,5.1696670319333156e-11,1.3358168399686908e-11,5.55223219187108e-12,5.990499622305513e-13,1.3759552467657377e-12,3.0253433275248164e-10,2.1492506660768935e-06,1
554,04:42:30,5.832408919773353e-11,6.131851485587e-12,4.909096130286527e-12,3.6590511039799306e-13,1.205436019593041e-12,1.7168130724499578e-10,1.48061822000077e-06,2
555,04:43:00,6.004487948677866e-11,5.186731984319727e-12,3.3617916144095037e-12,5.048714883430068e-13,1.4421938142311094e-12,1.804458498992731e-10,1.4616617538293223e-06,2
556,04:43:30,3.9623703852435e-11,6.6914442483430135e-12,2.4464966547792753e-12,3.4711598462220845e-13,8.754102436943972e-13,1.1565704758777541e-10,1.0744580657288986e-06,2
557,04:44:00,1.295737366868119e-10,9.35631356496647e-12,6.288838365281045e-12,4.4537554392258264e-13,1.4228503874581468e-12,2.4275590779919274e-10,1.3294001752018387e-06,3
558,04:44:30,3.9704017608139504e-11,7.32868793698864e-12,4.226831646880926e-12,3.5665354279696755e-13,1.0428279626026426e-12,1.250565464722553e-10,1.166579691324567e-06,2
559,04:45:00,5.319531931610796e-11,8.271683303015489e-12,3.5658544110906958e-12,3.353126738866961e-13,8.594227937756346e-13,1.577875337469382e-10,1.524471077570331e-06,2
560,04:45:30,4.628424412953219e-11,8.16018795767738e-12,2.879256450345908e-12,5.162021266241364e-13,1.0603409417951535e-12,2.808126543525682e-10,9.769942361573268e-07,2
561,04:46:00,5.7354661123545754e-11,8.923708805553397e-12,4.180017330807577e-12,3.7324302939838454e-13,1.1708358497776347e-12,2.994077155415275e-10,9.673427861273123e-07,2
562,04:46:30,3.98035842975049e-11,1.3422280963064081e-11,5.3321062293615766e-12,3.9353672336330263e-13,1.1216774643770003e-12,7.287101235984499e-10,1.7094191174317148e-06,4
563,04:47:00,3.217846803389827e-11,5.796908685414713e-12,2.3753790781291392e-12,3.0213332299970254e-13,7.039321378222261e-13,1.6453660482050918e-10,1.1256547830248766e-06,1
564,04:47:30,8.135164272288712e-11,1.3466788919176427e-11,4.972063750520481e-12,4.476610289079779e-13,1.4029140581224052e-12,1.7036196883882744e-10,1.3137953812294783e-06,1
565,04:48:00,7.426924735556539e-11,1.6034666048259818e-11,4.320576381197356e-12,4.795703582245465e-13,1.4443168162575497e-12,2.1565395154884668e-10,1.612042084320695e-06,1
566,04:48:30,5.2261253517937165e-11,5.966830287079809e-12,2.443038261160118e-12,3.2532994553886886e-13,1.0990045011070831e-12,2.1794105049467517e-10,1.6356225359549362e-06,1
567,04:49:00,4.303897691053694e-11,1.3930135731920465e-11,6.111776466517715e-12,4.905003013182325e-13,1.5010145715046862e-12,3.0749389603994834e-10,1.5910273563952849e-06,1
568,04:49:30,1.9897824118269044e-11,9.788426570171588e-12,6.3217531178033174e-12,3.8344453227415236e-13,8.619751676147248e-13,4.0389342596676516e-10,8.188575433211781e-07,4
569,04:50:00,4.6036964793201114e-11,1.4411094876998025e-11,7.2431842997081994e-12,5.362125394215909e-13,1.5319704067460055e-12,3.368552348557724e-10,1.457406450873889e-06,4
570,04:50:30,4.039252443025676e-11,1.049773504196795e-11,4.547434334153158e-12,5.4137774631238e-13,1.768968452987942e-12,2.5963721626009086e-10,1.242635420697229e-06,4
571,04:51:00,2.5854407536229336e-11,1.3382707404005699e-11,4.32259114691296e-12,4.988343564727995e-13,1.4736213342155767e-12,2.7692701072398504e-10,1.7018013541913458e-06,4
572,04:51:30,1.345951021260924e-11,9.509040892287384e-12,4.594412845927777e-12,3.8910458678646004e-13,8.147910438417673e-13,1.943096019103991e-09,1.044486114075984e-06,4
573,04:52:00,1.5353078871764204e-11,1.2090588128753943e-11,3.5234231991012026e-12,4.4851202665210706e-13,7.929986246705235e-13,1.7895814327292226e-10,2.094512779093391e-06,4
574,04:52:30,3.44708559386291e-11,9.227780386241718e-12,4.7129932245496195e-12,4.0483940057012654e-13,8.672311292136748e-13,1.2636778051539294e-09,1.1218212998429325e-06,4
575,04:53:00,2.1887537771646635e-11,1.147095930575523e-11,4.013551778100397e-12,4.705614627358493e-13,8.165149132887712e-13,5.051765432385002e-10,1.8706611344141597e-06,1
576,04:53:30,2.965289206177718e-11,7.824004803204808e-12,3.338968377141853e-12,4.1283445474568417e-13,1.0954398904011574e-12,6.312392051430867e-10,8.812385422657886e-07,4
577,04:54:00,2.2384680031525373e-11,1.0905924685790083e-11,4.492420362389294e-12,4.567743891997098e-13,1.0853039902774383e-12,5.730440078405196e-10,1.4692355840603604e-06,4
578,04:54:30,1.811123299832743e-11,1.0167408108317046e-11,6.707263638692512e-12,4.2379579532251383e-13,8.275306339258749e-13,3.76917787617368e-10,1.5353456802741734e-06,4
579,04:55:00,1.3145035288298643e-11,8.097158297298891e-12,3.622749319740519e-12,3.7000284296357875e-13,7.644036915868847e-13,1.843783042344703e-10,8.908246804305865e-07,4
580,04:55:30,2.3320930256589572e-11,1.2795613398366905e-11,4.375292415475649e-12,4.4595641032238307e-13,1.3971300504655461e-12,1.88160361410034e-09,1.5309564280607083e-06,4
581,04:56:00,1.9097761276745324e-11,5.152213113735088e-12,3.691122094762822e-12,4.232471083741642e-13,1.059260306602599e-12,5.717058561387435e-09,6.18386121916779e-07,4
582,04:56:30,1.950490648967916e-11,1.5644298443733524e-11,3.890273093406631e-12,5.119950455400561e-13,1.1220828736749813e-12,4.300164874768339e-10,2.1268880489005597e-06,4
583,04:57:00,2.3199831930358134e-11,1.0958065565819112e-11,6.71173494346215e-12,5.342029131592998e-13,1.4432282546489636e-12,1.6366711270594292e-10,1.7061426979741646e-06,4
584,04:57:30,2.678131647307542e-11,9.451801579898458e-12,3.787081681370038e-12,3.6114931225679733e-13,9.391543365922769e-13,1.2514764536816988e-10,1.4993060877356203e-06,4
585,04:58:00,2.3195879241827842e-11,5.1182860701263085e-12,3.274120366700788e-12,3.820405079437439e-13,1.1912070178694766e-12,1.6848306289059998e-09,8.217550094932616e-07,4
586,04:58:30,6.084538665622165e-11,1.2294799812173593e-11,5.090916423151181e-12,1.3797960385605608e-12,2.2594805938275495e-12,3.004859369794403e-09,3.0634143709407898e-06,0
587,04:59:00,3.923097636091112e-12,7.849930568250754e-12,5.722717167604419e-12,8.479385392857408e-13,9.821531784031917e-13,2.7856713835958326e-10,3.31743817469925e-06,0
588,04:59:30,6.404696653419274e-12,4.6021319249257955e-12,2.7418343355727e-12,5.537927093660186e-13,8.520722859887463e-13,1.9647388582143947e-10,2.9049439969806654e-06,1
589,05:00:00,1.4330928765969056e-11,1.0513932236738916e-11,3.287010356747318e-12,4.5071406486615476e-13,1.0474007919653415e-12,4.676091693065229e-10,2.6475830284204563e-06,1
590,05:00:30,1.9490772186565215e-11,1.5259466562341255e-11,5.156037277797128e-12,5.529335401553624e-13,1.3504038004424848e-12,4.847387109739696e-10,1.8448646220352615e-06,0
591,05:01:00,1.4472412199346876e-11,7.131902050891454e-12,2.44669440983477e-12,3.157067010412194e-13,7.401444489017409e-13,8.93166289567924e-11,1.8468554069695934e-06,1
592,05:01:30,5.137232591074243e-11,6.037493468353626e-12,2.86744887166692e-12,3.4075923229842357e-13,8.313396704691869e-13,2.5627285290191974e-10,1.9297792590244585e-06,1
593,05:02:00,2.0506386584825013e-11,6.2139642383409324e-12,3.2463562429827976e-12,3.8147010834935663e-13,9.14314501622867e-13,3.537123301078914e-10,8.106259524401335e-07,4
594,05:02:30,8.393926483505866e-12,8.228770876919944e-12,3.6913103186883746e-12,3.869743501133562e-13,8.770841453132732e-13,2.7545847402954615e-10,4.861764798590036e-07,4
595,05:03:00,1.4540412118167742e-11,7.299650241735482e-12,3.8917174791748444e-12,3.683753977080995e-13,8.366971064496701e-13,5.292716863819989e-10,1.247981483684046e-06,4
596,05:03:30,7.66959669169398e-12,5.572402173466486e-12,2.823143234748025e-12,3.412603078667162e-13,6.391790780667563e-13,4.375340191731189e-10,1.0138659511751863e-06,4
597,05:04:00,8.229537820114197e-12,6.2164420703902615e-12,4.353822532150594e-12,5.051308332495963e-13,1.5452422779167884e-12,7.668171440849168e-10,6.090521246146208e-07,4
598,05:04:30,1.746770792746115e-11,9.068439867583656e-12,3.114161839775945e-12,4.580251711566841e-13,8.633289195466337e-13,2.0469568570403447e-09,4.825127099260633e-07,4
599,05:05:00,1.3454698055073291e-11,8.087732735664226e-12,2.8139173869084793e-12,3.053090532934837e-13,5.541292528260888e-13,7.574111784456448e-10,8.184933356905249e-07,4
600,05:05:30,1.9137327867171037e-11,6.314332727917125e-12,3.700735572787108e-12,3.9520806281107225e-13,9.392403808620935e-13,2.2720725996287866e-09,5.383460706532439e-07,4
601,05:06:00,2.5779647371377955e-11,7.066812158147502e-12,6.018147293763314e-12,3.9791948030749296e-13,6.448841110333319e-13,1.9775346532639978e-09,5.602472094228972e-07,4
602,05:06:30,1.8361513999315227e-11,3.6296980364516013e-12,2.5257394462557643e-12,3.274392556243853e-13,7.942497151886701e-13,8.502252271660326e-10,4.824840429075787e-07,4
603,05:07:00,1.4268777421030068e-11,3.744498236039797e-12,3.100016859730068e-12,3.387995250084182e-13,8.049581295540582e-13,3.4534632459260445e-09,4.6868576963842896e-07,4
604,05:07:30,2.378815473353758e-11,3.3929144770019953e-12,2.062136906710704e-12,2.7295378526846813e-13,5.752740293272515e-13,5.734002209660713e-09,4.632404514417803e-07,4
605,05:08:00,1.786466793556662e-11,2.458770145331074e-12,2.8307482007442804e-12,3.4443294873611353e-13,5.601129125342123e-13,8.786705633311404e-09,4.865112047085993e-07,4
606,05:08:30,1.4981654229534925e-11,3.2437177978309335e-12,2.2601157436328296e-12,3.2971754071424314e-13,7.213187861262263e-13,1.035113777530781e-08,5.0607341743861e-07,4
607,05:09:00,9.812172261566255e-12,1.3553311884660587e-11,6.247932494232459e-12,5.084425713919362e-13,1.0525291299795688e-12,2.1863594398705945e-10,5.069580480742413e-07,4
608,05:09:30,1.0733845004248213e-11,7.87340778983979e-12,3.181993534146932e-12,4.868115622041649e-13,1.1535493845361674e-12,1.5399043131978575e-10,7.929842705109193e-07,4
609,05:10:00,9.598848368873898e-12,4.852880144623493e-12,3.5863536046244065e-12,3.1751134696020086e-13,8.297886023765943e-13,1.1328612195036286e-10,4.668652499637926e-07,4
610,05:10:30,7.929160769990694e-12,4.750639815575109e-12,2.8773086716620415e-12,3.1921993551155393e-13,8.493071471957737e-13,1.4374981987973794e-09,4.605755413028493e-07,4
611,05:11:00,1.0544571644467849e-11,4.6319039189614e-12,3.3128303273370832e-12,3.7798687400721933e-13,1.1023007392655408e-12,1.6792235249478938e-09,4.772981975805907e-07,4
612,05:11:30,2.1240951394336613e-11,3.7328737720607076e-12,3.483427246664057e-12,3.2255848485395537e-13,9.119096792555342e-13,2.3775800450288703e-09,4.80127376660033e-07,4
613,05:12:00,7.036587074184142e-12,5.855224587412874e-12,2.9468629221937347e-12,3.174348915507479e-13,6.145319760340259e-13,1.142405868247681e-09,4.501290667947178e-07,4
614,05:12:30,2.2039199812197265e-11,4.354459980673575e-12,2.5435373115057814e-12,3.3625564577155286e-13,8.341997594138146e-13,6.190816706135113e-09,4.6711877535073974e-07,4
615,05:13:00,8.345427579739734e-12,8.773364214605495e-12,3.450034755485343e-12,3.9221804340791805e-13,1.0167230949357211e-12,7.507496411793237e-10,7.462736566593805e-07,4
616,05:13:30,1.0421311920379579e-11,1.246725268450533e-11,4.2976517487384395e-12,5.379648159985177e-13,1.1711444921623104e-12,2.8238322162762446e-10,5.880439284542715e-07,4
617,05:14:00,1.116430645197627e-11,9.01276502098607e-12,3.866184849937686e-12,4.4981962623136626e-13,1.3142423445829697e-12,1.870427845009834e-10,5.550450250515334e-07,4
618,05:14:30,1.7492161877277853e-11,7.194405328577241e-12,5.293828279518762e-12,4.681677924082784e-13,1.510855420876178e-12,1.8362541804575702e-10,5.357986053914707e-07,4
619,05:15:00,1.4300648620562141e-11,1.0446569574986007e-11,4.927232664263135e-12,1.3450892634992054e-12,1.5071807378380015e-12,1.7879040804625523e-09,2.274709615535853e-06,1
620,05:15:30,2.5545483622293528e-11,4.8499511390902775e-12,1.989941771859308e-12,2.433760321322753e-13,5.735545683041788e-13,1.2947155215585495e-10,5.519192743069001e-07,4
621,05:16:00,3.1785743257233233e-11,5.783752481200363e-12,4.403952170712502e-12,4.2519603133757914e-13,1.1650507432294746e-12,1.8249327162283933e-10,7.417391745471235e-07,4
622,05:16:30,2.2791885174891616e-11,8.373466968329841e-12,4.761674364057772e-12,4.4106621152405915e-13,1.5029055255486348e-12,1.4745679446566742e-10,4.875731654391123e-07,4
623,05:17:00,2.63809762599262e-11,4.692425868323653e-12,2.4548981313330326e-12,3.923667097834391e-13,8.007152337823681e-13,7.923392858368329e-11,5.191919409227784e-07,4
624,05:17:30,5.441272361592783e-11,7.2071435126217405e-12,2.8721296624636105e-12,4.550090699480029e-13,1.6565620593605928e-12,8.726888275074544e-11,5.015318188324749e-07,4
625,05:18:00,1.2066399525051633e-11,4.014055967536754e-12,3.0105511084454593e-12,3.952026090157399e-13,9.873040474739846e-13,6.491534526613905e-09,5.223017900054133e-07,4
626,05:18:30,1.0586179843350049e-11,6.1945312177049384e-12,2.657255682720708e-12,3.320661956743266e-13,9.166585509083306e-13,1.1055870770467271e-09,7.736122345524966e-07,4
627,05:19:00,2.1238781347511587e-11,6.9949098243869465e-12,4.634890882829079e-12,5.074681756006437e-13,1.6175918689735925e-12,3.332154165443428e-10,5.134930328820458e-07,4
628,05:19:30,2.4257209317256684e-11,8.601351683412941e-12,2.9649007262370224e-12,3.800747818985642e-13,7.65783392503045e-13,7.917970430489732e-11,5.142152239935241e-07,4
629,05:20:00,1.712527625597466e-11,5.2662751071666485e-12,3.5154802601954437e-12,4.591452791040485e-13,1.3780740004948756e-12,9.707844094320752e-11,5.216274029700503e-07,4
630,05:20:30,1.4784981751553214e-11,6.559368689104254e-12,2.743033707011028e-12,3.4840354088391105e-13,8.981488717107653e-13,1.6156268036848552e-10,5.101244578344374e-07,4
631,05:21:00,2.083664062591455e-11,3.8631041674132605e-12,2.7452894830381216e-12,2.886698020560602e-13,6.94898245951382e-13,8.974549139591605e-09,4.97026488222749e-07,4
632,05:21:30,1.3664711459400021e-11,7.673165580978573e-12,3.0478763014440962e-12,3.3816393103842396e-13,7.811152664555071e-13,1.2287360440110302e-09,5.883442526440286e-07,4
633,05:22:00,1.3440689683526973e-11,3.171256233435113e-12,2.08794589997246e-12,3.08980055821298e-13,7.422066174882502e-13,3.2557082354869304e-09,4.965872850794829e-07,4
634,05:22:30,1.9762723823535518e-11,3.5236984007549165e-12,3.3081282572140216e-12,3.8721620139250764e-13,9.90437879653883e-13,2.5474148836404486e-09,7.187418110375364e-07,4
635,05:23:00,5.300910808898443e-12,4.223348309183865e-12,2.5420057803445137e-12,4.0302844256522246e-13,8.441501733786954e-13,6.964912449764538e-10,6.250351868519815e-07,4
636,05:23:30,1.288357384509489e-11,4.469022558920661e-12,3.6657052877052586e-12,4.065681583505377e-13,1.5000873776600612e-12,1.2546620202058728e-09,4.992893605337872e-07,4
637,05:24:00,1.0695199884685272e-11,3.6166077514889863e-12,2.4363567672364355e-12,2.9573228772346246e-13,8.275147838669438e-13,3.7934012658982247e-10,4.891134409571565e-07,4
638,05:24:30,1.5939481599134753e-11,4.81599242138894e-12,3.1968185397448245e-12,3.982617730068588e-13,1.1198140113496357e-12,1.239431551630922e-09,4.798386959707861e-07,4
639,05:25:00,1.3450496565523708e-11,7.786220057589476e-12,4.25172070735422e-12,4.396895393026985e-13,9.8303970053173e-13,1.7655821193825966e-10,5.201955859109892e-07,4
640,05:25:30,1.838642766306894e-11,4.6316579231528355e-12,3.444521286482357e-12,5.036215208470157e-13,1.1596921503841863e-12,3.400052928498818e-10,4.952275341016073e-07,4
641,05:26:00,2.056285649223778e-11,4.9673308343711894e-12,3.996532396964796e-12,4.763103360993848e-13,1.8584345747445934e-12,2.3388234867708617e-10,4.914329719752992e-07,4
642,05:26:30,1.113242476735128e-11,5.236301209195e-12,3.8169627693476615e-12,4.3066761917039123e-13,1.2287956203406597e-12,8.13013492844293e-10,5.18017350006937e-07,4
643,05:27:00,2.2614404268319363e-11,3.8645686733235044e-12,2.58984210023488e-12,2.881499832228355e-13,3.8986721884565694e-13,5.490824346847381e-09,5.263591502946675e-07,4
644,05:27:30,1.2597426087235955e-11,2.993383761194134e-12,2.0589456790981433e-12,3.3643100328587233e-13,7.113401662557612e-13,5.803022755825987e-09,5.317692737777104e-07,4
645,05:28:00,6.018252002383498e-12,5.246693563704664e-12,2.787569942791817e-12,3.8139305691992057e-13,8.030757809461804e-13,3.162572076690395e-10,8.817961755109309e-07,4
646,05:28:30,1.3224151814973751e-11,9.114146079443124e-12,4.678599286678082e-12,5.627595392288542e-13,1.3719452924971168e-12,6.984073088597504e-09,7.239620436752782e-07,4
647,05:29:00,9.888274770401402e-12,6.715116236104331e-12,3.445365111119629e-12,1.0472522046129517e-12,1.6070453315466418e-12,4.3709571997993863e-10,2.8462559484908527e-06,0
648,05:29:30,3.9170680162827394e-12,8.352475613456918e-12,5.0918825993090374e-12,6.137950708205985e-13,7.562278939876004e-13,1.947740903003669e-10,1.9680701291810078e-06,0
649,05:30:00,1.0035735953379854e-11,8.097111178815558e-12,7.289921222606164e-12,7.451937478793702e-13,1.429995826220388e-12,6.845024808996572e-10,1.8887444309248158e-06,0
650,05:30:30,6.191055961813292e-12,8.524183389548109e-12,4.678023988791938e-12,8.109749576196298e-13,1.4693606573337483e-12,6.170134734333077e-10,2.243934148962227e-06,0
651,05:31:00,4.126130415003599e-12,7.067054058288869e-12,5.800071917454527e-12,8.523089722924982e-13,1.5749313831925103e-12,5.398747134627367e-10,1.7884958367377054e-06,0
652,05:31:30,5.4151073321063826e-12,7.446700344130421e-12,4.458179044936752e-12,9.840174003229221e-13,1.865584689953658e-12,6.627088502673942e-10,2.007654722259198e-06,0
653,05:32:00,6.559218945880268e-12,6.521163852275256e-12,5.540626330511519e-12,5.94131340516411e-13,1.2177134927389687e-12,3.703492708301034e-10,1.3497862408812785e-06,1
654,05:32:30,1.0206866230917633e-11,7.291132623921486e-12,3.603823627007173e-12,5.475946905532995e-13,1.0893686066020797e-12,3.344677660828686e-10,1.7841393320369632e-06,1
655,05:33:00,1.8914037985646966e-11,4.554578882918417e-12,2.9923212376745135e-12,4.2896199578129493e-13,8.057278362831137e-13,1.0516122605150062e-09,1.7385001132381008e-06,1
656,05:33:30,1.514925783648289e-11,5.8577139064128186e-12,2.887114548457035e-12,5.399279352446018e-13,1.1908555676782768e-12,5.111924731503707e-10,1.3550495688309105e-06,1
657,05:34:00,5.769465329603819e-11,9.913975204568619e-12,2.489472626348568e-12,4.4034215077459855e-13,1.349514776589187e-12,1.2438421729998753e-10,1.2962997894362075e-06,1
658,05:34:30,4.22037927770035e-11,5.850279015225514e-12,2.744093080688535e-12,3.6976489071007846e-13,9.086271176805462e-13,1.7669777772415454e-10,1.286322378757946e-06,2
659,05:35:00,7.170564491927436e-11,4.64294703948316e-12,2.626996006157152e-12,3.036941679656823e-13,7.842350297953361e-13,1.1257705671639202e-10,1.2978373195856477e-06,2
660,05:35:30,2.695942582882705e-11,3.851591803127845e-12,1.4937470879006372e-12,2.6928252467044e-13,5.217921435111622e-13,8.498209978423407e-11,1.1372553631590436e-06,2
661,05:36:00,4.102381977484157e-11,6.993777257737649e-12,2.818758814162686e-12,3.72076047461976e-13,1.0366175259123815e-12,2.1140588544408457e-10,1.2715787057080856e-06,2
662,05:36:30,9.640325369851876e-12,2.961259489168145e-12,1.3392042469377857e-12,2.3182161336194263e-13,6.327591093373113e-13,1.057143175270342e-10,1.1748703314694485e-06,2
663,05:37:00,3.9547204392181596e-11,3.1690575198057383e-12,2.187673537890629e-12,3.401603285258075e-13,5.810191762523748e-13,1.0892525670040112e-10,1.1377419661559122e-06,2
664,05:37:30,2.112008030594833e-11,4.034807293603826e-12,2.206160363350335e-12,3.6541125130225433e-13,8.392277250973774e-13,8.55815314228406e-11,1.250855758877754e-06,2
665,05:38:00,1.853966900057784e-11,3.4546966586043355e-12,2.768199894593377e-12,2.8359958775034733e-13,6.641010687008256e-13,1.0268604874122227e-10,1.1167437457276759e-06,2
666,05:38:30,3.5298538403398446e-11,3.473411230859164e-12,2.5976336293363205e-12,3.339225571252553e-13,8.099723322445501e-13,9.996252782388931e-11,1.225416553962883e-06,2
667,05:39:00,3.4125575647877415e-11,4.149984778778396e-12,2.419775704445197e-12,2.634570501092086e-13,6.804451578439017e-13,1.0850854057983543e-10,1.282743967121258e-06,2
668,05:39:30,1.9600354112177433e-11,3.787608105914782e-12,1.623857706518241e-12,4.062117229072542e-13,7.922070945365417e-13,6.828808679470176e-11,1.087451922619737e-06,2
669,05:40:00,2.8683232880178077e-11,7.1477930052005975e-12,2.9855967221956346e-12,4.0789766485837096e-13,1.0533490980463917e-12,1.708237087492471e-10,1.225085598245124e-06,2
670,05:40:30,2.5410033994235623e-11,2.8474805447581922e-12,2.157593435148007e-12,3.0800787255293606e-13,6.760744912176921e-13,9.741018982769473e-11,7.871114718625107e-07,2
671,05:41:00,1.9733222490368126e-11,3.230480133901771e-12,1.546149623482017e-12,2.612808011139198e-13,6.040901295618331e-13,8.542595338889356e-11,1.7140080471401114e-06,2
672,05:41:30,1.190647579033806e-11,2.448927713446996e-12,1.9631683522703425e-12,2.9821422828473296e-13,8.204008763300813e-13,1.1381536050077321e-10,8.225543482671305e-07,2
673,05:42:00,2.449928114539382e-11,4.86633659735528e-12,1.6107874238409101e-12,4.732751377136276e-13,1.0449276303299608e-12,8.780462101394658e-11,8.643216635057536e-07,2
674,05:42:30,3.0494686761908844e-11,4.565491793613611e-12,1.88374091313649e-12,3.3660745782116355e-13,6.847973047602093e-13,1.0002653601409591e-10,9.792455644464787e-07,2
675,05:43:00,3.131239345426591e-11,3.2825034072590218e-12,1.7503720999611814e-12,2.8121158257785144e-13,6.598237652948187e-13,2.0965416237727825e-10,7.923063903966406e-07,2
676,05:43:30,4.4451256208752347e-11,5.5563385661984074e-12,2.534696779257959e-12,2.936714376599702e-13,8.592748799982225e-13,1.9468314679042907e-10,8.167178875851826e-07,2
677,05:44:00,1.859683006261962e-11,4.1486476284586606e-12,2.074887416996702e-12,2.6812468988059193e-13,4.710714080649142e-13,9.985914154896368e-11,1.0231227626165404e-06,2
678,05:44:30,1.742583228188015e-11,3.683135480272383e-12,1.9088244832417628e-12,3.8133515198202355e-13,9.10057300314912e-13,1.1498186774638953e-10,8.183399563348832e-07,2
679,05:45:00,3.434962361557559e-11,3.457690993793434e-12,2.144674676907828e-12,2.8454944428681277e-13,7.305205330959904e-13,9.669638075125862e-11,8.571471525412905e-07,2
680,05:45:30,5.137919395241868e-11,3.879082460375831e-12,2.4378429121464026e-12,3.802471100820734e-13,8.974824590205568e-13,1.925559246562017e-10,8.686407187684541e-07,2
681,05:46:00,2.584017571448073e-11,5.777754215343455e-12,2.4908781861252575e-12,3.792115168548589e-13,9.548861695322081e-13,1.1072222597960697e-10,8.743265186242781e-07,2
682,05:46:30,2.7936229389999545e-11,6.075533286477888e-12,3.5840221463498926e-12,3.344335866219996e-13,7.453565253347005e-13,1.4757797340169362e-10,8.76183157548242e-07,2
683,05:47:00,1.410508786179341e-11,1.515783597232737e-11,5.612779449034198e-12,6.269797438285192e-13,1.486956725920168e-12,2.4105042331011937e-10,9.100651235594542e-07,1
684,05:47:30,6.824430115798751e-12,7.387591688796768e-12,4.797099739398225e-12,4.864257104069171e-13,9.776310634097431e-13,1.5461383706787866e-10,9.036895546138514e-07,1
685,05:48:00,2.891189927945299e-11,8.059497830754533e-12,3.4534129627986437e-12,4.06087599238898e-13,1.1584524158133567e-12,1.8180029938401687e-10,8.715055971899424e-07,2
686,05:48:30,1.2560902032767156e-11,1.0566700269555965e-11,5.728042940244148e-12,5.746904449688571e-13,1.0870979516379227e-12,4.3117730404063344e-10,1.0288780540269926e-06,1
687,05:49:00,4.6323952724772934e-11,5.13316978874969e-12,2.0129589975371244e-12,2.899701613793896e-13,6.954827539288877e-13,1.563703144358217e-10,1.325996596441021e-06,2
688,05:49:30,3.28371426082845e-11,5.507777530006928e-12,2.601174734945484e-12,3.3073556121940115e-13,8.128165829542601e-13,1.3317947841277853e-10,1.0617444576289333e-06,2
689,05:50:00,2.561357245426188e-11,7.098999918370379e-12,2.5774630691284066e-12,3.5251816998183157e-13,9.04047357312477e-13,1.2641459424535408e-10,9.640925579724593e-07,2
690,05:50:30,2.1815053934302947e-11,4.455924032162102e-12,1.878760923908232e-12,3.4265828677894836e-13,1.048742453839486e-12,9.586954683324944e-11,9.27134559737861e-07,2
691,05:51:00,2.5745467762006466e-11,3.0970554468418377e-12,1.975916090995311e-12,2.618289484030944e-13,5.372414977907626e-13,9.248513040063992e-11,8.843244020976311e-07,2
692,05:51:30,2.1467160128404274e-11,4.435352646947049e-12,2.7616513673628486e-12,4.285782618196125e-13,1.0675437271599952e-12,1.202802557589192e-10,8.92801028712615e-07,2
693,05:52:00,2.2751014673298468e-11,3.5454668059119467e-12,2.2937047382961142e-12,3.683284828422784e-13,6.02561178482177e-13,7.629483533091226e-11,9.551012245629455e-07,2
694,05:52:30,2.83418766239565e-11,4.0339973183523e-12,1.6956636878614236e-12,2.9105734435663566e-13,8.00423020262976e-13,1.0001420807477473e-10,8.105111852856192e-07,2
695,05:53:00,2.1647923032357878e-11,5.7817497894682415e-12,3.2160482549226674e-12,4.255251853305059e-13,1.574510405251567e-12,1.2310146079997755e-10,9.342246742794655e-07,2
696,05:53:30,3.313868260551053e-11,4.715843424618275e-12,2.6489815581142985e-12,3.4377029922023756e-13,1.1494481495193382e-12,7.607203172497767e-11,8.352712758361529e-07,2
697,05:54:00,2.0650761515514232e-11,4.133780895948343e-12,2.1002876362070884e-12,2.3203361949580484e-13,6.018565493621371e-13,1.218740641575762e-10,1.0733804576423003e-06,2
698,05:54:30,4.31247935250758e-11,6.385591353478344e-12,2.3223851701095505e-12,3.161047352890194e-13,7.117580415032364e-13,9.40115019006233e-11,9.044783643824392e-07,2
699,05:55:00,2.8619586793728557e-11,4.4664672647045786e-12,2.0645439799103185e-12,3.572917675086839e-13,9.121043653598863e-13,1.1491185781677675e-10,8.685266616450228e-07,2
700,05:55:30,3.051499985435969e-11,4.323268370603101e-12,1.4008576117441055e-12,3.2385285160348983e-13,9.909304537590681e-13,1.3163821481922237e-10,9.822587018500385e-07,2
701,05:56:00,4.818393187820818e-11,1.0866933526559282e-11,5.245972937751102e-12,8.552628858887441e-13,1.4652608890310415e-12,4.433915663912901e-10,2.4761629529139693e-06,1
702,05:56:30,5.14588299906736e-11,6.3811648765336036e-12,3.2696531156766115e-12,3.0448608824113223e-13,6.952512478667246e-13,1.4761418184978552e-10,1.6972425014109132e-06,2
703,05:57:00,2.0404180731184594e-11,4.750530368634502e-12,2.4094132853862125e-12,2.9043171977205656e-13,7.514054411359747e-13,1.3786569553155985e-10,1.5558481060591443e-06,2
704,05:57:30,2.2929914212671442e-11,4.7411437604786496e-12,2.266202691897095e-12,4.833128340818498e-13,9.623421396821604e-13,2.1124124837693487e-10,1.5135062717485355e-06,2
705,05:58:00,1.7549686312627335e-11,7.395286007207615e-12,3.338125441810939e-12,5.066778249766489e-13,1.4076633018830375e-12,3.928461037760205e-10,1.7215833525475902e-06,2
706,05:58:30,2.8939601748616434e-11,3.917345479958424e-12,2.658017972613372e-12,2.7298038258297337e-13,7.459185150096285e-13,1.385421178455434e-10,1.70228111984677e-06,2
707,05:59:00,2.5684596149940328e-11,6.185450119544598e-12,1.859635886276102e-12,3.1472171727979877e-13,8.660447631371732e-13,1.5996879234330432e-10,1.6509620323254335e-06,2
708,05:59:30,1.7331948796792536e-11,4.495249699604798e-12,2.070892246896949e-12,2.6008796161160407e-13,6.470093626290648e-13,1.199823214292923e-10,1.5891410538505923e-06,2
709,06:00:00,5.075520373899796e-11,5.803826933901545e-12,4.89670708337675e-12,3.7218789541459955e-13,9.566529946398182e-13,1.6165576726889481e-10,1.723004752371085e-06,2
710,06:00:30,2.227204314257117e-11,4.230163273983233e-12,2.6393255720112855e-12,2.660140802479899e-13,7.379344390982852e-13,1.2857086312052553e-10,1.6175977610695205e-06,2
711,06:01:00,3.133636415189687e-11,3.1145566211010338e-12,1.9354346930238352e-12,3.307896012502235e-13,6.580562816074294e-13,1.253178084809481e-10,1.4550594140061274e-06,2
712,06:01:30,4.2200093295226715e-11,6.630104137788293e-12,5.741584171201505e-12,5.023069437458406e-13,1.3133879354030115e-12,7.210697185514943e-10,1.8023108199042801e-06,0
713,06:02:00,2.1481446976425457e-10,5.462778453178327e-12,5.2186986948113335e-12,1.6062391907279101e-12,1.3722967114704326e-12,3.81540869155093e-09,3.197815866725382e-06,0
714,06:02:30,6.171888712677089e-11,3.416654330200311e-12,6.512980777812703e-12,8.459545316868049e-13,1.1948553235073158e-12,7.119107667167719e-10,3.308860041421856e-06,0
715,06:03:00,1.8121259672712033e-11,3.780825330139858e-12,9.896816698491336e-12,9.345999652870634e-13,1.5411559348431063e-12,9.41389361988398e-10,3.191537913678133e-06,0
716,06:03:30,1.0176091181043598e-11,4.010956555751338e-12,7.516041612645005e-12,7.860398264951217e-13,1.1273780151773937e-12,6.290300389660349e-10,3.112292982816148e-06,0
717,06:04:00,1.336951108006339e-11,4.935500598963534e-12,4.444287088980959e-12,8.003127903802752e-13,1.2768853839751293e-12,7.338521135380871e-10,3.020017810168758e-06,0
718,06:04:30,6.04707088361921e-12,6.205240783100641e-12,5.2191920974800295e-12,6.570435553560656e-13,1.2063965074676042e-12,9.136751541191793e-10,2.578373336194341e-06,0
719,06:05:00,5.189956221745225e-12,7.161954342971687e-12,4.204975037847362e-12,7.117672607131152e-13,1.051436306523575e-12,3.0488072050088633e-10,2.5226310679810445e-06,0
720,06:05:30,4.390336658447253e-12,5.268269726425672e-12,6.5269992590393186e-12,7.166946059811298e-13,9.731720643611097e-13,5.664601876658335e-10,2.5434761567112885e-06,0
721,06:06:00,3.894748498185463e-12,6.483378906788973e-12,3.548146552227926e-12,5.48672630013709e-13,1.0121339241620199e-12,2.6670021973940157e-10,2.5946115267820496e-06,0
722,06:06:30,4.378769524955667e-12,4.827275738039384e-12,4.929215968493077e-12,5.952969714930594e-13,1.04746229949188e-12,5.730658090071959e-10,2.6539070053415974e-06,0
723,06:07:00,7.89983341653684e-12,4.551435496646024e-12,3.716081145765083e-12,4.633520797851091e-13,6.84585547153567e-13,2.397654784209841e-10,2.5366735241058883e-06,0
724,06:07:30,1.1708912885254672e-10,9.321011904148581e-12,1.3914578205426702e-11,1.2725229444205369e-11,4.962382034478201e-12,9.95306290542337e-10,2.9748995642077715e-06,0
725,06:08:00,8.632635161640289e-12,5.661119759729893e-12,5.597280540897715e-12,1.0518125332251964e-12,1.3504835055509566e-12,4.969137312685527e-10,2.4459189837241637e-06,0
726,06:08:30,5.604469086677621e-12,5.38409844974598e-12,6.192949235408216e-12,6.946490709499732e-13,9.578351244920702e-13,3.5442435125685534e-10,1.8237801164480284e-06,0
727,06:09:00,6.344373736821785e-12,2.898736651450317e-12,6.22226417541352e-12,6.324597349883125e-13,8.269319215804484e-13,4.60581629776091e-10,2.030659862123169e-06,0
728,06:09:30,5.588235654336402e-12,4.400392342100253e-12,5.576575263879873e-12,7.323178689645291e-13,9.048446125027255e-13,4.4808428561781006e-10,1.969704986010622e-06,0
729,06:10:00,6.007899992318245e-12,3.4923569131420243e-12,4.595714795208638e-12,7.613652061285552e-13,1.0912309391596855e-12,2.997755708141714e-10,2.4280089099966786e-06,0
730,06:10:30,4.8556863154762085e-12,4.371665168454188e-12,4.646045138035265e-12,8.402409168759692e-13,9.291247863348086e-13,3.286859419315099e-10,2.251319595785602e-06,0
731,06:11:00,4.0924893077799774e-12,5.282710847023256e-12,5.02271783618841e-12,8.445728739437632e-13,1.1240358917569032e-12,6.393559109881224e-10,2.2139489219112618e-06,0
732,06:11:30,4.7194425472603736e-12,5.015989592515606e-12,7.339251129641855e-12,6.500837930710461e-13,1.2762476328137823e-12,7.523721678375402e-10,2.283050794208402e-06,0
733,06:12:00,1.1026957894295783e-11,6.1081274599507246e-12,5.2769417624532176e-12,8.508068813496906e-13,2.0064544278786006e-12,7.163588492233947e-10,2.117555553779517e-06,0
734,06:12:30,5.2234101380943845e-12,4.794648376754392e-12,4.000027120212427e-12,6.169395257186306e-13,6.193017881949055e-13,3.358791012047733e-10,2.0872596662365135e-06,0
735,06:13:00,9.538500256083122e-12,4.6428150059525e-12,4.114082023259211e-12,4.839380706899914e-13,6.976756410305918e-13,3.5599038274230465e-10,2.1987301539587543e-06,0
736,06:13:30,1.1475361009061899e-11,6.224562559843274e-12,4.766409046303121e-12,6.620949358038126e-13,1.3072373528229227e-12,3.227947262502996e-10,2.6516637920076266e-06,1
737,06:14:00,1.1256249986714866e-11,7.919907966683587e-12,5.465751960225905e-12,7.767534024920757e-13,1.065947871289047e-12,3.3832653072792577e-10,2.7874797050735398e-06,1
738,06:14:30,1.9067764659272435e-11,5.9839168313913136e-12,3.768363065351318e-12,4.349903810814099e-13,7.864586552038348e-13,3.0724030118226754e-10,2.613920519851047e-06,1
739,06:15:00,1.2085130775360709e-11,5.919894636580847e-12,2.683215924463122e-12,4.957767975854736e-13,7.271702725843866e-13,2.3730562630313897e-10,2.2178725829110647e-06,1
740,06:15:30,1.0021771958638021e-11,8.308177463317399e-12,7.204681652008134e-12,9.84184213574073e-13,1.875015948130564e-12,1.8656769688682646e-10,2.4127610423783107e-06,0
741,06:16:00,1.944625236016084e-11,5.5279751077731705e-12,3.2237834578092427e-12,4.5410322531415834e-13,8.484061694166309e-13,2.594761948391754e-10,2.315207317160356e-06,1
742,06:16:30,2.8673184856110197e-11,4.329223086241865e-12,4.233986244516575e-12,4.3689319614985845e-13,1.2326934696541218e-12,1.518789624716308e-10,2.219213152034171e-06,1
743,06:17:00,2.561625889135942e-11,5.003313855803253e-12,2.3220946485605903e-12,4.077321384233548e-13,6.206934561849308e-13,2.0744898225041935e-10,1.9526591804665963e-06,1
744,06:17:30,6.832127009936676e-12,5.138101555275673e-12,6.804151162933745e-12,1.1172936107864617e-12,3.082318859421766e-12,1.7645573121729947e-10,2.3642438992991808e-06,0
745,06:18:00,3.866472383681009e-12,4.9912074992612415e-12,4.8629246789444026e-12,1.4262898380876216e-12,1.6942680640005273e-12,4.1523923257810296e-10,2.738225686335441e-06,0
746,06:18:30,7.512084882674106e-12,2.8936096493519634e-12,3.90703976012839e-12,5.357202576064419e-13,7.198968626307129e-13,6.874582598642207e-10,1.938790325390877e-06,1
747,06:19:00,7.01714021884823e-12,5.239686637661681e-12,5.6419959389019904e-12,6.884096461244795e-13,1.2616751292258795e-12,4.5635571493983683e-10,1.898713353129631e-06,1
748,06:19:30,1.7945112409592936e-11,6.430889732185538e-12,2.390265139504958e-12,4.4305342673903235e-13,8.224225418965676e-13,2.0902663745065078e-10,1.7267994210966457e-06,1
749,06:20:00,9.197377897964408e-12,6.760914879121232e-12,5.335372675372425e-12,7.498263738442095e-13,1.9447141766417775e-12,2.6672498938905457e-10,1.8404216456268362e-06,1
750,06:20:30,2.3891477145843775e-11,6.6642318110170025e-12,5.963145310382412e-12,7.627986273039328e-13,1.4253788514989604e-12,1.9104136495131174e-10,2.3799341153643284e-06,1
751,06:21:00,5.671587280401011e-12,8.530970649102124e-12,3.642811798082672e-12,8.088215186914088e-13,1.4700228361281618e-12,1.6988856770742334e-10,1.952794079032187e-06,1
752,06:21:30,4.263989627544338e-12,6.1052405008858275e-12,6.84584993004279e-12,7.866646161254405e-13,1.0684326073505668e-12,2.2123793927219444e-10,2.185104226754101e-06,0
753,06:22:00,1.0445568332721571e-11,4.195681842952264e-12,3.2151876986913967e-12,5.712687985524761e-13,1.0225023139034212e-12,2.9542003678412327e-10,2.3556834390054074e-06,1
754,06:22:30,1.7680147500808887e-11,6.711251307043364e-12,2.853370613161044e-12,6.075213453786316e-13,1.307028761873607e-12,1.3657399007806206e-10,2.2710898747611587e-06,1
755,06:23:00,5.693280374095439e-11,9.719172917083368e-12,4.0083192108371985e-12,7.822518685805161e-13,2.555076786048868e-12,1.8768093473476e-10,2.3700572371170813e-06,1
756,06:23:30,5.7716624356865166e-11,5.388363456734529e-12,3.261336896509119e-12,4.725993714224619e-13,1.259896569602181e-12,1.6529494779911024e-10,2.396889412052008e-06,1
757,06:24:00,2.1105047213805427e-11,5.717573574043025e-12,1.94906297569631e-12,3.1370333221364105e-13,7.806251675044387e-13,1.8753678541410427e-10,1.7968057967496923e-06,1
758,06:24:30,4.990012573668507e-11,7.78873998262279e-12,6.7486008408238304e-12,1.2702899676776417e-12,2.320289951348694e-12,4.0852491046259244e-10,2.758715509455156e-06,0
759,06:25:00,5.084781908929163e-12,5.295533969044928e-12,3.897803645364821e-12,7.906091588252071e-13,1.080947816390941e-12,2.8822500382667586e-10,3.11224788936199e-06,0
760,06:25:30,1.637353743586159e-11,4.3188481912793435e-12,3.2907368822990546e-12,4.355535670589545e-13,8.358326622852349e-13,2.9364648866707774e-10,2.8030370808127886e-06,1
761,06:26:00,2.8997197628909576e-11,4.126580818671038e-12,1.870639370279651e-12,3.9209007182899847e-13,1.0851978181569854e-12,1.5429845132426712e-10,2.7539775879599157e-06,1
762,06:26:30,3.9154826020159286e-11,8.356697653712809e-12,4.620351725485048e-12,6.942472988509051e-13,1.5169954081540398e-12,1.7932100187130874e-10,2.9303920987458174e-06,1
763,06:27:00,5.35611297159901e-11,5.928965697053629e-12,2.4700085215300588e-12,3.8994038170722804e-13,7.364266947517001e-13,1.4573681612550256e-10,2.6529950755420933e-06,1
764,06:27:30,4.7623449299395515e-11,7.739034185671618e-12,2.768635152011408e-12,4.849836876069403e-13,1.2013671128885381e-12,2.5132690627742967e-10,2.2202689055078444e-06,1
765,06:28:00,3.9302717909162846e-11,4.697100193394842e-12,1.837846997942897e-12,3.952676125598627e-13,9.113601771013039e-13,1.3380861186550646e-10,1.6665640166095592e-06,1
766,06:28:30,2.79056378784133e-11,4.865718632485416e-12,2.784538458414126e-12,5.163852049252958e-13,1.5724093853056793e-12,1.3355935043532218e-10,2.0879690026298988e-06,1
767,06:29:00,2.4510329825970086e-11,4.453088237325312e-12,2.4684003016541024e-12,6.296452099028829e-13,1.3970665755722338e-12,1.7798884264993841e-10,1.7312512863749173e-06,1
768,06:29:30,3.3605022942815405e-11,5.933310476761068e-12,3.759028317665345e-12,4.592870555471553e-13,1.0111085898600377e-12,1.747401266012773e-10,2.2700453049947054e-06,2
769,06:30:00,2.4625856948057215e-11,1.0146225073066927e-11,2.8840043786488685e-12,4.922603560829851e-13,8.908295527300665e-13,1.1042757516747787e-10,2.013587619703533e-06,1
770,06:30:30,2.4011380334293714e-11,4.461182312821069e-12,1.463884251518647e-12,4.424685637954406e-13,9.47468653995554e-13,1.0050720214301492e-10,1.712672036064908e-06,1
771,06:31:00,2.3903380538261497e-11,8.564989679631608e-12,4.897766102489476e-12,1.969845610318257e-12,2.3846378647936614e-12,7.933429881724054e-10,2.7637354909046673e-06,0
772,06:31:30,7.314654988635426e-11,7.721081007381665e-12,4.640123037062097e-12,9.888576597017101e-13,1.2830269198469466e-12,1.7488478443967984e-09,3.3754129948424664e-06,0
773,06:32:00,1.0527572170697438e-11,8.1186905572087e-12,5.023942807058633e-12,6.874202384519761e-13,1.4526515274576642e-12,1.0726676639731639e-09,3.3638242136214794e-06,1
774,06:32:30,1.9852479788250473e-11,4.1366692332154814e-12,2.6631862462130597e-12,4.052656843507217e-13,9.813314110662462e-13,1.3524070720866447e-10,3.2240881912941574e-06,1
775,06:33:00,3.3733448693180956e-11,5.433160586678613e-12,2.1835658870531377e-12,6.07391044140725e-13,1.0278623525987442e-12,1.835560986081838e-10,2.7240844238138507e-06,1
776,06:33:30,2.940041074473419e-11,4.706625933355914e-12,3.2230139727931075e-12,1.5160211237968687e-12,2.8065140950178163e-12,1.738424992321721e-10,2.69487556433081e-06,2
777,06:34:00,4.095531086502336e-11,3.969732391477894e-12,2.5037745666894527e-12,4.681506023482868e-13,1.0085629911162707e-12,1.2118881120931928e-10,2.461323895020858e-06,2
778,06:34:30,4.6296363016444724e-11,6.6895639380689e-12,3.3509088238250106e-12,3.958870555761611e-13,1.0234946024455382e-12,1.755109406887448e-10,2.4388609925967737e-06,2
779,06:35:00,5.7261075216405465e-11,4.383396766332731e-12,2.348403846002215e-12,6.488580488708058e-13,1.8034999233362913e-12,2.137421434198329e-10,2.0462420230464823e-06,2
780,06:35:30,3.651216629851942e-11,5.460206068947589e-12,3.434001718109574e-12,5.110963868172407e-13,8.967152706540836e-13,2.2846709792997955e-10,1.3166709779686896e-06,2
781,06:36:00,2.2299894465391646e-11,5.413168809039694e-12,2.88313594140736e-12,4.4630548695529754e-13,8.592609035169383e-13,9.420340261508488e-11,1.2272779056846172e-06,2
782,06:36:30,5.917036826202474e-11,4.999906956902568e-12,3.5051242661610892e-12,5.054008968684739e-13,1.370730709788347e-12,1.852517757417137e-10,1.009512383013585e-06,2
783,06:37:00,3.1795776806176636e-11,6.5896469101755685e-12,3.1480586756460465e-12,4.950699026400937e-13,1.2672508575518407e-12,2.1761670654736427e-10,1.2583993258536075e-06,2
784,06:37:30,3.481055606401559e-11,5.087499555539781e-12,3.015344838157505e-12,4.302202929293825e-13,7.229651842157161e-13,1.2710059944893968e-10,1.284561124714361e-06,2
785,06:38:00,3.316315914083296e-11,4.520029681205535e-12,3.5874258151151188e-12,4.196102718192848e-13,1.055451176657362e-12,1.233352968102581e-10,1.1591404998935735e-06,2
786,06:38:30,5.519946029049993e-11,3.6934798404237055e-12,2.9457080484730764e-12,4.356449959091932e-13,1.023232655258115e-12,1.4937094959966696e-10,1.440675816786557e-06,2
787,06:39:00,4.4675687376599125e-11,5.292678879835832e-12,3.2108474775173077e-12,3.835595969396167e-13,9.47285556708e-13,1.8221992464118996e-10,5.456218087062128e-07,2
788,06:39:30,2.784942701416318e-11,5.94392843691072e-12,2.8631608235818426e-12,4.272098525893899e-13,1.3815878609893286e-12,2.464446758133079e-10,5.40810090019581e-07,2
789,06:40:00,4.046268123740937e-11,9.669795104687229e-12,3.3285727075916962e-12,3.8475622205010315e-13,1.2091756808891102e-12,1.8386429761854076e-10,5.222455559919277e-07,4
790,06:40:30,5.0108406491908916e-11,5.377088383222649e-12,4.118685864340816e-12,3.3823708991590136e-13,8.462356947731713e-13,1.0262497627374183e-10,1.0261968510458723e-06,4
791,06:41:00,3.261485665778495e-11,8.136939211037673e-12,3.580804910179201e-12,4.824514035763234e-13,1.5033355061150736e-12,1.1509866410355753e-10,5.504866568268735e-07,4
792,06:41:30,4.646575534701036e-11,6.630694199376776e-12,3.2605088056985247e-12,3.6862990906621305e-13,1.0650372640954219e-12,2.4243569326936796e-10,5.337030144505117e-07,4
793,06:42:00,2.8535263458396358e-11,6.9010587502148284e-12,2.8108684636533584e-12,3.699584543872405e-13,1.0583702048650904e-12,5.449226474489221e-10,5.136338037846446e-07,4
794,06:42:30,1.6506155993579476e-11,4.150081526398729e-12,3.0047297477512846e-12,3.4540515687398844e-13,1.0116590140450169e-12,1.3161713919212116e-09,5.549610466584236e-07,4
795,06:43:00,4.5953751687063636e-11,4.0934755322448835e-12,3.892262368584314e-12,4.542791423220596e-13,1.7493742839699636e-12,4.4734906545677855e-09,5.082037474155546e-07,4
796,06:43:30,8.749727496932052e-12,4.671176721928856e-12,3.1191220879823838e-12,4.1036154193098673e-13,1.274039665096509e-12,1.4006238185488956e-09,4.902100841646429e-07,4
797,06:44:00,1.3252959103361172e-11,6.204822964940165e-12,3.6223769517244357e-12,3.937269055430174e-13,9.735238914451647e-13,7.534318175839459e-10,5.241859449694907e-07,4
798,06:44:30,3.19090217768947e-11,6.926024038978968e-12,2.457353228675032e-12,3.9480281871969836e-13,9.14574545890534e-13,4.062202526684931e-09,5.607341528839005e-07,4
799,06:45:00,1.11953691813329e-11,3.165283098499726e-12,3.910283408122944e-12,3.3320382174493915e-13,6.608643597576088e-13,1.5409432230031652e-09,5.183853896700882e-07,4
800,06:45:30,1.0054680073885721e-11,4.1615282699563706e-12,3.707988123928176e-12,5.286017305503337e-13,1.550257398880869e-12,1.4408839221244879e-09,5.143696406172451e-07,4
801,06:46:00,3.302356626812392e-11,4.582533752463613e-12,2.912820996005508e-12,3.8336873183996035e-13,7.690781055999376e-13,2.618251092246434e-09,4.967808477588935e-07,4
802,06:46:30,1.9763576662575963e-11,6.974444750757097e-12,4.631376471253519e-12,5.975246955689949e-13,1.2059470592767724e-12,5.707542575994916e-10,1.3122250094640846e-06,4
803,06:47:00,2.4366785709582404e-11,5.7909136506448625e-12,2.8784532446721418e-12,4.4425270549204174e-13,1.2926063137550066e-12,4.95926905770403e-09,5.107007494547943e-07,4
804,06:47:30,3.0261776886119996e-11,3.2965984141731774e-12,3.675825812453757e-12,4.3515538662241347e-13,1.161708619920345e-12,1.4958994561989426e-08,5.408397315122611e-07,4
805,06:48:00,7.568130419130467e-12,5.98832915479591e-12,3.082871344234915e-12,4.135249312285001e-13,1.2010707698911058e-12,2.29327257459956e-10,5.072218516664124e-07,4
806,06:48:30,1.3200940030777864e-11,3.429006313958848e-12,3.841068966950414e-12,3.5039421466666385e-13,9.60198886241553e-13,7.425046363719962e-10,5.087193500047717e-07,4
807,06:49:00,1.0363856399962817e-11,3.8388522417631096e-12,3.3924476886010643e-12,3.86714391956744e-13,9.406910104796122e-13,1.8863686129639658e-09,4.865866595293173e-07,4
808,06:49:30,1.5327603022533146e-11,4.040705098067195e-12,3.566368115566675e-12,3.554489950612382e-13,8.936434339434584e-13,3.6492696799634915e-09,5.409813029239981e-07,4
809,06:50:00,1.798300579753465e-11,4.121401540314929e-12,3.485379884523236e-12,3.83430006267538e-13,1.2775300434307325e-12,7.843912645648211e-10,5.889017415799944e-07,4
810,06:50:30,1.73696452174619e-11,3.865630270012323e-12,3.65498003612398e-12,4.5323232555967135e-13,1.5123349093763886e-12,4.502338624680726e-09,5.258761686180004e-07,4
811,06:51:00,1.4477374589001806e-11,5.486356974464989e-12,4.076557678339079e-12,4.0568691924243343e-13,7.473506831723678e-13,5.1955759763244286e-09,5.221194929878694e-07,4
812,06:51:30,1.5042095960407894e-11,5.51761185410457e-12,1.7872161490399298e-12,3.7986242340604613e-13,8.265171416721075e-13,1.7437959455414273e-09,5.087019884125786e-07,4
813,06:52:00,1.1825328604829823e-11,3.5237189238873577e-12,2.598771592876871e-12,4.241841844896688e-13,1.317875402614315e-12,1.8793072189775235e-09,4.88795144449164e-07,4
814,06:52:30,1.2698013576064609e-11,4.996885743524249e-12,4.5071611616156016e-12,5.440436110105427e-13,1.1818514097740609e-12,2.270533069098621e-10,5.915257565483897e-07,4
815,06:53:00,7.138834117180037e-12,4.4259417412874886e-12,2.9241280846539434e-12,3.579188192755602e-13,7.68013834990614e-13,6.766240160551992e-11,5.70740893033554e-07,4
816,06:53:30,1.479789509390896e-11,5.14521276860859e-12,2.0717237536148283e-12,3.957377658753171e-13,1.2239776267428207e-12,1.4352377432952476e-09,5.176756446849638e-07,4
817,06:54:00,2.1382799522669035e-11,3.1504528834234223e-12,3.1976147603450855e-12,3.6586255846405875e-13,1.03864926099833e-12,2.39112426841226e-09,5.399364801585091e-07,4
818,06:54:30,1.0416444729353317e-11,3.638619950645092e-12,3.6569132673730735e-12,3.649981378096609e-13,7.526067558425277e-13,9.092090681301262e-10,5.244677330579803e-07,4
819,06:55:00,8.471846842520957e-12,4.432200248130928e-12,2.9663305330830775e-12,3.729194520550143e-13,1.0828595917878543e-12,7.658749620501078e-11,5.520595197989072e-07,4
820,06:55:30,1.8009444556014684e-11,2.643061178023985e-12,2.1875211845464178e-12,3.307644749615097e-13,5.885762374652592e-13,3.257831670285724e-09,5.042557700672561e-07,4
821,06:56:00,8.876337184948776e-12,2.4591793114239843e-12,2.3673827876898104e-12,3.5336757407193087e-13,8.191852423596601e-13,6.430760244097696e-10,5.483945826258651e-07,4
822,06:56:30,8.982873130458734e-12,5.236352449597709e-12,3.053927448050956e-12,4.750268801274767e-13,9.932638143833912e-13,1.3715800802761514e-09,6.543569499256075e-07,4
823,06:57:00,1.2371381340708546e-11,3.732347262777269e-12,2.175288543663767e-12,3.8058066451010363e-13,9.646936192393527e-13,1.3383003071940076e-10,1.2936960188058087e-06,4
824,06:57:30,8.663687913054295e-12,5.587189384177906e-12,3.2090796057704835e-12,3.9608052535958084e-13,1.178008945720965e-12,1.8581017443055486e-10,5.10436192278937e-07,4
825,06:58:00,1.5118520439988558e-11,3.9606057126241825e-12,2.909907369543496e-12,3.884935808474815e-13,1.131432236785608e-12,3.630460365659884e-10,5.355941242928265e-07,4
826,06:58:30,1.0521530091845523e-11,2.919963062899228e-12,2.8693522118087466e-12,3.5391452089110864e-13,9.355374954270061e-13,1.779808669988777e-09,6.581202031017288e-07,4
827,06:59:00,1.179166298399399e-11,4.132189915422852e-12,2.984788824939858e-12,3.430583060844062e-13,9.538716285598604e-13,3.094390080286504e-09,5.254116834356823e-07,4
828,06:59:30,6.952492332593192e-12,3.0318894457882068e-12,3.472367963532906e-12,3.7242092989850797e-13,1.272548300526665e-12,1.0971355515765446e-09,5.258657583651432e-07,4
829,07:00:00,1.699251597550758e-11,3.3196054636304417e-12,3.3142214905379994e-12,3.9385153188591525e-13,9.384457929734748e-13,1.1557610040355818e-09,5.312754952224563e-07,4
830,07:00:30,7.502731530320262e-12,4.271665644998297e-12,2.719939717860866e-12,5.13993146951748e-13,1.6049165004165072e-12,2.436318682944793e-10,5.367514391785055e-07,4
831,07:01:00,9.17933417204211e-12,3.1696313492396902e-12,2.273693186681164e-12,3.058417712700572e-13,6.211442788520111e-13,8.575426878380677e-10,6.191675599922418e-07,4
832,07:01:30,1.1822006868638771e-11,5.620965893391172e-12,2.8217360971279944e-12,4.2856321267193334e-13,1.1747677796223628e-12,4.5559743253803686e-10,5.788291630409456e-07,4
833,07:02:00,1.3407505576058273e-11,4.386625911736562e-12,2.105068365274614e-12,3.462332045603077e-13,9.945700814254509e-13,1.7795923393117662e-09,7.620578962603034e-07,4
834,07:02:30,2.740134375511095e-11,3.1314056720900422e-12,2.3548233198775626e-12,4.1691250959644966e-13,7.924835621375916e-13,5.895330551035917e-09,5.156688989417487e-07,4
835,07:03:00,3.1320017773569795e-11,3.873797692401887e-12,2.473786271007686e-12,5.115188697038402e-13,1.5849552431956077e-12,6.157085459756817e-09,5.643558022052127e-07,4
836,07:03:30,6.225828752533091e-12,5.2476069449851484e-12,3.4385074478171376e-12,4.117091786975654e-13,9.691322848196747e-13,2.685767804975303e-10,5.387657886390706e-07,4
837,07:04:00,1.1165570141451239e-11,2.9117551028164867e-12,2.502394098871992e-12,2.92666155517196e-13,5.862783192063918e-13,1.0993194958762608e-09,6.175226521322127e-07,4
838,07:04:30,1.1735532045190382e-11,2.694126035662558e-12,1.744879259299347e-12,3.2852557595328353e-13,7.639279117318105e-13,2.9887598245294706e-09,5.459413313771415e-07,4
839,07:05:00,5.211806177945288e-12,2.105009052862548e-12,2.2670796715373855e-12,2.6556157901756583e-13,5.493856195093623e-13,2.0983759077682564e-10,5.410529020213808e-07,4
840,07:05:30,7.175874243594218e-12,4.614799832340635e-12,2.8560203099480395e-12,5.251038231128746e-13,1.3036829394359747e-12,2.8232166311755487e-10,9.636847431618619e-07,4
841,07:06:00,6.931109699649545e-12,3.688878717818308e-12,2.2273549080695045e-12,3.3440057805826943e-13,6.891951942492054e-13,8.408731051406642e-10,5.806478458331263e-07,4
842,07:06:30,9.15061853697332e-12,4.041690861803042e-12,2.558402184436726e-12,3.9634311449084166e-13,1.0502321706255376e-12,2.4893681854332004e-09,5.114385091123858e-07,4
843,07:07:00,1.21700282522297e-11,3.4478979590849415e-12,1.6869185359380885e-12,3.1025662846508307e-13,8.008359567677312e-13,2.2541032038542097e-09,6.311108181608138e-07,4
844,07:07:30,6.537642981244506e-12,3.126025193679376e-12,2.967418298718992e-12,3.1498723004415486e-13,6.948828760109698e-13,5.840018014301719e-10,7.764514221793088e-07,4
845,07:08:00,2.070927478469991e-11,3.3358879577852473e-12,2.3167270360746057e-12,3.69934352034667e-13,8.970861365689316e-13,3.620319883170084e-09,6.170154479032393e-07,4
846,07:08:30,3.026937953248753e-11,3.783827794630035e-12,1.9120536701690094e-12,2.9511148543310834e-13,7.036329552661629e-13,1.3902592146825227e-09,5.415274358351172e-07,4
847,07:09:00,1.1203062414090226e-11,4.056229609871963e-12,2.4514613892859525e-12,3.049089323740915e-13,4.0572947943429133e-13,3.865178594786114e-09,5.397996593092061e-07,4
848,07:09:30,1.264581273214516e-11,5.984412723482632e-12,5.490121575013809e-12,1.2911916702029975e-12,2.9506441477507744e-12,7.726563728740242e-10,2.985430336175531e-06,0
849,07:10:00,3.268524501970017e-12,6.9022686069415885e-12,2.584036502108721e-12,7.421249252094394e-13,1.6208863279463316e-12,1.8474268639323726e-10,2.6167694661303775e-06,0
850,07:10:30,5.633815467696014e-12,4.151702624783995e-12,2.7335817111825213e-12,5.083517066614188e-13,8.431623477485574e-13,2.260644024299587e-10,2.026228294733614e-06,1
851,07:11:00,1.4149975442576533e-11,4.116599157320033e-12,2.2800713299827607e-12,4.054807239447001e-13,7.376562903329608e-13,1.2181727304395474e-10,1.391343456296847e-06,1
852,07:11:30,1.3752472266445756e-11,3.659024762509108e-12,2.7226007190541043e-12,3.618585543351959e-13,7.462399470666044e-13,9.81388952163274e-11,1.3820361870131967e-06,2
853,07:12:00,4.988311230715464e-11,5.472307607199344e-12,3.0200364006776185e-12,5.252295150183787e-13,1.544554864106738e-12,1.7406730494862463e-10,8.585839341148562e-07,2
854,07:12:30,2.05287095457046e-11,6.008041954959863e-12,3.1744575111492274e-12,4.618549170616128e-13,9.085768206111802e-13,1.034232530089159e-10,1.215912913085617e-06,2
855,07:13:00,1.1557051682096788e-11,2.952708627611674e-12,1.9137857589634297e-12,3.130508651850354e-13,4.1536810472289276e-13,5.728087771795765e-11,9.20426951847334e-07,2
856,07:13:30,1.7262518776149062e-11,3.425522242736616e-12,2.276243507699052e-12,3.6102848099828856e-13,1.077212985288996e-12,1.3133064693256378e-10,6.885199852908558e-07,2
857,07:14:00,3.3635927063252143e-11,4.537659008317623e-12,2.8285816089343695e-12,3.2407376774389494e-13,8.447683579789339e-13,9.561338094408135e-11,8.885136869469442e-07,2
858,07:14:30,5.3350313574312296e-11,5.081828672082273e-12,2.027775036671907e-12,4.973169900866518e-13,9.493393528593543e-13,8.341229966152181e-11,5.703204348112815e-07,2
859,07:15:00,2.6872328773478195e-11,8.106506602655728e-12,3.661282012226584e-12,4.2900605941353474e-13,1.4000294767813104e-12,1.0857701326051238e-10,6.970325698609471e-07,2
860,07:15:30,4.297267245536229e-11,4.409686933014507e-12,1.9107080188079688e-12,3.9038963735606074e-13,1.1931494332153475e-12,9.86697749432287e-11,5.982317710476208e-07,2
861,07:16:00,3.221362031251563e-11,4.3868592973241565e-12,2.8436945150879143e-12,4.206359114317483e-13,8.276684637601718e-13,8.662628072631389e-11,7.130085594211411e-07,2
862,07:16:30,1.6718243004860822e-11,3.935115214947724e-12,2.0977855180091876e-12,4.74424899338582e-13,8.230983968848586e-13,8.545356131545726e-11,7.967199876011424e-07,2
863,07:17:00,7.624504521118619e-11,6.144994186198505e-12,3.292735475272204e-12,4.880411616708848e-13,1.3527976674735286e-12,3.1464449502388213e-10,7.822523179916997e-07,2
864,07:17:30,2.5690848298589475e-11,4.902985218894649e-12,1.641997917247702e-12,3.2767846510613167e-13,9.6618495114716e-13,7.206934055533437e-11,6.502248616235419e-07,2
865,07:18:00,3.148306481556809e-11,4.077138106425851e-12,2.970330477402904e-12,3.618024153847011e-13,1.2245595909094902e-12,1.0968916200040102e-10,6.5558614447544e-07,2
866,07:18:30,2.5499162560532496e-11,3.111753207799581e-12,2.1278111061673833e-12,3.3141735920852193e-13,1.1590867216272765e-12,9.357580988286861e-11,8.782466259010341e-07,2
867,07:19:00,3.3574157461274776e-11,7.2507330953825146e-12,4.15922023448017e-12,5.359441922232505e-13,1.8795262901385866e-12,1.0420523001440326e-10,7.431482753772248e-07,2
868,07:19:30,2.8378082584973535e-11,1.2980801584819561e-11,4.647890162396175e-12,8.082567853492375e-13,1.496400479993487e-12,1.3005157581791277e-10,1.117338455714308e-06,2
869,07:20:00,3.2620653731173896e-11,3.379699874248028e-12,2.154719869716401e-12,3.8469716181426787e-13,1.0249709516350299e-12,1.9037540245138107e-10,6.52769365541894e-07,2
870,07:20:30,2.94044789765262e-11,4.753683710678231e-12,2.2095731190535836e-12,3.1529759153195346e-13,7.233252755643267e-13,1.4681495827525995e-10,7.126629438685426e-07,2
871,07:21:00,2.3759367162832022e-11,4.927784678307837e-12,2.1441814683918935e-12,4.4904789731817927e-13,8.784052111200716e-13,8.952874169113295e-11,6.685600384171551e-07,2
872,07:21:30,3.9847935760185045e-11,6.184208815046628e-12,2.5697298446422338e-12,4.0150974497138546e-13,1.027519875253967e-12,1.5430640343013377e-10,6.693112193452514e-07,2
873,07:22:00,2.2793086356895147e-11,6.2418149396027275e-12,1.9757620873380342e-12,4.403452136902615e-13,1.317851176766655e-12,2.2265340754682512e-10,7.433625747503649e-07,2
874,07:22:30,3.555123689855434e-11,5.424381746803744e-12,2.6443001225082053e-12,3.460160363448782e-13,1.0357939906463283e-12,1.519671132526118e-10,9.110833150388533e-07,2
875,07:23:00,2.2465003811856457e-11,4.22594300533452e-12,1.8071803747567027e-12,3.0394463937157436e-13,7.719558735798412e-13,8.831049963815777e-11,6.709323129644014e-07,2
876,07:23:30,7.871704237230854e-11,6.040134838333197e-12,3.52731333638684e-12,3.855286348202059e-13,1.0975038963506217e-12,2.4314262185827116e-10,8.263407691472114e-07,2
877,07:24:00,1.505389064043565e-11,3.66162341482316e-12,1.7533461143894835e-12,3.850796682147745e-13,1.1238217729004197e-12,1.0216881681162015e-10,6.452551702205976e-07,2
878,07:24:30,2.8034991830923383e-11,4.041181433363915e-12,1.7242769043773936e-12,5.032256319897321e-13,1.3081545781263185e-12,7.548336109258588e-11,7.802494977406281e-07,2
879,07:25:00,3.712568777890838e-11,3.663235908363531e-12,2.780628849875428e-12,2.768200044926413e-13,5.995778705298472e-13,1.0883981902185272e-10,6.668437999811713e-07,2
880,07:25:30,2.3429917097560988e-11,4.650466133572258e-12,1.9927076106612883e-12,2.819746678512282e-13,7.991407665473329e-13,1.1627829689402953e-10,6.235343093457629e-07,2
881,07:26:00,3.095232492049557e-11,3.5314543771188696e-12,1.8210887501216945e-12,4.042496436672834e-13,9.032194042657071e-13,1.3413155826185096e-10,6.735931143872063e-07,2
882,07:26:30,4.8618895464689173e-11,3.5878629980187434e-12,1.8792666248027558e-12,5.707302637007247e-13,1.6376943111002538e-12,1.2594720731147958e-10,6.855341624899729e-07,2
883,07:27:00,5.58830068381137e-11,5.2696566013819406e-12,2.275821703579927e-12,2.914987019032717e-13,7.12597459043925e-13,1.4205623911879883e-10,6.408393222722651e-07,2
884,07:27:30,4.736844548819797e-11,4.570025244970446e-12,1.6258016304486437e-12,2.7190561481651354e-13,6.590445804204645e-13,1.223997283910824e-10,6.459489002660383e-07,2
885,07:28:00,3.768045776066457e-11,4.6914892349793426e-12,1.8434935047992113e-12,6.849405828196324e-13,1.524759788780209e-12,1.1640305082809189e-10,7.173955372481367e-07,2
886,07:28:30,3.5517189748082814e-11,4.283685795553214e-12,1.6678192864289316e-12,3.114347977148881e-13,7.247834472990529e-13,1.2298992275963067e-10,5.765113635796243e-07,2
887,07:29:00,3.941797322449689e-11,4.492186475525385e-12,1.6090267382047025e-12,2.7322553387969015e-13,6.704677857712754e-13,1.2872116477666833e-10,6.309441210837554e-07,2
888,07:29:30,6.363065270708061e-11,3.970963201418016e-12,1.3980858363447742e-12,3.054398928089088e-13,8.643077889709635e-13,1.826351658913249e-10,6.868816141360299e-07,2
889,07:30:00,3.2946584536700106e-11,3.6168857680347785e-12,1.7912321305826317e-12,3.4543616781085163e-13,8.591530767045665e-13,1.559253400394949e-10,6.595946722612479e-07,2
890,07:30:30,5.2284062906334784e-11,4.247329218465572e-12,2.0345732986565785e-12,3.114688503064909e-13,9.833398135183708e-13,1.6403151795728079e-10,6.765023328957054e-07,2
891,07:31:00,8.038644093284454e-11,1.0544603643371094e-11,4.041177228392192e-12,4.899348094978693e-13,1.686428536241746e-12,2.951463921258319e-10,7.047637262166704e-07,2
892,07:31:30,5.0928251885817854e-11,6.8137687751615915e-12,2.7302010024453757e-12,3.3082894441334757e-13,1.0280197313094487e-12,1.494612249850602e-10,6.695612189941042e-07,2
893,07:32:00,4.264800235538636e-11,7.171091238017717e-12,2.223888705747005e-12,4.2026195905051436e-13,9.805466290480601e-13,2.7171913071440174e-10,6.421978798093053e-07,2
894,07:32:30,6.657795524086445e-11,4.25794966399522e-12,2.7268902405073694e-12,3.273443872771608e-13,1.0591606894095084e-12,1.9349583544547759e-10,7.310994360072185e-07,2
895,07:33:00,2.890398624606644e-11,4.835960561169926e-12,2.6375336177229146e-12,3.084236998364106e-13,7.413533907010589e-13,1.01747659578791e-10,6.105998083480108e-07,2
896,07:33:30,3.5284548994881434e-11,4.18822397296192e-12,1.9347248773195425e-12,3.1734918518871504e-13,6.81036317062132e-13,1.0753056780660673e-10,6.679998623706649e-07,2
897,07:34:00,7.541548081025852e-11,7.691943881517094e-12,4.861226749989588e-12,4.0618586532347383e-13,1.092846264445597e-12,2.5270300525614094e-10,9.228559918897805e-07,2
898,07:34:30,2.471600645438525e-11,5.324178717572381e-12,1.686817125630251e-12,2.921726339501023e-13,9.0186422335376e-13,1.2145784363741927e-10,6.72409030557433e-07,2
899,07:35:00,3.9665784797400714e-11,6.502900752010483e-12,1.8502218913388855e-12,3.2957247305056374e-13,9.043372558581631e-13,1.547124860479947e-10,5.892972113136789e-07,2
900,07:35:30,5.663913616947068e-11,3.4709537587184683e-12,2.5563851965602286e-12,2.546916163186686e-13,8.114169243640345e-13,1.6575832321724505e-10,6.564081443279214e-07,2
901,07:36:00,6.365212791351967e-11,3.6828606448841495e-12,1.5230589044846388e-12,3.489703916812171e-13,7.464742269090345e-13,1.7692498667193827e-10,6.802740917010174e-07,2
902,07:36:30,7.468491485142401e-11,5.026435871678328e-12,1.5845220973577963e-12,2.6473587600120084e-13,6.945882283020159e-13,1.6163435399588822e-10,6.681749862729098e-07,2
903,07:37:00,7.395993956975008e-11,5.048470763435451e-12,2.6598891250002555e-12,3.103418140847641e-13,8.875873082672028e-13,1.9972883356844796e-10,6.956846860307296e-07,2
904,07:37:30,6.37451312532456e-11,4.221608097701274e-12,1.6567790820648064e-12,3.3719599054161084e-13,8.566716825894154e-13,1.7681026732783276e-10,7.472816415185694e-07,2
905,07:38:00,7.570410095422999e-11,4.567071227641883e-12,1.0337854562433266e-12,2.751680412255979e-13,7.663388088500031e-13,1.8411748502747268e-10,6.916528456115726e-07,2
906,07:38:30,7.176541684115165e-11,3.738735891402794e-12,1.713176092025547e-12,2.26807387731217e-13,6.097254243435081e-13,2.344784745185879e-10,6.331842339266835e-07,2
907,07:39:00,8.94482556610554e-11,4.1706348716628545e-12,1.9792648842931445e-12,2.5828204049839406e-13,8.423671855251563e-13,2.6270704897099523e-10,5.993606979901886e-07,2
908,07:39:30,7.437566737970448e-11,4.6268465998875154e-12,1.940674105936935e-12,3.4025489324950033e-13,9.881510052438044e-13,2.789043670606131e-10,6.196590678793014e-07,2
909,07:40:00,1.0175567533730648e-10,7.395666498644029e-12,3.3786649904309405e-12,3.8402576317923515e-13,1.3523361897486696e-12,4.644980912864831e-10,1.1403106620486507e-06,2
910,07:40:30,5.4180520528233504e-11,6.163530324947737e-12,1.4129911165732507e-12,2.5308879965017944e-13,5.441728370089193e-13,1.8161835673103973e-10,9.432325916584827e-07,2
911,07:41:00,5.615695805624868e-11,5.7600388218195345e-12,1.8603098990613206e-12,3.579570343803338e-13,1.1015873496880023e-12,1.878900529053611e-10,9.480085625372311e-07,2
912,07:41:30,4.524729947835234e-11,3.724997271200918e-12,2.0672511733084613e-12,2.9803064832427866e-13,8.998102967552851e-13,2.2345032428117905e-10,1.2340706099781924e-06,2
913,07:42:00,9.329093375107579e-11,7.608355273767034e-12,6.9956846919305036e-12,2.2545910073097084e-12,2.3361666509358384e-12,2.1203346136991884e-09,1.8074487992591249e-06,2
914,07:42:30,7.504640666467738e-11,1.0971417259311769e-11,7.892607467052373e-12,1.4251567717489182e-12,2.92229143405955e-12,9.206244793975557e-10,2.9133112426997822e-06,0
915,07:43:00,2.971050895402717e-11,5.549299577076636e-12,8.721812524001937e-12,8.08674815809561e-13,1.154973452177869e-12,4.743881420734899e-10,3.0972313422181107e-06,0
916,07:43:30,2.2509933326267827e-11,5.572920369133203e-12,7.913115249374295e-12,9.430076283270283e-13,1.0347443183345402e-12,9.42070822305969e-10,2.958676317246251e-06,0
917,07:44:00,2.1185283140634247e-11,6.522297731450976e-12,1.0095116088293427e-11,8.718420120997692e-13,2.1276653594530238e-12,8.658822244684006e-10,2.4571596248539494e-06,0
918,07:44:30,8.182333431207627e-12,6.171142244419824e-12,5.534525659022945e-12,6.368036393297285e-13,1.1006925670299414e-12,6.209892147157844e-10,2.1706948555516127e-06,0
919,07:45:00,1.26833563324996e-11,7.0184904356385126e-12,7.935289744772746e-12,8.389536917465052e-13,1.964229933370148e-12,8.780559736169275e-10,2.30455642967939e-06,0
920,07:45:30,7.97096944067813e-12,6.03698140415086e-12,4.751588303506588e-12,6.864694797245381e-13,1.3218291469914477e-12,1.114540013508655e-09,2.433557312281044e-06,0
921,07:46:00,7.54033546827331e-12,6.978913748781672e-12,7.447829627222923e-12,6.988804280568928e-13,1.5779310509952565e-12,3.127047703056631e-10,2.3019887344221745e-06,1
922,07:46:30,1.7482165038549554e-11,4.848650086009014e-12,8.803755429616019e-12,7.479199009933191e-13,1.4186769865479624e-12,5.275842121427319e-10,2.360593628347808e-06,0
923,07:47:00,1.0727020234981559e-11,5.2028302794291476e-12,7.777684158352445e-12,7.957552210262351e-13,1.0684264717348412e-12,4.796510137778671e-10,2.598855892064877e-06,0
924,07:47:30,8.651189697367132e-12,4.466061061741286e-12,6.803893022555466e-12,7.965358643371588e-13,8.565688080981302e-13,5.497878882845617e-10,2.3381779189424246e-06,0
925,07:48:00,7.053483304983579e-12,5.415199782138552e-12,8.464935488324995e-12,8.911896771166245e-13,1.3621202572358628e-12,4.719593444539105e-10,2.2374650053491535e-06,0
926,07:48:30,5.922542335210169e-12,6.202067546915665e-12,7.323493159430853e-12,7.530639226732333e-13,1.362252590277105e-12,9.207221015163e-10,1.9306462785071476e-06,1
927,07:49:00,9.277571604411569e-12,4.618526014240145e-12,3.960443052652811e-12,5.125823642708319e-13,7.98225547731608e-13,4.704010672823933e-10,2.8328166356316533e-06,1
928,07:49:30,1.990880672534711e-11,5.3996530971699935e-12,5.174821707978842e-12,7.07064464650051e-13,1.5551735130463047e-12,2.8850744701815015e-10,3.0296976383248114e-06,1
929,07:50:00,6.6667377600851074e-12,4.295062876784632e-12,7.907256482808875e-12,7.995644958711166e-13,1.3913444505527997e-12,4.964526234705715e-10,2.985495046519624e-06,0
930,07:50:30,4.261951383196754e-12,6.040305734487471e-12,4.986287397769827e-12,6.166262868756131e-13,9.714253050828162e-13,6.996211247655907e-10,3.186559915819025e-06,1
931,07:51:00,3.634031810402624e-12,7.632782857518428e-12,8.147321683036707e-12,1.0297255351099524e-12,1.787454726998196e-12,1.8323497826072957e-10,2.778137613916937e-06,0
932,07:51:30,3.779346675231127e-12,4.720798260360975e-12,5.2820645567392234e-12,5.96363191469781e-13,9.583100971664652e-13,2.240700028751429e-10,2.897757295474909e-06,0
933,07:52:00,7.96673865426073e-12,4.825550449420988e-12,4.8340419384107874e-12,5.639022201845627e-13,9.98186960321373e-13,6.227320192822935e-10,2.893323243871706e-06,1
934,07:52:30,1.716850199772428e-11,5.175063862154059e-12,3.3194294074189605e-12,5.475882250462447e-13,9.62897731900442e-13,2.7248459176376056e-10,2.8516256338417204e-06,1
935,07:53:00,9.700418579934155e-12,6.064674105848549e-12,8.351651615399656e-12,9.132085458102875e-13,1.3173494916774696e-12,1.2458783363810304e-10,2.93790447939539e-06,0
936,07:53:30,5.905009169551185e-12,3.472501159250996e-12,6.498460682732727e-12,5.889274732014979e-13,7.123551721841634e-13,3.2112856654187575e-10,2.90065588060291e-06,0
937,07:54:00,6.767125083771202e-12,5.415978403771078e-12,4.002241111195115e-12,6.185247444644203e-13,7.360014724331047e-13,6.345742248307195e-10,2.827501914651864e-06,1
938,07:54:30,9.443828096400948e-12,4.4951116391969166e-12,7.1826905883602564e-12,1.142168943957682e-12,2.551834092794575e-12,9.119415997862079e-10,2.6231296924587552e-06,0
939,07:55:00,1.0522238275925985e-10,3.666863491950582e-12,4.382088942083107e-12,1.0844857519998232e-12,1.4411737593893852e-12,1.3759633803652398e-09,2.9120535805851644e-06,0
940,07:55:30,1.432065518813287e-11,5.041943248447618e-12,6.1128193562559365e-12,8.566416939393096e-13,1.4263390947348004e-12,6.288566269636293e-10,2.893967413201338e-06,0
941,07:56:00,4.879868646656789e-12,4.7353205287920604e-12,4.826659504369073e-12,7.573042182430611e-13,9.316650487739063e-13,8.543070723740713e-10,2.8020066085425876e-06,0
942,07:56:30,6.012338539793587e-12,4.902070238341098e-12,4.551285142262416e-12,8.666589479172244e-13,1.9890948209284925e-12,5.316837649362912e-10,2.990310897654196e-06,0
943,07:57:00,5.679808335293982e-12,4.168456747043415e-12,4.603159048025565e-12,7.133849058579855e-13,1.0024478736672541e-12,4.1921095647831626e-10,3.052680525350403e-06,0
944,07:57:30,4.545741459014562e-12,3.0198311121814497e-12,3.3546138917020256e-12,8.584320274277589e-13,1.23719484501222e-12,9.969358710911024e-10,2.7844718415704077e-06,0
945,07:58:00,5.718696536778068e-12,4.560156720313712e-12,3.679532112822812e-12,6.669020933217996e-13,1.3810230121418339e-12,8.589794007286408e-10,2.6629789520163025e-06,0
946,07:58:30,3.749660296193996e-12,4.531621929702598e-12,3.7171722019393335e-12,1.011075690546814e-12,1.8363866197660862e-12,4.3550508359088465e-10,2.8735381455957076e-06,0
947,07:59:00,8.759620062065787e-12,3.7423016501109986e-12,3.651991977260421e-12,6.033252349734933e-13,9.533740664205386e-13,4.782539732429952e-10,2.908739812281846e-06,0
948,07:59:30,5.007245647366488e-11,3.5951791541812966e-12,2.8047722900056404e-12,8.062456029561248e-13,1.3126145919186583e-12,6.053286822945585e-10,2.8290991937609592e-06,0
949,08:00:00,5.058736584687012e-12,4.6714406419291565e-12,4.712162304130848e-12,8.83441196591416e-13,1.4852768333489174e-12,7.104271216583743e-10,2.7133208554891025e-06,1
950,08:00:30,4.841951036459811e-12,4.399874593385138e-12,3.964694019519774e-12,8.712940223960264e-13,1.5257537802496276e-12,3.7719087170404967e-10,2.7972970354885587e-06,0
951,08:01:00,4.952445599654582e-12,6.6991365969240264e-12,4.827019233398709e-12,8.576768702351353e-13,1.5013544848369555e-12,2.88767770536851e-10,2.663206554542185e-06,0
952,08:01:30,5.966390874953578e-12,4.959634199626267e-12,5.42364239872476e-12,7.804500196492288e-13,1.5987223817060795e-12,2.0910407037842302e-10,2.583247922619576e-06,1
