index,start_time,eeg_delta_power,eeg_theta_power,eeg_alpha_power,eeg_beta_power,eeg_spindle_power,eog_var,emg_rms,used,label
1,23:21:00,6.349436442549465e-12,1.1301298247241715e-12,1.0872742338934514e-12,5.294440996873257e-13,7.565917068686243e-13,3.1067021935607683e-10,3.5392240183519198e-06,0,1
2,23:21:30,4.2973986392815195e-12,8.525790963486904e-13,5.377181265855151e-13,3.123228857717691e-13,3.7556135474276054e-13,2.9756300398327607e-10,3.5339935018027653e-06,0,0
3,23:22:00,3.719276253182149e-12,7.811753772405973e-13,7.202143148333701e-13,4.1151436572102386e-13,4.766071768296658e-13,1.9027210249860466e-10,3.5195068010323223e-06,0,1
4,23:22:30,3.5569031280884045e-12,8.764912677981363e-13,7.828058408058041e-13,3.526963044789213e-13,4.4654683851229766e-13,4.808553155098761e-10,3.4963534130378357e-06,0,1
5,23:23:00,4.533526543642094e-12,1.3519560511737299e-12,2.004826462695272e-12,4.852727107681331e-13,6.920947817239877e-13,2.4316019928411197e-10,3.477236483238092e-06,0,1
6,23:23:30,5.4928584607441335e-12,6.880676331496304e-13,5.163597603646014e-13,3.4230372019663437e-13,3.4861453934110857e-13,5.923728327179198e-10,3.5091138665741766e-06,0,1
7,23:24:00,8.799180627900114e-12,1.0900319628535117e-12,5.993671026514591e-13,3.438776547086204e-13,3.5454359787600686e-13,5.47718694127654e-10,3.500313280598988e-06,0,1
8,23:24:30,5.512692856686284e-12,8.439092586389137e-13,5.547111022926489e-13,3.398740335733578e-13,3.340946631767151e-13,4.4664593581255047e-10,3.419776537138479e-06,0,1
9,23:25:00,7.90559698398696e-12,1.3956108509970518e-12,5.440358194926553e-13,2.692473937467927e-13,2.644046150192441e-13,3.940465913836483e-10,3.4024001305770226e-06,0,1
10,23:25:30,1.2477236426023387e-11,1.123243119747105e-12,4.547576674710251e-13,4.081731399245299e-13,5.030660280236825e-13,1.0180027517554004e-09,3.3729813385718552e-06,0,1
11,23:26:00,1.9093824250019724e-11,3.56790010877633e-12,1.343769341140576e-12,5.643728405702434e-13,6.682001743053197e-13,4.785688972499579e-10,3.454638125753622e-06,0,1
12,23:26:30,1.9684483121087293e-11,4.778634424002126e-12,8.714324406175844e-13,5.067056014711033e-13,8.033564973986172e-13,3.8889256996080235e-10,3.4533813181583715e-06,0,2
13,23:27:00,3.3070226360523726e-11,5.153718072551169e-12,1.3550719896335162e-12,7.393490896328283e-13,1.3060360763207345e-12,2.568233740654417e-10,3.5228497926432395e-06,0,2
14,23:27:30,3.0526808413057953e-11,4.658423404136485e-12,1.025617142143078e-12,6.193138752864505e-13,1.3238876386402093e-12,1.382602667391279e-10,3.5300126022439767e-06,0,2
15,23:28:00,1.3924919152813944e-11,2.263253715684775e-12,8.047682972377849e-13,6.230501858604795e-13,1.0096845913222302e-12,1.755258357491329e-10,3.526195549888572e-06,0,2
16,23:28:30,3.183335557004609e-11,5.4547483383297205e-12,1.6103866447621783e-12,1.0219539157191217e-12,3.141381470249346e-12,1.2681622957224142e-10,3.527691184791729e-06,0,2
17,23:29:00,2.2332721794812895e-11,3.79687687001573e-12,1.0597439058877447e-12,4.617886686187584e-13,1.6904728187957574e-12,1.1101966993320123e-10,3.511438960165066e-06,0,2
18,23:29:30,1.4562947322328343e-11,2.0121078119236966e-12,1.2231255399090839e-12,7.305670561737583e-13,1.636374731312126e-12,2.1707310523043146e-10,3.472215972243984e-06,0,2
19,23:30:00,3.5685735686875144e-11,4.343080025662714e-12,1.1271269477516863e-12,7.479822837678325e-13,1.6596453631648588e-12,9.581332597803485e-11,3.4192560306113346e-06,0,2
20,23:30:30,3.63451034801871e-11,7.796582362680528e-12,1.8191575162914343e-12,6.378290162160645e-13,2.378240057256667e-12,1.087858241085487e-10,3.4872485455224335e-06,0,2
21,23:31:00,3.2420313633389484e-11,2.7449570698849768e-12,1.391661374940688e-12,6.04902185413702e-13,9.95697402933018e-13,1.8117258707704234e-10,3.499060731328399e-06,0,2
22,23:31:30,4.373323847752103e-11,6.266432842497844e-12,1.450381790809484e-12,7.039610070269929e-13,2.4645338334563744e-12,1.368703959846882e-10,3.4660152393387927e-06,0,2
23,23:32:00,3.4083879115809625e-11,3.985759859979317e-12,1.8141795516760127e-12,6.999004516398708e-13,2.8955963060405848e-12,1.0456407469819527e-10,3.427077565807299e-06,0,2
24,23:32:30,1.805026181496043e-11,2.846068439053282e-12,1.0119028155678184e-12,4.3528035657264446e-13,7.022655825058965e-13,1.821235796143101e-10,3.496115049893781e-06,0,2
25,23:33:00,3.315536451172359e-11,5.893025214876595e-12,1.4510510605744105e-12,6.907108790272689e-13,1.4235584832704843e-12,3.172601335248779e-10,3.535635457001753e-06,0,2
26,23:33:30,2.3571370861598087e-11,5.6478634520937966e-12,1.4750231614093813e-12,6.590973058114717e-13,3.0455050733358095e-12,1.1220610236075525e-10,3.5534232947348986e-06,0,2
27,23:34:00,1.6082700104615218e-11,2.0770237142333223e-12,1.9294285614627884e-12,6.384783847908689e-13,9.370429801188068e-13,3.4159747905828417e-10,3.5504085041640214e-06,0,2
28,23:34:30,3.766298326375807e-11,7.076248928442745e-12,1.930086340199575e-12,9.412047021021638e-13,4.5065513699524345e-12,1.3976201875871113e-10,3.523069391721125e-06,0,2
29,23:35:00,1.8412189250367807e-11,2.7353947457863287e-12,1.9868436937163037e-12,7.424918839492128e-13,2.4472593071631173e-12,1.0018269309363329e-10,3.446814183854283e-06,0,2
30,23:35:30,1.6180049065565685e-11,3.212920110857907e-12,1.392142418230101e-12,6.052563518073469e-13,1.369136910979287e-12,2.4818040255223046e-10,3.409831840905579e-06,0,2
31,23:36:00,3.3159385607923976e-11,4.952222677152753e-12,2.83483513220336e-12,5.562473760776931e-13,1.895029467166244e-12,1.0600244631849877e-10,3.430651412564607e-06,0,2
32,23:36:30,3.5883023124677796e-11,4.068061364748008e-12,1.7456947253258198e-12,6.152574183837938e-13,1.961657703978017e-12,1.2726697702832452e-10,3.474917647379211e-06,0,2
33,23:37:00,2.3018118054955128e-11,3.6545358922107265e-12,1.481281177292923e-12,5.576709249993467e-13,1.9177319499102364e-12,3.7516400902067947e-10,3.5105113070512854e-06,0,2
34,23:37:30,3.402964829563498e-11,6.33440546076803e-12,1.3276411652646869e-12,7.110355282129004e-13,2.1119271378187523e-12,1.5605294649757535e-10,3.503397606719465e-06,0,2
35,23:38:00,3.122567613300079e-11,3.4653025861524623e-12,1.5295768705425178e-12,6.933688059963606e-13,1.7040343564745751e-12,3.2535328046825764e-10,3.5179351383842133e-06,0,2
36,23:38:30,4.7216536697468e-11,4.862869592698878e-12,1.6897595213661669e-12,8.269918142608604e-13,2.6216095325311712e-12,1.397160966201911e-10,3.5028150383808157e-06,0,2
37,23:39:00,2.6901788608831197e-11,3.2940791433670066e-12,8.780254565801542e-13,3.8177835194846137e-13,1.1056186240384182e-12,1.2752083488188108e-10,3.5263379367827004e-06,0,2
38,23:39:30,4.2497745593593524e-11,3.2066443382108557e-12,1.2425962525743773e-12,4.724181439622257e-13,8.233719602021917e-13,3.090935383262452e-10,3.5072164267143018e-06,0,2
39,23:40:00,6.267334197668491e-11,5.1113768949109415e-12,1.6168702589764993e-12,6.018955073350291e-13,2.2550518030672754e-12,1.4797258027567947e-10,3.4500604101047187e-06,0,2
40,23:40:30,2.5723956747127076e-11,3.3803366185598987e-12,1.2221902974428768e-12,4.2424528889770495e-13,1.0718478777279547e-12,2.0795257941445154e-10,3.4806852330306055e-06,0,2
41,23:41:00,3.5743854903757077e-11,4.038713277084918e-12,1.3231288601168258e-12,6.013190844440841e-13,1.9411639059197136e-12,1.3881519872166783e-10,3.304026485775855e-06,0,2
42,23:41:30,4.412811436123659e-11,5.781150972337604e-12,1.2844114973633501e-12,4.179915234359501e-13,1.4000603374159848e-12,1.7042529200812475e-10,3.2397878530123076e-06,0,2
43,23:42:00,2.8622717464915004e-11,3.945368272603725e-12,9.680289371027466e-13,4.983757988678672e-13,1.3838077386962165e-12,1.2902978296373367e-10,3.1970291454835997e-06,0,2
44,23:42:30,4.0746487478992494e-11,5.064309847248967e-12,1.6400255558904887e-12,4.290080150647043e-13,1.9583548059501105e-12,1.3509413052759452e-10,3.1308656272552588e-06,0,2
45,23:43:00,5.5324439846739136e-11,6.220948335183192e-12,1.2772984309361057e-12,3.7593088578869655e-13,1.579696552539922e-12,1.7374866471185393e-10,3.199087129629662e-06,0,2
46,23:43:30,5.6680171851319236e-11,4.506092633730607e-12,1.4141618483384463e-12,5.169053248104227e-13,1.3646991672665004e-12,1.8519717940407483e-10,3.200415909489111e-06,0,2
47,23:44:00,4.2820161159369253e-11,4.883328751549458e-12,1.4154994466282885e-12,6.119038105061135e-13,2.5337089962044316e-12,1.4562801641810517e-10,3.1051836799189652e-06,0,2
48,23:44:30,5.259362595287163e-11,6.0123054931988944e-12,1.6649810798834298e-12,3.854307538035606e-13,1.2770637968119655e-12,1.9674777585878722e-10,3.029713111504203e-06,0,2
49,23:45:00,4.712872643843716e-11,4.241404590110921e-12,9.488317105401859e-13,3.414278277220827e-13,1.0982468633501772e-12,1.7498518777479403e-10,3.2350007919647806e-06,0,2
50,23:45:30,4.2056871170032175e-11,4.350326920636576e-12,1.013886786090088e-12,3.155292350958514e-13,8.038727277521252e-13,1.440798082479276e-10,3.1118947474889387e-06,0,2
51,23:46:00,5.605865157674723e-11,6.163130602630812e-12,3.939509913977701e-12,7.190782320909659e-13,1.868924415138925e-12,5.981722719274176e-10,3.279899025887853e-06,0,2
52,23:46:30,5.826192926139566e-11,2.867019558533712e-12,3.1408860816543353e-12,1.6787946791351119e-12,1.71253199544832e-12,3.0207555137395854e-09,3.223388078337796e-06,0,0
53,23:47:00,2.251903187420391e-11,1.6286563946746407e-12,2.216530667146344e-12,1.0378339561722619e-12,1.409955154652831e-12,4.908835069016441e-10,2.9354140737108953e-06,0,0
54,23:47:30,3.194025535453775e-12,1.1193892962639727e-12,1.95517990132627e-12,5.180367524341515e-13,7.160763779144598e-13,5.108546299317615e-10,2.3998262940327922e-06,0,1
55,23:48:00,4.396151687922026e-12,1.1507265775735662e-12,2.6198462234418917e-12,7.853622216534897e-13,1.7148699243956528e-12,3.2941197873939694e-10,2.4666392803085186e-06,0,0
56,23:48:30,1.717085625654454e-11,1.7957300666804855e-12,1.550624181811322e-12,4.287176423955135e-13,5.03293196525409e-13,5.235944952960582e-10,2.402614903453628e-06,0,1
57,23:49:00,1.0765579026278033e-11,1.2441594664236574e-12,2.0572637892040282e-12,6.142997710329692e-13,1.1635194723738352e-12,8.924866880449877e-10,2.3678674184599812e-06,0,2
58,23:49:30,2.4995250796058206e-11,2.1468177836190708e-12,1.411836301899289e-12,5.366114839936135e-13,1.1155797175552426e-12,2.7801757498218195e-10,2.3491204489970617e-06,0,2
59,23:50:00,1.509964965278166e-11,2.8109979645347327e-12,8.10679528620559e-13,3.604495197340975e-13,7.019438326648707e-13,1.89208444884824e-10,2.220466159218744e-06,0,2
60,23:50:30,1.5015814828581408e-11,2.3282871188426694e-12,9.707361477648255e-13,6.271966289515277e-13,1.305759820236508e-12,2.1692477207885947e-10,2.2557519467122785e-06,0,2
61,23:51:00,2.7711991689183117e-11,3.2777050520042664e-12,1.2616913581544368e-12,4.857506706153135e-13,1.327351040372746e-12,9.767844874492488e-11,2.0518233256353207e-06,0,2
62,23:51:30,1.644421234041531e-11,2.2041170685813697e-12,9.881753191000717e-13,7.804542866324385e-13,1.6541376897505332e-12,1.1734111132161827e-10,2.0061853787992485e-06,0,2
63,23:52:00,2.8054538350425914e-11,3.2650466016272886e-12,1.197305987153755e-12,4.217596193609948e-13,1.1286658211687895e-12,1.2030670117073687e-10,1.917033727241134e-06,0,2
64,23:52:30,5.18888283927039e-11,5.70848401199262e-12,1.7976505288812962e-12,6.967780706051624e-13,3.212851858181095e-12,1.3714569769885226e-10,1.8431273714855289e-06,0,2
65,23:53:00,1.420569656955521e-11,2.2424806700436848e-12,8.333277210573551e-13,5.724535136745639e-13,1.5751762432460958e-12,1.2893225204449177e-10,1.7652286796852814e-06,0,2
66,23:53:30,3.547581197161588e-11,5.288204688550158e-12,1.927472227186999e-12,6.429619150261024e-13,3.1048279648363565e-12,1.2993103328610314e-10,1.7710667900030426e-06,0,2
67,23:54:00,2.4905920486039788e-11,6.393236438951562e-12,1.171637097709563e-12,5.355392434114212e-13,2.085514233897199e-12,1.4108139948308168e-10,1.7759412342237527e-06,0,2
68,23:54:30,5.5654465358753714e-11,5.549201784045696e-12,1.481325094339348e-12,4.897729649526305e-13,1.740172857479684e-12,1.361532520540938e-10,1.7499284412333132e-06,0,2
69,23:55:00,3.522880029358678e-11,4.105991949720632e-12,1.8664279057681725e-12,6.203210963650582e-13,1.3385171452133897e-12,1.5898657661325545e-10,1.6932542903993923e-06,0,2
70,23:55:30,3.006979261429114e-11,5.870370346863735e-12,1.3384333113084648e-12,4.1648049589868776e-13,1.5501230825517616e-12,1.1446934163784096e-10,1.6325093885102804e-06,0,2
71,23:56:00,3.187207158568914e-11,3.758555790538143e-12,1.6685028185968137e-12,8.129059992891739e-13,2.888986356257469e-12,1.272860597030537e-10,1.6073222014589284e-06,0,2
72,23:56:30,6.45952897528242e-11,7.237401207035434e-12,2.0646960306401964e-12,5.305200047793646e-13,2.2668106505130835e-12,1.5186691286896788e-10,1.581619200779745e-06,0,2
73,23:57:00,5.6133334433009156e-11,4.981235136712695e-12,2.1423334788056688e-12,4.606923132559222e-13,1.5540035233255207e-12,1.323477068144811e-10,1.6640706729099137e-06,0,2
74,23:57:30,1.9560440436033077e-11,2.8389838656008286e-12,9.187580438710316e-13,1.845370514965786e-13,4.709829783995654e-13,1.0498138199945768e-10,1.4887271166093747e-06,0,2
75,23:58:00,5.111779429243276e-11,4.632026910935458e-12,1.5061598937511687e-12,3.777792979442227e-13,8.1707602977318e-13,1.595816601242388e-10,1.4843439433802208e-06,0,2
76,23:58:30,4.90564791708114e-11,5.47636270975351e-12,1.4590698839566088e-12,3.497070512629594e-13,1.2695691752797645e-12,1.5150813990172095e-10,1.471221426101039e-06,0,2
77,23:59:00,5.10829127657781e-11,4.81260841266191e-12,1.2080832540230932e-12,2.4494723595256883e-13,7.723818003852995e-13,1.3368900225598946e-10,1.566381773296541e-06,0,2
78,23:59:30,6.647867977447476e-11,7.588878101005089e-12,1.6013298602193537e-12,4.4320950681854743e-13,1.1077348727124962e-12,1.8886411521324728e-10,1.582165657449491e-06,0,2
79,00:00:00,5.2314955935152145e-11,4.3317677524744354e-12,1.574061962298745e-12,3.905412355802085e-13,1.2919891014045748e-12,1.7142832450833698e-10,1.5229488641290409e-06,0,2
80,00:00:30,5.5086981092282895e-11,5.743576407164297e-12,2.4814917444735118e-12,4.2485604266829273e-13,1.0368094282699691e-12,1.359132474114539e-10,1.504667997695924e-06,0,2
81,00:01:00,6.216586169142867e-11,4.939749611729763e-12,9.656720078519334e-13,2.0628411191626732e-13,6.10921951945559e-13,1.560798983376877e-10,1.4753916358381183e-06,0,2
82,00:01:30,6.872750314132751e-11,5.383865965894164e-12,2.1758490581652276e-12,4.212972702345514e-13,1.877091467819208e-12,1.8802586884616127e-10,1.407172453352869e-06,0,2
83,00:02:00,3.734959174276415e-11,4.321408507688139e-12,5.574814582705557e-12,4.711745077316594e-13,1.0573873191009238e-12,1.4815672559754809e-10,1.38718818208064e-06,0,2
84,00:02:30,4.040881718393188e-11,6.459813825318577e-12,5.282794661500212e-12,4.946272568994458e-13,1.3870649047532552e-12,1.686042582265757e-10,1.3964943761432966e-06,0,2
85,00:03:00,7.574791989941242e-11,1.1236633262427938e-11,1.97192671572245e-12,6.04966330398985e-13,1.478502361504328e-12,1.3262588478763338e-10,1.3516713388017255e-06,0,2
86,00:03:30,2.8720718031118424e-11,5.292786457686364e-12,3.5994253865658872e-12,6.383775190926617e-13,1.778172868054683e-12,2.070806752997544e-10,1.4546535248255416e-06,0,2
87,00:04:00,3.1639559844886695e-11,3.729977632917081e-12,2.197457079574243e-12,3.8087004079407306e-13,8.520397247580592e-13,1.4463089618526441e-10,1.3220082762886266e-06,0,2
88,00:04:30,5.498263089488404e-11,6.291577047182708e-12,2.3711389503913644e-12,7.498395200037949e-13,2.17705876512054e-12,1.9990303104501685e-10,1.391405747140419e-06,0,2
89,00:05:00,1.7223735739328578e-11,2.2717406362896503e-12,1.6670722099491872e-12,4.7344708945811e-13,9.486959398517335e-13,2.353914336113399e-10,1.525038585407654e-06,0,2
90,00:05:30,4.4531368525334576e-11,4.470106664034998e-12,2.500734919849462e-12,6.355128186769188e-13,1.899154542747935e-12,1.1502754959930133e-10,1.3348860159751879e-06,0,2
91,00:06:00,6.086401045685035e-11,5.18233486770194e-12,3.868332644662003e-12,1.2857246752450944e-12,6.632765658194574e-12,1.8677722138154124e-10,1.5003126999271448e-06,0,2
92,00:06:30,1.1223087714434382e-11,2.5720362449082815e-12,1.1292881794792784e-12,7.214280843271085e-13,9.221700310166865e-13,1.8834106412878175e-10,1.4635045547249019e-06,0,2
93,00:07:00,2.6979439613340355e-11,3.2657499489015606e-12,1.4314918855115217e-12,8.274472958203415e-13,1.127027826319273e-12,1.2697287585137098e-10,1.3083607021102735e-06,0,2
94,00:07:30,1.018171196892946e-11,2.848716501367464e-12,2.3132535505542935e-12,6.691165710923259e-13,1.4074904416437121e-12,1.7227576125170687e-10,1.4401764722609209e-06,0,2
95,00:08:00,3.1078518567656264e-11,4.074514001712391e-12,1.8527846130616148e-12,8.486801345510677e-13,1.948050135908822e-12,7.841223953966458e-11,1.2296791052971732e-06,0,2
96,00:08:30,1.8834669837672405e-11,3.179765210827973e-12,2.16520715958626e-12,9.540355976204039e-13,1.7251704042272258e-12,1.6125763752867542e-10,1.5015250966019039e-06,0,2
97,00:09:00,8.246441592461195e-12,1.3730299833223831e-12,1.3258256617173447e-12,4.187018037605105e-13,9.955316767801566e-13,3.3932819347831036e-10,1.6058694918684459e-06,0,2
98,00:09:30,4.156077019283199e-11,4.693507480595586e-12,1.7429749620808335e-12,1.1384476494355931e-12,3.855097983655503e-12,1.0982048796416584e-10,1.3612619750393057e-06,0,2
99,00:10:00,3.276055612483726e-11,2.248332343392074e-12,1.312111689726908e-12,5.640086576192387e-13,1.0807445640445073e-12,1.5512546363080358e-10,1.4671348565781645e-06,0,2
100,00:10:30,2.5893563846399827e-11,3.0816573667628637e-12,1.1385665387412096e-12,8.384962795904955e-13,2.0536412486025103e-12,7.541236380061452e-11,1.2602878902658184e-06,0,2
101,00:11:00,2.8161422297109934e-11,6.393275118109408e-12,2.5276711871370545e-12,7.81306273778209e-13,2.2345464604495073e-12,1.1901117014569517e-10,1.3303546372535761e-06,0,2
102,00:11:30,8.004778999608554e-12,2.2826379253054062e-12,1.2006783962303216e-12,4.771748882587372e-13,9.322418747479292e-13,1.1433139022093316e-10,1.569254497493669e-06,0,2
103,00:12:00,2.5576332145152804e-11,3.467091886604884e-12,1.8938108863765862e-12,1.1344810240992726e-12,2.5860453828373477e-12,1.4266541199647706e-10,1.1856130304654295e-06,0,2
104,00:12:30,1.613830241033231e-11,2.213979030901637e-12,1.1735232900733628e-12,4.065420630412057e-13,6.792316741218115e-13,1.349003183014874e-10,1.27589646315032e-06,0,2
105,00:13:00,2.7616753331138707e-11,2.5995267531904636e-12,1.4455764850729788e-12,5.495913870115024e-13,1.1354164556017224e-12,9.362892160315439e-11,1.3644415791756869e-06,0,2
106,00:13:30,2.8071339336714984e-11,3.5804412140191834e-12,1.6914742465495707e-12,1.1737260231036408e-12,3.6165916876939345e-12,1.0498858534989219e-10,1.4583967252847197e-06,0,2
107,00:14:00,2.0312646754694712e-11,4.3626541903995905e-12,1.1611049316856378e-12,4.864593165187927e-13,1.0936644460943415e-12,1.1190582315502683e-10,1.3001953051869784e-06,0,2
108,00:14:30,2.0100636843376963e-11,4.325566609742293e-12,1.8040164588659466e-12,7.790363306653791e-13,2.23432353196875e-12,7.033331039253185e-10,1.0995634882879215e-06,0,2
109,00:15:00,7.113656755440728e-12,1.7139120203783312e-12,1.9228836696168722e-12,8.212905616665072e-13,1.4840367218588298e-12,1.3312335749184606e-10,1.4952735597046857e-06,0,2
110,00:15:30,1.2856973750672809e-11,1.0177104341814774e-12,9.077996678711037e-13,4.984376426728883e-13,8.236910557430191e-13,1.7706427957435666e-10,1.3309871111964106e-06,0,2
111,00:16:00,1.969736356162419e-11,3.200079601663348e-12,1.0838891993675864e-12,5.517459765971542e-13,1.1167337496471198e-12,8.023485380089157e-11,1.153901492961219e-06,0,2
112,00:16:30,9.299755589610651e-12,3.025614046055876e-12,1.8536685025979942e-12,8.728657884101992e-13,1.5951458795209324e-12,1.4670930810679904e-10,1.396564934993551e-06,0,2
113,00:17:00,8.282655118691245e-12,2.0841415597620105e-12,9.019901821252338e-13,3.572574304794259e-13,6.318420247173415e-13,1.0050501065868193e-10,1.2554621956148814e-06,0,2
114,00:17:30,6.3638688462256154e-12,1.6544765993786982e-12,9.4633970965253e-13,6.038204184763457e-13,2.1766147273797064e-12,2.1991300353694173e-10,1.197700914934832e-06,0,2
115,00:18:00,9.255530138504518e-12,1.902591071763003e-12,2.760235715154003e-12,1.2078846603818275e-12,1.83199991152423e-12,7.560509173508046e-10,2.1586319181084053e-06,0,1
116,00:18:30,1.063353753073523e-11,9.915465571879699e-13,5.993574394833104e-13,3.161208915111538e-13,3.1587063156798603e-13,3.876551343631249e-10,1.2735975608155396e-06,0,1
117,00:19:00,2.9608715449723116e-11,3.7385256441521725e-12,1.1218969751821122e-12,8.200532509254994e-13,2.1039458516010082e-12,1.0907131141848116e-10,1.1977112382717732e-06,0,2
118,00:19:30,6.328260074666551e-12,8.507769505454042e-13,5.190179304379713e-13,3.4886331971408404e-13,4.1452589833149896e-13,1.2503694504404972e-10,1.1941958761110007e-06,0,2
119,00:20:00,2.1518097574499144e-11,1.9453609565077064e-12,1.3113124702914757e-12,5.043332559257432e-13,1.2745422857844884e-12,9.357726670682402e-11,1.1177141526789604e-06,0,2
120,00:20:30,3.04976918972916e-11,2.740441508103359e-12,1.1497467903220373e-12,5.310037838290366e-13,1.3780883392500937e-12,1.670127466018176e-10,1.144500532489391e-06,0,2
121,00:21:00,1.1505131731852709e-11,1.5492437132005409e-12,7.825967845172969e-13,5.359120351560826e-13,8.830075821200845e-13,7.780354407142932e-11,1.1232040222076168e-06,0,2
122,00:21:30,1.4033718077894255e-11,3.676946187508161e-12,1.1960134478286558e-12,3.836028247346418e-13,1.1771297749449767e-12,9.65499721404444e-11,1.096383091545826e-06,0,2
123,00:22:00,1.0782072047709856e-11,2.4782377487479435e-12,1.0859831888013926e-12,6.6850770734103e-13,1.8161152705377583e-12,7.374623794248836e-11,1.1382781087292701e-06,0,2
124,00:22:30,1.4415456756223107e-11,2.7086308598828906e-12,1.2904563510107905e-12,4.5240193788120357e-13,1.8971269674028827e-12,1.1046407565148242e-10,1.0874273054010066e-06,0,2
125,00:23:00,3.860672820607913e-11,4.718330557863861e-12,2.492758938983049e-12,9.096686680165959e-13,3.3652403347187127e-12,1.067651765417765e-10,1.0699588489608606e-06,0,2
126,00:23:30,2.81663522491386e-11,2.9419932892942504e-12,9.383517835798893e-13,3.550491661447409e-13,7.23621674320499e-13,1.1557537408104383e-10,1.0806874089520972e-06,0,2
127,00:24:00,3.9300279841754574e-11,5.300278807016934e-12,1.5838676626444669e-12,4.0634612119657686e-13,1.0405202112764125e-12,1.5098309227059868e-10,1.0018275798752555e-06,0,2
128,00:24:30,2.130734824619521e-11,3.5037507835752153e-12,1.0158234191026047e-12,3.7697533585593007e-13,7.873808390044599e-13,9.290810215334522e-11,1.041224513234372e-06,0,2
129,00:25:00,3.189820719347056e-11,5.16064953405017e-12,1.4189668682910076e-12,3.5215253134010934e-13,1.2013804426360843e-12,1.9266798663847516e-10,9.774955982623656e-07,0,2
130,00:25:30,4.232828745132126e-11,3.4448529178860273e-12,2.0161543374602745e-12,3.843664361929328e-13,1.3692461251531922e-12,1.3058391007354667e-10,1.011996470215837e-06,0,2
131,00:26:00,6.46734040774471e-11,5.960833592108076e-12,1.1401270526216114e-12,4.793072093278796e-13,1.6730215865462278e-12,1.3371189892507167e-10,1.0126682778101926e-06,0,2
132,00:26:30,4.115162777220952e-11,4.1849791677133415e-12,1.142894820960456e-12,5.361930590071486e-13,1.8962955853337155e-12,1.5008556704749715e-10,9.534201311981363e-07,0,2
133,00:27:00,3.903853642866033e-11,4.7038644247958135e-12,1.4005244322765882e-12,6.045480760274024e-13,2.455085471880295e-12,1.5567819089205342e-10,9.961373925819815e-07,0,2
134,00:27:30,8.134796216368703e-11,4.281278810102053e-12,8.615044515213312e-13,2.5661861323458185e-13,5.646323036923657e-13,1.8579785173160633e-10,1.0130113066881897e-06,0,3
135,00:28:00,4.328064233421329e-11,3.79362200428254e-12,1.187391304635954e-12,3.3516944919886953e-13,1.0109811931347455e-12,1.591513764758478e-10,9.793039381893807e-07,0,2
136,00:28:30,5.96673928782906e-11,5.061116091702676e-12,1.0435798165071183e-12,3.324448479859373e-13,1.2296783236230996e-12,1.6686717117389946e-10,9.859949356940403e-07,0,2
137,00:29:00,3.957535287561648e-11,4.958291006632767e-12,1.4120375111757629e-12,2.566472797977322e-13,1.1724589945632466e-12,1.915818184230661e-10,9.96388507063813e-07,0,2
138,00:29:30,6.323150828291113e-11,3.7749599049215266e-12,9.429393352967673e-13,2.036517964277727e-13,4.873643436876589e-13,1.6559288576624007e-10,9.935911441101894e-07,0,3
139,00:30:00,5.56021631645389e-11,4.063723839813943e-12,1.141167280727541e-12,2.607494262981625e-13,8.729245099718115e-13,1.3810049250268608e-10,9.655330328918872e-07,0,2
140,00:30:30,7.020162245223564e-11,5.311773994260674e-12,1.384223267593427e-12,3.415909068340916e-13,1.3625930201075638e-12,1.4755239340495943e-10,9.080439365500287e-07,0,2
141,00:31:00,4.0737846710824e-11,3.836435364353223e-12,1.1462642875649866e-12,2.1924279323258573e-13,8.50513768291563e-13,2.657959605987196e-10,9.582651421194293e-07,0,2
142,00:31:30,6.32549261448876e-11,3.2490595598995058e-12,9.8884764825543e-13,2.1546952651951614e-13,6.829211299048218e-13,1.8005149561652486e-10,9.917081622885356e-07,0,2
143,00:32:00,5.989750276653765e-11,4.384621263571758e-12,1.168278193428631e-12,2.509498094368875e-13,8.427250157189472e-13,2.022969383983968e-10,9.72429899210845e-07,0,3
144,00:32:30,8.803186542500769e-11,4.903956643512668e-12,1.2174561615914561e-12,1.8554954282298745e-13,4.952798075360241e-13,2.479957414900256e-10,9.893984944346573e-07,0,3
145,00:33:00,7.123558149107298e-11,5.458487648737604e-12,1.13910039881566e-12,3.1338810521377025e-13,9.913959926507722e-13,1.6135227807452466e-10,9.695907570770457e-07,0,2
146,00:33:30,8.645397677634444e-11,3.8975858925820315e-12,1.2286685742770945e-12,2.9263121746897005e-13,1.038567959772439e-12,1.5939374073895032e-10,9.285515854650931e-07,0,3
147,00:34:00,9.894741810445585e-11,3.5672218150237435e-12,1.1458754524178434e-12,3.0341052828920855e-13,9.383587390960294e-13,4.029802936823588e-10,1.5644873324112847e-06,0,2
148,00:34:30,2.1898561966307667e-11,3.638998299869345e-12,4.7255765817165315e-12,1.3112164290418142e-12,2.2402734946528982e-12,6.735282654914847e-10,2.2533072685099737e-06,0,1
149,00:35:00,3.518754460463664e-11,2.7102851808289602e-12,1.925428035163118e-12,5.625507026173474e-13,8.177881703350462e-13,3.1421652204553476e-10,1.8697815019902893e-06,0,1
150,00:35:30,6.898396018848726e-12,2.5494868873921443e-12,1.603174341807717e-12,8.784200812491901e-13,1.286692570398778e-12,1.7591592791248483e-10,1.7066708348072433e-06,0,1
151,00:36:00,1.567231874300152e-11,2.196719419144769e-12,2.036328834761688e-12,4.0908987654484744e-13,9.80178399077748e-13,2.6503039530485185e-10,1.3198050844221388e-06,0,1
152,00:36:30,2.2836195387889326e-11,2.2642796756457356e-12,1.0545785429606616e-12,3.7862828929091206e-13,9.363101358232796e-13,1.4720033560939315e-10,1.1280016534129548e-06,0,1
153,00:37:00,1.7465272543188638e-11,1.7544673826652378e-12,8.447339001951207e-13,3.4143404412989375e-13,5.885537673699115e-13,1.097432130885835e-10,1.1707974553134474e-06,0,2
154,00:37:30,2.6744068396172696e-11,2.4314519958063547e-12,2.3131079967929017e-12,5.873895714007703e-13,1.4836473946541702e-12,2.946356096627786e-10,1.2681201274114016e-06,0,2
155,00:38:00,1.9275014499924605e-11,2.114240177140812e-12,8.882882279576438e-13,5.810565734559757e-13,2.2453040911866972e-12,1.0502328071152617e-10,1.115255782096241e-06,0,2
156,00:38:30,1.6964354019649202e-11,1.8162651511410511e-12,1.598596422843257e-12,6.699706472390627e-13,1.2353314436907372e-12,3.0875776434468094e-10,1.3222711466746996e-06,0,2
157,00:39:00,8.248286641266467e-12,2.528044270203592e-12,1.145326926149257e-12,6.006630992592358e-13,2.0237303944416958e-12,8.93001357354565e-11,1.017511172265726e-06,0,2
158,00:39:30,2.6131617678841054e-11,3.81643939608088e-12,1.2773630139760996e-12,6.488099311138534e-13,2.276725285884565e-12,9.23833313955119e-11,9.662537916464157e-07,0,2
159,00:40:00,2.8054335628487197e-11,4.5264271372968905e-12,1.1546689073348683e-12,4.3748808018673595e-13,1.8011336978680106e-12,8.90074966824845e-11,8.927729550542893e-07,0,2
160,00:40:30,1.2033940115137845e-11,2.494317604839315e-12,8.357511449821882e-13,2.1007891181358093e-13,4.936279068040984e-13,7.581570358994729e-11,9.413839005802064e-07,0,2
161,00:41:00,2.8903131244968233e-11,3.3833234746425285e-12,1.6888790144088108e-12,3.937581597886113e-13,1.907140759410733e-12,1.0492943275363953e-10,9.254035242047609e-07,0,2
162,00:41:30,3.0714424183908046e-11,4.785302794364869e-12,1.1919536060036713e-12,4.43440010210561e-13,1.6702727304199556e-12,1.3135457461943075e-10,8.864282172907074e-07,0,2
163,00:42:00,3.134401383740112e-11,3.6274956602212107e-12,1.4708070847205483e-12,4.699913968425921e-13,2.316085802028713e-12,1.1091941016067802e-10,9.057558774196707e-07,0,2
164,00:42:30,7.444327465260874e-11,4.7063747693651594e-12,9.839798036560926e-13,2.5578634842009697e-13,6.39884235929182e-13,1.1925719417120458e-10,9.61718165044675e-07,0,2
165,00:43:00,3.4009210435020395e-11,3.4442624702936173e-12,9.763167552757836e-13,4.0656190045931705e-13,1.6155507363120654e-12,1.5777292681514876e-10,9.258433580629358e-07,0,2
166,00:43:30,5.4244183451885695e-11,5.388468440418157e-12,1.1807442431250312e-12,4.0897827371889186e-13,1.8367603473221043e-12,1.486322993157682e-10,9.236592351910884e-07,0,2
167,00:44:00,6.025331446444587e-11,3.4731467550418045e-12,8.358659872761971e-13,2.1754216923423846e-13,7.49647027027202e-13,1.809459825986009e-10,9.088609533693583e-07,0,2
168,00:44:30,5.6557687478548954e-11,4.173705140451552e-12,9.527383305354384e-13,4.304346606475318e-13,1.776540784938854e-12,1.76028361846379e-10,8.932908245865375e-07,0,2
169,00:45:00,8.071903236765935e-11,4.510734593270243e-12,8.879955212307031e-13,2.7305721081388275e-13,1.0512309697375639e-12,1.5524615526113985e-10,8.873979256986519e-07,0,3
170,00:45:30,5.377562575899885e-11,3.9613895781527546e-12,9.436860904928056e-13,1.6222539701777883e-13,4.845622632258719e-13,1.3310399655805008e-10,8.958344377089636e-07,0,2
171,00:46:00,5.301343150987912e-11,4.654560872888627e-12,1.2267899633222864e-12,2.974910310300967e-13,1.1062749976444454e-12,1.9584870113070973e-10,8.589721929542479e-07,0,2
172,00:46:30,4.56214253352626e-11,5.1385367678397515e-12,1.2229140275430565e-12,2.736905761784177e-13,1.0067659611369661e-12,1.5328516212185265e-10,8.75733755016458e-07,0,2
173,00:47:00,7.066717894071098e-11,4.089458177458382e-12,1.4178327961596547e-12,2.436487796623847e-13,9.316335925810512e-13,1.8034263523216266e-10,8.627452315359727e-07,0,2
174,00:47:30,5.5633776319822464e-11,4.113404559059734e-12,8.609733066089544e-13,1.9835035248219997e-13,6.759587762034108e-13,1.6122689289147913e-10,9.562904316180121e-07,0,2
175,00:48:00,8.82351531713898e-11,4.26733760688052e-12,1.23695120418783e-12,2.862110041187584e-13,1.056910494750976e-12,2.543729516873879e-10,8.909291321841512e-07,0,2
176,00:48:30,7.354464240305512e-11,4.527769851063398e-12,1.0742993500392127e-12,1.589212536263556e-13,3.549071620366336e-13,1.8287125215472598e-10,8.876820189696847e-07,0,2
177,00:49:00,6.88506386965693e-11,4.175939083272225e-12,1.2217333093056144e-12,2.29744732053551e-13,7.593718233034605e-13,1.6985331411073358e-10,8.992537690668581e-07,0,2
178,00:49:30,7.330140801542637e-11,3.5726089773007636e-12,1.023075583535581e-12,2.2390630270324948e-13,6.351626514887577e-13,2.387743130802216e-10,8.984297227332011e-07,0,3
179,00:50:00,5.3893188912131e-11,3.648056248361588e-12,1.279750281267727e-12,3.679244009316258e-13,1.3268209719029226e-12,1.6165517203782187e-10,8.837938331688123e-07,0,2
180,00:50:30,7.462337456856636e-11,3.2120117072568126e-12,9.909191356224467e-13,2.32069570279035e-13,9.71127679123249e-13,1.547276221975181e-10,8.340209895207508e-07,0,2
181,00:51:00,6.572226837338732e-11,4.097805636105917e-12,1.2941074278036426e-12,2.610413479382344e-13,8.673432746094099e-13,1.9585903195086797e-10,8.918886920207051e-07,0,2
182,00:51:30,7.023460985460226e-11,4.2807107699492185e-12,1.2175609341361542e-12,1.5462325090610046e-13,5.108120949894881e-13,2.1262043651689087e-10,8.968413815926257e-07,0,3
183,00:52:00,7.902043731226101e-11,4.197646146723126e-12,1.1203764693445578e-12,2.1323507972443971e-13,8.395235798760416e-13,2.263599662482502e-10,8.395775670609276e-07,0,3
184,00:52:30,9.145436905015837e-11,4.0289615693038295e-12,1.172975984078988e-12,2.3571123822687367e-13,9.197962054268505e-13,1.889672456246595e-10,7.660494860357887e-07,0,3
185,00:53:00,9.622895752070628e-11,3.5463399671771e-12,1.6440239427377668e-12,2.3861667438444024e-13,8.157613128208868e-13,1.6276061280519292e-10,8.343793259117594e-07,0,3
186,00:53:30,7.210107300895636e-11,4.038889002363046e-12,1.2414154295911339e-12,1.536596614246008e-13,4.176788162620386e-13,2.0733825483945927e-10,8.757842444753575e-07,0,3
187,00:54:00,1.0841350273413994e-10,3.9087706682264285e-12,1.04321802354168e-12,2.2489995545943418e-13,5.712384914857359e-13,1.8270927093868938e-10,7.958578403830093e-07,0,3
188,00:54:30,7.355430374122603e-11,4.954342576697785e-12,1.3313780596162984e-12,3.0343781723245787e-13,8.861759444247106e-13,1.9546335415312455e-10,8.062676458983917e-07,0,3
189,00:55:00,9.38151166435084e-11,4.7714616947434034e-12,9.40657099773727e-13,1.649626858194996e-13,4.87996862961297e-13,2.482789817354547e-10,7.505236605720835e-07,0,3
190,00:55:30,7.515262400917767e-11,4.084726273352184e-12,1.2617037231641256e-12,2.0946164155795026e-13,7.866977770810419e-13,1.9681325127194122e-10,7.913122393515318e-07,0,2
191,00:56:00,8.143315082667959e-11,4.917311826330536e-12,1.0460349469145506e-12,1.5649542548550425e-13,6.157977990940908e-13,1.624654436810784e-10,7.557761091008588e-07,0,3
192,00:56:30,7.30067281181001e-11,5.111310997850384e-12,2.070477974834514e-12,2.8593468945125934e-13,8.88219263703475e-13,1.884889683307732e-10,7.690430344336974e-07,0,3
193,00:57:00,8.431482341692834e-11,4.251928233360145e-12,8.857197243298456e-13,2.5053425398200044e-13,9.170894946298286e-13,1.6926545152903377e-10,8.318166973098687e-07,0,3
194,00:57:30,7.262358732962908e-11,4.321065955923091e-12,1.2143228613748006e-12,2.24892893142537e-13,7.642200851928042e-13,2.2319567709899984e-10,7.830126651757838e-07,0,3
195,00:58:00,6.830130624896891e-11,3.950091909251972e-12,1.1823981903185784e-12,1.9454602583775172e-13,7.259510106005201e-13,1.5938320071765648e-10,7.865601563096737e-07,0,2
196,00:58:30,1.0328484846544204e-10,4.895988478942031e-12,1.0488168606399626e-12,1.6119527127663343e-13,5.278414461440716e-13,2.097624782397307e-10,8.077644149969635e-07,0,3
197,00:59:00,7.975170445082559e-11,5.292394157145168e-12,1.3387550356240885e-12,2.067054087675913e-13,5.65986836364252e-13,1.950971628858956e-10,7.77727258001942e-07,0,3
198,00:59:30,9.647205215362631e-11,5.7068093471228845e-12,1.286222652366561e-12,1.9851716433569013e-13,8.518090580438034e-13,2.0588897971345523e-10,8.089976608888069e-07,0,3
199,01:00:00,6.917669502853116e-11,6.605142762437284e-12,1.2087563805037176e-12,1.7106858857477276e-13,6.113647810164037e-13,1.8152763938464302e-10,8.277561908834711e-07,0,3
200,01:00:30,8.279371312778864e-11,4.801267655962142e-12,1.6283994372826887e-12,1.9728806331352004e-13,7.957538008746681e-13,2.1316220997383544e-10,7.855857238052718e-07,0,3
201,01:01:00,9.912500317072435e-11,3.2582763427973507e-12,1.1905943656100337e-12,1.549940502362179e-13,3.7740945675472905e-13,1.938150387229788e-10,7.24973069458418e-07,0,3
202,01:01:30,7.706757926688073e-11,2.5706158474071505e-12,1.4582889087823175e-12,2.06599264018798e-13,9.11882250405565e-13,1.4726034841443673e-10,7.121022155277888e-07,0,3
203,01:02:00,8.231544804678041e-11,3.604948497834602e-12,1.6476341971639956e-12,2.401249641548634e-13,9.175612083247962e-13,1.392624550696451e-10,7.056461728613111e-07,0,2
204,01:02:30,1.1081482758743015e-10,5.716719101592425e-12,1.3124235252700302e-12,1.9120370414318456e-13,6.804652512222761e-13,2.4603477747773644e-10,7.422724362533318e-07,0,3
205,01:03:00,6.883893790751358e-11,4.497927767962713e-12,1.0558175781514158e-12,1.9504075399734624e-13,6.1467893942606e-13,1.837987355090863e-10,7.381516869108756e-07,0,3
206,01:03:30,1.232575141851654e-10,4.207034135619198e-12,1.5013863873681175e-12,2.445637920548739e-13,7.547513055682159e-13,2.0567761306900074e-10,7.435221714715412e-07,0,3
207,01:04:00,6.849267319739472e-11,4.833369304531036e-12,1.2570024281248266e-12,1.8177168911973519e-13,6.392801017495958e-13,2.322321669830712e-10,8.005656672783011e-07,0,3
208,01:04:30,7.937757386223268e-11,4.777060047856236e-12,2.0774632069704008e-12,2.2149486393014772e-13,1.0196630291383002e-12,1.9073673578270985e-10,7.163364222017305e-07,0,3
209,01:05:00,6.932685675780186e-11,4.650604352356974e-12,1.1438724835364903e-12,2.0451727123749036e-13,5.247555533265847e-13,2.5017812647857674e-10,6.89821718814951e-07,0,2
210,01:05:30,6.42512258899691e-11,4.338910058335842e-12,2.3219045430818118e-12,2.572830358018155e-13,1.0759153588406154e-12,1.9911410387129841e-10,6.657827063186166e-07,0,2
211,01:06:00,1.0322220349359784e-10,3.304043618923158e-12,9.64416881982881e-13,1.596973694670183e-13,6.054589648494759e-13,2.2688494384626415e-10,7.050544865598601e-07,0,3
212,01:06:30,6.380484982542759e-11,3.644209291183138e-12,9.937867556353924e-13,1.8035911639406352e-13,5.289320149344904e-13,1.9914480205927296e-10,6.621327353694633e-07,0,3
213,01:07:00,5.6860589867633953e-11,5.153907031585034e-12,1.3845528323144871e-12,2.156828422884291e-13,6.645471983582356e-13,1.9290672968432593e-10,6.495977172101275e-07,0,2
214,01:07:30,5.892650037418588e-11,4.58438535554879e-12,1.0480256689882513e-12,1.754335122610508e-13,4.791875051718978e-13,1.499814913559294e-10,6.360055764890441e-07,0,2
215,01:08:00,1.084703870892243e-10,4.92604288752435e-12,1.3863153891817935e-12,1.5141200680522565e-13,5.152426019033542e-13,2.6392676107859195e-10,5.918968421758863e-07,0,3
216,01:08:30,7.896716747532077e-11,3.967387896739223e-12,1.4527974909489368e-12,2.3323743170929406e-13,7.194040600129757e-13,1.8199720906620056e-10,6.155034900002156e-07,0,3
217,01:09:00,1.619441788559164e-10,5.6323922689874645e-12,1.5826815717185206e-12,2.5438921283998935e-13,8.377718415125143e-13,2.707458369222959e-10,6.112906602996686e-07,0,3
218,01:09:30,8.759013675293543e-12,2.976170732831787e-12,2.0019626277463717e-12,4.828720281865399e-13,1.4113992707068266e-12,2.4155218381461867e-10,1.3435595496740416e-06,0,2
219,01:10:00,6.864049480866421e-12,1.3583350072432686e-12,2.5634649551234587e-12,2.970765493739199e-13,4.679111068295219e-13,2.1063905060385942e-10,1.127283671893852e-06,0,2
220,01:10:30,3.028481514503877e-11,3.4052697630508897e-12,3.4530555681923077e-12,1.6719874085380294e-12,2.1468883187007375e-12,7.279189758141563e-10,2.8845769724429417e-06,0,1
221,01:11:00,7.966288666062394e-12,1.7396328166753245e-12,1.7121163082178575e-12,6.706264475499334e-13,9.265685776397326e-13,5.987596326522225e-10,1.7045877532129438e-06,0,1
222,01:11:30,9.237852437662609e-12,1.857033651976252e-12,1.2531034759797576e-12,3.722177953567228e-13,5.434438563029378e-13,1.718108458848144e-10,1.3332328469532207e-06,0,1
223,01:12:00,1.6491281454297085e-11,3.0398802084423345e-12,1.974771066023439e-12,3.8642327257847814e-13,5.013083969610183e-13,1.3843340031064562e-10,1.0232928229596985e-06,0,1
224,01:12:30,2.814798910357711e-11,2.911333859092566e-12,2.265771849497007e-12,5.427772461980516e-13,8.492521908781021e-13,1.2359559554104642e-10,1.2246928663700137e-06,0,1
225,01:13:00,1.1568365152976128e-11,1.696863336381899e-12,1.2239144147791971e-12,2.9609365452557944e-13,6.596367124870249e-13,1.1036950051948186e-10,9.266696234735916e-07,0,1
226,01:13:30,1.4748729545846218e-11,2.863943709060971e-12,1.7601171662742833e-12,1.061959317953629e-12,1.460580975708684e-12,3.730648024241514e-10,2.0040838905506936e-06,0,1
227,01:14:00,8.652693128826164e-12,1.270611622405932e-12,1.3513937993486859e-12,3.0218572857866813e-13,5.978376860213278e-13,2.0318005276329566e-10,1.0156448023251806e-06,0,1
228,01:14:30,1.8048375201003406e-11,2.6632588857287444e-12,9.686694781408266e-13,3.252124815351557e-13,9.254458481206225e-13,1.1387106254871705e-10,7.532849300321391e-07,0,1
229,01:15:00,2.898570166795238e-11,3.5802539953093517e-12,1.5635298984104033e-12,6.867167258656876e-13,1.722532633248476e-12,6.724579408489736e-11,6.954764980999787e-07,0,2
230,01:15:30,3.292421851881629e-11,5.244297779936001e-12,1.6622402956288036e-12,6.76769066885004e-13,1.7808198874965572e-12,9.579199790686841e-11,6.130897820507845e-07,0,2
231,01:16:00,9.47822852771364e-12,1.7559697164914933e-12,9.925374289050022e-13,3.4940274190103845e-13,8.59296326687542e-13,6.867916389389984e-11,6.075958530443154e-07,0,2
232,01:16:30,7.445275664273896e-12,1.9127638831239292e-12,6.313690507026303e-13,2.3145859552938394e-13,6.697498295281681e-13,1.4052140040370478e-10,6.10766505604116e-07,0,4
233,01:17:00,5.392640607781681e-12,1.4990807561068236e-12,7.713206244640569e-13,2.685883632083512e-13,3.7949554949231467e-13,2.1697090962885297e-10,5.834155713355443e-07,0,4
234,01:17:30,4.582560249883912e-12,1.5017646900074192e-12,8.327737460904413e-13,1.7886192126377404e-13,2.6835219822289426e-13,1.9431154333302593e-10,5.927510132727964e-07,0,4
235,01:18:00,5.701558411279098e-12,1.3111907430507598e-12,5.816588945616227e-13,1.8792443894001276e-13,2.709185710512596e-13,5.328387026864744e-10,6.125539744941072e-07,0,4
236,01:18:30,4.800398043668506e-12,1.0063892964819515e-12,7.692068981632028e-13,2.53529289489454e-13,2.855242723795742e-13,8.181624011121934e-10,6.19503836489365e-07,0,4
237,01:19:00,4.091475873224613e-12,8.150616583634924e-13,4.705276426752728e-13,1.8395500188849256e-13,3.1863164282175953e-13,2.680226871152339e-09,6.420027704127938e-07,0,4
238,01:19:30,5.17974532038797e-12,1.6695482277548684e-12,7.134629608963423e-13,2.4780674527914173e-13,4.1322279167695354e-13,3.779270164917194e-10,6.30104986962881e-07,0,4
239,01:20:00,7.039243030212252e-12,1.643583766531741e-12,5.331074107484498e-13,1.694040397121475e-13,3.3554944833218745e-13,8.123560133044291e-10,5.938368566505783e-07,0,4
240,01:20:30,6.255697922351115e-12,1.1918411178388694e-12,4.159409213078102e-13,1.649346532974241e-13,3.129099381948327e-13,4.4898484903248554e-10,6.131770105686826e-07,0,4
241,01:21:00,5.6863839860182535e-12,1.3135276880934357e-12,5.14043034083246e-13,1.8550993228963107e-13,3.007896783026189e-13,2.7662801967441527e-09,6.329544945169993e-07,0,4
242,01:21:30,7.461543350452972e-12,1.0822236763362011e-12,4.4359319249465195e-13,1.6844747027219858e-13,3.0687447054905234e-13,1.249684514862159e-09,6.293720279261146e-07,0,4
243,01:22:00,9.114690344780887e-12,1.6181765049409755e-12,7.63695438132557e-13,2.476666850658404e-13,3.8798267127590304e-13,2.1550160077132345e-09,7.274804283725692e-07,0,4
244,01:22:30,6.500056287659472e-12,1.6442956150169394e-12,5.897489989183341e-13,1.5862687239832425e-13,3.3823243303382565e-13,6.246511773558918e-10,5.998384736365052e-07,0,4
245,01:23:00,5.5825436107444604e-12,1.1136642870811449e-12,3.6600837223222534e-13,1.438328709856799e-13,2.041244478925745e-13,1.2902194609467396e-09,5.905116282102302e-07,0,4
246,01:23:30,7.662590817417356e-12,1.6840822231082362e-12,4.648822388056533e-13,1.4483097178990784e-13,1.8871210044694639e-13,1.219213735091557e-09,6.288107906844147e-07,0,4
247,01:24:00,5.4360910594901154e-12,1.7079766120561288e-12,8.532596542188474e-13,2.814928005453525e-13,4.3821140232929144e-13,1.2529281570405682e-09,5.901467665739335e-07,0,4
248,01:24:30,4.693131515952597e-12,1.7013661000471495e-12,8.249557553410487e-13,2.7462050781940056e-13,3.276825956407871e-13,1.252442118646311e-10,5.753529820307623e-07,0,4
249,01:25:00,5.101832866518471e-12,1.074579609965106e-12,8.854683025084962e-13,2.82087605546676e-13,4.981832723429911e-13,1.0929669997691232e-09,8.355667964372953e-07,0,4
250,01:25:30,7.174313482389708e-12,1.3664958808038313e-12,7.226532373210791e-13,2.4407039119298345e-13,4.949768080606533e-13,1.6232496604241118e-10,6.299087654026629e-07,0,4
251,01:26:00,5.4538593199282806e-12,1.7880723517778553e-12,5.842444192019913e-13,2.6685343580556685e-13,2.9115523398066206e-13,1.0168176004025134e-10,5.918178174426433e-07,0,4
252,01:26:30,4.419458298740798e-12,1.0642081450273136e-12,4.2775519923404635e-13,1.63056604929136e-13,1.8296893001777954e-13,8.019353340986214e-10,6.486209967525415e-07,0,4
253,01:27:00,7.16052100542974e-12,1.648578519403892e-12,5.371974758483327e-13,1.995120552036833e-13,2.829965887880829e-13,1.219661585476321e-09,6.187453982800924e-07,0,4
254,01:27:30,8.036258124736741e-12,1.4091248637661828e-12,1.6298099540748335e-12,7.226255107910951e-13,1.1155314889901609e-12,8.817397286422689e-10,1.774182920636298e-06,0,1
255,01:28:00,5.1267527934737434e-12,1.0849050582625917e-12,9.389401561603593e-13,3.4140889446800466e-13,5.147967455721229e-13,8.98929311475137e-11,1.08478523272996e-06,0,1
256,01:28:30,8.663548012020581e-12,1.6715351241545927e-12,1.2972592259201064e-12,4.442939848171587e-13,1.2581089511604792e-12,6.593627370909304e-11,7.363647201216246e-07,0,1
257,01:29:00,6.1761902003751235e-12,1.4153222522567268e-12,1.077613485749562e-12,4.0573162812539906e-13,5.460104471654416e-13,9.238791914151336e-11,8.762307465269063e-07,0,1
258,01:29:30,1.201817136681856e-11,2.458211227618263e-12,2.1730651262775334e-12,4.631325806633154e-13,1.4772878519529932e-12,1.2457437977681254e-10,8.830068163882645e-07,0,2
259,01:30:00,5.803424728346452e-12,2.615295613365356e-12,1.791120959366371e-12,5.469645265110279e-13,6.663396546616121e-13,1.184093738496486e-10,9.617266872167087e-07,0,2
260,01:30:30,1.0711176944874274e-11,1.9509137562859187e-12,1.0130854053774748e-12,5.012123791717014e-13,9.098654046728073e-13,8.6870060785415e-11,6.081165624708186e-07,0,2
261,01:31:00,1.5890862354821828e-11,3.7496083701211555e-12,1.0883155055461565e-12,6.480784308080186e-13,1.7578266190743952e-12,6.621192936119399e-11,6.518533429349821e-07,0,2
262,01:31:30,2.1513755816427334e-11,2.307411690487172e-12,1.4576350787896826e-12,6.132712278711792e-13,1.5557875159917432e-12,7.51003474154749e-11,6.431049875105438e-07,0,2
263,01:32:00,1.8163218001168375e-11,2.324593088513397e-12,1.1464842545945588e-12,4.842778427514608e-13,1.204575076665667e-12,6.264070119816745e-11,5.926570598031757e-07,0,2
264,01:32:30,2.4001712548303652e-11,3.991032535981359e-12,1.293701235460483e-12,6.815645405599304e-13,1.5542942599400217e-12,6.802166340721752e-11,5.90624471974213e-07,0,2
265,01:33:00,3.200886246275905e-11,4.553510371803905e-12,1.6660926428843457e-12,6.3541475016131e-13,1.3104729022339014e-12,6.892651023379975e-11,6.197723368718221e-07,0,2
266,01:33:30,1.2942341424692608e-11,2.800443603866602e-12,1.3535297578690318e-12,4.736281243294803e-13,8.651622737888197e-13,1.031058582766509e-10,5.763979662624968e-07,0,2
267,01:34:00,1.738922762546324e-11,2.3477625743686006e-12,1.670594804716699e-12,4.4350373348939593e-13,8.986528658082287e-13,9.583061145282234e-11,5.845355751131446e-07,0,2
268,01:34:30,8.728937691631797e-12,2.7173692836299545e-12,2.3952161046755816e-12,7.220073045529531e-13,2.0177132677711408e-12,6.856514863346342e-11,5.966375347938186e-07,0,2
269,01:35:00,1.1434141629775386e-11,2.714770415085933e-12,9.5458835082941e-13,4.486359125002298e-13,8.568290438282404e-13,7.05634566908509e-11,5.340032930670198e-07,0,2
270,01:35:30,1.1538637935772765e-11,4.128587752009932e-12,1.6083057820439523e-12,5.002425161847387e-13,1.1413293134421597e-12,7.106821365952904e-11,5.46014196634202e-07,0,2
271,01:36:00,7.194153505662386e-12,2.002303909872317e-12,5.582209734268484e-13,2.0479906750442267e-13,3.529113190980128e-13,1.0185494144676867e-10,5.858516452286123e-07,0,4
272,01:36:30,5.028384561915134e-12,1.819359547589717e-12,1.345513418377181e-12,4.0702183068000457e-13,1.6238551212824253e-12,6.5501583594978e-11,5.822388898602002e-07,0,4
273,01:37:00,9.078877664974532e-12,2.1185726348026353e-12,1.0336493438244032e-12,4.29029487894311e-13,1.0064470561784928e-12,1.485502978341078e-10,5.350604941539168e-07,0,4
274,01:37:30,6.840488994576328e-12,1.9920066571161946e-12,9.029696895425086e-13,2.6299182853068596e-13,3.2792697621850385e-13,1.8968260913862217e-10,5.930673868734886e-07,0,4
275,01:38:00,6.783696101393769e-12,1.4208569539212884e-12,5.36791384306603e-13,1.571048894676595e-13,3.125675249815677e-13,3.221718620778451e-10,5.795306260112925e-07,0,4
276,01:38:30,5.2825694992901e-12,1.412982577260533e-12,9.764464431657913e-13,5.925619034020339e-13,9.656311158399694e-13,1.0433905855217318e-10,6.883616456956456e-07,0,4
277,01:39:00,1.1598111166511784e-11,2.30003381952558e-12,2.0455417381919717e-12,4.068291001785706e-13,6.979658238697042e-13,8.012028692386921e-11,5.896524689340862e-07,0,4
278,01:39:30,1.1137340927517962e-11,1.9885993109888685e-12,1.0896462096927462e-12,6.291199134836329e-13,6.782891876820152e-13,8.761785873872951e-11,6.205071627361168e-07,0,4
279,01:40:00,6.870641170324505e-12,2.026112237675074e-12,8.896689127614948e-13,3.53239007695209e-13,7.304857825129271e-13,8.77731448255397e-11,6.252819706713121e-07,0,4
280,01:40:30,8.904502707707336e-12,2.101136491821636e-12,1.2903097460884101e-12,4.0898851210018127e-13,1.023608814395074e-12,7.624017659467833e-11,5.828646728643135e-07,0,4
281,01:41:00,8.816260893574522e-12,2.5530819421599646e-12,8.569068944388216e-13,2.1487010789180585e-13,4.699471633229814e-13,5.809185164665828e-11,5.729441898874059e-07,0,4
282,01:41:30,6.068481681942438e-12,1.8461527156114816e-12,9.707134014501437e-13,3.206393518008248e-13,4.693765648101742e-13,1.3759001332350712e-10,5.857422521158229e-07,0,4
283,01:42:00,5.58144564195589e-12,1.241366333256067e-12,6.610918264925501e-13,2.4467291649292923e-13,5.436758942155076e-13,5.282688769230687e-10,5.780874127485741e-07,0,4
284,01:42:30,6.448348054963341e-12,1.880384254649418e-12,6.141938332307179e-13,1.85878536325077e-13,4.296518665745076e-13,2.461314874518942e-10,5.41004091887117e-07,0,4
285,01:43:00,4.096558627112273e-12,8.594073304882673e-13,1.7339556111330472e-12,6.301157735888412e-13,9.29532174434646e-13,6.407087696878262e-10,1.2816199622487085e-06,0,4
286,01:43:30,5.474635423877123e-12,1.2996595600197398e-12,1.2230331175948595e-12,3.1497859498598876e-13,4.442274780308301e-13,5.5648806842114194e-11,5.860375020924592e-07,0,4
287,01:44:00,1.1100263279870683e-11,1.8674367042612032e-12,1.5401225646186632e-12,5.346210230525468e-13,1.0648928780401367e-12,3.6543935952035754e-10,8.789491875323906e-07,0,4
288,01:44:30,8.136432739006364e-12,1.193130205044644e-12,7.731744185319269e-13,3.0692830337420963e-13,4.188438620328773e-13,1.5517224987882265e-10,5.965196522848885e-07,0,4
289,01:45:00,1.7907233911579274e-11,1.649190907865967e-12,8.949097105673119e-13,6.664072671353634e-13,1.520114432312282e-12,9.352645431212273e-11,6.114495070823124e-07,0,4
290,01:45:30,1.6977895347474796e-11,2.388759189014306e-12,1.2405184350096774e-12,5.543316817920266e-13,1.0197029626169369e-12,8.821374828485352e-11,6.01606152077009e-07,0,2
291,01:46:00,1.116995946771605e-11,1.3412357868336643e-12,5.977491016236013e-13,3.29791334214736e-13,5.458323365310751e-13,7.611955348335971e-11,6.302759698307798e-07,0,2
292,01:46:30,1.0079028670705102e-11,1.6886934673677074e-12,8.560281344981509e-13,4.4525669774097654e-13,9.177074353501615e-13,7.116217953684868e-11,6.472111418247657e-07,0,2
293,01:47:00,9.99820065807198e-12,1.4043316707600453e-12,7.412052689811053e-13,2.965244569438364e-13,1.1186014837768697e-12,1.0595479098244531e-10,6.427156321406922e-07,0,2
294,01:47:30,1.2419301810402502e-11,2.1895738605220958e-12,2.0159090742772836e-12,1.155924567651389e-12,1.4614065271090211e-12,2.9219305062470835e-10,1.3742291664253457e-06,0,1
295,01:48:00,2.600814908958745e-11,2.0329370785697875e-12,2.0802000247501943e-12,6.995378119290287e-13,2.4888735454579845e-12,8.468778858378613e-11,6.01637484925475e-07,0,2
296,01:48:30,1.169016138055302e-11,1.1551127276798074e-12,6.695217398479836e-13,3.777800314015267e-13,9.333231272900492e-13,5.793462837067748e-11,6.054182734263431e-07,0,2
297,01:49:00,1.583030688123389e-11,2.670405034340882e-12,7.466449908574091e-13,4.649298895033718e-13,1.2430361035105914e-12,6.573406908380087e-11,6.082652308830464e-07,0,2
298,01:49:30,1.0484271467594997e-11,1.357454590201549e-12,1.9270373398512907e-12,3.6243373349372386e-13,8.504979316994362e-13,1.525962432789589e-10,7.385812214837294e-07,0,2
299,01:50:00,1.5144103087314787e-11,1.9358850834599107e-12,1.1674989271642096e-12,4.709670531850412e-13,8.835001746889333e-13,8.295585662484253e-11,6.347579551584595e-07,0,2
300,01:50:30,1.944464109232118e-11,2.1843312128027705e-12,8.788600348051263e-13,3.4447000272763554e-13,1.2744477421094026e-12,1.2264037070980477e-10,6.301840643270653e-07,0,2
301,01:51:00,1.2855903317431681e-11,3.2396648110242778e-12,1.1797500818064508e-12,7.357802583081793e-13,3.206702971325716e-12,7.035280087346377e-11,6.047051196695142e-07,0,2
302,01:51:30,1.4473331864729887e-11,1.8097728422215636e-12,1.1411399295863611e-12,3.259972383005851e-13,1.0600539517277183e-12,6.941483128652168e-11,6.439894405899875e-07,0,2
303,01:52:00,1.7232898087886193e-11,2.275813745590048e-12,1.085595650122088e-12,2.7165247955220536e-13,7.00760228010051e-13,7.845594676886078e-11,6.605439025780839e-07,0,2
304,01:52:30,3.0843828953696776e-11,2.3978274092279193e-12,1.6514665811327648e-12,5.604820125999106e-13,1.3591014095728463e-12,1.2242044160042362e-10,7.217498781529743e-07,0,2
305,01:53:00,3.6266809032446387e-11,3.700546825074563e-12,1.8559954184026093e-12,6.832691579584958e-13,2.45594512887617e-12,1.5565307669606692e-10,6.557718795143895e-07,0,2
306,01:53:30,1.0893356498001908e-11,1.3615203530775092e-12,1.1680515875038711e-12,3.8009691382622144e-13,1.0570295768859243e-12,1.5076136865584397e-10,6.878212295138241e-07,0,2
307,01:54:00,7.79194033585245e-12,1.2207734651380436e-12,9.2798913785306e-13,5.425349417330446e-13,1.6060614423497835e-12,7.061729146711962e-11,6.017441902561882e-07,0,2
308,01:54:30,2.415861419725678e-11,2.5149732862232193e-12,1.2163463308911388e-12,5.071345867703321e-13,1.6380127261455314e-12,8.20084136036522e-11,6.533571982811262e-07,0,2
309,01:55:00,2.0946374133616863e-11,2.794722977815495e-12,1.1561436824510185e-12,2.1957113684748323e-13,6.142460225198129e-13,7.329826163157463e-11,6.202870108050535e-07,0,2
310,01:55:30,3.635380976838144e-11,3.065456907903744e-12,1.422351431436365e-12,4.548578024506632e-13,1.0367783913312789e-12,9.62750719939164e-11,8.542762202901279e-07,0,2
311,01:56:00,1.5284308399663247e-11,1.6893430113652139e-12,8.359415197982974e-13,2.577048514735369e-13,7.468794596353491e-13,8.562248332096017e-11,6.27454074962068e-07,0,2
312,01:56:30,1.4943465666716342e-11,2.088612785104983e-12,1.4755224999351608e-12,4.960685085569032e-13,1.8560642147554926e-12,7.924025506790048e-11,6.290497838454795e-07,0,2
313,01:57:00,1.5391581699406737e-11,1.9842922251767585e-12,1.4253925597737782e-12,3.7750193016781245e-13,1.2814859084144527e-12,8.584425582287914e-11,5.988272482218725e-07,0,2
314,01:57:30,1.0827560673132433e-11,1.721059591803634e-12,8.740001226445392e-13,2.413468259735537e-13,5.671359999981774e-13,7.840846691334767e-11,6.416729314346655e-07,0,2
315,01:58:00,3.101884321675624e-11,2.140776342633902e-12,1.511639393813449e-12,4.658052716941172e-13,1.764554616849149e-12,8.597260718650011e-11,6.277853090184961e-07,0,2
316,01:58:30,1.8715352886071956e-11,2.74625269702912e-12,1.0207296330024726e-12,2.578664712168099e-13,6.13703255271707e-13,8.639121947992945e-11,6.629323217279183e-07,0,2
317,01:59:00,1.5859045279238053e-11,2.1271129981693325e-12,1.2160632078674327e-12,4.3136301860637866e-13,1.3085968644261984e-12,8.442097262917647e-11,6.459470702478613e-07,0,2
318,01:59:30,2.5765910265521415e-11,3.6090979716347664e-12,1.0847352920543896e-12,3.6193984558481507e-13,8.638080517167139e-13,1.1735875750925674e-10,6.444788613001442e-07,0,2
319,02:00:00,2.4544907638157214e-11,5.546354310865476e-12,1.751920798160031e-12,2.657809104110822e-13,6.596697047210946e-13,9.832794282288828e-11,6.206789884544055e-07,0,2
320,02:00:30,1.730026902996761e-11,2.4846049519056276e-12,1.1328903612830629e-12,5.616354133875183e-13,2.2980419394666616e-12,8.402790209553626e-11,6.152932307563022e-07,0,2
321,02:01:00,3.429332357245295e-11,3.705810675027002e-12,9.69420467588239e-13,3.6440510364222993e-13,1.400731580814035e-12,9.766131313944942e-11,6.157267373239107e-07,0,2
322,02:01:30,2.342578630113094e-11,2.616546655648556e-12,1.7968984848905227e-12,3.2148345341205417e-13,1.170337713383584e-12,8.036243500562162e-11,6.040434727975266e-07,0,2
323,02:02:00,2.278509881547261e-11,3.1528614343334205e-12,1.3643326864723832e-12,2.1283010440593073e-13,5.599623065937381e-13,8.719899495227659e-11,6.035054602791782e-07,0,2
324,02:02:30,1.8145596767241384e-11,3.382047229984746e-12,1.1283444737559438e-12,3.24143951981733e-13,7.962270392699732e-13,8.204072255311777e-11,6.538519969008045e-07,0,2
325,02:03:00,2.040672110485755e-11,4.2803351206844525e-12,1.2851498975579504e-12,3.1578029867288717e-13,6.742299066027659e-13,8.8079887145349e-11,6.186953898213664e-07,0,2
326,02:03:30,2.2065222794262565e-11,3.226713522328308e-12,1.5192734363884637e-12,4.365815718434285e-13,1.524103774478449e-12,8.754042537121721e-11,6.140235035031107e-07,0,2
327,02:04:00,3.045809246854163e-11,3.2869555368777055e-12,8.978269870091305e-13,4.854196074885029e-13,1.6500397582159668e-12,1.0217473535631319e-10,6.143457490939977e-07,0,2
328,02:04:30,3.0328918076455195e-11,4.193998742954018e-12,1.0788247462207553e-12,3.189093962956821e-13,1.0531165838868748e-12,1.0950284426864794e-10,6.264251224123658e-07,0,2
329,02:05:00,1.7842578125193374e-11,3.4055641619056286e-12,1.0227392219399214e-12,2.6961987667587094e-13,9.366324352494577e-13,1.063024980513536e-10,6.147207909424498e-07,0,2
330,02:05:30,2.6895181531746804e-11,3.1870616519757052e-12,1.2206136095040127e-12,3.0138066566051273e-13,8.238806142622296e-13,1.1314241396710804e-10,5.813564207112569e-07,0,2
331,02:06:00,5.5850801170549575e-11,5.1056089566878206e-12,1.75790622329692e-12,4.2554595350200895e-13,1.36386440753449e-12,1.412749883423238e-10,6.274785105772952e-07,0,2
332,02:06:30,1.7984261074263616e-11,2.698399520645444e-12,1.2441871234322554e-12,2.7194061469816947e-13,6.306523329090631e-13,1.028903513384765e-10,5.860352012496216e-07,0,2
333,02:07:00,3.705310761291347e-11,2.9823008379217066e-12,1.0914116760271217e-12,3.667921828671997e-13,8.783956406448965e-13,8.013387801746517e-11,5.845052904997732e-07,0,2
334,02:07:30,1.9840746319907866e-11,2.4348161815553875e-12,1.4846079992935152e-12,2.8247393518381846e-13,8.623470674934651e-13,7.529778727447207e-11,5.817221796989349e-07,0,2
335,02:08:00,2.810435554677176e-11,5.135513530375711e-12,2.0059526906479722e-12,5.564622828693543e-13,2.4464051158992118e-12,1.0961963673061634e-10,5.638798564312365e-07,0,2
336,02:08:30,1.6256480215681727e-11,2.968611499879065e-12,1.1036719602872806e-12,3.8191376529196306e-13,1.4013203735511234e-12,1.0341495072177805e-10,5.732871767971379e-07,0,2
337,02:09:00,1.8737560795120674e-11,3.4558305261386256e-12,1.37596145403275e-12,2.414446148240788e-13,6.65097307680836e-13,1.0512432999250558e-10,5.818469230515768e-07,0,2
338,02:09:30,4.343667039269012e-11,3.3853453579191595e-12,3.251689125166142e-12,1.3951773190333974e-12,4.0238290467442055e-12,5.173733184020745e-10,1.643475397738094e-06,0,2
339,02:10:00,3.15475796577841e-11,2.010744681713703e-12,2.5374080982526523e-12,1.523865032627334e-12,2.5276781259128747e-12,1.3826766579219484e-09,2.241862864522685e-06,0,1
340,02:10:30,5.091809512802849e-12,1.127700218152335e-12,1.5565220397389025e-12,7.063673998591762e-13,9.722884690421186e-13,1.9325572809292273e-10,2.2533270414473527e-06,0,0
341,02:11:00,3.3610703817025716e-11,2.2942763013328974e-12,1.6380613241964592e-12,1.04217176150516e-12,1.2737686863459433e-12,1.955442213909835e-09,1.8143996899224913e-06,0,0
342,02:11:30,1.9240903798522618e-10,5.639973057659951e-12,2.194109556280011e-12,1.4416637845781005e-12,1.7022160778912957e-12,3.938208694378531e-09,3.2157921586585147e-06,0,0
343,02:12:00,2.0713544774504298e-10,4.52529531612764e-12,2.640774598147746e-12,1.4937362049909579e-12,2.3922978051464065e-12,5.103963996626032e-09,3.290812504580149e-06,0,0
344,02:12:30,2.933223837810644e-11,3.642205432552926e-12,1.2882440621620423e-12,6.210980712164539e-13,1.0504745713072116e-12,2.0238513404801188e-09,3.4765041450703675e-06,0,0
345,02:13:00,5.247151664217669e-11,3.9125436394145785e-12,1.6632999441420123e-12,1.0302481309791253e-12,2.314986236036523e-12,3.0074032701253357e-09,3.4738274243830012e-06,0,0
346,02:13:30,4.903349392144596e-11,7.538680970338446e-12,3.122902048324311e-12,3.4434301577116167e-12,3.9222530209536274e-12,5.853871731921371e-09,3.0959497261899044e-06,0,0
347,02:14:00,7.834920679273897e-11,4.6790204907780076e-12,1.9234147828644836e-12,1.18136403590461e-12,1.3990142393565876e-12,6.944349465060132e-09,3.323506491866548e-06,0,0
348,02:14:30,1.2058644344957935e-10,6.869871938519432e-12,3.3667817564949653e-12,2.022288810314575e-12,2.3480432300248407e-12,8.927959805964413e-09,3.169543044797045e-06,0,0
349,02:15:00,1.3202209670308589e-10,5.140494792301712e-12,1.7161301842955738e-12,9.151567059090522e-13,9.790070610510056e-13,4.245766821038553e-09,3.182381359209196e-06,0,0
350,02:15:30,7.91782603993224e-11,3.4247680307405303e-12,1.4678296299454913e-12,6.548869086161901e-13,9.734335517542205e-13,6.2297017607035825e-09,3.1933135460236625e-06,0,0
351,02:16:00,1.2093017796203555e-11,2.4061649619319312e-12,2.6218244990018778e-12,2.260329119488117e-12,1.2534701434932614e-12,8.708877804743314e-10,2.1862268083999336e-06,0,0
352,02:16:30,4.324418462139603e-12,8.960939043019278e-13,8.485491369510564e-13,2.9961340129144645e-13,2.4435798000343955e-13,1.3258475900601162e-10,1.0121027821250976e-06,0,0
353,02:17:00,4.6317764268256044e-12,7.353539036860078e-13,1.7074452548223043e-12,3.8162719880984725e-13,3.451513738381462e-13,1.2453320061707963e-10,1.0270030258646181e-06,0,0
354,02:17:30,3.019154210510536e-12,5.763220436122777e-13,1.892151567639901e-12,3.610901625014417e-13,3.830637817091786e-13,1.4760607946673106e-10,1.0788915434294534e-06,0,0
355,02:18:00,3.5034491465397745e-12,8.598368653934424e-13,1.9277498320673464e-12,3.6487665104204455e-13,2.8891838730039676e-13,2.277236314039687e-10,1.0447537490830139e-06,0,0
356,02:18:30,2.3644200242407534e-12,7.596218110229951e-13,1.3958833489188265e-12,4.2343558570566243e-13,4.582632808829524e-13,1.9245223290352446e-10,9.66443071171637e-07,0,0
357,02:19:00,6.092081100616553e-12,8.399955521273551e-13,1.3730668240933989e-12,4.727716817265182e-13,4.4951222564839746e-13,1.474720028900905e-10,9.386636337281198e-07,0,0
358,02:19:30,3.5593651325586008e-12,7.989912511724043e-13,1.577903471090628e-12,3.048752874735089e-13,2.1307886391050007e-13,1.9353240162454286e-10,8.385566725578792e-07,0,0
359,02:20:00,5.540558874862982e-12,8.790052738799601e-13,9.230776338102664e-13,3.7058939864526995e-13,2.9549658957494985e-13,3.5509740633054097e-10,8.122452909499517e-07,0,0
360,02:20:30,3.4756028313749278e-12,7.937226695307638e-13,7.497087530747346e-13,3.4894214880156e-13,4.098013297183935e-13,5.915790375887791e-10,1.8447309529560873e-06,0,0
361,02:21:00,4.101609385248359e-12,1.0913048320431135e-12,8.330951593036049e-13,3.5075733373802477e-13,3.43295769904102e-13,2.334936781618729e-10,8.652364599848744e-07,0,1
362,02:21:30,1.2038170724164351e-11,1.2807067015528927e-12,9.729170902686692e-13,3.6292530675866737e-13,3.271931983540112e-13,3.4235193906179373e-10,9.389798016144984e-07,0,1
363,02:22:00,9.7722045313616e-12,9.568724399733827e-13,1.2294064355137621e-12,3.8903585831206994e-13,4.635929027333675e-13,2.695487028250241e-10,9.472847939753123e-07,0,1
364,02:22:30,8.670691625059777e-12,1.0051813121775669e-12,8.63936019468955e-13,2.4653571133323784e-13,4.529006156671654e-13,1.7736898646874076e-10,8.773091736645723e-07,0,1
365,02:23:00,9.503140665630915e-12,1.3042124855864566e-12,8.891149413314911e-13,3.5483036366533297e-13,6.412750306187705e-13,4.4471876961408927e-10,9.441957891423558e-07,0,1
366,02:23:30,1.603162294754751e-11,1.7797735886072461e-12,6.514663137445376e-13,3.2272741990397694e-13,7.466078735790936e-13,1.1495474021331593e-10,8.330704506530377e-07,0,1
367,02:24:00,2.7497655700219952e-11,1.9869814598411092e-12,1.1054651655352784e-12,3.6556232677320077e-13,1.0533187420286065e-12,1.3355849844569973e-10,9.144495207985364e-07,0,2
368,02:24:30,1.9618627479665372e-11,1.9382262869221758e-12,7.584727692744689e-13,5.217618784947681e-13,9.764081597559348e-13,8.557833718511266e-11,8.970593312258125e-07,0,2
369,02:25:00,2.5057456410944543e-11,2.4363170458510924e-12,1.6096367519513073e-12,1.1231296160704198e-12,1.3864849866046543e-12,3.491883256322378e-10,1.6082753746996909e-06,0,2
370,02:25:30,1.7708077538451896e-11,1.5561573716053043e-12,7.518461996877976e-13,3.5617563247669977e-13,6.428691977870959e-13,9.589815752608729e-11,9.095628701498206e-07,0,2
371,02:26:00,1.3518605640784084e-11,1.2283440385127473e-12,1.0402424173537238e-12,6.295575746017248e-13,1.2116467615000551e-12,1.990872766485455e-10,1.5813830741967003e-06,0,2
372,02:26:30,1.9898887699891644e-11,2.1829729609049943e-12,8.742800965158434e-13,3.950751503536532e-13,8.279099970249375e-13,7.916356434902183e-11,8.549082696151206e-07,0,2
373,02:27:00,2.921151783935274e-11,1.7256799153409473e-12,7.196376426780655e-13,7.477850681804828e-13,1.3770130983134468e-12,7.806013524355149e-11,9.17240287285787e-07,0,2
374,02:27:30,1.1615764236689213e-11,1.8973920164362143e-12,1.6106584862268065e-12,3.1464907352254986e-13,1.291655034163547e-12,6.877565753273217e-11,8.332714646462702e-07,0,2
375,02:28:00,2.6883065053475886e-11,2.7501059706554285e-12,9.802675828304132e-13,6.016139276521163e-13,1.7066587636010762e-12,7.872901827881918e-11,8.061157309732955e-07,0,2
376,02:28:30,1.1404082624734906e-11,1.2527798363661504e-12,5.344951669643814e-13,3.2722595947006716e-13,1.1684966135767323e-12,7.218840095130158e-11,8.834065121380069e-07,0,2
377,02:29:00,2.0217696266748933e-11,1.5182038696036942e-12,7.153033044057407e-13,4.4441178732406614e-13,1.1884630221507759e-12,8.640854162650578e-11,8.415063553193042e-07,0,2
378,02:29:30,2.0068393499225777e-11,3.360276990654154e-12,8.959465018831504e-13,6.24817076251717e-13,1.9734350394893606e-12,7.80972429878579e-11,8.498504679929768e-07,0,2
379,02:30:00,1.9891171195112157e-11,1.978193709971603e-12,1.6883825134022161e-12,6.847888746571474e-13,2.1740637931343273e-12,1.2944863155795498e-10,9.359417356025358e-07,0,2
380,02:30:30,3.099909690367072e-11,2.1497834186781176e-12,7.714687233937779e-13,6.843223135653976e-13,2.1086161278870826e-12,6.436318985070055e-11,6.94861152412722e-07,0,2
381,02:31:00,2.527113498929081e-11,2.13668210884407e-12,1.7431078323569433e-12,6.351196773172543e-13,3.4569914002403022e-12,9.54710425101557e-11,8.818470207851473e-07,0,2
382,02:31:30,2.6417950664849965e-11,2.8288311805642344e-12,1.4022587874574091e-12,6.239626261510192e-13,1.3847529000076044e-12,6.234107572032505e-11,6.747159294308221e-07,0,2
383,02:32:00,1.458208409488316e-11,1.6839347773165597e-12,5.671363223692674e-13,1.9723509586284612e-13,5.433981296690562e-13,7.812153944657938e-11,7.26509622879216e-07,0,2
384,02:32:30,2.3135711747942826e-11,3.5661177894686653e-12,1.2633608447408415e-12,6.858725722163504e-13,1.7729143586175188e-12,1.052925304000527e-10,6.756349049347602e-07,0,2
385,02:33:00,1.4122529782931954e-11,2.6358175414489233e-12,8.516497153792589e-13,2.6598699375660315e-13,5.481953154262931e-13,7.5628874888842e-11,6.98829619148882e-07,0,2
386,02:33:30,1.5866596134141113e-11,1.8990428600765644e-12,1.0990463695773585e-12,3.764369765005843e-13,6.563615443699415e-13,6.277868320483892e-11,7.08338626375705e-07,0,2
387,02:34:00,1.4951295966420428e-11,1.6046318759620648e-12,7.934024863475618e-13,3.42621143647907e-13,7.28402755612725e-13,8.27619987193903e-11,6.705646630846562e-07,0,2
388,02:34:30,2.1322108396646312e-11,2.952717395581669e-12,1.841980840032882e-12,6.278496758764485e-13,2.8967354027420082e-12,7.67833119376708e-11,7.432616790498137e-07,0,2
389,02:35:00,1.9649728739211288e-11,2.6352290958091195e-12,1.0021389196518692e-12,3.8479737690821256e-13,1.2963938403609155e-12,8.873047968324931e-11,6.694711009317463e-07,0,2
390,02:35:30,1.7993775437163075e-11,3.1610942814808804e-12,1.4301303074004294e-12,3.356843329528225e-13,1.1053297830850822e-12,8.045166337027799e-11,7.061184569271123e-07,0,2
391,02:36:00,2.7450220024171317e-11,5.180559595322447e-12,1.2190520419865724e-12,5.160513136580906e-13,1.4646549953050732e-12,7.964750077485268e-11,8.033238221907361e-07,0,2
392,02:36:30,2.6110712972029694e-11,4.786336047407786e-12,1.3435692201651352e-12,5.486673546155453e-13,2.07551287724119e-12,1.0085485521299037e-10,7.154222029685675e-07,0,2
393,02:37:00,1.4537211710422486e-11,2.574898997024748e-12,1.3134961589706467e-12,4.2594905258472275e-13,1.5757876224198944e-12,1.0072875340314036e-10,7.374476003270421e-07,0,2
394,02:37:30,1.7200125157653533e-11,3.037532199570042e-12,1.491769562069927e-12,5.185528461506815e-13,2.1820779558191736e-12,8.883882772803689e-11,6.915372224043605e-07,0,2
395,02:38:00,1.5249132104857336e-11,2.225493598251819e-12,1.075070586063353e-12,3.3719636776933497e-13,1.5440715760284018e-12,7.324868986735626e-11,6.888693323265973e-07,0,2
396,02:38:30,5.450937995592689e-11,4.137325997329985e-12,1.932622281023828e-12,7.221089162494778e-13,2.2780725394237495e-12,1.2502351872970932e-10,8.473066530178416e-07,0,2
397,02:39:00,1.5668725669939456e-11,2.236637422589976e-12,6.62997717865024e-13,3.6272179627488887e-13,1.0220995153979725e-12,8.733496103706349e-11,7.375209535732785e-07,0,2
398,02:39:30,1.4947156189656944e-11,3.059342467340733e-12,1.1088249848786222e-12,3.435595132606677e-13,9.833378812237795e-13,7.163829732686402e-11,6.512687453634263e-07,0,2
399,02:40:00,3.7603005713883895e-11,4.8895013361712285e-12,9.49910354779932e-13,6.45897573029263e-13,2.4365836719355695e-12,7.926607991131648e-11,6.731170484605076e-07,0,2
400,02:40:30,3.2663571440567115e-11,3.292446177239475e-12,1.195683358353707e-12,5.784089179617693e-13,2.3035245385012012e-12,8.40218277691398e-11,6.479099650872458e-07,0,2
401,02:41:00,3.507291205575772e-11,3.031120355598752e-12,1.0226855238252089e-12,2.3141894758511374e-13,6.803456498464981e-13,1.0756142080236626e-10,6.873161064975656e-07,0,2
402,02:41:30,2.29893381528264e-11,3.3392979527901175e-12,1.0504269975482933e-12,2.525375358343757e-13,4.377452614185997e-13,7.705509120975131e-11,6.839510869624674e-07,0,2
403,02:42:00,4.56525677231992e-11,3.686894841558461e-12,1.0569623254627341e-12,3.9776329715381883e-13,1.1527651775703006e-12,9.288618797512104e-11,6.34393794990046e-07,0,2
404,02:42:30,2.711031172180448e-11,3.9095284551517626e-12,9.607747001641738e-13,4.279697096589983e-13,1.4251910837179278e-12,1.0094204412320071e-10,6.431174347107832e-07,0,2
405,02:43:00,2.322448135678053e-11,3.233420380423984e-12,1.2900284143523543e-12,3.194943433212736e-13,1.0462024713327314e-12,8.85511908199791e-11,6.245163318981801e-07,0,2
406,02:43:30,3.343360038161201e-11,4.306797264552959e-12,1.3654422470871242e-12,3.5294004829624017e-13,1.0317746060593498e-12,1.0989476997011715e-10,6.395475045881015e-07,0,2
407,02:44:00,2.214611513042538e-11,3.857537662200845e-12,9.873727208729718e-13,2.1325378640949983e-13,6.189283568703402e-13,9.012574822218942e-11,6.39427675710898e-07,0,2
408,02:44:30,3.4698896600889054e-11,4.290562647036264e-12,1.2595102069448758e-12,2.513337787154887e-13,8.328807503373596e-13,1.3558508312119517e-10,6.293799274832059e-07,0,2
409,02:45:00,4.385917444670347e-11,3.971073648067821e-12,2.72566241380871e-12,4.242347910237255e-13,8.678325164395066e-13,2.562847017997662e-10,1.4166150719777374e-06,0,2
410,02:45:30,2.0452131932073922e-11,3.204741187299868e-12,1.0565139529414815e-12,3.503825616559426e-13,8.912320986700509e-13,9.722392622458228e-11,1.016290286559864e-06,0,2
411,02:46:00,2.717664155430891e-11,4.030510457573522e-12,1.5196200892909932e-12,4.150510411546634e-13,1.5179203948400295e-12,9.585645751917001e-11,7.32976841504481e-07,0,2
412,02:46:30,2.5483998561400334e-11,3.2191491767763764e-12,1.045553989972433e-12,3.3074112107987764e-13,1.0585192892385382e-12,9.586378543563886e-11,7.667900309695424e-07,0,2
413,02:47:00,2.0118659098421483e-11,3.553694976316434e-12,2.325079822668851e-12,5.478161485166062e-13,1.5415634798098484e-12,2.2864595445509803e-10,1.5695896449543578e-06,0,2
414,02:47:30,1.970777397663532e-11,1.9447999912044265e-12,1.0459574112193306e-12,2.279688892355029e-13,6.298251214414058e-13,7.717269219612803e-11,1.1535965726718654e-06,0,2
415,02:48:00,2.5702560077727878e-11,3.996367826715045e-12,1.4879207781537445e-12,5.69220561573848e-13,2.417738151493066e-12,9.597462149064385e-11,7.520223701416245e-07,0,2
416,02:48:30,2.1754055533489442e-11,2.441900481560341e-12,1.1289868160339912e-12,3.6308947301914984e-13,1.390197243936632e-12,1.1307893032737586e-10,7.2582374849397e-07,0,2
417,02:49:00,4.544641444365361e-11,5.997700194218783e-12,1.33953465755495e-12,6.374952411122298e-13,1.73692926253426e-12,1.0418838895342429e-10,6.938047935557762e-07,0,2
418,02:49:30,3.28561073036418e-11,4.340049691472155e-12,1.3063210900192545e-12,3.9990995881324216e-13,1.1206135044946482e-12,1.2070095723735778e-10,6.97785240111748e-07,0,2
419,02:50:00,2.891369082955487e-11,4.89454763969903e-12,1.1688883234849025e-12,2.4315711014336995e-13,4.979645231366924e-13,1.272969451423166e-10,7.262021514264326e-07,0,2
420,02:50:30,5.2738970860754694e-11,4.89966213317786e-12,1.7039439642327172e-12,3.886877839925603e-13,1.7603926017958727e-12,1.260549908565689e-10,7.526406838935542e-07,0,2
421,02:51:00,3.238928393018053e-11,3.9458845481449464e-12,8.541153817271427e-13,4.64175282858962e-13,1.6748399209860658e-12,1.2244664388867545e-10,7.072435843819569e-07,0,2
422,02:51:30,2.5491603899878316e-11,3.045628402250144e-12,1.271693983732425e-12,4.120735146852581e-13,1.7077061490263325e-12,1.3065547677604487e-10,6.943527290459835e-07,0,2
423,02:52:00,3.5133735708113576e-11,2.78185457151862e-12,8.082757958652029e-13,2.592514400025155e-13,7.00891364379618e-13,1.3136478782810664e-10,7.254125446850063e-07,0,2
424,02:52:30,2.835146220888002e-11,2.8657236172870143e-12,1.020723921088648e-12,2.460817735193043e-13,8.119517473862312e-13,1.1458230493888725e-10,7.184938349464366e-07,0,2
425,02:53:00,5.157601007546061e-11,4.294936542930685e-12,7.277741312850923e-13,2.472694045755535e-13,6.060619794491341e-13,1.4170527270926628e-10,7.783172517765594e-07,0,2
426,02:53:30,3.0378963574677066e-11,2.9281031249598125e-12,1.0467865425374324e-12,2.5862449993690656e-13,6.1392617694901e-13,1.2796603522306537e-10,8.558646181837469e-07,0,2
427,02:54:00,5.2612271205398975e-11,3.746061662493945e-12,1.0790398277673611e-12,3.171750235739249e-13,1.1496372776082828e-12,1.4054607348606037e-10,6.389493272597408e-07,0,2
428,02:54:30,2.6877853011737767e-11,2.7847904656154148e-12,1.0329633694173972e-12,3.2692755916765343e-13,8.151485859532816e-13,1.0650414595321169e-10,6.790207827133274e-07,0,2
429,02:55:00,3.928444361748617e-11,3.2026862421518402e-12,1.0167388050368155e-12,3.380585973387055e-13,1.2050804287217285e-12,1.3233668505573434e-10,5.908099019514052e-07,0,2
430,02:55:30,3.856109102773765e-11,3.1905583831862983e-12,9.174993533839067e-13,2.2269960007213243e-13,8.525125228772937e-13,1.4841034389116836e-10,6.194638357718639e-07,0,2
431,02:56:00,4.5943276728901135e-11,2.846891739995116e-12,8.589679890043916e-13,1.8238151124073075e-13,5.021139871822935e-13,1.1346268096582502e-10,6.067456934329627e-07,0,2
432,02:56:30,4.1318465412962694e-11,3.650316456442308e-12,1.029930333109328e-12,4.4941444403964513e-13,1.3085652873856613e-12,1.1977741531759084e-10,6.204580707367773e-07,0,2
433,02:57:00,4.8660073990294064e-11,7.623804762456065e-12,1.2865847421776561e-12,1.933845757310654e-13,5.28249480033992e-13,1.785221630755954e-10,6.417444255350074e-07,0,2
434,02:57:30,4.2040769340866024e-11,4.2920428290308265e-12,1.311414329372908e-12,3.404758682929961e-13,1.0818994491475732e-12,1.2925149307998526e-10,6.620420428600664e-07,0,2
435,02:58:00,4.117504952274409e-11,5.164734218951872e-12,9.524702669358764e-13,2.531095098688432e-13,5.309491503946243e-13,2.1734971932757785e-10,7.280573986472658e-07,0,2
436,02:58:30,4.178808193413588e-11,3.906079097840351e-12,4.2836765114762874e-12,5.032918797471821e-13,1.4838100249045496e-12,2.0376138620116457e-10,1.4521297701854765e-06,0,2
437,02:59:00,2.747953281091062e-11,3.988379846911384e-12,1.0980296421190389e-12,4.5112566910958107e-13,1.4016190399031611e-12,9.785182369842014e-11,6.764148135837254e-07,0,2
438,02:59:30,3.376800808760456e-11,3.376395367166622e-12,4.005375307109997e-12,1.3984137471638772e-12,1.888123187396075e-12,8.960981637913952e-10,2.8812563652202813e-06,0,0
439,03:00:00,1.490974511882927e-11,1.9062351574845178e-12,1.2874949173917694e-12,3.1685873554594126e-13,4.2558867395888894e-13,1.4135296978498965e-10,9.81819630139589e-07,0,1
440,03:00:30,2.864032457356853e-11,2.2841126265629767e-12,1.1171627673702157e-12,4.2365852144464504e-13,7.524496656862156e-13,1.201985723868058e-10,1.0263792268175537e-06,0,1
441,03:01:00,1.6142893497766488e-11,1.944140851721175e-12,1.132537452086535e-12,5.240312002702635e-13,1.251273405718095e-12,8.570920673811389e-11,7.47018623157048e-07,0,2
442,03:01:30,1.2010502426356758e-11,1.882083573592312e-12,1.0106947267137792e-12,4.424375335391564e-13,1.266733091328265e-12,9.140071969255218e-11,7.57636926660865e-07,0,2
443,03:02:00,2.1625644040263578e-11,2.8996014546107963e-12,1.137113162859972e-12,5.344968646569116e-13,1.6098838270022157e-12,7.852375377896902e-11,6.738177331513931e-07,0,2
444,03:02:30,1.880836832144515e-11,2.7417120132095416e-12,8.910586605953013e-13,2.8574720360894854e-13,6.537160887277041e-13,7.697565133851157e-11,6.998200707272464e-07,0,2
445,03:03:00,8.682029376584111e-12,2.4051362689427877e-12,1.327456292255361e-12,6.192836477050603e-13,2.3427512256040234e-12,7.82091267679317e-11,5.833881960213545e-07,0,2
446,03:03:30,2.7122722334784548e-11,2.9024702548869572e-12,1.8592080836816788e-12,4.2917168588267747e-13,1.3465359088100286e-12,8.373973020022714e-11,5.966688418499841e-07,0,2
447,03:04:00,2.3513956946157846e-11,3.938054560560896e-12,1.5209380870681177e-12,4.052278872617453e-13,9.418725578414823e-13,8.752181714577584e-11,5.511571223621449e-07,0,2
448,03:04:30,1.332057370398996e-11,2.8726166601723202e-12,1.7171701563079149e-12,5.310169698491506e-13,1.1616786219611636e-12,1.601386631518281e-10,8.274072210722527e-07,0,2
449,03:05:00,1.1688024741672287e-11,1.5412403805794397e-12,1.1713341005433233e-12,5.121288029327336e-13,1.6971740923540621e-12,1.213535729083202e-10,6.239434074130545e-07,0,2
450,03:05:30,1.7222431223257903e-11,1.6461133599167514e-12,9.317421862475361e-13,4.2158742859622386e-13,1.4997986476187669e-12,1.4992344676608352e-10,6.366138980590054e-07,0,2
451,03:06:00,3.8564550491569447e-11,3.66013295361666e-12,1.9729865580501073e-12,7.038008951668926e-13,1.5040260338073467e-12,1.7270929434393804e-10,5.521006850884869e-07,0,2
452,03:06:30,1.7140492796275763e-11,2.3477375702771263e-12,9.254202409852195e-13,4.3417570378717996e-13,1.0428045178632124e-12,6.902763909435737e-11,5.154102911516516e-07,0,2
453,03:07:00,2.1621437388942474e-11,2.979355385755133e-12,1.2606682625876126e-12,5.580543737135019e-13,9.962108537206499e-13,8.883139059174065e-11,4.776432777082137e-07,0,2
454,03:07:30,6.859340627292293e-11,8.217270225066428e-12,2.2327242410069738e-12,6.49887649482808e-13,2.0870003037311016e-12,1.0678458962188104e-10,4.334977452562602e-07,0,2
455,03:08:00,1.1308662660664681e-11,2.037452366254824e-12,1.0952405031796249e-12,3.1477358212611243e-13,6.30497676071941e-13,8.072179212957224e-11,3.985502106531105e-07,0,2
456,03:08:30,1.380505969239663e-11,2.1895067599975365e-12,1.7776112390481162e-12,4.019030275384997e-13,1.5353682799754429e-12,7.495289774862974e-11,4.1094542556430477e-07,0,2
457,03:09:00,5.961988372205756e-12,1.1705382385166296e-12,6.512158232373241e-13,2.8949149030611184e-13,2.4344271034232974e-13,5.325088331195403e-10,4.1882035358646353e-07,0,2
458,03:09:30,4.389915058422555e-12,1.1082074707495178e-12,1.7199119465673218e-12,8.831457381143958e-13,7.905438030927845e-13,2.6640970712469596e-10,1.7342501923895441e-06,0,1
459,03:10:00,4.6156752157365154e-12,9.21528273798638e-13,5.915946147347204e-13,2.8070312344130167e-13,3.6066238632444394e-13,7.841769003504973e-11,3.78565977990984e-07,0,1
460,03:10:30,1.4867128669182636e-11,1.8793462159417405e-12,1.1907161036068936e-12,5.743810968664075e-13,5.440489015872861e-13,8.241431413087881e-10,1.663984955347514e-06,0,4
461,03:11:00,1.017268376403075e-11,9.969539668828768e-13,1.0109071562914737e-12,6.064833446248167e-13,7.440345729084021e-13,5.627709149716066e-10,3.318906541733628e-06,0,1
462,03:11:30,5.304393595843184e-12,1.576451137111514e-12,6.071372734971844e-13,2.9227928624479693e-13,6.1857791494072e-13,1.3779642635093595e-10,1.7947565337452513e-06,0,1
463,03:12:00,5.607607384138972e-12,1.139963436171206e-12,7.76980384387793e-13,2.326620517583384e-13,3.4254288438045157e-13,7.512674371263063e-11,1.6968486367542026e-06,0,1
464,03:12:30,5.617989713624626e-12,1.6954791147542118e-12,8.631263239903557e-13,3.5481144626290907e-13,6.097839558548588e-13,1.244959663050597e-10,2.05034311376799e-06,0,1
465,03:13:00,6.285382253306202e-12,1.983000654202218e-12,5.47267532488501e-13,1.873346355194963e-13,4.0498423522629045e-13,1.3463316701685836e-09,1.6114915815977706e-06,0,4
466,03:13:30,4.879816526121611e-12,1.5754772410951974e-12,4.945780911960605e-13,1.8150160938358223e-13,2.1165821447957592e-13,2.913212654559463e-10,1.3879208992775947e-06,0,4
467,03:14:00,8.539858281319033e-12,1.591913942988102e-12,5.224413146888203e-13,3.410827724135726e-13,4.353893173103101e-13,7.454170235913951e-10,1.4385302176801822e-06,0,4
468,03:14:30,8.147060091219113e-12,1.4624622283885453e-12,5.499558243439278e-13,2.297563852819981e-13,3.255558426848915e-13,3.4541037621911825e-09,1.521632567368906e-06,0,4
469,03:15:00,5.52633094818701e-12,1.0989144648363431e-12,1.4941142546755092e-12,1.2028977305529886e-12,7.672649562203694e-13,2.2656171632299857e-09,1.482075943889207e-06,0,4
470,03:15:30,4.314992037550561e-12,8.560017191719778e-13,5.435288896807543e-13,2.7256462923947466e-13,2.958039237666122e-13,3.30415896392402e-10,1.231177482030831e-06,0,4
471,03:16:00,3.718932657967713e-12,8.088967868905584e-13,3.278950624186997e-13,1.8845213406637534e-13,2.4627994928511007e-13,1.3749639612073467e-09,1.418848934366044e-06,0,4
472,03:16:30,1.189033864515685e-11,1.8174360859296533e-12,4.774427208918986e-13,1.8102719306176686e-13,2.9263448717317314e-13,3.26414142585672e-09,1.2289053347544477e-06,0,4
473,03:17:00,6.254491704184101e-12,1.5756289539154423e-12,7.22700182118404e-13,2.575475316528219e-13,6.029292313832731e-13,1.7877617545365116e-09,1.4628918493543558e-06,0,4
474,03:17:30,8.149810241038462e-12,1.452415512293276e-12,5.271907419337807e-13,1.6035851279969768e-13,3.159630926097825e-13,1.8249278469437986e-09,1.3034616064094436e-06,0,4
475,03:18:00,7.876181559224816e-12,1.490056047274347e-12,4.90217783777849e-13,1.5361017892471383e-13,2.367359049214996e-13,6.915828264751554e-10,1.3024483438295444e-06,0,4
476,03:18:30,1.4183053820084761e-11,2.1126404155111204e-12,5.616888878716828e-13,1.7146063139876124e-13,2.526634046993953e-13,5.337167446834479e-09,1.4010793329231863e-06,0,4
477,03:19:00,1.1793426280065221e-11,1.0082867793760303e-12,5.575520727226493e-13,1.56588105660996e-13,2.882441953352277e-13,5.597328408322956e-09,1.3195974531932804e-06,0,4
478,03:19:30,1.8588587992942963e-11,1.3263147927425715e-12,9.389528019833846e-13,5.602867907584175e-13,8.307107395901037e-13,4.528702802586006e-09,2.1410623102761903e-06,0,4
479,03:20:00,2.560273003975308e-11,1.478267383791862e-12,1.2492614576490176e-12,7.938253621778043e-13,1.1357793199657675e-12,1.44169887516133e-09,3.2502946733813826e-06,0,0
480,03:20:30,6.560978157994943e-12,8.869447376233253e-13,9.092115213897582e-13,4.2249823219601553e-13,4.1969246895157187e-13,4.722432159971137e-10,2.243496161498136e-06,0,0
481,03:21:00,1.9580329649451107e-12,8.352293479332699e-13,1.4352042482891395e-12,3.5895452509833295e-13,2.533814175721631e-13,2.2441170050366077e-10,1.116553796237071e-06,0,0
482,03:21:30,3.3020407754891093e-12,8.873040361953489e-13,2.0011909941976253e-12,4.187005610869663e-13,3.052908334825778e-13,1.7949898104651787e-10,9.801440012553677e-07,0,0
483,03:22:00,3.807524625314579e-12,8.345035661852824e-13,1.0908221504354353e-12,4.946900083357974e-13,5.423933202143578e-13,7.902187625903449e-11,9.480775087613706e-07,0,1
484,03:22:30,5.1938996359761375e-12,1.368809445920842e-12,9.220239553223939e-13,3.9670145262003233e-13,3.4397474670346555e-13,1.0626629781192408e-10,9.433653143443367e-07,0,1
485,03:23:00,3.5905372638612337e-12,1.1912900540365787e-12,1.0873204128491254e-12,3.8163800962755735e-13,4.0267662453444416e-13,1.0456644886932567e-10,9.379580772148694e-07,0,1
486,03:23:30,1.3318415686494566e-11,1.242741325359248e-12,1.097769518307483e-12,3.003408593509956e-13,4.507926837416887e-13,8.960426008987784e-11,9.500505920865601e-07,0,1
487,03:24:00,5.6865192866970236e-12,1.01864553367724e-12,1.2487549561054867e-12,3.9676526603617614e-13,4.2991251038362056e-13,9.543795259786423e-11,8.505799362212446e-07,0,1
488,03:24:30,4.939429716206498e-12,9.004167106436447e-13,8.625621963274314e-13,4.440484220981213e-13,4.346436713689123e-13,1.0969568911914103e-10,7.982964172038573e-07,0,1
489,03:25:00,9.604591270873294e-12,1.5695767700631244e-12,4.973038662771462e-13,2.309257099351446e-13,4.443511855353317e-13,8.380212323276373e-11,7.64776837103243e-07,0,1
490,03:25:30,1.419577527014725e-11,1.6726070986558933e-12,5.518188814513701e-13,3.181300795827376e-13,8.304321111026205e-13,7.801895616080625e-11,7.223947391303482e-07,0,1
491,03:26:00,1.4027063848008242e-11,2.0112698143702207e-12,5.94993660875591e-13,2.923989137961439e-13,4.990920787856241e-13,7.263517615206465e-11,7.072035611553327e-07,0,2
492,03:26:30,2.6318616209673537e-11,2.1576879740916203e-12,1.8362709582622773e-12,1.4085828805931153e-12,1.7001375389342739e-12,4.923242763539524e-10,1.9946616513286594e-06,0,2
493,03:27:00,1.3888764418858517e-11,1.1714931588530622e-12,2.0974024514422033e-12,9.982634287641809e-13,9.484713736045167e-13,4.4608239063021585e-10,1.7019442890157355e-06,0,1
494,03:27:30,5.484513472638335e-12,8.83055500886684e-13,1.0204898459119552e-12,2.75552023771948e-13,2.889502686307757e-13,1.7464507600049875e-10,9.300423982507805e-07,0,1
495,03:28:00,5.431684454048355e-12,6.631425737188509e-13,7.291358442562804e-13,3.5383518312602037e-13,4.822442901614855e-13,1.9270610207426705e-10,9.799734052753839e-07,0,1
496,03:28:30,1.0880550738100713e-11,1.2975140364439255e-12,1.1842810033409244e-12,4.3622294745229625e-13,8.012044292278425e-13,2.195594659615571e-10,9.640365388116034e-07,0,1
497,03:29:00,8.685547023842674e-12,1.3028088391526353e-12,6.224659398119978e-13,2.29597395140694e-13,3.936539648005829e-13,7.783869109400361e-11,8.411402789908217e-07,0,1
498,03:29:30,2.0940836319811446e-11,2.5751413246018473e-12,1.4232200635656103e-12,4.928947874749369e-13,1.7177740916224256e-12,7.146933620424562e-11,7.805282128145551e-07,0,2
499,03:30:00,9.770852939383693e-12,1.471651846709266e-12,5.887091867021206e-13,5.116648720916187e-13,1.2880727723615158e-12,6.424133935077656e-11,7.009536879643979e-07,0,2
500,03:30:30,1.672866709336285e-11,1.7805986592422242e-12,1.1483270475557192e-12,3.677301959645055e-13,9.256496548566494e-13,1.0416873882831376e-10,8.103301849082773e-07,0,2
501,03:31:00,1.490538409346245e-11,2.957509552367706e-12,1.0438803430242524e-12,4.542678359782481e-13,7.891014478078053e-13,7.59272580168104e-11,6.701922868852336e-07,0,2
502,03:31:30,1.8284256869587573e-11,2.91949528475214e-12,1.227322778780469e-12,6.278263350081835e-13,1.9975485875551203e-12,7.87353314979255e-11,6.630088573556383e-07,0,2
503,03:32:00,1.753801212575158e-11,3.4647930679739646e-12,1.5217014382278427e-12,7.386027698745486e-13,1.6876833170756399e-12,9.050910137334854e-11,6.096039310988899e-07,0,2
504,03:32:30,8.993057552502e-12,1.3990495514330495e-12,5.901045538166744e-13,4.4782039734780565e-13,4.975039413046568e-13,1.0059796607296035e-10,5.695770147012006e-07,0,2
505,03:33:00,2.5536870259623097e-11,2.953833957631039e-12,7.847230864023529e-13,5.810430126333559e-13,1.6161936816481929e-12,7.590634077746178e-11,5.732822081664631e-07,0,2
506,03:33:30,1.0202531263971669e-11,2.0123314276571204e-12,1.2342731892988092e-12,6.727321572259197e-13,2.5160913553844244e-12,6.76335285781407e-11,6.137094739286947e-07,0,2
507,03:34:00,1.1878673587984247e-11,1.6262415747081036e-12,5.624082978302508e-13,4.494241898000885e-13,8.79950929023894e-13,5.5645304288509553e-11,6.231245956090604e-07,0,2
508,03:34:30,2.366167156699925e-11,2.7895112541882535e-12,9.189211182092692e-13,3.8976780495877537e-13,9.034284137989069e-13,7.04425307100767e-11,5.970048637350736e-07,0,2
509,03:35:00,1.7943136787957142e-11,3.797913918403073e-12,1.0492419710273324e-12,7.6967066801959e-13,2.5937188010482924e-12,7.574834115791465e-11,5.773593352530933e-07,0,2
510,03:35:30,2.3649920446744726e-11,2.4063516271580874e-12,7.300470306039254e-13,3.597834199026542e-13,1.1282841179803655e-12,7.660670047426227e-11,6.257679327887707e-07,0,2
511,03:36:00,2.2781540030941435e-11,2.2711126397351465e-12,8.520005453259696e-13,4.363164634467833e-13,9.25865634358672e-13,7.08383844502864e-11,6.263554680924251e-07,0,2
512,03:36:30,1.476555119364213e-11,1.7212075680663866e-12,1.2049704743134532e-12,4.329870681714023e-13,1.3918591884044978e-12,7.457017258581558e-11,5.942982922775043e-07,0,2
513,03:37:00,2.767920292467155e-11,2.7049153533223135e-12,1.4435007381686565e-12,4.780980072184988e-13,1.9131310716523166e-12,7.767511656701234e-11,6.032163543314497e-07,0,2
514,03:37:30,2.8216367229673392e-11,2.4179533493952483e-12,1.3910414091533824e-12,5.429010554033677e-13,1.9340448411455357e-12,8.740177082600808e-11,6.144031200159585e-07,0,2
515,03:38:00,8.8030449286126e-12,1.343860255000483e-12,1.0949566497922705e-12,3.6308440416461716e-13,6.23189657993272e-13,1.0355156173219515e-10,7.604619271382564e-07,0,2
516,03:38:30,1.926915340312812e-11,2.773450391264544e-12,1.3008295450190095e-12,5.44403986476402e-13,1.5882823201472477e-12,9.525363184678035e-11,5.390596830336706e-07,0,2
517,03:39:00,8.377013973176036e-12,1.2859113145810413e-12,7.97715239006616e-13,3.478027477115927e-13,6.537584039073253e-13,1.0562157789275023e-10,6.301443191205368e-07,0,2
518,03:39:30,1.5633109704911224e-11,2.6536594222423465e-12,1.637904853993295e-12,4.983595465911076e-13,1.7941350658832439e-12,8.747281206206228e-11,5.343482519404103e-07,0,2
519,03:40:00,1.0889664358141825e-11,1.4992790647347376e-12,8.552166200959701e-13,4.0953807695852785e-13,1.0754604885985964e-12,6.885586943622923e-11,5.855752847474519e-07,0,2
520,03:40:30,3.910910756591062e-11,4.012751455533673e-12,2.2139300023002035e-12,5.48229198455651e-13,2.410088755077843e-12,1.0302355449011115e-10,5.674004620495247e-07,0,2
521,03:41:00,1.0019241340792208e-11,1.4135276815102067e-12,5.246443435572032e-13,2.1871405297869177e-13,3.0936626929092007e-13,8.971609151834265e-11,6.234220309794897e-07,0,2
522,03:41:30,1.9202776243594204e-11,2.928367181447935e-12,9.620642447748312e-13,4.3636330577433753e-13,1.2501515102036165e-12,9.408865980651825e-11,6.095385158323356e-07,0,2
523,03:42:00,2.130710338624278e-11,2.030421856174879e-12,7.64299061218187e-13,3.135766892661328e-13,8.048570118113742e-13,7.654938182672778e-11,5.985441736429418e-07,0,2
524,03:42:30,2.5670273741177878e-11,3.1462266708384367e-12,9.89808080914825e-13,3.8622254919939873e-13,9.461388972554327e-13,7.788303406163589e-11,6.084563002431062e-07,0,2
525,03:43:00,1.833767999628382e-11,2.2525814307299165e-12,1.3854839707614415e-12,7.663608239023081e-13,3.2519006946727976e-12,9.099348206930434e-11,5.650781751741189e-07,0,2
526,03:43:30,1.589517407556694e-11,2.872486278926626e-12,1.0369048730089804e-12,2.547148666128722e-13,5.650170415999345e-13,7.958742106753232e-11,5.379151487548631e-07,0,2
527,03:44:00,2.7514721364232955e-11,2.9585960437543446e-12,2.029767050591192e-12,4.1539453712172063e-13,1.0705025887379972e-12,7.49126349730172e-11,5.327114936234181e-07,0,2
528,03:44:30,1.49399611587619e-11,2.381621633900127e-12,1.080400402134008e-12,4.4146535165507216e-13,1.4203046410953766e-12,7.257238098731583e-11,5.539185894482868e-07,0,2
529,03:45:00,1.8926596047396046e-11,2.6061430668909754e-12,1.3792954377868909e-12,5.320154901049403e-13,2.385672957948519e-12,9.228571173516026e-11,5.66482331158431e-07,0,2
530,03:45:30,2.2346954509334347e-11,2.999189131668631e-12,1.0495501381056571e-12,4.1684177503362924e-13,1.2589292396591608e-12,9.043201036996153e-11,6.112683245219565e-07,0,2
531,03:46:00,2.1754194587191797e-11,2.499616266395644e-12,1.17295945770604e-12,6.697644630383479e-13,3.352847974877137e-12,8.006157613413636e-11,5.848447453918155e-07,0,2
532,03:46:30,3.178598739455299e-11,2.6673709839475363e-12,1.2545851957359757e-12,3.8814557328998476e-13,1.357172893528659e-12,8.769085371630132e-11,6.0979280614022e-07,0,2
533,03:47:00,1.5429312713464968e-11,2.4270626472968124e-12,1.1333104211196679e-12,3.6576147545802586e-13,7.331155679727543e-13,8.371162085064241e-11,6.27125108082174e-07,0,2
534,03:47:30,2.0328415364568638e-11,4.525556359309657e-12,1.2652049484806331e-12,5.780780505571886e-13,1.8784034760693225e-12,1.0739764279698884e-10,5.711564229443796e-07,0,2
535,03:48:00,1.4749633624787814e-11,2.6824767895808535e-12,7.59106868874444e-13,3.3180463175109046e-13,1.139302537910624e-12,8.683538708297614e-11,6.050353082264962e-07,0,2
536,03:48:30,2.1863903008123066e-11,3.562760718422496e-12,1.3162252027510133e-12,3.3526584466917726e-13,6.511503469859911e-13,9.691942614471621e-11,5.455323877752268e-07,0,2
537,03:49:00,2.4675415496168925e-11,3.5948624470224665e-12,1.61948434940738e-12,3.973788471864715e-13,1.2807974188732288e-12,1.0570771191803935e-10,5.353445682224618e-07,0,2
538,03:49:30,1.5475660520407687e-11,4.54528354814636e-12,1.4847583729123566e-12,4.891613479319747e-13,1.6418965391007174e-12,9.020275228084542e-11,5.511651962712978e-07,0,2
539,03:50:00,2.968450273818907e-11,4.209145576698319e-12,1.0502002636695094e-12,5.717829032501051e-13,1.5327691689056064e-12,8.909431630855103e-11,5.442772520462656e-07,0,2
540,03:50:30,2.2782490777934034e-11,2.641560213961465e-12,9.628078211819322e-13,2.7946100069313194e-13,1.2832547421839822e-12,1.267745322342297e-10,5.702005720238869e-07,0,2
541,03:51:00,4.334018257430246e-11,4.664760940449695e-12,1.0131786728713282e-12,2.972331255965706e-13,1.096292270320658e-12,1.4590838096912228e-10,5.709017042083429e-07,0,2
542,03:51:30,2.8706908502933046e-11,5.151981563986246e-12,1.0533845105138548e-12,2.1717827912694913e-13,5.141931825393579e-13,1.0074361633288422e-10,5.986182944337393e-07,0,2
543,03:52:00,2.0838483127099816e-11,2.718333588660308e-12,7.948846903702398e-13,2.6993650598307255e-13,6.364646358373425e-13,1.1098683164224611e-10,5.284889182009995e-07,0,2
544,03:52:30,4.376355539028281e-11,5.554584233663857e-12,1.36783355015101e-12,4.0029162103933375e-13,1.6918904639775825e-12,1.0474682048705012e-10,5.473335128083222e-07,0,2
545,03:53:00,4.143975942052223e-11,3.355922967339376e-12,3.4224193881537537e-12,9.674124865756639e-13,1.6732060835762688e-12,7.341395437357476e-10,1.4708177549762031e-06,0,2
546,03:53:30,4.155169576740048e-11,2.6648195623305686e-12,2.8559193161870047e-12,1.1795663586216752e-12,1.3490804548780238e-12,1.455523340733359e-09,2.5280777428183714e-06,0,0
547,03:54:00,3.490388365004136e-11,1.6442451626620468e-12,1.8450799934879686e-12,6.622832942578927e-13,1.5891779285677965e-12,1.5461421109517948e-09,1.9641756179290975e-06,0,0
548,03:54:30,1.115958052817619e-11,1.6358337179531606e-12,1.6427599228017866e-12,1.4552810977933825e-12,1.8495154701076146e-12,1.1350900214678584e-09,2.8823400121709903e-06,0,0
549,03:55:00,1.3475190302616168e-11,1.0655507253091814e-12,1.670156793302523e-12,6.294831575894205e-13,5.83368075333963e-13,8.552671114888992e-10,3.0155047926401216e-06,0,0
550,03:55:30,5.437743441662888e-12,8.764171365275321e-13,1.6042819422886524e-12,3.352492440184799e-13,5.095681437671093e-13,4.3372955868386524e-10,3.008818605210852e-06,0,1
551,03:56:00,8.653197259730726e-12,9.924955734489218e-13,2.5332301977138156e-12,3.117461932841114e-13,4.1206653618645026e-13,1.8025273212198895e-10,2.991042153241272e-06,0,1
552,03:56:30,1.1772824640410387e-11,1.5296707358352624e-12,1.430078505592054e-12,2.9237740805898233e-13,4.663251104820889e-13,1.0467086569321615e-10,2.198195801351446e-06,0,1
553,03:57:00,3.049950700811089e-11,4.089842980853178e-12,1.397459463745017e-12,4.0650474970682056e-13,5.714950293946562e-13,1.0488366679741964e-10,1.6296033745647683e-06,0,1
554,03:57:30,1.9190819534365566e-11,2.534116875979136e-12,9.325491336965898e-13,5.071565230138189e-13,1.395845562275442e-12,7.673451459232721e-11,1.4166971808580658e-06,0,2
555,03:58:00,1.2002475794969162e-11,1.9419642845518487e-12,8.929268637765297e-13,4.26731051077066e-13,1.2877522647987237e-12,9.104562953268517e-11,1.5110615899877153e-06,0,2
556,03:58:30,1.6085085013689942e-11,3.248612204017884e-12,8.864875244186779e-13,5.250541657612346e-13,1.2686427441344888e-12,1.3522088424328927e-10,1.60454690710279e-06,0,2
557,03:59:00,2.5241180452845963e-11,2.022868232985947e-12,8.836538963835435e-13,5.915087835698391e-13,1.4058204707634414e-12,9.812952652939572e-11,2.1946834957872814e-06,0,2
558,03:59:30,2.8584563344681092e-11,2.752342848563552e-12,1.0724985420708947e-12,6.868097662376117e-13,2.555797172775449e-12,7.615989078302738e-11,2.5691352018570917e-06,0,2
559,04:00:00,1.617916764589092e-11,1.74139843967342e-12,7.149569231794273e-13,3.919553087593172e-13,8.408902040351112e-13,7.971606190475593e-11,2.690542280012476e-06,0,2
560,04:00:30,1.5573170769264187e-11,3.092963218448465e-12,9.749151771467466e-13,5.451784040081913e-13,2.258644396809633e-12,7.558534544981595e-11,2.8841250637795837e-06,0,2
561,04:01:00,3.038934299562644e-11,1.988518079586252e-12,8.972249256682528e-13,5.060379066545474e-13,1.0254273821486791e-12,1.1022742112687982e-10,3.2733942634432946e-06,0,2
562,04:01:30,1.476598767804732e-11,1.9775592467073832e-12,8.81293693063976e-13,4.0904972464068146e-13,1.369331099239508e-12,8.324917386211399e-11,3.1197420077009735e-06,0,2
563,04:02:00,1.7410601025754713e-11,2.1085574074518797e-12,6.613130202941728e-13,3.4347881265872173e-13,7.40274764158797e-13,9.748661333097088e-11,2.9952416959253736e-06,0,2
564,04:02:30,1.3529228360668604e-11,2.2188165237646817e-12,1.3109988794463536e-12,6.492807034036259e-13,2.8672771638962694e-12,7.501399436029225e-11,3.109478678810704e-06,0,2
565,04:03:00,1.9488161744407864e-11,2.4148610021398107e-12,1.138985514329488e-12,2.702162969533645e-13,1.1406204753448573e-12,8.969430359988133e-11,3.012075747243022e-06,0,2
566,04:03:30,1.7021858486344078e-11,2.203617080356214e-12,1.1464420867775576e-12,4.189212517071741e-13,9.879039055737418e-13,9.153104648254838e-11,3.143974396519066e-06,0,2
567,04:04:00,2.594889268450264e-11,3.4279186781140202e-12,8.1832810815336e-13,6.980712282572357e-13,2.0302655816621683e-12,8.334837336057974e-11,3.1810435263326945e-06,0,2
568,04:04:30,1.4628055396279523e-11,2.6748131965098126e-12,1.1319992744835636e-12,3.912478551017241e-13,1.3517749089746833e-12,8.222215436791201e-11,3.1764029222464735e-06,0,2
569,04:05:00,4.2892278521628854e-11,4.371062523866958e-12,3.088562031704219e-12,8.824249784366674e-13,3.4906263180649686e-12,1.1295130626618159e-10,3.2109219407246862e-06,0,2
570,04:05:30,2.6131828109827933e-11,2.930983045319501e-12,1.037655871341574e-12,2.2936584694199243e-13,4.827800590737336e-13,9.601606702768135e-11,3.2234157979596853e-06,0,2
571,04:06:00,3.647688146432025e-11,3.3432350863518565e-12,1.1883877105862533e-12,5.74209836878761e-13,1.7229264083522084e-12,7.382344771217265e-11,3.2303840955701896e-06,0,2
572,04:06:30,2.3963279768333985e-11,2.4886797024934104e-12,1.2995090432973347e-12,4.0318914681708386e-13,1.0742608990443017e-12,9.399736075608832e-11,3.1842334573272267e-06,0,2
573,04:07:00,4.441216415965448e-11,4.335637049661616e-12,1.895459747383155e-12,4.718715416961613e-13,1.6909815428330515e-12,1.041986173543318e-10,3.28632902482944e-06,0,2
574,04:07:30,2.960862908386618e-11,2.4176884227411586e-12,1.9706768760311586e-12,5.273402012877036e-13,2.2209056123976416e-12,1.0647506412116482e-10,3.2433678641370568e-06,0,2
575,04:08:00,1.608693422628085e-11,2.6355804696246426e-12,1.33927967888039e-12,6.073193543066623e-13,1.9510707496818753e-12,9.112133701649177e-11,3.1216428716437832e-06,0,2
576,04:08:30,2.7359693551153554e-11,2.448083526209478e-12,1.1130724632908887e-12,3.8791591182697613e-13,8.892538601447787e-13,1.0159961379612706e-10,2.9220021012454393e-06,0,2
577,04:09:00,2.7405592253487638e-11,5.783004225299774e-12,1.0870067075356902e-12,4.093505665015871e-13,1.7327003319631376e-12,7.837340111275497e-11,3.002284149813504e-06,0,2
578,04:09:30,4.907360205474571e-11,4.836233381982098e-12,3.3270409911566833e-12,6.525061052767694e-13,2.254062089011452e-12,1.3640340405529743e-10,3.003676180144435e-06,0,2
579,04:10:00,2.4069015629236932e-11,3.1077492744193943e-12,1.5370306482249515e-12,4.1801091241567127e-13,1.0990241836985607e-12,8.604625871483881e-11,2.9099702077782455e-06,0,2
580,04:10:30,4.215912917615037e-11,5.7906162821737906e-12,2.0135759007218145e-12,6.762645888171325e-13,3.0092548581247997e-12,1.0464767783114021e-10,3.1550249847328684e-06,0,2
581,04:11:00,1.6127149703677157e-11,3.8338914382559946e-12,1.3540239283786085e-12,4.0484028402039426e-13,1.1881008304862599e-12,7.149371521940148e-11,3.038706389269781e-06,0,2
582,04:11:30,1.2524551968927309e-11,1.6749516699468053e-12,8.236436525665288e-13,4.5232289981864044e-13,9.36562886570254e-13,8.339887226152838e-11,3.080788695929528e-06,0,2
583,04:12:00,1.7852163350655914e-11,3.0152243024824023e-12,1.2211052882218826e-12,4.885989688593907e-13,1.0969349016227976e-12,7.930217993847489e-11,3.272916931800678e-06,0,2
584,04:12:30,1.1619472998004169e-11,2.931316080260911e-12,5.567558135814736e-13,1.930835976723329e-13,2.7028763648042215e-13,6.068261123532074e-10,2.9185747911493336e-06,0,4
585,04:13:00,9.566755657982209e-12,2.2654087901470364e-12,8.094703728655055e-13,2.9120553933169976e-13,5.344202455178468e-13,2.794772599946714e-10,3.0904731683617745e-06,0,4
586,04:13:30,6.507492040424381e-12,1.3110043949104404e-12,5.523306817519504e-13,2.0107691960837359e-13,3.392913434595072e-13,1.6644550298360794e-10,2.8007402649065426e-06,0,4
587,04:14:00,5.018641322748822e-12,1.6523570492704198e-12,4.661043953698179e-13,2.123515642253275e-13,2.7332352189324857e-13,2.3043817865862946e-10,2.817653654245183e-06,0,4
588,04:14:30,4.618055976038321e-12,1.358535923851924e-12,4.797475213794836e-13,2.285125835266359e-13,3.0902917293631834e-13,7.958368648851711e-10,2.6595984612339926e-06,0,4
589,04:15:00,1.0417979328182694e-11,2.0824648409753896e-12,5.649901045597631e-13,1.7411662156160304e-13,2.536348187522589e-13,1.9547027505123105e-09,2.739174517544465e-06,0,4
590,04:15:30,3.923522401820842e-12,1.3881931750880289e-12,1.2831035322722396e-12,3.8007941390371787e-13,8.424626196614967e-13,6.543216657785784e-10,2.9001106535788123e-06,0,4
591,04:16:00,5.647949636188968e-12,1.2780467944980822e-12,5.517566880516876e-13,2.2641307284821441e-13,3.836593585827806e-13,2.925012099280677e-10,2.8899831390992174e-06,0,4
592,04:16:30,4.529434353298654e-12,1.2360804375172464e-12,5.409799748276904e-13,2.390189357381508e-13,2.0204650191431935e-13,1.2345671911740033e-10,2.6182192328327508e-06,0,4
593,04:17:00,3.992606264669519e-12,8.727409443291797e-13,8.941612171044621e-13,2.0858571693067122e-13,4.3708224034397303e-13,2.3606357183885977e-10,2.527339269282787e-06,0,4
594,04:17:30,6.7386651243753276e-12,1.820479292409124e-12,6.010990603152213e-13,1.9515435124374513e-13,4.084113785326707e-13,2.932330024034347e-10,2.64003207194036e-06,0,4
595,04:18:00,1.3697836965107018e-11,1.1938579446961663e-12,1.2002901263173368e-12,4.117056664465855e-13,6.300763386053394e-13,7.23200065294314e-10,2.7843152779760814e-06,0,4
596,04:18:30,8.04184617156454e-12,1.576896465819091e-12,5.298507559665156e-13,1.832526194887385e-13,3.085345526275273e-13,9.008437222040671e-10,2.975157306141732e-06,0,4
597,04:19:00,6.669960132922064e-12,1.5664025575514392e-12,4.469619439851949e-13,1.7210789813146398e-13,2.5468237267072376e-13,2.336522089962759e-10,2.7200966100401614e-06,0,4
598,04:19:30,4.548287037353816e-12,1.5363071320654746e-12,3.6533169433390054e-13,1.9198461873703663e-13,2.0786077456219359e-13,5.094766786891751e-10,2.7933117851989035e-06,0,4
599,04:20:00,5.201730870921374e-12,1.7687644198940804e-12,8.634664854238359e-13,2.532687495692133e-13,3.52729762540431e-13,2.0597759135562765e-10,2.8601156364381468e-06,0,4
600,04:20:30,6.432230981682294e-12,2.113996836908169e-12,3.8920407210318646e-13,1.3679614491201792e-13,1.7342504486440135e-13,6.805341639286062e-10,2.7937873920068074e-06,0,4
601,04:21:00,5.1117020856951554e-12,9.41197216996631e-13,5.073774926891772e-13,1.5650633493413864e-13,2.9125036627455943e-13,5.11929075877703e-10,2.850127712569839e-06,0,4
602,04:21:30,7.658709172632885e-12,2.7188470260396333e-12,2.5533802239424467e-12,1.9375853364623744e-12,2.9640451165087605e-12,1.017068508550854e-09,3.119916211623154e-06,0,1
603,04:22:00,4.367662567274644e-12,8.307367331207109e-13,7.109075176145721e-13,3.266398076188461e-13,2.7891281957135973e-13,3.6282821896015917e-10,3.0056763762997596e-06,0,4
604,04:22:30,6.176011339185683e-12,1.4818435391725145e-12,1.3402242927119517e-12,3.5775798272033725e-13,6.241716014652224e-13,7.61700506905798e-11,3.104811536023024e-06,0,4
605,04:23:00,7.666533950298797e-12,1.3292714934005852e-12,9.73405315538033e-13,4.19075333683556e-13,5.941201317356603e-13,9.756307316385633e-11,3.1443183543140883e-06,0,4
606,04:23:30,1.2266481941321825e-11,1.9408254084077033e-12,7.652190349906368e-13,2.8585215004706253e-13,4.833002567011218e-13,7.915138307912356e-11,3.012586110620888e-06,0,4
607,04:24:00,1.6673605489508706e-11,1.4631795268700792e-12,6.782731716104728e-13,6.111599172680404e-13,9.024497177937266e-13,1.1338650095742214e-10,3.0448556165929106e-06,0,4
608,04:24:30,1.8508088870323973e-11,3.319361053835741e-12,1.504804759183319e-12,5.039576653728698e-13,1.1216778327453177e-12,1.0981567400275592e-10,2.9998260689668455e-06,0,4
609,04:25:00,2.1343506301945482e-11,3.498837462087525e-12,7.330556121517049e-13,5.239457606024701e-13,7.517805548993077e-13,8.56777485792821e-11,2.8440513650453773e-06,0,4
610,04:25:30,1.1501818216306409e-11,2.1859872286866552e-12,5.446969613079649e-13,2.804700460049821e-13,2.9620175044160155e-13,8.474155437911124e-11,2.9439687956631244e-06,0,4
611,04:26:00,9.083463094957043e-12,9.461729278104159e-13,7.143236868432099e-13,4.217140727275885e-13,5.042993717197743e-13,1.8262678738596287e-10,3.0432745596304003e-06,0,4
612,04:26:30,1.6799608472614098e-11,3.1572018977014818e-12,7.753932544193128e-13,3.9613758250107764e-13,9.404191653031488e-13,7.19938756141598e-11,3.1171541637282864e-06,0,2
613,04:27:00,1.4739150085450006e-11,1.417331010385045e-12,1.1161395872641524e-12,4.432521445182194e-13,1.116163108612646e-12,1.0831860614338732e-10,3.1227845440954325e-06,0,2
614,04:27:30,1.0388904306577168e-11,1.9100148319107877e-12,9.263712576586938e-13,3.049256349704218e-13,5.589472178656001e-13,9.333944504929152e-11,2.991832241118028e-06,0,2
615,04:28:00,1.5864247079124217e-11,1.6817601484389908e-12,1.6335524934232956e-12,6.787611545673602e-13,9.981156210289962e-13,4.380813554703332e-10,3.2711320920861706e-06,0,2
616,04:28:30,1.611164257621575e-11,2.178739960433438e-12,7.284135607866096e-13,3.1868653380699167e-13,3.96192935972531e-13,9.623850785947923e-11,3.259467580637488e-06,0,2
617,04:29:00,2.3541301190235513e-11,3.3770008802240304e-12,1.3468441421853975e-12,7.744357205976812e-13,1.6812884394564113e-12,1.0831936716640926e-10,3.067420511551245e-06,0,2
618,04:29:30,1.9665343042522423e-11,1.3625420190208695e-12,7.373771170603841e-13,3.251407784315456e-13,6.600505444068324e-13,7.70167533822714e-11,3.1157282072969384e-06,0,2
619,04:30:00,3.120362044371821e-11,4.8332317626004154e-12,1.183533915131076e-12,7.219491348391362e-13,2.5335277774180096e-12,1.0305243910543492e-10,3.0538524977117957e-06,0,2
620,04:30:30,6.729535392125499e-12,9.366439350797804e-13,8.042558274289801e-13,3.061759062279696e-13,5.226597274044934e-13,1.376374554550667e-10,2.940452134340998e-06,0,2
621,04:31:00,2.4405925167826496e-11,2.778888691529311e-12,7.55638030735832e-13,5.895050323643642e-13,1.0319566591950264e-12,7.48537387969984e-11,2.973043589064397e-06,0,2
622,04:31:30,1.2182587764346883e-11,1.3102437808558077e-12,1.2641575010670712e-12,4.047236782604138e-13,9.268785780706608e-13,1.2739168461730933e-10,2.950090954060574e-06,0,2
623,04:32:00,1.8883765261740705e-11,1.6216527324630652e-12,8.772177867998113e-13,4.218983428820134e-13,1.0997903451993227e-12,8.441442149253734e-11,2.9398044470088023e-06,0,2
624,04:32:30,9.576570807178075e-12,1.2968266571006253e-12,6.035616103391111e-13,4.400644288797671e-13,1.1179544345283795e-12,1.5151535723824708e-10,2.9374527866108453e-06,0,2
625,04:33:00,2.7316987862997696e-11,2.7559680311330944e-12,2.3265685951235557e-12,9.663224179041752e-13,2.2957390206900573e-12,9.983172328768215e-11,2.9672540608442887e-06,0,2
626,04:33:30,8.343380502672144e-12,1.2554484509895404e-12,6.925266405166502e-13,4.380768992891491e-13,1.0095196591760803e-12,1.1356508215011904e-10,2.8637321382781158e-06,0,2
627,04:34:00,1.1574490127085589e-11,2.249244732048454e-12,8.786937502911032e-13,3.244687322750037e-13,9.40907489133764e-13,7.326259694397258e-11,3.074773106185388e-06,0,2
628,04:34:30,1.3553545662938374e-11,2.413494167533563e-12,7.484432242990824e-13,3.6481107513334673e-13,9.619063630312384e-13,8.177940757213589e-11,3.051359101586094e-06,0,2
629,04:35:00,1.990362137671352e-11,1.970331400824227e-12,8.56001578553819e-13,3.5294013695654096e-13,8.159575663352987e-13,8.075487875705688e-11,2.9888147108310493e-06,0,2
630,04:35:30,1.2580107016446054e-11,2.2970057202332163e-12,7.344054816522608e-13,5.909740478296457e-13,2.036586725645873e-12,8.834486861232683e-11,3.0584473529174972e-06,0,2
631,04:36:00,1.9730492165709437e-11,1.514196398984954e-12,9.43094119526048e-13,3.779643613652027e-13,1.042126922257914e-12,1.0552331002196157e-10,2.939924634221471e-06,0,2
632,04:36:30,9.70782723145326e-12,1.8883504788683917e-12,8.552105998615843e-13,5.742934022769756e-13,2.02396732400402e-12,7.556011194861859e-11,2.937812833152563e-06,0,2
633,04:37:00,2.4437523641221816e-11,2.9613390995238354e-12,1.20760493397521e-12,4.769844609591256e-13,1.1984082321136011e-12,9.212803877425574e-11,2.9590803171924593e-06,0,2
634,04:37:30,1.4847740106161765e-11,2.2192043987722622e-12,1.4433139321212757e-12,4.6204197175124e-13,1.6865500465704148e-12,9.365325291162341e-11,2.9590731813408335e-06,0,2
635,04:38:00,1.6156255213577177e-11,2.36992258758608e-12,8.051789538028024e-13,3.712966751785886e-13,1.0601506820948776e-12,8.030285156075942e-11,2.8946400892990876e-06,0,2
636,04:38:30,2.236966182142643e-11,2.942067797084524e-12,1.2602341442219832e-12,6.525913440668322e-13,2.454140008447824e-12,9.440421936908461e-11,2.957430872836718e-06,0,2
637,04:39:00,9.113998433921337e-12,1.8373369104901403e-12,5.267241359083591e-13,2.3465476658781495e-13,6.042336719446954e-13,9.262198133761885e-11,3.1291787611940027e-06,0,2
638,04:39:30,1.679857124800916e-11,1.9290064292598433e-12,1.271230303871018e-12,4.349646249105877e-13,1.7810025512391578e-12,8.478353177256851e-11,2.9518335729109192e-06,0,2
639,04:40:00,2.2536811478908815e-11,1.9346034119961034e-12,1.2562591506925425e-12,2.698240286074158e-13,1.053054174184664e-12,7.488736084799778e-11,2.918827232177536e-06,0,2
640,04:40:30,1.7607610563350572e-11,1.9541205294183183e-12,2.213216683851579e-12,5.355545746329954e-13,1.531474597849164e-12,1.5262179617629624e-10,3.012870434063892e-06,0,2
641,04:41:00,1.5186965256704072e-11,1.6652974483170406e-12,1.1254033082157353e-12,4.417288644960644e-13,9.46046147555249e-13,9.985925599969132e-11,2.8390047771821634e-06,0,2
642,04:41:30,1.4616404625662276e-11,1.9767105896918698e-12,9.33984677325632e-13,4.094185707388076e-13,1.4293276290918316e-12,8.812876745772779e-11,3.0372346040741083e-06,0,2
643,04:42:00,2.1129383921847228e-11,2.394321404648822e-12,1.1671036729321234e-12,5.284294487403777e-13,1.073907750436618e-12,1.9704763509682882e-10,3.053451558904389e-06,0,2
644,04:42:30,6.2365370239478314e-12,1.6821898546997248e-12,8.58130287205139e-13,3.2053836650095795e-13,5.606082758807757e-13,9.665597601362653e-11,2.953907494621071e-06,0,2
645,04:43:00,9.120884712577546e-12,1.7152579183031269e-12,8.878881112998812e-13,5.35956369415431e-13,1.4944203871768422e-12,7.866711198793346e-11,2.8724818449545454e-06,0,2
646,04:43:30,2.575111142962947e-11,3.744736100717765e-12,9.956755030913804e-13,3.5121957768676346e-13,8.870428000828246e-13,7.218412413279746e-11,3.056854311645732e-06,0,2
647,04:44:00,1.2131795174077533e-11,1.820516293264285e-12,9.863342521672446e-13,5.17060179478285e-13,1.977414532692799e-12,7.811384152741521e-11,2.9798453807872647e-06,0,2
648,04:44:30,2.7168734932376587e-11,2.898333116548348e-12,8.613476309984605e-13,4.86680601351404e-13,1.0660366411720426e-12,9.854943775862937e-11,2.998461790263098e-06,0,2
649,04:45:00,2.176606125514556e-11,2.3132690758250724e-12,9.244727944901057e-13,7.146967375960771e-13,3.2371470171825468e-12,9.413312200237376e-11,3.1446374992784275e-06,0,2
650,04:45:30,2.1025653467552957e-11,3.351991780565626e-12,1.1923418281424078e-12,3.2676671309134917e-13,5.809910374346115e-13,1.1047181404049335e-10,3.093243942481615e-06,0,2
651,04:46:00,1.9560445880166678e-11,3.799990364543742e-12,9.153631557784296e-13,6.133187246690899e-13,1.5784584118080762e-12,8.618516026212473e-11,2.9284548828069946e-06,0,2
652,04:46:30,1.7334583260102283e-11,3.1888442408031374e-12,8.480885434047283e-13,4.790401179638666e-13,1.446385569620613e-12,8.900598333604631e-11,2.9653623234694212e-06,0,2
653,04:47:00,1.5033463127580775e-11,2.014329616765495e-12,9.35887593066464e-13,3.189810884403366e-13,1.0567720396300322e-12,9.050813440833537e-11,2.896804666773174e-06,0,2
654,04:47:30,1.987552839586809e-11,3.2632627528366862e-12,8.702170451262716e-13,5.219464336968595e-13,1.1019973719933758e-12,8.349437583904944e-11,2.986458213263412e-06,0,2
655,04:48:00,3.2047720611030387e-11,4.0205590092137e-12,1.3402235382141022e-12,3.7011561518846e-13,1.2010824989202536e-12,9.606426938672365e-11,2.9115594478275e-06,0,2
656,04:48:30,2.9035181040890356e-11,4.0641261361981496e-12,9.247167821042313e-13,3.1822099709311063e-13,7.121716019993607e-13,1.0729410640398138e-10,2.9161966619236032e-06,0,2
657,04:49:00,2.2129450437189505e-11,1.7849400784003092e-12,2.1487353004123787e-12,3.8625963583823035e-13,1.055019074370912e-12,1.0115693844489968e-10,2.7385472273038595e-06,0,2
658,04:49:30,3.373666603764646e-11,2.4972842697766005e-12,9.744408341358893e-13,5.492789456948781e-13,7.97294230239557e-13,1.1515304502867638e-10,2.988250944241267e-06,0,2
659,04:50:00,8.378507725496707e-12,1.3576917267566162e-12,7.453991374225663e-13,5.333706877052867e-13,2.194486821782074e-12,1.0314599001926564e-10,2.8393331454962405e-06,0,2
660,04:50:30,2.737301260667647e-11,3.892610033811681e-12,1.4309502739900115e-12,9.611901290220615e-13,1.2437221695980693e-12,1.9564732409710307e-10,2.838952215687568e-06,0,2
661,04:51:00,2.4674910057261308e-11,1.8378343745114607e-12,9.158582820291794e-13,4.154782604235779e-13,9.992282944957324e-13,1.3554204147598468e-10,2.862049779508953e-06,0,2
662,04:51:30,1.4715853749787622e-11,1.7279514188386143e-12,1.1389103799527656e-12,5.75290526057272e-13,1.462134316112459e-12,8.211699907838412e-11,2.594916448189147e-06,0,2
663,04:52:00,1.1192336024120962e-11,1.2353736568830568e-12,1.0523154299456215e-12,3.324027641860879e-13,8.374511587502036e-13,2.174330404803857e-10,2.858697483478523e-06,0,2
664,04:52:30,1.0003708820568057e-11,2.171524767214221e-12,1.2342373545204167e-12,5.470044779247015e-13,1.6632600029626446e-12,9.60648939106239e-11,2.5759716165705406e-06,0,2
665,04:53:00,1.5310057838142527e-11,2.558659674916376e-12,1.1911394284437057e-12,5.683525655685637e-13,2.2882708377666793e-12,1.2306656515861974e-10,2.8600722182706518e-06,0,2
666,04:53:30,8.290139601197781e-12,1.836888184022685e-12,1.5800487320468498e-12,7.64770027260732e-13,3.338697921680357e-12,1.0056531714598695e-10,2.8302512155414552e-06,0,2
667,04:54:00,1.9091991148957707e-11,1.913440217679593e-12,8.842256753363963e-13,3.7764625191251354e-13,8.1634764286933e-13,1.3275699477309766e-10,2.967399016858364e-06,0,2
668,04:54:30,1.8984197956851518e-11,2.9225201067760176e-12,1.32869778571882e-12,8.413420098427636e-13,2.742412644339562e-12,1.3425229645855167e-10,2.9803553402683723e-06,0,2
669,04:55:00,3.082876252581317e-11,2.5267549314961995e-12,1.7059458168356414e-12,4.626928072366333e-13,1.4442534952078511e-12,1.520745182299541e-10,3.045101833391502e-06,0,2
670,04:55:30,3.8283941334095376e-11,3.523260065437763e-12,1.443800296398128e-12,6.312781351533005e-13,1.4476547771496887e-12,8.558535145385351e-11,2.6321839330344675e-06,0,2
671,04:56:00,9.914743031641732e-12,1.765399438848841e-12,9.256332793058691e-13,4.874572499066651e-13,7.811001455881656e-13,9.775079456254517e-11,2.7261284131939033e-06,0,2
672,04:56:30,1.1055811180967932e-11,1.6596934740684159e-12,8.130717312296228e-13,4.207645654316196e-13,1.2820831591943164e-12,7.743508577423051e-11,2.6222434627898213e-06,0,2
673,04:57:00,2.483096552979098e-11,3.138036560721807e-12,1.4041235254477583e-12,6.416681262774139e-13,1.3797943442263074e-12,1.2875949057999876e-10,2.721604447540472e-06,0,2
674,04:57:30,2.7225514461596952e-11,2.76735106168157e-12,9.266921637539741e-13,4.796378473000863e-13,1.328166007421776e-12,7.892459875750772e-11,2.5378586968626027e-06,0,2
675,04:58:00,1.1175952903824003e-11,2.1107027949919298e-12,1.132680414395306e-12,3.7687543917107503e-13,9.669116004295998e-13,8.269958010128793e-11,2.7022389980189684e-06,0,2
676,04:58:30,2.949083073473827e-11,3.2252547604554116e-12,1.5299321422060387e-12,4.710333069066046e-13,1.6535887750816927e-12,8.956453527837282e-11,2.6001867431213447e-06,0,2
677,04:59:00,1.2873897000443867e-11,2.3727270421363353e-12,1.5948888341906572e-12,2.4000362145434545e-13,7.524857947742508e-13,8.912104978599625e-11,2.5856227268350266e-06,0,2
678,04:59:30,3.0586597933094474e-11,3.5200639290576595e-12,1.1583235580931685e-12,5.427380404902673e-13,1.900689913109985e-12,1.1143232748773312e-10,2.6796083979848973e-06,0,2
679,05:00:00,2.852245294548527e-11,2.2787929888986993e-12,3.381910293872193e-12,7.012075911543982e-13,2.2343535557488343e-12,1.9362785480080898e-10,2.9472188464859944e-06,0,2
680,05:00:30,9.386322170956878e-12,1.910794583176194e-12,1.1175340547639291e-12,5.351980178491773e-13,1.7370649585911725e-12,7.303844683214104e-11,2.4641931382823046e-06,0,2
681,05:01:00,1.5748815944768464e-11,2.3648660746120482e-12,3.3831026527470833e-12,6.313785348788169e-13,1.479999030771151e-12,1.9409025790637104e-10,2.744540226582384e-06,0,2
682,05:01:30,6.11539790950451e-11,4.925551006269907e-12,2.3537348230235923e-12,2.0799722053189775e-12,3.2744175522792674e-12,5.139098112167761e-09,3.177941641451726e-06,0,0
683,05:02:00,1.2768891453153256e-11,6.083135251706154e-13,8.849358041880293e-13,3.381820819231753e-13,4.559366753512968e-13,1.5236499018550559e-09,2.721773441233362e-06,0,0
684,05:02:30,6.512031609222791e-12,8.153833681024424e-13,1.2393375073596945e-12,3.890058535594892e-13,3.9897141974147893e-13,2.8401390992755654e-10,2.106456798973125e-06,0,1
685,05:03:00,6.444888508622384e-12,9.393641790888335e-13,1.2375163484135299e-12,4.676118690689519e-13,1.1133879105631751e-12,2.5054083443911617e-10,1.8842651748267111e-06,0,1
686,05:03:30,8.680909765651905e-12,1.626541949155058e-12,1.3202419219125194e-12,4.063518515476226e-13,8.664063174693655e-13,1.0002552740442238e-10,1.9389950099447594e-06,0,1
687,05:04:00,2.7400796772106912e-11,1.0755013573701273e-12,1.0050279427033787e-12,4.90816318609887e-13,1.874035693876485e-12,1.1671132516083577e-10,1.6445150985905412e-06,0,2
688,05:04:30,1.9633261459288212e-11,1.7442465147492638e-12,1.3017442708231443e-12,4.198041526228228e-13,1.0101542936945887e-12,9.809918969583598e-11,1.4706642477126458e-06,0,2
689,05:05:00,2.18300501895213e-11,2.394475459075532e-12,1.0784497109850261e-12,4.132578217940421e-13,1.3311842600210276e-12,7.232262172582984e-11,1.4853637733438325e-06,0,2
690,05:05:30,3.101743867818341e-11,4.232961711613774e-12,9.398977818095703e-13,6.089578067000396e-13,1.4908883240989373e-12,6.110468499917293e-11,1.362453769741429e-06,0,2
691,05:06:00,4.9833020949215075e-11,4.046166052190906e-12,1.4089958979479905e-12,7.935110665430616e-13,3.022270088648436e-12,7.245782889192423e-11,1.2590544714806311e-06,0,2
692,05:06:30,6.8534611580720335e-12,1.1698033319049134e-12,8.718244680344019e-13,4.1214568260308815e-13,1.0080726735048055e-12,8.31144663715974e-11,1.2965799523726726e-06,0,2
693,05:07:00,1.582195317834449e-11,2.0694461987794607e-12,1.0415413278575883e-12,2.7252548652728793e-13,9.650486796980982e-13,6.352588994424755e-11,1.2701326477972955e-06,0,2
694,05:07:30,3.6615815483720294e-11,3.0038377504825086e-12,1.1703975404763345e-12,5.149139090119567e-13,2.3311538143116548e-12,7.914372411571547e-11,1.221507614932119e-06,0,2
695,05:08:00,1.0826347310055792e-11,3.106359885272165e-12,1.1289060568357053e-12,4.1987597100627817e-13,7.518979959158438e-13,5.90144471314548e-11,1.1311231429024748e-06,0,2
696,05:08:30,2.8462286080963378e-11,2.8632934578673035e-12,9.871868727158334e-13,6.143527309239363e-13,1.7374887951583669e-12,7.592173469109861e-11,1.0517592997124215e-06,0,2
697,05:09:00,1.779184757424151e-11,1.5989718385281294e-12,1.2997670948740691e-12,6.419199199399426e-13,1.9617395672688225e-12,8.256982958959149e-11,1.2311987964257645e-06,0,2
698,05:09:30,2.7393172508533697e-11,4.191136569237775e-12,9.381067574976207e-13,5.526407517796048e-13,1.7555133254758132e-12,7.164346422537123e-11,9.97757747286551e-07,0,2
699,05:10:00,1.6535834807364675e-11,2.7930965523255007e-12,1.3191968505950689e-12,5.062771359062102e-13,1.7079969755758654e-12,1.0404472056117658e-10,1.0344341548727662e-06,0,2
700,05:10:30,2.9113372999356905e-11,3.881336725333434e-12,1.5766320187757798e-12,3.3636545934294596e-13,7.9043405047935e-13,8.308770546088254e-11,9.114298056450888e-07,0,2
701,05:11:00,9.964614466089991e-12,1.4459247359933389e-12,1.0119653909163506e-12,5.005399895598598e-13,9.047271538975702e-13,6.548756909491303e-11,1.052167812053691e-06,0,2
702,05:11:30,1.3792286326460341e-11,2.7939724858572042e-12,6.519540338176599e-13,2.3781520452926526e-13,3.181304292855531e-13,1.2271146771058758e-10,8.878471786973768e-07,0,2
703,05:12:00,7.692964639549324e-12,1.402768972712797e-12,4.47221758960385e-13,3.0639279247153483e-13,7.601867558144486e-13,9.4805805097228e-11,1.3963067071815411e-06,0,2
704,05:12:30,3.699467323130703e-12,8.431491339105314e-13,1.2345224051869132e-12,4.65489773305155e-13,5.34415683207783e-13,1.0943168180269132e-10,1.4995346249756975e-06,0,2
705,05:13:00,1.3933462867502584e-11,2.0154589836183663e-12,6.229040971655558e-13,3.286401501440074e-13,4.542611552604286e-13,6.417889165700117e-11,8.50876773795764e-07,0,2
706,05:13:30,6.802052385675964e-12,2.110587902659108e-12,1.608212817871341e-12,4.4462754437983603e-13,9.004788113909539e-13,2.5170362734365387e-10,1.5617528667021922e-06,0,4
707,05:14:00,3.856980715289087e-12,6.845685088352469e-13,6.033703051225799e-13,2.288624233502793e-13,2.9363733267043e-13,8.127082216108712e-11,9.512125485852317e-07,0,4
708,05:14:30,1.490909861617825e-11,1.5877823618910556e-12,7.40637018549524e-13,3.145796750562361e-13,5.539939557691425e-13,6.858622970255312e-11,8.617177539272376e-07,0,4
709,05:15:00,1.0675727873169187e-11,2.1653819477370145e-12,8.386141184824435e-13,3.0041351271203166e-13,5.455803230038041e-13,4.163566964093436e-10,7.893064828558606e-07,0,4
710,05:15:30,5.3034510073201435e-12,1.2582773670446885e-12,1.6191624214457308e-12,6.252361095416143e-13,7.899920263182986e-13,3.2825620213094174e-10,1.5156442804860672e-06,0,4
711,05:16:00,6.303752529993848e-12,1.6019197663784491e-12,5.272808779540564e-13,1.7130240015809962e-13,2.331772127811801e-13,7.049742373306115e-11,7.779947168803872e-07,0,4
712,05:16:30,6.60771472682229e-12,1.7689159265683538e-12,1.3687135874844023e-12,5.105715585952949e-13,7.276032513576236e-13,1.0771799717670025e-10,9.520598857867858e-07,0,4
713,05:17:00,4.337531485975952e-12,1.1438463374647706e-12,4.0136888430618346e-13,1.9012711929010067e-13,3.4950146181258526e-13,7.085252777636958e-11,7.215408352823875e-07,0,4
714,05:17:30,6.555791209031933e-12,1.3349765959547345e-12,6.862782652516305e-13,2.2336299585841462e-13,3.080621798383062e-13,3.2371572437158725e-10,1.8772368716419828e-06,0,4
715,05:18:00,1.0964440910162135e-11,8.96074921189742e-13,1.1114063809549782e-12,6.057701405989752e-13,8.964779426979973e-13,4.231427871979496e-10,2.107536701327481e-06,0,1
716,05:18:30,5.24998833725484e-12,1.197392583685383e-12,5.802232502788025e-13,2.1872755452791273e-13,3.4098782588308523e-13,7.79018517705009e-11,9.523311750946518e-07,0,1
717,05:19:00,1.2775479960192972e-11,3.4073081312014777e-12,8.217079136902129e-13,3.096040620179967e-13,3.206346993098741e-13,1.0889844558438335e-10,7.847367585817565e-07,0,1
718,05:19:30,7.097647788946376e-12,2.828388511535101e-12,6.388540613053485e-13,1.0511249021261459e-12,6.270759742353976e-13,1.0363305807215386e-10,8.037586673709252e-07,0,4
719,05:20:00,4.640951201600714e-12,1.5681949861900473e-12,4.804069651487886e-13,1.6921477044376544e-13,2.4912644209940707e-13,3.106815361058752e-10,8.248826832337854e-07,0,4
720,05:20:30,5.571764511701848e-12,1.9081208745256308e-12,7.521739930927879e-13,2.2447629211120627e-13,3.688672777481546e-13,9.01912487461519e-10,8.160916636148618e-07,0,4
721,05:21:00,5.858607432561087e-12,1.0647555618989924e-12,4.473818877015894e-13,1.507374711034143e-13,2.496190115900861e-13,3.16034775120047e-09,8.433605717177769e-07,0,4
722,05:21:30,1.399572969119937e-11,1.3172541485438176e-12,4.1800865864678353e-13,1.653803149290423e-13,2.6710589941189747e-13,8.140924545692134e-09,9.142541518603882e-07,0,4
723,05:22:00,6.901507679291734e-12,1.258552705274699e-12,4.662336036035577e-13,1.5185436345245543e-13,2.805537320263998e-13,6.960074003897792e-10,9.195515524421672e-07,0,4
724,05:22:30,5.402372510667679e-12,9.819277472960614e-13,3.222828863331217e-13,1.3381612246698183e-13,2.0453834134479226e-13,1.5893685904723979e-09,9.253679474062086e-07,0,4
725,05:23:00,5.843831843973503e-12,1.429890010052432e-12,3.424652628184443e-13,1.612684006695159e-13,2.7915348238944464e-13,3.83858827247543e-09,8.79724966228563e-07,0,4
726,05:23:30,3.958327701514673e-12,1.2735142772556035e-12,1.4024047734195996e-12,7.687765668832431e-13,8.968268544172102e-13,5.823196010383192e-10,2.5705717633102527e-06,0,1
727,05:24:00,4.352682046260784e-12,1.4424130669770333e-12,7.277492325118681e-13,2.338091936661091e-13,3.1532317480166424e-13,6.114124910794753e-11,3.423478298097338e-06,0,1
728,05:24:30,3.8257294000021824e-12,1.4425326773518221e-12,5.154208556160282e-13,1.9846616080236095e-13,3.886376210134369e-13,9.582583852583532e-11,3.423361107704513e-06,0,1
729,05:25:00,7.533527208115554e-12,1.1470608172764852e-12,3.933676075084417e-13,1.4130754152075022e-13,1.902912069873338e-13,1.7728759059511248e-09,3.4636924789999355e-06,0,4
730,05:25:30,4.1238680525735265e-12,1.062276997358904e-12,3.609718302415779e-13,1.5832929834315417e-13,2.6330655805329917e-13,7.765166339262777e-10,3.4198107865478154e-06,0,4
731,05:26:00,5.575676162050411e-12,1.1716657879994408e-12,7.758976953613986e-13,4.962428627644273e-13,5.975342634281864e-13,3.003848789652627e-10,3.423228702525119e-06,0,4
732,05:26:30,3.7622047758128865e-12,1.1737554982515107e-12,5.633602079667837e-13,3.2482705611075644e-13,4.253173456541887e-13,1.0040821181510172e-10,3.4669213538949255e-06,0,4
733,05:27:00,7.129767236695802e-12,2.119416046399129e-12,4.232818404710139e-13,2.039152459402637e-13,2.988282234357095e-13,2.5023422402483153e-10,3.472744374156145e-06,0,4
734,05:27:30,5.7631026442995824e-12,1.5609664178792154e-12,4.612012773946921e-13,1.729071732455494e-13,2.388445209288379e-13,3.995484895048808e-10,3.570602888247543e-06,0,4
735,05:28:00,4.7022821987821604e-12,1.0540809024217893e-12,5.690975735125771e-13,1.7523411179085487e-13,2.7553589375598616e-13,1.249724365445838e-09,3.593272297210306e-06,0,4
736,05:28:30,9.749889508735482e-12,1.0958445329845175e-12,6.840215652468261e-13,2.480061889707707e-13,6.738725334065116e-13,1.915349025560559e-09,3.5152894394629344e-06,0,4
737,05:29:00,7.314708821206736e-12,2.4831207164954213e-12,5.52455860454649e-13,2.498290963038323e-13,4.0578707685913514e-13,6.931264454878911e-10,3.436398915363367e-06,0,4
738,05:29:30,4.327181685172938e-12,8.675585674442699e-13,6.125978021482162e-13,2.1792445214785467e-13,3.165709496156093e-13,7.588966682849122e-10,3.403037076337996e-06,0,4
739,05:30:00,3.834411871663643e-12,1.9368264077193927e-12,7.020781601947435e-13,2.9045799185975534e-13,4.673656464595098e-13,7.862254742415232e-11,3.4031266350795345e-06,0,4
740,05:30:30,7.687704033899037e-12,2.483546085985082e-12,5.408026686778954e-13,1.6290883856553514e-13,2.2755778393784153e-13,2.2720698072713464e-09,3.438505353197569e-06,0,4
741,05:31:00,5.504122862619761e-12,1.0523480453996358e-12,4.2929143864269246e-13,1.554342960018442e-13,2.538117536798344e-13,1.5275215201373664e-09,3.4915113111126304e-06,0,4
742,05:31:30,5.726605294248892e-12,1.6956378843097831e-12,5.88335634510484e-13,1.9318378818678193e-13,3.0394739289335627e-13,1.4950370418088598e-09,3.5019247921626604e-06,0,4
743,05:32:00,5.865550376862901e-12,1.0589272337319112e-12,4.713284140820768e-13,1.681143163525004e-13,2.380471197577442e-13,1.3951010999918378e-09,3.51189093706231e-06,0,4
744,05:32:30,7.1663276678742874e-12,9.388852668957682e-13,5.431025071912373e-13,1.8602176021641705e-13,3.197991988237135e-13,2.4492634569100453e-09,3.527119141056296e-06,0,4
745,05:33:00,1.4125458572189934e-11,1.0099922633442026e-12,4.519736582785082e-13,1.7219827399817079e-13,3.114911744335981e-13,1.4786237693092922e-10,3.496669515824313e-06,0,4
746,05:33:30,4.14503266871053e-12,9.967981130178888e-13,1.1503865312646909e-12,3.999296735978108e-13,5.695822607499073e-13,1.119329031026059e-10,3.486074536956097e-06,0,4
747,05:34:00,5.59231149147617e-12,1.6290211014312051e-12,5.156043766567998e-13,1.8319139052044026e-13,3.2629587102433695e-13,1.2583462137777097e-10,3.4972309957031064e-06,0,4
748,05:34:30,1.1226111174302513e-11,1.3755473277590276e-12,5.23324401191561e-13,1.8159290092620184e-13,2.8557601392474984e-13,1.3737879806502152e-09,3.468715605468841e-06,0,4
749,05:35:00,7.074424674971978e-12,1.7484684226998717e-12,3.9604523921970697e-13,1.3981574646850416e-13,1.3183148080925758e-13,7.367441259994543e-10,3.46366060579624e-06,0,4
750,05:35:30,4.167835278383638e-12,1.1543475363771744e-12,3.465664936568702e-13,1.3592261921288764e-13,2.0690671259555682e-13,1.36655441509964e-10,3.4532710126992646e-06,0,4
751,05:36:00,5.9032225263451316e-12,1.7935705748498434e-12,5.366691469631338e-13,1.3882897980122877e-13,2.049638668666855e-13,1.734705133276732e-09,3.421490191623856e-06,0,4
752,05:36:30,1.1473895236423389e-11,1.1547857561973722e-12,4.871507308470904e-13,1.7565072122871085e-13,2.5387985274405954e-13,6.213838268813892e-09,3.4319974998522213e-06,0,4
753,05:37:00,1.2096772149716742e-11,1.3513600458106218e-12,5.170416443221104e-13,1.7935183011529193e-13,2.7531953488246583e-13,4.773910528959926e-09,3.4485879016437247e-06,0,4
754,05:37:30,6.790171265920729e-12,9.18522733263402e-13,3.77067609754192e-13,1.449210901200823e-13,2.4034643262305513e-13,3.4349867598704503e-09,3.529329572049383e-06,0,4
755,05:38:00,6.672597539794153e-12,1.1989594871564521e-12,3.4852560287557356e-13,1.5735980265773778e-13,1.5085253971958638e-13,6.709674087903022e-09,3.5044369700901962e-06,0,4
756,05:38:30,9.959793817985502e-12,1.5011192480161813e-12,4.370780362279803e-13,1.8763498547904578e-13,3.117076386410376e-13,8.713193469681058e-09,3.499140803893857e-06,0,4
757,05:39:00,1.0729253715025902e-11,1.3793285023985846e-12,6.184888143543183e-13,1.6651472881542686e-13,2.0403269756813008e-13,4.919105889739826e-09,3.4716587299828757e-06,0,4
758,05:39:30,1.2071272667851964e-11,1.5348141224957769e-12,4.1076429136727864e-13,1.6774730437158643e-13,2.5470904973563223e-13,2.0760584629333724e-09,3.435607331812055e-06,0,4
759,05:40:00,4.659892709284291e-12,9.973769090076919e-13,4.612813423985573e-13,1.5035002274762645e-13,2.044796663346375e-13,9.617343051358905e-10,3.4431746912038077e-06,0,4
760,05:40:30,9.545060991450171e-12,1.2816689594319715e-12,3.826455832449625e-13,1.6181287609421302e-13,2.657947434260023e-13,9.023563259654143e-09,3.457537627383095e-06,0,4
761,05:41:00,1.8156227451633013e-11,1.5909081606015144e-12,1.7881228323822968e-12,7.789192371090445e-13,1.1804064910578258e-12,5.9229618711381015e-09,3.440588346911256e-06,0,4
762,05:41:30,4.153573991282885e-12,1.2996530200373878e-12,8.795625845881696e-13,4.2745138628030977e-13,4.48497804534883e-13,3.547695158853898e-10,2.6425555827379e-06,0,4
763,05:42:00,3.5100130253653853e-12,9.33898903629529e-13,5.282733871599921e-13,3.760514424837277e-13,5.547695858296866e-13,7.395159790703729e-11,2.1867256690042843e-06,0,4
764,05:42:30,5.589653426158316e-12,2.1704679469439846e-12,5.037212725395379e-13,1.8507839597219334e-13,2.757841363500545e-13,1.1249415815867267e-10,1.9933080991267855e-06,0,4
765,05:43:00,7.122205196519347e-12,1.941806154046369e-12,5.758363205143334e-13,2.2613334256707576e-13,3.7932295368628787e-13,9.993925811181413e-11,1.8658987644045365e-06,0,4
766,05:43:30,5.378093034631758e-12,1.3034992396880955e-12,5.481444848005858e-13,2.1356263729097123e-13,3.087822232346017e-13,1.5138854863035053e-10,1.7325583360628348e-06,0,4
767,05:44:00,6.181320888131805e-12,1.1403894778740221e-12,3.500804698882495e-13,1.6859281770369428e-13,2.319934485387621e-13,1.9824463746821394e-10,1.6018805357573521e-06,0,4
768,05:44:30,7.61498816211915e-12,1.0396476383928223e-12,3.6541384350998156e-13,1.5769721535260066e-13,1.89189913447306e-13,1.796545084383179e-10,1.5167258036317097e-06,0,4
769,05:45:00,3.6373650008953736e-12,1.2459604751075193e-12,4.2008994309381444e-13,1.8502564725620955e-13,1.897567970407766e-13,2.790138275640913e-10,1.461877144570885e-06,0,4
770,05:45:30,5.0690196136129836e-12,1.4207267378259149e-12,3.9115186527459886e-13,1.601665650232088e-13,2.6024700862652086e-13,8.001212195573781e-11,1.3588499494972812e-06,0,4
771,05:46:00,4.522979311175543e-12,1.6415709800244728e-12,6.283969706887295e-13,1.88136707990215e-13,4.226373627614102e-13,5.577715315021213e-11,1.3280430018657978e-06,0,4
772,05:46:30,7.017553909258195e-12,1.4925979114775003e-12,5.737819430432865e-13,1.703647775771805e-13,3.443801622084309e-13,1.7796156498089636e-10,1.2874909330992549e-06,0,4
773,05:47:00,5.3006669215365206e-12,1.4587348976590492e-12,6.580900811627426e-13,3.693048540883214e-13,4.2280880633038264e-13,9.584176457818005e-11,1.5948077378656666e-06,0,4
774,05:47:30,5.3303692573505224e-12,1.4395103234647326e-12,6.906899366449818e-13,2.104941428688196e-13,3.733425369213537e-13,5.790804430061831e-11,1.1980024331219065e-06,0,4
775,05:48:00,5.746520419912506e-12,1.3543539457634065e-12,4.2535846245604203e-13,1.6437773909680365e-13,2.286479982861021e-13,1.782558227250884e-10,1.2664250374205243e-06,0,4
776,05:48:30,4.091847625953705e-12,1.2536860459562048e-12,5.142821372747447e-13,2.3565278184429726e-13,3.748120203522172e-13,1.0720705990554503e-09,1.2341409466871968e-06,0,4
777,05:49:00,7.387888352835241e-12,1.6161061566000467e-12,4.45227893436162e-13,1.5011106993904746e-13,2.9125031100784254e-13,7.533482307637622e-10,1.187519788434532e-06,0,4
778,05:49:30,1.4783437588513647e-11,1.816007641250933e-12,8.503415466692386e-13,8.824366778320917e-13,1.268877568582338e-12,1.0028794450482135e-09,2.0048208210113103e-06,0,4
779,05:50:00,2.7364433035251423e-12,5.555349492047343e-13,5.313348481102549e-13,2.231739477413585e-13,1.8877963442865735e-13,9.93258947277605e-11,1.1276896900626943e-06,0,4
780,05:50:30,5.791128396521507e-12,1.970369881266055e-12,6.486711511618898e-13,2.3494099341302586e-13,3.683815027127207e-13,4.892995956526845e-11,9.891823812664375e-07,0,4
781,05:51:00,6.066921015130673e-12,1.7695437935128978e-12,1.2504829420124389e-12,3.841500122613753e-13,4.3502335434407476e-13,8.8696397271704e-11,1.045746488707622e-06,0,4
782,05:51:30,4.39055246109006e-12,1.2679839540656887e-12,5.04006519757671e-13,2.103860780938055e-13,3.3632365642383487e-13,1.167799079499341e-10,9.636441387067857e-07,0,4
783,05:52:00,1.679215743255706e-11,2.3199723483297046e-12,8.252680590472472e-13,2.638797792771902e-13,6.011262956226575e-13,5.654643746132264e-11,1.0005616967238544e-06,0,4
784,05:52:30,5.076223817785465e-12,8.749941850899131e-13,8.461777222268549e-13,3.9296819443852906e-13,5.881347609349354e-13,8.772707897672047e-11,9.711289780443036e-07,0,4
785,05:53:00,1.448963481629608e-11,3.03358902145034e-12,7.334276648078821e-13,2.419039447240925e-13,3.4620794245064266e-13,5.6365544175212087e-11,9.425714970531164e-07,0,4
786,05:53:30,4.624143583049418e-12,1.0001138084860568e-12,5.183218004856088e-13,4.659696222624167e-13,7.402435778631249e-13,8.004254696583109e-11,9.67567330580622e-07,0,4
787,05:54:00,1.0827358523053483e-11,2.517320953428449e-12,8.362309492115385e-13,2.4986238247319194e-13,4.258099669447755e-13,3.7544526896384824e-10,9.166850447332269e-07,0,4
788,05:54:30,3.35817700041048e-12,1.1774952689405327e-12,5.230140573746471e-13,4.070428778012257e-13,5.321329587497666e-13,9.27191754871721e-11,9.202373480633858e-07,0,4
789,05:55:00,7.2058592787958455e-12,1.6393777859503962e-12,5.86073119132022e-13,2.312296667535411e-13,3.304955097490654e-13,1.0865806629412597e-10,8.61378518346742e-07,0,4
790,05:55:30,1.1047007889508787e-11,2.5468427440776777e-12,6.457202931926141e-13,1.6049562282274405e-13,1.9969841435422424e-13,6.416391550663785e-10,8.525266424991662e-07,0,4
791,05:56:00,1.0578480618313256e-11,1.2106551820887998e-12,8.777863574101264e-13,3.5035817341395286e-13,5.802177197534253e-13,2.8310113691339736e-10,9.321011472269764e-07,0,4
792,05:56:30,3.729576488136766e-12,1.160790500115645e-12,2.9176473931563925e-13,2.0864751959999793e-13,1.8286069306640163e-13,5.970198881908137e-11,8.544762656336415e-07,0,4
793,05:57:00,3.776913522500394e-12,1.1150310580981353e-12,7.545226131155819e-13,4.4904778973909444e-13,8.383161975489387e-13,5.692629149765927e-11,8.460002458853564e-07,0,4
794,05:57:30,5.0770829421738226e-12,1.5321174872145705e-12,6.207480345423933e-13,2.0343455261542178e-13,2.7649030085498546e-13,6.221934160008086e-11,8.320732952322038e-07,0,4
795,05:58:00,1.2834977187794355e-11,2.690279194803966e-12,9.728982510783842e-13,4.826742035877659e-13,8.242646442247538e-13,5.3004844568970216e-11,8.191761532300659e-07,0,4
796,05:58:30,9.255509942914424e-12,2.0441930255936723e-12,9.670802837744108e-13,3.8057418855506216e-13,7.310425396276534e-13,1.636593202764683e-10,1.0577615874524028e-06,0,4
797,05:59:00,6.018140030017651e-12,2.0543069620223628e-12,6.466733281166508e-13,3.7175454174937443e-13,5.18386049054317e-13,1.5101996127617054e-10,9.310897650202789e-07,0,4
798,05:59:30,2.6654382954189196e-11,4.12542264825814e-12,1.7798387963024707e-12,9.202802785932895e-13,2.5980542940134692e-12,7.15890699797752e-11,8.600730223796865e-07,0,2
799,06:00:00,7.357182422572678e-12,1.0784654937371138e-12,1.527075343676046e-12,3.6277750602565065e-13,5.361120166832033e-13,5.870428170930629e-11,8.737401787818034e-07,0,2
800,06:00:30,1.8504821974593664e-11,3.0688019087610228e-12,1.301361667071079e-12,7.629463383063597e-13,1.5647482878813904e-12,9.994383826169976e-11,8.045762112917793e-07,0,2
801,06:01:00,1.0061430886155797e-11,2.7285160003101615e-12,1.5359566902964092e-12,4.808982664804673e-13,1.3709093244457695e-12,6.453354506587138e-11,8.572376756918114e-07,0,2
802,06:01:30,7.37854117818078e-12,1.4205557153317342e-12,1.3856733706272585e-12,1.2081643089346135e-12,1.324720908587949e-12,6.302772287292925e-10,1.929426982315627e-06,0,1
803,06:02:00,5.000658870906509e-12,9.122400309195736e-13,4.714698250226894e-13,2.380744676446867e-13,3.6599822853692725e-13,8.931272773452243e-11,5.000458903649367e-07,0,1
804,06:02:30,2.556469723928013e-11,4.0420701867950536e-12,1.0219851319571853e-12,3.9461086236355217e-13,9.497070759860479e-13,6.950277049280659e-11,4.4441489718909494e-07,0,2
805,06:03:00,4.059697596289285e-11,3.875934690748892e-12,1.4515181919349842e-12,1.0745646399166387e-12,3.593478760015871e-12,9.231865437005766e-11,5.102481755113384e-07,0,2
806,06:03:30,4.88843860356527e-12,1.0525591375197017e-12,7.85134845012622e-13,4.412612256250842e-13,9.270410926222665e-13,1.433391673498012e-10,5.851603539331264e-07,0,2
807,06:04:00,1.0821824977885546e-11,2.5525009729933823e-12,8.056556584815406e-13,1.0956943449673294e-12,2.5874636540229352e-12,1.4295059358841054e-10,4.89987489014701e-07,0,2
808,06:04:30,2.3113085231048178e-11,3.633071674164537e-12,2.029566503264788e-12,1.1887840350961312e-12,6.277266670464143e-12,7.0698345743933e-11,4.7021624077590077e-07,0,2
809,06:05:00,2.2731496050997016e-11,2.527415728967767e-12,2.2155503048160034e-12,6.946797522680535e-13,1.7711833373395896e-12,8.786555434598159e-11,5.764339620650729e-07,0,2
810,06:05:30,5.732687272668869e-12,1.3605862381047274e-12,5.782817855089717e-13,2.1222177067974397e-13,4.200127686613267e-13,6.964308304426762e-11,5.408598661798217e-07,0,2
811,06:06:00,2.4377674890117867e-11,4.218426536598396e-12,1.2405656881877245e-12,6.088842988648997e-13,1.3174905420500245e-12,7.371851722661275e-11,5.014506021602202e-07,0,2
812,06:06:30,1.3374767938298407e-11,2.8040811546427896e-12,1.0111515899694014e-12,6.666227621794573e-13,1.5944018852689897e-12,7.11577173320586e-11,4.778660401416347e-07,0,2
813,06:07:00,2.4252125921714744e-11,3.277887961986112e-12,1.3953633309338978e-12,5.35851229030962e-13,1.3359629263108886e-12,7.887308798207742e-11,4.6192713141796357e-07,0,2
814,06:07:30,1.956945465345565e-11,2.5521192892489618e-12,9.2204622610597e-13,4.276364485577614e-13,1.2689662812544813e-12,7.194953213327643e-11,4.619113650261961e-07,0,2
815,06:08:00,2.985704913390499e-11,3.266454860118782e-12,8.349236371375803e-13,3.4723091622564753e-13,8.409587264253578e-13,8.481029881663364e-11,4.576457783053723e-07,0,2
816,06:08:30,1.368840358072648e-11,3.332531984485305e-12,8.415765545647209e-13,5.775132681054695e-13,2.177647812662772e-12,7.815562427040473e-11,4.678389120851325e-07,0,2
817,06:09:00,1.2727886150928286e-11,1.4974047720462685e-12,6.143415168156147e-13,1.694978214293886e-13,3.628686841229301e-13,7.880100297298763e-11,5.020466173659892e-07,0,2
818,06:09:30,1.802862864389908e-11,4.795386524879809e-12,1.3035086814380479e-12,3.0128645452693865e-13,6.074119654387247e-13,8.344580239948451e-11,5.220845440607715e-07,0,2
819,06:10:00,1.4472117513881668e-11,2.0295045632501005e-12,3.808359285303681e-12,4.80908241136577e-13,1.1760333531890597e-12,3.789037433605773e-10,6.62306379305493e-07,0,2
820,06:10:30,8.866253222138912e-12,1.0754500115730826e-12,7.377609506585751e-13,2.9286909524563385e-13,7.365619905081343e-13,8.591532898314982e-11,5.209483074279842e-07,0,2
821,06:11:00,1.1973470928010396e-11,1.943844638060411e-12,8.851461396082007e-13,3.7434466107649367e-13,5.473305138861185e-13,9.330101742853719e-11,5.337230475559283e-07,0,2
822,06:11:30,2.2424074771995957e-11,2.9838985787646224e-12,1.2581526657972122e-12,5.258374606672543e-13,1.7704155462963322e-12,7.040071101301023e-11,4.800452876756726e-07,0,2
823,06:12:00,1.4497994374638554e-11,2.241665946764392e-12,9.442483598963196e-13,4.845543253386465e-13,1.3554060936795882e-12,6.834702657844449e-11,4.656547058854276e-07,0,2
824,06:12:30,2.7162028065708902e-11,3.2476810222152253e-12,1.43655241290384e-12,5.311164499511488e-13,1.5665986646316891e-12,8.573248267407317e-11,4.723935977766001e-07,0,2
825,06:13:00,2.5719407502389104e-11,4.315137442225507e-12,1.062788470355523e-12,4.497881794228249e-13,1.261514200394659e-12,7.519565339133456e-11,5.010261369467948e-07,0,2
826,06:13:30,1.6975544019837506e-11,2.474926229774662e-12,1.8343256566830816e-12,5.809108936013272e-13,1.3610468670764476e-12,1.1283853227779192e-10,5.623403498802211e-07,0,2
827,06:14:00,3.5230505243436596e-11,1.6709717011005348e-12,2.1080146251854567e-12,1.010603637787563e-12,1.5561073955462989e-12,1.91883807822415e-09,2.477253181892533e-06,0,0
828,06:14:30,4.52004176036388e-12,8.828601564813163e-13,6.485217576563263e-13,3.236496596393351e-13,6.031707229559688e-13,2.335398091679152e-10,6.127665869611255e-07,0,1
829,06:15:00,4.8420909378162845e-12,1.0845119660386297e-12,9.289056281948842e-13,2.988590909397706e-13,5.116432608385683e-13,1.314555768866123e-10,5.404283754599346e-07,0,1
830,06:15:30,6.519632241854741e-12,1.2964536131715554e-12,1.321983230410152e-12,4.4343677041541187e-13,8.61510898172209e-13,6.501259616273122e-11,4.841831912428879e-07,0,1
831,06:16:00,6.516335925589338e-12,1.3251575600555522e-12,8.429941822815591e-13,3.2182712937628224e-13,8.006610219607143e-13,6.866486266612542e-11,4.938962555135962e-07,0,1
832,06:16:30,2.5613396605140988e-11,1.5544003864592595e-12,9.129634960400822e-13,4.999616700685678e-13,9.853684643207435e-13,6.461649426562986e-11,4.848476958731438e-07,0,2
833,06:17:00,1.0717662185096563e-11,1.0332696386722394e-12,1.2695157276695406e-12,4.0187659357571263e-13,9.280109179922413e-13,1.0181986994908911e-10,4.6769928796862187e-07,0,2
834,06:17:30,8.883373417610602e-12,1.2592827848016533e-12,9.37909093087508e-13,3.6705370004650054e-13,7.16138168903465e-13,6.62783903190498e-11,4.7296268081111123e-07,0,2
835,06:18:00,8.179738523393988e-12,1.5475744907636532e-12,8.434699162551175e-13,4.1469314077712643e-13,1.0065334646707299e-12,7.245609369271164e-11,5.125841028419954e-07,0,2
836,06:18:30,9.707968328659746e-12,2.184119267579708e-12,1.016948444423556e-12,4.677265894072784e-13,1.1557977064609731e-12,6.085639145442599e-11,4.4341322514250146e-07,0,2
837,06:19:00,8.80936096394502e-12,1.7859340624519922e-12,7.818495735240613e-13,3.087770807926665e-13,7.819793503150577e-13,6.058051163992087e-11,5.081585450628443e-07,0,2
838,06:19:30,1.7068975223115054e-11,2.0343638143362695e-12,7.481640852137147e-13,4.2495356847201654e-13,1.1366351229762266e-12,7.212707196521777e-11,5.051230396835372e-07,0,2
839,06:20:00,1.653256655416934e-11,1.6901442801757547e-12,8.286717009718541e-13,4.0054605677968906e-13,1.0117367483854905e-12,6.63143357806489e-11,5.142726403964767e-07,0,2
840,06:20:30,1.9468192788731282e-11,1.7548433570025235e-12,1.1647039878593172e-12,3.9558469449503704e-13,1.343872893532806e-12,6.27131890836835e-11,4.965341369564812e-07,0,2
841,06:21:00,1.631018598106907e-11,5.3712080018906135e-12,1.2308236178844917e-12,2.962392262115555e-13,7.398577505795201e-13,7.400124848095723e-11,4.88928461591029e-07,0,2
842,06:21:30,1.380687769379544e-11,1.9063125364148623e-12,1.8823829115001886e-12,4.066823533624442e-13,5.945442103844567e-13,8.3412129613617e-11,4.799270353473834e-07,0,2
843,06:22:00,3.40001523574054e-11,2.6806169143579444e-12,1.2209424330184072e-12,4.512812741553263e-13,1.0779495869905386e-12,1.2548996260960907e-10,5.02596912640145e-07,0,2
844,06:22:30,6.268852823296401e-12,1.5054310254080749e-12,1.2909369028113764e-12,4.071358229755536e-13,8.272350352284433e-13,6.700298239517586e-11,5.082168149397622e-07,0,2
845,06:23:00,8.5777009631721e-12,2.0519936909729474e-12,9.75398301109186e-13,7.217307641719427e-13,1.4103625647046374e-12,6.180727284717483e-11,5.194197023497518e-07,0,2
846,06:23:30,1.7789554136281762e-11,3.3254898624112777e-12,3.2584559305357616e-12,6.267016475584435e-13,1.942434611635668e-12,3.5074921064188285e-10,1.275070189270429e-06,0,2
847,06:24:00,5.346025557746977e-12,1.0401590057343388e-12,1.313484842540144e-12,3.424543344187848e-13,5.104109967485306e-13,9.954164333020051e-11,5.806609299809684e-07,0,2
848,06:24:30,4.11997675896672e-12,1.3234314400321998e-12,7.942140492015263e-13,4.769487085431378e-13,1.0025121701732117e-12,1.0802101003460749e-10,5.438708128856426e-07,0,2
849,06:25:00,9.896070182904845e-12,2.1118439060228707e-12,1.5443864202723894e-12,5.847550464581005e-13,1.2675408154143804e-12,8.32581491605376e-11,5.228130801422585e-07,0,2
850,06:25:30,1.3231671616035844e-11,2.5975806154515806e-12,1.0034128923349944e-12,4.666726133111408e-13,1.4014457535734924e-12,7.893001830385344e-11,5.583603361374492e-07,0,2
851,06:26:00,1.7742997809392862e-11,2.375478427613901e-12,7.771857470702216e-13,4.881783059762115e-13,1.2597533545799202e-12,7.632399832125337e-11,5.363800740492132e-07,0,2
852,06:26:30,1.4188704904391992e-11,2.4354239083748474e-12,1.9708263461232253e-12,7.592139952795893e-13,3.184834693322628e-12,8.660786460367348e-11,4.846040141879786e-07,0,2
853,06:27:00,2.9191050360341954e-11,3.5584457254838025e-12,3.4894279394925263e-12,2.6854363209191547e-12,2.0814122121589695e-12,2.2700171134113434e-09,2.8548938022631445e-06,0,0
854,06:27:30,4.693533237909232e-12,1.0472616993953818e-12,1.5118794807999593e-12,7.13697541189398e-13,7.687460944481046e-13,4.628821330237186e-10,2.1813767311732445e-06,0,1
855,06:28:00,5.974895912461477e-12,1.4756330086829504e-12,1.8012393997557446e-12,9.128196990337785e-13,1.5212700790382682e-12,3.160562056258617e-10,2.4298200496770167e-06,0,0
856,06:28:30,3.2704003930860477e-12,8.463314585557201e-13,1.6146630110864487e-12,3.690320399432905e-13,5.715258485803072e-13,1.3512785350941654e-10,1.3010353063945233e-06,0,1
857,06:29:00,3.2310289082175503e-12,6.133464929512569e-13,2.123927243770165e-12,4.926043130700499e-13,6.862661584410035e-13,1.3600153686026802e-10,1.3822348866010777e-06,0,0
858,06:29:30,3.2234016509060426e-12,8.496096566572974e-13,2.2180000186078023e-12,3.823313318165417e-13,3.566922289700617e-13,1.0518790878898589e-10,1.443369619612084e-06,0,1
859,06:30:00,3.790753566380866e-12,8.588498856124718e-13,6.260704547837527e-13,2.864592269403129e-13,2.9247457786941723e-13,1.3970656000473634e-10,1.343476745742272e-06,0,1
860,06:30:30,6.440476017366463e-12,1.1511975671439458e-12,9.849773110980478e-13,3.719365869991692e-13,3.6216863100436187e-13,1.2700333791819143e-10,1.2863918352792384e-06,0,1
861,06:31:00,5.695020734535271e-12,9.510008876073638e-13,6.460144583961067e-13,2.5095052648810863e-13,3.733468991760653e-13,7.277993563909648e-11,1.3792802506659974e-06,0,1
862,06:31:30,1.4364804195880114e-11,1.943993618525418e-12,9.153506138195955e-13,5.243387626850379e-13,1.0963863532517034e-12,8.832659012503447e-11,1.2137192365440268e-06,0,2
863,06:32:00,2.7282236729383394e-11,4.1485871406951796e-12,7.638899430297519e-13,4.886650817131991e-13,9.449739446618542e-13,6.462783331618719e-11,1.032048403875843e-06,0,2
864,06:32:30,1.2378541566315427e-11,1.6370879971357877e-12,7.329911844090793e-13,4.357303488116493e-13,9.211323515830246e-13,6.398385678986106e-11,1.054455642527168e-06,0,2
865,06:33:00,1.8320328215689755e-11,1.89764104729743e-12,6.773543038141492e-13,3.81645636874683e-13,9.919164201033925e-13,7.391171491155293e-11,1.0832754916497562e-06,0,2
866,06:33:30,1.439602181453652e-11,3.108564267084684e-12,7.848684709004052e-13,7.743770994367359e-13,1.2704443631231078e-12,6.878117511003197e-11,1.0109241471854195e-06,0,2
867,06:34:00,1.217573421748491e-11,2.739513436530735e-12,8.843025642732393e-13,6.738508024159925e-13,2.3083250149911664e-12,6.843332843683302e-11,1.017993971839558e-06,0,2
868,06:34:30,1.0996707030505584e-11,2.348289621798367e-12,9.033574271819123e-13,2.8991423219857355e-13,9.71028191943651e-13,7.722276201918334e-11,9.123889505450163e-07,0,2
869,06:35:00,2.2497398158081712e-11,2.5368184417504522e-12,9.48541080823629e-13,3.366551826857389e-13,9.5596853742397e-13,6.492583353319587e-11,7.381205149633047e-07,0,2
870,06:35:30,1.301815574401163e-11,2.5056324446314753e-12,1.14951906618235e-12,5.08744477100385e-13,1.1101423402563868e-12,9.632919873305549e-11,7.484116784891374e-07,0,2
871,06:36:00,1.1922200083374903e-11,2.1405952244645618e-12,1.0213343049752354e-12,6.498806840951066e-13,2.261156668462667e-12,1.0471738163755995e-10,7.056005921236217e-07,0,2
872,06:36:30,2.296178672663147e-11,3.4354734238591782e-12,1.0873919833893245e-12,3.412542598014062e-13,1.5463016436608506e-12,9.078462809678104e-11,7.206489814454319e-07,0,2
873,06:37:00,1.6197755939773975e-11,2.0416892574997323e-12,1.3214420235945459e-12,5.317114368368612e-13,1.1296259197772466e-12,9.711724604046712e-11,8.925588245450887e-07,0,2
874,06:37:30,1.616332408510146e-11,2.452907020828619e-12,6.481789650289829e-13,2.384775236841707e-13,3.8985059070470765e-13,8.653724762095254e-11,7.836692066633602e-07,0,2
875,06:38:00,1.6894236163036247e-11,2.7743846347346783e-12,1.011187812840301e-12,4.713346552525281e-13,1.0435505063286967e-12,9.393012928006584e-11,7.341038729028638e-07,0,2
876,06:38:30,2.036766959098554e-11,3.6150783592294642e-12,1.1059330233288797e-12,3.440782521710944e-13,1.0595736998490074e-12,1.1219481820239971e-10,6.666915286598292e-07,0,2
877,06:39:00,1.5828028252554233e-11,2.1590467489154615e-12,1.968429856813679e-12,6.817226076446944e-13,1.3874058534688908e-12,1.4174943968310715e-10,6.592566012102788e-07,0,2
878,06:39:30,1.9511743654285535e-11,3.456106886534449e-12,8.896814850376477e-13,4.1857972161155904e-13,1.397361317075552e-12,7.954787545763787e-11,5.480249174360076e-07,0,2
879,06:40:00,1.781148634171536e-11,2.458026948702589e-12,7.477209078021284e-13,3.0281718933824827e-13,9.754322509622054e-13,7.136953132614448e-11,5.137417132629135e-07,0,2
880,06:40:30,2.5395355760586926e-11,3.3134228641873982e-12,1.0659453286876597e-12,4.119196579327492e-13,1.148936484936627e-12,9.149585857952647e-11,6.11965649632001e-07,0,2
881,06:41:00,2.5588618246021527e-11,3.007006382831015e-12,9.25217402260243e-13,3.7009519362665877e-13,1.1036189889502555e-12,8.318340997619694e-11,5.748152101970047e-07,0,2
882,06:41:30,4.817225723452085e-11,4.4177712496517985e-12,1.0086344438010867e-12,2.4691716435416084e-13,8.414638723367927e-13,1.0371908408375561e-10,5.478075486325135e-07,0,2
883,06:42:00,1.8832649763903556e-11,3.0353494662230883e-12,1.0350468257519275e-12,3.0320893837886645e-13,9.78107679473111e-13,9.64508149851918e-11,5.792065650044316e-07,0,2
884,06:42:30,2.7621967732448934e-11,3.357029581290067e-12,8.825449179273744e-13,4.2148641649926125e-13,1.6936070211054505e-12,9.482969875651088e-11,5.450278828329482e-07,0,2
885,06:43:00,5.839100277574647e-11,3.999845918186767e-12,9.408006478895021e-13,2.588304704782542e-13,9.812692611054643e-13,1.0573265568900851e-10,5.834001830909519e-07,0,2
886,06:43:30,5.1487256301063926e-11,3.447844491804017e-12,1.097657234308672e-12,2.831405936237377e-13,8.323504573722563e-13,1.0943331188808508e-10,5.749781926985547e-07,0,2
887,06:44:00,3.9749992810761743e-11,4.057932169647524e-12,5.928864584010984e-13,3.0568738321573897e-13,1.3648138416500846e-12,9.47039451875109e-11,5.192697213031578e-07,0,2
888,06:44:30,2.673958761065964e-11,2.5547819143194424e-12,8.444155930564042e-13,2.0273459664109188e-13,5.40124266740887e-13,9.467207175723955e-11,5.192928958633153e-07,0,2
889,06:45:00,3.738659623954439e-11,3.7046540734342795e-12,9.839796267862196e-13,4.516338297998183e-13,1.414946330126744e-12,1.520425406353784e-10,4.6816338614480905e-07,0,2
890,06:45:30,4.2360606841986665e-11,3.927217361413478e-12,1.081769887477795e-12,2.0806573594150378e-13,5.272951295541275e-13,1.2470649791568823e-10,5.491057812896232e-07,0,2
891,06:46:00,2.1943535534465543e-11,3.4617835215462647e-12,9.3294021506095e-13,1.8976136043814526e-13,8.276959102776322e-13,1.0143496429043525e-10,5.933496171067493e-07,0,2
892,06:46:30,5.192805690333134e-11,3.479485740234175e-12,7.188009064825221e-13,2.5097588342083793e-13,8.369196348995918e-13,1.374827335851562e-10,6.493835251347691e-07,0,2
893,06:47:00,2.9457593315518526e-11,3.6253975464572546e-12,7.26964475259618e-13,2.5295244146025006e-13,6.768621758429458e-13,1.0675502895224975e-10,6.539245189381624e-07,0,2
894,06:47:30,2.984669638058123e-11,3.5508593801364904e-12,9.692457119628626e-13,1.9572585362277744e-13,6.269409382480733e-13,1.3097037478364637e-10,6.650462025489555e-07,0,2
895,06:48:00,2.332727793584319e-11,2.5726309601924083e-12,9.90076363791031e-13,1.8995703556088138e-13,4.943898782299425e-13,1.3646613952894695e-10,6.705736544410041e-07,0,2
896,06:48:30,4.255109205117801e-11,3.727331890828229e-12,8.175369529627101e-13,2.370027052602707e-13,5.064970826046648e-13,1.617639477233998e-10,6.432249438264965e-07,0,2
897,06:49:00,4.415398108259491e-11,2.8587119407683432e-12,7.874685220869358e-13,2.57378917225393e-13,6.84889566419142e-13,1.274478868411195e-10,5.948113818486541e-07,0,2
898,06:49:30,2.5084001611047186e-11,3.2318079506664965e-12,1.0139665292420399e-12,2.1408310204080536e-13,6.88413004827519e-13,1.2761097511404842e-10,6.023650978076884e-07,0,2
899,06:50:00,4.419143279126547e-11,3.82857645798947e-12,8.101547978275081e-13,2.2334864772598034e-13,8.890169566390862e-13,1.253083333214662e-10,6.219468292250034e-07,0,2
900,06:50:30,3.955983201533845e-11,3.62941541078448e-12,7.414063602277408e-13,2.251356360317424e-13,7.322191518893978e-13,1.1508150871064142e-10,6.247310036357344e-07,0,2
901,06:51:00,4.7101807152958426e-11,2.775565407822964e-12,1.0223557544432928e-12,1.945029664848227e-13,4.4777101346724727e-13,1.7419678691438388e-10,6.499210123349563e-07,0,2
902,06:51:30,4.288246223814581e-11,3.6197787653412247e-12,5.202532633579848e-13,2.9573239679440574e-13,7.648369549098907e-13,1.597769554149711e-10,6.448603173253821e-07,0,2
903,06:52:00,5.0001666625659266e-11,3.178675099947013e-12,7.125934801653094e-13,1.6024825883257904e-13,4.5422009017820424e-13,1.4305030461855378e-10,6.438124541686365e-07,0,2
904,06:52:30,4.917117774279093e-11,3.785882179037115e-12,7.966799067023758e-13,1.9907047077878806e-13,4.3495471558798915e-13,1.5398250297851807e-10,6.287696330402193e-07,0,2
905,06:53:00,3.364585358923385e-11,2.927652864207603e-12,7.084893012819766e-13,2.7375562684889936e-13,7.412879892204257e-13,1.7471340899030206e-10,6.940780405433582e-07,0,2
906,06:53:30,2.8283118453727166e-11,2.777244555149129e-12,7.511743258314629e-13,3.316353499732283e-13,6.863695512645236e-13,1.5341982316314753e-10,7.168449542028539e-07,0,2
907,06:54:00,8.135170025900877e-11,4.419969266987173e-12,1.188343576965826e-12,2.6391531670389406e-13,8.814609098364247e-13,1.4214553195675097e-10,6.809865307470568e-07,0,3
908,06:54:30,3.467497720118811e-11,3.4649960965932102e-12,6.634655338799585e-13,1.8829590956441512e-13,5.058475846538917e-13,1.3734353989536206e-10,6.560692721110636e-07,0,2
909,06:55:00,4.2954388834792526e-11,4.5246370775775335e-12,7.251210077414709e-13,2.6429317556403483e-13,1.1751723806693215e-12,1.0058726240156335e-10,5.956973248057719e-07,0,2
910,06:55:30,3.8155287260330464e-11,3.158072708509887e-12,1.416574619617171e-12,2.3112074857896263e-13,1.1024895986646718e-12,1.5219159490470173e-10,5.840158438570773e-07,0,2
911,06:56:00,4.341933026779502e-11,3.0830271613056276e-12,8.671198965710063e-13,2.047236464021829e-13,5.342982150941559e-13,1.3136489096590887e-10,6.867703993138699e-07,0,2
912,06:56:30,3.926324648352041e-11,2.5552324573570975e-12,9.604076750395025e-13,1.8129911456406313e-13,5.045263274469003e-13,1.368595002804039e-10,6.39089105904726e-07,0,2
913,06:57:00,4.7556002212920155e-11,3.629454967240632e-12,9.632207345517922e-13,2.774901422462042e-13,9.672535699868202e-13,1.564665770991456e-10,6.490400164693595e-07,0,2
914,06:57:30,5.007773129837667e-11,2.1530624835721716e-12,1.5931141906895178e-12,4.110706631986863e-13,1.0417062885307788e-12,1.201500695474916e-09,1.5252399256056208e-06,0,1
