index,start_time,eeg_delta_power,eeg_theta_power,eeg_alpha_power,eeg_beta_power,eeg_spindle_power,eog_var,emg_rms,label
1,01:17:30,1.070814442866832e-11,3.0251322251139338e-12,1.6027311579368103e-12,3.554752457147661e-13,4.2357060772351586e-13,3.2320557458346902e-09,3.367845795859925e-06,1
2,01:18:00,1.0512863068108574e-11,2.726196505029404e-12,1.5369694735868425e-12,4.181534008458044e-13,3.1963854850361716e-13,3.558448450394724e-09,3.3472896597241827e-06,1
3,01:18:30,6.682900395572831e-12,2.584107263736918e-12,1.1114260176910656e-12,3.23937786492993e-13,4.294392645225076e-13,1.7272103482082933e-09,3.3695374673965137e-06,1
4,01:19:00,2.1376106951436116e-11,4.911903499181279e-12,1.2610309258908108e-12,2.882829353983819e-13,4.4354198647135676e-13,4.1253810763215095e-09,3.359751832882895e-06,1
5,01:19:30,1.1874491860753014e-11,4.1203790840435165e-12,8.351869420241221e-13,3.0607205207176825e-13,4.1047263945435437e-13,2.8746901127247983e-09,3.372067349982567e-06,1
6,01:20:00,1.6751982755473486e-11,4.338672018506353e-12,8.609958401379025e-13,2.504569708687992e-13,5.915472979105183e-13,2.131992049047117e-09,3.3617386182117037e-06,2
7,01:20:30,7.122155553171751e-11,7.354018645739536e-12,9.91024229392924e-13,3.5916192111947694e-13,8.29682135256421e-13,2.3220263133094863e-09,3.33782771979068e-06,2
8,01:21:00,1.554611760084779e-11,3.1708074344796e-12,9.514821788333704e-13,3.347950619012782e-13,9.469441883529149e-13,3.5612060870767167e-10,3.1870296538897734e-06,2
9,01:21:30,2.3874178088465573e-11,7.0723621356192045e-12,1.1847757760362316e-12,4.914674751330078e-13,1.5742871792660783e-12,1.7103935709482165e-10,3.339403598698257e-06,2
10,01:22:00,3.308836141769392e-11,4.897906320811137e-12,1.4796725005943528e-12,5.986019584061634e-13,2.1499110744614467e-12,5.272343144233078e-10,3.3888426563225084e-06,2
11,01:22:30,2.928822304170801e-11,3.1261386222707675e-12,7.808428267874105e-13,2.781982221850932e-13,4.610358613432428e-13,2.8226036387316513e-10,3.343004545309578e-06,2
12,01:23:00,2.571341384462119e-11,3.9019945047442445e-12,1.0036642655098706e-12,4.089492596029829e-13,1.4153148281687964e-12,7.654410064986868e-10,3.3477323541545725e-06,2
13,01:23:30,3.268027442738025e-11,1.2481495595494605e-11,2.7512018571917297e-12,8.459358116064959e-13,2.017820482622145e-12,2.8816046506796087e-10,3.340084110812494e-06,2
14,01:24:00,7.694169414282299e-11,5.125507258151698e-12,5.002813018244999e-12,4.281083023616113e-12,6.617274913611086e-12,1.5304318765928844e-09,3.378726432800502e-06,2
15,01:24:30,1.8362811474255974e-11,2.6065105313376857e-12,1.1409589381240704e-12,4.3117255393996266e-13,6.323491714878359e-13,7.272388089480905e-10,3.2699450998750838e-06,1
16,01:25:00,1.922317445485948e-11,3.920480024807176e-12,1.0525182662232097e-12,5.500809493490398e-13,1.6682068890866128e-12,1.8306099868401013e-10,3.1998262692586726e-06,2
17,01:25:30,6.372209034478027e-11,2.9528278343569152e-12,8.974342455889769e-13,4.105007479867014e-13,1.178019702255887e-12,6.127149221621233e-10,3.2573285183764897e-06,1
18,01:26:00,6.784640394784652e-11,2.869780255959004e-12,1.0904660627400967e-12,6.331183175754817e-13,1.7021349651156551e-12,4.394043231113814e-10,3.21734923649849e-06,2
19,01:26:30,2.6807279001802047e-11,6.645867657732283e-12,1.87706895118217e-12,5.776690687201978e-13,1.7308826250173012e-12,3.2185221803216487e-10,3.1814246318601135e-06,2
20,01:27:00,3.969983887976017e-11,3.6609910433889855e-12,1.343917367287104e-12,6.20514306593693e-13,2.818755385399306e-12,1.30478225144424e-10,3.15143507904774e-06,2
21,01:27:30,2.4538693219487207e-11,6.958984279714084e-12,1.957758706683383e-12,7.095687478591284e-13,2.2676284814589053e-12,2.0193936311613063e-10,3.195518357170039e-06,2
22,01:28:00,1.517637098542135e-11,2.4089297257554257e-12,8.166876159330959e-13,3.11081907968457e-13,8.10814651462621e-13,2.4857184019575977e-10,3.181898441592357e-06,2
23,01:28:30,8.486395571925526e-11,3.909672734721435e-12,1.2199552711457589e-12,4.169629109969761e-13,1.144300011551897e-12,1.2101382504417911e-09,3.1958502129676636e-06,2
24,01:29:00,5.996037799184922e-11,5.855281797980438e-12,1.839524570300567e-12,1.1297669831398894e-12,4.475928561662811e-12,3.457107442797989e-10,3.1789818954180777e-06,2
25,01:29:30,3.8115505923586274e-11,5.584858787822277e-12,1.6441216254945508e-12,7.335871729811554e-13,1.1247758523904995e-12,1.2168461631804444e-09,3.2011440893212524e-06,2
26,01:30:00,6.235632438493172e-11,4.222491663526839e-12,1.993440441341883e-12,9.984404733155626e-13,5.564931311530454e-12,6.013669973799791e-10,3.246214146908806e-06,2
27,01:30:30,1.6613846363187095e-11,3.270291673030448e-12,1.4936331973011619e-12,8.10223365116335e-13,1.700556475827002e-12,3.8273772618873496e-10,3.22461875317392e-06,2
28,01:31:00,7.291265352707645e-11,3.83031045956477e-12,1.5480143616542669e-12,3.9407256012061024e-13,1.8193559653930954e-12,4.110053431756737e-10,3.278287277988691e-06,2
29,01:31:30,3.4847731658616174e-11,4.8391112037379495e-12,2.4706445105777133e-12,9.718556617798835e-13,4.4279261874732345e-12,3.005725791900095e-10,3.244499506681021e-06,2
30,01:32:00,1.8761311644279314e-11,4.616104232853501e-12,1.5054303135065497e-12,5.033257620263717e-13,2.120355283111917e-12,1.6526245910135192e-10,3.19309486888997e-06,2
31,01:32:30,6.911440289264648e-11,4.926170896679743e-12,1.8126186797573112e-12,7.192156102041813e-13,3.73548123588859e-12,4.494528873935516e-10,3.2405253413165786e-06,2
32,01:33:00,3.07510751886273e-11,3.242455065234651e-12,1.3643483449000537e-12,7.896981876052055e-13,3.3222685915328404e-12,1.9201310290100417e-10,3.2075883289726327e-06,2
33,01:33:30,3.78773968764328e-11,7.277406338393648e-12,2.116440324691649e-12,6.624576578736143e-13,2.6023139314602126e-12,2.0628293131600207e-10,3.2103669008585293e-06,2
34,01:34:00,9.389821229879716e-11,6.234175212523382e-12,2.5962306443731096e-12,5.648480852974781e-13,2.3251605340432087e-12,1.0889877274791886e-09,3.2669328242648465e-06,2
35,01:34:30,8.28047350239144e-11,5.822106747732859e-12,2.140766605313449e-12,2.2133674026381815e-12,3.2125113019445206e-12,1.2711111862472444e-09,3.327503689428402e-06,1
36,01:35:00,2.4373381094741712e-11,4.069888455542317e-12,1.3333701227111602e-12,5.690229096593072e-13,2.7024134936863586e-12,2.2676180033573592e-10,3.3685750381224586e-06,2
37,01:35:30,5.4220245299523167e-11,4.811243294576743e-12,1.9517528207024943e-12,7.275374516380955e-13,3.04246564806009e-12,4.0388892859083525e-10,3.4286051268971945e-06,2
38,01:36:00,3.223884650919729e-11,3.2706341337775343e-12,1.345845514697868e-12,7.557680758144866e-13,2.308206021668634e-12,6.446141810535179e-10,3.419478490019002e-06,2
39,01:36:30,1.2077473059485684e-11,3.093205198752336e-12,1.3231109234090093e-12,5.739670544689161e-13,2.523107021128679e-12,2.398806577641875e-10,3.3755991693204535e-06,2
40,01:37:00,7.526365655030775e-11,4.728640099103211e-12,1.5996592616421677e-12,5.188949060848665e-13,1.4190222148158801e-12,6.601971774846394e-10,3.403218009233632e-06,2
41,01:37:30,2.6828917408744305e-11,4.633026312975457e-12,1.3895814360168173e-12,5.878643685150285e-13,1.8553349110247544e-12,1.393614884572409e-10,3.3887220746907855e-06,2
42,01:38:00,6.207253128843724e-11,5.9165309329859286e-12,1.7064904674786805e-12,9.936018174708958e-13,5.5472274213031e-12,2.981964734648333e-10,3.343432977157598e-06,2
43,01:38:30,2.8568599233082934e-11,2.7273735091573352e-12,1.2944585848222424e-12,7.597994755156756e-13,4.073242188854196e-12,1.7227218163376273e-10,3.3320777310158806e-06,2
44,01:39:00,5.7155665849204036e-11,4.023025332702023e-12,2.2386146838109774e-12,6.142064162578922e-13,3.0991944505605457e-12,1.344516887528417e-10,3.3534088906050545e-06,2
45,01:39:30,3.2093550610269864e-11,4.855788036449341e-12,3.1670949085200976e-12,1.2899361270710703e-12,8.621939466010097e-12,1.7946636529728832e-10,3.3676521017892854e-06,2
46,01:40:00,5.047418739634848e-11,4.398849902009799e-12,2.11097813107173e-12,7.137710097296715e-13,3.841650582017849e-12,1.5107721684778794e-10,3.3300148240484713e-06,2
47,01:40:30,6.860045920669172e-11,5.3723540288091854e-12,1.9188977283394995e-12,4.870826546711139e-13,2.1767996520474077e-12,2.089928543347591e-10,3.3885985659249484e-06,2
48,01:41:00,5.553593825481854e-11,4.63616204244554e-12,2.1542036945689142e-12,3.5263695892243856e-13,1.3554821181238328e-12,2.524847201768066e-10,3.3804896954113557e-06,2
49,01:41:30,6.944525862153342e-11,4.685474821210767e-12,1.9259732183011856e-12,8.070318770219846e-13,5.012154127620858e-12,1.6885553851378186e-10,3.398752399056153e-06,2
50,01:42:00,7.036458824910026e-11,5.456423244149588e-12,1.7788083249215544e-12,2.8937886399056136e-13,1.2077551624950883e-12,1.7238116689393687e-10,3.3689835504628765e-06,2
51,01:42:30,5.366780455180423e-11,4.271165574844916e-12,2.48782868834752e-12,8.29744458445265e-13,5.09279740783988e-12,1.9159542445691504e-10,3.366685229029192e-06,2
52,01:43:00,1.100173866316034e-10,5.2682786472143e-12,1.2924764909277344e-12,3.8707670401421776e-13,1.8282662219710836e-12,3.143445891455864e-10,3.3280044050835246e-06,3
53,01:43:30,9.183837617609663e-11,4.783024510683862e-12,1.1443085502857258e-12,3.2404674557515096e-13,9.9883062604311e-13,4.441958931531837e-10,3.3498900305166833e-06,2
54,01:44:00,6.945542485390596e-11,5.829350415269155e-12,2.0822228393043733e-12,5.939207638027621e-13,2.7823871939947263e-12,3.111353085193182e-10,3.3771598662679516e-06,2
55,01:44:30,1.0451726945693006e-10,3.899699111667854e-12,1.5840915964247157e-12,3.0236257952595326e-13,1.2086190806624417e-12,5.03409401541495e-10,3.367343447356955e-06,2
56,01:45:00,1.886518989578757e-10,5.062449039428988e-12,1.5004792065324541e-12,1.0305584277638371e-12,1.4247561269062657e-12,1.5385315175515092e-09,3.3610707003831603e-06,2
57,01:45:30,5.176921646001566e-11,5.535400455517024e-12,1.5378215460760924e-12,3.5417099449676826e-13,1.4712899703804607e-12,1.488057840105565e-10,3.2525543462397385e-06,2
58,01:46:00,5.940644930497471e-11,4.360904419880502e-12,1.3415413807822634e-12,5.443103058349238e-13,2.696368742248899e-12,2.525309182593343e-10,3.284457391552641e-06,2
59,01:46:30,4.156201831954921e-11,3.828019590997961e-12,1.2621848393468166e-12,4.1419567362491025e-13,1.685092338936019e-12,2.2425778611851046e-10,3.241917601477599e-06,2
60,01:47:00,7.51402093092676e-11,4.19450090016994e-12,1.3943689259660272e-12,4.823073052119215e-13,2.038068934319253e-12,2.679872935908293e-10,3.3001671068028556e-06,2
61,01:47:30,4.5435681772509637e-11,6.399186056930184e-12,1.9579646682728997e-12,3.1749745094293415e-13,1.356615565063614e-12,1.6482090448397152e-10,3.3040376098702573e-06,2
62,01:48:00,5.78835870055396e-11,4.6150398465478865e-12,1.8294522805582116e-12,3.6513351624869846e-13,1.7004166334024033e-12,2.163653149129755e-10,3.237137694563291e-06,2
63,01:48:30,5.8156550799607576e-11,4.249101466633713e-12,2.7591444438236952e-12,7.172642110994801e-13,3.789784867413998e-12,2.2251778865611694e-10,3.254999283094024e-06,2
64,01:49:00,6.678899474312855e-11,5.8660139579340606e-12,1.6457027594332504e-12,3.3528379103181724e-13,1.5647411995763126e-12,2.779276706681489e-10,3.2639110853384194e-06,2
65,01:49:30,7.609473605839957e-11,4.434759978990889e-12,1.6480732910236946e-12,4.0375793860931606e-13,1.726403925589509e-12,2.479689616285704e-10,3.263727861497276e-06,2
66,01:50:00,8.383689708882814e-11,4.492564623659186e-12,9.533976883324953e-13,2.071313319070138e-13,4.3962224733025997e-13,4.2288762706447535e-10,3.2360394945947848e-06,2
67,01:50:30,8.165068298517789e-11,4.017309055083123e-12,1.448292374265851e-12,2.7737311801466127e-13,9.71199689732809e-13,2.2998958606601292e-10,3.235599281150371e-06,2
68,01:51:00,1.750622111542391e-10,5.731202008526199e-12,1.8032104378674859e-12,4.647884554171672e-13,2.9092691851914784e-12,6.663562624822799e-10,3.3021908282275055e-06,3
69,01:51:30,8.94700552548965e-11,4.3019585027181126e-12,6.807893812698981e-13,3.3558983453775843e-13,9.22517792739004e-13,1.122400630858249e-09,3.34856239356669e-06,3
70,01:52:00,6.07911601858899e-11,5.0181682194899084e-12,1.4712560298112153e-12,4.2370395646414154e-13,2.0111902680893016e-12,2.0291908777769725e-10,3.3001194838480752e-06,2
71,01:52:30,4.0569184822446266e-11,3.2193918568479677e-12,1.648099856575152e-12,5.606285501327351e-13,3.1021708700787023e-12,1.8366207067609854e-10,3.237622895193894e-06,2
72,01:53:00,1.340025519776193e-10,5.049241365450343e-12,1.9239041708712975e-12,3.5101687269153517e-13,1.5572278172779788e-12,3.350257141191323e-10,3.2694214282387403e-06,2
73,01:53:30,4.474302443641164e-11,4.476317638694472e-12,1.792101680299198e-12,2.719253969671971e-13,1.1260362733018507e-12,1.7837850314935553e-10,3.308167669595414e-06,2
74,01:54:00,6.623991551626281e-11,3.881073629931148e-12,1.6470335759775992e-12,2.213857713438184e-13,9.463138337639774e-13,1.6069522139683323e-10,3.2509908710995415e-06,2
75,01:54:30,8.399025529142034e-11,6.9252122539184735e-12,2.2142986534312756e-12,3.6330160441220894e-13,2.0392999200632794e-12,2.7236453665869774e-10,3.209146390353523e-06,2
76,01:55:00,2.0543658373141777e-10,9.9705905020865e-12,3.809281174948681e-12,1.5553071212897829e-12,2.7597639094545074e-12,4.62547521836325e-09,3.3018882377613633e-06,3
77,01:55:30,8.933509117232514e-11,5.356530208271223e-12,2.397339167012058e-12,3.764754107110924e-12,3.759093411925181e-12,2.534649287520769e-09,3.360470363261388e-06,1
78,01:56:00,8.40038624570267e-11,2.418974485239941e-12,7.955150133244259e-13,2.3650561272681754e-13,9.078440548376657e-13,1.2762654196726113e-09,3.3649564170481e-06,2
79,01:56:30,9.011189369870778e-11,4.995476547822613e-12,1.032654826742844e-12,3.199960626458408e-13,7.205941202426619e-13,7.020723139242151e-10,3.32016867935246e-06,2
80,01:57:00,3.6775878427881286e-11,3.478392040974064e-12,8.916402262614709e-13,2.4538582453286317e-13,7.883233099440577e-13,4.44311478391251e-10,3.3648032744499238e-06,2
81,01:57:30,3.208846118588437e-11,3.708177944952942e-12,1.2067541533011628e-12,4.761074970847386e-13,1.827838024728474e-12,4.1140254182987664e-10,3.37636956190294e-06,2
82,01:58:00,5.6247491565687675e-11,4.936250294780189e-12,1.1635752720683066e-12,3.838684843522493e-13,1.511347871935138e-12,7.368698006945119e-10,3.419114424673283e-06,1
83,01:58:30,2.594788908499432e-11,3.730229587652333e-12,2.319736515596576e-12,5.551011230135609e-13,3.036728978534249e-12,1.5974115741338454e-10,3.4228126551300356e-06,2
84,01:59:00,9.745738038418827e-11,4.3354458736234375e-12,1.924687016399906e-12,6.290566146103441e-13,2.6150459753142648e-12,8.251514816608119e-10,3.4000419031545946e-06,2
85,01:59:30,2.730027940021076e-11,4.175807071467922e-12,1.7551708667330616e-12,4.2244713875878764e-13,2.220688457929194e-12,1.2906281025609866e-10,3.3654641412244752e-06,2
86,02:00:00,3.779273164631953e-11,5.689791609984328e-12,2.07029536365728e-12,5.729658276412717e-13,3.379286873549795e-12,1.8993290749350595e-10,3.368380402082278e-06,2
87,02:00:30,4.4357009450217594e-11,4.086171493847068e-12,2.0954394808790896e-12,3.5908751766815476e-13,1.888327104109207e-12,1.255855830016618e-10,3.3919173394646374e-06,2
88,02:01:00,5.801152851485964e-11,4.0870731109805125e-12,1.0279689699525042e-12,2.7038888478424113e-13,6.73208706308287e-13,9.844296739001974e-10,3.3133767190751444e-06,2
89,02:01:30,1.968104495447416e-11,3.60482450875454e-12,1.2699429860245661e-12,4.690926924994679e-13,2.7051914797083308e-12,1.644928132916679e-10,3.3712607343097827e-06,2
90,02:02:00,3.503252943178275e-11,5.07666391871396e-12,1.4840703910918436e-12,5.888430261912797e-13,3.853753221367202e-12,2.1222705626080912e-10,3.373236382521556e-06,2
91,02:02:30,3.6598136076153464e-11,4.470341397432372e-12,2.5271926838289702e-12,7.143810414599172e-13,5.126470042656169e-12,1.1946351253433513e-10,3.4165392572650877e-06,2
92,02:03:00,5.130971175413309e-11,4.820259904276948e-12,1.8116644783001628e-12,2.810820534794851e-13,1.1004927191855898e-12,1.8085357565483963e-10,3.408704219609546e-06,2
93,02:03:30,8.389535232690266e-11,6.894692926160552e-12,2.072128324910739e-12,5.309769983072824e-13,3.401545940117858e-12,2.1601778958850822e-10,3.3932650024193987e-06,2
94,02:04:00,3.8833663085205986e-11,3.749769843837985e-12,1.6486892592494489e-12,2.4037191011448907e-13,1.05435107407952e-12,1.7531028579205725e-10,3.357131124541033e-06,2
95,02:04:30,5.993587114935554e-11,6.649103796320959e-12,2.5235145878345455e-12,3.724537945326073e-13,2.0959493741754756e-12,1.7546347909144787e-10,3.3236605423780887e-06,2
96,02:05:00,6.98703513870255e-11,4.8788626197361275e-12,2.0923215229745596e-12,2.379828054144817e-13,7.490322841457236e-13,2.258791906522167e-10,3.384735683002717e-06,2
97,02:05:30,9.232162819211715e-11,5.784104213095055e-12,2.1148563104465516e-12,4.570494959779129e-13,2.5304810699094632e-12,2.0454717967695824e-10,3.387291733078552e-06,2
98,02:06:00,1.378291253818226e-10,4.019377081896725e-12,1.7195656719513073e-12,2.4078952073757274e-13,1.0174780806697412e-12,2.781496730943851e-10,3.4076448129499116e-06,3
99,02:06:30,9.465607640731889e-11,3.650270672211453e-12,2.2345498371728718e-12,2.7298259475918296e-13,1.3626494522219135e-12,2.6289599647441515e-10,3.399646909068304e-06,2
100,02:07:00,7.481490880425441e-11,6.694613305332355e-12,2.184200615268676e-12,3.428447520132255e-13,1.9999612616927034e-12,2.2356051784165277e-10,3.3726769494182776e-06,2
101,02:07:30,1.275595665657128e-10,4.648986449099742e-12,2.4142843581555664e-12,2.684437644452973e-13,1.1763086044770634e-12,2.939808242850632e-10,3.3586836541359186e-06,3
102,02:08:00,9.271008799857116e-11,5.424367924245238e-12,2.0613169705579773e-12,3.512089944070565e-13,1.876499803687321e-12,2.974600849748057e-10,3.3581008732775665e-06,2
103,02:08:30,1.2180219034947682e-10,4.059320275195056e-12,1.549893553567718e-12,3.793250340967563e-13,1.4088944389731546e-12,3.4649221770402256e-10,3.3886756515685193e-06,3
104,02:09:00,1.4089792723083796e-10,5.5708300459521085e-12,3.6302898610724246e-12,4.623068665672684e-13,3.004171750740617e-12,3.163484790426642e-10,3.359533233873656e-06,3
105,02:09:30,1.3738955375916168e-10,5.210457854849411e-12,2.2468859936971096e-12,3.019079903505268e-13,1.7334973544461038e-12,3.560785065686331e-10,3.3924538083067634e-06,3
106,02:10:00,1.6075828593736126e-10,5.369374491483722e-12,2.52097890379051e-12,3.968413854567217e-13,2.233634268389453e-12,2.908167918985327e-10,3.3905831329712863e-06,3
107,02:10:30,1.1221930408994306e-10,4.5390393123746785e-12,3.446280875592911e-12,4.572597951851074e-13,2.8637395848882817e-12,3.584714280076637e-10,3.3610157260313484e-06,2
108,02:11:00,1.6069564359262923e-10,4.628841425170385e-12,2.9462513592862756e-12,2.5221684904820563e-13,1.1804816501500464e-12,4.4165193886280655e-10,3.362989132909333e-06,3
109,02:11:30,1.5816108026859992e-10,4.581744306494045e-12,1.2981515942119648e-12,1.8036858417780465e-13,6.534054850115962e-13,2.4940201778940235e-10,3.342931908793085e-06,3
110,02:12:00,1.3122813540027444e-10,3.0470568734520704e-12,2.486206531538556e-12,3.2909528637342796e-13,1.6572253503817038e-12,3.001967288658421e-10,3.4226035658911127e-06,3
111,02:12:30,1.9961463381367268e-10,4.991795730782068e-12,1.788468967154152e-12,4.061050862151606e-13,1.873629735364044e-12,3.5414059112037977e-10,3.3717020758069673e-06,3
112,02:13:00,2.148069682991527e-10,7.628378459447816e-12,3.260897953816117e-12,1.1475607480293167e-12,2.3149147590844406e-12,2.2781597771543926e-09,3.346504627837308e-06,3
113,02:13:30,1.7504862449820942e-10,6.9089316416262615e-12,2.902172944592941e-12,2.167388285493728e-12,2.6893308085533556e-12,2.835028981978952e-09,3.3691197735001227e-06,3
114,02:14:00,9.604817841471502e-11,5.066734109403824e-12,1.5495021686524877e-12,8.108857625098089e-13,9.31668711836717e-13,1.377271316281e-09,3.39284378248935e-06,1
115,02:14:30,7.985378897725302e-11,4.471449305700266e-12,9.368077275748144e-13,2.022842386253971e-13,4.637586745042376e-13,1.2903842445264625e-09,3.3895135650174217e-06,1
116,02:15:00,9.40020018848418e-11,5.2823791396716325e-12,8.8890254822685e-13,2.616452900115143e-13,8.59141774520368e-13,6.830210937756682e-10,3.3901284894935825e-06,1
117,02:15:30,3.190620891091851e-11,4.290141427493492e-12,1.0642672031366665e-12,2.5561566633063166e-13,9.176578862478858e-13,3.1572519578247373e-10,3.390788363886143e-06,1
118,02:16:00,4.7841525545375366e-11,3.899984941262969e-12,1.0770283657187504e-12,3.7377799966565107e-13,1.6548300701956946e-12,6.174784543834073e-10,3.364082142359354e-06,2
119,02:16:30,4.800474716221879e-11,3.910555227458691e-12,1.1740956190494865e-12,4.995101493147176e-13,2.9253058289116953e-12,2.778336406508285e-10,3.3702603214682954e-06,2
120,02:17:00,1.3114239671099064e-11,2.9576401990402787e-12,9.481614787063038e-13,3.0355440997467815e-13,1.6634591703014362e-12,1.1514829386742278e-10,3.3915151582961606e-06,2
121,02:17:30,8.954828904931072e-11,3.9085581047014876e-12,1.4285541906443082e-12,3.471581612968692e-13,1.5511153182954452e-12,6.018614470317644e-10,3.3930606124662764e-06,2
122,02:18:00,2.586344338091933e-11,3.4821478015377146e-12,1.3752260904014018e-12,3.326336731210039e-13,1.4883066197502577e-12,1.2496191433266592e-10,3.3756428095217715e-06,2
123,02:18:30,1.2301617211384124e-10,4.8878280663711155e-12,1.5699552280651474e-12,1.121721921324235e-12,1.739435305214161e-12,1.5137268604008403e-09,3.344340805212109e-06,2
124,02:19:00,3.191883777486229e-11,3.4132777802486174e-12,1.4075088689256007e-12,3.784638103083274e-13,2.4203765024976466e-12,2.2688151877597204e-10,3.3741460585143205e-06,2
125,02:19:30,4.620932275779022e-11,4.330879533725973e-12,1.1452064385309688e-12,5.162502891577997e-13,2.8640870490087946e-12,1.2607973499450706e-10,3.395125737976528e-06,2
126,02:20:00,7.90893533159997e-11,4.4686200181897655e-12,1.6995320299667128e-12,4.069675105208048e-13,2.0120540203490728e-12,1.679710565755707e-10,3.410487999146088e-06,2
127,02:20:30,2.072456102589157e-11,3.1893967675150186e-12,1.3703639667694468e-12,5.750951596956834e-13,3.551455468126297e-12,9.726303153243211e-11,3.4111263499671774e-06,2
128,02:21:00,1.349855068449356e-10,4.898761421170046e-12,3.562991810609552e-12,1.028157485235089e-12,2.3032219233905067e-12,1.2068970577442818e-09,3.3635110671868687e-06,2
129,02:21:30,1.304349102006388e-10,3.2401241916257585e-12,9.213753592463341e-13,8.17218245722351e-13,1.8003705647153856e-12,1.8767681960849816e-09,3.373572245618897e-06,2
130,02:22:00,3.345365016597565e-11,3.0144168345863724e-12,9.809499222548442e-13,3.3366203089469945e-13,1.8357209166634043e-12,2.216006560651767e-10,3.3540600762586104e-06,2
131,02:22:30,1.6355518532315753e-11,2.959163518589445e-12,1.4942481950607591e-12,5.857347599477918e-13,3.935178959488848e-12,9.92459668631102e-11,3.3772369445698747e-06,2
132,02:23:00,5.0526661535668294e-11,5.36475561809599e-12,1.959996469243862e-12,5.245282630365091e-13,3.2390189512766675e-12,1.3846653999327756e-10,3.3720845472135563e-06,2
133,02:23:30,4.2216400665995126e-11,4.843695515185283e-12,1.4590901258643717e-12,4.0509012931874347e-13,2.388102548717706e-12,1.2633259477917105e-10,3.374765272303755e-06,2
134,02:24:00,3.602981191224791e-11,4.903381484912962e-12,1.2940612471940696e-12,4.609042252055056e-13,2.9777283976161317e-12,1.5144671486890198e-10,3.3498576564158136e-06,2
135,02:24:30,4.1428540744166346e-11,4.309656750498371e-12,1.5291700958885992e-12,2.0956397358378446e-13,5.158823885961392e-13,1.55767069076152e-10,3.3591511524939987e-06,2
136,02:25:00,4.278154516860442e-11,5.044677003766644e-12,1.6031284369164477e-12,3.336974528812746e-13,1.5604949126934708e-12,1.9076577973724765e-10,3.3905636634164177e-06,2
137,02:25:30,3.109686430026885e-11,3.5624830610027386e-12,1.148540378557347e-12,2.7801390280223465e-13,1.3346947477125832e-12,1.5746540906482569e-10,3.394652983154283e-06,2
138,02:26:00,3.895254059422419e-11,6.44314098669479e-12,2.1386217378158782e-12,7.783883416195106e-13,4.57402315274691e-12,1.6227315743868746e-10,3.4042072271563818e-06,2
139,02:26:30,3.2332049222911985e-11,5.1286890904999255e-12,2.246546314833215e-12,4.124072790074469e-13,2.437583565407423e-12,1.5236911979241615e-10,3.372701007509294e-06,2
140,02:27:00,5.393641037303919e-11,4.118895922595288e-12,1.5449947777510292e-12,2.4042648138185105e-13,1.1407708059866513e-12,1.768089800835731e-10,3.3389816786328166e-06,2
141,02:27:30,6.019523507981256e-11,5.060286294722798e-12,1.6362170947929187e-12,1.9928066915856703e-13,6.517301735121979e-13,1.7476100348549367e-10,3.3893807367626093e-06,2
142,02:28:00,4.4039203337100485e-11,4.19130191770531e-12,1.4812864956430469e-12,3.17113493429692e-13,1.849221090554451e-12,1.4505247983973612e-10,3.377239791329416e-06,2
143,02:28:30,6.335145175868861e-11,2.654350028750768e-12,1.0245280607816825e-12,2.4105398041747896e-13,1.0671723728815686e-12,1.9189881848104084e-10,3.369852692021825e-06,2
144,02:29:00,1.0093323859754445e-10,6.199536527434055e-12,2.604695345873215e-12,5.644021496737745e-13,3.726564077496447e-12,3.3038435347080533e-10,3.3784822299117723e-06,2
145,02:29:30,4.850607665419846e-11,3.716110334790523e-12,1.7420681801364239e-12,2.8978447479499286e-13,1.5438661079338575e-12,1.6093771013262096e-10,3.3189917095278983e-06,2
146,02:30:00,7.905851659241303e-11,5.5958423067131145e-12,2.881674943215894e-12,6.039011066763504e-13,3.994171003708521e-12,2.3477237542262187e-10,3.415480172559945e-06,2
147,02:30:30,6.537053998778312e-11,4.002875502719915e-12,1.632198137370298e-12,2.1674079642858891e-13,8.445881707438095e-13,2.350938362360746e-10,3.391758769235562e-06,2
148,02:31:00,1.071758929909961e-10,4.997698596552033e-12,1.3207233194071608e-12,5.057090309355649e-13,3.284995740526484e-12,2.317248620109607e-10,3.3937252210945265e-06,3
149,02:31:30,7.045461224699118e-11,5.216398336148649e-12,1.514170045449415e-12,3.119875240552031e-13,1.8845564428020146e-12,1.7815392154353625e-10,3.407936596879854e-06,2
150,02:32:00,1.5178720959798426e-10,4.300304043824251e-12,1.3722018572796296e-12,1.891082888095189e-13,6.536402737447946e-13,3.3426824576439715e-10,3.370728190247071e-06,3
151,02:32:30,1.0151487411707903e-10,4.4879579285509105e-12,1.0927009167609258e-12,2.8856532404503854e-13,1.2185078044305261e-12,2.5989505962392437e-10,3.3883294642539582e-06,2
152,02:33:00,7.013872214478123e-11,5.150267186946893e-12,1.7854630588696573e-12,4.47857793779005e-13,3.0232739435594996e-12,3.8525426279949615e-10,3.3906884924099463e-06,2
153,02:33:30,1.7719149222662543e-10,6.16009239168607e-12,1.8025863513132433e-12,2.670306363935283e-13,1.2330668242212542e-12,4.0568902652510895e-10,3.3618240823989945e-06,3
154,02:34:00,9.391946573907768e-11,3.672467747922379e-12,1.3553607577205537e-12,2.1499646759449707e-13,9.282357429385383e-13,3.338737055640777e-10,3.355015397476749e-06,2
155,02:34:30,9.510507920366915e-11,3.6374655230016323e-12,1.4643086502500701e-12,3.544335231714469e-13,1.9852938106069573e-12,3.3423259333704057e-10,3.412625363117971e-06,2
156,02:35:00,1.8437624261044032e-10,3.664195409349454e-12,1.0620115907440201e-12,2.9389718688187407e-13,1.531859555502637e-12,3.0634013469631437e-10,3.3717721899541046e-06,2
157,02:35:30,1.7349867085947128e-10,4.140451581391599e-12,1.9552180065243078e-12,3.0342470510745514e-13,1.6813397928268295e-12,4.307884671296804e-10,3.384354309014737e-06,3
158,02:36:00,1.040762348229228e-10,4.566468605405232e-12,1.6490573697466474e-12,3.05005976961557e-13,1.6625925831168125e-12,2.7964297468098854e-10,3.4045589548915733e-06,2
159,02:36:30,1.002799405654655e-10,7.0647773069256934e-12,1.680688684084027e-12,3.6359278376372167e-13,2.1189327049032222e-12,3.8014545490046856e-10,3.3977448151837762e-06,2
160,02:37:00,1.521015267676127e-10,4.665030190431184e-12,1.629994749222519e-12,1.9924668684327935e-13,8.519850153449535e-13,4.073502927752491e-10,3.428404702142691e-06,3
161,02:37:30,1.217905025266414e-10,3.853812561829208e-12,1.4971466884026637e-12,2.614487633363621e-13,1.1396421393976814e-12,3.0400576731285435e-10,3.389978351180421e-06,3
162,02:38:00,1.5482014573360561e-10,3.5278038740754982e-12,1.7749330599459251e-12,2.9369051534920406e-13,1.2547532993085382e-12,2.2200988386401689e-10,3.385657982439996e-06,2
163,02:38:30,1.3814302852978847e-10,6.218903368992427e-12,2.4028696456979363e-12,2.714110764194421e-13,1.3031041743208213e-12,5.252164872928885e-10,3.3571213140284083e-06,3
164,02:39:00,1.7454782641206093e-10,3.856834156617665e-12,1.1374035926688025e-12,1.682807696302557e-13,5.917410055182144e-13,3.479042130037639e-10,3.3664741403262806e-06,3
165,02:39:30,1.086644767476195e-10,4.938183463263827e-12,1.5699463979671428e-12,3.231413048284419e-13,1.6013240906004476e-12,4.83480067598162e-10,3.333483316830403e-06,3
166,02:40:00,2.0205449548408272e-10,5.6193962317999015e-12,1.1028238626195926e-12,1.8375793257574947e-13,5.404631488839294e-13,4.3926279914354573e-10,3.324270085898071e-06,3
167,02:40:30,1.4831849986292025e-10,5.677994026328639e-12,1.5241391823358952e-12,2.686093201604364e-13,1.0034459780597773e-12,4.709021076796445e-10,3.361033717204734e-06,3
168,02:41:00,1.8450764902411883e-10,3.701770095979221e-12,1.9070091486411073e-12,1.7768684302505134e-13,7.203969907295799e-13,3.72837533116636e-10,3.400929044076483e-06,3
169,02:41:30,2.3122926820071696e-10,4.068210900318997e-12,1.0896277407293783e-12,1.7334510407124902e-13,4.855615844453661e-13,4.522778382672886e-10,3.3849138820694975e-06,3
170,02:42:00,1.3935262083920485e-10,4.980747176870231e-12,1.1695212254293212e-12,2.719523158966213e-13,1.1720262369373314e-12,5.071836833148657e-10,3.3992338410977263e-06,3
171,02:42:30,8.002541730045992e-11,4.8614931929293465e-12,2.1373180107905437e-12,3.8347903560136755e-13,2.0685546021920084e-12,3.2778956110041757e-10,3.4147645352287994e-06,3
172,02:43:00,1.7229207767398313e-10,4.144045588837411e-12,1.2744497233662209e-12,3.065078769362647e-13,1.5632061768117664e-12,4.2761113733044125e-10,3.368618310505286e-06,3
173,02:43:30,9.014934703255704e-11,3.753096381852024e-12,1.780243747767216e-12,2.1445206245132348e-13,8.890596055111276e-13,3.4071386852965015e-10,3.381884806781472e-06,3
174,02:44:00,2.4578824506927283e-10,8.359428437617761e-12,2.053322071080234e-12,1.0583823934302003e-12,2.043264886341148e-12,1.6701245700587117e-09,3.373974190649924e-06,3
175,02:44:30,2.096962439743918e-10,3.962957172292601e-12,1.1587794814011074e-12,1.912860184046461e-13,4.182284413809282e-13,1.0016846482224786e-09,3.4253349480801875e-06,3
176,02:45:00,2.0810743522130968e-10,4.9106285750516536e-12,1.5860399593909616e-12,6.385739112367077e-13,1.2231852146002744e-12,2.9046550564719854e-09,3.4224701367123263e-06,3
177,02:45:30,1.1011614293988146e-10,4.069623059511654e-12,1.2358218994142361e-12,5.813226749302762e-13,7.113300940161938e-13,1.6651777784737983e-09,3.3589041314882586e-06,3
178,02:46:00,9.507507310991566e-11,5.030584217783527e-12,9.957889821628978e-13,4.5127677971304186e-13,1.8745243839695476e-12,3.797063279408209e-10,3.3668002022249417e-06,3
179,02:46:30,7.500659551344365e-11,4.5293051842854544e-12,7.252451985552982e-13,2.2190144101362647e-13,7.044259667474481e-13,2.1050096002871638e-10,3.3643709534266152e-06,2
180,02:47:00,9.991511152072732e-11,4.094444794923716e-12,1.5414230506065183e-12,5.343427290536243e-13,3.1063602907172744e-12,1.9792474013642012e-10,3.3961530024945895e-06,2
181,02:47:30,1.005678620492856e-10,9.095505482806277e-12,1.1862574771504182e-12,5.897660349581992e-13,2.843608151611265e-12,2.2830049472961786e-10,3.4046186026391045e-06,2
182,02:48:00,1.2359913815166188e-10,5.081788634146048e-12,8.007415762326561e-13,4.669655941225353e-13,1.5285131948898185e-12,2.8808899685941217e-10,3.3919956593894127e-06,2
183,02:48:30,5.0454494775873055e-11,4.1578507388355854e-12,1.2083823056399186e-12,2.446864591359082e-13,6.116832517935743e-13,3.5772780181989137e-10,3.3916912875169056e-06,2
184,02:49:00,6.265014786699418e-11,8.342112387549489e-12,8.293273343430712e-13,3.1879985227574444e-13,8.025685966821005e-13,8.678700512842939e-10,3.3552800222226617e-06,2
185,02:49:30,4.1079747484934154e-11,4.5888866110458976e-12,6.384403632576667e-13,2.426191145770041e-13,5.972509598379588e-13,3.9263087469006275e-10,3.353060729314513e-06,2
186,02:50:00,3.7541244048014915e-11,3.5139588083870696e-12,7.088699392246794e-13,1.991011602778397e-13,4.938352850248217e-13,1.6866135149089023e-10,3.3453014713414715e-06,2
187,02:50:30,1.806207322707965e-11,4.427829197147581e-12,7.324099394444066e-13,1.9211854188898593e-13,3.313782467141543e-13,9.448229080835137e-10,3.3602316514447433e-06,4
188,02:51:00,1.8481888551572958e-11,4.494391462301252e-12,9.233136656061488e-13,2.2719690445173372e-13,6.290743914165247e-13,1.343177911851944e-09,3.367398380081803e-06,4
189,02:51:30,2.310452486875134e-11,4.487553573168762e-12,1.0005545933283199e-12,3.7179135957356606e-13,1.832826064493397e-12,3.5806154099822335e-10,3.3357254087672263e-06,4
190,02:52:00,1.1041273058787706e-11,3.173066933561364e-12,8.2759850599304e-13,1.5063504000290022e-13,3.162070492883644e-13,1.6063138662971154e-10,3.3770705475973787e-06,4
191,02:52:30,1.4807903691559523e-11,5.494371913628851e-12,1.0485566582405056e-12,2.00316236594189e-13,4.14089160618702e-13,1.4702113978376724e-10,3.399167156379156e-06,2
192,02:53:00,1.1588796511069953e-11,3.271920268059336e-12,1.0229441988943454e-12,1.9883967703923685e-13,4.221488748694947e-13,1.601308040229741e-09,3.3837242203108082e-06,4
193,02:53:30,1.2589387591158939e-11,4.6870516684787355e-12,6.308842711436399e-13,2.000907194540191e-13,3.8720028210034376e-13,4.443740587023329e-10,3.3829155253567755e-06,4
194,02:54:00,1.870575245256178e-11,3.780615333485158e-12,8.618819085993165e-13,2.0408638567881656e-13,3.509526296683813e-13,5.56166870236551e-10,3.3910856826030624e-06,4
195,02:54:30,2.3951991894596292e-11,3.922650543564275e-12,7.774092617761008e-13,1.7032814105837025e-13,4.508930219907875e-13,1.2157099970498057e-09,3.3652158971007355e-06,4
196,02:55:00,1.8206754998687017e-11,5.101799416814804e-12,5.357055508977921e-13,1.8065419526460374e-13,3.7310389708584495e-13,2.2192937613956342e-10,3.3511434025765437e-06,4
197,02:55:30,1.4828966344685983e-11,3.4334186376498555e-12,5.013334532909962e-13,2.519694536009834e-13,4.554562277214798e-13,2.8626335978806938e-09,3.3860042665955144e-06,4
198,02:56:00,8.779562683168339e-12,2.2966442086153436e-12,7.713865100275371e-13,1.8105347639207122e-13,2.8207367272084496e-13,8.659123130593855e-10,3.375943887091774e-06,4
199,02:56:30,5.728981000041376e-11,3.825593265327867e-12,1.8490843411062596e-12,1.0371179780028304e-12,1.8547960925454454e-12,2.3794479913993535e-09,3.391008046844817e-06,1
200,02:57:00,1.1243176271983483e-11,3.410668945129888e-12,6.008226856091498e-13,2.174309139582018e-13,3.9658545461276524e-13,1.3218310102509584e-10,3.3420464506769907e-06,2
201,02:57:30,9.069488063889178e-12,2.5816395139490266e-12,6.512172580477868e-13,1.7145650628037595e-13,2.612095167881493e-13,3.456149011435654e-10,3.3630899946931706e-06,2
202,02:58:00,1.2542008469622072e-11,4.408586257726844e-12,9.27772752694016e-13,2.1485282343545068e-13,5.174415930980334e-13,1.6040045763232e-09,3.404288116690426e-06,4
203,02:58:30,1.7171751448558317e-11,4.5058510101982896e-12,1.0256818234132143e-12,2.1113546942208458e-13,4.537093659055486e-13,6.994920071634591e-10,3.3982897440340878e-06,4
204,02:59:00,1.544569240974967e-11,3.549387274549485e-12,9.279967136021513e-13,2.380250111738039e-13,4.549999670770968e-13,3.031496231818636e-09,3.4279386314028996e-06,4
205,02:59:30,1.295334308932723e-11,2.9956696304122243e-12,5.822143396579783e-13,1.8221994049063555e-13,2.538181332618892e-13,4.600851426506826e-10,3.381201637071238e-06,4
206,03:00:00,1.6289769494588302e-11,2.838094678892518e-12,7.22422630662267e-13,1.7428383985005247e-13,3.072980492885234e-13,2.423615848687219e-09,3.350455001935003e-06,4
207,03:00:30,6.9492424945493004e-12,2.6630726543612244e-12,9.161817918829207e-13,3.286530740254995e-13,9.576126123104027e-13,3.174687420194114e-10,3.348277476332374e-06,4
208,03:01:00,1.2593805543402509e-11,5.229298679063661e-12,1.2052905152479662e-12,2.430012798906081e-13,5.566860130234358e-13,7.107391633712826e-10,3.399626618319604e-06,4
209,03:01:30,8.859934768848764e-12,2.316750016675218e-12,5.6229454484489e-13,1.6587681975484678e-13,3.1272363367522043e-13,6.682876586274614e-10,3.3722356010614065e-06,4
210,03:02:00,9.859692530491707e-12,2.282761635947941e-12,7.521018728401552e-13,1.717160965718862e-13,3.017674650045802e-13,5.92065680090353e-10,3.347250987774414e-06,4
211,03:02:30,6.114209651755967e-12,3.071087951592367e-12,7.667933605966236e-13,1.7073165953121712e-13,2.662204441112373e-13,9.793334031726137e-11,3.3152444957524293e-06,4
212,03:03:00,2.4170372187781848e-11,2.3166356082533925e-12,6.854957079022897e-13,1.8691348583798392e-13,3.630001685320448e-13,1.5701275073307352e-10,3.3604268711221458e-06,4
213,03:03:30,7.873900902615326e-12,3.0962148629300796e-12,6.951164461331103e-13,1.801789131512078e-13,2.5169679466274927e-13,2.0302826914940287e-09,3.392692362942531e-06,4
214,03:04:00,1.6790304926084313e-11,4.209984147318838e-12,1.2464717795903195e-12,2.2127362402064928e-13,5.46313047654367e-13,1.9257693579653007e-10,3.3755526361976133e-06,4
215,03:04:30,1.1275239406910062e-11,3.647759601695822e-12,7.684975179995162e-13,1.7843471323298317e-13,2.946674017795101e-13,1.2460555174679887e-10,3.3856272552727977e-06,4
216,03:05:00,1.0242047117980332e-11,2.608413293039967e-12,4.3838995608544093e-13,1.6479994285302909e-13,2.8048312837963786e-13,1.1509277915906922e-10,3.3652042376044927e-06,4
217,03:05:30,3.548348130895269e-11,3.1697679883411815e-12,8.452992736644595e-13,2.2746874526165214e-13,3.732367323974096e-13,2.8874625612128e-09,3.3583358477984503e-06,4
218,03:06:00,1.0504508335643822e-11,3.2076241658956616e-12,7.269903987275785e-13,2.1278869529128333e-13,4.794614277560946e-13,5.623866464843335e-10,3.3460708574702876e-06,4
219,03:06:30,1.1719281903847999e-11,2.5134598755088013e-12,7.679858343849635e-13,1.6518382132056194e-13,2.8368339570605253e-13,1.2219327791288965e-10,3.301378098885848e-06,4
220,03:07:00,1.1286402945457633e-11,3.246277222836441e-12,5.358767124233986e-13,1.8953222369246317e-13,2.937705595849692e-13,4.105001359071549e-09,3.3251074671729966e-06,4
221,03:07:30,2.360350085808467e-11,2.0868333315002e-12,4.560690231305837e-13,1.9888327096704124e-13,4.764247781677665e-13,1.6768939206457683e-10,3.3619286875140507e-06,4
222,03:08:00,7.855067350637107e-12,2.7243203263270154e-12,5.8022692840782e-13,1.549144685980605e-13,2.7605086660258775e-13,7.62239902401963e-11,3.3246830251552796e-06,4
223,03:08:30,1.1165388015554673e-11,2.0651384391763075e-12,6.48888950474497e-13,1.9616241455963108e-13,3.603445147515054e-13,3.5986130628468657e-10,3.3312729492494684e-06,4
224,03:09:00,7.700114078315773e-12,3.0124706425254966e-12,1.2516819894915889e-12,1.9434743538040783e-13,2.640605852502192e-13,6.42045706495214e-11,3.3677984537586615e-06,4
225,03:09:30,1.602848931825835e-11,3.662180761257334e-12,5.713252321016809e-13,2.0960512942638145e-13,5.185873263145155e-13,8.771711960684058e-11,3.368030973927072e-06,4
226,03:10:00,1.4839895063332872e-11,3.2137942876455905e-12,7.259483602931883e-13,1.9207285210453275e-13,3.6619513339581365e-13,4.269592527091837e-10,3.402265489888206e-06,4
227,03:10:30,1.7108928403006292e-11,2.9310095827281176e-12,7.140413636242868e-13,1.6577886840378238e-13,3.727426727988469e-13,1.1229379304546799e-10,3.369945649638181e-06,4
228,03:11:00,9.985094561338769e-12,4.2201639172076e-12,7.966781742684545e-13,1.743816694393121e-13,2.407784147701448e-13,1.6692116879756212e-10,3.352293385000839e-06,4
229,03:11:30,1.1368203860441025e-11,2.619998031038103e-12,6.06662819115862e-13,1.9300549998247313e-13,4.403727011532504e-13,5.340719241913706e-10,3.4050459385421773e-06,4
230,03:12:00,1.4467774752154763e-11,4.577345601163962e-12,6.494368138369251e-13,2.1898258119068914e-13,3.549780029119334e-13,1.2071357564779103e-10,3.404462711448776e-06,4
231,03:12:30,1.8297919816460453e-11,3.2981675270155322e-12,8.301204775227268e-13,2.8571935921894256e-13,3.1312127407987124e-13,6.443740023800188e-10,3.3524115829825796e-06,4
232,03:13:00,1.0123231318985137e-11,2.2136096664999176e-12,7.801629567599514e-13,1.536254975630306e-13,2.2759919336979827e-13,4.175091906568131e-10,3.3776193818626336e-06,4
233,03:13:30,1.2815844045696406e-11,2.5316083011813543e-12,7.201004155417167e-13,1.710646245771673e-13,2.658762831848365e-13,3.114693257493007e-10,3.353992088926277e-06,4
234,03:14:00,7.006393828981776e-12,2.770572851332429e-12,6.740378192594785e-13,1.6299758464210475e-13,3.0706316979867783e-13,2.631990783997495e-10,3.3733560468112396e-06,4
235,03:14:30,1.6116591905071033e-11,3.6256974927988273e-12,8.702330624240655e-13,2.4957856045283886e-13,8.673648368240024e-13,1.1105735407653875e-10,3.4044907622269908e-06,4
236,03:15:00,2.453406210098085e-11,2.730610016828198e-12,7.349025480698771e-13,2.2548821146046062e-13,3.5685340340895553e-13,5.859988388907755e-10,3.386170472930954e-06,4
237,03:15:30,9.14049901252461e-12,2.4847367107120954e-12,6.657420465922887e-13,1.8535104767003743e-13,3.3938237720701296e-13,2.0419709248624122e-10,3.4182057477786756e-06,4
238,03:16:00,9.454903200719801e-12,2.7185178460173204e-12,4.380185062666686e-13,1.8954305077616536e-13,2.918697153469645e-13,3.7622768314212466e-10,3.3638068797872442e-06,4
239,03:16:30,3.591181076231339e-11,2.4918999746420617e-12,6.00568017365408e-13,2.0308911258463174e-13,3.440460504581635e-13,5.472546297160374e-10,3.393450155669635e-06,4
240,03:17:00,1.172770818285224e-11,3.4859208138961357e-12,1.0286999025804222e-12,2.13387811422784e-13,3.5049006840763815e-13,1.0276819052917683e-10,3.3924672105228243e-06,4
241,03:17:30,1.331859230455112e-11,1.7319778060202912e-12,6.03684053079905e-13,1.8909072458265479e-13,4.22171030551417e-13,2.2504862419676083e-10,3.4290181127254564e-06,4
242,03:18:00,1.2286952045885845e-11,2.176493745381815e-12,5.954384750556439e-13,1.501081321583049e-13,1.9436231210625452e-13,2.5473880106978816e-10,3.37000104163737e-06,4
243,03:18:30,3.810412223442209e-11,2.7427326529410624e-12,6.148613141155649e-13,2.0230874245248596e-13,4.4991248052604795e-13,2.349347511151744e-10,3.3527952599089224e-06,4
244,03:19:00,1.537935440751562e-11,3.778620410148585e-12,6.851424515858695e-13,2.071990518967175e-13,4.853646466192443e-13,2.527354241979268e-10,3.334766109353169e-06,2
245,03:19:30,1.462718695619434e-11,4.754606412256356e-12,9.722922856581848e-13,2.422895392706069e-13,5.493046564274557e-13,3.27107961003885e-10,3.367313563413604e-06,2
246,03:20:00,1.3189310046622513e-11,3.365796683147813e-12,6.774158841152556e-13,3.4699585627828284e-13,6.894109721409965e-13,7.734311514900239e-11,3.3916942455095757e-06,2
247,03:20:30,1.9422795586257374e-11,4.186230680606532e-12,7.250534150160431e-13,3.3213813249210753e-13,9.172211108341583e-13,1.6046564695890506e-10,3.3824224480347293e-06,2
248,03:21:00,1.6502207913707633e-11,6.754139613515458e-12,1.4975737036007053e-12,3.2439339665442736e-13,9.64881894395534e-13,2.869831706431009e-10,3.3945934542329513e-06,2
249,03:21:30,1.2665543859143055e-11,2.3890297275953872e-12,6.473135936276351e-13,2.6054532309266647e-13,5.010362220792815e-13,7.658286422527448e-11,3.396054319832257e-06,2
250,03:22:00,1.3892859353243337e-11,3.827241213086545e-12,9.2479300008362e-13,3.0416669627804996e-13,9.97279704951454e-13,7.386321191002657e-11,3.3354363620771844e-06,2
251,03:22:30,4.4250016717189636e-11,4.402932574810645e-12,7.364103544499499e-13,2.399125049624789e-13,5.811502711563536e-13,8.101553391357457e-11,3.3559757915112535e-06,2
252,03:23:00,2.1982985724122292e-11,3.4783694129548293e-12,8.220480369931576e-13,3.651564998746585e-13,1.3505523182460996e-12,8.52495490628671e-11,3.349510099902505e-06,2
253,03:23:30,9.414535512137246e-12,2.642091800767599e-12,8.26196610715944e-13,2.2467880210945177e-13,4.948677823470275e-13,6.158456347367983e-11,3.390752419140473e-06,2
254,03:24:00,1.789384264623229e-11,3.072970467107861e-12,8.130890044126134e-13,2.8229275763546515e-13,1.1106267425829354e-12,6.658217761214153e-11,3.389536248905e-06,2
255,03:24:30,2.490349819131338e-11,6.192327894817397e-12,1.3680582197142609e-12,6.861219198172154e-13,4.225535488815932e-12,8.017230242879482e-11,3.353934615027265e-06,2
256,03:25:00,1.690123447965553e-11,3.175821081657199e-12,1.2085761865601753e-12,3.0596896075140876e-13,1.4324760163949272e-12,9.264805594532909e-11,3.3844098836899334e-06,2
257,03:25:30,1.3285714925695563e-11,2.9280057970064024e-12,7.346393510676357e-13,3.782370002719984e-13,2.1656973561147897e-12,9.504521603607759e-11,3.404492343965533e-06,2
258,03:26:00,2.3781262307586935e-11,2.2443453890147244e-12,9.653305629551256e-13,2.277067854797707e-13,6.991086701879518e-13,8.171294253226409e-11,3.3649624850077492e-06,2
259,03:26:30,1.9813847686152566e-11,5.238213288880837e-12,1.2330246686423878e-12,4.394671083716452e-13,2.542854758653632e-12,1.1326589129235799e-10,3.393617344519287e-06,2
260,03:27:00,1.46107669688053e-11,2.1238395059526462e-12,9.765139543939803e-13,2.1984495879940787e-13,1.0287066257079741e-12,7.109614310754548e-11,3.3742008831065565e-06,2
261,03:27:30,1.3611630207585252e-11,3.061778476936166e-12,8.407269244536849e-13,1.6810175384020506e-13,4.865497597215299e-13,6.615473205750283e-11,3.364365756809618e-06,2
262,03:28:00,1.6370911795989044e-11,2.8761042073723323e-12,1.1070259210879447e-12,3.683768647198571e-13,1.9945828930101435e-12,7.069251268281354e-11,3.39412561538897e-06,2
263,03:28:30,2.3832787838755302e-11,3.254171565925986e-12,1.379910375366589e-12,3.718473226936152e-13,2.150240051911533e-12,7.248436203316806e-11,3.3839551727754787e-06,2
264,03:29:00,1.4059946068446682e-11,2.390032840825055e-12,8.035492717266127e-13,1.667645055690374e-13,5.410713160540065e-13,7.137099010114817e-11,3.4300203914483817e-06,2
265,03:29:30,2.252368403024569e-11,3.0617342930174916e-12,1.1744631013275697e-12,2.8977664834991325e-13,1.2501187417060987e-12,8.816654273580149e-11,3.3807933195349427e-06,2
266,03:30:00,2.5266986462917176e-11,3.6022689179727816e-12,1.1926008990678901e-12,3.696928914129473e-13,1.8896501824625046e-12,7.774830616427916e-11,3.314633045404047e-06,2
267,03:30:30,1.3752091747422712e-11,2.521399611149914e-12,1.260127785147322e-12,3.3030748246811377e-13,1.825916540667929e-12,7.358554545095503e-11,3.3588622251951532e-06,2
268,03:31:00,3.45538757974392e-11,4.2711115204902255e-12,1.115689987348557e-12,3.7931373182991133e-13,2.0602807384815926e-12,1.213790491832358e-10,3.4197626378422753e-06,2
269,03:31:30,1.5491454785090405e-11,2.831497548943911e-12,1.2109892091005928e-12,5.416379725411653e-13,2.805071791540792e-12,8.759070790920408e-11,3.384175950432599e-06,2
270,03:32:00,2.017073915628161e-11,3.421632185573991e-12,1.4320143760725414e-12,4.749366915208664e-13,2.4963325529514903e-12,8.39170457478762e-11,3.393308630063439e-06,2
271,03:32:30,2.2573318576989944e-11,4.787624850971886e-12,1.5862247592503582e-12,4.915778591983071e-13,3.24808228899361e-12,8.313554933579577e-11,3.366009307859427e-06,2
272,03:33:00,2.473398650149491e-11,3.7072770327446e-12,1.7700379170008125e-12,4.152181927231206e-13,2.4241006323272362e-12,9.58066689687602e-11,3.3581386927441987e-06,2
273,03:33:30,1.9578366103818623e-11,3.6956516056822e-12,1.4749173618447274e-12,4.2351194204479513e-13,2.348765977959934e-12,8.469421797988908e-11,3.36437147959149e-06,2
274,03:34:00,3.666625716641443e-11,3.5032585771978166e-12,1.159733743539316e-12,4.180474508353832e-13,2.1238502627892642e-12,1.0159712040460868e-10,3.35600816233613e-06,2
275,03:34:30,3.004706552210668e-11,4.86118522497753e-12,1.3762282890082115e-12,3.9814307079515485e-13,2.05001532364782e-12,1.1348805337795272e-10,3.3705756406192752e-06,2
276,03:35:00,1.284489415045998e-11,2.9105552064621055e-12,1.6006316707185693e-12,3.5263547823964415e-13,2.089477241770172e-12,1.5429105648280817e-10,3.3578299371369533e-06,2
277,03:35:30,1.3472904350795653e-11,2.7683796350195452e-12,1.3728465359349193e-12,2.686030040027889e-13,1.280541099959462e-12,8.607900480882908e-11,3.3393036129776568e-06,2
278,03:36:00,3.170081250881942e-11,2.7074280976548836e-12,1.622162351770176e-12,4.767283056258608e-13,2.922684471660929e-12,1.1846235389364884e-10,3.3663120979753784e-06,2
279,03:36:30,2.662461947227491e-11,3.785156532514637e-12,1.3285747430440857e-12,3.435765515613443e-13,1.9520719379297075e-12,1.45166688438407e-10,3.386623356282712e-06,2
280,03:37:00,3.141752617511831e-11,3.5368478684324818e-12,1.3317349171468616e-12,2.344361316497642e-13,1.0914859990106249e-12,1.1787216257093903e-10,3.3946948053416435e-06,2
281,03:37:30,4.142942102258277e-11,3.451523428800625e-12,1.9078596293689173e-12,3.4534610466406077e-13,1.5144038228811687e-12,1.3669906308347631e-10,3.4128815001612465e-06,2
282,03:38:00,1.508280650723817e-11,4.4162380902622754e-12,1.4636617810917495e-12,4.96615183681434e-13,2.827847302917194e-12,9.912615801684895e-11,3.3685881169271495e-06,2
283,03:38:30,6.342330392836953e-11,3.5966383248934413e-12,1.5466051072751108e-12,4.340402441465519e-13,2.3542086815564536e-12,1.8533474788587332e-10,3.3503435178444653e-06,2
284,03:39:00,2.8202108009182327e-11,4.1260067292285285e-12,1.3292555411043848e-12,2.659827218893709e-13,1.2208770820088785e-12,1.1783515320806332e-10,3.356330634028069e-06,2
285,03:39:30,5.079967612030059e-11,4.0124384977060744e-12,1.5766456121119582e-12,6.1550992313726e-13,3.942364395318685e-12,1.8038643958534785e-10,3.378822681636866e-06,2
286,03:40:00,6.964795130683293e-11,3.299760178720837e-12,1.875423723651341e-12,7.354643608651524e-13,5.157181449102822e-12,1.8913151989657915e-10,3.3735180184502924e-06,2
287,03:40:30,4.593393095406616e-11,4.3108894827283134e-12,1.8446288500279946e-12,6.993325299387816e-13,4.9770332867583014e-12,1.9944161016811378e-10,3.3965208572804193e-06,2
288,03:41:00,6.517860235698556e-11,3.0443150240156305e-12,8.774911167889891e-13,1.9758854247976386e-13,6.72874904693642e-13,1.4223816034269515e-10,3.3537919454115524e-06,2
289,03:41:30,4.0554853513140835e-11,3.1757082423706004e-12,1.6118028761885797e-12,4.252417097903335e-13,2.4827812471873448e-12,1.4060357169357457e-10,3.3689951304971725e-06,2
290,03:42:00,7.308274609722405e-11,4.768035077963808e-12,1.3946756786144475e-12,3.482338052762306e-13,1.8495820333182917e-12,3.020799393240222e-10,3.411881069174365e-06,2
291,03:42:30,4.8734379334855634e-11,3.3495230489692637e-12,1.7424671061701138e-12,2.8208914943578934e-13,1.3505203496411904e-12,2.679505617000783e-10,3.396794375552344e-06,2
292,03:43:00,1.0474180950524988e-10,3.767525005712523e-12,1.8172853260376756e-12,5.771728888870547e-13,3.969332643791114e-12,2.6636431098421653e-10,3.385119984980236e-06,3
293,03:43:30,5.1135065309053894e-11,3.929114926631012e-12,2.0289078890395363e-12,5.063031626669959e-13,3.270105429157519e-12,1.9535713317653614e-10,3.31922929902581e-06,2
294,03:44:00,8.550668197661462e-11,4.8022882901511255e-12,2.187715679294533e-12,2.3611390823487746e-13,1.078743075879907e-12,3.1108547280162335e-10,3.305844949447198e-06,2
295,03:44:30,7.365396783962846e-11,3.678773400846463e-12,1.9498568022060755e-12,6.417413901956603e-13,4.009354542844177e-12,2.602034607751289e-10,3.342916085155721e-06,2
296,03:45:00,1.197557891173752e-10,4.203160386432079e-12,2.21254130456957e-12,4.1100102076353007e-13,1.5445881258523754e-12,3.269171869050306e-10,3.37012331890527e-06,3
297,03:45:30,8.596915616767315e-11,4.650245501498833e-12,1.6839817108522284e-12,2.0633636482450579e-13,8.06086096141574e-13,2.0682160054922627e-10,3.3493020707352817e-06,2
298,03:46:00,6.137514282574255e-11,4.209477946877043e-12,1.7286067185895732e-12,3.9195251911607675e-13,2.0336546832217914e-12,3.2361350490613747e-10,3.3655221714510055e-06,2
299,03:46:30,1.2292742506503174e-10,6.035708088768595e-12,2.1167857997988714e-12,3.4961364792088436e-13,1.9894461756693656e-12,2.971780493016824e-10,3.360305139394612e-06,2
300,03:47:00,4.758276813818458e-11,3.664033079008111e-12,2.08318575047452e-12,3.8168964463502076e-13,2.1249051800361903e-12,2.52201660650619e-10,3.3235807278094885e-06,2
301,03:47:30,9.026547816426635e-11,3.8307267452013685e-12,2.069865447056004e-12,4.452357424923206e-13,2.482707054631967e-12,3.37330446001878e-10,3.376097614521633e-06,3
302,03:48:00,6.576536605503084e-11,3.5212876138196924e-12,1.899443450542179e-12,2.988265260856781e-13,1.3183929792386949e-12,2.799410972418291e-10,3.3872574069328497e-06,3
303,03:48:30,9.555119309184884e-11,3.685126207309408e-12,1.4110256278019105e-12,5.099234939748024e-13,3.1249597465756046e-12,3.229876773103528e-10,3.371609560883426e-06,3
304,03:49:00,6.112589724838792e-11,3.446836211071248e-12,1.6063398766154178e-12,3.7708403227041013e-13,2.009418241194263e-12,2.626034377234801e-10,3.370779077509851e-06,2
305,03:49:30,7.239452332409466e-11,3.4246827812627245e-12,2.3882241348838956e-12,3.411381648682523e-13,1.9473218345101097e-12,3.5573592249847823e-10,3.3488133974490996e-06,2
306,03:50:00,1.5218757389267526e-10,4.287091410801863e-12,2.027793308721806e-12,3.478213303129729e-13,1.7699434253974637e-12,2.688087452403199e-10,3.3572073780038397e-06,3
307,03:50:30,1.023034979926597e-10,3.657781638402581e-12,1.3828325390931827e-12,2.1598356035083295e-13,8.315966165689181e-13,4.19833608886181e-10,3.3519432638042836e-06,3
308,03:51:00,7.584216228739253e-11,3.704008207322261e-12,1.7225689705620005e-12,2.4183962190915194e-13,1.0377944402327142e-12,3.6961160331774086e-10,3.330526443363002e-06,3
309,03:51:30,1.6781785790744277e-10,4.2245838877154026e-12,2.110286622829115e-12,3.3969771477319895e-13,1.7340814108240115e-12,3.599072959069538e-10,3.3785542005597605e-06,3
310,03:52:00,9.183152712837619e-11,5.771448265773655e-12,1.578837005935758e-12,2.194641945395265e-13,9.582399817580742e-13,4.020340751270089e-10,3.3337246480120503e-06,3
311,03:52:30,9.516643447294164e-11,3.838071914990542e-12,2.8803850919983273e-12,2.40173552876152e-13,1.1000642692098095e-12,4.303669285366629e-10,3.3631183789521277e-06,3
312,03:53:00,1.0027713300556016e-10,3.799456458111119e-12,2.0482110692400357e-12,3.1997044804853594e-13,1.8857962055512633e-12,6.280088018633717e-10,3.3683597635560535e-06,3
313,03:53:30,1.4772354338878126e-10,3.2847937558409335e-12,2.037674504175444e-12,2.3403779660522913e-13,9.579951449644574e-13,4.549125808525296e-10,3.3639526129777377e-06,3
314,03:54:00,1.6402245935639203e-10,4.497908531785956e-12,3.3210519745375755e-12,3.317341428283933e-13,1.6368659627169295e-12,4.1521985491532226e-10,3.3529283106024544e-06,3
315,03:54:30,9.602009453614152e-11,3.4576479412033417e-12,1.2837317084123895e-12,1.8109303346500967e-13,5.648143586979709e-13,3.7450525530836046e-10,3.3717454324162175e-06,3
316,03:55:00,1.364152093933785e-10,3.702324918455479e-12,2.7516474133843466e-12,3.5234129623560694e-13,2.0744934727400723e-12,4.470802486090469e-10,3.3567697248410043e-06,3
317,03:55:30,1.2735484957075587e-10,2.9382641820584893e-12,1.5449006900950677e-12,2.633541595882109e-13,1.4262881215819981e-12,3.1926558990054526e-10,3.338757332745811e-06,3
318,03:56:00,1.3194961126798042e-10,4.7687533740587195e-12,1.945057429058953e-12,2.2506833911298172e-13,1.1563894286850987e-12,2.722660609540666e-10,3.3814705951487075e-06,3
319,03:56:30,1.6710756479976166e-10,4.7971550222927094e-12,2.4198503284767942e-12,3.6076690562172625e-13,1.851372295765968e-12,4.2088809884761384e-10,3.3363728947016864e-06,3
320,03:57:00,1.0323798910093001e-10,2.766734495756906e-12,1.6236437811303012e-12,1.8823647970768265e-13,6.948929313279068e-13,4.397474237322014e-10,3.36212619268957e-06,3
321,03:57:30,1.1400992783288228e-10,3.3394703719676026e-12,1.3168779755447386e-12,3.372029371017218e-13,1.6728175275671582e-12,3.2697956597577784e-10,3.3157386110859923e-06,3
322,03:58:00,1.2237926863003554e-10,3.4313488628649297e-12,1.9977124669627628e-12,3.196816275288263e-13,1.6094312972207427e-12,3.278886136505442e-10,3.3761073719150356e-06,3
323,03:58:30,1.2764550532442014e-10,3.859356271229144e-12,1.5757571667851568e-12,4.876498099752265e-13,2.4795071613515395e-12,3.93488543321629e-10,3.3908525494530374e-06,3
324,03:59:00,1.0153971823492566e-10,4.22901539314388e-12,2.553583927345854e-12,2.4719575293472e-13,1.0534762664014904e-12,4.0268058172467437e-10,3.401040676330973e-06,3
325,03:59:30,1.2129334157638481e-10,6.166106656463536e-12,2.4444130042460706e-12,2.948660576780543e-13,1.3734584561760616e-12,4.5782974724830003e-10,3.4269800883531362e-06,3
326,04:00:00,1.4017561272080335e-10,4.990298885752351e-12,2.103182544296831e-12,3.304525594595697e-13,1.6849820404343304e-12,5.50680318654266e-10,3.3774427343865052e-06,3
327,04:00:30,1.3830008872274216e-10,4.5221285393228595e-12,1.421396420881789e-12,2.807420703632175e-13,1.1704514252817173e-12,5.66238718271761e-10,3.395195034235411e-06,3
328,04:01:00,1.3778253292646904e-10,3.8359498958888295e-12,1.6902643311063791e-12,2.0392517954320706e-13,7.928669524769962e-13,4.4950840850083593e-10,3.345372033628128e-06,3
329,04:01:30,2.0578653740958652e-10,4.15585256859147e-12,1.1937910480662061e-12,1.489897831144849e-13,5.031438455134862e-13,4.6385930385853966e-10,3.380943930632958e-06,3
330,04:02:00,1.2403158032110983e-10,4.254285331147984e-12,1.5230796452244004e-12,3.225928448330628e-13,1.6476078603196467e-12,4.1841995602191056e-10,3.370604341524688e-06,3
331,04:02:30,1.3703017762388995e-10,4.4956625440962966e-12,2.359467203098609e-12,3.78161289824475e-13,2.1584263470950976e-12,2.7947930995402337e-10,3.3339891087060478e-06,3
332,04:03:00,9.360057137140732e-11,5.847421351026813e-12,2.11960402260883e-12,2.183921446931183e-13,8.512301428784557e-13,4.4610268169107056e-10,3.3781936264220728e-06,3
333,04:03:30,1.0349618140934362e-10,3.483232206567113e-12,1.4643174661127034e-12,2.472628370624322e-13,1.0661917812550693e-12,3.6659483346012807e-10,3.3864820974108866e-06,3
334,04:04:00,1.441946729205743e-10,3.523024217782785e-12,2.087650280305035e-12,1.9824400903395376e-13,7.769001918980316e-13,4.74977999575987e-10,3.4161573289336287e-06,3
335,04:04:30,1.5172442834954553e-10,3.948330137080882e-12,1.735755908169392e-12,2.740959776342459e-13,1.1564103541606758e-12,5.358967835004516e-10,3.3810894774260355e-06,3
336,04:05:00,1.9882352241675282e-10,3.599179280246097e-12,2.4528712204100977e-12,2.0474555470828987e-13,8.176868993764021e-13,4.5648939708150544e-10,3.375695675849637e-06,3
337,04:05:30,1.191601353523866e-10,3.4922691195864114e-12,2.168589034474828e-12,1.5901599057682341e-13,4.5424807477686385e-13,4.5363376021994987e-10,3.3590252989197147e-06,3
338,04:06:00,1.6555140757960512e-10,4.9155933996633246e-12,2.126474097268306e-12,3.4646931272250325e-13,1.72394772540676e-12,5.19741630758616e-10,3.332588530511885e-06,3
339,04:06:30,1.3730295753411836e-10,3.5567032440036626e-12,1.8854976020435685e-12,1.3897504407825067e-13,4.744564559701994e-13,2.9197149821863774e-10,3.3699905028551848e-06,3
340,04:07:00,9.8284670788674e-11,4.67990583031021e-12,3.3832663581412743e-12,3.37390096923812e-13,1.7378528480645718e-12,4.58192874421535e-10,3.3528309508879223e-06,3
341,04:07:30,1.703772934586493e-10,3.119957463530432e-12,2.204628307429021e-12,2.426333718443772e-13,1.125855915275416e-12,4.264596991495106e-10,3.3701941742326907e-06,3
342,04:08:00,1.637552395465199e-10,5.2842477113584424e-12,1.8829737398925506e-12,2.176811960171608e-13,7.812956547480139e-13,3.996077717219805e-10,3.3664916260016333e-06,3
343,04:08:30,1.179611114552221e-10,3.7870064691652235e-12,2.3375190318500436e-12,1.5586017585575157e-13,5.475763307080868e-13,4.091488709031063e-10,3.3313952014016633e-06,3
344,04:09:00,1.7565695455133959e-10,2.981749119472614e-12,1.534042768918404e-12,2.495482930320794e-13,1.2164771549857621e-12,5.933374015801487e-10,3.3346570433688944e-06,3
345,04:09:30,1.2428238095700225e-10,3.6330610564637114e-12,1.801624722085993e-12,2.539804447825092e-13,9.333418969970482e-13,4.95652641080473e-10,3.4119559962662235e-06,3
346,04:10:00,1.5449611295047084e-10,4.116005529685013e-12,2.535044311461355e-12,2.397606102638417e-13,1.0842091154752986e-12,4.0075426802077913e-10,3.4065188944602066e-06,3
347,04:10:30,1.3205210043960017e-10,6.230385235543418e-12,6.459091918566462e-12,3.5456694729125914e-12,4.8602371295856965e-12,1.5770567978392505e-09,3.4261236729248922e-06,3
348,04:11:00,2.0460815307358952e-10,4.749097813834684e-12,1.249984885783428e-12,5.518667092584511e-13,1.2515243931051118e-12,1.8618064308856253e-09,3.4011223044867186e-06,3
349,04:11:30,1.9499118431765584e-10,4.548855381863115e-12,1.7028991801547804e-12,1.0592749921826978e-12,1.6843711532070068e-12,2.9531866317096648e-09,3.3871935856948447e-06,3
350,04:12:00,1.4002035511522887e-10,5.863489488720897e-12,9.85093974175779e-13,4.701198791098536e-13,9.884612418233513e-13,8.313889085983954e-10,3.3791598498985843e-06,3
351,04:12:30,1.7012466510341435e-10,7.96191082619612e-12,3.667720967680771e-12,3.636359994237562e-12,3.4283412472852803e-12,2.385902720688182e-09,3.3919521993025125e-06,3
352,04:13:00,1.5825704605663707e-10,4.796040517973585e-12,1.2374814305647204e-12,8.373103914427282e-13,7.733896117940918e-13,9.77535649444357e-10,3.31094683984831e-06,3
353,04:13:30,6.331990019090014e-11,3.815540398407918e-12,9.384445788075653e-13,2.4778437946504e-13,8.027147844547329e-13,4.501166376124356e-10,3.2651139154183433e-06,2
354,04:14:00,1.2499506193230448e-10,5.02258117210138e-12,1.3466453920166516e-12,9.766584709057954e-13,1.830739740598546e-12,1.7821565660174742e-09,3.3652523017587093e-06,3
355,04:14:30,3.1252638808132006e-11,4.731701175291502e-12,9.908137545918432e-13,2.703767711777874e-13,7.906963816226834e-13,3.6705545111998334e-10,3.3940384320920154e-06,2
356,04:15:00,3.7227736387172544e-11,4.173969866703786e-12,8.147297541167556e-13,3.9332284251555765e-13,1.7513647757284049e-12,3.4962899289129047e-10,3.37835723604316e-06,2
357,04:15:30,4.2872177750700895e-11,4.523831224460617e-12,1.2383360092297627e-12,4.825841720276375e-13,8.849705343671645e-13,6.58679358841648e-10,3.3677697319929146e-06,2
358,04:16:00,4.7852071142918025e-11,4.206040901857311e-12,1.397120123502724e-12,6.203392994681929e-13,3.792116729186071e-12,1.815444839982209e-10,3.3306034805800514e-06,2
359,04:16:30,3.1532261423151196e-11,3.659716285469923e-12,9.000684392705473e-13,1.66347937954531e-13,5.224345892056249e-13,1.4717815034717678e-10,3.309412261838506e-06,2
360,04:17:00,5.1619085097585257e-11,3.202940463027793e-12,1.0151452313870632e-12,2.4172505122575504e-13,9.309232985460064e-13,1.3473547384533375e-10,3.357073984066775e-06,2
361,04:17:30,2.1866883560437165e-11,4.664374696630132e-12,1.1864348378528947e-12,2.8869921436236466e-13,1.2523297081094342e-12,1.0237474435283751e-10,3.318823467398802e-06,2
362,04:18:00,3.8516403937180865e-11,2.8558384483487144e-12,1.2914217572057769e-12,2.3707168276434523e-13,1.1711872834652537e-12,1.0426262016275436e-10,3.33181682701419e-06,2
363,04:18:30,6.280854400643116e-11,5.271114806876122e-12,1.34532288260444e-12,2.1365945910840196e-13,6.822816707188587e-13,2.1166857702464466e-10,3.3163344632453716e-06,2
364,04:19:00,2.5713080424981366e-10,7.919455816610915e-12,4.684836761125314e-12,3.6704241699554354e-12,2.206103132004338e-12,6.303947588872936e-09,3.3678897685439456e-06,0
365,04:19:30,1.2200729601098836e-10,4.487890262200144e-12,8.542886299892369e-13,3.099151118582351e-13,5.356523577502279e-13,1.4311776883111272e-09,3.3798392305791207e-06,2
366,04:20:00,3.10250881690779e-11,3.3038133898494565e-12,1.3822261401602539e-12,4.3441987717551986e-13,2.2814665643647276e-12,2.400707031093454e-10,3.3745701323044697e-06,2
367,04:20:30,4.86317638302431e-11,4.590758875168843e-12,9.898156407359599e-13,3.895059932162645e-13,1.4830599360726872e-12,1.6102004742003227e-10,3.422615078976393e-06,2
368,04:21:00,3.648621293058946e-11,2.9346586332735453e-12,1.192057189938806e-12,3.9520012729664596e-13,2.0653838563077296e-12,1.369754092620357e-10,3.4147469393832903e-06,2
369,04:21:30,2.910755695897284e-11,3.205617760268994e-12,1.0669799356622484e-12,4.031737240244842e-13,1.6814627870308549e-12,1.575019650694957e-10,3.391900430012252e-06,2
370,04:22:00,2.184866708673952e-11,2.477170430860555e-12,8.71476130050282e-13,2.2088596426526512e-13,9.300635402657123e-13,1.3679409147887258e-10,3.394504016656282e-06,2
371,04:22:30,2.8969054039455883e-11,4.3452281238839e-12,8.725194002172533e-13,3.002778402034659e-13,1.2241767341513262e-12,1.8886189433386742e-10,3.355853924046819e-06,2
372,04:23:00,2.4603598637079787e-11,3.52293207216097e-12,1.3980302709134753e-12,4.3578256691939953e-13,2.4438735536869437e-12,9.658927328929313e-11,3.405040760796418e-06,2
373,04:23:30,3.39444645642028e-11,2.715866720518175e-12,1.308398399876495e-12,3.7604647469644727e-13,2.2475479696814586e-12,8.891557278435795e-11,3.395379431453504e-06,2
374,04:24:00,3.2084940821979064e-11,3.1098845625300833e-12,1.2566867073473458e-12,3.28103234082916e-13,1.994417324683998e-12,1.4116091220983128e-10,3.375416267771275e-06,2
375,04:24:30,2.5259640887364795e-11,3.2949431703718032e-12,1.168461597023188e-12,2.615197496197272e-13,1.260544531250233e-12,1.1270623595687166e-10,3.399231411061052e-06,2
376,04:25:00,3.9987268901839274e-11,4.474017354494187e-12,1.1066798226842558e-12,1.9250421774670835e-13,7.747144364499217e-13,1.8362170728349518e-10,3.328282404420622e-06,2
377,04:25:30,3.175101420948153e-11,4.377196010766414e-12,1.6294095016426344e-12,5.449030243257477e-13,3.0637359151876052e-12,9.35179723717885e-11,3.3861108422830515e-06,2
378,04:26:00,2.7086645957111434e-11,4.586568843197041e-12,1.073940021091257e-12,1.9743694008336792e-13,8.702572220693165e-13,1.316480182597399e-10,3.395501328821846e-06,2
379,04:26:30,2.912390375181844e-11,4.2140051850853966e-12,1.3430340801107083e-12,3.924528702059683e-13,2.094177825332617e-12,1.0986348651766651e-10,3.420343690692606e-06,2
380,04:27:00,4.983893205974337e-11,4.5384645696590655e-12,9.714452973226159e-13,2.956745654226677e-13,1.1710324976736964e-12,1.7421304322216656e-10,3.4050204943103592e-06,2
381,04:27:30,3.009167839028101e-11,4.025272086209694e-12,1.1423637534140148e-12,3.3861531204510327e-13,1.7060029979246997e-12,1.3490163471066392e-10,3.416208088755113e-06,2
382,04:28:00,3.571903894975206e-11,5.44885963026272e-12,1.8198399141976804e-12,1.8371478699434104e-13,7.638710243004032e-13,1.2923133271322006e-10,3.3626850007800036e-06,2
383,04:28:30,3.344072475378798e-11,4.800122676136884e-12,9.682973089696257e-13,2.1496649261201446e-13,8.314852341437155e-13,1.024439002534351e-10,3.348028568448895e-06,2
384,04:29:00,4.5788250039791506e-11,5.005060956368572e-12,1.221896883216706e-12,3.6083331039094135e-13,2.0427953722996716e-12,1.498626341874068e-10,3.3965046633026746e-06,2
385,04:29:30,5.776720548710124e-11,5.416226869278761e-12,1.0683244257965977e-12,2.486869065710777e-13,1.1915973895931022e-12,1.6492446982566741e-10,3.3710474151023933e-06,2
386,04:30:00,5.12764096320075e-11,7.576006352352312e-12,1.4470819102637045e-12,3.760277156866996e-13,2.2750227815123155e-12,1.345488218410704e-10,3.4039219817056942e-06,2
387,04:30:30,6.380551077838774e-11,4.200144634189106e-12,1.3021437384944537e-12,3.0212021280000585e-13,1.3988218699119524e-12,1.350540963587291e-10,3.341266567926518e-06,2
388,04:31:00,8.911436059768269e-11,5.458991279049126e-12,1.2021813377163687e-12,3.763914057960137e-13,2.1416562096444673e-12,2.0468984895680768e-10,3.3597794875286394e-06,2
389,04:31:30,3.024579874963682e-11,5.123405393675206e-12,1.2557866053851258e-12,1.77813897323561e-13,6.667916870816981e-13,2.096507355026681e-10,3.420406410964534e-06,2
390,04:32:00,5.172788999909626e-11,4.226972158273199e-12,1.8744219912655914e-12,3.743641474940527e-13,2.1954970252372647e-12,1.469824718904861e-10,3.412805603138141e-06,2
391,04:32:30,3.5304165793967576e-11,3.1110474925196946e-12,1.2972560354047432e-12,2.3671858828203375e-13,9.67903502587346e-13,1.4693217445975524e-10,3.4551453378771892e-06,2
392,04:33:00,5.830197225288851e-11,3.9930127394097e-12,8.457937773655788e-13,2.0928903366981208e-13,9.584108191382797e-13,2.55186990388316e-10,3.4176417223594525e-06,2
393,04:33:30,4.009425820093558e-11,4.609142956174794e-12,1.3805621103650658e-12,1.4933952023752938e-13,4.0503741883403944e-13,1.3539320870712463e-10,3.3582894456751554e-06,2
394,04:34:00,4.6170126814198383e-11,4.254877609393456e-12,1.2014585718907626e-12,3.2612023201675726e-13,1.2893004812912106e-12,1.3518827148060064e-10,3.398084870085858e-06,2
395,04:34:30,5.1977104012225335e-11,3.3079638124030694e-12,1.0385984014641698e-12,2.1009057871720507e-13,6.959438360462648e-13,1.3564038042189225e-10,3.3682778180609468e-06,2
396,04:35:00,3.977662262933705e-11,4.810849393378063e-12,9.270726714558576e-13,2.505921109470813e-13,1.271125269894309e-12,1.465293297754236e-10,3.3663661125898843e-06,2
397,04:35:30,3.709729944168553e-11,3.450821514452839e-12,1.4002166820747522e-12,2.1357394783083608e-13,8.200690030245885e-13,1.4603064289658777e-10,3.3757878306978425e-06,2
398,04:36:00,5.879999872649291e-11,4.025585613905596e-12,1.0015611481628879e-12,2.860427212627582e-13,1.333790717296608e-12,1.8980406536124228e-10,3.34491464430357e-06,2
399,04:36:30,9.223817375811686e-11,4.648267671586745e-12,9.391730730492604e-13,2.90572573470869e-13,1.3829669207505015e-12,2.2300926065603643e-10,3.3786619994335532e-06,2
400,04:37:00,4.4518338062940614e-11,5.2105310280446e-12,1.1381594440337322e-12,2.3357130937487785e-13,1.130814531129624e-12,1.9768683501508408e-10,3.4596645636748968e-06,2
401,04:37:30,4.158403709412575e-11,4.173509490737354e-12,1.2184556757869218e-12,3.405518800888852e-13,2.022342207196353e-12,1.590943900291081e-10,3.4105615782375154e-06,2
402,04:38:00,6.781462856870622e-11,4.802086017668517e-12,1.0167837816222416e-12,2.7484287354950125e-13,1.1746210772613823e-12,2.0535713544213727e-10,3.417253322290173e-06,3
403,04:38:30,4.873262548642046e-11,3.629936577963983e-12,1.1409355264958548e-12,1.9530028389556288e-13,7.460622665908766e-13,2.7739532770761087e-10,3.4136363788220013e-06,2
404,04:39:00,4.925290360217862e-11,3.742933865809129e-12,1.0064599408804787e-12,1.576481258142491e-13,4.484535080008662e-13,1.703815977239187e-10,3.383405095684426e-06,2
405,04:39:30,4.017945000309979e-11,4.548151125274716e-12,1.1001901148874396e-12,2.748656611736825e-13,1.6400495957928688e-12,1.6374355191572868e-10,3.357992239874186e-06,2
406,04:40:00,4.841231890629984e-11,4.9444647151457425e-12,9.928378732073159e-13,3.7870192103833134e-13,2.2786678660884303e-12,2.2689264373962325e-10,3.379496121589194e-06,2
407,04:40:30,4.500846085646439e-11,6.234843603568367e-12,8.546849709154877e-13,1.9295235559787827e-13,8.279212097426163e-13,1.997415145051804e-10,3.3753741415114093e-06,2
408,04:41:00,6.37349872188627e-11,3.4026219423090457e-12,1.0586739893018363e-12,3.1227322186732135e-13,1.4045409972075654e-12,1.9116551055700293e-10,3.3991565339680767e-06,2
409,04:41:30,5.880604674166497e-11,4.184407020600909e-12,1.3101017393778178e-12,1.9217542931785786e-13,7.544484979642171e-13,1.7000458931402305e-10,3.380007918910177e-06,2
410,04:42:00,4.547311534361921e-11,4.65575212536455e-12,1.4240410986455942e-12,2.1116893408848144e-13,9.575035324810909e-13,3.0185612624185746e-10,3.375725346423056e-06,2
411,04:42:30,1.0200816794851362e-10,3.932357346447956e-12,9.44995440576522e-13,2.027750886683896e-13,7.221359436600243e-13,1.9439137566633037e-10,3.4376584918544953e-06,2
412,04:43:00,6.382456453336623e-11,4.742406967297185e-12,1.2172046636577792e-12,2.412462356419517e-13,1.0148579797471847e-12,1.959325042859041e-10,3.433893961630177e-06,2
413,04:43:30,9.783762482955425e-11,4.0535973087152295e-12,1.1101659365977774e-12,2.515829504827622e-13,1.4194732294029395e-12,1.4395698859681994e-10,3.415076823320764e-06,2
414,04:44:00,7.829916198963431e-11,4.058586823965965e-12,8.454359471402674e-13,1.608983396853273e-13,5.913292992895414e-13,1.3738042750618267e-10,3.347232125484704e-06,2
415,04:44:30,3.746467534023562e-11,3.4478548071441906e-12,8.951462377322798e-13,2.0822517975542807e-13,9.618330681546635e-13,2.1039313295085816e-10,3.3918236860762347e-06,2
416,04:45:00,1.2228775432108355e-10,4.612109600924811e-12,9.495354670217158e-13,2.6491992892248e-13,1.4103224320956577e-12,1.8198534837622388e-10,3.336538675619138e-06,3
417,04:45:30,3.8707862506958416e-11,3.968491662130522e-12,9.84535712852386e-13,2.20242290740814e-13,1.1111281819529249e-12,1.7137407736204307e-10,3.3834075633375546e-06,2
418,04:46:00,6.76762092327759e-11,3.817587036445004e-12,1.267103559652102e-12,2.9811055678376924e-13,1.434592665170985e-12,1.8021003598781282e-10,3.377465999395116e-06,3
419,04:46:30,4.915759617761863e-11,3.939504362876969e-12,9.770843862692783e-13,1.4973308510132152e-13,4.97990797019621e-13,1.7186317395813972e-10,3.3962704708559757e-06,2
420,04:47:00,5.900131647058893e-11,4.462481852286895e-12,1.1616063351828004e-12,2.8277949619003003e-13,1.5383647156527563e-12,2.4159190451688537e-10,3.3590039863283208e-06,2
421,04:47:30,1.24183555138862e-10,5.0075380448713336e-12,1.3879754005577928e-12,2.0380834898391211e-13,8.57796317222469e-13,2.851069751757291e-10,3.365704819139009e-06,2
422,04:48:00,3.4830874221197115e-10,1.2448702753416752e-11,6.953125618132159e-12,5.6510453375326324e-12,3.4254862645165347e-12,5.640192196175694e-09,3.3939972662397832e-06,3
423,04:48:30,1.9999660756978888e-10,5.9879650858737496e-12,1.4697134388957182e-12,8.417336725077965e-13,1.5461256360774403e-12,1.4819673803319156e-09,3.213225378121254e-06,3
424,04:49:00,1.6263910921692032e-10,4.953664344320709e-12,1.2575093736794292e-12,4.1889976288495006e-13,1.026346046305261e-12,8.492435663689426e-10,3.0344140044008267e-06,3
425,04:49:30,1.9559335736580727e-10,7.926239155468912e-12,2.3201142824753466e-12,1.894837983756154e-12,2.1138770365454313e-12,2.8590411610657915e-09,3.3809097203415866e-06,3
426,04:50:00,1.7404746216557662e-10,8.272875135098262e-12,3.8314379753985194e-12,2.1848546728304755e-12,2.818647234787633e-12,2.042522489993552e-09,3.404540267722972e-06,3
427,04:50:30,6.015576854932916e-11,3.971428711770204e-12,7.644267589881845e-13,2.422805140017034e-13,7.897196094026877e-13,5.967201585949777e-10,3.402274819924122e-06,2
428,04:51:00,6.563462218129629e-11,4.96729518168724e-12,1.197040131559048e-12,3.872664715815791e-13,1.1911904042150389e-12,6.108341911567945e-10,3.326338278411069e-06,2
429,04:51:30,4.4602671590468324e-11,2.9128129471791296e-12,8.334091625464105e-13,3.0344827358099433e-13,8.671029986866022e-13,2.4786100369861534e-10,3.2614631362356244e-06,2
430,04:52:00,6.900531136413047e-11,3.1168901367429098e-12,7.768969086789401e-13,5.721222370508523e-13,2.3856711176803176e-12,3.776018837007936e-10,3.291668903605226e-06,2
431,04:52:30,3.8377557946032346e-11,4.291985794080763e-12,8.890446941618397e-13,6.352236432442084e-13,2.2722461488768203e-12,1.3494268930852105e-10,3.244699331169603e-06,2
432,04:53:00,1.2948045704121412e-10,4.696371971619083e-12,1.2290585784968877e-12,4.624210168163041e-13,2.3405055614030563e-12,1.6836477916157076e-10,3.2983930066962207e-06,3
433,04:53:30,8.523795181162098e-11,5.445255491342835e-12,9.103521542159284e-13,2.1694382046450306e-13,6.787060529692924e-13,3.662875702561302e-10,3.329550327990554e-06,2
434,04:54:00,4.321247905398825e-11,4.020107315783751e-12,6.530143028446799e-13,1.7654431287011702e-13,3.0753020142102543e-13,8.800857640395072e-10,3.30566893929352e-06,2
435,04:54:30,1.5216906624028448e-11,3.0522084334602723e-12,6.814979395875387e-13,1.6057466551961311e-13,2.895468609820701e-13,1.335481327104569e-09,3.3024268654856894e-06,4
436,04:55:00,2.8606969440225277e-11,4.5826780772841366e-12,1.6677476094303799e-12,2.125275486236513e-13,4.4589218728886314e-13,1.4842246825673627e-09,3.3028828860741414e-06,4
437,04:55:30,1.028159344893491e-11,2.479952771699883e-12,5.69115431189729e-13,1.467105996616272e-13,2.334573667465836e-13,1.7188187402428715e-10,3.2430437373941527e-06,4
438,04:56:00,1.3147977159475079e-11,2.396781750399045e-12,7.501609370287606e-13,1.7493433204166967e-13,2.9832064600508004e-13,6.657503949866184e-10,3.257799064103674e-06,4
439,04:56:30,2.214121065126696e-11,3.252946369873941e-12,5.732127601278671e-13,1.7935862270017293e-13,2.0949477837038167e-13,1.3323217489533547e-09,3.2593279037910135e-06,4
440,04:57:00,5.1675550374030714e-12,1.758943451789465e-12,4.602936267334334e-13,1.534689668184363e-13,3.09704436051536e-13,6.103345366630442e-10,3.2866752542870934e-06,4
441,04:57:30,4.393007954339531e-11,2.7493924237796615e-12,8.012687894814314e-13,1.7197522076720827e-13,3.026276211101715e-13,1.242954083381987e-09,3.3045195984269732e-06,4
442,04:58:00,6.870699082088756e-12,2.3522222475856427e-12,9.685299984229554e-13,1.7373688190545043e-13,3.516248817209828e-13,1.1309016021036959e-10,3.270150348971047e-06,4
443,04:58:30,1.496944797240928e-11,3.548103516000154e-12,7.582562314911732e-13,2.0524471280641689e-13,4.1597643809199825e-13,8.426279086325183e-10,3.293816457800874e-06,4
444,04:59:00,1.2436616977734135e-11,2.439247955387232e-12,5.736408424761463e-13,1.8787596782084032e-13,2.1715900291560265e-13,2.9753997311132115e-09,3.2676030104398896e-06,4
445,04:59:30,1.4131287155000322e-11,2.633384632357948e-12,7.677342107249863e-13,1.9317725293101062e-13,2.8314061144872543e-13,4.0460498862206645e-09,3.289110519775814e-06,4
446,05:00:00,1.0194627672493888e-11,2.1200277993919032e-12,1.1013675244117685e-12,2.3050548404282727e-13,2.4363383578748e-13,2.0209081532442123e-09,3.347369240905112e-06,4
447,05:00:30,7.92929303935125e-12,2.2985793456886794e-12,9.366796350864944e-13,1.9241138469440935e-13,3.071284009476676e-13,1.1992850094398562e-09,3.2525650390212253e-06,4
448,05:01:00,1.1198861439342635e-11,2.27298353858383e-12,6.421478930397647e-13,1.8627617360326018e-13,2.560422658243223e-13,9.71395630676583e-10,3.27832823036951e-06,4
449,05:01:30,1.4365527076670131e-11,2.5744132457101262e-12,5.743169383120491e-13,1.984941535123467e-13,3.235444567165172e-13,1.0635569347872116e-09,3.295800334968003e-06,4
450,05:02:00,1.7897657449414557e-11,2.41463552842695e-12,8.756277540824046e-13,1.6439764649539088e-13,2.7923673407908004e-13,1.2828190683413667e-09,3.27178814674183e-06,4
451,05:02:30,1.535048141827167e-11,1.894454660405672e-12,6.100671307095115e-13,2.0304582525737855e-13,2.4592185019626156e-13,2.7999291044402803e-09,3.2863541792518258e-06,4
452,05:03:00,1.1077379994569475e-11,2.2774392919173945e-12,5.479222994503731e-13,1.6199817193410592e-13,3.418781214417614e-13,3.807982182760176e-10,3.2668508579726906e-06,4
453,05:03:30,1.9630623729108068e-11,3.114180585009513e-12,5.133133471794382e-13,2.1035543657513247e-13,4.3845836842846767e-13,2.574999270669771e-09,3.24298607199441e-06,4
454,05:04:00,1.9139716323011194e-11,3.0566122991357404e-12,9.112364895067937e-13,3.5041632755431266e-13,1.3340248345981744e-12,1.2161175054680315e-09,3.3185184655428444e-06,4
455,05:04:30,1.6894479506833436e-11,3.605300348416304e-12,8.338303704249778e-13,2.322184607534493e-13,5.646917022882653e-13,1.2292655367324553e-10,3.422119535033117e-06,4
456,05:05:00,1.4811333989923243e-11,2.4458253945738528e-12,8.252144912327061e-13,2.0955582367436134e-13,3.0096815958923496e-13,1.2920582038163405e-09,3.435561679440535e-06,4
457,05:05:30,1.086979335566032e-11,1.349540766965458e-12,5.396018032813613e-13,1.6916115440141834e-13,2.5846144024180395e-13,2.1323770933308153e-09,3.460011365036677e-06,4
458,05:06:00,8.243418056095374e-12,2.1890872736127248e-12,6.434088951201186e-13,2.0121296252298882e-13,4.0624866681617466e-13,1.5211142659594745e-09,3.4140200397745246e-06,4
459,05:06:30,9.689721262896182e-12,3.0723851748362688e-12,7.879974938159626e-13,1.9592482910053452e-13,3.5181080406074373e-13,1.9580935601638016e-09,3.403567319950515e-06,4
460,05:07:00,1.1201169327832644e-11,2.480348232431105e-12,4.115381488162218e-13,1.9313437339651105e-13,3.5321342255649385e-13,8.228904186409643e-11,3.4134374605977365e-06,4
461,05:07:30,1.7627289951378027e-11,3.310211553095764e-12,8.593356635200023e-13,2.0862995289387687e-13,3.8084310959296123e-13,1.8519340482667545e-10,3.423915005456316e-06,4
462,05:08:00,1.5191245061181263e-11,2.7822167989247294e-12,5.627736787455153e-13,2.0415361186252186e-13,2.4039485868085166e-13,7.502326877454187e-10,3.4106212494731847e-06,4
463,05:08:30,5.882238560131885e-12,2.076031145729042e-12,8.364154089238244e-13,2.4778952351204963e-13,6.23977368508591e-13,3.556437690822933e-10,3.396380252921744e-06,4
464,05:09:00,1.1305236229562315e-11,2.6354197698223267e-12,8.753960766457413e-13,1.9436781575964665e-13,4.5268079609081975e-13,6.974474804824807e-11,3.3787473195186816e-06,4
465,05:09:30,1.8125464435509108e-11,3.134929863349734e-12,7.465750469869372e-13,2.220614813893286e-13,4.013222637151444e-13,3.8113787595819313e-10,3.4162308082979455e-06,4
466,05:10:00,2.0561983278936394e-11,2.7346896137148162e-12,7.274605227491537e-13,1.564224981432696e-13,2.2041785232134474e-13,1.1600394147760903e-09,3.426426470714168e-06,4
467,05:10:30,9.974310064970625e-12,2.672193469323413e-12,1.8540315752630923e-12,2.344331877102699e-13,5.342112089086753e-13,1.8414994775673197e-10,3.404410275696554e-06,4
468,05:11:00,1.2319856150400892e-11,3.3109701031626746e-12,8.051116644399301e-13,2.2251574832642605e-13,4.1646945431901757e-13,4.1539310060431986e-10,3.448791669170814e-06,4
469,05:11:30,1.0000383062118174e-11,2.2756673401633905e-12,8.223733624384784e-13,2.188047415223806e-13,5.013318506498068e-13,7.799722554535e-10,3.4245333588794e-06,4
470,05:12:00,9.550629212997402e-12,2.3553758635612695e-12,6.319276298659994e-13,1.7621284604758883e-13,4.201097512135327e-13,1.0708555778800114e-10,3.3918592283146897e-06,4
471,05:12:30,1.9280850209258826e-11,3.4071392337607235e-12,8.207314260247622e-13,3.438702790221011e-13,1.5939230711882709e-12,7.619647239920421e-10,3.402105372296309e-06,4
472,05:13:00,2.0591227524356615e-11,2.7342118180602618e-12,8.527418071829718e-13,1.8769518884185154e-13,6.697543326500963e-13,9.862731415896147e-11,3.3974129979865112e-06,4
473,05:13:30,1.2633732627547653e-11,3.282745071419657e-12,7.562890078828143e-13,2.0364166084543638e-13,4.839782053838734e-13,3.9378577631036316e-10,3.4405297807837244e-06,4
474,05:14:00,1.1360893408537837e-11,3.0173288965939948e-12,5.858862034446603e-13,1.798014538376313e-13,2.7568107091729964e-13,3.370319144889962e-10,3.4236407882664773e-06,4
475,05:14:30,2.4029918109757227e-11,3.594618322196766e-12,6.89547258512835e-13,1.7584298916678223e-13,3.2072063331480495e-13,8.157019190148016e-11,3.3904384305596817e-06,4
476,05:15:00,1.5909014199690275e-11,2.2961387454599154e-12,5.356739233167493e-13,1.831657306387773e-13,3.704188838446392e-13,5.417523147421673e-10,3.387402293388319e-06,4
477,05:15:30,1.219405654435564e-11,1.8507929727650817e-12,7.149113488977887e-13,1.7708412977774114e-13,2.4212458491989513e-13,1.121612788711074e-09,3.414835587996071e-06,4
478,05:16:00,7.86105686413313e-12,1.8019178584746851e-12,5.462214347753234e-13,1.5101307774727281e-13,3.336233270017738e-13,2.527062731083425e-10,3.422381905763934e-06,4
479,05:16:30,7.1195481799279096e-12,2.1857205863527126e-12,5.891562263918854e-13,1.511632434568201e-13,2.0772738475122068e-13,1.1541334392904402e-10,3.445773577164061e-06,4
480,05:17:00,1.7814320194178032e-11,2.5603029495379514e-12,5.96333214003371e-13,1.4485643663766844e-13,2.030704159961561e-13,1.4524619510689245e-09,3.405684071775742e-06,4
481,05:17:30,1.5131567530930888e-11,3.319018524862116e-12,7.237587375989112e-13,1.8835842653906868e-13,3.381259008253845e-13,1.1312529061537164e-09,3.376513955982104e-06,4
482,05:18:00,1.4611328565556855e-11,3.035677189248206e-12,6.297178413186383e-13,2.1487987357361687e-13,2.257053403143066e-13,1.900174443493676e-09,3.3812680676770496e-06,4
483,05:18:30,6.0095537328136746e-12,2.116813153410969e-12,6.19502119809418e-13,1.6986497530664156e-13,2.4552512839818865e-13,1.057519398758641e-09,3.391452627552314e-06,4
484,05:19:00,1.6690429352926226e-11,3.3878803983228357e-12,1.495406509446488e-12,2.574208786174979e-13,6.30017913760655e-13,6.939419407122953e-10,3.405988395606241e-06,4
485,05:19:30,7.714252858700988e-12,1.87461027508405e-12,5.857811024205343e-13,1.6091901342773955e-13,2.3162566264809947e-13,3.4033704284906924e-09,3.4050130564700024e-06,4
486,05:20:00,6.2929463739370774e-12,2.216624375663547e-12,6.068119243129958e-13,1.432027876500497e-13,2.199494979177821e-13,7.247793112951305e-10,3.3861079624521482e-06,4
487,05:20:30,8.075753037147793e-12,1.8722301402585586e-12,1.066631313627375e-12,1.782036586989296e-13,3.143182408097695e-13,4.473433822995745e-10,3.4133756565080453e-06,4
488,05:21:00,1.2272068097499898e-11,2.110196736763405e-12,5.678980075096739e-13,1.525380586244906e-13,2.3746515268067964e-13,1.450767777146362e-10,3.435333054746141e-06,4
489,05:21:30,1.2596651876033222e-11,2.3486966075577404e-12,5.562978851197031e-13,1.4475519318663586e-13,2.6219197194773807e-13,3.838488871090846e-10,3.4248943678264264e-06,4
490,05:22:00,1.1262668020420915e-11,2.2882350789300202e-12,1.4260438478046302e-12,1.701876602043412e-13,3.046330621677717e-13,1.15459985735161e-10,3.411842957013796e-06,4
491,05:22:30,9.712087205808155e-12,2.6155953876751156e-12,8.482127733482987e-13,1.9714246922078506e-13,3.7861471190073393e-13,4.0264317876719123e-10,3.367021093328749e-06,4
492,05:23:00,7.745446646085687e-12,1.873316222384212e-12,4.57521283323345e-13,1.1784405583558006e-13,1.3940386282623377e-13,9.751316298205968e-11,3.39301235413109e-06,4
493,05:23:30,3.152931755271544e-11,3.721771316473249e-12,1.969549711337604e-12,2.6465358294868007e-12,2.0282473142766378e-12,5.460239777927674e-09,3.371198404095339e-06,4
494,05:24:00,1.252330958539442e-11,1.7325516178794433e-12,6.026232534961335e-13,1.714273443027544e-13,3.050715976773829e-13,1.7643495893601296e-10,2.4110912542400592e-06,0
495,05:24:30,4.248169912403398e-11,3.077777429509071e-12,7.818720831835126e-13,2.547887392401191e-13,6.630635382443268e-13,1.3349839510406572e-10,2.1127622147528207e-06,2
496,05:25:00,4.92738288906741e-11,5.568805223614871e-12,1.3030306097094096e-12,3.708416427436908e-13,1.1046074756595524e-12,1.9631572255624032e-10,2.01825884700162e-06,2
497,05:25:30,2.9646429836220316e-11,3.6533279072535574e-12,5.171452566682253e-13,3.0513157945787113e-13,8.846827447300864e-13,2.871291750456487e-10,1.9113300162937843e-06,2
498,05:26:00,2.4938162231749243e-11,2.5622304943018044e-12,5.719589617149905e-13,1.7589019061310883e-13,3.337772075890921e-13,1.0889250330256702e-10,1.8865924030549614e-06,2
499,05:26:30,1.5396226982750127e-11,3.0864895706810742e-12,1.0145131346200973e-12,1.9714240209580405e-13,3.8015015441427124e-13,1.0921484489865167e-10,1.8933178870252284e-06,2
500,05:27:00,5.968696418923551e-11,4.575880188441264e-12,8.558060623201155e-13,2.0113731064007147e-13,4.3061357560350526e-13,1.3862175475110727e-10,1.974454592079947e-06,2
501,05:27:30,2.2185044374837032e-11,3.046327111137926e-12,6.827108639069174e-13,2.036333614893726e-13,5.993690599780227e-13,2.0399706179077538e-10,1.8561940823431718e-06,4
502,05:28:00,1.089556398019063e-11,3.0097634933219753e-12,7.63060709502444e-13,1.3976330105172194e-13,2.06066885043672e-13,8.355143045304986e-11,1.8446064750847168e-06,4
503,05:28:30,1.1169966606892035e-11,2.2952292495150998e-12,6.483119044204176e-13,1.5287314543149906e-13,2.659583120347033e-13,8.327239965984644e-10,1.8131037540291048e-06,4
504,05:29:00,2.5280747574223095e-11,2.7405560099349306e-12,6.698429492603229e-13,1.4532155403320654e-13,2.876350184130515e-13,3.1586749542144896e-10,1.799482914716644e-06,4
505,05:29:30,6.2806369064567505e-12,2.0224194092533176e-12,5.349562170041014e-13,1.5070764912916002e-13,2.516037470418989e-13,3.288640818158275e-10,1.8086850310184485e-06,4
506,05:30:00,9.92867203445972e-12,2.875648037211878e-12,7.683946753332009e-13,1.8678222771914925e-13,4.055881238971486e-13,2.340567030724202e-10,1.7808396225895134e-06,4
507,05:30:30,8.867929468381033e-12,3.518915983349882e-12,8.732315419440214e-13,1.388783594272255e-13,1.7262418378108313e-13,2.148840226946914e-10,1.80844659438685e-06,4
508,05:31:00,8.502543599229025e-12,2.3422054385594634e-12,6.408466317923355e-13,1.4076912830117735e-13,2.2327533001978973e-13,1.0523369110357218e-10,1.8093958667745522e-06,4
509,05:31:30,1.4218627775845148e-11,5.298521400275055e-12,9.02260826208807e-13,1.8451216975221148e-13,3.508498122655715e-13,3.2032398451365865e-10,1.7934432774876892e-06,4
510,05:32:00,1.2447273972446886e-11,2.599473466850574e-12,5.086288428463244e-13,1.5454549842492915e-13,2.7842292908530844e-13,1.92853280033678e-09,1.8508516347200619e-06,4
511,05:32:30,2.2051102057675476e-11,2.6365158180883956e-12,8.423217762532424e-13,2.1845233373679833e-13,4.190186921812996e-13,5.374407552953435e-09,1.8039752841309025e-06,4
512,05:33:00,5.539267806708553e-12,1.8983189664561328e-12,8.220284571550357e-13,1.4088770721916523e-13,2.3301915332286244e-13,1.0065702951266036e-10,1.7926695489921058e-06,4
513,05:33:30,9.186653867683755e-12,2.4064685856733004e-12,6.159829533570725e-13,1.6871127823844974e-13,3.0554565760997036e-13,1.0985939651431689e-10,1.7964748775263013e-06,4
514,05:34:00,2.174812909502905e-11,2.773964858681053e-12,6.08499742985431e-13,1.781721964063626e-13,2.8985390833102194e-13,7.903396126537985e-11,1.7921245494180251e-06,4
515,05:34:30,8.539647987809895e-12,4.036593295264439e-12,5.311566563039005e-13,1.442004591859803e-13,2.1156948398232544e-13,8.316707638699657e-10,1.7715030216755536e-06,4
516,05:35:00,1.0064622283789423e-11,2.6717027200266876e-12,6.815805834185836e-13,2.2399903562773742e-13,5.963090567007513e-13,2.6591297455081935e-10,1.801011016661844e-06,4
517,05:35:30,1.6428654943402856e-11,3.9966057021811075e-12,8.741554752950609e-13,2.0052108817548292e-13,4.077505741364548e-13,1.258683173414336e-10,1.7899196604707197e-06,4
518,05:36:00,1.6805834008084844e-11,2.4412137841790112e-12,6.230036811222019e-13,1.832844643153969e-13,4.566832168685904e-13,1.0970115090898197e-10,1.817579272148212e-06,4
519,05:36:30,1.3220840542551041e-11,2.7333022776256572e-12,8.280135734879318e-13,1.782755325608172e-13,4.903369143617791e-13,1.043109770754832e-10,1.8399889557750991e-06,4
520,05:37:00,2.121945170054194e-11,5.123020576819146e-12,7.66306246208421e-13,2.0445220478236663e-13,4.058555700762306e-13,2.2478364181892393e-10,1.821385739914207e-06,4
521,05:37:30,1.6678004967962613e-11,3.015957200176987e-12,6.304601034514259e-13,1.7067710385599265e-13,3.021353147116561e-13,2.474128056147597e-10,1.827371621270812e-06,4
522,05:38:00,2.2935033491323372e-11,2.2074829918462823e-12,5.816693720534253e-13,1.7241208159320004e-13,3.5240976357515357e-13,6.569632567493379e-11,1.7882609925333422e-06,4
523,05:38:30,1.522450636515718e-11,3.793916622422457e-12,7.947776855378374e-13,2.119786180210762e-13,3.2285045912046823e-13,2.1111472044848295e-10,1.8301643422930583e-06,4
524,05:39:00,2.0270366623258787e-11,2.5262904806595172e-12,5.419603845790988e-13,1.5433893195058395e-13,3.182544609434142e-13,6.150523672622378e-11,1.8516764199103767e-06,4
525,05:39:30,2.16136444031679e-11,3.05641689142246e-12,8.403120280006533e-13,1.9414996262439724e-13,3.2918761906192845e-13,2.0853182214251204e-09,2.0796550560416454e-06,4
526,05:40:00,3.897992050944276e-11,7.008206944913048e-12,6.199514006438642e-12,7.420613106974933e-12,1.0799823580212262e-11,3.4986559161900144e-09,3.2347152565332597e-06,0
527,05:40:30,1.247020503922021e-11,1.7751935541088222e-12,8.403951202635119e-13,2.3331177154590006e-13,6.394728708699281e-13,2.1107001969160004e-10,3.1240971886808013e-06,2
528,05:41:00,2.4406422220519264e-11,2.5685612574151685e-12,6.541500378467226e-13,2.4166214646688783e-13,6.629208245200357e-13,1.500411112558217e-10,3.1898494696792176e-06,2
529,05:41:30,1.3155209875738308e-11,3.830392208812953e-12,1.0593168250034137e-12,4.2716344697576724e-13,2.2489555550273844e-12,7.36994257482589e-11,3.1546348655031215e-06,2
530,05:42:00,1.1902342106558854e-11,3.3222721293326785e-12,8.199869195739125e-13,2.2466193717210483e-13,7.81298505202598e-13,7.755315809443212e-11,3.1401131687462755e-06,2
531,05:42:30,1.9975669771425314e-11,6.036924213651232e-12,1.0648740770435774e-12,4.000304447847601e-13,2.160872870177576e-12,7.449898300952682e-11,3.174737152895668e-06,2
532,05:43:00,1.0708258145429472e-11,2.2089241953664862e-12,6.125286852782385e-13,1.8733144081443995e-13,6.111418386140298e-13,6.801566848976592e-11,3.2158643206287154e-06,2
533,05:43:30,1.9022594186009233e-11,2.7968664665532855e-12,8.827643908884287e-13,2.375756130845631e-13,6.81936278483879e-13,7.024136449871449e-11,3.1803547112775966e-06,2
534,05:44:00,1.3108870386950849e-11,2.7534749563528202e-12,7.785939480320161e-13,2.162196944506769e-13,1.0598409411240352e-12,6.198657412379437e-11,3.1822669635745714e-06,2
535,05:44:30,1.0240880533991827e-11,2.2439717458072553e-12,7.814819614726828e-13,1.8107710193368136e-13,4.63576362907545e-13,5.951603882240402e-11,3.159189391210986e-06,2
536,05:45:00,2.3261494165913524e-11,2.793217574903339e-12,1.0258524315370809e-12,2.5998832360711315e-13,1.1532810674179552e-12,7.058856833124295e-11,3.1689828781203918e-06,2
537,05:45:30,1.7317273299677523e-11,2.7474225740307167e-12,1.2424414761892173e-12,3.9781765425211156e-13,1.916062161752446e-12,7.941992726071995e-11,3.1534910914308195e-06,2
538,05:46:00,1.8660704245907086e-11,4.518030313083654e-12,1.3235764102579312e-12,5.000392816503274e-13,1.4458777337449698e-12,7.376844584664347e-11,3.168464412874009e-06,2
539,05:46:30,1.0876589601885437e-11,2.037145556033917e-12,8.435324311191438e-13,1.620122076103475e-13,5.802485574952845e-13,6.234014049766541e-11,3.180316027654891e-06,2
540,05:47:00,1.2657288679449643e-11,1.742091744746517e-12,7.774505248980305e-13,2.2000035065252994e-13,7.943154660492351e-13,7.127407877812648e-11,3.116309573645038e-06,2
541,05:47:30,1.9633469917247072e-11,3.935633074029339e-12,7.304249928922602e-13,1.9771705142936005e-13,6.170257749670493e-13,8.103693775735255e-11,3.1645968803037844e-06,2
542,05:48:00,1.6431295343149602e-11,2.290312806104023e-12,1.2378283267179096e-12,5.939845474394853e-13,3.894604414754041e-12,6.962882241121267e-11,3.1475948959969124e-06,2
543,05:48:30,1.9820515771451244e-11,2.7423006573381035e-12,1.1546943738630052e-12,2.2026644021371382e-13,5.451129703991146e-13,6.837448420835406e-11,3.186197008714002e-06,2
544,05:49:00,1.6639824459072812e-11,3.5616183279373205e-12,9.684456548039614e-13,2.858660485613881e-13,9.153194633930068e-13,7.729037682803302e-11,3.179232137197219e-06,2
545,05:49:30,3.353062431343066e-11,3.487171098957941e-12,1.4943867525108375e-12,2.755379048298505e-13,1.1789133617002916e-12,1.3072314433898577e-10,3.1406814602854013e-06,2
546,05:50:00,1.3372455605882457e-11,2.1762383950922364e-12,9.492249575909681e-13,2.0396918829173718e-13,7.925874992196749e-13,7.192303756678353e-11,3.1787347708369857e-06,2
547,05:50:30,3.6799774087754496e-11,3.4852681688348556e-12,1.2655407438046956e-12,5.828306902765248e-13,3.2876146488164546e-12,8.888157200553787e-11,3.1606919196911506e-06,2
548,05:51:00,2.4968986228494648e-11,2.773597194737907e-12,1.533270937482427e-12,4.604125443886063e-13,2.8118903705514197e-12,7.910519896754068e-11,3.1354365270844006e-06,2
549,05:51:30,2.3006301978376634e-11,2.4244482863715217e-12,1.0351642786204323e-12,1.847769874496172e-13,6.504814461021788e-13,8.007934069485026e-11,3.063081381527816e-06,2
550,05:52:00,1.7636478861050443e-11,3.108790849595961e-12,1.3221264559067313e-12,3.8240887211030303e-13,2.232288652366425e-12,8.877316861341615e-11,3.0865993846824694e-06,2
551,05:52:30,1.9510435227899404e-11,2.585520083927667e-12,8.77326620706877e-13,2.2335688253811634e-13,9.140446676583327e-13,9.505828820642447e-11,3.1559525461468077e-06,2
552,05:53:00,4.0533470003503247e-11,3.475885106838584e-12,1.1290725779686594e-12,5.648283383782704e-13,2.9014996768701535e-12,8.117290793624975e-11,3.0860660252837563e-06,2
553,05:53:30,2.8357206195951053e-11,3.5661300663033966e-12,1.1966900732170098e-12,5.858418844494341e-13,3.337327597050989e-12,9.256117295411232e-11,3.0839864231865755e-06,2
554,05:54:00,1.8748213870724627e-11,2.9385548891438444e-12,1.3191212398148032e-12,4.3575374114883093e-13,2.584399954363777e-12,9.504577921442288e-11,3.128495532305129e-06,2
555,05:54:30,4.674708306024893e-11,3.796045307777124e-12,1.6204353597546052e-12,3.1145732842812276e-13,1.4537612280068225e-12,1.1418339470737099e-10,3.114277826540811e-06,2
556,05:55:00,2.1948025264832726e-11,3.0742414565097423e-12,1.267104115254109e-12,2.585179435292792e-13,1.1212657624200405e-12,1.018013045373526e-10,3.117933178029859e-06,2
557,05:55:30,3.7232844723897805e-11,2.3380503043019873e-12,1.1649809200548173e-12,6.460452675408621e-13,3.9358996041493605e-12,1.285412162918476e-10,3.0819350392271084e-06,2
558,05:56:00,1.9383692153853136e-11,3.557759212755831e-12,1.1377778305971301e-12,3.425941713201377e-13,1.79680305629252e-12,9.225992759433919e-11,2.9959070015252433e-06,2
559,05:56:30,5.225143669028472e-11,3.703126724668427e-12,9.76387595453683e-13,3.6154486827080805e-13,1.807949034817982e-12,1.0297106191524401e-10,3.0799192014134106e-06,2
560,05:57:00,3.210442754349273e-11,2.848198638712859e-12,1.080372219580654e-12,4.968818337927419e-13,3.390738293185052e-12,1.1199242861728942e-10,3.0736942243704928e-06,2
561,05:57:30,2.384946627011528e-11,3.1744527639194965e-12,9.8054804224547e-13,2.6422302482453263e-13,1.2688315691514006e-12,1.0067168832806625e-10,3.0562218776750866e-06,2
562,05:58:00,5.21458692299605e-11,4.173679631501507e-12,1.1155743403042765e-12,4.4957990886901784e-13,2.5741781721164577e-12,1.4557454565872482e-10,3.0499583177490515e-06,2
563,05:58:30,2.413521558690058e-11,3.043396987964231e-12,1.0773916907792514e-12,3.7979930012844443e-13,2.4057079036189033e-12,1.0718948934171028e-10,3.0562965950546217e-06,2
564,05:59:00,3.590826399683668e-11,3.003662556304775e-12,1.3131213096152097e-12,4.36572910247274e-13,2.0503850330266655e-12,1.1121017503060138e-10,3.056713249159357e-06,2
565,05:59:30,4.904068210780618e-11,3.704232417537847e-12,1.5732085965028574e-12,4.905257456342319e-13,2.8968275296204016e-12,1.270236430780336e-10,3.0742416030627914e-06,2
566,06:00:00,4.9893672993712344e-11,3.0603380056820518e-12,1.0758468436918145e-12,2.3185108572315934e-13,8.057473103151037e-13,1.1867985813719536e-10,3.0728792081273177e-06,2
567,06:00:30,7.935838345402279e-11,3.5469076587677657e-12,1.1613436745383297e-12,4.2904278389652155e-13,1.7354093112473103e-12,1.625027511699955e-10,3.1050938268874457e-06,2
568,06:01:00,3.7730234347795806e-11,3.661094612285978e-12,1.695010041036889e-12,4.650800723072913e-13,2.388850074394921e-12,1.8921569708182505e-10,3.0409847658150412e-06,2
569,06:01:30,4.069422045996017e-11,3.617391550376786e-12,1.3164332582362056e-12,3.051770256701281e-13,1.305354739778469e-12,1.3064701138237305e-10,3.041614373837158e-06,2
570,06:02:00,4.507835448796542e-11,2.5975385046552576e-12,1.5181701488566454e-12,8.744946199501076e-13,5.690270048148309e-12,1.0227702857556152e-10,3.0067213239394577e-06,2
571,06:02:30,2.4298802843953638e-11,3.1320675553555964e-12,1.1124447778861828e-12,5.219514128881945e-13,3.441323607808074e-12,1.4258015119575064e-10,3.0455183662554387e-06,2
572,06:03:00,3.680723344661164e-11,3.0623045967794577e-12,1.0354658034836984e-12,1.7965995961028973e-13,6.915910927772906e-13,1.1341321650664989e-10,3.0250868349112393e-06,2
573,06:03:30,4.6416190908331927e-11,2.5151158684975343e-12,1.51725246670636e-12,3.87608117573673e-13,2.1615006907757762e-12,3.135097002244934e-10,3.0430347380354068e-06,2
574,06:04:00,4.8249376826513915e-11,3.1195408534992393e-12,1.1954089422419365e-12,4.462866710000312e-13,2.4844238079009556e-12,1.5506339979192657e-10,3.0614840755195257e-06,2
575,06:04:30,5.830001197869443e-11,3.0323380736475578e-12,9.94934263337055e-13,1.6818431472168837e-13,5.23523555791873e-13,1.3925671741211333e-10,3.0645781271846657e-06,2
576,06:05:00,7.176527763724343e-11,2.7512958987024e-12,1.0931194871690702e-12,3.005131100988666e-13,1.0662093168949941e-12,1.522356205425115e-10,3.087067094458802e-06,2
577,06:05:30,9.870032708124384e-11,3.849708040648695e-12,1.36629180688709e-12,4.809754807800607e-13,2.8097633177516787e-12,2.586020069966921e-10,3.0387373680777024e-06,2
578,06:06:00,2.8670737626399313e-11,3.185214669526849e-12,1.5932242447018195e-12,4.4792668992506914e-13,2.452684114589645e-12,1.183286125468403e-10,3.0642551301015916e-06,2
579,06:06:30,8.659277607198035e-11,2.919017974224828e-12,1.4646529210810247e-12,3.71517043888805e-13,1.955734881422701e-12,1.727213610721238e-10,3.0937041384102766e-06,2
580,06:07:00,7.795578433427382e-11,3.330696665003244e-12,1.7402790931840742e-12,2.1191974605668187e-13,8.586098198059794e-13,1.8809371549716421e-10,3.003840726510855e-06,2
581,06:07:30,9.44363142638291e-11,4.959041607040427e-12,1.1259324226434963e-12,3.440989156375221e-13,1.3039485548988787e-12,1.549972701026278e-10,3.0590759857283235e-06,2
582,06:08:00,3.881501407003771e-11,4.533931625821403e-12,1.5965154007619579e-12,3.126022290942871e-13,1.420199721389312e-12,2.503042850847227e-10,3.0189381748543947e-06,2
583,06:08:30,7.818426488531672e-11,3.1596148882718416e-12,1.5150878641656206e-12,2.2527109950645135e-13,9.830398055924117e-13,2.3604234131144014e-10,3.0274912594924543e-06,2
584,06:09:00,5.448783093702325e-11,3.0267130567557007e-12,1.5481204249867456e-12,2.9801589536116565e-13,1.4366897736167734e-12,1.918701229470309e-10,3.047853483536391e-06,2
585,06:09:30,9.433092823703648e-11,3.1702120533698507e-12,1.2128018773935979e-12,6.341283259630561e-13,3.728782288856325e-12,1.4225692596769896e-10,3.013414154579557e-06,2
586,06:10:00,1.2992069637774794e-10,4.390938156785003e-12,1.5471912614835658e-12,3.1052956471596965e-13,1.5784579264090284e-12,4.0886396056468145e-10,3.0367798822184358e-06,3
587,06:10:30,7.647283265726013e-11,3.02057731604261e-12,1.4542943356293837e-12,3.556827210546936e-13,1.719086311286269e-12,1.7664126212899984e-10,3.010543512242928e-06,2
588,06:11:00,7.655715823282446e-11,5.680167656472295e-12,1.6029301887879002e-12,5.888543013605913e-13,3.3559965447553214e-12,2.941275988532552e-10,3.107080647311982e-06,2
589,06:11:30,5.3218257664609165e-11,3.5493106454000485e-12,1.6531180945834804e-12,2.5023008086641567e-13,1.126523074297208e-12,2.2766116244406256e-10,3.060356878028022e-06,2
590,06:12:00,6.322023626199356e-11,2.5709749377014947e-12,1.2785333330673044e-12,6.537921848795766e-13,3.768776279899635e-12,2.346114679345425e-10,2.993731009701583e-06,2
591,06:12:30,7.728046899493149e-11,2.7028124656990238e-12,1.5845460224178072e-12,2.7700119719144143e-13,1.39619907272766e-12,2.890282339649723e-10,3.053509132676848e-06,2
592,06:13:00,1.168212449196664e-10,3.9131718604088335e-12,1.8029460772324832e-12,2.9443517466186165e-13,1.348368968625682e-12,2.2662852376862088e-10,3.039039362155862e-06,3
593,06:13:30,5.6239255886341643e-11,2.8573870543055435e-12,1.767673815632134e-12,2.012375119696883e-13,8.124822032566372e-13,3.322520867265591e-10,3.085169302467432e-06,2
594,06:14:00,5.998167861406701e-11,2.6015081965646895e-12,1.1770309661265493e-12,3.276691100824267e-13,1.6442833113194384e-12,3.0365629507145434e-10,3.0368660143827546e-06,2
595,06:14:30,1.3242887866723179e-10,4.178449640057545e-12,1.4929541476451933e-12,2.8844743544893083e-13,1.3226854888940414e-12,2.520877687627991e-10,3.02075627580518e-06,3
596,06:15:00,5.3850353081986365e-11,2.707809223350506e-12,1.3669382191616904e-12,2.411056963072229e-13,1.1654637695035885e-12,1.8489603924726718e-10,3.02317677624532e-06,2
597,06:15:30,1.4968324727753627e-10,4.080181289335245e-12,1.55723501657142e-12,5.079248301386685e-13,3.2377656302009083e-12,2.903899294917326e-10,3.0439256484703973e-06,3
598,06:16:00,1.1322815018781686e-10,3.4578343803939225e-12,1.3130180978298023e-12,2.8105827653696664e-13,1.179296254011926e-12,3.917752459893206e-10,3.050917966805224e-06,2
599,06:16:30,1.3717026406475025e-10,4.437630454975504e-12,1.7097121035861555e-12,1.9680080664527805e-13,7.313720193530204e-13,3.981119120118982e-10,3.0684690023088116e-06,3
600,06:17:00,6.915453530284102e-11,3.232737521415126e-12,1.4406927824804334e-12,1.9097745530941404e-13,6.492069932638133e-13,2.9871106581566335e-10,3.0581729276814667e-06,2
601,06:17:30,7.717272460308799e-11,3.6181621463919945e-12,2.076878706062206e-12,2.812221873759572e-13,1.336879497974912e-12,3.376416688642138e-10,3.062699053357453e-06,2
602,06:18:00,8.891677755100196e-11,4.190230050672767e-12,1.2279943096077426e-12,3.2570658593698047e-13,1.4967092911634482e-12,3.7159252936002164e-10,3.1101624033569397e-06,3
603,06:18:30,7.65366660070753e-11,2.841006604884034e-12,1.429168573917418e-12,2.636655781530871e-13,9.762106220987364e-13,4.0059945852051356e-10,3.0124788878425116e-06,3
604,06:19:00,2.385141772301953e-10,8.107185771994662e-12,8.907451141748659e-12,8.057158680412864e-12,1.0689796417826272e-11,3.215963621208353e-09,3.2361719279281427e-06,3
605,06:19:30,2.2309316835434869e-10,4.641635445666131e-12,1.6167172087546863e-12,7.588440912842399e-13,1.1434688751364508e-12,9.88450116115811e-10,3.352407128216105e-06,3
606,06:20:00,1.3339167170087864e-10,4.524319099572806e-12,1.0228821288633753e-12,3.762049988735919e-13,1.159171831175077e-12,3.26694170366593e-09,3.387066151040925e-06,3
607,06:20:30,3.1815727161630945e-11,3.3071174736000844e-12,9.384141515464485e-13,1.9834906553918973e-13,5.846445473095431e-13,1.8069274891402207e-10,3.3607799506917028e-06,2
608,06:21:00,1.3222533016917684e-10,6.073229354121641e-12,2.778598587376219e-12,1.495218724285395e-12,1.867713633699115e-12,8.437812877660952e-10,3.3566214304967583e-06,2
609,06:21:30,5.442594765738286e-11,3.96394269234224e-12,1.3977312782176357e-12,6.246628062523096e-13,1.047251304956494e-12,1.2110814635531463e-09,3.3762736448175264e-06,2
610,06:22:00,6.001864593352814e-11,4.2405973699084445e-12,9.30702183509789e-13,5.49424797146807e-13,1.1406682183422232e-12,6.534592496317243e-10,3.3449647948976768e-06,2
611,06:22:30,6.982108819873379e-11,6.047988881067162e-12,9.062576447915864e-13,3.234729212334644e-13,1.2432919589069e-12,1.7509629154311987e-10,3.4136623705251923e-06,2
612,06:23:00,7.92705968722577e-11,4.5787788083200545e-12,1.1343403215910316e-12,4.474050952453567e-13,1.0987436812694286e-12,4.6275595069614886e-10,3.3736410511928526e-06,2
613,06:23:30,1.1494271546084255e-10,4.453484975862017e-12,1.7311370594533793e-12,8.921403487377864e-13,7.016548893614178e-13,1.026243290222853e-09,3.3804085932922967e-06,3
614,06:24:00,9.078669120876875e-11,4.852065119550475e-12,2.462974895960082e-12,1.5087798860573537e-12,1.6756876993014056e-12,1.877995546930279e-09,3.3715534263695404e-06,2
615,06:24:30,7.24074613785024e-11,4.457239335328424e-12,1.6968025869088372e-12,1.0373163734669966e-12,1.6653507976854915e-12,6.676053413677484e-10,3.4082768540657066e-06,2
616,06:25:00,1.1207614028828335e-11,2.4135245985951414e-12,7.910499047593162e-13,3.5230992244509556e-13,1.594397266358681e-12,9.730863866766983e-11,3.3608776153075705e-06,2
617,06:25:30,6.930690503402637e-11,3.548230998311667e-12,1.0293258870164783e-12,3.0508539509641813e-13,9.964921756273593e-13,1.8659885150899783e-10,3.392563756419122e-06,2
618,06:26:00,1.996102330557451e-11,4.161708802683663e-12,7.619374275397627e-13,4.412830876960484e-13,1.7766253682581856e-12,2.2837311278979902e-10,3.4398895135994917e-06,2
619,06:26:30,1.4823753225095027e-11,3.856151724775804e-12,1.0076236524647674e-12,2.8042695191638366e-13,9.62100276873805e-13,1.0374612873001718e-10,3.4238415897544566e-06,2
620,06:27:00,1.621008769954862e-11,4.122789949175001e-12,1.1671254131057067e-12,3.113041987454289e-13,1.39236447215564e-12,8.80298359796096e-11,3.4278188928597668e-06,2
621,06:27:30,4.11490308144846e-11,5.54093962100564e-12,9.791532322185463e-13,2.71215593635204e-13,7.391096004626672e-13,1.4906251326485545e-10,3.411835118854079e-06,2
622,06:28:00,3.138040878297043e-11,3.097170295965877e-12,9.531040663182435e-13,3.4074267308802583e-13,6.407828796933483e-13,5.146757146266794e-10,3.412099966898201e-06,2
623,06:28:30,4.1944655052579753e-11,3.866231574369531e-12,1.590939303849525e-12,6.025002834040137e-13,3.221342493818024e-12,1.205593918422167e-10,3.3767057242662574e-06,2
624,06:29:00,3.0090198387007824e-11,3.5053187778278453e-12,9.726058274813979e-13,5.23454532128545e-13,2.8525866259536364e-12,1.0161779151045041e-10,3.389788492051704e-06,2
625,06:29:30,4.9165517161367053e-11,4.232999663187716e-12,1.5330556236212644e-12,2.7000671255345816e-13,1.0640518405574907e-12,1.3627280608796431e-10,3.3785439853874864e-06,2
626,06:30:00,2.7358474041056523e-11,5.148923187857608e-12,1.2857072961833889e-12,6.639088291223726e-13,3.1776089244151344e-12,1.3398219048788596e-10,3.351833296939126e-06,2
627,06:30:30,4.9211751763499893e-11,5.5525739628731815e-12,7.680969539157514e-13,3.790811944019535e-13,1.2318179782219082e-12,2.435174906502827e-10,3.3703200679312223e-06,2
628,06:31:00,7.452806407398398e-11,3.736245178429166e-12,9.453524666370439e-13,4.699617749144156e-13,2.4011083879286625e-12,1.8281116742874818e-10,3.4174116771375823e-06,2
629,06:31:30,4.164613777559632e-11,2.1097796732794374e-12,6.153716668877811e-13,3.2081454709164405e-13,7.791425978460271e-13,5.075382989926426e-10,3.3262804291981878e-06,2
630,06:32:00,3.94578554414861e-11,5.8709829045916846e-12,1.5142395231560167e-12,3.9898421169607424e-13,1.4982213365192793e-12,1.6478528624863724e-10,3.3539807042660373e-06,2
631,06:32:30,5.8100552763747873e-11,4.1208822587309105e-12,8.913825987350243e-13,2.384513668697372e-13,6.145265254623445e-13,1.2509154845937914e-10,3.401286468168739e-06,2
632,06:33:00,6.001427224011027e-11,4.478757075805528e-12,1.2627517743136169e-12,3.894559481048271e-13,1.6824209151114093e-12,2.53679033342727e-10,3.4350541257753027e-06,2
633,06:33:30,4.142485856326577e-11,5.016662873182711e-12,1.02199581017334e-12,4.3253850450619567e-13,1.0890929935536253e-12,1.416664542993823e-10,3.3968269414200377e-06,2
634,06:34:00,3.787069902817692e-11,3.3894868041275478e-12,7.516846966962496e-13,2.1157892933565186e-13,4.3744054001040956e-13,9.255184818836358e-10,3.4405042093199818e-06,4
635,06:34:30,1.5118629229766203e-11,3.0036976089464184e-12,7.661904358703494e-13,2.0063672762665675e-13,3.0984892445244523e-13,1.1077047810491243e-09,3.4117110524849346e-06,4
636,06:35:00,7.919831118079264e-11,4.926858969992116e-12,1.3312938360173564e-12,3.328482291106672e-13,8.721268819488337e-13,2.0879524877608867e-09,3.410884484087591e-06,4
637,06:35:30,7.058451196596979e-12,2.1716006223715097e-12,9.23106407260792e-13,2.975366259692886e-13,1.0551234163876112e-12,3.5061439219707236e-10,3.423225182875442e-06,4
638,06:36:00,1.02605219709819e-11,1.9221712441209047e-12,5.930100221950443e-13,1.800757135696987e-13,2.4871939202987885e-13,1.1513665223237196e-10,3.414304172471473e-06,4
639,06:36:30,3.043251207207744e-11,3.1155448828553638e-12,5.865677921082744e-13,1.7847012473586323e-13,2.69379510706262e-13,1.1871331883418808e-09,3.4332990920022564e-06,4
640,06:37:00,1.3022159655548227e-11,2.5928092079077106e-12,6.334044350202644e-13,1.7816602518991294e-13,3.003304359855212e-13,1.907117561246365e-09,3.3697766952641584e-06,4
641,06:37:30,1.6237770689857738e-11,2.1565025683501184e-12,5.375333655716584e-13,1.7552324228095386e-13,2.985083678926269e-13,5.384894382174769e-10,3.3795414987692406e-06,4
642,06:38:00,1.2006956824510232e-11,3.257037117002959e-12,5.542176727090882e-13,1.823432457773287e-13,3.398400470159113e-13,7.955950096486145e-10,3.4339283511788293e-06,4
643,06:38:30,2.964558119682744e-11,3.908505229703612e-12,1.4059307379090043e-12,2.8885368384277646e-13,1.2352550547730818e-12,2.636178457003804e-10,3.4350446453847285e-06,4
644,06:39:00,1.2167309421527906e-11,3.186515089033738e-12,7.439215137121186e-13,1.8124793659603687e-13,2.6089215102899106e-13,3.2483452880263566e-10,3.42962118259219e-06,4
645,06:39:30,1.0403945791908342e-11,1.8516496603169442e-12,4.596441710285935e-13,1.5254787327914987e-13,2.6451151386172535e-13,2.441615132554781e-10,3.412004170314034e-06,4
646,06:40:00,5.995410726965704e-11,3.953658745771555e-12,1.444409415572364e-12,1.2044802288684819e-12,1.715088568330686e-12,7.22313093774877e-10,3.387979277567624e-06,4
647,06:40:30,1.4906692676587396e-11,4.695018267534592e-12,2.7111471328544125e-12,2.8892177913162378e-12,4.386587326086386e-12,1.1824980795454681e-09,3.4168553489719424e-06,1
648,06:41:00,2.830866629803045e-11,2.5066737477927235e-12,5.431713712843625e-13,2.393494209161965e-13,6.311938168292889e-13,3.5600183663307075e-10,3.4075844266305998e-06,4
649,06:41:30,3.349892902446075e-11,4.717407208339362e-12,8.229800952448267e-13,2.662337498437313e-13,7.355798967428411e-13,1.747567219730133e-10,3.4046351075068564e-06,2
650,06:42:00,4.083947261078983e-11,6.4439194149923084e-12,1.1548919408619214e-12,3.036057638447379e-13,6.709087745327854e-13,1.2261516132375945e-10,3.3773981607646287e-06,2
651,06:42:30,3.47386071575721e-11,2.3813517462152815e-12,7.901324901292748e-13,2.1616585970585256e-13,5.441657575688555e-13,8.290974567908781e-11,3.368467127810207e-06,2
652,06:43:00,1.8248137880130662e-11,2.9643732311007737e-12,8.317807772310909e-13,1.9993710015397593e-13,4.659193945913474e-13,1.3922546300607028e-10,3.3779425331576416e-06,2
653,06:43:30,3.984397577899827e-11,4.176810595091981e-12,1.0200919221372154e-12,7.478127389364875e-13,8.170788790255868e-13,3.7108112399302146e-09,3.388497122923616e-06,0
654,06:44:00,2.1467456826878333e-11,2.33892292555863e-12,5.244148422139384e-13,1.8334011233232007e-13,3.990885758918935e-13,8.498675593792124e-10,3.384073269869961e-06,2
655,06:44:30,5.8148399639437795e-11,1.9122851935452687e-12,5.164042066863346e-13,3.2147361169229525e-13,1.3540161652859507e-12,8.787464331620111e-11,3.405745952458671e-06,2
656,06:45:00,9.56474887835212e-12,1.6923865794902218e-12,6.925734036200588e-13,3.437094524548726e-13,1.2303883715942903e-12,7.36424355672127e-11,3.4039143436426627e-06,2
657,06:45:30,7.01648143697904e-11,2.869040669085026e-12,6.69664584797857e-13,4.62861724396532e-13,1.8018088666405977e-12,1.4751975250744727e-10,3.34955341377888e-06,2
658,06:46:00,3.651262088951906e-11,2.747732224466559e-12,1.0237419355546854e-12,2.008010998081737e-13,5.899906893881696e-13,7.814441813516208e-11,3.3882383885254128e-06,2
659,06:46:30,2.696856992133185e-11,3.601853112106297e-12,1.0331666405514117e-12,3.8579858962176626e-13,1.0959600150586465e-12,1.1423246806128755e-09,3.386493035707003e-06,2
660,06:47:00,2.4344758243235338e-11,4.046674324609834e-12,2.57937240196522e-12,2.1030388998291824e-12,1.7804209381387104e-12,4.629192106871231e-09,3.3892273364516343e-06,1
661,06:47:30,3.343903331353603e-11,2.1130915664244206e-12,9.767116328198585e-13,2.2795029115583313e-13,5.345773265003392e-13,3.847677749387985e-10,3.403317849767385e-06,2
662,06:48:00,2.4581166584387944e-11,3.2882566544958466e-12,1.1747547816549883e-12,4.0139920492738357e-13,1.8442762980758254e-12,1.8634477117055352e-10,3.360291614295435e-06,2
663,06:48:30,2.2647936744467697e-11,2.9679597380261907e-12,7.105620808047553e-13,3.756660322420521e-13,1.5507003134502742e-12,7.31879078783976e-11,3.407432698748535e-06,2
664,06:49:00,3.241523448757767e-11,2.792084109073907e-12,1.1947004255834422e-12,3.987246803633958e-13,1.1745089187880685e-12,1.0138891844362445e-10,3.410469344782836e-06,2
665,06:49:30,1.7850313285945835e-11,2.5191683568627947e-12,6.370794174096105e-13,3.8201561676453506e-13,1.3322031385816177e-12,7.164411481650719e-11,3.4341288945330267e-06,2
666,06:50:00,1.2123508645236919e-10,1.3481531731820275e-11,9.464816307996173e-12,8.268667453133123e-12,1.1498037323023035e-11,3.768748384682172e-09,3.4244167036742174e-06,0
667,06:50:30,8.584046622543505e-12,2.962557871407445e-12,4.8136875643980375e-12,2.0430689426384883e-12,1.0602034637212603e-12,1.5003078144986504e-09,3.3754042957371697e-06,0
668,06:51:00,8.273785791748958e-12,2.3739198639989853e-12,5.184195743493046e-13,2.9251814712831476e-13,7.429921037329362e-13,5.174790246547323e-10,3.333179139487655e-06,1
669,06:51:30,1.591777532998735e-11,3.248334212619912e-12,6.282614370896427e-13,2.315110950988676e-13,7.548065346419738e-13,4.804341931820575e-10,3.3565174435361056e-06,2
670,06:52:00,1.582691623634669e-11,2.453062478488338e-12,8.643209045915536e-13,3.9764707478494466e-13,9.584874429468192e-13,5.284473508122606e-10,3.37718076012518e-06,2
671,06:52:30,4.995580751606515e-11,2.978412399143514e-12,5.307342416481745e-13,2.7776001183243544e-13,6.886770147378963e-13,3.342268438615561e-10,3.389092683917465e-06,2
672,06:53:00,1.7954598608139682e-11,4.020860299248159e-12,6.448772495593813e-13,7.364598652356106e-13,2.8095489634975827e-12,1.9226849014257336e-10,3.406617487482081e-06,2
673,06:53:30,1.785802096073715e-11,2.4928472447749665e-12,7.471543618015587e-13,3.3733050808932477e-13,1.0905634431518369e-12,1.632001328165883e-10,3.377474383174689e-06,2
674,06:54:00,3.594307664669609e-11,2.2094258907893647e-12,7.14171076938999e-13,4.31900823120148e-13,2.0233217319277763e-12,1.0420500769173106e-10,3.351926493826466e-06,2
675,06:54:30,6.782678415544338e-11,5.196254414396538e-12,1.054148950021143e-12,2.515632297510393e-13,1.094522127728348e-12,9.764543240577112e-11,3.4024227955915356e-06,2
676,06:55:00,2.945350785036974e-11,2.456411151678013e-12,7.094205664521883e-13,3.75360673988135e-13,1.1316033713636953e-12,9.7009745917038e-11,3.379392501055352e-06,2
677,06:55:30,3.3833117455098854e-11,2.436460252038874e-12,7.155180302865803e-13,3.8668333780236686e-13,9.172532682073754e-13,1.5866153786093772e-10,3.430088358776918e-06,2
678,06:56:00,1.648632714291037e-11,2.794176455259544e-12,1.0188067600503255e-12,4.797567042061837e-13,1.9227452321631366e-12,9.030345466743269e-11,3.3628227365950242e-06,2
679,06:56:30,1.0921376760512229e-11,2.203385676743905e-12,7.124244573498586e-13,3.5208134540188616e-13,1.211899509773679e-12,1.3990827646060454e-10,3.3554123102191737e-06,2
680,06:57:00,1.3283152149709277e-11,2.7304973247095976e-12,7.447462604818991e-13,4.0041550488068257e-13,2.1260586162253657e-12,7.800797429050913e-11,3.4141619586797174e-06,2
681,06:57:30,1.1510770989327149e-11,2.50991334767643e-12,9.655409368145218e-13,3.093592607914633e-13,1.3856337742094575e-12,9.764738927123016e-11,3.3517958309768862e-06,2
682,06:58:00,4.305054051087903e-11,4.452298259557125e-12,1.4498820797081552e-12,3.1990650552725387e-13,1.3413732785339368e-12,1.6735879915597234e-10,3.3692717335567864e-06,2
