index,start_time,eeg_delta_power,eeg_theta_power,eeg_alpha_power,eeg_beta_power,eeg_spindle_power,eog_var,emg_rms,used,label
1,23:06:30,9.506445272117307e-12,2.4047742894332133e-12,2.3345565388058574e-12,3.8405489250859644e-13,9.514684498563304e-13,1.1117660421217484e-09,2.08414049507397e-06,0,1
2,23:07:00,2.3477348048354707e-11,6.711647238382972e-12,2.28971778845711e-12,5.810037442642239e-13,1.1732729640840341e-12,1.6041254337388523e-09,2.0564596707215947e-06,0,1
3,23:07:30,3.312928505391277e-11,5.529711218633832e-12,1.697315477809302e-12,5.400769091772801e-13,2.114475924091796e-12,1.2219361921657164e-09,2.0365739505001334e-06,0,2
4,23:08:00,5.6955685516545774e-11,8.167950978949264e-12,2.3419554385751866e-12,8.450219359671577e-13,2.688681370046358e-12,1.3018407779529392e-09,2.0629208413887715e-06,0,2
5,23:08:30,2.3657171177637118e-11,4.778069874711466e-12,1.3793578453519831e-12,4.0266370685065994e-13,5.466507938070049e-13,7.975802961327406e-10,2.2334826012798074e-06,0,2
6,23:09:00,3.815588474514475e-11,8.773372453544691e-12,3.0770577020905444e-12,4.0926964804929136e-13,1.094044642078918e-12,3.9732846298520346e-10,2.1883704721320174e-06,0,2
7,23:09:30,1.5597782198426572e-11,2.7909550044756675e-12,5.41980184013693e-12,4.328573137403662e-13,7.716211983249421e-13,4.908530471225098e-10,1.991311302435174e-06,0,2
8,23:10:00,4.8709910578928995e-11,1.2997829377783455e-11,6.274150989607498e-12,5.628467547864269e-13,1.3901282715078828e-12,2.6487322445117014e-10,1.9909515836105277e-06,0,2
9,23:10:30,6.165130256846807e-11,9.062233350458637e-12,2.6540089205640845e-12,5.861531650241955e-13,1.3221467979611488e-12,2.8146076173675814e-10,1.9493903433457048e-06,0,2
10,23:11:00,4.987797687670049e-11,1.2774847680259133e-11,5.02002197778278e-12,6.1730428401482e-13,1.7714796792554822e-12,2.445313377461729e-10,2.031198045308704e-06,0,2
11,23:11:30,3.662126262622887e-11,9.271875664840484e-12,4.986585836288606e-12,7.565102552958717e-13,2.6633472970208666e-12,2.1497975945330494e-10,1.9666645892090354e-06,0,2
12,23:12:00,2.9486111656475224e-11,4.857091226401459e-12,3.758262823867514e-12,3.4660202361051743e-13,1.5033438775525567e-12,1.230148103647541e-09,2.0214238481575112e-06,0,2
13,23:12:30,4.684900232271594e-11,8.514677818582736e-12,5.8675021120818895e-12,7.99677323065079e-13,2.4348113577055127e-12,2.9229943251264404e-10,1.9548631343015145e-06,0,2
14,23:13:00,4.733245009434342e-11,1.1265841803251664e-11,4.661826496164786e-12,5.95439617843878e-13,2.723171540300208e-12,4.3657421371052834e-10,1.8803915566601289e-06,0,2
15,23:13:30,3.2531704849026515e-11,4.184337920775679e-12,6.091493725023173e-12,4.5134122634844685e-13,1.3963447858798561e-12,5.384575698246523e-10,1.9432546631103303e-06,0,2
16,23:14:00,4.309343806741713e-11,6.536406862229366e-12,3.1930327212506017e-12,7.40722497507242e-13,2.5307856536100847e-12,6.301515750253336e-10,1.7752467681651824e-06,0,2
17,23:14:30,8.286428640690823e-11,1.4078347359565672e-11,5.0958857566783675e-12,1.0951299993704495e-12,5.322680586855085e-12,4.685982448800568e-10,1.6699204097007138e-06,0,2
18,23:15:00,6.031080703551128e-11,8.702256184541676e-12,7.748279641444017e-12,6.774854801555038e-13,3.174075477031236e-12,1.1678360846011223e-09,1.7052481750180816e-06,0,2
19,23:15:30,3.8083566372175676e-11,3.802350937300534e-12,7.0782996952469455e-12,1.0109324216817959e-12,1.8088897285072e-12,7.721712299206757e-09,1.5469154703325955e-06,0,2
20,23:16:00,6.619455921135131e-11,9.344610990571426e-12,5.052792386441886e-12,1.4046017975431224e-12,6.7459295221651505e-12,3.47793250497824e-10,1.0473146159232738e-06,0,2
21,23:16:30,5.207081873973637e-11,1.106316043105432e-11,1.09332388118657e-11,9.686784029534409e-13,5.031598587834983e-12,2.486407029127167e-10,1.1306461117004445e-06,0,2
22,23:17:00,7.84534502048618e-11,9.595112157013227e-12,6.352086615275352e-12,5.416075833997416e-13,2.017821715548333e-12,1.7408850538219503e-10,1.0889093468523111e-06,0,2
23,23:17:30,7.254481011169959e-11,9.391626856939124e-12,5.902722221004297e-12,9.659009206448128e-13,4.5343800752542865e-12,2.274002780009312e-10,1.1167380530508378e-06,0,2
24,23:18:00,9.658148477500768e-11,6.4150121403768136e-12,5.226446740526281e-12,1.1638759666403356e-12,6.12600870717658e-12,2.5007667157065523e-10,1.090032352418019e-06,0,2
25,23:18:30,7.494209200424885e-11,1.22370602282398e-11,4.960654907384636e-12,5.731847531367285e-13,2.6254899660086856e-12,2.5074300574032127e-10,1.0886756865359628e-06,0,2
26,23:19:00,8.160230907203903e-11,1.8306838559704972e-11,5.144782825278663e-12,5.746192361103998e-13,2.7627301652035703e-12,2.1410282212837818e-10,1.1368075689545354e-06,0,2
27,23:19:30,1.0375729476260678e-10,8.486638140315167e-12,3.761657314459478e-12,4.875422120628571e-13,1.7900188106587741e-12,2.646165820566508e-10,1.1010230656683747e-06,0,2
28,23:20:00,7.274272426027514e-11,1.1635867660640514e-11,4.639457684265048e-12,5.737749727871424e-13,2.5454383349173155e-12,1.9390578994008252e-10,1.1064564061535588e-06,0,2
29,23:20:30,7.922262696375504e-11,9.399143074577674e-12,5.638867306135932e-12,6.740009905530209e-13,3.4884968434160686e-12,2.331183411571101e-10,1.0704100977554692e-06,0,2
30,23:21:00,8.415156334654036e-11,7.228861022652388e-12,3.8539249792447636e-12,3.5710037966589933e-13,1.7045226348838646e-12,2.042517725485893e-10,1.0593289707650186e-06,0,2
31,23:21:30,1.0499689681525393e-10,8.454423766666003e-12,4.413462699998839e-12,1.115623140803069e-12,7.1354469313533175e-12,2.366900536264488e-10,1.069490264173351e-06,0,2
32,23:22:00,7.293047927689164e-11,8.122060942759235e-12,4.068404864128853e-12,4.894620788447794e-13,2.680005551030985e-12,2.831403841559151e-10,1.0299712231090697e-06,0,2
33,23:22:30,7.460306933317793e-11,7.620269990305273e-12,5.717455914928693e-12,4.891507763997352e-13,2.630337089206219e-12,4.177598545946413e-10,1.0914530330079954e-06,0,2
34,23:23:00,1.3211248203604783e-10,1.1758172880344927e-11,4.8393830014039885e-12,5.785711340996889e-13,3.674560045178501e-12,3.667188176130629e-10,1.0481939038221969e-06,0,2
35,23:23:30,1.1954528946762252e-10,8.33531763425412e-12,4.900265429812218e-12,4.4809224268834266e-13,2.245039904448681e-12,4.739357234468175e-10,1.0889646366992142e-06,0,2
36,23:24:00,1.5600539232746523e-10,1.1221364610366334e-11,2.7873451992008517e-12,4.571803447366665e-13,2.4685409226448084e-12,4.692282139068795e-10,1.0840117778734154e-06,0,2
37,23:24:30,9.703301131321204e-11,1.1292579138732186e-11,5.459184562627823e-12,7.264166728810759e-13,4.195311965549057e-12,4.5651642249891115e-10,1.052176168044153e-06,0,2
38,23:25:00,1.0222891925794652e-10,1.0644832565512686e-11,3.62022610744662e-12,6.274615308291035e-13,3.726847341146223e-12,5.430081664515003e-10,1.0409034986028323e-06,0,2
39,23:25:30,1.2882249987338098e-10,7.116827744518163e-12,3.254529378393e-12,3.1588886081684576e-13,1.4347820590459156e-12,5.581943284704042e-10,9.738909796986164e-07,0,2
40,23:26:00,1.3201209834765577e-10,1.366218436933576e-11,3.409150664935342e-12,2.828218262047214e-13,8.986550887111696e-13,6.601307480827567e-10,9.738185722501628e-07,0,2
41,23:26:30,1.40047813898924e-10,1.0424467353049731e-11,3.715540263501438e-12,3.5762787523964115e-13,1.4095903384485153e-12,6.672622580152807e-10,1.0194573353778168e-06,0,2
42,23:27:00,1.3752198717579283e-10,1.2353259824472345e-11,3.889096846791064e-12,6.684665014575319e-13,4.12836317968954e-12,7.276021392681862e-10,9.531700577958247e-07,0,2
43,23:27:30,1.2740636167026452e-10,7.835236116749587e-12,2.7480475744279933e-12,2.96184615466823e-13,1.4273194035227482e-12,9.223764092276376e-10,1.007513800798216e-06,0,2
44,23:28:00,2.0123288140732665e-10,1.6306261636332875e-11,4.685183457029592e-12,4.88838274373358e-13,2.906654927239377e-12,9.378444752904681e-10,9.611670446663683e-07,0,2
45,23:28:30,1.5890122173420134e-10,9.824540383800582e-12,2.624672047702397e-12,4.2594716536159735e-13,2.4209299558241228e-12,9.545508296208826e-10,1.0208411345528651e-06,0,3
46,23:29:00,2.2160222633187225e-10,1.1294830822133585e-11,3.144630802515069e-12,3.4617242591286753e-13,1.6140919418099688e-12,1.0341630990232525e-09,9.664058435316801e-07,0,3
47,23:29:30,1.4526202761331719e-10,9.883375074464572e-12,4.178494659168701e-12,4.3244125373033757e-13,1.9889943830651956e-12,3.4047204322806187e-09,1.025783899532151e-06,0,2
48,23:30:00,2.5159908575481156e-10,7.621834799608396e-12,2.3843204085573534e-12,3.3592236805076935e-13,1.517230232000398e-12,3.097175684532757e-09,9.878591393894962e-07,0,3
49,23:30:30,2.0557515546977712e-10,8.444100692450566e-12,3.334647836162878e-12,2.938107371624222e-13,1.4678462951495512e-12,1.4649595609068633e-09,9.829234448475215e-07,0,3
50,23:31:00,1.3741770485775393e-10,8.244985234151322e-12,2.9604612262047684e-12,3.049865039185102e-13,1.4690856325807408e-12,1.0751790495163592e-09,9.655539032179823e-07,0,3
51,23:31:30,1.4725248669302723e-10,8.744922028943014e-12,2.7049747201389465e-12,3.744382931407091e-13,2.2532984868133133e-12,1.273769259720357e-09,9.645942885253598e-07,0,3
52,23:32:00,1.764921846958286e-10,8.683253104202441e-12,2.783288578958149e-12,3.2701233679090136e-13,1.667592925492003e-12,1.9035720232627107e-09,9.72056173470295e-07,0,3
53,23:32:30,1.1582304540251621e-10,7.394363878958333e-12,2.3670698197144106e-12,2.685901783223015e-13,1.25671224945748e-12,1.1359600425489362e-09,9.370778579631425e-07,0,3
54,23:33:00,1.191511292769009e-10,6.596830448146496e-12,3.730935627047355e-12,3.4437473325201223e-13,1.555156579230962e-12,1.4587155128455054e-09,9.637307664301602e-07,0,3
55,23:33:30,2.7268448734696406e-10,7.024727603898459e-12,2.0929846826980935e-12,2.8973092638797983e-13,1.4053155115335248e-12,1.3471050815885296e-09,1.0142791188886443e-06,0,3
56,23:34:00,1.8835980597875215e-10,1.1797139231496965e-11,3.784323289945272e-12,3.6676674743491494e-13,1.7975469009739397e-12,1.1493299939015762e-09,1.0104738525726317e-06,0,3
57,23:34:30,2.0078981618616587e-10,1.0503453280786041e-11,3.240827120172161e-12,2.875161667102974e-13,1.3625351798008388e-12,1.5663919472570559e-09,9.90263323827112e-07,0,3
58,23:35:00,1.8010004792422183e-10,7.451213324660157e-12,3.398816117336806e-12,2.911781138536588e-13,1.1857756127865711e-12,1.384464501557499e-09,1.0966783274100892e-06,0,3
59,23:35:30,1.5479440786278878e-10,6.778776226087429e-12,3.1631664778758947e-12,4.2899867797099126e-13,2.1538681138517635e-12,1.4295935387688652e-09,1.024078618657312e-06,0,3
60,23:36:00,2.2585561674397455e-10,8.182568276123573e-12,3.019336028008447e-12,3.948399066836816e-13,1.8470838351737194e-12,1.5046870363488326e-09,1.0162231744398463e-06,0,3
61,23:36:30,1.7748045456329015e-10,8.586017838866895e-12,2.9935851131789715e-12,2.9762504851066947e-13,1.0199963601357542e-12,1.4957607055359083e-09,9.383912757975502e-07,0,3
62,23:37:00,1.3438477588344743e-10,7.920731373700237e-12,2.3323594987355794e-12,4.792877402451319e-13,2.2557949519309845e-12,1.6333154965816775e-09,1.0414786797379124e-06,0,3
63,23:37:30,2.6575996644846384e-10,8.468001807469405e-12,2.7975687617682088e-12,3.242955877687007e-13,1.6189049577192462e-12,1.480775659131655e-09,9.685609400850346e-07,0,3
64,23:38:00,1.9781757937222153e-10,1.183280362209538e-11,3.3318821284386356e-12,3.9623549362776095e-13,2.192233909162557e-12,1.6125920594356085e-09,9.826625007898204e-07,0,3
65,23:38:30,2.0319537619144206e-10,7.129359877799607e-12,1.6525339917875472e-12,3.368327021265876e-13,1.739660019151067e-12,1.6224676488307611e-09,1.0138560515848577e-06,0,3
66,23:39:00,1.5789208489543348e-10,7.416364633915614e-12,2.5612339263375303e-12,7.059175612206948e-13,4.6398321990661766e-12,1.4672099570029056e-09,1.0231662566954003e-06,0,3
67,23:39:30,2.6681681708192167e-10,8.056639846233488e-12,3.1366638687185115e-12,4.021130318416571e-13,1.4193233816892892e-12,1.4165318090929372e-09,9.532545519664509e-07,0,3
68,23:40:00,1.976930278357845e-10,8.72127223322905e-12,2.9180327553863548e-12,2.2947757209282816e-13,9.039657210027235e-13,3.0201839456452694e-09,1.0134420784395236e-06,0,3
69,23:40:30,2.3739939078844323e-10,8.018842513648917e-12,3.650199787203551e-12,3.138700246651103e-13,1.4809938765543018e-12,2.0634495767768462e-09,9.256799653724769e-07,0,3
70,23:41:00,2.0348269615360962e-10,8.914118707230585e-12,3.0669565696217703e-12,2.865564317476898e-13,1.0397509321762212e-12,2.0381192266339147e-09,9.871930405716416e-07,0,3
71,23:41:30,1.733036164671098e-10,6.89758865601243e-12,2.7925548708076526e-12,2.329402669132085e-13,8.232044578631655e-13,1.8256293491315073e-09,9.266514909213188e-07,0,3
72,23:42:00,1.6788443454232642e-10,8.953164562248157e-12,2.398057577905739e-12,6.304533528892862e-13,4.116702442358924e-12,1.5997759280606148e-09,9.258884195749872e-07,0,3
73,23:42:30,1.8729012325199469e-10,8.728490056548034e-12,2.5335539332929106e-12,2.542823350470768e-13,1.060603556857231e-12,2.023622916847086e-09,8.910252386829127e-07,0,3
74,23:43:00,2.538779645113702e-10,7.069240091483778e-12,2.592660984104636e-12,2.9629848074563444e-13,1.3500615973361692e-12,2.79819456875675e-09,9.596409964247588e-07,0,3
75,23:43:30,2.1687456600030718e-10,8.057499202145905e-12,2.2731470519758507e-12,2.8938111856269636e-13,1.2988727573671311e-12,1.7548606974569173e-09,9.849109055231266e-07,0,3
76,23:44:00,1.6181363513849526e-10,1.0882285662970578e-11,2.569297285099057e-12,3.970315522330835e-13,1.91240197879345e-12,2.0181402730973662e-09,7.24827940980641e-07,0,3
77,23:44:30,1.726187783759012e-10,8.199157440562357e-12,2.8942343289666307e-12,3.360942896903458e-13,1.576379939761019e-12,1.890660592729114e-09,6.986800324733333e-07,0,3
78,23:45:00,1.2678010899109096e-10,1.0723740359420211e-11,3.314276088769828e-12,2.9545765524666556e-13,1.3699905713779676e-12,1.8620678017866089e-09,6.919636424264823e-07,0,3
79,23:45:30,2.2645627710352923e-10,8.217196655051648e-12,2.417964260797631e-12,1.8156888280088452e-13,5.481716961235925e-13,2.4565330386589002e-09,7.258349695051467e-07,0,3
80,23:46:00,1.8412909238771727e-10,9.431143655587377e-12,2.9491001411155884e-12,5.824636621934137e-13,3.670116909215451e-12,1.891521009571007e-09,7.450731707418456e-07,0,3
81,23:46:30,2.3648773220228245e-10,8.905431448037326e-12,2.417970830331714e-12,4.226968264718012e-13,1.870171978048071e-12,2.3673148794507215e-09,7.133522314200096e-07,0,3
82,23:47:00,2.1241854215561521e-10,7.66987804708281e-12,2.3009935954387503e-12,2.39572500189958e-13,9.20954040467794e-13,2.3139579773668933e-09,6.75324910148655e-07,0,3
83,23:47:30,3.992444692158818e-10,8.881445554116707e-12,6.042924009985921e-12,2.0525355178831075e-12,2.5879274310321136e-12,2.3500994237143127e-08,2.497704189886582e-06,0,3
84,23:48:00,2.896327032068319e-10,1.7531643688339175e-11,5.517832312407979e-12,1.5745776907631132e-12,1.865974091078776e-12,6.103181219562196e-09,2.207303242344946e-06,0,3
85,23:48:30,2.015846403567299e-10,1.7650429344926758e-11,6.001019085339559e-12,1.5015369051936473e-12,2.396238499111159e-12,9.558820042527865e-09,1.94564346603496e-06,0,3
86,23:49:00,2.253886843370206e-10,7.571700724535707e-12,9.555338701756114e-12,1.5073880264722348e-12,1.4188400306019473e-12,1.6129403773687452e-08,2.5242525366113595e-06,0,3
87,23:49:30,9.150808623854905e-11,9.15817042857524e-12,3.952410427693995e-12,4.894859521586539e-13,1.1917125046712466e-12,4.767651803044571e-10,1.1178227384833316e-06,0,2
88,23:50:00,1.716784535223547e-10,9.932856287736148e-12,8.193432201949297e-12,1.2118723966347848e-12,1.2760813099255123e-12,8.75345228651961e-09,1.9110627880445915e-06,0,2
89,23:50:30,7.206118793965568e-11,1.0604532537982084e-11,4.521256297402823e-12,4.586816445330017e-13,1.1167912588018843e-12,3.207607567337166e-10,9.971287541406346e-07,0,2
90,23:51:00,6.062380785015515e-11,8.804492308191759e-12,4.214275415341595e-12,9.984533955791708e-13,4.8406196974105065e-12,2.7587816031956924e-10,7.020633027978333e-07,0,2
91,23:51:30,1.9409392478650069e-10,1.0425351935860756e-11,6.5094015821898715e-12,9.110973011205697e-13,1.7443615305468378e-12,7.153195917861431e-09,2.20849860512842e-06,0,2
92,23:52:00,1.1242679330839687e-10,1.345129808735874e-11,6.18183380249989e-12,1.4596134284198628e-12,1.8631109488431886e-12,6.253859725589487e-09,2.051717741192755e-06,0,2
93,23:52:30,3.542668279987718e-11,6.333769876535967e-12,3.5054406628062006e-12,3.59240800892587e-13,1.1469912245770416e-12,3.827699149903639e-10,7.95446439647443e-07,0,2
94,23:53:00,1.2451616904801492e-10,8.812202178023211e-12,4.573235315798543e-12,7.320126742278601e-13,3.3329583692951335e-12,1.369177080586497e-09,1.2228017002886987e-06,0,2
95,23:53:30,1.1862854635300254e-10,6.700726244600712e-12,4.538814651687377e-12,7.061631052623427e-13,1.3524449609233856e-12,2.0541687110283828e-09,1.5864844658161254e-06,0,2
96,23:54:00,1.591128875981042e-10,8.324978904746915e-12,6.163824679619836e-12,6.28293949826164e-12,5.765328631938498e-12,1.881201484736147e-08,1.8215130099751576e-06,0,2
97,23:54:30,7.043242735610392e-11,6.1015518160050904e-12,7.104293839166717e-12,8.290990864848937e-13,7.345284568156089e-13,3.681987051268475e-09,1.3832750764935576e-06,0,2
98,23:55:00,9.042481668873918e-11,1.2094745286046986e-11,7.473105360061846e-12,1.0741316132960564e-12,5.008019648879566e-12,1.747438313247123e-10,7.862543245605674e-07,0,2
99,23:55:30,1.1369436103312973e-10,7.397572941565347e-12,5.675835158714358e-12,1.365916405941715e-12,6.604558518739251e-12,7.0734085633443525e-09,1.889594922839629e-06,0,2
100,23:56:00,3.929267362177285e-11,9.19790969147391e-12,3.513006483663891e-12,3.7403505968333704e-13,1.1930701375136438e-12,4.6452415663094055e-10,1.0122652096927854e-06,0,2
101,23:56:30,4.136454090238832e-11,8.491862934202045e-12,9.811412590322698e-12,7.530803698991548e-13,4.545797789084329e-12,2.2576929137479757e-10,7.18434736092246e-07,0,2
102,23:57:00,7.938782848437777e-11,1.9126238279463787e-11,6.775537179316651e-12,6.227553935581745e-13,3.1437317241198622e-12,1.9513211497688766e-10,6.755926162636294e-07,0,2
103,23:57:30,1.0434923984567525e-10,1.438424407829704e-11,5.374684630223004e-12,8.110769040984383e-13,3.95189581819395e-12,2.6282592508067457e-10,6.78032584452752e-07,0,2
104,23:58:00,1.143282823518897e-10,1.7796916885624073e-11,8.704886820927747e-12,1.2500387831531438e-12,6.535964223753397e-12,3.801420095560314e-10,3.899539694134498e-07,0,2
105,23:58:30,9.916295950435786e-11,1.50582704191691e-11,3.0539858246518293e-12,6.109495267904776e-13,2.791276370305914e-12,3.683714847067913e-10,3.8811184115905247e-07,0,2
106,23:59:00,6.304103451773399e-11,2.0108657840957573e-11,3.347057709172832e-12,6.752275645244968e-13,2.719095575422433e-12,3.6151007022838465e-10,3.2689014230225727e-07,0,2
107,23:59:30,5.6137816562380206e-11,1.1586664142562566e-11,3.529582942271144e-12,4.791832555984339e-13,2.1126797619108488e-12,1.787995422413683e-10,3.147100527003839e-07,0,2
108,00:00:00,7.127040825251148e-11,1.3077828576580174e-11,2.454292349115549e-12,4.0369430872301606e-13,1.4651901132116989e-12,1.1128289993693077e-09,3.4296209297840655e-07,0,4
109,00:00:30,5.6344154145206584e-11,8.077925707935241e-12,3.657587770620996e-12,7.735998996090071e-13,1.878562983193602e-12,5.224731748713403e-09,1.1592904356331652e-06,0,4
110,00:01:00,3.10543692731332e-11,9.848091727013732e-12,1.6816754825287212e-12,2.8471556546043517e-13,6.7972035646973e-13,1.9161536096171954e-10,8.32343157157827e-07,0,4
111,00:01:30,1.0054793356437413e-10,1.5730261025392644e-11,3.5236638033219033e-12,5.048195591816478e-13,1.862697033555495e-12,3.958326979414396e-09,1.381207365589744e-06,0,4
112,00:02:00,1.3810799545949859e-10,6.81562226715449e-12,2.3994140423484126e-12,9.26625548067868e-13,1.4280574050282031e-12,1.2061147205070237e-08,2.2695985045320967e-06,0,4
113,00:02:30,3.386562810369722e-11,1.201076721932269e-11,1.960597722942183e-12,2.6377998709660643e-13,6.737406755989692e-13,2.2800152891356997e-09,1.1525750493209569e-06,0,4
114,00:03:00,2.1631544090930178e-11,9.423017636192989e-12,1.3839640511307517e-12,2.6789119811103863e-13,7.70319086745207e-13,1.7832387739438433e-09,3.53612771353494e-07,0,4
115,00:03:30,4.68769405607797e-11,1.4637189883900765e-11,2.2577437800014763e-12,5.950513354083714e-13,1.1762727145294324e-12,1.737338433888628e-09,1.1446683630141522e-06,0,4
116,00:04:00,5.103337394127213e-11,1.3672879496993959e-11,1.6437987948288085e-12,2.9024928902379426e-13,4.878111498417213e-13,3.5582223010428113e-09,4.1971453737960564e-07,0,4
117,00:04:30,3.9725565017294563e-11,7.286449177484771e-12,9.38672710718476e-13,2.05177568424096e-13,4.253640298639709e-13,3.678631924626903e-09,3.4202278286704523e-07,0,4
118,00:05:00,2.8559995594994155e-11,8.249806028457663e-12,1.0282290080635947e-12,2.489764983473011e-13,4.597781224263962e-13,1.575710502664374e-09,4.3005603793179124e-07,0,4
119,00:05:30,2.422336526138796e-11,7.631109035941263e-12,1.2546998761281934e-12,2.542335842561689e-13,5.338186206584099e-13,5.471842031440424e-10,5.140993669730722e-07,0,4
120,00:06:00,2.2223511047043965e-11,9.186390935584817e-12,2.423778825777215e-12,3.060401820084517e-13,6.563070117000349e-13,5.238245415389236e-10,4.356461750172314e-07,0,4
121,00:06:30,1.74118714282742e-11,7.400828325232589e-12,1.3696449989327998e-12,2.6358572354702827e-13,5.131276618610817e-13,4.446026889115682e-10,4.716059596028897e-07,0,4
122,00:07:00,4.077294740509613e-11,9.838189465081002e-12,1.7258441736817956e-12,3.2019185263292667e-13,7.039000157156386e-13,1.5454171277495071e-09,9.107659839062509e-07,0,4
123,00:07:30,3.343540623480974e-11,1.0841527471275489e-11,2.2168823098088748e-12,3.704930392732477e-13,1.2444846848032967e-12,7.805968296400676e-10,1.2434938623483254e-06,0,4
124,00:08:00,2.2848409326825425e-11,8.050351211054366e-12,1.4984834946114116e-12,2.372840325634589e-13,5.991789628636045e-13,2.2047347486720128e-09,3.9434903512844903e-07,0,4
125,00:08:30,3.2597741379466467e-11,1.3168697239498442e-11,1.805492077373712e-12,2.831925834537903e-13,5.708344097374138e-13,2.67345628375809e-09,3.924161006101796e-07,0,4
126,00:09:00,2.643500244262187e-11,9.748104391419114e-12,9.739894603792402e-13,2.5449721104565975e-13,4.5092844765205323e-13,2.743734434664833e-09,3.2923666998992544e-07,0,4
127,00:09:30,1.8966787362899974e-11,4.228649767128279e-12,9.007127584175914e-13,2.0203988163344057e-13,3.5305245466377303e-13,8.905117787930325e-10,3.8811368779591936e-07,0,4
128,00:10:00,3.3156275525272646e-11,6.017576319914472e-12,1.1199068829162726e-12,2.3398805155232405e-13,4.840859947151016e-13,1.8224092311540404e-09,4.4836505221936717e-07,0,4
129,00:10:30,1.461341960192854e-11,2.898363397965496e-12,8.758261146876036e-13,2.273115173569031e-13,3.958742586499551e-13,7.744957966632284e-10,4.0941500377622777e-07,0,4
130,00:11:30,7.683233338330627e-12,3.1208466868648554e-12,2.7561777064475485e-12,2.725532561298999e-13,3.8313404863666804e-13,3.1433130482183023e-09,1.025721631080818e-06,0,1
131,00:12:00,1.5605331873010772e-11,5.036842777373978e-12,1.579907638512785e-12,2.790698277117525e-13,7.906157871623863e-13,1.6366867208598825e-09,6.742141058581367e-07,0,1
132,00:12:30,5.901594952384662e-11,7.1525127010511354e-12,3.843564260933781e-12,9.202923894143109e-13,1.3905912903769398e-12,9.258034944123934e-09,1.6377080594946807e-06,0,2
133,00:13:00,5.589580658913115e-11,4.1739351684435745e-12,2.2555525197870717e-12,3.571533858498588e-13,5.092253193431542e-13,4.332877833597075e-09,1.448537811209475e-06,0,2
134,00:13:30,1.2389319117991757e-11,3.0079795023081562e-12,1.2480768770118156e-12,3.1226166889181344e-13,8.518750618661267e-13,7.763546008488031e-10,7.593553158951467e-07,0,2
135,00:14:00,2.1943154672479358e-11,3.3673015849660906e-12,4.758193035916309e-12,4.5122439765006857e-13,1.910146143376907e-12,8.475568872964123e-10,5.617234748034205e-07,0,2
136,00:14:30,3.074654997351076e-11,1.0565308818494637e-11,3.9936070195230185e-12,5.099737224157884e-13,2.0668397142417588e-12,5.207715463274193e-10,4.886349188785125e-07,0,2
137,00:15:00,3.824369395823553e-11,1.7256857872333028e-11,1.779164258333103e-12,3.370816206925636e-13,1.0662477099339812e-12,5.241092642316532e-10,5.206237425703515e-07,0,2
138,00:15:30,2.1186836590295216e-11,4.33022908341738e-12,1.3309923830336e-12,2.746379682104681e-13,5.602555124055151e-13,8.10891157947721e-10,5.085599063601922e-07,0,2
139,00:16:00,2.8296873205463828e-11,6.360173316926877e-12,1.9448901066347493e-12,2.4677026438224087e-13,7.44692805256988e-13,6.846037698992112e-10,5.27114324076255e-07,0,2
140,00:16:30,1.7216135941602162e-11,6.0008440077770935e-12,2.8311599157856755e-12,4.2211629026321244e-13,1.2325445634099642e-12,9.944853049878804e-10,1.3946525950074808e-06,0,2
141,00:17:00,3.1899261322764364e-11,1.0402314092008132e-11,1.294625072011117e-12,2.374669508810206e-13,6.498740589197225e-13,6.20179887895946e-10,5.533325728493969e-07,0,2
142,00:17:30,7.922966772935202e-11,7.232175815715977e-12,1.1669129986161335e-12,2.2274897438502913e-13,4.840598039016385e-13,5.137945664955257e-09,5.629915551210894e-07,0,4
143,00:18:00,3.928393164767104e-11,5.150115714155406e-12,1.2637361561861476e-12,1.8848268900438204e-13,3.29014690795895e-13,3.143932730726173e-09,6.208159218709255e-07,0,4
144,00:18:30,4.4126120677090387e-11,1.980025534105594e-12,1.725871163029295e-12,4.683388649721544e-13,6.282251017270097e-13,5.63687232059482e-09,1.284428077591037e-06,0,4
145,00:19:00,1.0546300909445308e-10,1.4029268378188068e-11,1.0211271648464477e-12,2.614180289282756e-13,4.716573728046058e-13,5.531128305787827e-09,5.974811232820461e-07,0,4
146,00:19:30,6.17335301370994e-11,9.6354107728635e-12,1.2752423712485478e-12,2.1081553977941768e-13,2.807271452824333e-13,2.5991167072914294e-09,6.253024844293026e-07,0,4
147,00:20:30,6.096878226870035e-11,5.652534689538381e-12,1.4675329046239952e-11,8.291381014060275e-13,1.4040515954908272e-12,8.981680569053188e-09,2.313104676280093e-06,0,0
148,00:21:00,9.270549360839439e-12,1.933190239047242e-12,1.0718590686088337e-12,2.5114996313014913e-13,4.790394158216056e-13,3.553406332130975e-10,1.453994103076666e-06,0,1
149,00:21:30,2.7060714621745412e-11,9.050711552682515e-12,2.1940673272476495e-12,5.562611144298931e-13,1.1327672019673829e-12,2.3522802756244766e-10,8.906459584993405e-07,0,2
150,00:22:00,4.8503180005187994e-11,1.3432684562271697e-11,2.416310767458403e-12,2.961302355196589e-13,1.0604545692361346e-12,3.0613889702956635e-10,6.614193271298451e-07,0,2
151,00:22:30,2.833191709739822e-11,9.306470327796961e-12,2.6922327372046477e-12,4.4049029686325786e-13,8.760184288389533e-13,2.7119428369014304e-10,7.958019324503181e-07,0,2
152,00:23:00,5.798444926569293e-11,1.7310426766382285e-11,2.5557483227103682e-12,2.7177575101588376e-13,7.80976947093006e-13,9.747011544222675e-10,7.158688680601663e-07,0,4
153,00:23:30,2.2498279189913636e-11,1.0071091106101575e-11,3.3541356912590714e-12,3.9731642282420467e-13,9.878109570163804e-13,6.6760194346615304e-09,1.2226231736467665e-06,0,4
154,00:24:00,6.085789946962088e-11,3.771674404664725e-12,8.011849082272642e-12,1.1655589464948086e-12,7.549755130087938e-13,1.8539545047905937e-08,2.8497835490711954e-06,0,0
155,00:24:30,1.0057442067465203e-11,2.1174184671991383e-12,1.214643087545412e-12,2.585574636456069e-13,3.211390532122238e-13,5.430667876867709e-10,1.8625509943506495e-06,0,1
156,00:25:00,1.0672985659470741e-11,2.4308542452469018e-12,1.6839579316743905e-12,3.0246754414341624e-13,7.103817739451582e-13,3.3319361892286594e-10,1.7917130529474011e-06,0,1
157,00:25:30,1.0790111158629725e-11,3.394261787783051e-12,2.172738577938291e-12,2.737984773257269e-13,1.1049736064160809e-12,3.054411581835579e-10,1.8206285169566723e-06,0,2
158,00:26:00,2.4436940335993352e-11,1.3141121119645333e-11,6.899644604244723e-12,1.3707858381185391e-12,8.95695514401444e-12,3.2246850938723024e-10,1.831051919317905e-06,0,2
159,00:26:30,6.174649381026387e-11,1.2395301604068959e-11,4.9284585840450194e-12,8.653874129546126e-13,4.721166895869071e-12,3.345523342732865e-10,1.4524484120696457e-06,0,2
160,00:27:00,1.62602828050819e-11,5.797421124433704e-12,1.0574940366114503e-11,3.8271095556079567e-13,1.039735435219734e-12,3.349480991743415e-10,8.953307591074033e-07,0,2
161,00:27:30,5.90311969039225e-11,1.1706299490495913e-11,6.068386351036097e-12,3.7706654071968446e-13,1.1461359621847007e-12,3.2326552169496014e-10,8.739599798026184e-07,0,2
162,00:28:00,4.576849980480661e-11,4.136993804677414e-12,3.976120386014958e-12,4.204430711460949e-13,1.6139906780523836e-12,2.9776474099458706e-10,9.021366074191255e-07,0,2
163,00:28:30,3.4612851274226905e-11,1.2340982331335928e-11,4.232358863264034e-12,1.2118829799239852e-12,8.651036246307037e-12,3.009752348872937e-10,9.073463236399051e-07,0,2
164,00:29:00,4.148738212146734e-11,1.2629731433020665e-11,5.076006166368537e-12,9.43285323954768e-13,5.465840488348091e-12,3.938929298100952e-10,9.101434334419938e-07,0,2
165,00:29:30,2.989624517235582e-11,7.549043423946982e-12,4.503202354067038e-12,5.369020946459323e-13,3.1866927648857117e-12,2.8366269429934637e-10,8.829436652976389e-07,0,2
166,00:30:00,4.8271415594368924e-11,8.108384546374942e-12,6.5623304118838266e-12,3.327252736683092e-13,1.4785199163669155e-12,3.109573614147431e-10,8.813957511841827e-07,0,2
167,00:30:30,5.809823442681404e-11,9.944317243775601e-12,7.55646497243813e-12,6.468554568124857e-13,3.9856801767643025e-12,3.721801702662485e-10,8.89174330884806e-07,0,2
168,00:31:00,4.94266838317617e-11,5.989900282668534e-12,4.7376085541070434e-12,3.691262913014651e-13,1.8137240071383966e-12,5.148615524348212e-10,1.0026511220134724e-06,0,2
169,00:31:30,4.373585606223093e-11,5.3859367240096125e-12,3.618418352602275e-12,2.771256076422672e-13,1.3251582611132133e-12,3.088401175360901e-10,8.662087390934234e-07,0,2
170,00:32:00,5.5191507706979744e-11,7.878148483370581e-12,6.009672230841445e-12,8.828058808169322e-13,6.117182056413429e-12,3.289884839797424e-10,8.122661364178961e-07,0,2
171,00:32:30,6.075422939349535e-11,7.957254984884124e-12,6.6353344967750085e-12,5.238929779042463e-13,2.5876752191573626e-12,3.3168529553228524e-10,8.739408522006736e-07,0,2
172,00:33:00,6.911487583026214e-11,1.1985888416368997e-11,4.9323489837470415e-12,7.873637835257542e-13,5.443506935669151e-12,3.670061552584096e-10,8.981039421369275e-07,0,2
173,00:33:30,6.776011275446898e-11,9.826522156774385e-12,5.574158626153341e-12,7.880939847355345e-13,5.416099704784808e-12,4.2197865799733287e-10,8.580135284302169e-07,0,2
174,00:34:00,9.24738915971091e-11,9.120674736278831e-12,4.860309630854211e-12,3.947082829700375e-13,1.6128805447063135e-12,3.1273170283717386e-10,8.584483746783045e-07,0,2
175,00:34:30,7.856354991862087e-11,7.962372032632175e-12,4.8574446655201594e-12,3.9097623449067625e-13,1.87358939436336e-12,3.629857924634946e-10,8.165622599860794e-07,0,2
176,00:35:00,7.514790402102132e-11,1.1483729246631909e-11,4.8406364124629116e-12,3.0174343108326383e-13,1.056260281827503e-12,5.394678005926322e-10,8.778539688550596e-07,0,2
177,00:35:30,7.102741577927127e-11,5.686765918850478e-12,2.8480656977712805e-12,3.0590074414036767e-13,1.6263540756796827e-12,5.500038702014035e-10,8.70282637064642e-07,0,2
178,00:36:00,1.0470217662380853e-10,9.844831709234868e-12,3.722441665380949e-12,4.3487902273513395e-13,2.611965488192824e-12,6.396909088831604e-10,8.781526260788546e-07,0,2
179,00:36:30,9.07201311473911e-11,9.800026270323786e-12,3.1801266053613713e-12,4.551123853758875e-13,2.7660705703216984e-12,5.530183106052827e-10,8.493475528981994e-07,0,2
180,00:37:00,1.0137818457685273e-10,8.37656107491061e-12,3.0007330311097244e-12,3.674578984413748e-13,2.1612802310116946e-12,5.465949791685235e-10,8.2871846481926e-07,0,2
181,00:37:30,1.0755033154342946e-10,1.0144563303775991e-11,3.91181775209679e-12,4.981830392478561e-13,3.2473104491491127e-12,6.996491295032353e-10,8.257288231590449e-07,0,3
182,00:38:00,1.3115726651140395e-10,7.658041979837938e-12,3.0473917340739066e-12,2.519161673914701e-13,1.058840183456523e-12,1.1850128336802264e-09,8.482584912403347e-07,0,3
183,00:38:30,1.40270763526539e-10,6.245269220037068e-12,2.501383341123693e-12,3.923547487037759e-13,1.9748047181754893e-12,6.413791895102546e-10,8.225841820705592e-07,0,3
184,00:39:00,1.8761562902800683e-10,9.8664401381159e-12,4.1397809171036645e-12,3.313783769903902e-13,1.6609287722582551e-12,6.339212768901021e-10,7.89283469660595e-07,0,3
185,00:39:30,1.277386011396377e-10,7.364110227299208e-12,1.800204356152737e-12,1.9271893544256259e-13,8.085674266475325e-13,8.499558572963009e-10,8.306714625843626e-07,0,3
186,00:40:00,1.4459568668256744e-10,7.129654750821734e-12,2.7906787907823097e-12,2.9938542827695095e-13,1.6050170799175634e-12,9.053044424682673e-10,8.254010562303265e-07,0,3
187,00:40:30,1.4215311527283016e-10,7.449093494117664e-12,3.5161836795174653e-12,2.376686573456037e-13,9.00329029454129e-13,9.486450832203808e-10,7.643856719358196e-07,0,3
188,00:41:00,1.8886413823771426e-10,1.1219655761813216e-11,2.7447444891934306e-12,3.759938821990215e-13,1.9661578474840285e-12,1.052655042389682e-09,7.886244717141456e-07,0,3
189,00:41:30,1.7553714378515258e-10,8.189235156512609e-12,1.6222207042912195e-12,2.9588971640844046e-13,1.2691072203119673e-12,1.044664792427769e-09,7.584452975502536e-07,0,3
190,00:42:00,1.260362165110615e-10,6.617235582502472e-12,2.6129099180409654e-12,2.663318024813032e-13,8.654273255241464e-13,1.0417563602458131e-09,7.556898385049763e-07,0,3
191,00:42:30,1.5150978948177943e-10,8.051007981795588e-12,2.8904840454307067e-12,2.840553410873385e-13,1.115764237302611e-12,7.482446319093525e-10,7.67748163901695e-07,0,3
192,00:43:00,2.184250010818681e-10,7.899591083863475e-12,2.1038412973951117e-12,2.5646973324671243e-13,1.0350658082025087e-12,8.958521633968521e-10,7.576974255814512e-07,0,3
193,00:43:30,3.075963253920707e-10,1.4649630469470708e-11,5.028448200708466e-12,1.36875786140402e-12,1.6563568022190459e-12,1.8161497132671756e-08,2.347621412605316e-06,0,3
194,00:44:00,1.435380122280207e-10,1.1143506399350144e-11,5.3622808559340795e-12,6.778135917364473e-13,1.2015399729543797e-12,8.270787205968178e-09,2.663450473358709e-06,0,3
195,00:44:30,1.8356215262318985e-10,8.208563164589803e-12,4.0708659582312736e-12,4.340219763645578e-13,9.375406950000384e-13,4.832012171429369e-10,2.3350074548192505e-06,0,3
196,00:45:00,5.688554521354719e-11,1.041440667834481e-11,2.7239851434773646e-12,2.663596769137401e-13,7.42005992193513e-13,3.341391562554121e-10,2.3231719022707147e-06,0,2
197,00:45:30,3.9562773552946376e-11,7.312916672714146e-12,5.014295839385864e-12,6.423725211724996e-13,3.5476669887932487e-12,2.472590688343215e-10,2.297040429793569e-06,0,2
198,00:46:00,8.693382760584615e-11,1.1738849536861635e-11,4.91631735411638e-12,5.61517858407616e-13,3.0909910369388667e-12,2.1712055124530926e-10,2.321098320965215e-06,0,2
199,00:46:30,7.147631306160875e-11,1.0125790355853231e-11,3.5706448893673996e-12,3.564821775793108e-13,8.471135321894074e-13,6.477914528921332e-10,2.2646822092068148e-06,0,2
200,00:47:00,7.54609608054272e-11,1.2711255680895647e-11,6.2367989542445736e-12,5.252906025204283e-13,2.881957426876845e-12,3.114625513379959e-10,2.2431643096922597e-06,0,2
201,00:47:30,5.46728257779998e-11,8.608798536215293e-12,3.731101114116688e-12,4.695525212172226e-13,3.0091816387158538e-12,2.422240244103471e-10,2.159715600402839e-06,0,2
202,00:48:00,8.286617892497776e-11,5.963978295138021e-12,3.42845234513619e-12,3.096305165355004e-13,1.4840053321725158e-12,3.528808076374206e-10,2.11694230623454e-06,0,2
203,00:48:30,9.712715007705759e-11,8.084659980541033e-12,3.677821828887478e-12,4.4420728929983014e-13,2.6493550162067727e-12,3.976688777202702e-10,2.114604569222956e-06,0,2
204,00:49:00,7.384393034264903e-11,8.428764581769307e-12,3.3013161584157017e-12,5.794799816364965e-13,3.757313931846722e-12,4.94073730304666e-10,2.098308660848036e-06,0,2
205,00:49:30,1.2412828694102168e-10,7.750515065914862e-12,3.811734763107881e-12,8.677505928700002e-13,6.2250034819678094e-12,8.192721817129937e-10,2.1551641565696277e-06,0,2
206,00:50:00,1.7655388609678197e-10,7.817417117580303e-12,2.1090205694631314e-12,2.6127533291204284e-13,1.103806186484297e-12,7.272195339511914e-10,2.2242638698344784e-06,0,3
207,00:50:30,1.6378012763471425e-10,6.91859146918824e-12,3.977245322483195e-12,3.5931718315029344e-13,1.7925088811254596e-12,9.209683579965367e-10,2.2159155213799727e-06,0,3
208,00:51:00,1.7917860252141302e-10,7.888858060974938e-12,6.437175692965631e-12,7.818449177271337e-13,1.6299028087804533e-12,4.394640257530627e-09,2.5610875490288677e-06,0,3
209,00:51:30,1.515774329016795e-10,1.6548287874745944e-11,9.023151595142639e-12,1.5156835242952315e-12,1.8198705382778865e-12,2.535014397056341e-08,2.2881824535829147e-06,0,3
210,00:52:00,8.313278002066752e-11,5.8595317372732745e-12,3.486630964554382e-12,3.1524357364145795e-13,6.192198773420835e-13,3.9757536259593683e-10,1.1110114101622076e-06,0,2
211,00:52:30,1.4440367549670412e-10,1.1110061153890089e-11,5.148129262429761e-12,1.6207738323189172e-12,3.0969104711316005e-12,1.2494342608990505e-08,1.8910149217036434e-06,0,2
212,00:53:00,2.347885750461298e-10,1.2190357983776286e-11,9.247427970852564e-12,1.8361209381035553e-12,2.4691976555774925e-12,5.387393098419295e-09,2.401390228923774e-06,0,0
213,00:53:30,8.257855060286649e-11,5.6596058531575035e-12,2.0136218137531704e-12,3.4290277223599433e-13,7.847911224072649e-13,3.083749574244878e-10,7.728524610480874e-07,0,0
214,00:54:00,1.369730768169326e-10,1.081300528551319e-11,7.738282077787791e-12,1.1132826892051529e-12,2.815440408891989e-12,2.2930449173951625e-09,1.8669660699506138e-06,0,0
215,00:54:30,2.375544781087234e-11,6.073002887953218e-12,2.207760701987287e-12,4.083602180245311e-13,9.983359323963478e-13,3.64620148772732e-10,7.671768426765767e-07,0,0
216,00:55:00,4.177907064195566e-11,6.070100534757245e-12,4.492473934288918e-12,6.053484910274611e-13,2.1094626522295867e-12,1.6356416815020334e-10,6.343369538584301e-07,0,2
217,00:55:30,3.5239815633792476e-11,5.7569595124846635e-12,2.7169521336587922e-12,5.074176729017447e-13,2.0492692714923303e-12,1.384087597065748e-10,6.629758543255759e-07,0,2
218,00:56:00,3.472644093336103e-11,9.90408249474731e-12,4.782443524554311e-12,4.209458572673714e-13,1.7670749564321246e-12,1.2675357114636891e-10,6.123312872569826e-07,0,2
219,00:56:30,3.459049307801039e-11,6.605585970652021e-12,3.0454892453991356e-12,4.1223853250266005e-13,1.8357323293218564e-12,1.7641440764986758e-10,6.165945250555376e-07,0,2
220,00:57:00,5.479083912369646e-11,8.653200827440482e-12,4.145685994674495e-12,3.6656655677806127e-13,1.392434446558326e-12,1.7356566949973877e-10,6.302025653899927e-07,0,2
221,00:57:30,4.135111020504581e-11,9.590630632234374e-12,3.984480049660274e-12,5.63747642497992e-13,2.9692856740668095e-12,1.694986478697409e-10,6.049755897916721e-07,0,2
222,00:58:00,3.600197240522835e-11,1.3790831042975227e-11,6.066588394790001e-12,6.015233488226552e-13,3.3187997343786802e-12,1.5762886695085449e-10,5.881162927687243e-07,0,2
223,00:58:30,6.639682593091588e-11,9.463283696990687e-12,5.143552219273215e-12,9.231473421775384e-13,6.5957900757355685e-12,2.8122141036215985e-10,6.061583363575903e-07,0,2
224,00:59:00,5.106457280431482e-11,8.865130658858698e-12,4.640864372992287e-12,4.975928494920867e-13,3.0855244866160736e-12,1.9991555580010543e-10,5.926697950437096e-07,0,2
225,00:59:30,8.352186778628679e-11,1.1825123997845408e-11,5.281832898277335e-12,7.140202831469786e-13,4.3305162355944964e-12,2.555562857517602e-10,5.639055648442164e-07,0,2
226,01:00:00,8.534724455049063e-11,1.0656922229275309e-11,5.694515881379554e-12,4.688468579201923e-13,2.207340542772399e-12,4.1274243269713233e-10,5.948412486437775e-07,0,2
227,01:00:30,7.424719440685058e-11,8.794519695859655e-12,3.3907178882861482e-12,7.796068934890369e-13,5.543894699457922e-12,3.4886291831776445e-10,5.847872052146966e-07,0,2
228,01:01:00,9.726676911261424e-11,8.633357099744942e-12,6.803365571593103e-12,7.154945015968097e-13,5.059186748021646e-12,6.570556169628469e-10,6.121165884484461e-07,0,3
229,01:01:30,1.0115266926164271e-10,9.558636097801076e-12,3.5258002235138354e-12,3.907289281254433e-13,2.132488811796358e-12,8.333793628206564e-10,6.015906704993753e-07,0,3
230,01:02:00,1.2624855555849302e-10,7.118593916892882e-12,1.904015960974368e-12,2.1565420626234384e-13,8.101870083536647e-13,7.751909108412204e-10,5.524932453434961e-07,0,3
231,01:02:30,8.828574851026157e-11,9.271887353943333e-12,3.0994139397763993e-12,4.2652606567294093e-13,2.6109643757280382e-12,5.79445718720632e-10,6.10663378432279e-07,0,2
232,01:03:00,1.6669407195998586e-10,8.009237451261818e-12,1.879895600433436e-12,2.500935275331982e-13,9.653422619002332e-13,6.75026937015782e-10,5.338631936187674e-07,0,3
233,01:03:30,8.9366897642863e-11,7.830311657049192e-12,2.667915967330296e-12,3.3800940701154e-13,1.7171073706740815e-12,7.209591055250092e-10,5.806110802593036e-07,0,2
234,01:04:00,2.195501612002117e-10,7.66800854076662e-12,2.3419924909672423e-12,3.455389814862641e-13,1.5731742999902559e-12,8.711993990391102e-10,5.404355671288114e-07,0,3
235,01:04:30,3.280848290133156e-10,8.685342743355912e-12,2.81740013569246e-12,2.908002525115182e-13,1.5350804448994186e-12,8.729566690448846e-10,5.666403157042236e-07,0,3
236,01:05:00,1.868188640549784e-10,8.80686853642024e-12,2.6942800040162455e-12,4.688018980723429e-13,2.700164679513649e-12,9.112789479975162e-10,5.533046436270757e-07,0,3
237,01:05:30,2.4791468046714243e-10,6.413166925633335e-12,2.291555817281543e-12,1.8427621840700364e-13,6.291836230474036e-13,8.505473042357557e-10,5.257967172177234e-07,0,3
238,01:06:00,1.782728299950774e-10,7.884893046005385e-12,2.3001886517268827e-12,3.007683561364976e-13,1.274847271640574e-12,1.3847053456050614e-09,6.310255151227189e-07,0,3
239,01:06:30,1.7489561016097803e-10,9.283177166196757e-12,2.4981935996706678e-12,3.503086026252161e-13,1.710697274137301e-12,9.385428248223233e-10,5.891264046370511e-07,0,3
240,01:07:00,2.081653189936025e-10,8.936617943408181e-12,2.995770463922308e-12,2.697186234843458e-13,1.0804954798061743e-12,7.685051571275228e-10,5.816031328622155e-07,0,3
241,01:07:30,2.1990783919035258e-10,6.297895700366811e-12,2.5763179841950884e-12,2.977464691686416e-13,1.510452304607441e-12,9.68051853692719e-10,7.870222937636474e-07,0,3
242,01:08:00,1.5770616994217404e-10,6.520545226067347e-12,2.1744697032949346e-12,3.4393100007507467e-13,1.7972580734293137e-12,9.417492104853821e-10,5.766629063772006e-07,0,3
243,01:08:30,1.9964245985909916e-10,6.678221767062507e-12,2.8539795437605723e-12,4.1776071077090544e-13,2.185500606966712e-12,1.1776186919604403e-09,5.923849002427167e-07,0,3
244,01:09:00,2.3412558928457454e-10,7.290521098685054e-12,2.3796637505747877e-12,2.1034606616389944e-13,8.584394200070903e-13,1.0781937147084055e-09,5.482841283633372e-07,0,3
245,01:09:30,1.870039183772102e-10,1.0454238507210114e-11,2.8756619101854975e-12,4.3625920385457683e-13,2.381392917297659e-12,1.1731575831731602e-09,5.076870602003106e-07,0,3
246,01:10:00,2.0293354896989682e-10,7.498735276587564e-12,2.1253504300108298e-12,2.3525021789097006e-13,9.667629142935904e-13,8.586191057891904e-10,5.588904981655889e-07,0,3
247,01:10:30,1.7062287213364646e-10,5.94914273700467e-12,2.160623263851843e-12,2.2316184281434708e-13,6.795498883080243e-13,9.81442356060014e-10,5.498236966250544e-07,0,3
248,01:11:00,1.963276510733899e-10,7.88159521752108e-12,2.3773993257531318e-12,2.8525401039327737e-13,1.3272575917920964e-12,8.899241921140145e-10,5.317319809257059e-07,0,3
249,01:11:30,2.452235912009139e-10,6.005952912989465e-12,1.7013324379811511e-12,2.1022189249300472e-13,7.871925021943653e-13,1.5051767614703967e-09,5.448347960443236e-07,0,3
250,01:12:00,2.0997542919214865e-10,1.0880644326089972e-11,2.37617944270458e-12,2.450661822090562e-13,9.37134644787677e-13,1.3307925300511926e-09,5.5620509147357e-07,0,3
251,01:12:30,2.6428769181344804e-10,6.87191783579793e-12,2.5850753532109377e-12,4.037357610573092e-13,2.0922888203487863e-12,1.4235068839791426e-09,5.481703969427975e-07,0,3
252,01:13:00,2.2899392827434292e-10,9.71489911608496e-12,2.3091474348538996e-12,2.5772388010202013e-13,1.0827683831299738e-12,1.2115331184218437e-09,5.908929909831125e-07,0,3
253,01:13:30,2.2471471759592862e-10,5.627401418307532e-12,1.7338424146849465e-12,2.563766487461426e-13,1.1049868561541605e-12,9.588475970150788e-10,5.238819646814512e-07,0,3
254,01:14:00,1.4931563768971402e-10,7.886795816040215e-12,1.710856374210553e-12,2.913892800600226e-13,1.433857894930448e-12,1.1654748591294435e-09,5.700595101603608e-07,0,3
255,01:14:30,2.338840479663269e-10,7.943525841218182e-12,2.3986966421892816e-12,2.7980913223084713e-13,1.3211788832748563e-12,1.2599095058501595e-09,5.159443505071815e-07,0,3
256,01:15:00,2.078053484960755e-10,7.388764698787577e-12,2.357439549225696e-12,3.928723780544204e-13,2.013744576969179e-12,1.1555476047753634e-09,5.60104189983465e-07,0,3
257,01:15:30,1.92873614869537e-10,6.828278704357158e-12,2.201761361652934e-12,2.3694139686668306e-13,9.930367684571517e-13,1.1148552753956508e-09,5.483135405786264e-07,0,3
258,01:16:00,1.7204350007400745e-10,9.294693573768325e-12,2.1552899047071377e-12,3.744411355031314e-13,7.351062131382993e-13,4.375136682566499e-09,1.481428609676056e-06,0,3
259,01:16:30,3.0191402767774436e-10,1.0203752275691523e-11,2.4427062868183705e-12,2.1437180864816594e-13,5.02304890521112e-13,1.4174334849458665e-09,6.640147611787478e-07,0,3
260,01:17:00,1.7136846313545713e-10,1.1981633746409214e-11,2.902923086180987e-12,3.096592185493665e-13,1.4678513065363313e-12,7.633527737334175e-10,5.868055718827193e-07,0,3
261,01:17:30,1.1202592755029592e-10,8.395357254907737e-12,2.7533996463368425e-12,3.1101244797171987e-13,1.2879811354094308e-12,7.803152631433482e-10,4.854597059160344e-07,0,3
262,01:18:00,1.6417132670795374e-10,1.034524946686464e-11,2.9173332036938512e-12,3.717164515470688e-13,1.3968661737205765e-12,8.899238484254667e-10,4.4248850787161e-07,0,3
263,01:18:30,9.568116632729284e-11,9.520233568136281e-12,3.12378944302801e-12,5.727770599627753e-13,3.2589833541118282e-12,6.164293032189923e-10,4.6924051671933845e-07,0,2
264,01:19:00,1.460056423204728e-10,9.695179872349069e-12,2.62889714881443e-12,3.317708178670692e-13,1.5312803574548777e-12,9.675497430225332e-10,4.475236504711679e-07,0,3
265,01:19:30,1.3019226652961538e-10,9.837783651402538e-12,2.914557661299691e-12,4.1530488005786254e-13,2.1971660527409124e-12,1.0988625515864427e-09,4.809266368959224e-07,0,3
266,01:20:00,1.501125269613694e-10,5.988235649125941e-12,2.2633303571014053e-12,3.4126748525528933e-13,2.0238953605456873e-12,1.0962682805629648e-09,4.167871369725046e-07,0,3
267,01:20:30,1.9524974518756116e-10,6.4609173439544745e-12,2.48052399167608e-12,2.0007111422242241e-13,7.028810590207078e-13,7.922085490113713e-10,4.0927937903383303e-07,0,3
268,01:21:00,2.4796666440308626e-10,7.2173461875613975e-12,2.8762809994556583e-12,3.932296824310892e-13,1.887491121141194e-12,9.755606802160488e-10,5.723702118814277e-07,0,3
269,01:21:30,1.7012885079936933e-10,6.963068476743195e-12,2.590968010871044e-12,3.223670879515453e-13,1.6412332975319955e-12,8.653576419844459e-10,4.116527760412727e-07,0,3
270,01:22:00,2.1605258017206754e-10,7.585660143373865e-12,1.650467051043689e-12,2.3190893283386256e-13,1.0359598582136303e-12,1.0159399468563184e-09,3.8499211191333153e-07,0,3
271,01:22:30,3.003568894312823e-10,7.118078727915541e-12,1.3796158845853273e-12,2.1672306195752258e-13,6.828082617532676e-13,1.3792092018799294e-09,3.903037194666782e-07,0,3
272,01:23:00,1.631753522119045e-10,7.179713394998803e-12,1.874999082730901e-12,3.022118809201716e-13,1.3908393905594141e-12,1.1200637721179893e-09,4.1185365621071644e-07,0,3
273,01:23:30,3.0687150461902406e-10,7.340958580177772e-12,2.6703467298248718e-12,3.4873633950526286e-13,1.6831386404326918e-12,1.3574840902628008e-09,4.357410282243214e-07,0,3
274,01:24:00,1.6992740484291876e-10,7.2425587059231466e-12,2.4085289067540054e-12,2.590170233017863e-13,1.2385548096901627e-12,6.761010223724786e-10,4.1025265742703866e-07,0,3
275,01:24:30,2.4123564290841677e-10,7.39977904483066e-12,1.6225557542668616e-12,2.5954156513347954e-13,1.1399598070876076e-12,1.3919458779244332e-09,4.2624767844265586e-07,0,3
276,01:25:00,1.5510255300047246e-10,1.0206695283263037e-11,2.25980191009202e-12,2.8141100545781693e-13,1.3044060164664783e-12,8.180892113945293e-10,4.596084409027035e-07,0,3
277,01:25:30,2.331726628646397e-10,8.511700757640285e-12,2.847980545201435e-12,3.80653801993324e-13,1.3493912167820132e-12,9.62503816621264e-10,4.10987057943005e-07,0,3
278,01:26:00,3.0988443700597645e-10,7.800431717990776e-12,3.1211827566389142e-12,2.5903880780881953e-13,9.834659338203986e-13,1.5520399013107776e-09,4.0425944304338803e-07,0,3
279,01:26:30,2.5598674162488735e-10,6.90970258206834e-12,2.908270267005309e-12,2.50928057214925e-13,1.0488769178188934e-12,9.610973501580667e-10,4.2235189770875563e-07,0,3
280,01:27:00,1.9586960278059096e-10,8.303141579683621e-12,2.1094578052180537e-12,3.5134625859253053e-13,1.7363219841579429e-12,1.005845611165155e-09,4.3224768648064556e-07,0,3
281,01:27:30,2.1724673292128288e-10,7.782233875001253e-12,2.0182158454084592e-12,2.3969873841455016e-13,1.1022210112695386e-12,8.990266688575537e-10,4.047780727531628e-07,0,3
282,01:28:00,1.7253352190969667e-10,8.268208606180155e-12,3.0866469941723804e-12,3.3660499016953277e-13,1.5297310521414555e-12,9.773245670632522e-10,3.698542363159337e-07,0,3
283,01:28:30,2.0863676256361318e-10,6.4804227085545855e-12,1.8436010749641907e-12,2.0117700393703852e-13,6.755683276915779e-13,1.239655906981882e-09,4.0615423940535857e-07,0,3
284,01:29:00,2.5282303507470293e-10,8.590617033624456e-12,4.0301321882022606e-12,2.9489531390972544e-13,1.2955216915209121e-12,1.392312082011148e-09,4.5460937334344287e-07,0,3
285,01:29:30,2.4122592810355146e-10,7.048030315118383e-12,2.1214359323643373e-12,3.2896274310337464e-13,1.1133873930916097e-12,9.724688854493958e-10,4.165439467374668e-07,0,3
286,01:30:00,2.2992974263232475e-10,6.219012971126824e-12,3.2667879141606108e-12,3.011801111569953e-13,1.3585088051905438e-12,1.3847479475813007e-09,4.183061948500627e-07,0,3
287,01:30:30,1.6365102433535253e-10,8.811784665796813e-12,2.334935897268697e-12,3.240038709680532e-13,1.5008365254141324e-12,1.1592212778197926e-09,3.9040494199486024e-07,0,3
288,01:31:00,2.623727283460792e-10,5.7667938402925804e-12,2.552030172838037e-12,2.5084581960421317e-13,1.138983432476293e-12,1.6138343459172676e-09,4.0116206132816374e-07,0,3
289,01:31:30,2.167035000097206e-10,6.143598591160275e-12,1.7226240314498585e-12,2.101646100822391e-13,8.499701715982543e-13,1.4245009506883678e-09,3.9197458482055617e-07,0,3
290,01:32:00,3.037215237556891e-10,9.866005243697958e-12,5.1017687635543815e-12,1.494452003316263e-12,1.2066356633560981e-12,5.530863592765681e-09,2.636727935804952e-06,0,0
291,01:32:30,2.871645273322412e-10,1.2680664379804711e-11,6.031669015795781e-12,1.1821389419919226e-12,2.0452825871279988e-12,2.5491750582666145e-09,2.2290532623531704e-06,0,0
292,01:33:00,1.9027549068130114e-10,1.0464772149707897e-11,5.5229330869594394e-12,1.4206909083890121e-12,1.5701972705833874e-12,1.187571198777086e-09,2.206247475051858e-06,0,0
293,01:33:30,1.002765679067501e-10,8.56489956171267e-12,4.701238421480933e-12,9.800949856410705e-13,2.1421734032853904e-12,8.867571517044865e-10,2.35182700510462e-06,0,0
294,01:34:00,8.719281141100522e-11,7.69648443593104e-12,2.5216462855050663e-12,3.968544549598031e-13,8.624297314991365e-13,3.44059771090408e-10,2.8482288138154135e-06,0,1
295,01:34:30,3.8394796069732346e-11,1.8618350968290067e-11,3.9402775155323436e-12,3.0629703608938465e-13,9.723043260661971e-13,3.23360712474004e-10,2.127615445493229e-06,0,1
296,01:35:00,8.265099929907132e-11,2.8194641503451494e-11,6.891065786116319e-12,5.944692673522469e-13,1.7301708591600248e-12,5.548463134257191e-10,2.229599856524406e-06,0,1
297,01:35:30,6.077343878145037e-11,1.3748806623865786e-11,3.5078851769928525e-12,4.1609400339033584e-13,1.3375635477556276e-12,3.617585483650035e-10,1.846590760610785e-06,0,1
298,01:36:00,4.2407198462817204e-11,1.1282118923259602e-11,4.8708128707979645e-12,4.380150559997127e-13,1.7293840538140833e-12,1.6565445448851807e-10,1.301069078100663e-06,0,1
299,01:36:30,3.258700494512504e-11,1.778483401292115e-11,4.296659588769726e-12,4.62591446994899e-13,1.6778893015169804e-12,1.3256979238103997e-10,9.483928314047809e-07,0,2
300,01:37:00,8.820459025063498e-11,2.5111052364830404e-11,4.942347678559917e-12,6.485043881932734e-13,2.768473446589144e-12,2.9316260762188117e-10,6.364483207299229e-07,0,2
301,01:37:30,6.912664452879511e-11,1.546228163286865e-11,3.871485245527327e-12,6.789016648053975e-13,4.335279893841064e-12,3.2890300253431384e-10,3.2254096331362006e-07,0,2
302,01:38:00,9.91673793192644e-11,2.972773250277762e-11,7.068507713360335e-12,4.466356216062406e-13,1.5742679033557406e-12,2.49456985539065e-10,3.5886856526948143e-07,0,2
303,01:38:30,3.361726952454111e-11,1.1035389795037038e-11,4.6352367204964964e-12,6.146768775337238e-13,8.630695433508637e-13,1.7965181634522265e-10,6.059361667886613e-07,0,2
304,01:39:00,5.99526994529849e-11,1.792541113592388e-11,3.5583580941221393e-12,4.530599187732765e-13,1.3406613046219504e-12,5.678509782683343e-10,1.3722866951339401e-06,0,2
305,01:39:30,5.207968155854184e-11,1.12499973059487e-11,2.7113250055186234e-12,1.1394093015311661e-12,8.906781433559304e-13,7.228996516836633e-10,1.8798063598586876e-06,0,2
306,01:40:00,9.149566802671173e-11,1.837840879892417e-11,6.513766127275286e-12,1.7232032952041438e-12,3.583640916097254e-12,1.5062668758770328e-09,1.7774587433128515e-06,0,2
307,01:40:30,5.4000875091179307e-11,1.2872622326881933e-11,2.7445652586807443e-12,7.734546645652816e-13,4.5832416137288886e-12,1.6364184402725854e-10,5.365839825165377e-07,0,2
308,01:41:00,1.031219617573768e-10,1.2646792136012638e-11,2.464694600143236e-12,4.733245616052125e-13,9.98907126927224e-13,1.988074003598127e-09,1.650680308684057e-06,0,2
309,01:41:30,7.72732075623085e-11,8.899443276150724e-12,6.086395165571127e-12,4.921577813504245e-13,2.1967767233200963e-12,2.55594441296739e-10,5.10637560493397e-07,0,2
310,01:42:00,8.082801027168465e-11,1.710198786896322e-11,2.2241746165570184e-12,3.0878439829764805e-13,1.157310127452018e-12,1.9572629408550564e-09,6.858255486643855e-07,0,2
311,01:42:30,3.5217173131317415e-11,8.936870021342594e-12,2.764464139608479e-12,4.09739424762276e-13,8.766151441658949e-13,7.457539411892051e-10,1.348516719746168e-06,0,4
312,01:43:00,7.205737291045554e-11,1.2786341322749472e-11,1.7981783072030255e-12,2.3150115821324324e-13,7.841585243656775e-13,9.015531126755486e-10,4.995375422641944e-07,0,4
313,01:43:30,4.9446248452701086e-11,1.602046558070549e-11,3.026214430291163e-12,4.0592980159845283e-13,1.3498775458938606e-12,2.622604435530207e-09,5.56127443314527e-07,0,4
314,01:44:00,1.7617198773870216e-11,7.004145848456068e-12,1.1372911470269315e-12,1.7156626726900772e-13,3.8715504114101515e-13,3.0822023712100267e-10,6.601525735070061e-07,0,4
315,01:44:30,3.746520415418361e-11,1.0985084128750528e-11,4.156311034489399e-12,6.475259355621196e-13,1.2634700082180443e-12,7.495350534382528e-10,1.9008310082226393e-06,0,4
316,01:45:00,2.8887116094862406e-11,1.216149112392073e-11,3.4361984222661686e-12,3.3321544405534346e-13,8.076370948784731e-13,2.3907534912610667e-10,6.957548039232263e-07,0,4
317,01:45:30,2.20472523284809e-11,1.1137513158244028e-11,3.393051233196464e-12,2.1973099961523365e-13,5.257920776786919e-13,2.5308704117182707e-10,1.071586877629353e-06,0,4
318,01:46:00,4.1686457091903395e-11,8.55940758820723e-12,1.6441311305162238e-12,3.4856209622738395e-13,1.0120551269078113e-12,1.6505580427001517e-09,7.136836065355638e-07,0,4
319,01:46:30,3.642982151764011e-11,7.47306439183382e-12,2.6071817463532535e-12,4.2033566187928776e-13,7.469550900346437e-13,1.4015852149560564e-09,1.5610010692031942e-06,0,4
320,01:47:00,3.6455420358927286e-11,1.597773718102294e-11,2.931914306017796e-12,2.862244302253982e-13,7.91344391764789e-13,6.531900626902644e-10,4.001310031268828e-07,0,4
321,01:47:30,4.16411738649239e-11,1.014302862637469e-11,5.707917682348033e-12,3.1779539898595284e-13,8.966466294762674e-13,1.242100673864601e-09,6.688971716370743e-07,0,4
322,01:48:00,4.730547745463087e-11,1.364466769944682e-11,3.240073361127629e-12,3.291910019085664e-13,9.651214217847864e-13,2.4387339814978105e-09,1.0611577069837208e-06,0,4
323,01:48:30,2.2230300229221534e-11,6.354958559236023e-12,1.2324129391743491e-12,1.9771561213443437e-13,4.516265363422139e-13,1.6067354679727648e-09,3.6505169284803795e-07,0,4
324,01:49:00,8.13899001290562e-11,9.813660198403127e-12,1.426230328953201e-12,2.1875975118402892e-13,5.327551689160571e-13,6.59009858182638e-09,3.8681983294508325e-07,0,4
325,01:49:30,1.1863931532423408e-10,7.859619081223157e-12,1.1606997665144432e-12,2.090021724271493e-13,6.23156431079542e-13,9.335996577957838e-09,3.7694569470500124e-07,0,4
326,01:50:00,2.138739388865085e-11,1.1790238312908403e-11,1.1524848913842359e-11,3.763092203475093e-13,6.350454922486562e-13,6.100256998069109e-10,3.7618737359493787e-07,0,4
327,01:50:30,6.044226630813252e-11,1.1269199930482285e-11,7.155852263951077e-12,7.877212859658512e-13,1.173444600221685e-12,8.201726122832729e-10,1.8283908952618798e-06,0,4
328,01:51:00,6.229112835285488e-11,1.1560445508017012e-11,3.737698522911035e-12,5.384905840385266e-13,8.79891550023515e-13,2.1510290755273076e-10,1.3954137616422046e-06,0,4
329,01:51:30,2.832906306995047e-11,8.446680900387338e-12,5.959419360788505e-12,2.630193925661458e-13,8.142424707702491e-13,5.753887935552311e-10,4.841461198586345e-07,0,4
330,01:52:00,3.094037543242566e-11,1.1066177793153256e-11,2.0905290416402864e-12,2.1209575358091114e-13,5.379385317385398e-13,2.150561112170593e-10,5.469519090917897e-07,0,4
331,01:52:30,1.956200494110069e-11,7.304115247415153e-12,1.3665956412934278e-12,2.571422816528253e-13,7.752310310408064e-13,5.368583409516059e-10,7.73022023673243e-07,0,4
332,01:53:00,5.080948870555402e-11,9.029984713637941e-12,2.748716543041151e-12,4.203422772599099e-13,1.0129516566859973e-12,3.6368687896935686e-10,1.5424479909412434e-06,0,4
333,01:53:30,7.208646881302334e-11,1.1206334859445228e-11,1.8883373866982707e-12,4.971116390322774e-13,1.2216741561297175e-12,1.369371333404062e-09,6.21810280176226e-07,0,4
334,01:54:00,4.6007862942715854e-11,9.741112078026434e-12,4.125828939570562e-12,1.1437392203942829e-12,1.07554592567923e-12,4.856012176018858e-09,1.8183031711962465e-06,0,4
335,01:54:30,3.747109144783389e-11,5.44625289332805e-12,6.7377515264592356e-12,6.179981484758505e-13,9.041461634041263e-13,4.972780794840858e-10,1.3292914909199506e-06,0,4
336,01:55:00,2.6150801368301022e-11,1.333669448178756e-11,3.740730037995687e-12,2.9973588630286356e-13,9.957638522976656e-13,2.04707563315218e-10,6.095599691008773e-07,0,4
337,01:55:30,5.89949936875318e-11,1.8236817108182863e-11,2.9285902197815722e-12,3.7539000692098003e-13,1.081716600202988e-12,5.01639628129852e-10,5.224048445047561e-07,0,4
338,01:56:00,5.2389466744673975e-11,1.1046387581899203e-11,1.7192439733377526e-12,2.5956878056048637e-13,5.094668981426256e-13,3.988371035609236e-10,6.399901749708293e-07,0,4
339,01:56:30,2.109614811159993e-11,3.6144580592402957e-12,3.0874420145209682e-12,3.2834493567994544e-13,7.686110996487118e-13,4.4968339447964443e-10,1.10269553357314e-06,0,4
340,01:57:00,3.772635603979017e-11,1.926059389775432e-11,2.1921823666703767e-12,3.019071137923041e-13,7.469314479953001e-13,2.422240365923506e-10,6.476727872193513e-07,0,4
341,01:57:30,1.1342693476214477e-10,1.263968849227314e-11,1.196407566655696e-12,2.3646166448291075e-13,6.899594022464548e-13,1.3158542679767931e-09,6.310554262820866e-07,0,4
342,01:58:00,8.404099621298899e-11,7.914480241908057e-12,1.148298806213625e-12,2.0084123374385716e-13,4.526465132402131e-13,6.586079301744778e-09,6.963141696209623e-07,0,4
343,01:58:30,2.9995474507106485e-11,8.41429807194473e-12,7.91880193157883e-13,1.5439175699211093e-13,3.2104587612644876e-13,2.313906729012349e-09,5.734642485376246e-07,0,4
344,01:59:00,9.780565310239463e-12,3.1766745561352162e-12,4.945455058944639e-12,4.971221562754772e-13,8.930064613623325e-13,3.5641083719220637e-10,9.362554721891018e-07,0,4
345,01:59:30,3.0914705850125654e-11,1.625484913797566e-11,5.2899389249391244e-12,3.273637367488538e-13,6.942311770250723e-13,2.3040237295108852e-10,5.510350740238049e-07,0,4
346,02:00:00,9.319338124649972e-11,1.1472979497466815e-11,3.940963795346799e-12,2.717673876327115e-13,5.450219621621934e-13,2.3225078726196912e-09,6.37496164666034e-07,0,4
347,02:00:30,1.3797423914644937e-11,6.318144542333275e-12,2.018985321381383e-12,3.3770645984303747e-13,9.303969031473358e-13,5.557213195658283e-09,1.2692213700759745e-06,0,4
348,02:01:00,1.4272523169481322e-11,5.501722974655043e-12,1.4767077083303402e-12,2.6463135683272186e-13,6.02038449701983e-13,8.980746865907759e-11,8.016644935346657e-07,0,4
349,02:01:30,2.968554401704371e-11,1.0468655132909332e-11,1.57757421985033e-12,2.5066886611251713e-13,7.377733840936514e-13,4.906349104300603e-10,6.351221019891402e-07,0,4
350,02:02:00,1.427613056292965e-10,6.7378642083587285e-12,3.180049955009499e-12,1.1179501878595445e-12,1.2637851418379266e-12,1.2650938474970201e-09,2.007569518929837e-06,0,4
351,02:02:30,1.88839753411085e-11,8.259784928771252e-12,2.1301941431566607e-12,2.2329959652740323e-13,4.183919100944995e-13,1.076878729100812e-10,5.296559947641902e-07,0,4
352,02:03:00,2.860056349329379e-11,7.372294645614412e-12,1.7666663162868151e-12,2.6305721803631373e-13,6.285044821593213e-13,1.2260737643585435e-10,8.710167452578915e-07,0,4
353,02:03:30,3.1547682467190954e-11,1.540963501122184e-11,4.19838181790205e-12,4.2272320652877625e-13,1.047334725888583e-12,2.2171778626966417e-10,3.8734403405942783e-07,0,4
354,02:04:00,2.635829216017896e-11,8.179176915797658e-12,3.5999405914859887e-12,2.822916632264529e-13,9.178693590935859e-13,8.885004262243068e-11,5.501610307202945e-07,0,4
355,02:04:30,3.3417611146490394e-11,9.31645060970634e-12,2.8676144312097853e-12,2.7119728775426625e-13,8.838519796082505e-13,7.640588064095452e-10,1.151146825503138e-06,0,4
356,02:05:00,4.199171268522608e-11,8.784398031824265e-12,2.3990989391483488e-12,4.5456021384864943e-13,8.139226174302942e-13,9.195482256410532e-10,7.565287276123358e-07,0,4
357,02:05:30,2.8461631842792838e-11,1.1810137919835046e-11,1.7514705693859235e-12,2.394018748605981e-13,5.285801208845257e-13,1.7671882748438604e-10,8.193172875299547e-07,0,4
358,02:06:00,4.810244079744954e-11,1.4620909253750825e-11,2.9119943361049697e-12,3.7519775864428663e-13,1.3418110339607917e-12,1.3188882957334136e-09,1.3842127689620075e-06,0,4
359,02:06:30,3.333765193271558e-10,5.397226248350153e-12,3.707611474549296e-12,2.009482076912604e-12,2.0999705970688325e-12,2.0516802031672032e-08,2.9673673271284525e-06,0,0
360,02:07:00,3.0779887389239746e-11,3.6184617247232484e-12,3.83068239659168e-12,5.165200655103283e-13,9.70260003820399e-13,5.212550071557413e-10,2.0224240857358848e-06,0,0
361,02:07:30,2.2294450034229927e-11,4.153528116139767e-12,1.2628593865705992e-12,3.102988807375563e-13,8.053648130613421e-13,1.6574334777584326e-10,1.2486179554358944e-06,0,1
362,02:08:00,3.918210196944485e-11,8.122469157973091e-12,3.586548828891356e-12,5.036818827325538e-13,1.5865842543918629e-12,1.671040891394206e-10,1.086689006850035e-06,0,1
363,02:08:30,9.135904163197204e-11,6.40942170370761e-12,3.562672141708608e-12,1.3038580194866806e-12,1.2048143303180226e-12,4.66024034359341e-09,1.944562068730138e-06,0,0
364,02:09:00,2.0434290487671854e-11,7.709810318387823e-12,2.6253500537099373e-12,2.769991379391166e-13,8.598130111939127e-13,1.082154337990336e-10,1.2012414462452156e-06,0,1
365,02:09:30,1.570819567462254e-11,7.997180239608284e-12,6.126674602325276e-12,7.936501266266114e-13,3.2577723382134723e-12,8.463724643243751e-10,1.260487811802824e-06,0,2
366,02:10:00,9.935732372880122e-11,8.137424280098387e-12,4.757372130879045e-12,1.090158293390583e-12,2.176747657853154e-12,8.485874324461468e-09,2.11733205411534e-06,0,2
367,02:10:30,1.2588538919917805e-11,4.296968414433723e-12,2.1574517435032423e-12,3.0293379201477487e-13,8.07092219469328e-13,1.4950539832426062e-10,1.5647772068531175e-06,0,2
368,02:11:00,1.29248383886458e-11,3.447439936613789e-12,1.5548171438107467e-12,3.003778885193453e-13,1.457231916253532e-12,1.2730896298000219e-10,1.4882215549647689e-06,0,2
369,02:11:30,2.168103079193717e-11,6.814052833690684e-12,4.181039389017983e-12,3.58429255394751e-13,1.19340738734859e-12,1.1288039892521591e-10,1.4626694321241825e-06,0,2
370,02:12:00,7.470062560063217e-11,1.785701993559156e-11,4.544346394998874e-12,1.3462615368112878e-12,8.531027307658728e-12,2.3957605642446097e-10,4.4071771982850556e-07,0,2
371,02:12:30,1.559313448543846e-11,5.36413477058394e-12,1.8936795752541438e-12,1.9725236867733117e-13,6.189995384244342e-13,1.247038722483958e-10,5.182822295476644e-07,0,2
372,02:13:00,5.390811850160386e-11,9.696684673180223e-12,6.755228583521337e-12,4.558410695222074e-13,1.547732999455372e-12,1.1921492514248063e-10,5.041519542821786e-07,0,2
373,02:13:30,7.463326474872968e-11,1.8042021094086964e-11,5.011071266308826e-12,7.234173124633305e-13,3.70705976098616e-12,1.8783552034771408e-10,4.719387179637471e-07,0,2
374,02:14:00,8.327521508540007e-11,1.0598908917057536e-11,5.000412863955163e-12,3.522171355782874e-13,1.1298907709211742e-12,2.0057815611020495e-10,4.839654914771903e-07,0,2
375,02:14:30,5.626696200673508e-11,5.802556221179823e-12,2.4908211729702575e-12,2.0014952622713222e-13,6.226083217571597e-13,1.5299209498260031e-10,4.762627629388195e-07,0,2
376,02:15:00,3.848656817246911e-11,6.092556012891999e-12,4.82979037982344e-12,4.645867063454674e-13,1.994453963652211e-12,1.4353789258929712e-10,5.185045459096964e-07,0,2
377,02:15:30,3.309069950700212e-11,6.051352044154832e-12,4.320046093591672e-12,4.69742619399895e-13,2.1743039184776296e-12,1.4471043138773079e-10,5.121318352489407e-07,0,2
378,02:16:00,2.7355565600959163e-11,8.420606680433899e-12,4.020545828097466e-12,6.292466117916721e-13,4.042187720270511e-12,1.5247885952564174e-10,4.834751336501002e-07,0,2
379,02:16:30,2.9905364205891816e-11,6.9611176635638815e-12,7.407554139131165e-12,1.1719718403731783e-12,6.684084769651224e-12,1.233380037463613e-10,4.855998895957071e-07,0,2
380,02:17:00,6.300779797834705e-11,1.3183375241727947e-11,7.215787425737275e-12,7.591651436479227e-13,4.989821748438597e-12,1.787611380476041e-10,5.042221477178751e-07,0,2
381,02:17:30,3.8511025781674203e-11,1.0175373859820809e-11,4.018634906709234e-12,2.831348397014865e-13,5.993996694535023e-13,1.9215546093280827e-10,5.660818875262184e-07,0,2
382,02:18:00,4.637751846969982e-11,8.7072240405555e-12,3.897576384832318e-12,4.155602462073598e-13,1.6854242314724479e-12,1.8100196490307065e-10,5.961539321644957e-07,0,2
383,02:18:30,3.7247924401580475e-11,9.902309276898294e-12,5.501140979175644e-12,4.356182905540144e-13,1.2380047508691276e-12,1.686003813417652e-10,5.717227026364332e-07,0,2
384,02:19:00,3.300578361527945e-11,1.031349766206507e-11,7.788318840525989e-12,7.463430609036214e-13,4.2770272402641884e-12,1.5856603864490165e-10,5.175595600406311e-07,0,2
385,02:19:30,3.3495124222823494e-11,1.03801380613211e-11,4.4544035987971644e-12,5.468648953511005e-13,2.8192033876896274e-12,1.7769688047185394e-10,4.984516765475709e-07,0,2
386,02:20:00,8.74677369221088e-11,1.873436911884821e-11,5.316739339713111e-12,4.202403511358503e-13,2.05064681685647e-12,2.075784162566019e-10,5.086889463507871e-07,0,2
387,02:20:30,7.692635219738503e-11,1.523680253504566e-11,5.2625989673013776e-12,5.556014108810508e-13,3.467996229641779e-12,1.9213536951192e-10,4.69944576056896e-07,0,2
388,02:21:00,4.729284165473176e-11,8.766354249435691e-12,5.626438631948712e-12,2.7496943694550704e-13,8.883309218963877e-13,2.3456932307718774e-10,5.564375714481504e-07,0,2
389,02:21:30,1.1022285201259843e-10,1.2327530248244389e-11,6.768345379831533e-12,7.034447493200499e-13,4.700646437746973e-12,1.8908482660818515e-10,5.347440039615054e-07,0,2
390,02:22:00,2.6083006621082274e-11,1.1875263271157255e-11,6.020938474207673e-12,6.761438636567007e-13,4.8949203737417005e-12,1.5909582237194267e-10,5.117701039972455e-07,0,2
391,02:22:30,6.301807139325722e-11,1.0974952415664807e-11,4.775912824065458e-12,5.802216079483056e-13,2.746085574725312e-12,2.5326711131839737e-10,5.191465479738358e-07,0,2
392,02:23:00,6.011181019621293e-11,1.1051893091985364e-11,3.948093106850371e-12,8.923244484925499e-13,5.8150150011995496e-12,2.593173510543e-10,5.267668889811652e-07,0,2
393,02:23:30,3.82001283796157e-11,1.0093605868252493e-11,3.34522603236094e-12,5.143751210765887e-13,2.912973659623253e-12,1.3973488316387422e-10,5.455608021039504e-07,0,2
394,02:24:00,4.3126797660529946e-11,7.322452696612057e-12,4.679120932445119e-12,4.2986559995335886e-13,1.7837387094640988e-12,1.6422066316234118e-10,5.69053188326315e-07,0,2
395,02:24:30,2.8351433048630204e-11,9.204503698656922e-12,4.4178926866690815e-12,4.400009729457522e-13,2.5793497756697644e-12,1.8220196493244813e-10,5.032265421546272e-07,0,2
396,02:25:00,4.0186950341549605e-11,1.0028159912572668e-11,4.816029563331264e-12,3.686638180202517e-13,1.49101382016235e-12,2.1807630371630832e-10,5.058498223545908e-07,0,2
397,02:25:30,4.785906968330887e-11,7.011093452501853e-12,6.101159776264811e-12,9.059272470439662e-13,5.6757777571605946e-12,1.3405499382567938e-10,5.203128658180883e-07,0,2
398,02:26:00,4.3854275030913725e-11,9.863928064884136e-12,4.270812629837427e-12,6.941305656844641e-13,4.842842325269124e-12,2.0615539986213988e-10,5.225906776786698e-07,0,2
399,02:26:30,6.222337584858278e-11,7.007925785484488e-12,3.608319454589422e-12,3.0957047944513864e-13,1.6215079610329573e-12,1.7756784665256175e-10,5.288256219724032e-07,0,2
400,02:27:00,9.977269286077738e-11,8.27887245216954e-12,4.160937982783928e-12,4.036245775334806e-13,1.93512779389319e-12,2.3217851894604314e-10,5.212600153616227e-07,0,2
401,02:27:30,8.190757669846082e-11,7.611596674259303e-12,3.50668595344078e-12,2.2053397738277352e-13,6.644059726650358e-13,3.695828478270916e-10,5.524852317055795e-07,0,2
402,02:28:00,5.3909475892852735e-11,7.1465666696559896e-12,3.461219886928921e-12,4.120069444765381e-13,2.626943653246734e-12,2.0241521592300558e-10,5.304979201797696e-07,0,2
403,02:28:30,5.291684450740989e-11,7.63629790279906e-12,5.623153612698118e-12,8.337413554611115e-13,5.919772175640032e-12,2.1857766584768701e-10,5.137886414538242e-07,0,2
404,02:29:00,5.490425756763932e-11,9.359078745509337e-12,5.459403016801297e-12,3.653099947772799e-13,1.583011062859902e-12,2.066977010004392e-10,5.304178957770738e-07,0,2
405,02:29:30,3.9571427075029245e-11,7.6012625857427e-12,5.624378113136911e-12,3.133056040000054e-13,9.675409281338253e-13,2.4145006448025777e-10,5.245493554954455e-07,0,2
406,02:30:00,4.880068807793686e-11,1.0265106951620923e-11,5.810990168429717e-12,4.052624429525356e-13,1.929520203455056e-12,2.4357756729216944e-10,5.010591926510725e-07,0,2
407,02:30:30,1.9982967299469825e-10,1.281872251717594e-11,1.5729730031930373e-11,1.5611615155760664e-12,2.903790095970471e-12,9.51225202420516e-09,2.526360416539661e-06,0,2
408,02:31:00,6.51212242403797e-11,1.0427928785433335e-11,5.341749805150729e-12,2.965459496280854e-13,6.944988351694215e-13,5.652551739232648e-10,1.8802508740478084e-06,0,2
409,02:31:30,1.0183425157156078e-10,9.554593858010315e-12,2.970175010525252e-12,5.554505161685739e-13,1.8005645687663701e-12,5.233401923304492e-10,1.5811261659946737e-06,0,2
410,02:32:00,7.656546284315768e-11,7.17630311794948e-12,3.671461407078656e-12,4.3919499302657827e-13,8.799650544676301e-13,3.788391231696398e-10,1.5570262942672232e-06,0,2
411,02:32:30,4.315191667316499e-11,8.972654264836605e-12,4.309886306059221e-12,3.866780764049811e-13,1.1595630498224537e-12,1.8845863324734987e-10,1.5430915109245587e-06,0,2
412,02:33:00,4.537167121383353e-11,4.46663229867581e-12,1.80853234832671e-12,2.984624211514335e-13,1.1438730755980023e-12,1.5096571535888897e-10,1.5006842430018114e-06,0,2
413,02:33:30,8.317252842496036e-11,1.1625068579622211e-11,5.673422940493057e-12,3.490793634284227e-13,8.804698543698253e-13,2.8243633644160636e-10,1.961353884648043e-06,0,2
414,02:34:00,3.488889998514934e-11,4.9618591968533375e-12,3.970982209102409e-12,6.55605217805735e-13,3.304690590925586e-12,1.7813354015714347e-10,1.6207436038051451e-06,0,2
415,02:34:30,4.761438328888785e-11,1.1306935806763598e-11,3.792145845306398e-12,3.2767490623862976e-13,9.364699675457045e-13,1.4514167219571598e-10,1.635141186666147e-06,0,2
416,02:35:00,9.569753053076089e-11,7.73037342854351e-12,5.858424207129773e-12,7.319150777084899e-13,3.0521521818500613e-12,2.57950305151564e-10,1.6405460617351519e-06,0,2
417,02:35:30,4.344444240286532e-11,7.116250714182114e-12,5.045374384742718e-12,5.047373314329862e-13,1.8005109391280707e-12,1.2792063785932613e-10,1.6745231259594807e-06,0,2
418,02:36:00,3.612848638183179e-11,1.139380668605809e-11,2.9560692277900236e-12,2.673284305863342e-13,1.0917780226793057e-12,1.7258280092100114e-10,1.6236396543357932e-06,0,2
419,02:36:30,3.670652442705726e-11,1.1386230608691136e-11,6.47003337098163e-12,4.999696891901777e-13,1.684632886869216e-12,1.7510678656674985e-10,1.6567870145090751e-06,0,2
420,02:37:00,2.6741579170273882e-11,5.73110105332534e-12,3.662415447206003e-12,2.0561898875074809e-13,7.708829076382163e-13,1.3151407861817403e-10,1.6223323306578135e-06,0,2
421,02:37:30,7.007862184263584e-11,8.292451104428135e-12,7.539979629932936e-12,3.2766244503971224e-13,1.3983093435841076e-12,1.7563688070835408e-10,1.6825507574490892e-06,0,2
422,02:38:00,4.6487607231920435e-11,7.176476103984309e-12,3.751730049708736e-12,8.532692399912798e-13,3.913314217502614e-12,2.0011770295861848e-10,1.7011156150652612e-06,0,2
423,02:38:30,4.812443833134901e-11,7.959886254596432e-12,4.146704045282619e-12,7.374869146296109e-13,5.039898913520756e-12,1.5617128077406205e-10,1.6771997311513466e-06,0,2
424,02:39:00,4.330271377685391e-11,6.594765470579053e-12,5.2960826353918184e-12,4.393987350313922e-13,2.10744519799069e-12,1.7791512358064773e-10,1.6543874164398518e-06,0,2
425,02:39:30,5.552400623309608e-11,1.0451097079023895e-11,5.633642351826453e-12,4.689358907758538e-13,2.163612566789114e-12,2.1780442858223225e-10,1.778212951557939e-06,0,2
426,02:40:00,5.241682332709605e-11,8.815144188813565e-12,5.224429754129584e-12,4.677360148922719e-13,2.911759802697526e-12,1.6645002718043924e-10,1.7372605767016753e-06,0,2
427,02:40:30,6.420740067691156e-11,7.129303671303068e-12,5.121586318755261e-12,6.368240522432137e-13,3.998359545642422e-12,2.370220188584804e-10,1.7419477975828851e-06,0,2
428,02:41:00,4.184684099941481e-11,8.173339118817509e-12,5.1095715109063995e-12,2.782705355900775e-13,1.1871491627683443e-12,2.79705264564858e-10,1.648273147087072e-06,0,2
429,02:41:30,3.9937295760811656e-11,9.04722300955221e-12,5.405276909603512e-12,7.120240491798586e-13,4.633464431213033e-12,1.9001745106741053e-10,1.6681635531010576e-06,0,2
430,02:42:00,5.499542214734174e-11,9.63120545652608e-12,3.6844869045372505e-12,5.297146363678175e-13,3.554315840432538e-12,2.4108897872270047e-10,1.5550739335451287e-06,0,2
431,02:42:30,5.532303370248885e-11,8.742603680960814e-12,4.053282400960511e-12,2.2933933249225446e-13,9.035161593415533e-13,2.9991075403354224e-10,1.6298741964241213e-06,0,2
432,02:43:00,4.900621609472811e-11,1.2249433678716894e-11,3.73432900751004e-12,4.8453729628309e-13,3.110122535842529e-12,2.0137975834010767e-10,1.5995066751278523e-06,0,2
433,02:43:30,6.974189971554377e-11,1.1531260370680858e-11,6.361248945426577e-12,3.3813192189414263e-13,1.423497802016819e-12,3.0716856456159604e-10,1.4978283106558452e-06,0,2
434,02:44:00,8.942896474408907e-11,1.1143470628606797e-11,6.49349101043329e-12,3.2817789751330103e-13,8.034361557431207e-13,1.1027758794229324e-09,1.530873144976358e-06,0,2
435,02:45:00,7.152113039831626e-11,1.2218013058682415e-11,3.363372653991689e-12,2.9457536902669777e-13,8.984536081175932e-13,3.254576032703889e-10,1.7693825856314158e-06,0,2
436,02:45:30,8.093997001505796e-11,8.427176613134097e-12,3.4563875931027098e-12,3.560405906001215e-13,1.0888822207714692e-12,4.3923743847277555e-10,1.9552773075437817e-06,0,2
437,02:46:00,8.543552243507674e-11,8.986075685100809e-12,6.44997918851752e-12,5.907542481064109e-13,1.8768598711469387e-12,1.7538960667971748e-09,2.3035770444636243e-06,0,2
438,02:46:30,9.305541150951635e-11,7.604197159687683e-12,2.794536141057461e-12,3.2547029566721386e-13,9.030563153732031e-13,3.7799968484514634e-10,2.1874519683569364e-06,0,2
439,02:47:00,4.841942843658028e-11,5.417062382576819e-12,3.4206565007291978e-12,3.741473331827281e-13,1.0292942372759188e-12,3.195660937054921e-10,2.2171640362261765e-06,0,2
440,02:47:30,3.3453545715256803e-11,1.2076942945743252e-11,4.126359355106267e-12,5.830367881612577e-13,2.7887543811625964e-12,3.4484539556566686e-10,2.079129224964549e-06,0,2
441,02:48:00,9.275220101961142e-11,1.0410509376129664e-11,6.204748129899827e-12,5.0568581865934e-13,1.6744083960754642e-12,3.759065836837818e-10,2.2300601328171177e-06,0,2
442,02:48:30,2.625680011630434e-11,4.500390915578614e-12,1.8980540700838927e-12,2.685380785338943e-13,8.693353264373972e-13,1.931492262129564e-10,2.0935885929714615e-06,0,2
443,02:49:00,2.956579612063757e-11,5.1347766425416975e-12,4.632041709385994e-12,1.1571983412337136e-12,6.349821869883041e-12,2.0346598922906645e-10,2.0886088982475184e-06,0,2
444,02:49:30,4.198691245632627e-11,8.099348066821042e-12,7.268060162063587e-12,4.990483510618839e-13,2.7166859289120165e-12,1.766995322983722e-10,2.159096832056052e-06,0,2
445,02:50:00,5.343833124267817e-11,8.191675289750703e-12,3.904165828739862e-12,5.674094531055528e-13,3.135331361094294e-12,1.931140731794566e-10,2.1380821149014205e-06,0,2
446,02:50:30,3.85279903828513e-11,9.521721363387946e-12,6.102887651132427e-12,5.862607357141757e-13,3.746573662944497e-12,2.456805884552669e-10,2.1000370525846335e-06,0,2
447,02:51:00,4.585841120903014e-11,1.0246898170647966e-11,4.39312468162131e-12,7.158254609737511e-13,4.244936241243084e-12,2.824681389207681e-10,2.111493754310948e-06,0,2
448,02:51:30,3.185551740308877e-11,8.939355499953195e-12,3.402323355682479e-12,4.134142953792988e-13,2.0285958873218113e-12,2.4480324074280646e-10,2.1244050296585095e-06,0,2
449,02:52:00,5.519468410455401e-11,9.980854854565715e-12,3.849637919954585e-12,4.3904022557173513e-13,2.338548729119075e-12,2.1641746137877607e-10,1.902811032848138e-06,0,2
450,02:52:30,3.759382110228115e-11,8.601493694300672e-12,4.376720703848467e-12,4.0609089187881805e-13,2.1041126988654418e-12,2.868026187773217e-10,1.9222717788540245e-06,0,2
451,02:53:00,2.1657182584993025e-10,1.2810654429559414e-11,9.588646952452192e-12,1.1676108406766837e-12,2.441343453132988e-12,9.975250886681408e-09,2.4919648511268954e-06,0,2
452,02:53:30,2.676405116826254e-10,6.7490388759145025e-12,1.2461628998410259e-11,1.5463354273973124e-12,1.4864982294406965e-12,1.118768942780317e-08,2.843782350300827e-06,0,0
453,02:54:00,2.2701122106587992e-10,7.981287756568887e-12,1.2007670090116878e-11,9.630035679815715e-13,1.7537926771820312e-12,5.0518666399049935e-09,2.7128866241004247e-06,0,0
454,02:54:30,2.723167940555515e-10,4.099300425505525e-12,6.925276487595224e-12,6.773765387411238e-13,1.0549844849789302e-12,1.8005179259784316e-08,2.676281040726077e-06,0,0
455,02:55:00,6.565453796804452e-11,3.699241808043837e-12,1.3533689170371146e-11,4.630584696681973e-13,5.701235179806762e-13,2.474581633539215e-09,2.399668015545582e-06,0,0
456,02:55:30,6.586275880064653e-12,4.683057157733396e-12,4.3707517634358506e-12,4.893858018316369e-13,1.2415085280188665e-12,1.2047804565391797e-09,1.635610913430677e-06,0,0
457,02:56:00,8.810096449226322e-12,3.036468722487181e-12,1.954782160875269e-12,3.4780165708929387e-13,8.853117352560145e-13,2.942158841534655e-10,1.6105117026905919e-06,0,0
458,02:56:30,1.6142057888400395e-11,5.2445208146396024e-12,3.7179558229038626e-12,4.1608480423821474e-13,8.395681772044872e-13,3.8003853866420704e-10,1.6920181855403613e-06,0,1
459,02:57:00,3.892469347267728e-11,5.365520140686655e-12,2.0521133906478735e-12,3.3947102331002114e-13,6.288153802396468e-13,2.785592821815787e-10,2.141381855449234e-06,0,1
460,02:57:30,5.0656970680582674e-11,6.815044242679482e-12,4.8079614996416726e-12,8.180609767140652e-13,1.6175652502459677e-12,7.857038491259212e-09,2.203163695258916e-06,0,2
461,02:58:00,1.7242463037129905e-11,6.166812734286927e-12,2.4061040501843784e-12,3.020865513571175e-13,5.239312320138359e-13,2.8809851090670214e-10,1.2879089736652292e-06,0,2
462,02:58:30,4.8866806683280563e-11,7.849388110429235e-12,2.634579155572982e-12,5.403632780922886e-13,7.785711931698651e-13,4.894563145834596e-10,1.396756381129704e-06,0,2
463,02:59:00,2.55478195711556e-11,4.748343023932439e-12,3.149334735503372e-12,5.217845415193011e-13,2.795466540225436e-12,1.0705217368529158e-10,1.2144355478110034e-06,0,2
464,02:59:30,1.1026427048584937e-10,7.94943489604853e-12,2.4804006067853595e-12,3.555261388026609e-13,1.1986215236088634e-12,1.9969834926906003e-10,1.2562915107880632e-06,0,2
465,03:00:00,6.458241346102163e-11,9.537270689483607e-12,3.2141281773433707e-12,3.7087749241790383e-13,9.672518438974403e-13,1.6064305238842174e-10,1.2911124934770425e-06,0,2
466,03:00:30,4.159400788921195e-11,7.16524941396533e-12,4.036131392513723e-12,4.266205691417782e-13,1.6964063523626206e-12,1.9240467384055675e-10,1.2521025352863717e-06,0,2
467,03:01:00,7.029233548088341e-11,4.475432859210553e-12,2.3720744627869894e-12,2.458025363944704e-13,7.886219894646929e-13,2.1476890608875428e-10,1.2522535465003713e-06,0,2
468,03:01:30,4.3047742828228364e-11,8.345773508482849e-12,5.283308606095943e-12,8.17408455293588e-13,2.3933775906006997e-12,1.9476244752645606e-10,1.2089549737007428e-06,0,2
469,03:02:00,5.727110002276187e-11,6.847816270362223e-12,3.905855611279011e-12,6.996765055192739e-13,2.939910381209139e-12,1.5721034000151788e-10,1.3409921759773522e-06,0,2
470,03:02:30,3.5358808243165876e-11,7.571356002656627e-12,3.393820426393887e-12,7.283779157362405e-13,3.3651540043179785e-12,1.230334960705369e-10,1.2268995085819116e-06,0,2
471,03:03:00,3.910220657161148e-11,5.20138650861007e-12,3.3058164350107717e-12,3.8812793927919154e-13,1.4236922599445407e-12,1.2556387417225848e-10,1.2122331269499224e-06,0,2
472,03:03:30,8.006391675348072e-11,8.661578347143547e-12,4.20641144013662e-12,4.851928352385175e-13,1.5786945986999783e-12,1.756904021895059e-10,1.2679470086758883e-06,0,2
473,03:04:00,2.9614918237149053e-11,8.834673543166356e-12,7.178787422614202e-12,4.740176204999857e-13,2.134901874412485e-12,1.4391262571444125e-10,1.204492431183139e-06,0,2
474,03:04:30,1.1545426073599714e-10,8.00262365439712e-12,5.75891594906487e-12,3.348761497156222e-13,9.968677013541377e-13,3.853527904543562e-10,1.6708342622347378e-06,0,2
475,03:05:00,6.930848151375901e-11,7.279440697947398e-12,5.62835971948579e-12,3.8625213964753386e-13,1.4128791485028954e-12,2.2823309653917258e-10,1.7503460279411173e-06,0,2
476,03:05:30,4.0141354325344755e-11,7.751090166391033e-12,3.557516446321394e-12,4.538563652158217e-13,1.2571123356078749e-12,1.3304860288056047e-10,1.45868047864337e-06,0,2
477,03:06:00,4.2796014112217335e-11,4.35978065197255e-12,2.879319065809911e-12,3.6161176166615284e-13,1.5924504383624145e-12,1.4250457088411195e-10,1.4136119955345255e-06,0,2
478,03:06:30,5.08197680575611e-11,7.014806242418282e-12,3.9157447797397356e-12,4.672929862070635e-13,1.7583118163719273e-12,1.7490240375890899e-10,1.365909485346277e-06,0,2
479,03:07:00,5.150136014742974e-11,8.280797675549709e-12,3.3958990923130065e-12,7.095447949557306e-13,4.697985862198712e-12,1.6024693712892028e-10,1.4030987438024762e-06,0,2
480,03:07:30,3.894985235384948e-11,1.1137698106739319e-11,6.0491577070910344e-12,7.137699957914905e-13,3.0189480295000724e-12,1.3270021230593576e-10,1.3632655223421285e-06,0,2
481,03:08:00,2.7696505426540737e-11,6.942454255473171e-12,4.139245611020931e-12,4.011204740453957e-13,1.7921812457623586e-12,1.366408934720287e-10,1.3841306701526227e-06,0,2
482,03:08:30,5.4809923544037603e-11,8.66604769448227e-12,3.3074466899581434e-12,2.7866597885628054e-13,8.05683708054591e-13,1.6215265564444788e-10,1.3458823525462937e-06,0,2
483,03:09:00,5.289237806771663e-11,5.749581177243147e-12,4.6258858148426965e-12,3.7531838888765474e-13,1.5908830512424486e-12,1.5419205856664516e-10,1.5669626258990535e-06,0,2
484,03:09:30,5.562996379075445e-11,7.789689117089714e-12,2.8250209057251248e-12,4.263742672195616e-13,2.0250465844845064e-12,1.3861606450889248e-10,1.3171328264782322e-06,0,2
485,03:10:00,3.505978794713155e-11,9.713048416024212e-12,4.698287875588582e-12,3.453329175196914e-13,1.410958037854538e-12,1.6550527518440492e-10,1.313235457321972e-06,0,2
486,03:10:30,6.739174426500531e-11,1.0452625523135874e-11,3.5381386297429806e-12,3.4284725178319756e-13,8.475928613970544e-13,1.6544477794577198e-10,1.2922683291715262e-06,0,2
487,03:11:00,6.12967547545569e-11,4.700094948531771e-12,2.749547631853473e-12,2.0565714182753209e-13,8.187073856660328e-13,1.3980145277885621e-10,1.3095157521340132e-06,0,2
488,03:11:30,4.560535597869395e-11,1.1911777750683331e-11,3.332418792634156e-12,3.1794001288356165e-13,9.279494866024e-13,1.6799775696109302e-10,1.321931473621703e-06,0,2
489,03:12:00,4.283934130710139e-11,7.912571390961541e-12,4.647832136857338e-12,3.530205279495749e-13,1.5430737769767124e-12,3.7064423024867164e-10,1.4021531616516006e-06,0,2
490,03:12:30,6.606713062446984e-11,1.1106050629126872e-11,3.6261804036120017e-12,4.342731805706064e-13,2.0934318426004903e-12,2.012181576964453e-10,1.3943564536203193e-06,0,2
491,03:13:00,6.381579346438621e-11,8.436998172365548e-12,4.4975875457283285e-12,4.318079664497732e-13,2.1885000743200974e-12,2.2195509791376702e-10,1.4285764855061533e-06,0,2
492,03:13:30,4.6532441931842735e-11,8.342906431669994e-12,5.062742999738593e-12,4.2950250436556475e-13,2.515382629446338e-12,2.1406677318906664e-10,1.3254101695611868e-06,0,2
493,03:14:00,4.2927825812934364e-11,7.59283279287849e-12,4.212692475106792e-12,7.071845538189788e-13,5.460446818382048e-12,2.0545209940299743e-10,1.2900914278517885e-06,0,2
494,03:14:30,4.3199865209965714e-11,8.475714171218495e-12,3.1021153841045814e-12,6.142622454917414e-13,4.107035335869305e-12,1.9771804460002645e-10,1.2518142643799624e-06,0,2
495,03:15:00,6.821494242674034e-11,7.028793781599113e-12,4.035697054943915e-12,3.1249420603455774e-13,1.76384103253872e-12,2.921198912512773e-10,1.26789814816996e-06,0,2
496,03:15:30,5.143742741196916e-11,7.292344438259132e-12,3.813818077127008e-12,2.6564686260624327e-13,1.0294471127364737e-12,2.1939796020409384e-10,1.317229047890253e-06,0,2
497,03:16:00,1.1685933732600134e-10,7.521228582955976e-12,4.2574555314913796e-12,6.173971970587216e-13,3.6044809863699475e-12,4.3212328537822875e-10,1.1502177984542938e-06,0,2
498,03:16:30,6.534244292782287e-11,7.410828595523632e-12,3.156039367291612e-12,3.00925938677783e-13,1.4845850513478054e-12,3.2582478496288036e-10,1.1328673982672756e-06,0,2
499,03:17:00,9.657156165921077e-11,6.494515839813179e-12,3.2210336849281854e-12,3.7755074587245217e-13,1.977275059337858e-12,3.8431325680834024e-10,1.1245564289493053e-06,0,2
500,03:17:30,7.154983006857854e-11,9.724159028125162e-12,3.6255233049964895e-12,3.2892544702364183e-13,1.5190680696712348e-12,4.459733616282907e-10,8.10628047600262e-07,0,2
501,03:18:00,8.319126981538383e-11,6.0245293116649636e-12,2.4030158688956486e-12,1.7887802749877862e-13,7.61266004640271e-13,3.9408857593172036e-10,8.755839338697353e-07,0,2
502,03:18:30,1.0568644671018433e-10,9.94331944774722e-12,2.5105987984965475e-12,4.117368114189415e-13,2.3472647280518713e-12,4.670276096860562e-10,8.803246738821551e-07,0,3
503,03:19:00,8.290740317021687e-11,8.734050522511503e-12,2.2629636977818635e-12,3.5942577666768835e-13,1.9038431750361988e-12,4.406698196062057e-10,8.653274293914427e-07,0,3
504,03:19:30,1.0859566824496539e-10,7.009344022701209e-12,2.7185989802790355e-12,4.0274346666529194e-13,2.4341857866449018e-12,8.399203965482487e-10,8.829182037994844e-07,0,3
505,03:20:00,9.378638074830429e-11,6.862189708759489e-12,2.495661394007876e-12,1.8620500816884008e-13,7.45361207001685e-13,4.431362669565197e-10,8.348509794367309e-07,0,3
506,03:20:30,1.2490247877247993e-10,5.361911198681914e-12,2.080651403447334e-12,1.7328529856301335e-13,4.728872896367871e-13,6.357824036853805e-10,8.641182940518726e-07,0,3
507,03:21:00,9.194895427325306e-11,7.020967553207347e-12,2.7347457376900906e-12,3.5221391405669364e-13,1.6716894819436475e-12,5.100493233225356e-10,9.300717046618583e-07,0,3
508,03:21:30,1.1379851695495619e-10,9.023029278999615e-12,2.488921286789838e-12,2.549726944454239e-13,1.1673001556144484e-12,4.1869220855801735e-10,8.038559212080055e-07,0,3
509,03:22:00,1.1528413293655552e-10,6.3205519895826935e-12,2.6355931766858606e-12,2.4522138471019877e-13,1.2435983927551293e-12,7.041814646273337e-10,7.856424037124195e-07,0,3
510,03:22:30,9.561837545302612e-11,6.477178964193878e-12,3.010024592946334e-12,2.3567293486625897e-13,1.0387301474037683e-12,6.403467613952937e-10,9.057934769748607e-07,0,3
511,03:23:00,1.5534674960401208e-10,7.586764999527126e-12,4.701256262767234e-12,4.781698203149774e-13,1.3815011023409112e-12,9.82350941223133e-10,8.334471360862593e-07,0,3
512,03:23:30,7.970248606766983e-11,6.636681708349799e-12,1.7214209832024909e-12,2.529133080963982e-13,9.084265035826608e-13,7.167588483919829e-10,8.694327409035359e-07,0,3
513,03:24:00,1.5998166945949247e-10,5.725002218362885e-12,1.6319319636578744e-12,3.821337319482817e-13,1.7605897480473228e-12,8.786440312619453e-10,8.848539392069614e-07,0,3
514,03:24:30,1.1718888498677497e-10,6.384194815535664e-12,1.831987274717784e-12,2.451477452545863e-13,1.0806336574649127e-12,1.6333770190214771e-09,8.756289939392077e-07,0,3
515,03:25:00,2.4438882430056674e-10,1.0669321044911344e-11,7.547282441120761e-12,2.5017868927136958e-12,2.4922248732094456e-12,1.2686465442214092e-08,2.7408969006182164e-06,0,0
516,03:25:30,1.0653699545575284e-10,1.4192187077246579e-11,6.234906936262198e-12,3.543961475841283e-13,9.2567997115968e-13,4.848541337915501e-10,2.3249581312038766e-06,0,1
517,03:26:00,1.0625505088381958e-10,8.15754995324479e-12,5.085463262977262e-12,3.86446334495248e-13,1.0649305764478293e-12,5.717525038577106e-10,2.343059688553241e-06,0,1
518,03:26:30,5.0637939304890966e-11,1.2344769072369744e-11,4.794668559571208e-12,4.588699595065888e-13,1.5595170234608333e-12,3.893019579966972e-10,2.3299790927475706e-06,0,1
519,03:27:00,2.34792424371298e-11,1.135542437881611e-11,3.1525730274205077e-12,2.843611287819925e-13,8.288847528393602e-13,2.363084416209543e-10,2.2792291243135075e-06,0,2
520,03:27:30,9.110402771018237e-11,8.978141832570218e-12,3.781210300976536e-12,4.761675309758579e-13,1.4419155071932844e-12,2.1755409628931526e-10,2.2707711587624805e-06,0,2
521,03:28:00,1.0073313720314139e-10,7.195945811569781e-12,5.094824340356518e-12,4.679097241242462e-13,1.456603161767228e-12,2.217360584442517e-10,2.479220015932972e-06,0,2
522,03:28:30,1.9308516993682976e-11,9.05829055464123e-12,5.576105571828785e-12,4.690612914912013e-13,2.1713424247468017e-12,1.3631845851829718e-10,2.4639566465811346e-06,0,2
523,03:29:00,7.100303178431983e-11,9.887934342535124e-12,4.659251599664677e-12,4.577480558400423e-13,1.854216192816564e-12,2.769820503823697e-10,2.4957150901950857e-06,0,2
524,03:29:30,3.267538269838705e-11,9.37058602968729e-12,4.084218165386673e-12,3.16518095021457e-13,9.80425223544636e-13,1.4538810395711016e-10,2.3870683964344035e-06,0,2
525,03:30:00,1.2714242573487867e-10,1.2813107977509741e-11,1.043211207098237e-11,8.16483642883716e-13,1.682717975472804e-12,6.584648246889218e-09,2.803446191019189e-06,0,2
526,03:30:30,1.8074906243905872e-11,5.29144041414492e-12,1.8299796717547908e-12,2.2495325866893822e-13,6.691425447030966e-13,1.9869692065297969e-10,1.5035475237140136e-06,0,2
527,03:31:00,5.939527593374039e-11,6.833598361662787e-12,6.199423447193249e-12,1.0178393764360062e-12,6.536259310677135e-12,2.7270826793691485e-10,1.394652014882312e-06,0,2
528,03:31:30,3.757326108111021e-11,5.7884976967339005e-12,2.961458847505875e-12,3.9956464648347005e-13,1.1841244052267177e-12,2.15012642607054e-10,1.596541912645818e-06,0,2
529,03:32:00,4.235713454979617e-11,6.151853383206466e-12,4.334041925272761e-12,5.73571330719438e-13,1.8274562597632853e-12,1.6029953129281343e-10,1.4578176174913883e-06,0,2
530,03:32:30,3.76571577730714e-11,8.121782241920634e-12,4.550681773842815e-12,4.1539523327294976e-13,2.176594360530208e-12,1.3310834141193707e-10,1.478602544519515e-06,0,2
531,03:33:00,5.4726875502254226e-11,8.193886083454414e-12,4.3501484275553135e-12,4.624575116459844e-13,1.945049927909437e-12,2.7942417741990674e-10,1.5124610911791093e-06,0,2
532,03:33:30,8.019384096730894e-11,8.820167364913885e-12,5.884277101561853e-12,6.032341802106014e-13,2.764740328804992e-12,2.3994882512604007e-10,1.4865517815105137e-06,0,2
533,03:34:00,2.3703273340084183e-11,7.857627690599498e-12,4.206712282888742e-12,6.183444008124598e-13,3.588564934470382e-12,1.5730601113910697e-10,1.4546838702652689e-06,0,2
534,03:34:30,4.325828349104922e-11,9.292481400794131e-12,5.2423905508997905e-12,1.2483709730555892e-12,8.638396072372433e-12,1.7992924385525246e-10,1.4794452868759059e-06,0,2
535,03:35:00,5.3656440254002026e-11,1.0179436641621318e-11,4.839804535142509e-12,6.650111336027373e-13,4.197564270476728e-12,1.5327529575548945e-10,1.4843049024909495e-06,0,2
536,03:35:30,4.1670247266832843e-11,1.2553824646134752e-11,4.346802776759701e-12,2.33697499861845e-13,8.750699277447085e-13,1.390984223876828e-10,1.4917397991064268e-06,0,2
537,03:36:00,8.374813516334679e-11,1.7162954415606205e-11,4.136324589261394e-12,4.4848824394571327e-13,1.9284131685657894e-12,2.0464875849413498e-10,1.4772655889533666e-06,0,2
538,03:36:30,3.488844846242453e-11,5.822347960306557e-12,2.674295758155066e-12,4.935300436080133e-13,3.1906782170894053e-12,2.4647833399879143e-10,1.4465749347288265e-06,0,2
539,03:37:00,8.083197547619938e-11,1.1387089933652136e-11,5.613854352469197e-12,6.866292899610339e-13,4.3958875894154534e-12,2.252871543577435e-10,1.4296437220225445e-06,0,2
540,03:37:30,4.905335573454169e-11,8.838213404924608e-12,3.5854293325189805e-12,2.127315694918643e-13,8.279202593628266e-13,2.2087980971007668e-10,1.4785969833600204e-06,0,2
541,03:38:00,6.247308072568156e-11,1.425363496013211e-11,3.622975617165627e-12,6.267091309652235e-13,3.778312133432736e-12,2.742963690783655e-10,1.4052255381900871e-06,0,2
542,03:38:30,9.367167393937157e-11,1.1431857969330907e-11,3.0179767330209892e-12,3.971617570630552e-13,1.802039210264448e-12,2.683240542710143e-10,1.4032986388924076e-06,0,2
543,03:39:00,7.840059989745956e-11,1.1729257782807583e-11,4.978314407683535e-12,5.196638768179606e-13,2.6865904918633903e-12,2.588995376330954e-10,1.4088512502806357e-06,0,2
544,03:39:30,6.637339675832218e-11,7.592955831763905e-12,3.4605292784333315e-12,3.4907104951742215e-13,9.574061527894904e-13,2.0936419577485284e-10,1.4907158040208088e-06,0,2
545,03:40:00,9.454490845753431e-11,1.1930053890479956e-11,9.925810440712637e-12,1.2963678234821397e-12,6.376645599691661e-12,7.4320664881867165e-09,1.8470740810632064e-06,0,2
546,03:40:30,1.2814226582462325e-10,2.251849912727144e-11,1.2331706491072486e-11,1.6416175817358323e-12,1.89564577545905e-12,2.9704978111250558e-08,2.910756945269286e-06,0,0
547,03:41:00,4.570720074556715e-11,8.784359137111985e-12,4.20457144986214e-12,4.1485276971845505e-13,6.299381937514256e-13,9.416482726196844e-10,1.315421390133078e-06,0,0
548,03:41:30,4.9824416659195764e-11,8.660029649684666e-12,3.57098617911954e-12,4.1718496023108643e-13,1.6662600158285273e-12,2.7393472825939887e-10,1.2589891593273874e-06,0,0
549,03:42:00,5.3020884028103346e-11,7.322357502284801e-12,3.4439101524946387e-12,4.489315255264828e-13,1.9467404902934585e-12,2.0070479430328107e-10,1.5039539335088807e-06,0,0
550,03:42:30,4.533198089522631e-11,6.673985834373766e-12,2.771199501526822e-12,3.1983788130528647e-13,9.039835115392206e-13,2.1234210542104838e-10,1.1919589368147624e-06,0,0
551,03:43:00,5.744654897449543e-11,5.259947578684567e-12,2.0484125378241312e-12,3.4306904576554277e-13,1.3489396563214402e-12,2.1680495077305603e-10,1.233195001781555e-06,0,0
552,03:43:30,3.866205590141193e-11,1.025350018886503e-11,4.289225719287409e-12,4.89153227294081e-13,1.877386022511675e-12,2.50674096274577e-10,1.146883286849037e-06,0,2
553,03:44:00,5.4526039376392284e-11,6.27195225878275e-12,8.415334183750195e-12,9.974772074979121e-13,4.477465337123063e-12,1.6047964277765328e-09,2.1853710266717903e-06,0,2
554,03:44:30,6.871856873403604e-11,6.889296411205032e-12,3.1899698826298715e-12,3.1262965811109873e-13,6.485967640167201e-13,1.7686886302729146e-10,1.973838164735731e-06,0,2
555,03:45:00,2.94711360903956e-11,7.070538821697008e-12,3.4280876018095376e-12,5.370773670317367e-13,2.2547077287745234e-12,2.111021319092017e-10,1.8335869331246587e-06,0,2
556,03:45:30,1.1162663045913257e-10,7.406849940652206e-12,5.461352763845958e-12,4.659260182302052e-13,1.2361460911380105e-12,4.3604350183563755e-10,1.9903665933886148e-06,0,2
557,03:46:00,2.6129964808893933e-11,7.428632368330459e-12,2.7075678326307713e-12,2.758153450646547e-13,7.904168221182744e-13,3.494738414365944e-10,1.8417088534930252e-06,0,2
558,03:46:30,3.011859657585006e-11,7.083963729341827e-12,3.6176334161439266e-12,3.634431603421283e-13,1.443850081931483e-12,2.7521787894443686e-10,1.66875386851003e-06,0,2
559,03:47:00,6.960550586473955e-11,9.002664062961472e-12,5.067642175410808e-12,8.338094947134409e-13,3.665153796472442e-12,1.8791463151143638e-10,1.3323091910997681e-06,0,2
560,03:47:30,5.279901415780106e-11,9.929705226579317e-12,6.102137693236792e-12,9.925984063773211e-13,4.816838826566852e-12,1.96436060518005e-10,1.1112272305941516e-06,0,2
561,03:48:00,9.182754947921047e-11,2.0351710417993273e-11,5.804192039175358e-12,4.1897964863420116e-13,1.2159019141821433e-12,9.623060743392845e-10,6.43573235932876e-07,0,2
562,03:48:30,1.8963234541497093e-11,4.698722750106157e-12,3.825424075036314e-12,3.2304497650581783e-13,6.478581749409103e-13,2.0282039821747342e-10,7.2152480313258e-07,0,4
563,03:49:00,2.6632725191799456e-11,1.0699295223720249e-11,1.9417155177220596e-12,3.126090687726687e-13,7.828723096993666e-13,3.093776769553927e-10,4.937405169056316e-07,0,4
564,03:49:30,2.4215619194563487e-11,1.296404874984996e-11,1.1523791777563919e-12,2.0091100929424e-13,5.099787274233854e-13,2.554462876720116e-10,4.388575620684719e-07,0,4
565,03:50:00,7.811981853432409e-11,1.5989253299964392e-11,2.2685930160516287e-12,5.102599028034134e-13,1.1145214271565762e-12,4.6134453170845765e-10,1.0272650124641379e-06,0,4
566,03:50:30,2.963237855077192e-11,8.854599814143904e-12,2.624038407727551e-12,2.931191531743306e-13,7.207588034919038e-13,1.4105054400683078e-09,1.3480296313826936e-06,0,4
567,03:51:00,3.7550781814820596e-11,1.4921132888616693e-11,2.8551600517729184e-12,3.558985070710637e-13,1.109296098962629e-12,8.721406596578535e-10,6.204677202512714e-07,0,4
568,03:51:30,4.032834505313633e-11,1.4073714101354565e-11,2.9693805358154204e-12,9.747073205195098e-13,6.814113097873025e-13,2.17478900182393e-09,6.66342154789023e-07,0,4
569,03:52:00,3.5739794535677184e-11,4.7555344404705374e-12,5.249388200573379e-12,8.830117652021379e-13,1.1915520512142128e-12,1.7424542447966538e-08,1.7264459961602824e-06,0,4
570,03:52:30,2.728287533172889e-11,1.2358365523452706e-11,3.264452295143491e-12,2.8086421778465967e-13,8.748682593951649e-13,2.693266942916942e-10,8.305437802801473e-07,0,4
571,03:53:00,2.668669285733541e-11,1.2883953294553997e-11,1.4254964872314326e-12,2.36642310612766e-13,5.812883712972497e-13,1.6297581361232493e-09,1.0189366351970477e-06,0,4
572,03:53:30,2.5233268658358606e-11,1.1039882270748302e-11,5.789292165747931e-12,4.231799200821831e-13,1.1455696109270475e-12,2.06988931586209e-09,6.701252038503057e-07,0,4
573,03:54:00,2.2789429607263696e-11,9.299905140774543e-12,2.8748942960290558e-12,3.3153224711324123e-13,7.414821071840505e-13,3.838819328053256e-09,1.3881210374096947e-06,0,4
574,03:54:30,4.891362662762117e-11,5.997543686987123e-12,9.439589224840171e-12,7.424778164483299e-13,1.3027560129479887e-12,1.4511680236358628e-08,1.7992619904958548e-06,0,4
575,03:55:00,3.0124937045793845e-11,1.2317661005501568e-11,2.8707508178870425e-12,3.123045439877931e-13,8.445807626065337e-13,6.813907584595764e-10,4.718269275789489e-07,0,4
576,03:55:30,2.284199924006338e-11,9.5049562847357e-12,2.1294990240857946e-12,3.3522374171300337e-13,6.468772977412968e-13,2.0206750677542363e-09,5.040860847106943e-07,0,4
577,03:56:00,1.2829627077059824e-10,1.4345401836783128e-11,1.959396995988468e-12,3.54767845467139e-13,5.966011725442597e-13,2.9786044982087865e-09,4.308939560079573e-07,0,4
578,03:56:30,4.60110646728548e-11,6.266934405972257e-12,1.4452649778464637e-12,3.3595766191791974e-13,6.235329901197721e-13,9.433285107837434e-10,4.4518590366130657e-07,0,4
579,03:57:00,2.0829210549312528e-11,6.356734253398528e-12,1.129528722321999e-12,2.1973293148114116e-13,6.156498467745286e-13,9.683565393667426e-10,4.848470608812696e-07,0,4
580,03:57:30,2.6166942165941728e-11,9.702614222079387e-12,6.3056020777367615e-12,4.839082439115645e-13,8.766362889526294e-13,5.67207248485649e-10,1.0492764580461408e-06,0,4
581,03:58:00,2.088108244477711e-11,9.217903231086148e-12,6.411677292812391e-12,3.1805655186751426e-13,8.366963942731389e-13,2.421033161346541e-10,8.150486749614107e-07,0,4
582,03:58:30,7.29274020227116e-11,1.5354973484260316e-11,1.5848895200116096e-12,2.233073040210362e-13,5.781141741095555e-13,1.5556619204456583e-09,8.413445770874276e-07,0,4
583,03:59:00,1.1945548787253874e-11,7.169674918762771e-12,1.916576502435711e-12,3.050802291274218e-13,5.926474740267659e-13,3.622457713181601e-10,1.0705273613453895e-06,0,4
584,03:59:30,2.4343930629642545e-11,1.1754874889187103e-11,2.1422852158414944e-12,3.77221818113559e-13,1.3459041869495333e-12,1.9188678060716283e-09,4.855244670687311e-07,0,4
585,04:00:00,3.241309939128977e-11,8.646974103451495e-12,2.1894044772659834e-12,3.0314616514057037e-13,8.277017862202919e-13,1.8627814832255697e-09,9.063330828094787e-07,0,4
586,04:00:30,6.616787561833358e-11,7.457481449242762e-12,1.4420819457830354e-12,2.3003365281013526e-13,4.858074163150303e-13,2.513527483273728e-09,7.316856402917265e-07,0,4
587,04:01:00,3.426363581509985e-11,3.763899120599199e-12,4.84419915764174e-12,6.394047095151008e-13,8.164949392046982e-13,1.8730819741532207e-08,2.0173997014913956e-06,0,4
588,04:01:30,7.355908228312177e-12,3.3475503569643523e-12,2.092801918089898e-12,2.909108865607674e-13,8.043980191855552e-13,2.0680441736423705e-10,6.191429619299172e-07,0,4
589,04:02:00,6.337204036534469e-11,1.4493856048903835e-11,1.736354732582289e-12,2.424703574154035e-13,5.720380839690185e-13,6.623941390138471e-09,4.108496531209961e-07,0,4
590,04:02:30,1.8580262180358844e-10,3.6830373448063915e-12,2.042668297116996e-12,1.899979697156815e-12,1.0102199440243938e-12,2.5357751808006154e-08,2.1268087046494718e-06,0,4
591,04:03:00,2.1375417464395556e-10,8.498497786087145e-12,1.1115226772407549e-11,1.140590055592085e-12,1.0156996214951174e-12,4.112348551371282e-09,2.287482341332876e-06,0,0
592,04:03:30,1.7850581867126406e-11,6.936483881925918e-12,1.7501633435639326e-12,2.795171515193244e-13,7.339517603028688e-13,2.1059839257562856e-10,6.64585646921863e-07,0,1
593,04:04:00,2.3007950873475898e-11,1.10726891873988e-11,3.2463898009753568e-12,3.2957135380529527e-13,1.3913839945265693e-12,2.051983625421486e-10,2.2738783438181477e-07,0,2
594,04:04:30,2.2333438164155814e-11,6.562466218518128e-12,1.6444982916724143e-12,2.3673610393714074e-13,4.800521560442369e-13,4.333215408893391e-10,6.190455262405623e-07,0,4
595,04:05:00,2.896085291143972e-11,7.601933854696405e-12,1.6213433651554113e-12,2.9292687094667284e-13,4.873660528962293e-13,2.669462380677384e-10,7.304406169685823e-07,0,4
596,04:05:30,5.651281833996905e-11,6.49964727576147e-12,8.537951571181254e-12,5.920494967676399e-13,8.604070970557268e-13,1.6227995242331021e-09,1.619266527528914e-06,0,4
597,04:06:00,8.796684078024314e-12,4.7252116321699e-12,5.885396692030818e-12,3.443883270559169e-13,6.667111796010185e-13,8.595520392031519e-11,7.124284332909169e-07,0,4
598,04:06:30,3.980396677019956e-11,1.3222038551675032e-11,2.539184648626743e-12,5.3525188318971e-13,1.0526076436469766e-12,8.063322471035167e-10,1.407859458110074e-06,0,4
599,04:07:00,1.0622481512619089e-10,7.919891034012564e-12,1.2915394434799621e-12,2.3112915898196013e-13,5.838053198844202e-13,8.587534076353334e-09,5.737872789361209e-07,0,4
600,04:07:30,4.063994077147914e-11,3.4186916080309006e-12,5.107087113446194e-12,4.0527966181465115e-13,9.401889243142726e-13,7.261494929693022e-10,1.6238005354451327e-06,0,4
601,04:08:00,2.7413243730596746e-11,9.919210368279203e-12,1.9683945962609377e-12,3.295397012475363e-13,7.126050079194885e-13,7.082061126433187e-10,6.76197501689767e-07,0,4
602,04:08:30,1.4663970523735493e-10,6.27242556586053e-12,6.1142729164368284e-12,2.2337006985620088e-12,2.6369730382817115e-12,5.302090400458714e-09,3.0487995017923643e-06,0,0
603,04:09:00,4.9581859203295564e-11,4.816541658991894e-12,1.3511230980022083e-11,1.3377722249692955e-12,1.1762110479898827e-12,5.440764634537482e-09,2.7060721079432334e-06,0,0
604,04:09:30,6.816136346772197e-12,2.2778621393467835e-12,2.2375427183973698e-12,3.0229877971661766e-13,7.851248710709681e-13,2.1035259296960364e-10,1.3501360189140748e-06,0,0
605,04:10:00,2.890022447763658e-11,4.75976876278266e-12,2.6474038175857063e-12,4.621846351386958e-13,8.714267423308558e-13,1.1478350694311522e-10,1.278885561045226e-06,0,1
606,04:10:30,3.616990345810198e-11,1.0086242543543413e-11,3.1848274139159676e-12,4.007160056421345e-13,1.2123047575269868e-12,1.7596944255652175e-10,8.704703745240802e-07,0,2
607,04:11:00,5.221855435009426e-11,1.1977975601911758e-11,2.641153331340506e-12,3.230755904922578e-13,8.619821113260455e-13,1.6434639651445837e-09,6.140778430154274e-07,0,2
608,04:11:30,3.7275370307666135e-11,1.3140630077849672e-11,5.9367396864650725e-12,4.880247962177931e-13,1.0874278147680772e-12,7.460153343611984e-09,1.1322556159006435e-06,0,4
609,04:12:00,3.092836408165691e-11,1.2357475011028676e-11,1.9104829575596657e-12,2.378553083509947e-13,6.023557198255931e-13,1.9456494060380352e-10,6.703002652389383e-07,0,4
610,04:12:30,3.1891992471696363e-11,9.183845685396904e-12,1.572033388796722e-12,2.2289611698755743e-13,4.89274350253122e-13,3.2876989202015098e-09,7.524554657621336e-07,0,4
611,04:13:00,2.7772862479014075e-11,1.1917560949000089e-11,1.0640245044402533e-12,1.7630137845613864e-13,2.9233491897297086e-13,6.400345568930955e-09,5.799325596118845e-07,0,4
612,04:13:30,4.441195656648236e-11,1.0425968230505121e-11,1.2150627680971417e-12,1.9114546962738022e-13,3.484002736788558e-13,6.399366500583568e-09,5.501259685497411e-07,0,4
613,04:14:00,6.417997874085545e-11,3.986904879346983e-12,9.733969065599503e-13,2.2018716472813255e-13,3.8702311856254326e-13,2.6304109411878676e-09,5.639965042571714e-07,0,4
614,04:14:30,7.050801517173372e-11,9.568316249993814e-12,1.803194346390707e-12,7.861368492419738e-13,1.5410598479017177e-12,1.0879221404402802e-08,1.6150408173861203e-06,0,4
615,04:15:00,7.532505691209109e-11,7.57440407779918e-12,5.684444905436545e-12,5.016228791936704e-13,5.483441435570414e-13,1.8879387586367355e-09,1.5053096964534113e-06,0,4
616,04:15:30,1.8473178038121657e-11,1.1938283616869574e-11,1.2316771978394586e-12,2.2681481714503333e-13,5.072902713035989e-13,5.009644544065157e-10,5.334795166332609e-07,0,4
617,04:16:00,8.585764166845038e-11,4.668373341502645e-12,2.1411520068568733e-12,6.423092984821945e-13,9.185222138006802e-13,6.826931194442132e-09,1.8614038175544441e-06,0,4
618,04:16:30,3.263676850211908e-11,1.3073599645996719e-11,5.031901637299004e-12,3.778683313387168e-13,1.1055408801083048e-12,8.740873713952506e-11,8.403297260944882e-07,0,4
619,04:17:00,3.153575173150682e-11,6.402500838065479e-12,1.6729768076736588e-12,3.128166198700826e-13,5.798916603637116e-13,2.517557946283484e-10,5.991643649379758e-07,0,4
620,04:17:30,4.399718896239877e-11,7.896249095410065e-12,1.5912047689328245e-12,2.0484432591295187e-13,4.748287127295981e-13,1.1222516270919472e-09,6.849433576753666e-07,0,4
621,04:18:00,9.552642212637799e-11,8.775451490321086e-12,1.722636671882563e-12,2.6609507288462627e-13,7.547588026690513e-13,4.191181036436425e-09,7.43948561813233e-07,0,4
622,04:18:30,6.273165074567548e-11,1.0576760434829575e-11,1.4337213919614807e-12,2.6556562251652753e-13,8.143972025456011e-13,9.443361404422918e-09,7.676213944898205e-07,0,4
623,04:19:00,4.351959321163453e-11,6.785044696958076e-12,1.3461483502741283e-12,2.1294984147643547e-13,5.691240593625118e-13,7.878966179928694e-09,9.536813862186962e-07,0,4
624,04:19:30,1.19590893309155e-10,1.1581712749851748e-11,1.6088867190295157e-12,3.235789276720158e-13,8.631343831009986e-13,1.1509583871478101e-08,6.912011696358987e-07,0,4
625,04:20:00,1.6404886294799693e-11,4.5887927325125786e-12,1.2566409157821512e-12,2.541235960752027e-13,5.842334101773887e-13,1.2482316839077914e-09,6.281973814681428e-07,0,4
626,04:20:30,9.603705104604922e-11,5.969366878059295e-12,4.344791309041559e-12,1.0774027802641784e-12,1.005397639901802e-12,4.378100839762742e-09,1.8996345423416886e-06,0,0
627,04:21:00,7.183185806396484e-11,4.830584875203168e-12,6.546364101810206e-12,9.373593581547903e-13,1.133886153282374e-12,1.6446364200533114e-09,1.8801088196307902e-06,0,0
628,04:21:30,1.7275337978937785e-11,8.194261991806357e-12,7.604138759262736e-12,3.3114501074525054e-13,8.810236047541657e-13,9.473782235486951e-11,1.0335040502894214e-06,0,1
629,04:22:00,9.357897713034806e-12,5.356419211665242e-12,5.297716619823005e-12,4.139158172338696e-13,7.99202032094312e-13,1.0908793184081793e-10,6.91866426738201e-07,0,1
630,04:22:30,4.326734546119456e-11,1.212219757257076e-11,1.5719814585527038e-12,2.508869010863573e-13,7.357697730517481e-13,5.223937098606888e-10,1.0413278045646346e-06,0,1
631,04:23:00,4.2018599578969844e-11,1.4357884108034279e-11,5.237712231840468e-12,2.10512290873793e-12,1.7573484254245733e-12,1.1058409930347431e-09,1.5273542808695235e-06,0,4
632,04:23:30,2.4929035523797353e-11,1.0208601846396645e-11,3.306483232937181e-12,6.502160614943803e-13,1.3476234280480029e-12,4.213094848193131e-09,5.657559319482643e-07,0,4
633,04:24:00,1.6212781660473287e-10,6.254991578626768e-12,7.582776361263028e-12,2.5740203278266593e-12,2.288864610350077e-12,1.373917402403073e-08,2.6542464349434838e-06,0,0
634,04:24:30,6.4426197911269e-12,2.5758025067986268e-12,2.1608814745724595e-12,3.6190240288395523e-13,3.759280825429458e-13,2.507651345761175e-10,1.6162412136659214e-06,0,1
635,04:25:00,9.580877328000031e-12,3.3985622320352552e-12,1.41745363165981e-12,4.390603262837046e-13,1.3877043365015453e-12,1.2624690105935777e-10,1.151078440987303e-06,0,1
636,04:25:30,1.3892045811793754e-11,8.038681772451981e-12,4.15836563538906e-12,5.764064758818493e-13,1.767688247733492e-12,1.3862582609424167e-10,1.0304936674854953e-06,0,2
637,04:26:00,4.637540528173442e-11,1.3863870296003363e-11,5.7161565017129555e-12,5.398933353245794e-13,2.3079336370742446e-12,1.8007208338300688e-10,7.492235899790035e-07,0,2
638,04:26:30,3.486975810330618e-11,1.0820101331868306e-11,2.201861172224549e-12,3.835746373277824e-13,9.365265335358886e-13,8.835515927816496e-11,5.975109541394881e-07,0,2
639,04:27:00,4.840406373943364e-11,8.60639890349442e-12,2.579714600437948e-12,3.2009084840062254e-13,1.1641703256441431e-12,1.5411151317337177e-10,5.702399009882579e-07,0,2
640,04:27:30,5.84155403792854e-11,1.082309850028214e-11,2.634561947260091e-12,3.3782457636707286e-13,1.0454550976624628e-12,1.1999513255263395e-10,5.510886054782195e-07,0,2
641,04:28:00,3.490958342673433e-11,1.1767523954920607e-11,1.6283753203719149e-12,3.386105266796063e-13,1.0821592009878536e-12,1.624470522574067e-10,5.504919400744896e-07,0,2
642,04:28:30,1.7982174810906435e-11,8.400854837753415e-12,5.371190267478619e-12,3.391589475971108e-13,1.1413614408196201e-12,7.895101666347883e-11,5.469376719755079e-07,0,2
643,04:29:00,9.242515140002356e-11,1.2516870440790033e-11,1.7055822992429678e-12,3.0110341899983465e-13,8.434867347346948e-13,7.727105618743364e-09,5.150520090773156e-07,0,4
644,04:29:30,3.59378192910214e-11,1.0115395279614626e-11,1.595127614687843e-12,2.2375258027369987e-13,5.581684902431173e-13,8.508815165289342e-09,5.413574423598123e-07,0,4
645,04:30:00,6.569688382037723e-11,6.951958666391013e-12,2.3292561912626123e-12,7.696034392166156e-13,1.0320093453595725e-12,1.8844362743787855e-09,1.4529047436749608e-06,0,4
646,04:30:30,2.1102350530955785e-10,6.2298654480708135e-12,1.029381931651461e-11,1.5723106716880851e-12,1.840037026564747e-12,1.809506225155405e-09,3.101702520716474e-06,0,0
647,04:31:00,8.997346366429309e-11,4.364503256429885e-12,9.943690919601865e-12,4.983141404416573e-13,6.155128640726604e-13,1.1577924161930071e-08,2.5178113805684227e-06,0,0
648,04:31:30,1.8765531159652245e-11,3.880998522097513e-12,1.4943685418441827e-11,4.776030283153197e-13,1.0023569986497753e-12,1.1225436375675646e-09,1.7796436927284663e-06,0,0
649,04:32:00,4.243114982265017e-11,4.0546841553369574e-12,1.1083244907397342e-11,3.8045934621114995e-13,7.959130003029351e-13,5.667835681461413e-10,1.9867755651777727e-06,0,0
650,04:32:30,8.522234989212732e-12,5.219304019774952e-12,1.2963662091524677e-11,4.1904189642535967e-13,8.832321628330134e-13,9.347169550116612e-10,2.0820232484194183e-06,0,0
651,04:33:00,5.788368910451564e-12,5.939696504887142e-12,1.2081975508160684e-11,4.861296737884616e-13,1.2524973644424407e-12,4.684425902873813e-10,1.9662161544613546e-06,0,0
652,04:33:30,7.180056381937314e-12,5.656876543552298e-12,1.1265770570970513e-11,4.3400402937930396e-13,8.770412226062939e-13,3.432172649649377e-10,1.8985830259896444e-06,0,0
653,04:34:00,4.568134018363184e-12,4.346177543755929e-12,8.247108907178655e-12,3.921698676336734e-13,1.0126275299832536e-12,2.3498347447237516e-10,1.8196138578614567e-06,0,0
654,04:34:30,6.5820682620260435e-12,2.0037309592967497e-12,3.960079350802369e-12,3.481565563157575e-13,7.982644990638451e-13,3.7563579941791157e-10,1.92367992446123e-06,0,0
655,04:35:00,2.1896903825962304e-11,4.643024432545973e-12,9.552527946982895e-12,3.7371895049131665e-13,7.864082632238654e-13,7.720648952160256e-10,2.164231802431229e-06,0,0
656,04:35:30,7.0135263479210296e-12,4.083400713076839e-12,1.1733730889259457e-11,3.971048636895403e-13,8.003573294198135e-13,2.994003506406921e-10,2.1961266042201608e-06,0,0
657,04:36:00,1.7203818201542082e-10,9.035143095200249e-12,8.813331349082428e-12,8.759737092075076e-13,1.6549780606510284e-12,7.250750616864956e-09,2.7126871883669503e-06,0,0
658,04:36:30,5.428803457696444e-10,3.304689840404905e-11,4.871436415360016e-12,1.0345448633111828e-12,1.8947629740463504e-12,1.1756265585157154e-08,3.013505615915905e-06,0,0
659,04:37:00,5.293833201419882e-10,2.167054038696072e-11,5.832630354822775e-12,2.315639550733587e-12,4.3305350989257095e-12,9.869137767262746e-09,2.9635143986894476e-06,0,0
660,04:37:30,6.22774284335937e-10,2.1134971545352613e-11,4.4883452269971695e-12,2.1604865678763216e-12,3.175664630983753e-12,1.386594803275314e-08,3.0004690252740093e-06,0,0
661,04:38:00,1.130312876592536e-10,4.3107640841090325e-12,3.133063947810962e-12,6.55675936482916e-13,1.0517022751565566e-12,1.2933501171382018e-09,2.963025467664628e-06,0,0
662,04:38:30,2.6412761663713955e-10,1.2461568871609949e-11,3.4206063652357967e-12,6.605128436538453e-13,1.2752772492319069e-12,1.1614996480217086e-08,2.9786885626805124e-06,0,0
663,04:39:00,5.314250341475828e-10,3.2570517327644294e-11,5.336419320060652e-12,1.5861606943263421e-12,4.394741154403742e-12,1.2025891579091673e-08,3.0304607971418065e-06,0,0
664,04:39:30,5.491964234414e-10,3.518397104235134e-11,5.793062860621765e-12,2.093130949796665e-12,3.5281324245796347e-12,1.8012027130391826e-08,3.0880423031314554e-06,0,0
665,04:40:00,4.970932485119645e-10,1.4873439684924098e-11,4.027278281555081e-12,8.779418296603177e-13,1.5221016606931773e-12,2.3426905698468472e-08,3.1074398321836627e-06,0,0
666,04:40:30,9.200020174234357e-11,7.646893347622722e-12,1.5977060976045356e-11,7.116215517748004e-13,1.2435716409040878e-12,2.712053236282549e-09,2.5320277026845716e-06,0,0
667,04:41:00,1.950825298175146e-10,5.9466128474849936e-12,1.041730751535548e-11,3.9700330530120234e-13,6.688931167837557e-13,2.644020107421295e-09,2.448645886144153e-06,0,0
668,04:41:30,1.0647381024866106e-10,6.8616852386183135e-12,1.3771169040092204e-11,4.2018018154245993e-13,5.559497318056951e-13,3.4612911815297887e-09,1.4518874299552618e-06,0,0
669,04:42:00,1.3132080032318103e-10,4.78403222115328e-12,8.923395694432324e-12,3.652777599135881e-13,6.806233566372646e-13,1.2598493819395934e-08,1.2000117340299167e-06,0,0
670,04:42:30,8.600928072050545e-12,3.2476624889970686e-12,8.52015860305416e-12,3.59807588137139e-13,6.575340631590748e-13,1.4515690051552105e-09,1.0115229537649916e-06,0,0
671,04:43:00,5.81312448822828e-12,4.067979044877562e-12,5.178981309316015e-12,4.09390820234636e-13,1.1534698524609615e-12,1.2303957835105614e-09,9.95883679885746e-07,0,0
672,04:43:30,2.850925102799641e-11,3.045738488580879e-12,7.77571696200826e-12,3.6612715302053003e-13,7.589770081281329e-13,3.6360168729704307e-09,1.1052219520101289e-06,0,0
673,04:44:00,1.245162488235688e-10,3.8846698306058246e-12,4.902620887411364e-12,2.6782686255861233e-13,5.594005296896873e-13,2.522003687045529e-09,1.1046931533791786e-06,0,0
674,04:44:30,7.274689204920054e-11,4.653138481706225e-12,8.946164528779363e-12,4.0286470801403147e-13,9.428505280399466e-13,2.1931413748945197e-09,1.8224081284144117e-06,0,0
675,04:45:00,8.19909729254323e-12,3.5918127306807224e-12,7.40358644885083e-12,3.5928015898893885e-13,7.354515566498483e-13,1.0795474972031883e-09,1.0415611528548951e-06,0,0
676,04:45:30,1.1038305704179772e-11,4.421081562681635e-12,5.3742279410160716e-12,3.7491893873505904e-13,9.561558317353459e-13,8.005402908088796e-10,9.91837404998732e-07,0,0
677,04:46:00,1.2114923348200253e-11,2.5005575907617567e-12,9.726052787234751e-12,3.9925370003471135e-13,7.809153535781816e-13,3.007055718439603e-10,1.0362965698358812e-06,0,0
678,04:46:30,2.4489017120499712e-11,2.7471630486603082e-12,1.1726837125986791e-11,3.3891462006675416e-13,7.073121686437222e-13,3.902019005569248e-10,1.0548084391285447e-06,0,0
679,04:47:00,1.901355476510498e-11,3.580336960978911e-12,7.502469509907658e-12,4.188471383807655e-13,1.0280815496729348e-12,7.664090361632817e-10,9.787943057697148e-07,0,0
680,04:47:30,7.60906154714522e-12,3.5477347799592158e-12,7.1365626656089656e-12,4.1415808322774697e-13,9.906354200199903e-13,3.596803546535001e-10,9.966239968802757e-07,0,0
681,04:48:00,4.0801927303939165e-11,2.8743547983422934e-12,4.215870200083298e-12,4.092187952130012e-13,1.2079542619591377e-12,5.79014238400364e-10,1.1822113602655999e-06,0,0
682,04:48:30,2.137662440727784e-11,2.253782717271262e-12,6.001840836730933e-12,2.632377067187336e-13,5.08863070685534e-13,4.99708567976473e-10,1.3816894537568195e-06,0,0
683,04:49:00,1.2989094139900764e-11,2.118077188339201e-12,1.7054652305535895e-12,2.721577035646084e-13,7.174295591139136e-13,6.142220194345239e-10,1.2901097208565469e-06,0,0
684,04:49:30,2.277937542624678e-11,3.5004380304101446e-12,1.1561903686292887e-12,3.123384692640875e-13,7.053072689533003e-13,2.762833947902626e-10,1.2845310731708047e-06,0,1
685,04:50:00,1.228398904887435e-10,4.020796399961784e-12,4.722569098299781e-12,1.4152247087265137e-12,1.9096627734305465e-12,9.967552705185475e-09,2.366182867011467e-06,0,1
686,04:50:30,2.3969315569998965e-11,2.761127343648936e-12,9.236193132484069e-12,3.9020183137699165e-13,5.733168601713087e-13,1.3366113356072859e-09,2.636180733123234e-06,0,0
687,04:51:00,8.581274020916596e-12,1.793687178021285e-12,1.420823496480398e-12,2.525116961150102e-13,6.402073684966808e-13,4.4250189466400687e-10,2.188578870737019e-06,0,1
688,04:51:30,1.475569906798225e-11,3.902972733408112e-12,1.5294849734183868e-12,2.966905361940247e-13,6.90920238046288e-13,3.4098206657260754e-10,2.223635015235042e-06,0,1
689,04:52:00,1.6976520530271922e-11,3.008073158975699e-12,3.0899220867641605e-12,4.2639126726148156e-13,9.57639463807244e-13,1.7565561099171196e-10,2.3912611029932906e-06,0,1
690,04:52:30,1.9881857962771515e-11,3.1427322808015903e-12,2.66236378746239e-12,2.941257349249989e-13,9.155964132610526e-13,1.5598998515318166e-10,2.3984294614769086e-06,0,1
691,04:53:00,4.0536788723677354e-11,5.649024090677966e-12,3.278747810442491e-12,4.901344278710022e-13,1.8620692644611143e-12,1.4431034620459182e-10,2.28421163091372e-06,0,2
692,04:53:30,2.324887402118993e-11,7.326488915370158e-12,1.853190433640334e-12,4.0026088822227747e-13,1.2803825774818776e-12,1.1698140064300097e-10,2.336312265685093e-06,0,2
693,04:54:00,1.5885936034816477e-11,2.5483483199121514e-12,2.0919813542582298e-12,3.318191625150553e-13,8.073215433572352e-13,1.6229602541655505e-10,2.3988860567443957e-06,0,2
694,04:54:30,1.900276564623043e-11,5.190518200164451e-12,3.711708206470709e-12,6.133697675089666e-13,3.2367000682403687e-12,1.441731421119056e-10,2.411340535470733e-06,0,2
695,04:55:00,1.7269031847805022e-11,4.402946680124881e-12,2.340699944629837e-12,2.9541641079804e-13,7.629135827214288e-13,1.4497950415762423e-10,2.2615176537257584e-06,0,2
696,04:55:30,3.0770104684441566e-11,7.210831500935891e-12,6.896833434352113e-12,6.798922636256728e-13,2.091693728792548e-12,1.5092570112711477e-10,2.438581139332535e-06,0,2
697,04:56:00,1.5268685424002652e-11,3.528040824350839e-12,4.027186872614426e-12,4.754007196406135e-13,2.2156506526299724e-12,1.2842252512566358e-10,2.4274285922855117e-06,0,2
698,04:56:30,2.8893066952138606e-11,3.788254496805637e-12,4.414611611160953e-12,8.858919666805606e-13,3.399005262191327e-12,1.2539036579640734e-10,2.431124920162568e-06,0,2
699,04:57:00,2.8082995563930362e-11,5.765028304036443e-12,4.7033336179089215e-12,4.502891168601924e-13,1.2274762216201834e-12,1.5227646271156623e-10,2.379564803215678e-06,0,2
700,04:57:30,2.6729607986957392e-11,6.983896545735744e-12,5.5770241102103616e-12,4.830347612992233e-13,1.9984936830706518e-12,2.0110237744385964e-10,2.37638235693763e-06,0,2
701,04:58:00,2.678983174844194e-11,5.790358674839043e-12,3.3322321930437106e-12,8.199318252099008e-13,3.09629820146346e-12,1.2201242900777521e-10,2.2496178423566125e-06,0,2
702,04:58:30,2.7122553880872502e-11,6.610470776333677e-12,3.018416809440761e-12,7.03245593570532e-13,2.810830873304436e-12,1.6510904130138638e-10,2.2614042483457824e-06,0,2
703,04:59:00,4.573444952515942e-11,6.867622188889221e-12,4.52283263969649e-12,3.557841998569266e-13,1.0240802933271998e-12,1.465029670601981e-10,2.2805950454017553e-06,0,2
704,04:59:30,2.1662840380237082e-11,4.612007686891014e-12,3.1615428502845904e-12,3.828195520531651e-13,1.6471518593281381e-12,1.3894904880075014e-10,2.189289346375971e-06,0,2
705,05:00:00,4.722996487271927e-11,6.960247603829247e-12,7.2345527221855536e-12,6.020311488552988e-13,2.0195972049858784e-12,1.6152808198668325e-10,2.1709461610404144e-06,0,2
706,05:00:30,3.3218408559956867e-11,8.670277985569152e-12,5.416063782277029e-12,8.694515022283264e-13,4.807029831508024e-12,1.2259511577793746e-10,2.171872921727754e-06,0,2
707,05:01:00,2.5639436627847576e-10,1.0242778874571476e-11,5.961207573798161e-12,2.598952749660063e-12,3.3827587402598256e-12,1.3020894878899277e-08,2.992264573969445e-06,0,0
708,05:01:30,2.9451876009104316e-10,1.0974768559028292e-11,3.0553848016536013e-12,1.212756347894746e-12,2.2467203604791826e-12,1.8518180327571492e-08,3.055869843099553e-06,0,0
709,05:02:00,2.878772859784256e-10,7.631804354488977e-12,1.0974471773891958e-11,4.439295586863198e-13,7.161859985758437e-13,2.454513700258354e-09,2.5459606087611033e-06,0,0
710,05:02:30,2.4177992810326277e-10,4.687402912869402e-12,7.320161345356856e-12,4.578662007136947e-13,6.15557155338258e-13,5.0617470612012056e-09,2.162220062185149e-06,0,0
711,05:03:00,1.2741741022709187e-10,8.372609204701127e-12,1.058374001646538e-11,8.428851289934797e-13,1.1960432378166527e-12,1.904290252112679e-09,2.8251671438161277e-06,0,0
712,05:03:30,1.1179984031831611e-10,6.430533963449241e-12,1.3819229950615229e-11,8.137787064584594e-13,1.4695875318791979e-12,2.3329755292800366e-09,2.3272707506572956e-06,0,0
713,05:04:00,7.857160373555702e-11,4.377124722178323e-12,9.197322418643817e-12,7.624252740724953e-13,1.1330038267937051e-12,1.0102974638824747e-08,1.895712202432019e-06,0,0
714,05:04:30,1.6452799977351303e-11,4.395937504512766e-12,1.17967257445321e-11,5.401205571557918e-13,9.845087743123246e-13,7.895391729162773e-10,1.1209044651191133e-06,0,0
715,05:05:00,3.9346254680777704e-11,4.142842115746306e-12,1.102915795125591e-11,4.60601516699138e-13,6.22942001006332e-13,1.0017853169962249e-09,1.0402300004617153e-06,0,0
716,05:05:30,7.20650235176903e-11,5.142386493241621e-12,9.400379016157075e-12,4.900921414105651e-13,1.1117992583283454e-12,1.4179372176347103e-09,1.0835386140516904e-06,0,0
717,05:06:00,8.474225718052138e-12,3.944026383370875e-12,6.221947192304565e-12,4.738592475597359e-13,8.959427404280276e-13,3.9734806173969583e-10,1.0906213134610999e-06,0,0
718,05:06:30,3.470371969257487e-11,3.853997350962003e-12,1.008734802894691e-11,5.603988439200822e-13,6.86846707694195e-13,7.938388499215916e-10,1.34679539603507e-06,0,0
719,05:07:00,4.951539163244669e-11,4.095743854623813e-12,1.106281686083243e-11,5.924487501889743e-13,1.1666615883925977e-12,7.102620909110216e-10,1.446061964831783e-06,0,0
720,05:07:30,1.790896985948794e-11,6.292181515344412e-12,1.3135598128220016e-11,6.050527369482493e-13,1.2944022247472152e-12,1.1755212599458318e-09,1.669487997529114e-06,0,0
721,05:08:00,1.5951202606116822e-10,7.028622810840062e-12,1.0214606064771915e-11,9.055626677032155e-13,1.0514008206905873e-12,4.007162090829383e-09,2.123838211220985e-06,0,0
722,05:08:30,1.36273735980018e-11,4.857309006705716e-12,1.3722029349609452e-11,4.575719272824708e-13,6.775663284218656e-13,1.1042936050297603e-09,1.0893894568769296e-06,0,0
723,05:09:00,8.81118100642562e-12,3.5850810706966835e-12,1.2915659091833786e-11,4.558143156184394e-13,6.05228672543671e-13,7.913200082778171e-10,1.0932379754792434e-06,0,0
724,05:09:30,7.829140153038024e-12,3.0977838119864957e-12,1.4173773508213478e-12,2.9846294855177907e-13,4.461895515379293e-13,9.551555276352705e-10,1.1649240911664175e-06,0,1
725,05:10:00,8.192771538855273e-12,2.5648838048638e-12,1.1974334234526347e-12,2.877118191131961e-13,6.126991528043716e-13,2.3942834208177126e-10,1.286922164220207e-06,0,1
726,05:10:30,1.1130374028718679e-11,2.031270275195804e-12,1.3689507531897694e-12,3.9346362351486965e-13,1.0446644278224019e-12,2.0086253541641982e-10,1.2095877496251103e-06,0,1
727,05:11:00,2.1245321635863622e-11,4.391714643487145e-12,2.6290749965717337e-12,4.2971660483921567e-13,9.60406275469773e-13,2.0575255744360381e-10,1.0893156006672489e-06,0,1
728,05:11:30,1.8837967987214618e-11,3.889925276004497e-12,1.888977318884116e-12,4.354670488731298e-13,1.0875873641510585e-12,2.025713374840904e-10,1.4392497007086883e-06,0,2
729,05:12:00,3.274323766509522e-11,7.251292917900083e-12,2.867242327102201e-12,3.6958836078792087e-13,1.071931707746719e-12,2.4651605076512115e-10,1.2048004230356288e-06,0,2
730,05:12:30,5.2798354855463134e-11,1.1290644770738264e-11,5.047333827923143e-12,8.804879844760819e-13,2.65430214174831e-12,1.3519712772781426e-10,1.1945463207050379e-06,0,2
731,05:13:00,3.194035618997762e-11,5.79405042943551e-12,4.6740784545445615e-12,1.2215623175648219e-12,3.961430331141073e-12,1.1119806840138644e-10,1.0934911381815217e-06,0,2
732,05:13:30,1.984793379394015e-11,3.66705695106073e-12,2.0451032993991516e-12,4.87156418686898e-13,1.643527146625392e-12,1.4806531826532626e-10,1.2149021986177726e-06,0,2
733,05:14:00,3.827273372566863e-11,6.3254549523776086e-12,3.002255435970184e-12,5.979187212611194e-13,2.6134708854946657e-12,1.1668865612616742e-10,1.0873436510574231e-06,0,2
734,05:14:30,5.260054345332504e-11,8.033509225871353e-12,3.5125559031852607e-12,5.37602930663304e-13,1.7830038003763368e-12,1.5703964053390084e-10,1.0555270116547367e-06,0,2
735,05:15:00,1.86264282198293e-11,7.912923443869607e-12,3.995691781156828e-12,7.109607874292781e-13,2.8734005617888712e-12,1.383090708737727e-10,1.0742359642849826e-06,0,2
736,05:15:30,5.967623397667642e-11,3.941788809300882e-12,5.200544302671659e-12,4.4977602909664667e-13,1.6987435833057944e-12,1.7739627443500726e-10,1.4444823431703556e-06,0,2
737,05:16:00,3.555671828572345e-11,3.7955705667893476e-12,4.91968932141383e-12,1.1400667902508971e-12,1.7195135306769648e-12,1.0343395111709141e-09,2.0888336362780477e-06,0,2
738,05:16:30,3.0426297354978834e-11,8.514302723678104e-12,3.239496262508526e-12,8.781424766052813e-13,2.9808653341973244e-12,1.5618681282846393e-10,1.5060806560996996e-06,0,2
739,05:17:00,5.2669706775765634e-11,7.259971231082747e-12,4.052268361374159e-12,4.033444830158731e-13,1.5913691683484238e-12,1.7060757816096152e-10,1.5809352521569124e-06,0,2
740,05:17:30,5.206175704909458e-11,1.2276265259460736e-11,7.139491781082839e-12,8.319687867767605e-13,3.674831908548088e-12,1.744186248141788e-10,1.6799509628437469e-06,0,2
741,05:18:00,2.8999891484347787e-11,6.35511320308288e-12,7.851660143663217e-12,4.626042474600877e-13,1.3700674437498126e-12,1.185335109865202e-10,1.6968795512296906e-06,0,2
742,05:18:30,5.1238939680647664e-11,5.168204417419944e-12,6.788211392574058e-12,1.0514965899270345e-12,3.6313304866847124e-12,1.9128545164412594e-10,2.289034587934946e-06,0,2
743,05:19:00,4.590615276544606e-11,7.57708450160025e-12,4.109307824381621e-12,5.036848143062052e-13,2.123798432010162e-12,1.7036477462304187e-10,1.8881382290166375e-06,0,2
744,05:19:30,4.35733105952946e-11,4.767626808395245e-12,2.729087974517962e-12,5.156902705262443e-13,1.441279271260743e-12,1.1727450817850355e-10,1.9680494962166647e-06,0,2
745,05:20:00,3.6590693743546855e-11,6.737703178279825e-12,4.276745087298912e-12,7.418422473481759e-13,3.6288171920615245e-12,1.1790364887943034e-10,1.9693127084351135e-06,0,2
746,05:20:30,4.755035917345783e-11,8.047581512442716e-12,6.486875097623564e-12,7.401075368818554e-13,2.909044210163519e-12,2.0695979929649237e-10,2.0855830870699375e-06,0,2
747,05:21:00,3.953615192667982e-11,1.0233292879516031e-11,4.692529627517045e-12,4.783663949007157e-13,2.2825638786865543e-12,1.0353443896850671e-10,2.0517119734312527e-06,0,2
748,05:21:30,2.7852659403430867e-11,5.477216913871151e-12,4.76506772081251e-12,9.575175428296438e-13,5.933756814228681e-12,1.7851768523910374e-10,1.9617744782275465e-06,0,2
749,05:22:00,4.293784675578843e-11,6.2638822184849945e-12,4.081643714888006e-12,7.513227039762654e-13,4.764529220446869e-12,1.6793345712518402e-10,1.9472446601440125e-06,0,2
750,05:22:30,1.0405524160370974e-10,5.005562054937641e-12,2.9047229785820724e-12,4.227671697303133e-13,1.871406066457919e-12,2.1799993282378828e-10,2.0667313930459235e-06,0,2
751,05:23:00,7.091770542463302e-11,9.062952242510979e-12,4.167176727815735e-12,6.071962144237613e-13,2.2976223614018016e-12,1.5714726815686195e-10,2.0166715667747832e-06,0,2
752,05:23:30,5.287036293939639e-11,6.730745218727729e-12,3.9520883675125584e-12,4.5374530025127476e-13,2.3337226232842814e-12,1.50130481964988e-10,1.879655137566365e-06,0,2
753,05:24:00,4.1003064735276897e-11,4.772783449844508e-12,3.4820649838584067e-12,4.262857172079993e-13,2.028772116353932e-12,2.1971115898429868e-10,1.8688186589123103e-06,0,2
754,05:24:30,4.757373610738275e-11,7.624129537446358e-12,3.8501199181510816e-12,7.916068876217913e-13,4.113895226205165e-12,2.2694601370980942e-10,1.768381725074759e-06,0,2
755,05:25:00,5.083805923836409e-11,9.227260114208848e-12,3.937178362512061e-12,6.620289917920917e-13,4.268554807109768e-12,2.0579204606220013e-10,1.7742246657165108e-06,0,2
756,05:25:30,5.939699547425554e-11,7.546612420580617e-12,3.5611102289839636e-12,6.073088071972111e-13,3.894388875705884e-12,1.991151319525119e-10,1.6809897106113096e-06,0,2
757,05:26:00,4.168445545762989e-11,7.1957373448032845e-12,3.7401784585132656e-12,4.190243888246877e-13,2.1730380673881793e-12,1.782136589537712e-10,1.5266834098901797e-06,0,2
758,05:26:30,4.8327175464931843e-11,6.793662179340695e-12,2.955251521805705e-12,4.0972560405099714e-13,1.4528278706913567e-12,1.801820415692111e-10,1.412322056108818e-06,0,2
759,05:27:00,3.8862440031371033e-11,7.1372797301735364e-12,2.8760037481198152e-12,2.5894570294109506e-13,7.776024520546692e-13,2.1615577885651428e-10,1.4654926532987006e-06,0,2
760,05:27:30,7.2313137878883e-11,8.853678862965773e-12,4.894656847615609e-12,5.69742165399135e-13,3.0836776596420113e-12,3.585964366078186e-10,1.4041553606159235e-06,0,2
761,05:28:00,5.1582574444603586e-11,6.143839509292182e-12,2.7714760392146395e-12,2.817060127154483e-13,1.1995103322348423e-12,2.549134275360491e-10,1.498220525004378e-06,0,2
762,05:28:30,6.391644288215961e-11,5.8160258497974246e-12,1.830042274690659e-12,3.6552945472015707e-13,1.948525961959964e-12,2.399830174172799e-10,1.4101311449068133e-06,0,2
763,05:29:00,1.586946798320574e-10,8.812372597838077e-12,6.4563127014597495e-12,8.017122542577653e-13,2.216743185663021e-12,7.284273923040645e-10,2.654487586554183e-06,0,3
764,05:29:30,3.042456773473492e-11,4.835797790773471e-12,2.943174341287895e-12,2.6961246456509397e-13,1.1635845192732606e-12,1.606267975687076e-10,1.9885408842490617e-06,0,2
765,05:30:00,7.057645779072478e-11,7.5170559744669e-12,4.700414137026268e-12,6.387703776840602e-13,2.692425450749645e-12,2.4306301419045315e-10,1.871457920994029e-06,0,2
766,05:30:30,5.672491258355675e-11,6.524481175083964e-12,4.574735108369716e-12,4.3512835772742257e-13,1.959797661848937e-12,1.918814383430823e-10,1.6466549843541818e-06,0,2
767,05:31:00,5.559945993224315e-11,9.401385495321214e-12,6.200494268041506e-12,6.778006854815098e-13,4.587686101228233e-12,2.350504856598129e-10,1.557526648502892e-06,0,2
768,05:31:30,5.869051071209494e-11,7.874351990747188e-12,3.3200327813080433e-12,4.02964194924448e-13,2.0703844590673726e-12,2.3962463656787765e-10,1.5246204313768453e-06,0,2
769,05:32:00,5.951997470004169e-11,8.821393208262106e-12,2.3838773741573177e-12,5.401116444453534e-13,2.1628704859342e-12,3.8745920616795286e-10,1.6795418833491213e-06,0,2
770,05:32:30,7.142674065094035e-11,6.7450125298043135e-12,3.59731956644127e-12,3.332104320888263e-13,1.5103008973653086e-12,2.746688186064203e-10,1.566502790316966e-06,0,2
771,05:33:00,7.050133206437542e-11,7.641437449650343e-12,1.9637394685905013e-12,2.7630029241187043e-13,8.012427433063088e-13,4.310374158208991e-10,1.5775740210358179e-06,0,2
772,05:33:30,1.2061716756250845e-10,8.144296387209189e-12,9.825430813359383e-12,2.0450872257820594e-12,3.877670435761107e-12,1.5664113041836779e-09,2.731601021133041e-06,0,0
773,05:34:00,5.37249153606219e-11,4.594604804009538e-12,3.1777590472045983e-12,4.054505627972214e-13,8.958345708707026e-13,1.576203913974607e-10,2.6897926429792385e-06,0,1
774,05:34:30,5.290242345629232e-11,8.611788284432527e-12,5.073755589736811e-12,3.227548246956318e-13,9.568405746037239e-13,2.1064234194688992e-10,2.4859581203727035e-06,0,1
775,05:35:00,4.846502658279614e-11,5.6514744305765375e-12,2.4190370476322824e-12,6.823280259160046e-13,2.568324235843421e-12,1.7858807595089181e-10,2.4860360136840906e-06,0,1
776,05:35:30,1.111924220193307e-10,7.7804748504314e-12,6.260183525180249e-12,2.23819134182551e-12,3.44280034869035e-12,4.232953966531127e-09,2.7592887382149295e-06,0,2
777,05:36:00,1.7859685563927018e-11,3.683168270616694e-12,3.1672429706050863e-12,2.841239219432239e-13,8.886526757787077e-13,1.9017027583605684e-10,1.532688558051844e-06,0,2
778,05:36:30,3.3193053368675067e-11,8.275601830704113e-12,6.310373323016991e-12,1.5686382641981623e-12,8.629500568574279e-12,1.4926282191526486e-10,1.2619396631641234e-06,0,2
779,05:37:00,4.2935160901937694e-11,7.805392713399956e-12,4.290331112226609e-12,6.629797394753602e-13,3.0886362363777525e-12,1.3738591258631272e-10,1.2008431844101911e-06,0,2
780,05:37:30,3.352310097673786e-11,9.062938099789887e-12,3.1953608028122956e-12,5.043596591372457e-13,1.7665214759533813e-12,2.049177658990223e-10,1.2245784759137218e-06,0,2
781,05:38:00,4.353727785063218e-11,6.463810884656424e-12,2.6703767205482843e-12,4.241868781472745e-13,2.1472211197756824e-12,1.3289163766539776e-10,1.1892748627808986e-06,0,2
782,05:38:30,4.067028589160379e-11,7.764368761719979e-12,3.874870549229951e-12,7.001950423092769e-13,4.232953755307818e-12,2.073028418960932e-10,1.0582404617316275e-06,0,2
783,05:39:00,6.572148493553671e-11,8.877737660013453e-12,6.722734137921481e-12,6.59179419802749e-13,2.6949819857294104e-12,3.0448608989313706e-10,1.2024807940780288e-06,0,2
784,05:39:30,3.5564795136782644e-11,4.049636867193245e-12,2.658286596273764e-12,2.4678584245702297e-13,8.186049790677974e-13,1.602595560736536e-10,7.802116734430038e-07,0,2
785,05:40:00,6.844784733705786e-11,6.714135935658767e-12,3.6123548884568344e-12,4.748691965129835e-13,1.0468765989815405e-12,1.800246814960522e-10,8.680330755564476e-07,0,2
786,05:40:30,3.927384986677822e-11,7.080683270932294e-12,4.242907549559838e-12,1.0012202798039599e-12,3.871445485112922e-12,1.8992356872111354e-10,7.411862105526596e-07,0,2
787,05:41:00,4.158408466896093e-11,9.31730829331179e-12,3.108581379744206e-12,6.821516613239627e-13,3.245690622019714e-12,2.4036801752989987e-10,7.604306758019204e-07,0,2
788,05:41:30,5.469780095743722e-11,6.850989003678099e-12,2.1432936419378473e-12,6.568059596154064e-13,4.335915152856518e-12,2.545337911796848e-10,6.911044416549758e-07,0,2
789,05:42:00,8.880441835037319e-11,1.1092103871922715e-11,2.5704704620234385e-12,3.216792936293995e-13,1.2034099204624252e-12,3.6466165457001574e-10,6.97888197791017e-07,0,2
790,05:42:30,1.27388188121298e-10,7.871136946574331e-12,2.593589884770931e-12,4.638844936655854e-13,1.8937380634682683e-12,4.1584902862314974e-10,7.011799617034283e-07,0,2
791,05:43:00,8.116284366764467e-11,6.3726195937078355e-12,1.9368965309873905e-12,2.784890288242892e-13,8.674848306788899e-13,5.368469124453381e-10,6.541555545932682e-07,0,2
792,05:43:30,1.401931775584785e-10,1.0171970679167937e-11,2.724822513288802e-12,3.7944382434755446e-13,1.7988992602173288e-12,6.002491938191242e-10,6.478043148003021e-07,0,2
793,05:44:00,1.0003780833268838e-10,5.876048166948149e-12,2.2543088533020005e-12,2.683040127220574e-13,9.206559966287773e-13,4.626624593705625e-10,7.219324339334639e-07,0,3
794,05:44:30,1.2564010550768602e-10,1.0369067658270906e-11,2.146038788286892e-12,3.783993442749439e-13,1.4730275264777574e-12,6.346487917490658e-10,7.213256011201797e-07,0,3
795,05:45:00,1.461993553334156e-10,6.696313390564778e-12,2.8205261825700126e-12,3.6150435174741466e-13,1.4047989762947623e-12,4.3612499712314703e-10,7.551750194930157e-07,0,3
796,05:45:30,8.415026943024797e-11,6.857008225220353e-12,3.8259466555084404e-12,4.714073009386235e-13,7.519102171470493e-13,4.6118228728115e-10,7.34189376764084e-07,0,3
797,05:46:00,1.632933776589134e-10,9.77636858377819e-12,3.03309090721005e-12,6.277476808501606e-13,2.7486820289518945e-12,8.914674648167398e-10,7.018281248500199e-07,0,3
798,05:46:30,9.070975366010092e-11,7.81706549845421e-12,2.2067849340435624e-12,3.0766274851158143e-13,1.4426516371938584e-12,5.391750926469784e-10,7.408391763674307e-07,0,3
799,05:47:00,1.1068940941847006e-10,6.594331801742292e-12,1.8049879258715529e-12,3.156305216622708e-13,1.3847911458257783e-12,7.3885059383865e-10,7.354347674879457e-07,0,3
800,05:47:30,2.0000866427585183e-10,1.0169901895232561e-11,2.4034167211780536e-12,2.9749342194875633e-13,1.0431703447218739e-12,8.217498520863602e-10,7.003296636536656e-07,0,3
801,05:48:00,1.3732225460090357e-10,1.0928148336686422e-11,2.442057438419988e-12,3.2945878127368173e-13,1.2926438653800176e-12,6.810284091967023e-10,7.465756384232017e-07,0,3
802,05:48:30,8.37878866993316e-11,6.146346656135171e-12,2.719142704335729e-12,2.507030006105098e-13,7.023463451183381e-13,8.438009033994778e-10,7.128240634384459e-07,0,3
803,05:49:00,1.1533154861005738e-10,7.357594647343051e-12,2.1089564831636118e-12,2.9517444134123676e-13,1.1944997031442472e-12,5.450707060872119e-10,7.231903772544213e-07,0,3
804,05:49:30,1.418696558444741e-10,7.1449793657654414e-12,2.0315246907123604e-12,3.604936928967406e-13,1.211009511290339e-12,6.868536155901884e-10,7.195433958880522e-07,0,3
805,05:50:00,1.575539984902389e-10,7.742814358450739e-12,4.423958646632191e-12,1.8076464213282127e-12,2.6092528367436556e-12,2.6713749171129056e-09,2.108758720078384e-06,0,3
806,05:50:30,5.248298620073988e-11,5.711538803575181e-12,1.2701295905249389e-11,1.238297763444619e-12,1.3541546455402015e-12,9.173450580649414e-10,2.4883125208977694e-06,0,0
807,05:51:00,1.7067897439306208e-11,3.330648736282898e-12,3.158203528167745e-12,3.4685109617913497e-13,9.841215626464877e-13,1.272354935940441e-10,7.845430230923431e-07,0,1
808,05:51:30,1.2473777826465256e-10,1.1747894251967363e-11,1.087571351928652e-11,1.85249126922374e-12,3.819719603561918e-12,4.8717734304110564e-09,2.4915241972818703e-06,0,0
809,05:52:00,7.677663959729445e-11,4.207628480404167e-12,9.426450531194391e-12,8.914264783211009e-13,9.546790635551363e-13,1.3193866306646207e-08,2.760711184645691e-06,0,0
810,05:52:30,3.935455855146991e-11,2.990481971079149e-12,4.180221264178066e-12,5.554693683911678e-13,1.4860996661415182e-12,1.1422335311902743e-09,2.114008449113708e-06,0,0
811,05:53:00,2.1404921638221624e-11,4.699010566950117e-12,1.0848617058482432e-11,3.738119418689644e-13,8.132638856319051e-13,2.003947313821881e-10,2.4126478123612034e-06,0,0
812,05:53:30,1.7245420866572166e-11,3.652249526394144e-12,1.821812482998461e-12,2.974552324604448e-13,7.172846237459004e-13,1.508660764370638e-10,1.6578227285384566e-06,0,1
813,05:54:00,5.593304678974671e-11,6.997552852055773e-12,5.1260019966294936e-12,4.625468213553914e-13,1.1792240405157981e-12,1.6359590138826701e-10,1.6076639359705187e-06,0,2
814,05:54:30,5.329464729742301e-11,9.963353414355061e-12,4.75908051237253e-12,4.710510192886145e-13,1.0317404963455386e-12,1.6830882391586307e-10,1.5620574638680368e-06,0,2
815,05:55:00,5.6034870182606976e-11,5.668560987458282e-12,3.99939529174696e-12,2.9604077879880284e-13,9.084173531191575e-13,1.7324174982658236e-10,1.3711108187996217e-06,0,2
816,05:55:30,6.019391999501509e-11,1.2354339427511934e-11,3.207317368731522e-12,3.300766568305537e-13,1.212308177405493e-12,1.8784624395896396e-10,1.3028507074454558e-06,0,2
817,05:56:00,4.9068878463932625e-11,1.3424521288794698e-11,2.2760593992924447e-12,2.6293930534197287e-13,7.535627873214418e-13,2.3599544346626506e-10,5.604506634238168e-07,0,2
818,05:56:30,8.16404459628632e-11,1.141393072907525e-11,1.2164898682880123e-12,2.451421690871481e-13,6.969904099598314e-13,5.816886510491416e-09,4.7356653390558113e-07,0,2
819,05:57:00,1.0869945060683415e-11,2.9157523527414794e-12,2.050136777233251e-12,2.977241325421159e-13,7.496089930262923e-13,7.093143354722396e-10,5.260215599126599e-07,0,4
820,05:57:30,4.074803522623395e-11,1.3537107611607729e-11,1.2483531764113507e-12,2.2650133140807814e-13,3.840564662216097e-13,1.1142409188395544e-10,4.955223412700198e-07,0,4
821,05:58:00,5.484636868497273e-11,8.763062626782007e-12,1.2802531480056913e-12,2.2206173276302194e-13,4.4905584390968335e-13,5.142446443027291e-10,9.247396693718549e-07,0,4
822,05:58:30,1.9922115879244902e-11,5.153211823869981e-12,1.2869128200649474e-12,2.6673530356460565e-13,6.198911865361624e-13,5.202972664760672e-10,1.4768183990263147e-06,0,4
823,05:59:00,4.071363886482543e-11,1.0997430406262057e-11,1.3081657834742346e-12,2.507162934691897e-13,7.327168251512119e-13,3.0866200579759136e-10,5.899678347362409e-07,0,4
824,05:59:30,4.220156718772656e-11,1.284108081753301e-11,1.27707030051928e-12,2.407590734993197e-13,6.060207549133046e-13,2.361282120411554e-09,5.609283783607646e-07,0,4
825,06:00:00,7.526433987142739e-11,9.286953741415176e-12,1.218026521189952e-12,2.3726752146547743e-13,4.3849000745116913e-13,4.259815143622889e-09,4.2001302442803664e-07,0,4
826,06:00:30,7.493946660054835e-11,1.1589444924684418e-11,1.5859723160397063e-12,2.5446706351991384e-13,6.295325336086566e-13,2.833922777185572e-09,8.001681326271505e-07,0,4
827,06:01:00,1.0655910630301578e-10,7.860159978771525e-12,2.881944921585598e-12,1.233624266558357e-12,1.7361800199215537e-12,7.759597390494995e-09,2.1195431187153152e-06,0,4
828,06:01:30,6.036640340511016e-11,3.6787207926968906e-12,7.313349195094985e-12,5.358775415359323e-13,6.376821966200811e-13,4.811377378821162e-10,1.5711349172269538e-06,0,4
829,06:02:00,3.4218022564383743e-11,1.2396849874642172e-11,3.681422321902857e-12,3.2508238079547725e-13,7.275569068349742e-13,1.5943484732918628e-09,1.2784570966082829e-06,0,4
830,06:02:30,8.576278876374282e-11,5.971578648720018e-12,8.061495393050031e-12,1.3186628375401318e-12,1.1946249146220321e-12,1.7589071587872582e-08,2.109012908503291e-06,0,4
831,06:03:00,2.7584533250943236e-11,1.51462157959251e-11,2.792892873078597e-12,4.0160310755611263e-13,1.018063934996546e-12,9.895729584325922e-11,5.299369704953357e-07,0,4
832,06:03:30,3.5050726368034636e-11,1.0629547024717748e-11,1.4834229145732428e-12,3.2795309419668495e-13,7.031047716325629e-13,1.28364307431842e-10,4.047541087736146e-07,0,4
833,06:04:00,1.1972148216460224e-10,1.118712588024811e-11,1.2413378817185508e-12,1.785088759927684e-13,2.9045107376846227e-13,3.885437741411371e-09,5.278940367479598e-07,0,4
834,06:04:30,1.0562270286837517e-11,2.110844709420286e-12,1.783099840143356e-12,3.6787630900124253e-13,6.534781939658258e-13,4.667860127554429e-09,1.106617891442703e-06,0,4
835,06:05:00,3.3419806699299825e-11,8.979379615793524e-12,1.880709839823875e-12,6.089924277369434e-13,1.7586624519817051e-12,1.1559781729555381e-09,6.831556721052001e-07,0,4
836,06:05:30,6.09989595248334e-11,1.3975640854774809e-11,1.6167226447500376e-12,2.249131306690961e-13,6.713104168304171e-13,3.3284879916024906e-10,6.292994031426882e-07,0,4
837,06:06:00,1.5554368790947888e-10,7.423876757682161e-12,1.7159152921125666e-12,1.0743149432284864e-12,1.3423616507137606e-12,1.2413128575826422e-08,1.5840332955673994e-06,0,4
838,06:06:30,6.169045181825163e-11,3.712680023525679e-12,5.851694931231873e-12,6.44000861993813e-13,6.115988822168912e-13,1.0778287535635847e-09,1.4012400397044414e-06,0,4
839,06:07:00,2.952779957274147e-11,1.0564637853008965e-11,2.99748873774065e-12,4.1799402758749363e-13,1.1049060943275388e-12,3.458663537454803e-10,5.694569898754008e-07,0,4
840,06:07:30,2.7711536955823284e-11,1.1643370865861227e-11,2.622051648001791e-12,1.2749469984468034e-12,1.3385775339189743e-12,4.184835486814846e-09,8.983889359231315e-07,0,4
841,06:08:00,7.970050000192553e-12,4.895734789163364e-12,2.05868875461107e-12,1.6780721074778764e-13,3.1076099709219635e-13,2.893462158478532e-09,4.0735733578656256e-07,0,4
842,06:08:30,6.147564735470484e-11,1.1383682923129907e-11,1.4463623350774837e-12,2.384871084352948e-13,5.76300553878447e-13,1.4723368437633011e-08,3.176834721610389e-07,0,4
843,06:09:00,1.3774831060270853e-11,4.390291514268487e-12,2.953827348080031e-12,3.384293886024053e-13,7.566317876307644e-13,5.561938715459735e-10,3.675975930514604e-07,0,4
844,06:09:30,1.528793762610756e-10,5.132431177612009e-12,6.277961514156858e-12,9.897543596518035e-13,1.2158352386022639e-12,1.0383642544254997e-08,2.3612858720224427e-06,0,0
845,06:10:00,1.2408170776815809e-11,2.9090215961322054e-12,1.4220796667781177e-12,3.443885972861816e-13,4.3845041656796157e-13,7.345974111106944e-10,1.3836549536980542e-06,0,0
846,06:10:30,3.979366244886252e-11,6.729420871740701e-12,1.492453318627963e-12,1.9887189535131203e-13,5.096246381334424e-13,5.252461804105572e-10,5.487059430930541e-07,0,1
847,06:11:00,1.3121540650158103e-10,1.5431964524390508e-11,1.4053880146933387e-12,1.9755742653327779e-13,4.739908189341148e-13,6.018718711359401e-09,5.598501421545298e-07,0,4
848,06:11:30,1.1100528315431755e-10,7.567082370656956e-12,1.253655471264334e-12,2.210351868831308e-13,4.3537303283799677e-13,2.8733651383991795e-09,5.942988445031269e-07,0,4
849,06:12:00,9.908103857365915e-11,4.17478461042828e-12,5.679135260562209e-12,2.3753996800038376e-12,3.929254239426274e-12,1.0439360308867345e-08,2.5755125733248023e-06,0,4
850,06:12:30,7.880521334058834e-12,5.125309571153523e-12,5.697215328041594e-12,3.366976339078427e-13,6.000310318397785e-13,2.917548039321107e-10,1.4634869161319046e-06,0,4
851,06:13:00,3.655792790313649e-11,1.336719516839605e-11,1.7841322967595875e-12,2.2381068885322856e-13,6.427008588951282e-13,4.0787347458973665e-09,3.893209807602553e-07,0,4
852,06:13:30,1.3671550197444645e-10,9.527210775200596e-12,1.5803820504295347e-12,2.373715653707303e-13,6.968364415160199e-13,1.7225795508837976e-08,3.594156422690246e-07,0,4
853,06:14:00,5.807631036797732e-11,3.998262775361187e-12,6.972353749843581e-12,8.926081886267877e-13,1.1715886285316073e-12,6.959981047437874e-09,1.7586478175407582e-06,0,4
854,06:14:30,2.8857223904705234e-11,9.22407329884846e-12,1.0222696157653524e-12,2.5220161790192616e-13,6.96806562411982e-13,2.5883809050022634e-10,4.473317745877952e-07,0,4
855,06:15:00,4.034034721183681e-11,1.1915051748567867e-11,2.7451441373185778e-12,3.5132883693596755e-13,9.134897648198586e-13,2.2048765118291522e-09,8.432862005174658e-07,0,4
856,06:15:30,2.5290222163127248e-11,7.409597520356246e-12,1.4313685162748863e-12,2.1849107386769435e-13,5.051515545908518e-13,2.2118240247060216e-09,4.2972092326086754e-07,0,4
857,06:16:00,1.0184320134537289e-10,9.571790088747242e-12,1.759878928900692e-12,2.609075227773836e-13,6.332945628448475e-13,9.034830035982226e-09,4.0502662426414956e-07,0,4
858,06:16:30,2.0384594552408716e-10,1.120337284683786e-11,4.683413469542279e-12,1.2986071741895404e-12,1.1584729587317574e-12,6.659123818686756e-09,2.261500040729237e-06,0,4
859,06:17:00,8.097960964716865e-12,2.6098431405526336e-12,2.158224899224258e-12,2.9137538224716944e-13,5.727278869981401e-13,2.381747189119197e-10,1.5657204364864475e-06,0,4
860,06:17:30,2.3111042260609952e-11,9.971467204756123e-12,1.3517120590958338e-12,2.702581301569476e-13,6.623727974207602e-13,1.331114168165983e-09,1.3951860366743892e-06,0,4
861,06:18:00,1.5065106641117318e-10,1.0813984406558405e-11,4.13680791393189e-12,6.387209188919582e-13,6.750726749849524e-13,7.791542351174598e-09,2.6483438515359136e-06,0,4
862,06:18:30,6.189923721745718e-11,3.305863335095632e-12,4.184316559423242e-12,4.781690548623595e-13,6.942880719145379e-13,3.331443736118575e-09,2.523857704131054e-06,0,4
863,06:19:00,8.69745063320423e-11,5.820360876058658e-12,2.1799021877305193e-12,8.410607702523302e-13,1.3186710011775617e-12,1.1681037235945148e-09,2.2720373016230365e-06,0,4
864,06:19:30,1.601172214638249e-10,4.300286400511821e-12,4.3525888484241126e-12,8.023946469502635e-13,1.5060765365048048e-12,9.073167246346015e-09,2.53626430343701e-06,0,0
865,06:20:00,4.39888184695263e-11,4.198257917772299e-12,5.486504151635261e-12,5.177802131810122e-13,1.1190452447834408e-12,4.110597597683959e-09,2.0078321705810338e-06,0,0
866,06:20:30,2.22310879742832e-11,2.3530961244923316e-12,1.6828410073329863e-12,3.053545930015381e-13,6.334253220303113e-13,4.1447946046680214e-10,1.355589696801478e-06,0,0
867,06:21:00,2.1468793328793494e-11,5.453739053965152e-12,1.7738722225035142e-12,3.702961167787561e-13,8.299128335857166e-13,9.71600854528142e-11,1.4081481422456377e-06,0,1
868,06:21:30,2.6456915383539724e-11,1.040285375827198e-11,3.633577005195333e-12,6.281943350773405e-13,2.4800256214349523e-12,8.359551765987384e-11,1.2757075161061837e-06,0,2
869,06:22:00,1.0584394681678326e-10,1.9817576727274506e-11,2.7019975929157504e-12,3.562195668423484e-13,9.983458536840247e-13,5.383820314462212e-09,4.409247429513644e-07,0,4
870,06:22:30,2.0493260922316723e-11,5.442687627757271e-12,2.4504178234423857e-12,2.2443481622003272e-13,4.949397556463374e-13,3.5322365260666787e-09,5.091291303746623e-07,0,4
871,06:23:00,2.839257193383478e-11,8.2759850169523e-12,1.4948744161770888e-12,1.8780297057464132e-13,3.1569227564719476e-13,3.17481608766941e-09,4.3921398273506596e-07,0,4
872,06:23:30,6.029208255302015e-11,9.574667194123942e-12,1.4838717559950703e-12,3.4328193315196887e-13,5.286098948124661e-13,2.140128386272523e-09,4.608357195870403e-07,0,4
873,06:24:00,6.304444700873256e-12,1.9989279716486417e-12,1.2295162814515718e-12,2.567711792759345e-13,5.714811135822886e-13,2.467462362644069e-10,4.930964862093436e-07,0,4
874,06:24:30,1.461822336580667e-11,4.926850432811247e-12,1.1332804814693235e-12,2.486053735991965e-13,7.649585999416319e-13,1.018978975501542e-10,6.888157483699831e-07,0,4
875,06:25:00,3.110655844582191e-11,1.0824263188360596e-11,2.892031132414586e-12,4.0393214442397605e-13,1.0868039043789447e-12,1.3733451220841906e-10,9.87302285982059e-07,0,4
876,06:25:30,4.1197115142726324e-11,7.878678924991985e-12,1.6725718888631065e-12,7.6642238243855e-13,8.7825717313748e-13,7.092741500883507e-10,7.316169253877026e-07,0,4
877,06:26:00,4.4637068200532285e-11,1.0871101901540768e-11,1.4342270104203281e-12,2.618199549216039e-13,6.717736414939042e-13,2.7199756187930623e-09,5.368619086077769e-07,0,4
878,06:26:30,9.135057509247361e-12,2.3000326020509335e-12,1.7358853832357615e-12,2.0893021036446255e-13,5.113953383005719e-13,5.364233316760898e-10,4.023598254778581e-07,0,4
879,06:27:00,3.1792763450262304e-10,9.103627265470604e-12,1.418445027719015e-12,2.7021154632415825e-13,6.435802277642282e-13,2.452433316866967e-08,4.305008786578934e-07,0,4
880,06:27:30,1.6291945244972942e-10,8.068692707799453e-12,6.388938030415116e-12,5.682950399230809e-12,4.7615179924669976e-12,1.515092580134854e-08,2.180978469466234e-06,0,4
881,06:28:00,1.720946264562523e-11,4.359079016369712e-12,7.435841459422633e-12,5.16360399442904e-13,6.35563940734868e-13,6.85153383058558e-10,1.6837420455732228e-06,0,4
882,06:28:30,1.42531854195468e-11,6.445678917257428e-12,1.9966747943021394e-12,4.2963320892056684e-13,1.1747072030144882e-12,7.831170008840783e-11,6.240590906716551e-07,0,4
883,06:29:00,3.983067330977152e-11,1.5776577196122973e-11,1.967583433834425e-12,3.1688300505210644e-13,9.638510553074634e-13,7.671345788213269e-11,5.170697782497065e-07,0,4
884,06:29:30,4.729771411411067e-11,1.2341138521863359e-11,1.428316473386214e-12,2.774420743949538e-13,6.293615301055565e-13,5.0485831753837276e-09,4.5638169616307155e-07,0,4
885,06:30:00,1.8381344159306255e-10,9.561416738887228e-12,1.7464051095973956e-12,2.489874066872762e-13,6.940258884597742e-13,1.109013097510657e-08,4.622208912596117e-07,0,4
886,06:30:30,1.4387986988194749e-10,7.3320642393557e-12,1.1483254713725921e-12,2.2249431391413678e-13,4.59777754891901e-13,1.4882651708972236e-08,4.333874100923179e-07,0,4
887,06:31:00,3.940548001012133e-11,5.406775203351254e-12,7.728416731447041e-12,1.6102104231915753e-12,2.1297371737215113e-12,8.473063230168717e-10,1.6909023540765113e-06,0,0
888,06:31:30,2.8283439841335275e-11,1.2352506348970699e-11,4.860290700829942e-12,2.8138565413874447e-13,6.999442415066056e-13,8.606079191345857e-11,9.422726528890348e-07,0,1
889,06:32:00,4.3595962151837013e-11,1.3619224355182393e-11,2.1164202864263742e-12,2.4932895217625646e-13,7.078786009235842e-13,8.219831257990294e-10,5.518933284084215e-07,0,4
890,06:32:30,1.7844552524603878e-11,4.015019161671796e-12,9.074198714507164e-13,2.0782100920152277e-13,3.40860499069854e-13,6.741264150653753e-09,4.149175206920427e-07,0,4
891,06:33:00,5.085164642163985e-11,7.898251051923867e-12,1.2762393928235081e-12,3.0898029220707635e-13,8.154632964118972e-13,1.0498281147601028e-08,3.8557096294557525e-07,0,4
892,06:33:30,4.686645616522359e-11,1.081024763236907e-11,1.3421824487127606e-12,2.3467290356899253e-13,4.780504677805901e-13,9.327636169464769e-09,4.1356542538867705e-07,0,4
893,06:34:00,1.8566759824059712e-11,5.1120895970234666e-12,1.5501349961807807e-12,3.26162086318839e-13,5.890000042385764e-13,2.357172287546688e-09,1.3413364124782468e-06,0,4
894,06:34:30,7.23717789501176e-11,6.0195607650987675e-12,5.758162633879078e-12,1.2951166659727844e-12,1.432966503044097e-12,1.469500073251118e-09,2.0963669206412796e-06,0,4
895,06:35:00,8.625190054435693e-11,1.0811837746011282e-11,1.3588698222229048e-12,2.669219269437755e-13,6.389654482259224e-13,6.1879269699667615e-09,6.88836385887282e-07,0,4
896,06:35:30,3.4987938374309424e-11,5.025121366019476e-12,7.753866443547831e-12,8.83593902316396e-13,1.532291075114915e-12,1.7382448331372103e-09,1.7272096083117957e-06,0,4
897,06:36:00,3.390156646113574e-11,1.1155806190639121e-11,3.801401543826684e-12,2.87383537732284e-13,5.846181025311985e-13,3.1977139254461983e-09,5.702749138418916e-07,0,4
898,06:36:30,2.3643427142267662e-11,6.844205097634214e-12,1.2098135193341247e-12,2.084913774883145e-13,4.095033708757723e-13,8.433743487112215e-10,5.092343597040731e-07,0,4
899,06:37:00,3.137419231053421e-11,1.4813148866471378e-11,2.0078223441742533e-12,1.934519059355974e-13,3.874292899951765e-13,7.150310082188424e-10,5.067055192196695e-07,0,4
900,06:37:30,1.24700229081077e-11,7.8121121901681e-12,2.0031290290143633e-12,2.40809091025923e-13,5.50326840986312e-13,6.271352823025244e-10,5.041356046376575e-07,0,4
901,06:38:00,1.7697094106126206e-10,1.718548169739994e-11,2.1659944725100534e-12,3.5006410708737847e-13,8.833046263627923e-13,9.00160059237456e-09,4.897179874809414e-07,0,4
902,06:38:30,1.641428195790318e-10,4.58376201694765e-12,5.977927798155035e-12,8.661788053186429e-13,5.872570938747391e-13,2.7190985719307825e-09,1.994589962649148e-06,0,4
903,06:39:00,1.559837376295225e-11,4.981441629626358e-12,2.1891065461147163e-12,2.5080701531514893e-13,6.773458443912695e-13,2.702714362451265e-10,1.0893041484639893e-06,0,2
904,06:39:30,8.39979391619024e-11,9.487188275790327e-12,1.8409263607989667e-12,2.6723168511721136e-13,6.162515617563092e-13,1.8778341472243047e-08,3.6607582264385033e-07,0,4
905,06:40:00,6.26207927355424e-11,9.001195671013111e-12,1.299414444997735e-12,6.999377854661885e-13,8.66923526748931e-13,1.2330542899261433e-08,4.2905515034580077e-07,0,4
906,06:40:30,7.296953722013855e-11,8.364628213990805e-12,1.1578794653068116e-12,2.6698745203515375e-13,5.82047320496087e-13,8.316893470005685e-09,7.60814299708892e-07,0,4
907,06:41:00,1.969925042516623e-11,7.049341745671578e-12,1.16268884351582e-12,2.5254453937013616e-13,6.267687291604867e-13,2.9149374209047565e-09,3.8683934001127584e-07,0,4
908,06:41:30,3.3779954409869355e-11,3.728702901329498e-12,4.735366915475737e-12,4.445799341355336e-13,6.959511521131312e-13,7.827601634492083e-10,1.6981183900531288e-06,0,4
909,06:42:00,1.6773361995473683e-11,4.700678724019445e-12,1.805851896913276e-12,2.6721534583571606e-13,5.568620520856267e-13,1.5260444148364575e-10,3.7974144615593653e-07,0,4
910,06:42:30,2.692047705287205e-11,8.593109014880327e-12,2.0337167059202783e-12,2.461354337094263e-13,7.302865925686817e-13,3.9981443811222104e-10,3.610686264944319e-07,0,4
911,06:43:00,8.077469867378574e-11,5.456027417169406e-12,3.733280920789859e-12,6.726584548412582e-13,8.313836574739178e-13,1.902795876084105e-09,1.706456901486043e-06,0,4
912,06:43:30,9.459679000058912e-12,4.218515931866425e-12,1.9231170532942487e-12,2.834995971162416e-13,6.070524549476591e-13,5.991969045332081e-11,3.93960617684272e-07,0,4
913,06:44:00,1.2239625328744246e-10,6.9859490207703105e-12,4.20168174898262e-12,1.6125466479352537e-12,2.372184039125847e-12,1.7595947457556558e-08,2.352252517230497e-06,0,0
914,06:44:30,8.192430094345393e-12,5.065849557801269e-12,2.280231069829676e-12,2.4268406895547487e-13,5.653567625486456e-13,2.0916335058054352e-10,9.718902863043958e-07,0,1
915,06:45:00,6.359145232348797e-11,7.247906592142261e-12,2.2832114100522154e-12,3.3378219758651944e-13,8.272661798548078e-13,1.2380631016238834e-10,5.719274880998498e-07,0,2
916,06:45:30,2.0389380837892328e-11,8.5566173565375e-12,3.2084722756369925e-12,3.6933517627353383e-13,9.816888382371215e-13,9.429285904855312e-11,7.871657387411595e-07,0,2
917,06:46:00,2.1138506686067262e-11,7.872550445659088e-12,3.1752065691084184e-12,4.838332256094088e-13,1.7905391079805207e-12,1.633752840724409e-10,5.787600943307029e-07,0,2
918,06:46:30,3.3951567436581995e-11,1.2221762777831424e-11,4.354956566703839e-12,5.14272246100157e-13,2.2885847016984916e-12,1.7740271780873421e-10,6.052566767311005e-07,0,2
919,06:47:00,1.71714730991163e-11,6.031346357746358e-12,2.647968204112787e-12,2.9214320282033004e-13,6.538050284830636e-13,1.106376516423456e-10,6.697974649295297e-07,0,2
920,06:47:30,5.6929038221955944e-11,8.189647123056144e-12,2.391471240610962e-12,3.7119792776938255e-13,1.0236372107184358e-12,1.474687755485223e-10,6.804067420309403e-07,0,2
921,06:48:00,4.4219842232765163e-11,1.1816456144047882e-11,3.0172698879503732e-12,4.959666686208164e-13,1.5898253374083647e-12,1.321032679605593e-10,5.812828885967703e-07,0,2
922,06:48:30,4.556579194720874e-11,1.359725773792398e-11,2.894134416152671e-12,3.7930974434336454e-13,1.2731137005903853e-12,1.9384295453703899e-10,6.089503375955669e-07,0,2
923,06:49:00,1.0028822428379974e-10,3.8499295373840995e-12,2.8436302469579744e-12,7.920864620470948e-13,1.2372242672679859e-12,1.6425911431596684e-08,1.7447562918770278e-06,0,2
924,06:49:30,1.1059712918739878e-11,2.7499621680798637e-12,2.1484148361698254e-12,5.588901628653017e-13,8.374861622820378e-13,6.771997489773362e-10,2.0123106846053126e-06,0,2
925,06:50:00,1.5682061001248812e-11,3.5463686763826417e-12,2.8597565264070224e-12,3.489665131607589e-13,1.0942721369258892e-12,1.2009129182612166e-10,1.8242954359666119e-06,0,2
926,06:50:30,3.6389500633633124e-11,8.468397196046285e-12,3.64360492594805e-12,4.285957757488705e-13,1.6195788502266192e-12,2.3081720762075465e-10,1.8818890496416509e-06,0,2
927,06:51:00,2.7109583025943866e-11,3.886343023806898e-12,2.674261517367932e-12,4.625791757576144e-13,2.1048789968722536e-12,2.2643757703094225e-10,1.8382068486615292e-06,0,2
928,06:51:30,4.881997806814232e-11,1.3331476317108522e-11,1.0096642078087045e-11,7.78441913645177e-13,2.5491257757088906e-12,1.611636010745604e-10,1.706399941686314e-06,0,2
929,06:52:00,2.1446479494936366e-11,5.8208370645034625e-12,5.387487081868047e-12,8.853670519734042e-13,4.245879917910415e-12,3.152107649037571e-10,1.8127933354615331e-06,0,2
930,06:52:30,1.5582288969687817e-11,4.152351311534079e-12,2.71812795016866e-12,3.0882036485552553e-13,9.03158971906825e-13,1.4766479694632816e-10,1.8400209126657575e-06,0,2
931,06:53:00,3.835986292369743e-11,5.120478904690267e-12,2.3633337103993913e-12,6.075579817818158e-13,2.8515513572832185e-12,1.7979545749410923e-10,1.7291102021836427e-06,0,2
932,06:53:30,2.5013742712459132e-11,4.370450541102968e-12,2.53152423869674e-12,3.4882771765734635e-13,1.1445199730356957e-12,1.7580669544538568e-10,1.764769491313885e-06,0,2
933,06:54:00,4.206544860849251e-11,4.75423395348564e-12,5.735163533012388e-12,3.894591448437055e-13,1.1629193288085781e-12,1.3332038639791636e-10,1.8279874027304113e-06,0,2
934,06:54:30,3.632644917457766e-11,4.990850093146448e-12,4.2421011978886265e-12,3.1382820803917936e-13,1.5827636920292308e-12,1.4345131680228164e-10,1.7797733857818188e-06,0,2
935,06:55:00,3.30686732154638e-11,9.160717481128418e-12,3.9737290013832335e-12,5.132862449470031e-13,1.8287211120605665e-12,1.9801251785389544e-10,1.7205184956068656e-06,0,2
936,06:55:30,2.755627606333409e-11,3.805403921321099e-12,3.3589573632091787e-12,4.192071206900553e-13,1.179211455786076e-12,1.974545601480308e-10,1.7757659173477241e-06,0,2
937,06:56:00,3.084484822979125e-11,6.0671696265853475e-12,4.1622818830697985e-12,2.7681468369247036e-13,6.163035361578517e-13,1.6435534175455964e-10,1.7974291752498286e-06,0,2
938,06:56:30,2.502870458750353e-11,6.3017549165911875e-12,4.496437849122288e-12,9.894507887318186e-13,4.962622589207707e-12,1.6533821257337642e-10,1.7270640522209316e-06,0,2
939,06:57:00,5.866488895000078e-11,6.983884849277722e-12,4.72443913508388e-12,3.7576275026484994e-13,1.4879495342310748e-12,3.2976844675563418e-09,2.050912008837529e-06,0,2
940,06:57:30,3.0169292050188857e-11,6.9496205828298905e-12,1.0860337982745012e-11,1.2931856443522826e-12,1.3395419645515158e-12,3.948283735951812e-09,1.927990969516729e-06,0,0
941,06:58:00,1.5855145903239385e-11,2.174253204981505e-12,1.3335017611285484e-12,2.5929967828638613e-13,6.909562108756363e-13,1.305998660742039e-10,1.1938323568373712e-06,0,0
942,06:58:30,1.0854090737953843e-11,2.2928157373342402e-12,2.7240615311129044e-12,4.3169600462649107e-13,9.619272119486416e-13,1.3452767569517787e-10,9.882418982915797e-07,0,1
943,06:59:00,2.3388040600962828e-11,4.590335045158965e-12,3.008487745835699e-12,4.950656864604569e-13,1.2726429920136688e-12,1.3885657631999734e-10,1.082391684664568e-06,0,2
944,06:59:30,2.8057776815031278e-11,6.050393191410336e-12,2.917030612372084e-12,3.9250546597876847e-13,9.789417888761449e-13,1.188426469427265e-10,1.0853530802199985e-06,0,2
945,07:00:00,4.458520120664617e-11,4.052805922277697e-12,3.013462708452061e-12,3.6389624032639224e-13,1.131138988604118e-12,1.3713001842856744e-10,1.0772360972345746e-06,0,2
946,07:00:30,2.0904081659978198e-11,5.077342301424175e-12,4.996169778310048e-12,4.444720796197355e-13,1.0653546783623157e-12,1.3435351394612914e-10,1.3536026024671988e-06,0,2
947,07:01:00,1.8384056663095813e-11,4.4082197983906844e-12,2.801016360427365e-12,2.7026485785916253e-13,7.493244771327259e-13,1.138621457780282e-10,1.120851547854054e-06,0,2
948,07:01:30,2.0916243988360157e-11,4.018951836593545e-12,4.473900076074237e-12,5.031928624648309e-13,2.122660532688591e-12,1.110465348495978e-10,1.1019836668280076e-06,0,2
949,07:02:00,5.665094563063821e-11,7.998073771680463e-12,5.266309207563655e-12,4.2408924764763307e-13,1.227992623702098e-12,2.1185145159790697e-10,1.0918137857460709e-06,0,2
950,07:02:30,3.9475818913571955e-11,4.226280964306698e-12,2.4516608848117205e-12,3.987110815595492e-13,8.759354159215291e-13,1.3061018312367328e-10,1.126450408935642e-06,0,2
