index,start_time,eeg_delta_power,eeg_theta_power,eeg_alpha_power,eeg_beta_power,eeg_spindle_power,eog_var,emg_rms,label
1,22:58:00,6.880364993478027e-11,5.995258274830094e-12,1.3782378642444304e-12,4.5386164562589355e-13,6.759446214003308e-13,2.896945098013528e-09,3.017701204065383e-06,0
2,22:58:30,1.212492994451602e-10,5.308560704505259e-12,1.9235006923437088e-12,8.272476185468486e-13,1.392019502426357e-12,7.156540545795561e-09,3.0597560557006625e-06,0
3,22:59:00,1.852146746486887e-10,6.596643348363063e-12,2.3064518946036712e-12,3.878165015526697e-13,6.144284132254893e-13,5.8968253391287014e-09,2.9253891638122154e-06,0
4,22:59:30,1.4171801012423806e-10,6.816327494626787e-12,2.1081267533959096e-12,4.3583388585689855e-13,8.380851870311473e-13,1.0591771998901698e-08,3.0667002916841063e-06,0
5,23:00:00,1.7909250535721114e-10,8.144122255873745e-12,1.560701777138112e-12,5.604705641513e-13,8.395805659987799e-13,9.229625636610063e-09,3.030363580218144e-06,0
6,23:00:30,1.5627703712024357e-10,6.052998724857289e-12,1.8788963984481994e-12,5.075419483469155e-13,7.232481430621422e-13,1.2183219559988211e-08,3.0142707282768474e-06,0
7,23:01:00,9.657861883147534e-11,4.023675243443997e-12,1.0978386501388465e-12,3.776418026526426e-13,4.966623397409999e-13,3.267500729455339e-09,2.9528651523141606e-06,0
8,23:01:30,1.5213510120007732e-10,4.946595936054048e-12,1.1167123624034868e-12,3.90177728821001e-13,5.578499477448033e-13,6.64791405596209e-09,3.0304125072354493e-06,0
9,23:02:00,1.0803911843533615e-10,5.277712759465935e-12,1.0435293352272218e-12,4.023699897265838e-13,6.981791178499484e-13,3.653926259947346e-09,3.073369660653556e-06,0
10,23:02:30,9.584643716121122e-11,4.444239538289004e-12,1.0573747914664503e-12,4.972437014393473e-13,6.881368651771869e-13,9.956914869544314e-09,2.9964652471932873e-06,0
11,23:03:00,1.0566554868993249e-10,3.690625245848677e-12,1.2394333261017874e-12,5.391400413413474e-13,6.231448349474715e-13,2.8894436370500055e-09,2.9866642514496285e-06,0
12,23:03:30,1.5329033954462067e-10,8.1939422088402e-12,1.7515029555377394e-12,4.517051967531182e-13,6.862522879714703e-13,6.6598257327368e-09,3.013327297676339e-06,0
13,23:04:00,1.1531197367636335e-10,9.154107119356984e-12,2.082997744291011e-12,7.738750798021229e-13,1.1372472723782184e-12,1.3899665621894757e-08,3.0674177029915928e-06,0
14,23:04:30,1.4359481841978185e-10,8.569822877109955e-12,1.924274747138929e-12,6.729698718901468e-13,1.0708863306489206e-12,1.754837813619768e-08,3.0589653357914773e-06,0
15,23:05:00,8.864148084842154e-11,4.890615165600262e-12,1.5036782033161876e-12,6.215487359180931e-13,7.130630710771869e-13,9.717572210099093e-09,3.019009462688899e-06,0
16,23:05:30,2.067115023443497e-10,1.2102560492833372e-11,3.3001295832975155e-12,1.0051060958604224e-12,1.3956682653552749e-12,5.548370305921623e-09,3.045635462945113e-06,0
17,23:06:00,2.9735971910175e-10,1.845113900329186e-11,4.056899679512638e-12,1.2989960693009536e-12,2.0859492169237546e-12,6.112797143885637e-09,2.9702568606167047e-06,0
18,23:06:30,2.756990775236681e-10,1.238154973037599e-11,2.963272048338175e-12,1.0596861937700078e-12,1.6293792886969516e-12,3.827217496637537e-09,3.029926416445715e-06,0
19,23:07:00,2.1895966600977189e-10,1.1716964419497999e-11,2.6746358138551476e-12,1.7829696224569839e-12,2.7696524270691117e-12,1.117564676330233e-08,3.0530552561976674e-06,0
20,23:07:30,1.6884802317829567e-10,9.784620100797824e-12,2.4585335588195476e-12,9.241323094264773e-13,1.5024205365123075e-12,8.96356176303121e-09,3.0628812347553736e-06,0
21,23:08:00,7.735134771400698e-11,7.2478446701603115e-12,1.4879249267423921e-12,5.592193959031898e-13,6.425683605084458e-13,8.986883432290139e-09,3.0750373021760865e-06,0
22,23:08:30,1.4381893980051569e-10,1.024278514798487e-11,1.747944955995322e-12,5.86457224331547e-13,9.56164020015179e-13,4.9873623578270484e-09,3.0266468376393874e-06,0
23,23:09:00,1.454712143574559e-10,9.235656096179944e-12,1.9445348166346295e-12,4.959998121164334e-13,8.955562879387151e-13,4.672228657805351e-09,3.0365133059829707e-06,0
24,23:09:30,9.176493013986494e-11,6.836175430907755e-12,1.3092374470519745e-12,4.970722910627912e-13,9.519719208835395e-13,4.937547852089971e-09,2.9899526865324892e-06,0
25,23:10:00,8.063812150827021e-11,5.152775998631295e-12,1.1134363420716346e-12,4.182905502777162e-13,5.205610789921697e-13,4.08328801529198e-09,2.930412423030081e-06,0
26,23:10:30,4.798153213198362e-11,5.991931875436727e-12,1.2375133142771621e-12,5.325289877402719e-13,8.276435364834932e-13,2.2533426980106943e-09,3.0701984552080333e-06,0
27,23:11:00,1.2107689570434138e-10,6.298765276735097e-12,1.1786420414102446e-12,6.780758161003365e-13,1.010435744115651e-12,5.002793337794242e-09,2.9878171428144986e-06,0
28,23:11:30,6.512600767563053e-11,4.247745015944343e-12,9.37653964326799e-13,3.918562272066964e-13,5.943571925479356e-13,2.836793732806728e-09,3.0299336575880823e-06,0
29,23:12:00,5.6764770441950704e-11,3.1720229380602264e-12,8.186649293280791e-13,3.6033950581045526e-13,5.671914778567139e-13,1.174186040067251e-09,2.97438522218243e-06,0
30,23:12:30,4.259928440448273e-11,4.911935086747765e-12,1.3845892835061877e-12,6.486166652462145e-13,1.1584809088370989e-12,4.475617736726512e-09,2.98946056743253e-06,0
31,23:13:00,8.052680277790578e-11,6.407839955918269e-12,1.479418304541721e-12,5.560448402164139e-13,9.845060588940172e-13,5.674628772610326e-09,3.0197076140043173e-06,0
32,23:13:30,1.1363966347579753e-10,6.042117787143208e-12,7.859143810711626e-13,3.4819407368027355e-13,3.977578961597835e-13,1.6285601958564017e-09,2.9983188780028793e-06,0
33,23:14:00,9.293998143626878e-11,4.145395102573593e-12,8.100245901961729e-13,2.665495231010499e-13,3.37056865298219e-13,2.019413794533637e-09,3.049710862722997e-06,0
34,23:14:30,6.590792702196535e-11,3.526909891111791e-12,1.1179186745360197e-12,4.1786449588727114e-13,5.195610832989511e-13,2.0228148660755925e-09,2.991784503561475e-06,0
35,23:15:00,5.601063054159544e-11,4.16740853259302e-12,6.410092206388207e-13,3.0260973079285125e-13,3.7757095908732404e-13,1.5018466903842337e-09,3.051190496046207e-06,0
36,23:15:30,5.913093605734047e-11,3.0310707991358063e-12,6.827097797055296e-13,2.980227013162756e-13,5.12100138470427e-13,9.528698227990692e-10,3.0530308649640853e-06,0
37,23:16:00,6.104659105514334e-11,4.2342328354498715e-12,1.3918078901408612e-12,4.929173291525323e-13,7.16016657024136e-13,3.966209409622056e-09,3.0213423247756276e-06,0
38,23:16:30,7.72275519504408e-11,5.348638677504396e-12,1.6517226797729903e-12,7.268744771287922e-13,8.622613743517573e-13,6.664627897201411e-09,2.9178300839477954e-06,0
39,23:17:00,4.475231865054758e-11,3.3935680248844945e-12,8.123886045354545e-13,2.486656243142528e-13,4.420413723827317e-13,6.970417934117456e-10,2.9211335147818827e-06,0
40,23:17:30,5.873468188335549e-11,3.564094199998826e-12,7.203151134912527e-13,2.2441017365138475e-13,3.1423364428329496e-13,1.6079321745207497e-09,3.0165163115596277e-06,0
41,23:18:00,3.309243784011709e-11,2.7827292660070905e-12,6.288416301711801e-13,4.812215349814716e-13,6.38788061949211e-13,1.5328341199048402e-09,3.0202319174973904e-06,0
42,23:18:30,9.589693688949694e-11,5.862588446069028e-12,1.246328232060278e-12,1.1374652004423117e-12,1.167001769676444e-12,6.565159456105279e-10,3.005146314381023e-06,0
43,23:19:00,5.368215514038542e-11,4.1269242226636546e-12,1.5664979575098028e-12,2.1376120206649304e-12,1.3110762949898088e-12,1.4885526486768907e-10,3.0433608196465845e-06,0
44,23:19:30,2.511845789714649e-11,3.953505192213772e-12,1.2068140777094421e-12,1.5097895214230777e-12,1.2373455632530581e-12,2.141301702492742e-10,2.9276419980307577e-06,0
45,23:20:00,9.136384586082167e-11,6.877225859537052e-12,1.5247913896844418e-12,1.0322477281822277e-12,6.8838741636755e-13,2.9712186880576203e-10,2.9513273780919586e-06,0
46,23:20:30,3.841450772371705e-11,4.154315883130593e-12,9.328420137156874e-13,7.572935750320095e-13,8.864266682238525e-13,2.6843745200639965e-10,3.0214900369056053e-06,0
47,23:21:00,9.25363522436563e-11,5.013170565818545e-12,6.731811945609705e-13,6.269484515936841e-13,7.169893477962623e-13,3.6202506996626814e-10,2.964454625500624e-06,0
48,23:21:30,7.74963054883508e-11,5.876676659985826e-12,1.226525714534676e-12,4.762163597530605e-13,6.581852229040012e-13,3.2396497489609895e-10,3.066200064651238e-06,0
49,23:22:00,9.076612290329338e-11,5.219167344638196e-12,1.6417061826028562e-12,4.2119236298564195e-13,5.571149970831609e-13,2.1033294520843697e-09,2.9081475929607717e-06,0
50,23:22:30,4.7529579407992134e-11,6.177910059911897e-12,1.2788702485031427e-12,7.257770996609806e-13,9.47979877793705e-13,3.9374793784438144e-09,3.0280685279945663e-06,0
51,23:23:00,1.232433003963095e-10,4.023878011291114e-12,1.2463983525714613e-12,6.713422985213062e-13,1.1993527687316765e-12,5.709584502625233e-09,3.0943616863039867e-06,0
52,23:23:30,1.397196899283149e-10,5.4932921646591825e-12,1.2714398697151142e-12,5.43493611598839e-13,6.034635648781404e-13,1.7774406629872311e-09,3.0025790783335446e-06,0
53,23:24:00,1.825691604254361e-10,7.72963106395652e-12,1.2541308879496061e-12,3.827805964636579e-13,6.243090438718767e-13,3.1864660057040882e-09,3.013540835092344e-06,0
54,23:24:30,2.9706312295996214e-11,2.6282846361744496e-12,5.793867172278862e-13,3.1453518541123596e-13,4.505875571723157e-13,8.872367048153411e-10,2.9929432606295996e-06,0
55,23:25:00,1.6737644667185563e-10,7.837429130880687e-12,1.5666219417914582e-12,3.792086046966098e-13,7.23571020723964e-13,7.610519637644115e-09,3.001839539112763e-06,0
56,23:25:30,1.2744113550947214e-10,3.65259739517001e-12,9.079539052786154e-13,3.097001572702317e-13,3.8566263092169563e-13,2.5168737448429493e-09,2.9718512187415555e-06,0
57,23:26:00,7.213811184255854e-11,3.2090872870060004e-12,1.4205929214187613e-12,5.387684764478468e-13,5.59566930853173e-13,5.95766819611285e-09,2.9901690994655386e-06,0
58,23:26:30,3.29773649059045e-11,5.491963088551658e-12,1.600414205986162e-12,2.0882913223419964e-13,3.7197884116892455e-13,4.184438461321096e-10,3.049936341928017e-06,0
59,23:27:00,1.9273733849545778e-11,9.047976425474431e-12,2.3118625137889033e-12,1.4205740673606713e-13,2.0121414103130706e-13,5.552285338826583e-10,2.984361580847143e-06,0
60,23:27:30,5.2079875624285685e-12,6.764418947765946e-12,1.9843601243422895e-12,1.5910854180235014e-13,3.462622845519318e-13,6.015751278650211e-10,3.0226484597330073e-06,0
61,23:28:00,6.0387109451417776e-12,4.681349512264603e-12,1.0045693906082148e-12,1.4863848872249231e-13,2.323707132951894e-13,3.189899835130486e-10,2.9264273174669662e-06,1
62,23:28:30,4.836112845956385e-12,4.1394109296820165e-12,2.4287891711608566e-12,1.573630821560816e-13,1.6616839029950268e-13,4.65415009934433e-10,2.98109211556423e-06,1
63,23:29:00,3.34525894741887e-12,1.7458237635062298e-12,8.90254803120838e-13,1.3577377334446383e-13,2.3592277957495447e-13,8.263894971091327e-10,3.0144847941040976e-06,1
64,23:29:30,4.4378608033086125e-12,1.9289712156998306e-12,4.4898326964385765e-13,1.128990801425698e-13,1.9068132601481516e-13,2.452473423357888e-10,3.008771989557489e-06,1
65,23:30:00,6.5854027192475386e-12,2.7657445942229538e-12,7.493736397209248e-13,1.6918404746636737e-13,3.318998416431743e-13,7.213167409021583e-10,3.0256716017110104e-06,1
66,23:30:30,6.793711457859827e-12,2.0680460736033714e-12,1.3610514744933963e-12,1.7527988713210571e-13,2.7272473893941794e-13,7.200112035554611e-10,2.9793000436417107e-06,1
67,23:31:00,9.08535828113632e-12,2.9998370333719117e-12,4.2742117822561713e-13,1.286221824425231e-13,2.122185414474217e-13,6.222903093403127e-10,2.9744010328490986e-06,1
68,23:31:30,3.426073875961749e-11,4.979258577869733e-12,8.273171231416676e-13,1.5073088106758306e-13,3.825740462253853e-13,6.176403822086779e-10,3.06651485257113e-06,2
69,23:32:00,1.7057783061881272e-11,2.8955177468296527e-12,4.1378898304697735e-13,1.55334287908106e-13,3.2768947847956533e-13,2.012370780134101e-10,3.014140953810512e-06,2
70,23:32:30,1.5181047823744194e-11,4.874477116464157e-12,6.28634881075879e-13,1.3642017952261473e-13,2.762504464350715e-13,2.361024886041439e-10,3.07933414616511e-06,2
71,23:33:00,2.1742662753436917e-11,8.021376716263896e-12,1.1206795264112337e-12,3.142629745479952e-13,1.778126910053377e-12,2.365331393634499e-10,2.9848909847821522e-06,2
72,23:33:30,5.642661275866968e-11,5.064492861665947e-12,7.530666577987038e-13,2.3507126773690535e-13,8.951254740205503e-13,3.231456012984884e-10,2.8402600842885983e-06,2
73,23:34:00,1.1321061884547261e-11,2.9963513704926232e-12,3.8159358770187e-13,1.2623386604490318e-13,4.772190947360536e-13,1.890324917652436e-10,2.8304528366687175e-06,2
74,23:34:30,7.325218842970182e-11,5.844336115875711e-12,9.23691429597824e-13,3.143665741526938e-13,1.5864794727379123e-12,2.4770967171590976e-10,2.988822697294365e-06,2
75,23:35:00,3.899857965358439e-11,8.660719610799926e-12,9.96905547827298e-13,2.1276493261961444e-13,9.964051185218835e-13,1.5032183663434313e-10,2.892860503436104e-06,2
76,23:35:30,2.8852229728102004e-11,1.0655723393353489e-11,1.33199906823605e-12,3.089869043209497e-13,1.715394120335921e-12,2.857774542075702e-10,2.8816808902919483e-06,2
77,23:36:00,1.912333766868585e-11,3.9757476993098525e-12,9.987205978636168e-13,2.200340070015546e-13,1.1831540174675194e-12,1.458503927271564e-10,2.9423958667120926e-06,2
78,23:36:30,2.942725973222502e-11,5.794286537719567e-12,1.0372988782582402e-12,3.169584558638723e-13,2.086787240232532e-12,1.1325466898239127e-10,2.908299613799175e-06,2
79,23:37:00,3.302600599131141e-11,2.92430462149404e-12,8.082051747092129e-13,2.306039761797482e-13,1.2363380063902675e-12,2.0770023361424412e-10,2.9853868302882158e-06,2
80,23:37:30,2.2262391265759447e-11,7.0444907356260535e-12,1.190043445517509e-12,2.681341296565047e-13,1.4439636316108124e-12,1.677080016873947e-10,2.9493871894512226e-06,2
81,23:38:00,1.467279479160212e-11,3.992949285330118e-12,1.0482007577075188e-12,3.081419490621018e-13,1.7252460311674757e-12,1.5632012345476256e-10,3.004308070614191e-06,2
82,23:38:30,2.3356912655963013e-11,6.823065524222896e-12,1.2891764487996748e-12,2.1762859563163276e-13,1.128504607857501e-12,1.669444288305191e-10,2.969935557334851e-06,2
83,23:39:00,3.705218005356062e-11,4.791642880977048e-12,1.0806314084458029e-12,1.8289261690634746e-13,8.679312162540469e-13,2.794118896293813e-10,2.9443893050392225e-06,2
84,23:39:30,4.6594137180106644e-11,7.107615505912636e-12,1.2014653590334505e-12,2.920656497798942e-13,1.938454896719848e-12,2.085559389154525e-10,2.95300221495008e-06,2
85,23:40:00,4.7344122929183216e-11,5.384146767028786e-12,8.759535152874661e-13,1.9538662174652466e-13,1.0162116421325254e-12,1.5831493881260503e-10,2.905860855606394e-06,2
86,23:40:30,7.043904325513103e-11,6.148904181194314e-12,1.3812313338618799e-12,2.7547693826534053e-13,1.515165324557635e-12,3.026134200550529e-10,2.9700284002471977e-06,3
87,23:41:00,6.870685539196017e-11,8.397328224320703e-12,1.149188437473314e-12,1.9412046828422058e-13,1.0207184505505784e-12,2.199623973563236e-10,2.9293288149251457e-06,2
88,23:41:30,6.130776531212596e-11,5.037422931203587e-12,1.1732040510349793e-12,1.2717856408349561e-13,5.2027821747508e-13,2.6518522684828717e-10,2.9340897377043603e-06,2
89,23:42:00,6.675062425202918e-11,7.271956857984416e-12,1.1613490708247533e-12,3.1962918478935716e-13,2.2315298900697927e-12,4.997017754779182e-10,2.966186336052404e-06,3
90,23:42:30,8.228266811416147e-11,5.329322732557144e-12,1.438294435857299e-12,3.320870281123278e-13,2.187233959151813e-12,4.507827401844415e-10,2.8337052864398786e-06,3
91,23:43:00,7.044810041635948e-11,5.896721774841945e-12,1.1816665339971231e-12,2.3364714793304346e-13,1.5598609523368675e-12,3.0713521780246617e-10,2.85638559008299e-06,3
92,23:43:30,9.808882694527476e-11,4.756569638464288e-12,1.3016724729904789e-12,1.968534540530452e-13,1.2004745934157232e-12,6.799254277873665e-10,2.8578865838869514e-06,3
93,23:44:00,1.1208648657986412e-10,7.2595136227475635e-12,1.8849932293967455e-12,1.9899502149075473e-13,1.181716646307915e-12,4.556599500815113e-10,2.865292910351305e-06,3
94,23:44:30,7.854965918974605e-11,5.575442498805571e-12,1.4415378568664597e-12,2.2705068552264748e-13,1.5648480170910683e-12,3.3416437573216544e-10,2.8331157702143627e-06,3
95,23:45:00,1.7876263897321611e-10,5.160472907577753e-12,1.1480753493445856e-12,1.5681384266069215e-13,8.613580914878456e-13,4.961079101112018e-10,2.812282903534386e-06,3
96,23:45:30,1.271261355661932e-10,7.544642917060145e-12,1.1422746565106302e-12,1.299794194880746e-13,6.396232730669831e-13,5.147983490054737e-10,2.8870981561201774e-06,3
97,23:46:00,9.784327141040879e-11,5.808667344461975e-12,7.678213907460017e-13,1.9847507229231084e-13,1.170986661706718e-12,5.339333444014201e-10,2.8901849861489434e-06,3
98,23:46:30,2.334092724444835e-10,7.43300321676671e-12,1.150650804994928e-12,1.5693483442078075e-13,8.383430201141824e-13,1.0970309281119326e-09,2.8888810946101405e-06,3
99,23:47:00,1.1962159590888612e-10,5.613101254754342e-12,9.556507823243623e-13,9.178667262487803e-14,3.3000797153708093e-13,5.760427548942828e-10,2.8884776621370152e-06,3
100,23:47:30,2.297499387566557e-10,9.394549588181914e-12,2.7385937031429685e-12,1.488460141224883e-13,8.129278288048672e-13,9.007393698846332e-10,2.851299401793239e-06,3
101,23:48:00,1.831554394923501e-10,5.765317455588727e-12,6.878827666007544e-13,1.1254292820312204e-13,5.444598323997187e-13,4.759295050557952e-10,2.897113102920701e-06,3
102,23:48:30,1.6333718451763314e-10,5.660857705105399e-12,1.6941345294130017e-12,1.2102998135430188e-13,5.728001748894963e-13,7.561681081662579e-10,2.867953567885771e-06,3
103,23:49:00,1.895133195067248e-10,8.370276555509687e-12,1.4987897899705746e-12,1.974344769850972e-13,1.2771780459546665e-12,8.365158014998189e-10,2.925130278946125e-06,3
104,23:49:30,2.0828555470598965e-10,7.58304610940103e-12,1.392391171584087e-12,1.0324648181608328e-13,3.849099298246641e-13,7.840241485214163e-10,2.908589417096303e-06,3
105,23:50:00,1.8460421801249974e-10,5.818105722722508e-12,1.517894129854903e-12,1.7017466751932328e-13,1.0385432746630101e-12,7.903883510181131e-10,2.8647221789192637e-06,3
106,23:50:30,1.9925087653650585e-10,8.309430945457839e-12,1.1740637028975568e-12,1.4080598311404375e-13,8.287778858502652e-13,6.754295002954018e-10,2.9024295505110563e-06,3
107,23:51:00,2.1627250615875768e-10,8.054726775143984e-12,1.6313599472087927e-12,1.6276912078072542e-13,9.119956725934903e-13,7.597542823559451e-10,2.9157856466413292e-06,3
108,23:51:30,1.8649273877113275e-10,7.278252676612925e-12,1.7277236105111867e-12,1.1310008236328321e-13,5.337393222679161e-13,7.986779594882292e-10,2.9135127292797195e-06,3
109,23:52:00,2.140611473742517e-10,6.185399922401549e-12,2.033051754164514e-12,8.441706136565759e-14,3.27166398821102e-13,5.796476100338263e-10,2.8822280083691176e-06,3
110,23:52:30,2.237795479784312e-10,7.349943410055382e-12,1.6661280025062308e-12,1.0347265380651881e-13,5.008991079857373e-13,9.458718338717008e-10,2.920997415128089e-06,3
111,23:53:00,1.55857901627504e-10,7.932744457285858e-12,1.7051343114059536e-12,9.357381229289056e-14,4.659360137785804e-13,7.354818711967992e-10,2.8698322529410245e-06,3
112,23:53:30,1.9369625724800712e-10,7.317897857054555e-12,2.078407947605509e-12,1.1385462102476353e-13,5.190820134804394e-13,8.112555015658462e-10,2.8990629582709235e-06,3
113,23:54:00,1.936659785296975e-10,7.581013075653068e-12,2.007412335327827e-12,1.0507394956383485e-13,5.729158188166932e-13,1.0731890810880082e-09,2.8830199328060095e-06,3
114,23:54:30,1.774789357485014e-10,8.623868252799926e-12,1.7927565580484752e-12,1.1962754279153553e-13,6.262682263779864e-13,7.272042248548597e-10,2.839846183347762e-06,3
115,23:55:00,1.6674512723318186e-10,6.5974426332893915e-12,1.660504451758808e-12,1.2321060125167356e-13,6.808386248481178e-13,1.1767856648110753e-09,2.9262460045353448e-06,3
116,23:55:30,2.0686168396595858e-10,9.111883871332846e-12,1.975746154040616e-12,1.4221319761366364e-13,7.976274419463032e-13,1.1727789001255865e-09,2.8528078067984236e-06,3
117,23:56:00,2.4031317542609764e-10,9.262902697350112e-12,2.553459672778502e-12,7.008305949048603e-13,9.1009589075846e-13,2.314541076466286e-09,3.0001000052358354e-06,3
118,23:56:30,2.684064001547572e-10,9.601995169376715e-12,1.4959555880050276e-12,1.3770243951688497e-12,9.623300706131797e-13,2.396443150290268e-09,3.016233077937829e-06,3
119,23:57:00,7.353444367298965e-11,1.1563686647849492e-11,7.433927506330043e-13,2.342345817732404e-13,5.228972629036301e-13,7.242386330085609e-10,3.0298275513698386e-06,3
120,23:57:30,9.512004138547491e-11,9.037385504583846e-12,9.996814358871614e-13,1.2324002060929613e-13,2.36639404203071e-13,5.608816358972405e-10,3.020758409702796e-06,2
121,23:58:00,1.3796780806363936e-10,1.069316410158761e-11,9.3825820460792e-13,2.0738582321325613e-13,8.219777854285324e-13,4.697811390208504e-10,3.010187596595345e-06,3
122,23:58:30,9.974548822978035e-11,1.7430340938003176e-11,9.512384865567805e-13,1.7514605677245567e-13,4.924425871122962e-13,9.157925091093216e-10,3.0157535655678403e-06,3
123,23:59:00,7.889736947486595e-11,1.3987306354601563e-11,1.0893465832314236e-12,1.5897971098365927e-13,4.1900644486353845e-13,5.927731634832101e-10,3.004024652089642e-06,2
124,23:59:30,4.8267781257214846e-11,9.069541570558226e-12,8.378100786916074e-13,1.4045092947484986e-13,5.556165139290254e-13,6.535130889054215e-10,2.9852472704304714e-06,2
125,00:00:00,4.77458954897844e-11,6.72730263465615e-12,1.2538797645531503e-12,1.8241574832160433e-13,9.785988348834272e-13,2.0097221596567026e-10,2.92195564509198e-06,2
126,00:00:30,2.5334633431346165e-11,7.550527761998618e-12,1.1623789300839275e-12,2.4424647362828527e-13,1.4049042465435933e-12,3.890774038134332e-10,2.9667505947391835e-06,2
127,00:01:00,3.7757417169700196e-11,8.371537170717641e-12,9.831851651468015e-13,2.4098418956193584e-13,1.5643868669254209e-12,3.082336468314884e-10,2.9394953316415267e-06,2
128,00:01:30,4.435372035218348e-11,9.095725586782635e-12,1.5750426944063198e-12,4.1964599837558994e-13,3.1200083646495048e-12,4.879457556041616e-10,2.9386722303634315e-06,2
129,00:02:00,1.2155165748972507e-10,9.150861722206108e-12,2.040907605481779e-12,2.99216861757894e-13,1.0394199585785684e-12,1.5338260320120308e-09,2.9973686403789567e-06,3
130,00:02:30,1.2199235721571125e-10,1.6100651160533884e-11,1.1869691469045537e-12,2.9158536667443514e-13,4.571630597722966e-13,9.137948125138101e-10,3.0250648221616085e-06,3
131,00:03:00,5.62771975552165e-11,9.497681743075801e-12,5.882236221715234e-13,1.526238660979024e-13,2.472080234910188e-13,8.816767379462835e-10,2.996275983950288e-06,3
132,00:03:30,3.906005173739864e-11,7.441923427119083e-12,8.486744556102372e-13,2.4882248527822546e-13,1.194346791752163e-12,4.736868544364186e-10,2.9411701701780695e-06,2
133,00:04:00,3.358431977149848e-11,8.076089318034994e-12,1.2688560641018902e-12,2.295421576833486e-13,1.2619000633177445e-12,2.8205297756695836e-10,2.9502799700199242e-06,2
134,00:04:30,4.3643561556355655e-11,1.1508783589775414e-11,1.3881773532096734e-12,2.9024412605488044e-13,1.3741449830823863e-12,3.013044667588531e-10,2.9295718277667057e-06,2
135,00:05:00,6.304964235465524e-11,1.0500772850472066e-11,1.6284360244568511e-12,2.8664218767494853e-13,1.7930890724247513e-12,2.1775557774785333e-10,2.9356145135891147e-06,2
136,00:05:30,4.5004905155191155e-11,7.0290435168726695e-12,1.36096163078899e-12,1.4408935351938241e-13,6.151454435082218e-13,8.029496590843747e-10,2.957731110018083e-06,2
137,00:06:00,1.2332420517515302e-10,1.0221830300546958e-11,1.6881050132539785e-12,3.421185321393497e-13,2.3446625683689843e-12,6.885557077017987e-10,2.9127188466943515e-06,3
138,00:06:30,1.0139787745043389e-10,9.315405025139891e-12,1.2217161653795463e-12,1.4016279357297823e-13,7.313744383286856e-13,3.7375755506309974e-10,2.9034858999407326e-06,3
139,00:07:00,1.0219078837095003e-10,9.13625131938603e-12,1.5116204084820045e-12,1.5541979787557453e-13,8.826583796036248e-13,8.177654199451725e-10,2.9485587007714113e-06,3
140,00:07:30,9.894391418168215e-11,8.583331587966808e-12,8.957542109581629e-13,1.6368768357521602e-13,9.7197652034183e-13,5.978788041615499e-10,2.9919999509556462e-06,3
141,00:08:00,1.3360690789356746e-10,9.976545044368294e-12,1.6903813081172424e-12,1.2448724640387983e-13,6.935042518441567e-13,3.693707190101034e-10,3.0025568001051526e-06,3
142,00:08:30,1.5141606981843884e-10,7.236729696176027e-12,1.4186778327172677e-12,8.84809105021739e-14,3.7218989283196416e-13,6.714461654784924e-10,2.9970083183883957e-06,3
143,00:09:00,1.3618054277163373e-10,9.422199504104155e-12,1.1579413668169744e-12,2.7685484094190645e-13,2.0113627136875345e-12,4.327477757325905e-10,3.0482774212525563e-06,3
144,00:09:30,1.3778930567686453e-10,1.1528019589563936e-11,1.4120577780517123e-12,1.6150008508666842e-13,9.268849763754588e-13,6.892356180857513e-10,2.9776421925520023e-06,3
145,00:10:00,1.403138018596051e-10,6.665105758119275e-12,1.7637453974486287e-12,1.5799372343388714e-13,1.0250881499740435e-12,8.875407591077706e-10,2.9893114283564584e-06,3
146,00:10:30,1.2488986990130247e-10,8.569680209510068e-12,1.2651852399753423e-12,1.2036096773659044e-13,7.130384129175241e-13,7.573707745878785e-10,2.9902069665893573e-06,3
147,00:11:00,1.765078376845425e-10,8.521898468201553e-12,2.1704314859361287e-12,1.739850223127715e-13,1.1206258996153011e-12,7.356802970399301e-10,2.9116395785868663e-06,3
148,00:11:30,1.9206311365435925e-10,7.30642833803688e-12,1.4408193303744767e-12,1.3469953566418952e-13,7.976195391834099e-13,5.458847258187282e-10,2.9919033290141355e-06,3
149,00:12:00,1.3845470558212734e-10,1.2343125279076735e-11,2.5492033260544214e-12,1.5874112558213505e-12,1.4711210046932666e-12,8.266520716231351e-10,3.0011884788218385e-06,3
150,00:12:30,1.107377222552148e-10,6.759658184529164e-12,8.693827665498568e-13,8.826258111821335e-14,3.392477891561763e-13,3.961655220854164e-10,2.9712143388757844e-06,3
151,00:13:00,1.280941123995086e-10,6.484823327200406e-12,1.2254568060553818e-12,1.2734629634210746e-13,5.417662181608991e-13,8.82602067848905e-10,3.033480263641737e-06,3
152,00:13:30,1.3209179699945037e-10,8.500742271778055e-12,7.970043998081956e-13,2.1939744101951536e-13,1.4783474274791497e-12,6.817757535416302e-10,3.07046467735303e-06,3
153,00:14:00,1.246077716471434e-10,9.476177789946259e-12,1.0959067821392833e-12,1.1421872781767662e-13,4.0677949338915757e-13,5.014596772813567e-10,3.009433723676784e-06,3
154,00:14:30,1.1522040964609969e-10,1.2863091098420441e-11,1.4327287175822027e-12,1.6961672186097874e-13,8.132679279560392e-13,8.932111338551682e-10,3.0675103035961965e-06,3
155,00:15:00,7.730078041088268e-11,8.209650340182038e-12,9.788403539849152e-13,1.190162066098683e-13,4.931359526543691e-13,5.005078504418951e-10,3.0237977479029733e-06,3
156,00:15:30,5.463376375269809e-11,9.983853546991054e-12,9.411569879854727e-13,1.651862153331563e-13,8.108543473683776e-13,2.76697598364365e-10,3.038702668810368e-06,3
157,00:16:00,1.5553867813156495e-10,1.6299433597188666e-11,1.782816498856797e-12,3.610804628838943e-13,9.604269736204698e-13,6.644825170521091e-10,3.0518997949635273e-06,3
158,00:16:30,1.4431710424127978e-10,1.601174934799836e-11,1.1234132911410185e-12,1.824976600116617e-13,4.660723005348894e-13,5.795509158719961e-10,3.0298026212671367e-06,3
159,00:17:00,8.693120432020513e-11,7.953232451706046e-12,5.660412632609643e-13,2.1017833702175038e-13,8.572435450217644e-13,4.64810319437266e-10,3.0438398551166824e-06,2
160,00:17:30,6.693118784546123e-11,1.0677432193186584e-11,7.734338960266932e-13,2.681888227824544e-13,1.2200775285393689e-12,4.428110530972373e-10,3.0030081901219488e-06,2
161,00:18:00,5.6807428389254876e-11,8.047201334625277e-12,1.0623880594767724e-12,3.250769068954752e-13,1.932213403854697e-12,2.0528496304220047e-10,3.030075850321076e-06,2
162,00:18:30,5.4207052980675314e-11,9.430737449428501e-12,1.4103764364400172e-12,3.019792010586281e-13,1.7520846695529935e-12,2.979063666423003e-10,3.0317859024274266e-06,2
163,00:19:00,8.170616741895464e-11,1.0471727804319406e-11,1.5700035816671517e-12,2.412030289210594e-13,1.4130949017420825e-12,3.8421746919855835e-10,3.0363766089934474e-06,3
164,00:19:30,3.5053996740171104e-11,9.351575866302952e-12,7.46502655715548e-13,2.2313429780870676e-13,1.2408432311652235e-12,1.9506103448693314e-10,3.0192129710794656e-06,2
165,00:20:00,7.995762831270916e-11,1.147525567330565e-11,1.7910446452138401e-12,1.6006168272839962e-13,7.025641240119262e-13,3.2584025998228883e-10,3.0545382633697364e-06,3
166,00:20:30,5.0396826336044785e-11,7.33852435660995e-12,1.2857449330293634e-12,2.21469994697074e-13,1.3901836982288796e-12,4.320534488257102e-10,2.987308422591869e-06,2
167,00:21:00,6.965398625461711e-11,6.532734863024217e-12,1.0106616674585528e-12,2.929765561802391e-13,2.040320345500246e-12,2.768688528637797e-10,3.0146082670575304e-06,2
168,00:21:30,1.3423689364937548e-10,7.393997865631284e-12,8.930642491598931e-13,1.898818423045607e-13,1.1548634907391452e-12,3.5480334857253637e-10,3.0615912422810682e-06,3
169,00:22:00,1.1228205280541904e-10,8.737830365373564e-12,1.2132298644563696e-12,1.6609160478172184e-13,9.707861675811164e-13,8.110954156247905e-10,3.0074648761455025e-06,3
170,00:22:30,8.57479785951066e-11,7.576950640297671e-12,1.1728888824605912e-12,1.6280035493681314e-13,1.011422269883041e-12,6.911608838706994e-10,3.054281772179825e-06,3
171,00:23:00,1.251184031058085e-10,7.576602632983069e-12,1.2729701131052446e-12,1.2795546737180696e-13,6.893323278126638e-13,6.226251669379189e-10,2.9948795123878133e-06,3
172,00:23:30,1.3993395311480096e-10,7.246015905556683e-12,8.13235642219771e-13,1.5746327770357144e-13,9.485745443386417e-13,7.646860585731321e-10,3.011268580709447e-06,3
173,00:24:00,2.803016481932828e-10,9.839845949892216e-12,1.618816577586271e-12,2.449278777259148e-13,1.7629796094769562e-12,7.936669761269862e-10,3.0014745324159943e-06,3
174,00:24:30,1.686422506716818e-10,9.206613559589448e-12,1.3512921544548293e-12,1.5866699645434352e-13,1.0114016244529142e-12,9.426925148052845e-10,3.0023587959610884e-06,3
175,00:25:00,1.6432028222832431e-10,6.120023372455838e-12,1.052346427199888e-12,1.045677093121559e-13,5.565112060732646e-13,4.4275154040482703e-10,3.0182318729255137e-06,3
176,00:25:30,2.3065288735689322e-10,9.115817882586053e-12,2.284153683725267e-12,1.5229208473514877e-13,8.508395534618142e-13,8.270971381652264e-10,3.029707416163865e-06,3
177,00:26:00,1.9548402368798626e-10,5.6624512171925866e-12,1.3134712860753664e-12,1.2017551845372042e-13,7.242750293007264e-13,8.702686462302277e-10,2.991588553449898e-06,3
178,00:26:30,1.205974682434615e-10,6.314955620119633e-12,1.101210876363179e-12,1.1432025745847148e-13,5.704982539869829e-13,8.103130275507273e-10,3.0969949111725673e-06,3
179,00:27:00,2.034227139386647e-10,7.044972669587501e-12,1.6618346100325283e-12,9.598127535876936e-14,4.662204864012228e-13,1.6041265826213174e-09,3.0535163664408014e-06,3
180,00:27:30,1.4765177506401887e-10,5.0693503696465055e-12,1.8787826368542297e-12,1.478720543165626e-13,8.723041407874742e-13,8.569887488378504e-10,3.0105408293392663e-06,3
181,00:28:00,2.5990521207115996e-10,6.321656287383434e-12,1.071095303541085e-12,1.0511122933407256e-13,6.07951321355534e-13,6.695776041208528e-10,3.0378186447270844e-06,3
182,00:28:30,1.3201722668609474e-10,6.918284388122219e-12,1.522310353921004e-12,9.142058775678855e-14,4.2835737390154515e-13,7.688560992412425e-10,2.983573942796379e-06,3
183,00:29:00,2.374863143056485e-10,7.174841181218348e-12,2.558407611841318e-12,3.5108800507690924e-13,4.832351429460649e-13,1.923237897474248e-09,3.0369781731319027e-06,3
184,00:29:30,2.2975835090227823e-10,7.892730190859668e-12,1.0569653512672442e-12,5.647314055807144e-13,5.165968866883296e-13,1.0807351548805516e-09,3.0965094485025403e-06,3
185,00:30:00,1.682263567049367e-10,1.4122750099730575e-11,1.0673378025189008e-12,5.858858225142673e-13,9.811778826518153e-13,1.4126201046976744e-09,3.0551432967742763e-06,3
186,00:30:30,1.78812249855433e-10,9.744685222901914e-12,1.4511761930905104e-12,9.94565855167533e-13,1.15268432328378e-12,2.3836200878153005e-09,3.1228062608326836e-06,3
187,00:31:00,1.5817442477094965e-10,6.888598783856011e-12,2.321976246139389e-12,1.3829695127175126e-12,1.531824907381087e-12,1.922510846044163e-09,3.039910245429926e-06,0
188,00:31:30,6.93509772293559e-11,5.768148101401917e-12,7.443680294362394e-13,2.4344535940022223e-13,3.5218648344624276e-13,1.8475422333866578e-09,3.013812535721516e-06,0
189,00:32:00,1.6324126215223395e-10,4.060762193744749e-12,1.2281518976729772e-12,2.300332712019072e-13,2.7180983203799503e-13,3.526471390059878e-09,2.873471128080935e-06,0
190,00:32:30,6.282243789815502e-11,3.2472116326295016e-12,1.5266705668901746e-12,1.1601135107972538e-12,7.889399858991889e-13,2.6614654624551216e-09,2.9497011496704407e-06,0
191,00:33:00,2.0880736824107667e-11,5.153574234214814e-12,1.6812277360155757e-12,1.8154893756109549e-12,1.8453306050752637e-12,2.570064690508706e-09,3.1193577903547426e-06,0
192,00:33:30,4.983441703226646e-11,8.964946378647962e-12,5.479547260777571e-13,1.5076640216298932e-13,1.8829860416771616e-13,2.7599546170962793e-09,3.090377846197005e-06,1
193,00:34:00,7.765694095636081e-11,1.7390233554902756e-11,6.36937023963327e-13,1.140993396420123e-13,2.5180181425241134e-13,5.669618021324875e-10,2.960044206731642e-06,2
194,00:34:30,4.6739545446020285e-11,7.978771531622022e-12,7.803967344092305e-13,1.10433072187426e-13,3.972973010376818e-13,2.8867001331556845e-10,2.9923731873375725e-06,2
195,00:35:00,8.383538398362392e-11,9.148332183158388e-12,6.845299359520419e-13,1.311790879721932e-13,4.3957650362052893e-13,4.340779795615001e-10,2.9570797359186063e-06,3
196,00:35:30,6.741612394283538e-11,1.1404817932622523e-11,8.660838289014264e-13,1.5739197018647916e-13,5.696638238994644e-13,3.503190985554272e-10,3.007634190179173e-06,3
197,00:36:00,1.66583024709909e-11,7.417946975184096e-12,6.753873819531857e-13,1.2488836516219563e-13,5.601884568997044e-13,1.191077819786145e-10,3.003619491519313e-06,2
198,00:36:30,7.789943070842115e-11,3.213179903203479e-12,7.241575994368434e-13,1.278721999817311e-13,5.851106258292134e-13,1.5453857031566234e-10,2.988778810630363e-06,2
199,00:37:00,2.9151470750869414e-11,6.501245355417163e-12,8.451160456611953e-13,1.5079032483125328e-13,7.879402711755943e-13,1.4864897512020072e-10,2.9881767048145245e-06,2
200,00:37:30,4.096091237652262e-11,6.628250311421173e-12,1.1244686767952945e-12,2.233576186942494e-13,1.0058382135289439e-12,2.0155267378636504e-10,2.9514027771183513e-06,2
201,00:38:00,2.963618964887013e-11,8.557799321995755e-12,1.110207456812307e-12,2.793446107947738e-13,1.8159427390421504e-12,1.3192071360241303e-10,2.9721989615250165e-06,2
202,00:38:30,1.67604033933219e-11,4.046412511921019e-12,1.0256504265745347e-12,2.0520203666617505e-13,1.275527271839419e-12,1.227690369631236e-10,3.0197935653241474e-06,2
203,00:39:00,5.100010066013587e-11,1.0251311323119437e-11,1.1084887078666002e-12,2.3598475951659974e-13,1.3845726159662298e-12,1.3597621058557287e-10,2.97359028331281e-06,2
204,00:39:30,1.9666646936561724e-11,8.006425468891194e-12,1.166524342106155e-12,1.3404125288852449e-13,6.339637943723485e-13,1.3953584345728292e-10,2.9682574842802645e-06,2
205,00:40:00,9.919009912043408e-11,1.2132378378111469e-11,1.736168364281098e-12,1.559046921395057e-13,5.956155181175109e-13,6.941523401609576e-10,3.0023864868513928e-06,3
206,00:40:30,5.425072694447522e-11,5.931258859510114e-12,7.23779271735757e-13,1.125894898698667e-13,4.617307281472553e-13,3.5589114221992297e-10,2.929609199528745e-06,2
207,00:41:00,2.664323530934585e-11,9.543484411760495e-12,1.0939939682680667e-12,2.0022066896071834e-13,1.077029958612897e-12,1.3632326449792375e-10,2.9492079199208422e-06,2
208,00:41:30,3.625508675816013e-11,6.895310791557357e-12,9.728189289005163e-13,1.3741167117692338e-13,6.44341271085664e-13,1.5061560289126865e-10,2.9497594874396637e-06,2
209,00:42:00,6.02964175284684e-11,8.20093254013647e-12,1.1476221615284155e-12,1.6585414351775144e-13,8.892857267530537e-13,2.595726058035417e-10,2.9035732983650004e-06,2
210,00:42:30,4.076548165098648e-11,1.0110074833875275e-11,1.2207583597604818e-12,1.7135136861210487e-13,9.667217106607463e-13,3.1623173365015175e-10,2.9074656051729846e-06,2
211,00:43:00,5.227820463765461e-11,7.684879910252302e-12,1.0527234309012454e-12,2.0358224593900948e-13,1.2615080995479967e-12,1.8576348302626682e-10,2.91184174204416e-06,2
212,00:43:30,3.8204365557774285e-11,7.876896081045653e-12,1.069789370001199e-12,1.3302949142445908e-13,7.22689122953907e-13,2.513940892130816e-10,2.9281704105145846e-06,2
213,00:44:00,4.990007948611538e-11,1.0929591160780132e-11,1.1574152956955704e-12,1.8524399972561344e-13,1.097210735380734e-12,3.990123909362229e-10,2.8972528064546084e-06,2
214,00:44:30,7.7707793730519e-11,8.06622946684364e-12,7.410435822428979e-13,1.0588027711663097e-13,4.628005345315075e-13,2.545926162382235e-10,2.877119550922462e-06,3
215,00:45:00,9.331786673978234e-11,1.0902786673937803e-11,6.773703096988005e-13,1.1152988881693477e-13,4.97041712237304e-13,8.391389284817111e-10,2.9252736548483714e-06,3
216,00:45:30,4.816737658425197e-11,1.1625413337278127e-11,9.55316926292966e-13,1.2135513060602322e-13,6.29313256850114e-13,2.9898455252737373e-10,2.912135163829789e-06,3
217,00:46:00,5.4318149430408217e-11,9.60147679542562e-12,1.0037885269314193e-12,1.8642254203947875e-13,1.1752113410832713e-12,7.325671132964918e-10,2.9620685190623753e-06,2
218,00:46:30,1.060930934686577e-10,8.525173380748236e-12,1.7959422656620045e-12,1.1324740892248474e-13,5.164895627395773e-13,5.915020361834797e-10,2.9850831152410015e-06,3
219,00:47:00,8.337860517679209e-11,1.2594085249277469e-11,6.851701120325065e-13,2.02642130541108e-13,1.386535759080871e-12,6.565355889923418e-10,2.916934100489856e-06,3
220,00:47:30,1.5923920756991237e-10,8.364405828466031e-12,8.12335746120463e-13,1.0715874989595582e-13,5.151811957787389e-13,5.765805424310536e-10,2.946560242417951e-06,3
221,00:48:00,6.757862896395626e-11,9.513141488642875e-12,1.3199286900146083e-12,3.032740379985619e-13,2.3258905123289006e-12,5.03456576249973e-10,2.9431174150960446e-06,3
222,00:48:30,1.2054754905120684e-10,1.16553888017573e-11,1.584403130177577e-12,2.1040737514390265e-13,1.300572007854767e-12,6.244716537923632e-10,2.979055942809191e-06,3
223,00:49:00,1.1945315967874962e-10,6.4270607479506e-12,1.118378514168239e-12,1.2979362527048747e-13,7.942650122284987e-13,1.4459369989195612e-09,2.9515130537525124e-06,3
224,00:49:30,1.7313031577814347e-10,7.59506950593397e-12,1.1722056454621567e-12,1.2938894149710942e-13,7.29004200095625e-13,7.044364384084563e-10,2.966699022863592e-06,3
225,00:50:00,1.3592002107937704e-10,8.281170331479941e-12,1.3407520585899973e-12,1.1498857495098458e-13,6.444818316327181e-13,7.293491448936119e-10,3.01552126270925e-06,3
226,00:50:30,1.6301244505382547e-10,6.828954295988021e-12,9.723208553607985e-13,1.267564585367778e-13,7.104942454747783e-13,7.394978001621833e-10,2.9575833976524056e-06,3
227,00:51:00,1.3588673154858783e-10,4.26416522017422e-12,8.646612082455207e-13,9.699679170631707e-14,5.042497003537132e-13,4.866703716627053e-10,2.9235210279868207e-06,3
228,00:51:30,3.050667259498685e-10,8.227885230922245e-12,1.1897705607573031e-12,1.1884098670366816e-13,7.457690467672295e-13,7.533156821337112e-10,2.9451982651181604e-06,3
229,00:52:00,1.333950040853941e-10,4.49832917953256e-12,9.627961438898988e-13,8.561485181376503e-14,4.747380470085131e-13,7.156007842325001e-10,2.9028131169487617e-06,3
230,00:52:30,2.20263729282309e-10,6.631379731856848e-12,9.186238948066576e-13,1.0313060194877182e-13,4.900069566483162e-13,9.572244047853607e-10,2.9312803432547576e-06,3
231,00:53:00,1.3773514776021505e-10,6.822642763666544e-12,1.0275853429230704e-12,8.916097929370692e-14,4.4839067275248793e-13,9.68122447970243e-10,2.9427188112159455e-06,3
232,00:53:30,1.9803813978623974e-10,5.780950426171556e-12,1.1035039567852391e-12,8.571225349705082e-14,3.7636373347128207e-13,9.36935798543259e-10,2.8828630046528625e-06,3
233,00:54:00,1.6052232225507522e-10,5.5212446813952535e-12,1.2809150059459282e-12,1.0985302040016408e-13,6.263582465728999e-13,6.144223573630795e-10,2.962880055826668e-06,3
234,00:54:30,2.2370072450346275e-10,5.290641523938206e-12,1.2787273760732291e-12,9.518266461684147e-14,4.996741332522438e-13,7.387956776085314e-10,2.9342643738382186e-06,3
235,00:55:00,1.756975246151783e-10,7.90194750596714e-12,9.27045054910692e-13,9.169112790647742e-14,4.993035882783062e-13,7.667715187437181e-10,2.9431755605786776e-06,3
236,00:55:30,1.9255144459671652e-10,7.1332257901215715e-12,1.2062833206302709e-12,1.349089580023558e-13,8.27608345278198e-13,8.847935972921769e-10,2.917762689702681e-06,3
237,00:56:00,1.9093573978148808e-10,5.193036364569115e-12,1.1946485336948338e-12,7.399654708466875e-14,3.145479120187653e-13,8.606526356868333e-10,2.8913254883875174e-06,3
238,00:56:30,2.1188915184852424e-10,8.217036294233543e-12,1.3888130596424385e-12,9.74610031876e-14,5.051680158172485e-13,9.571369200795307e-10,2.9381746852303536e-06,3
239,00:57:00,2.2783444097404455e-10,7.82832230696605e-12,1.6898030038226024e-12,1.4241925319060153e-13,7.352866081782717e-13,1.1583777337840013e-09,2.953148590219628e-06,3
240,00:57:30,1.1773889534461594e-10,8.482510286096357e-12,1.7341327831908844e-12,2.2049200688142714e-12,2.0603094069718165e-12,9.51010736389284e-10,3.082545847126828e-06,3
241,00:58:00,1.1915862933808752e-10,7.486477430099794e-12,1.0066848263471378e-12,3.1555226818358893e-13,3.9843115234248654e-13,1.5786949498973016e-09,3.0926850132173108e-06,3
242,00:58:30,1.185011150892453e-10,1.0689324371988511e-11,9.208730540231682e-13,7.435520146129608e-13,8.156475227491213e-13,1.0096457770671475e-09,3.032229243359594e-06,3
243,00:59:00,1.2663153351451495e-10,1.0739570944795642e-11,1.0874747208985052e-12,3.049127539743507e-13,1.0440189614744556e-12,3.8953199760678183e-10,2.9901128530626088e-06,3
244,00:59:30,8.23332956868086e-11,9.355536478412543e-12,1.2282585173851314e-12,3.6196506951784495e-13,1.9079380923023075e-12,6.653179254256807e-10,3.049118913253129e-06,3
245,01:00:00,6.659190355320215e-11,1.0765550462141692e-11,1.0005889532939973e-12,2.0097905309536895e-13,5.959262992225147e-13,4.6530614648676576e-10,3.0590893486872025e-06,3
246,01:00:30,6.960047392488428e-11,1.0950106952616119e-11,9.500871138073341e-13,2.0742707232692847e-13,4.850286414976437e-13,3.1937478252703563e-10,3.0369725054858183e-06,3
247,01:01:00,5.626804769162323e-11,9.71886643115077e-12,8.419988458630853e-13,2.483520293528522e-13,1.36347129945345e-12,2.8647045261349755e-10,3.14109747429421e-06,2
248,01:01:30,8.133306280748645e-11,6.504253689906256e-12,1.1285214507409163e-12,3.327640365459547e-13,2.215155220039517e-12,4.431504271814107e-10,3.0494390206779394e-06,2
249,01:02:00,1.0842556968013366e-10,9.809783903400261e-12,1.159298261260585e-12,1.75603995230355e-13,9.451013242070945e-13,7.287246346962412e-10,2.9853848340604588e-06,3
250,01:02:30,4.7425070079246477e-11,5.947093412310999e-12,6.975769836871166e-13,1.3895849586037113e-13,7.37757404243374e-13,3.8448287445606406e-10,3.026206271415521e-06,2
251,01:03:00,1.3337132636172037e-10,5.749238068896074e-12,1.2352677631208677e-12,1.4014454651694285e-13,7.918474683996661e-13,7.395040498979973e-10,3.0051741248232082e-06,3
252,01:03:30,8.13080549318712e-11,5.576385937609387e-12,8.86160205374823e-13,1.529826574125436e-13,7.449428980222484e-13,6.427659567181654e-10,3.0991434501310897e-06,3
253,01:04:00,1.3769548755619406e-10,7.847459547945199e-12,1.3371656237070767e-12,1.8433660167539383e-13,1.035873443778084e-12,9.444859096760487e-10,2.9739642896716312e-06,3
254,01:04:30,1.894696046240698e-10,5.895625268265779e-12,1.1296679628579634e-12,8.332435969054156e-14,3.393381673878568e-13,9.122281539091929e-10,2.9812501342351396e-06,3
255,01:05:00,2.1801764059607087e-10,1.3083397807820956e-11,2.0862763286890015e-12,1.549451564768065e-13,7.961454132137311e-13,1.262206501386454e-09,2.9846191792219828e-06,3
256,01:05:30,1.5988041885418267e-10,4.354190404297454e-12,6.966447788795591e-13,7.951133496680135e-14,2.918719265235672e-13,7.321518122975615e-10,2.9547675153640375e-06,3
257,01:06:00,1.350335977116313e-10,1.015997497694096e-11,9.78150279189079e-13,1.220851469274737e-13,6.73703353021153e-13,9.096368607575445e-10,2.999774598521602e-06,3
258,01:06:30,1.5775912384393104e-10,6.0404314565225505e-12,1.0675465165374846e-12,1.3358023234282545e-13,7.311870995605684e-13,7.7375556294788e-10,2.99343201322197e-06,3
259,01:07:00,2.0029527539138895e-10,6.176808750306581e-12,9.880748318828616e-13,1.139261510084414e-13,5.84625142249074e-13,1.18308968453969e-09,2.9909822406110163e-06,3
260,01:07:30,2.1797670404511132e-10,6.394313913078033e-12,1.0004810382951746e-12,1.125205738936288e-13,6.480413036536189e-13,1.084471067791804e-09,2.9261179182064874e-06,3
261,01:08:00,2.232156313750235e-10,7.428283438119103e-12,9.090996894380957e-13,1.3120604099910822e-13,7.086158078717287e-13,1.1089340797609113e-09,2.994915465076678e-06,3
262,01:08:30,2.349907716884602e-10,5.476738801952821e-12,7.664805337040024e-13,1.298243252943366e-13,7.858070769947632e-13,6.491669158424902e-10,3.012662098507829e-06,3
263,01:09:00,1.9172977060364935e-10,5.469937005062194e-12,1.2448236775545317e-12,1.1589885824757326e-13,6.314652240584099e-13,1.0436493174905318e-09,3.0226606519929437e-06,3
264,01:09:30,2.6945971870744805e-10,5.706301480771059e-12,9.398276970539695e-13,9.669584491538979e-14,3.6770043138399284e-13,1.8276776802188375e-09,3.0072028067281913e-06,3
265,01:10:00,1.1355258739210247e-10,5.516042845904624e-12,5.74733068032613e-13,9.020123675911929e-14,3.319265624293794e-13,8.749611673288712e-10,2.994892717397117e-06,3
266,01:10:30,1.303969683727224e-10,5.955298431177648e-12,1.0205260360192742e-12,1.4186821546749044e-13,7.653446509874603e-13,9.089003320221143e-10,2.7672724060519534e-06,3
267,01:11:00,1.2538654099964843e-10,5.162573618633489e-12,7.70084261748855e-13,2.1922701617229174e-13,1.5421313016639428e-12,5.459482737954332e-10,2.8641407728155554e-06,3
268,01:11:30,1.6649867911189346e-10,6.392803725571262e-12,6.985371490890142e-13,1.4781109381599467e-13,9.521370184351165e-13,8.357053132306211e-10,2.8308885758184113e-06,3
269,01:12:00,1.525706756413872e-10,4.14512352502194e-12,9.29256514273386e-13,1.2214604931726114e-13,7.573924196903336e-13,8.403417158206851e-10,2.7472450354710923e-06,3
270,01:12:30,1.7788161131080204e-10,4.9574495866822744e-12,8.849924740920716e-13,7.373987976601394e-14,3.4060531575056355e-13,1.2621464491849905e-09,2.765542700195372e-06,3
271,01:13:00,2.37291267981136e-10,6.886156638981188e-12,1.1763868905104197e-12,1.4439310285254572e-13,3.972947600305363e-13,1.8004797907984254e-09,2.8664220140783194e-06,3
272,01:13:30,1.576269295130923e-10,8.108923635777087e-12,1.1961299652697214e-12,6.869605052456573e-13,7.3671437326478e-13,2.0418311215350075e-09,3.0867045425737244e-06,3
273,01:14:00,9.643978605173721e-11,8.361063456302501e-12,7.543068197798799e-13,2.0798803760095565e-13,4.905997414852158e-13,4.591411478052001e-10,2.96154088922046e-06,3
274,01:14:30,7.117184170819238e-11,7.024285042674121e-12,7.116221386675412e-13,2.2489400333798056e-13,1.0078951273561535e-12,2.1659253375818807e-10,2.8936684568593817e-06,2
275,01:15:00,4.534917863270648e-11,1.062351055344316e-11,9.480514750868314e-13,2.639520072526688e-13,1.497883204012448e-12,2.557852828413101e-10,2.8905287623955416e-06,2
276,01:15:30,7.617011149804683e-11,5.736496849945468e-12,9.263393547582047e-13,2.4088452086155705e-13,1.3066317786153127e-12,5.173165028383023e-10,2.872268333936109e-06,2
277,01:16:00,1.284197054104113e-10,9.005627284763158e-12,7.666345060970177e-13,2.0665815851063448e-13,1.2058451007651168e-12,3.41432824953216e-10,2.961040190076286e-06,3
278,01:16:30,1.0549904286717048e-10,9.235568793235378e-12,1.0494920789144093e-12,1.531947677042321e-13,6.699698429674006e-13,5.531548515447679e-10,2.9359777983918206e-06,3
279,01:17:00,8.530413095470705e-11,6.367638419891701e-12,9.900137272504598e-13,1.3160470404062755e-13,6.977057635553487e-13,5.102191998091481e-10,2.9240818915466045e-06,3
280,01:17:30,1.4431379644829928e-10,1.0147022246703729e-11,1.2875962404513763e-12,1.2823972934201779e-13,6.012569405159641e-13,8.135860495067874e-10,2.8229908639206354e-06,3
281,01:18:00,1.1332656810381208e-10,8.854208997649465e-12,8.054224110723153e-13,2.3681809312343326e-13,1.7012295911652304e-12,7.958327086437417e-10,2.8337938447124826e-06,3
282,01:18:30,1.3339154766488306e-10,6.7548540353250404e-12,1.2642304278246097e-12,1.1137912323499793e-13,6.241968618609971e-13,8.121613988902017e-10,2.8163468027389615e-06,3
283,01:19:00,2.418289133820067e-10,4.530600722246437e-12,6.562222780276932e-13,8.373609702131594e-14,4.362177946772428e-13,6.267922204731581e-10,2.811553168823735e-06,3
284,01:19:30,1.9918214943256647e-10,6.05942702491114e-12,9.973329743588408e-13,9.933761938373158e-14,5.485928843318378e-13,9.495183787708388e-10,2.8799356379088318e-06,3
285,01:20:00,1.6836942768406027e-10,7.899044947327807e-12,1.501263002850284e-12,1.4734134821234845e-13,9.752461674615684e-13,7.204124916010121e-10,2.8727536333733896e-06,3
286,01:20:30,1.3663950942893303e-10,4.674646247789417e-12,1.1197053001898095e-12,1.099815631297441e-13,5.666744525625801e-13,7.599837052296979e-10,2.885430516477953e-06,3
287,01:21:00,2.419588709490607e-10,5.3185786893970755e-12,1.3082344625410023e-12,9.6468033892389e-14,5.04608454073612e-13,8.493514640509675e-10,2.7935293884725155e-06,3
288,01:21:30,1.826117319699804e-10,5.254174432522803e-12,5.583924620656388e-13,6.939950664673825e-14,3.319994347093539e-13,1.0194563072831247e-09,2.8753642057972644e-06,3
289,01:22:00,2.1398532031054176e-10,9.915172205516359e-12,9.618704672414935e-13,9.839145689834773e-14,5.081991326310234e-13,7.420363701404158e-10,2.4509818244839354e-06,3
290,01:22:30,1.9372135065264795e-10,6.1065172308151255e-12,1.008038757929981e-12,8.495336483603327e-14,3.7870417783934115e-13,8.300859259676635e-10,2.4922913634822027e-06,3
291,01:23:00,2.2370535584885392e-10,5.721774988521104e-12,1.0410519572877714e-12,9.506832829087136e-14,4.954866249501948e-13,9.330018391256104e-10,2.404013131374713e-06,3
292,01:23:30,1.837046370193661e-10,5.1745939024705986e-12,9.92221900562238e-13,9.380825621906179e-14,4.55213209243323e-13,8.260453156349792e-10,2.4596459331742366e-06,3
293,01:24:00,2.3649325206883566e-10,7.219060647897578e-12,8.190456435482036e-13,8.633194486370776e-14,4.673611958875356e-13,8.994821632671845e-10,2.4365832559020325e-06,3
294,01:24:30,2.331495848781911e-10,4.895273325718603e-12,7.54344003402751e-13,5.943026899796213e-14,2.485551066991079e-13,8.129041758537481e-10,2.423334457804016e-06,3
295,01:25:00,2.002350756842494e-10,4.705910428031823e-12,8.307041406574005e-13,9.847460829486654e-14,5.407405800096614e-13,6.556411233607084e-10,2.4071291013279405e-06,3
296,01:25:30,2.0777195996082293e-10,4.308361614494639e-12,8.951390360994468e-13,6.764670824889027e-14,3.1666531109245654e-13,6.928712766127097e-10,2.3991530482151982e-06,3
297,01:26:00,1.6890008884547664e-10,5.219038507439922e-12,1.2680861683203664e-12,9.924122021743383e-14,6.146418819834087e-13,7.826544972631325e-10,2.4988169436879054e-06,3
298,01:26:30,1.9035981969252583e-10,6.684611399795004e-12,1.6713568845773462e-12,9.380946933754522e-14,4.555433885482424e-13,6.464956378214998e-10,2.4242820246143147e-06,3
299,01:27:00,1.8715055075340974e-10,6.335515388027318e-12,1.1415841662432583e-12,8.074850154124269e-14,4.2860672151614266e-13,1.2098816783630447e-09,2.4698682577976867e-06,3
300,01:27:30,2.5753768401883413e-10,4.2905281842532e-12,1.013496028722628e-12,7.871009402680646e-14,3.843408793126789e-13,1.0491336568187654e-09,2.4236781298478283e-06,3
301,01:28:00,1.859846770188763e-10,3.5903998835001864e-12,1.1658956471870136e-12,7.505777748983842e-14,3.9474568796413127e-13,9.048129271944612e-10,2.4103475341050934e-06,3
302,01:28:30,2.32049595555266e-10,7.171751408426991e-12,1.8886087567133074e-12,8.131746357821939e-14,3.7380902674958407e-13,7.861487060339764e-10,2.40130029160232e-06,3
303,01:29:00,2.2700359318485035e-10,3.869545392582656e-12,1.3494621945545754e-12,6.655704857957653e-14,3.088482271823427e-13,9.417424000524768e-10,2.4509731554109944e-06,3
304,01:29:30,2.0648514430940163e-10,4.566680037516772e-12,1.3282380037564096e-12,1.0455251982312502e-13,6.127438070328112e-13,8.219003124797725e-10,2.4014689627017673e-06,3
305,01:30:00,1.4623446791913282e-10,6.596935915509518e-12,1.5860209113272147e-12,1.0302603257553393e-13,5.852990466175893e-13,1.40191679420935e-09,2.345261272419808e-06,3
306,01:30:30,1.8772509921973609e-10,6.523138975983585e-12,1.1113959752647705e-12,8.055092619282389e-14,4.1692504917215436e-13,6.492557892749421e-10,2.3668300006940346e-06,3
307,01:31:00,2.495315131783159e-10,5.206465673460085e-12,1.4800634120496686e-12,7.625908307059423e-14,3.654769890253282e-13,8.380432637478436e-10,2.4392168452663142e-06,3
308,01:31:30,2.7258325693876704e-10,6.8676437199280505e-12,2.2960169921165972e-12,9.356574565655048e-14,4.319673285470082e-13,1.1779801660629305e-09,2.395627624359994e-06,3
309,01:32:00,2.2207326381485696e-10,5.887111969055025e-12,1.2210140916664716e-12,6.763864420947552e-14,2.9191436511226425e-13,8.044694225072312e-10,2.37779999625776e-06,3
310,01:32:30,2.026185468158752e-10,6.9621923341831556e-12,1.6917674408417054e-12,1.3336994876852422e-13,7.562295144957038e-13,1.0736425133510681e-09,2.457887360164334e-06,3
311,01:33:00,2.0774401467176211e-10,4.4588148831353715e-12,1.0507364635390742e-12,7.473234813857403e-14,3.6765037835564816e-13,1.033476599339659e-09,2.4726992832678e-06,3
312,01:33:30,1.89339858161554e-10,4.487881891036455e-12,1.3329056309358369e-12,8.613189778195952e-14,4.277080813422689e-13,1.2761138138161929e-09,2.46331375279286e-06,3
313,01:34:00,1.6924990972955847e-10,6.2573176009520005e-12,2.017733128743024e-12,8.476960030181133e-14,3.7105704173895843e-13,1.10839410318418e-09,2.410646217432072e-06,3
314,01:34:30,1.5263095459905468e-10,6.7365269776608155e-12,2.32641354695476e-12,1.1766433600683863e-13,6.264137329994065e-13,1.084518225066246e-09,2.347429733278923e-06,3
315,01:35:00,2.2492238834303192e-10,4.167475668494872e-12,1.2883723461460717e-12,8.266589389356235e-14,3.9183939257666523e-13,1.0250129460055097e-09,2.4470967239293573e-06,3
316,01:35:30,2.3118712305308683e-10,3.7751010325090015e-12,9.714675405598611e-13,8.359118990449561e-14,3.738251071102815e-13,1.0679223155004381e-09,2.4016639581907397e-06,3
317,01:36:00,2.5330601640229707e-10,4.70852034025923e-12,1.018819992023224e-12,7.305176490186784e-14,3.324937509536171e-13,8.911949195797523e-10,2.3658297923249667e-06,3
318,01:36:30,2.0592098139780552e-10,5.1533873070856245e-12,1.1235547646549227e-12,1.214158402641938e-13,7.394646193039191e-13,1.0570298640646921e-09,2.4606387854792506e-06,3
319,01:37:00,2.3847137012923793e-10,7.084453248901547e-12,1.6714954806888625e-12,7.188908066606805e-14,3.2345779207104626e-13,8.958274466466497e-10,2.435270228690941e-06,3
320,01:37:30,2.8048884496964723e-10,4.7930134592396494e-12,1.0074300110536239e-12,6.177098673903434e-14,2.1108153400092763e-13,9.597818223551615e-10,2.4309504687687015e-06,3
321,01:38:00,1.7641836667388062e-10,6.1827226683549525e-12,1.8396205826082256e-12,8.111928307615053e-14,4.096971177705961e-13,7.863576593624151e-10,2.405371568454547e-06,3
322,01:38:30,2.1038798995225242e-10,4.165752096349549e-12,1.06627956208198e-12,9.181511165548877e-14,4.961409483402983e-13,5.179773057584328e-10,2.4102672589031057e-06,3
323,01:39:00,1.7450528232031393e-10,3.82636031820792e-12,7.435638061445951e-13,6.539208670405055e-14,2.6838350370161367e-13,7.317796870724663e-10,2.348906455697236e-06,3
324,01:39:30,2.533767625741102e-10,4.072287147349285e-12,1.2668448376639064e-12,6.74955347125291e-14,2.6008606071186054e-13,6.688340418661192e-10,2.3683543029057278e-06,3
325,01:40:00,2.0075625735817897e-10,5.192067917777227e-12,8.886527596138239e-13,1.0189670609885289e-13,4.71121180533908e-13,1.0954351523838055e-09,2.360961208420588e-06,3
326,01:40:30,2.3280318138247199e-10,5.172571937012072e-12,1.1610087833786516e-12,7.448187614035417e-14,3.6208816467066306e-13,9.482980911189383e-10,2.3619459253938973e-06,3
327,01:41:00,1.31658228680552e-10,3.8828084329478845e-12,1.318340728728398e-12,1.225565406286659e-13,7.384520076571727e-13,1.2085218675185317e-09,2.342435495318442e-06,3
328,01:41:30,2.535997281181973e-10,4.9827901210313596e-12,1.1781558649086758e-12,7.71350014347578e-14,3.6774399794200866e-13,6.373398306388353e-10,2.3958165136475923e-06,3
329,01:42:00,1.7969447886667643e-10,5.208025710769733e-12,1.2469856431724464e-12,9.140513273249214e-14,5.126414102914137e-13,1.1721429089200735e-09,2.4081284372165054e-06,3
330,01:42:30,2.715090321354952e-10,4.3875920460344185e-12,9.616663687897548e-13,6.968874911124515e-14,2.770360607111517e-13,1.0162286657935033e-09,2.2622725560440045e-06,3
331,01:43:00,1.5290392065942781e-10,6.347076015869306e-12,1.0887237535813366e-12,8.618049492275745e-14,4.688542732820477e-13,1.1212045797279105e-09,2.2198896758365234e-06,3
332,01:43:30,1.8151453144654925e-10,4.113247160867891e-12,1.486030333528824e-12,1.1140442478057242e-13,6.172552366067314e-13,7.447193890966275e-10,2.2095948992715823e-06,3
333,01:44:00,2.4203843952235143e-10,5.859736645347623e-12,1.394974464614326e-12,6.611095697375587e-13,9.39275157842884e-13,1.842482877382171e-09,2.662653688920366e-06,3
334,01:44:30,2.0584295338017997e-10,7.775706637611096e-12,1.404856912754319e-12,1.1234836228389618e-12,1.1649459894291971e-12,1.8259020392283355e-09,3.0803571433440053e-06,3
335,01:45:00,1.9075738914425237e-10,8.359643955276912e-12,8.950202402625088e-13,2.829369275626235e-13,8.493170150004304e-13,9.246796112051114e-10,2.9553793210108153e-06,3
336,01:45:30,1.600229113987914e-10,1.439174976877635e-11,8.431086127961184e-13,1.821286619328588e-13,5.9549020882036e-13,1.1901385341130051e-09,2.85277718360042e-06,3
337,01:46:00,1.097753434724135e-10,1.618692519945404e-11,6.879293940036596e-13,9.93173021616809e-14,3.166030155458524e-13,5.661332420781195e-10,2.7885940294237394e-06,3
338,01:46:30,2.0894048310433188e-10,1.3569633419095236e-11,8.76686816223463e-13,2.218817400289313e-13,4.971246906493935e-13,1.0827499477534254e-09,2.934004066688992e-06,3
339,01:47:00,1.0765076473214774e-10,1.172901788418046e-11,6.299913819552043e-13,1.0030667787045779e-13,2.8453128796650804e-13,3.7304475959984646e-10,2.6708286104524674e-06,3
340,01:47:30,8.28556706112705e-11,1.3757595786802619e-11,7.422744669120229e-13,1.3674271920323708e-13,7.413333876802597e-13,3.247275747397207e-10,2.5851773127845995e-06,3
341,01:48:00,1.1864048020822815e-10,1.1159620511936946e-11,6.174419734589185e-13,1.6689941741527627e-13,6.797360275415606e-13,5.783187814719103e-10,2.7591017960734324e-06,3
342,01:48:30,1.2048372426912402e-10,1.1963500969457091e-11,7.389761708977394e-13,1.35592499247143e-13,4.551562584951169e-13,4.942129269823043e-10,2.6542969786968735e-06,3
343,01:49:00,1.1039936854552009e-10,1.5225891294030294e-11,6.414131885269322e-13,1.7635302918405526e-13,3.192934644856085e-13,5.841702102875928e-10,2.954794108447858e-06,3
344,01:49:30,6.186170212861985e-11,1.3748666097825022e-11,6.981020130459672e-13,1.4111420726483492e-13,6.256203796838754e-13,2.730180475233984e-10,2.7921540361208596e-06,3
345,01:50:00,5.682216982544382e-11,1.6686997232246093e-11,5.354492008318603e-13,1.1890070853028593e-13,3.307894056149664e-13,4.692473750083323e-10,2.678997991038017e-06,3
346,01:50:30,1.8447231837518668e-10,1.7433067024818554e-11,5.594414690866707e-13,1.1524303754249088e-13,3.173816716806072e-13,3.550925876793602e-10,2.2890358687012388e-06,3
347,01:51:00,2.6773067431056404e-11,1.496325866561085e-11,6.523084195571241e-13,8.018578228039788e-14,2.4472169741917636e-13,1.3708707770922138e-10,1.8598521365507906e-06,2
348,01:51:30,9.535689509878319e-11,1.6669051050077657e-11,6.247569643706693e-13,1.0315051616669406e-13,2.5342301586868574e-13,2.782491145855686e-10,2.233179004694357e-06,3
349,01:52:00,3.004133312567445e-11,1.3804076577954103e-11,5.90400125894091e-13,1.1471365044977303e-13,2.464410467305993e-13,2.6505473081731944e-10,2.228733691346016e-06,2
350,01:52:30,4.655477663219426e-11,1.9861289699332883e-11,7.767729334958897e-13,3.826217648076315e-13,4.747683963069e-13,4.36275363202954e-10,2.061504144093973e-06,2
351,01:53:00,2.897895652696369e-11,9.463281184167625e-12,5.340178352577166e-13,9.632422267680928e-14,3.5800133248263376e-13,1.2389082839810756e-10,2.0236327081060846e-06,2
352,01:53:30,8.310368735754951e-11,1.517223278462277e-11,3.767993090454881e-13,9.394986903635053e-14,2.2479975339482953e-13,3.9080142060506055e-10,2.4253381875065808e-06,2
353,01:54:00,4.667595633396193e-11,2.3168307290331698e-11,7.624338699724177e-13,1.7812936246439875e-13,4.360191045670509e-13,3.067234374694951e-10,2.393120825214015e-06,2
354,01:54:30,4.2865552443531454e-11,1.4380677806330877e-11,6.518526260796828e-13,2.1776287826811186e-13,3.8893743501761946e-13,3.923052262267756e-10,2.0883142236454713e-06,2
355,01:55:00,5.895096328314595e-11,2.1439320215501508e-11,7.202309454699002e-13,1.2379079770753588e-13,3.362396739496252e-13,4.2303520485609416e-10,2.514384111720215e-06,2
356,01:55:30,3.266529494683817e-11,1.3596890825561784e-11,8.814569589356763e-13,8.024574731964533e-14,2.286663166936959e-13,2.9276681904941377e-10,2.158487514995824e-06,2
357,01:56:00,3.232303930679809e-11,1.8276786832614465e-11,5.817456908626288e-13,1.264403886127694e-13,3.6286190268541517e-13,4.0031491647863245e-10,2.2289254770042533e-06,2
358,01:56:30,7.508674934510364e-12,3.784313356931207e-12,3.9132736193624673e-13,4.946555052557433e-14,1.0597299779680884e-13,2.3514020344157897e-10,1.7152868328555217e-06,2
359,01:57:00,2.99793174056472e-11,1.6407809858685062e-11,5.154269884270262e-13,1.6944516184653192e-13,3.2098310923104037e-13,3.0907836586869323e-10,2.31581834605057e-06,2
360,01:57:30,2.454709744691082e-11,3.988948990629254e-12,3.4837557555210645e-13,6.328153758792375e-14,1.4466921951712137e-13,1.9410154467809523e-10,2.1292875875820726e-06,2
361,01:58:00,1.6069656968646835e-11,1.239857538039894e-11,5.990026814564104e-13,2.588011461695919e-13,2.8757466401071056e-13,4.0388348884622097e-10,2.221215288938726e-06,2
362,01:58:30,9.98534154149972e-12,1.82169566026533e-12,2.5340383392001396e-13,5.497901322733802e-14,1.1747467991423463e-13,1.8913008443264983e-10,7.177558155781837e-07,2
363,01:59:00,6.697964264606573e-12,2.5879240763221017e-12,3.185938702577901e-13,5.173292949792558e-14,1.1135075475316036e-13,3.534709964389164e-10,5.644527813270498e-07,5
364,01:59:30,1.1786050746919302e-11,5.3546725876781105e-12,4.924602107129657e-13,6.935038278268131e-14,1.8717619913658368e-13,1.982785018955821e-10,6.182246919581826e-07,5
365,02:00:00,1.421694192305265e-11,6.756834414424911e-12,5.090183746972878e-13,1.1073842421386819e-13,5.003123762966984e-13,1.4339682364619197e-10,6.001864075150797e-07,5
366,02:00:30,1.9069449788751766e-11,7.525649207654278e-12,4.772507547272617e-13,8.316166090539766e-14,3.123045372003644e-13,1.0269648146773256e-10,8.347923963585357e-07,5
367,02:01:00,1.1655914482157288e-11,2.6484962809831878e-12,4.146878265325202e-13,6.136132940924555e-14,1.0501359867417737e-13,1.3919833231176912e-10,5.665663740059871e-07,5
368,02:01:30,1.1643837573349008e-11,9.483256005978853e-12,6.24631717361409e-13,7.051430103804052e-14,1.8629502552838815e-13,8.79783841361317e-11,7.220225380776317e-07,5
369,02:02:00,2.864445119431676e-11,5.740678088955832e-12,5.354844794800811e-13,1.0668827728412322e-13,2.0809557239162714e-13,2.0245797252733083e-10,1.8077634570762024e-06,5
370,02:02:30,1.8887491290434117e-11,1.5867239119329885e-11,5.248084616977887e-13,1.2249545104047826e-13,4.624832124256965e-13,1.577845161048483e-10,1.979200095038443e-06,5
371,02:03:00,8.69834941022502e-12,2.7313032654669173e-12,3.7806500911830716e-13,5.829801035650487e-14,1.3626626951481017e-13,1.9576675169338108e-10,1.735269304713958e-06,5
372,02:03:30,1.3113099166211352e-11,2.4236130556337827e-12,3.946966330019349e-13,6.286002475274527e-14,1.4478593519979617e-13,2.0311977132289445e-10,1.7993127610397507e-06,5
373,02:04:00,1.0145258762007913e-11,3.0227334012386177e-12,4.193073300821846e-13,6.966389945823312e-14,1.9689926070084602e-13,3.8759891709583327e-10,1.944445813238336e-06,5
374,02:04:30,4.3975181332143954e-11,1.761010388815364e-11,5.922002397690651e-13,1.1602065234548233e-13,3.954474703977765e-13,1.861101948008963e-10,1.7915003261578383e-06,5
375,02:05:00,1.2411871925217165e-11,3.881921958517594e-12,5.520141261080056e-13,5.874022782456273e-14,1.5243608670695464e-13,9.744345950391176e-11,1.7423138222178609e-06,5
376,02:05:30,1.1329798082116623e-11,3.839553702080044e-12,3.4596329237689225e-13,5.858753957359991e-14,1.5483747771077614e-13,1.1976971334192276e-10,1.793831583503561e-06,5
377,02:06:00,2.731052661216051e-11,1.208901960280942e-11,5.877528827680741e-13,1.1705874189879825e-13,2.305652409563623e-13,1.5448086713458865e-10,1.6810096754783571e-06,5
378,02:06:30,4.0042167869555513e-11,1.272597547079306e-11,6.332990916769133e-13,2.0875935614968892e-13,3.550099437131041e-13,4.1190362752520174e-10,2.291870110322969e-06,5
379,02:07:00,1.7096106812143783e-11,1.6460647003046273e-11,4.3140540227430154e-13,1.3416179758689076e-13,6.452693069953602e-13,1.1250534995415796e-10,1.7821844409037115e-06,5
380,02:07:30,1.7258046589723377e-11,6.431840625200434e-12,5.423296757859756e-13,6.915534235193636e-14,1.6523464999048614e-13,1.0452855434862886e-10,1.730369411442742e-06,5
381,02:08:00,2.3107068294370017e-11,1.1808814607287818e-11,6.853616206534944e-13,1.4185321428947927e-13,6.626279302061007e-13,1.58173196289015e-10,1.5641703503964618e-06,2
382,02:08:30,4.0383256289897394e-11,9.653947375485276e-12,8.458660702826237e-13,1.4121489623481053e-13,5.956322095868382e-13,1.2550852988820138e-10,1.627534450159712e-06,2
383,02:09:00,2.2349858176473947e-11,1.2757346814803547e-11,1.010592362277307e-12,1.920994700939785e-13,1.2068936848175519e-12,8.135985560234754e-11,1.6623380841430902e-06,2
384,02:09:30,3.464603976239846e-11,1.0662987752237533e-11,8.768930684291998e-13,2.176154881234473e-13,1.3051581295622826e-12,1.5319104868748325e-10,1.6894926484414735e-06,2
385,02:10:00,1.9332473300489338e-11,7.478999034900101e-12,4.854473703815215e-13,1.0257805400238753e-13,4.2907208119228274e-13,1.0501184601588321e-10,1.6614578708598873e-06,2
386,02:10:30,2.3072407107513286e-11,1.6027977506797176e-11,1.3132021743399835e-12,7.707657045103189e-13,1.23793551668328e-12,6.849637257784304e-10,2.58599881808344e-06,1
387,02:11:00,3.229985663755574e-11,6.7284773103128465e-12,5.814938146751883e-13,1.5172336819497242e-13,6.472822127132617e-13,1.551042853202399e-10,2.1665481103400496e-06,2
388,02:11:30,3.853782617960925e-11,4.97491242485437e-12,5.176045401016864e-13,1.7387248931592134e-13,9.911765963785385e-13,1.909492435814225e-10,2.241368523578768e-06,2
389,02:12:00,8.821548639802104e-12,2.9669931860138815e-12,7.485829256896041e-13,4.5018005715358485e-13,3.563001372876467e-12,7.394796339403132e-11,2.2625941184163593e-06,2
390,02:12:30,3.245864180861433e-11,3.3728022988079197e-12,7.142968146064836e-13,1.860735897423655e-13,1.0991117063022203e-12,1.0540021062522024e-10,2.2418633213126436e-06,2
391,02:13:00,1.5492006142140575e-11,6.827372770802872e-12,8.580417669549326e-13,1.2871590834721877e-13,4.608394866616995e-13,1.4381695396525054e-10,2.3068839662216833e-06,2
392,02:13:30,2.0162430932973932e-11,2.9044404446690273e-12,8.126717888239813e-13,1.1295865614676676e-13,5.670501423337026e-13,1.1195921426794937e-10,2.2496384177528915e-06,2
393,02:14:00,1.5133313743715575e-11,4.846080279206819e-12,1.36171056694976e-12,2.861714514197901e-13,2.0259079458515974e-12,7.734478739527216e-11,2.4896632476835054e-06,2
394,02:14:30,6.209244562402666e-11,4.8061003807791605e-12,7.089821842881376e-13,9.857565274779846e-14,3.6396728347072474e-13,2.0730184015633967e-10,2.3505504224132715e-06,2
395,02:15:00,1.3545238424697114e-11,3.8586493380771454e-12,7.027332298516426e-13,1.8502441501488748e-13,1.1449290228897454e-12,6.597984272455769e-11,2.3175816986671527e-06,2
396,02:15:30,2.0943354346648158e-11,2.6547340219782816e-12,6.172908032761334e-13,1.4680646152329257e-13,7.550480748804459e-13,6.606455943452025e-11,2.477926459141943e-06,2
397,02:16:00,1.3362931398065714e-11,4.610015638649394e-12,1.1590238395819775e-12,1.9605595145678773e-13,1.315900959720264e-12,6.477444863112937e-11,2.334517264037086e-06,2
398,02:16:30,1.3484041668377968e-11,5.629289095016612e-12,9.74489347895683e-13,1.7892243507869965e-13,1.0776726649087537e-12,7.1469704036644e-11,2.401755011515813e-06,2
399,02:17:00,1.713414590629695e-11,4.032494722773531e-12,8.154988810947685e-13,2.0873767830340835e-13,1.4417796222991995e-12,1.0445348525902347e-10,2.352415283163325e-06,2
400,02:17:30,1.3136134526836698e-11,6.307204495566093e-12,5.499307811669974e-13,3.0682613269085856e-13,2.310717993221474e-12,8.586286368119579e-11,2.3112290732275612e-06,2
401,02:18:00,3.431800473100174e-11,7.062676183633161e-12,9.94827010062266e-13,1.403165291771521e-13,7.599581960507673e-13,1.5524415539296864e-10,2.479783506524654e-06,2
402,02:18:30,3.015117317279925e-11,4.68893105653798e-12,8.363908131455617e-13,8.241811684994439e-14,2.9025266119299155e-13,1.941870915812229e-10,2.2779912354957897e-06,2
403,02:19:00,1.3158604576475283e-11,3.8559944269601876e-12,9.547984544416164e-13,2.023906863783708e-13,1.3480221937998077e-12,8.780427827887453e-11,2.311282838344862e-06,2
404,02:19:30,1.8883501419101813e-11,4.412372298866575e-12,9.899246171516858e-13,1.66884868693768e-13,1.0103800028764824e-12,1.0270579958761609e-10,2.322314155834966e-06,2
405,02:20:00,2.1038298245340315e-11,7.806840185617027e-12,1.8693321382869146e-12,1.52942513418486e-13,8.680162185651446e-13,1.3637363736255364e-10,2.2538448467607315e-06,2
406,02:20:30,2.496035716597302e-11,8.667767400326741e-12,9.066288145244491e-13,3.115444529632144e-13,2.2649750169500114e-12,1.1702338369320718e-10,2.367016100757301e-06,2
407,02:21:00,4.2880002757864873e-11,5.9959948251976575e-12,1.495836809939861e-12,1.9496177418065266e-13,1.0133292611866495e-12,2.3073968714296124e-10,2.3270595231669523e-06,2
408,02:21:30,3.416836248740578e-11,1.0951544619434775e-11,1.3184067925471956e-12,1.1142836483724451e-13,4.83124089135644e-13,1.3920928313117095e-10,2.4910643042967113e-06,2
409,02:22:00,3.7517258947367426e-11,6.2156553613894e-12,9.543850374516646e-13,1.6466801271593396e-13,9.876522924728829e-13,1.4682063894463414e-10,2.3324094569090407e-06,2
410,02:22:30,1.2118730017307998e-11,6.3666547474443504e-12,7.616090391349413e-13,1.787668632316121e-13,1.176228201297147e-12,1.341656376928197e-10,2.2723216981153193e-06,2
411,02:23:00,3.3291685109088145e-11,8.730458257151729e-12,1.1528170625249548e-12,2.038398215942696e-13,1.31745825249757e-12,1.6428353245935193e-10,2.3696106995840734e-06,2
412,02:23:30,4.516182526068696e-11,5.358364741433376e-12,1.0760586093784092e-12,1.3730964797241737e-13,6.395042844784461e-13,1.5787524507453475e-10,2.4155315885365736e-06,2
413,02:24:00,3.561753526418634e-11,7.290721455810885e-12,1.0284490654272896e-12,2.517262456120319e-13,1.744498127956966e-12,1.9440359696731421e-10,2.279371224534529e-06,2
414,02:24:30,4.399847448689191e-11,6.837967561340249e-12,8.409732783335218e-13,2.4738621955336646e-13,1.717606226308545e-12,1.8924336954640688e-10,2.3209673732215343e-06,2
415,02:25:00,3.5894559940600426e-11,9.689889924532718e-12,1.0819558144246245e-12,1.802898157942049e-13,1.0688094516085317e-12,3.2821828630986386e-10,2.2797981294408417e-06,2
416,02:25:30,2.213083110713852e-11,1.1869434297525168e-11,9.656790525602062e-13,1.5991347227820305e-13,9.437611158378564e-13,1.3106794521403695e-10,2.3225423448023457e-06,2
417,02:26:00,8.146797485762123e-11,9.782743558082396e-12,1.8000729289337334e-12,1.4860268584578234e-13,5.774653250337541e-13,4.361302089514149e-10,2.7342029708378685e-06,2
418,02:26:30,4.3573629577274685e-11,7.319511187926064e-12,7.851097375110952e-13,1.9591485374485188e-13,1.159467335440085e-12,2.7815656672940734e-10,2.865050465247807e-06,2
419,02:27:00,6.190883059441039e-11,1.45777354749628e-11,1.3294255768438149e-12,1.632316606919829e-13,7.638233555744721e-13,3.3421372777581876e-10,2.756249600114287e-06,2
420,02:27:30,3.302709443431656e-11,8.310635326270738e-12,8.963966338091022e-13,1.6934529517085902e-13,1.043740379717058e-12,1.9169539913098202e-10,2.7531882341271245e-06,2
421,02:28:00,4.386306978718029e-11,1.1781288983250539e-11,1.1279249890374716e-12,2.8726674746896373e-13,1.5212218219421196e-12,2.477595312506004e-10,2.824080551970962e-06,2
422,02:28:30,3.366876290865322e-11,9.689343601171798e-12,1.3024546534889475e-12,3.786911035915278e-13,2.9048133858010586e-12,2.1409479568698572e-10,2.6834969282862286e-06,2
423,02:29:00,1.941840693630675e-11,6.914847106743432e-12,1.1699521894115158e-12,2.537992550570732e-13,1.741528460954377e-12,1.5527538337546137e-10,2.59802843561711e-06,2
424,02:29:30,2.152762503889373e-11,7.931927452533024e-12,6.339074667098347e-13,1.7187512128966915e-13,1.0738435661099352e-12,2.4693005585926765e-10,2.534548595677858e-06,2
425,02:30:00,3.3575291488649927e-11,6.775964856571432e-12,6.240620971892008e-13,1.2963951790921626e-13,6.819649595529658e-13,1.8171741414268272e-10,2.499092077352007e-06,2
426,02:30:30,2.6965939314569862e-11,5.729455150687931e-12,9.874099670748e-13,1.580854761995615e-13,9.834913362301536e-13,1.1156869258184276e-10,2.6189373583033215e-06,2
427,02:31:00,2.9424144888404516e-11,9.185028740475665e-12,1.2194674729955556e-12,2.445959209394246e-13,1.6133122200654662e-12,1.3341439569214668e-10,2.608822235628012e-06,2
428,02:31:30,5.7963785182666334e-11,9.059345659039145e-12,9.646282808487577e-13,1.9504811650979125e-13,1.3127837942949831e-12,3.0599220982650183e-10,2.6068718797750217e-06,3
429,02:32:00,3.7796945947912995e-11,8.474581927961428e-12,7.78068357086782e-13,1.957155496508587e-13,1.258692614564745e-12,4.50886172850259e-10,2.4020152887671294e-06,2
430,02:32:30,4.9419111755555476e-11,8.43485503332833e-12,1.0319190420584207e-12,1.6147594249948988e-13,9.588595527865259e-13,2.1565884879813227e-10,2.467621584020988e-06,2
431,02:33:00,9.003071418934795e-11,7.474217209266278e-12,9.022149393894241e-13,1.05453763022296e-13,4.843770077308293e-13,3.138402268880162e-10,2.332673586405549e-06,2
432,02:33:30,3.2447327300146456e-11,7.795168488911026e-12,6.955764703616699e-13,1.7516034979849964e-13,1.153815010936245e-12,5.004233655335969e-10,2.3815907516337045e-06,2
433,02:34:00,5.2366245868938363e-11,1.0240693154693341e-11,9.818647062638808e-13,1.3361725162888502e-13,5.552348895442254e-13,5.108165401979128e-10,2.4478179689693424e-06,2
434,02:34:30,3.22736373385372e-11,9.5515771191867e-12,1.029780476993447e-12,2.4401859310810174e-13,1.7775145969850115e-12,4.5748751157459993e-10,2.573074882850697e-06,2
435,02:35:00,9.311536444581722e-11,1.1023717584785292e-11,1.0348145122479711e-12,1.6117989996700274e-13,9.214558245923969e-13,3.207407645151949e-10,2.392203388409909e-06,3
436,02:35:30,2.630368042065535e-11,8.592313842381679e-12,9.875585759763672e-13,2.0217116210115347e-13,1.3392193727367937e-12,1.8549887879482936e-10,2.3536173299505297e-06,2
437,02:36:00,4.930665929602328e-11,9.100394240224474e-12,1.4934748916921448e-12,2.6375388954771603e-13,1.9719881161211674e-12,2.4740249473488173e-10,2.368620772864064e-06,3
438,02:36:30,1.1714961190076336e-10,1.0386266946789445e-11,2.38715865596157e-12,2.9415439907883465e-13,1.65458674970756e-12,5.324143936824356e-10,2.542478791437899e-06,3
439,02:37:00,8.639619584740175e-11,1.1692029714338442e-11,1.5124085384515307e-12,7.52507274864046e-13,7.405325571834663e-13,1.3058498808844898e-09,3.0211852432527706e-06,3
440,02:37:30,8.975059498663226e-11,1.2127653866966068e-11,9.284945841232557e-13,3.125033705893154e-13,1.321459983944823e-12,4.787765207289425e-10,2.9615794488496237e-06,3
441,02:38:00,4.185173928185144e-11,1.2193843663611609e-11,1.0262175720248406e-12,2.528390379983292e-13,1.1357442956821332e-12,2.3990440528489904e-10,3.026341098198357e-06,3
442,02:38:30,4.50396778947513e-11,4.613125255845275e-12,7.654889455918154e-13,3.642114104769548e-13,2.2907270365493067e-12,2.566232077816023e-10,2.9400130130895008e-06,2
443,02:39:00,7.015373446483277e-11,1.2140385803255836e-11,1.2806766196853196e-12,2.4566843655403285e-13,1.4043823718527679e-12,1.479582623017102e-10,3.0614033844856993e-06,2
444,02:39:30,3.136383739006798e-11,8.242360775600997e-12,1.043370353273169e-12,2.2473348995208066e-13,1.2061289973895433e-12,2.339017864104571e-10,3.0259469761082214e-06,2
445,02:40:00,3.00212100882002e-11,5.569281213100192e-12,8.356188118374016e-13,1.2430854861398507e-13,4.526793878189544e-13,2.5170603726228233e-10,3.0106984360814207e-06,2
446,02:40:30,2.2844379147724034e-11,3.48050749854007e-12,9.778743729885232e-13,2.5840206045099337e-13,1.7542994963234425e-12,1.3844967349064123e-10,2.9714470730209306e-06,2
447,02:41:00,3.381173757395719e-11,6.055714299181633e-12,1.0056763887443651e-12,1.9631883769120017e-13,1.2333279739572637e-12,1.581085598094143e-10,2.941198813617055e-06,2
448,02:41:30,4.3911664907672774e-11,5.84372846726283e-12,6.624670070236294e-13,2.1768961660656754e-13,1.5950025083163196e-12,1.7503849162607846e-10,2.9948241542831706e-06,2
449,02:42:00,4.054170491480315e-11,5.97405467367855e-12,8.405842447356727e-13,1.834905664493777e-13,1.2018907333658643e-12,1.5447272227762292e-10,3.0280894175061957e-06,2
450,02:42:30,3.0997882946843625e-11,5.461563516932137e-12,9.011356848039902e-13,1.61152048037718e-13,9.791958359971612e-13,2.3075558079841992e-10,3.0116548088808523e-06,2
451,02:43:00,2.8516439267381217e-11,7.745318558521055e-12,1.0578936927912124e-12,1.31994011895131e-13,7.822733093412776e-13,1.5583595400592197e-10,3.00663496043447e-06,2
452,02:43:30,4.945935570690712e-11,9.691882934371457e-12,1.1275079728643509e-12,1.5644771491739038e-13,9.427312681917517e-13,2.604662071406298e-10,2.8936084980871167e-06,2
453,02:44:00,2.7077211834622576e-11,6.996376145186029e-12,5.739034935670971e-13,1.6010986837737266e-13,1.0541066935472262e-12,2.6854518385843045e-10,3.0351766598798045e-06,2
454,02:44:30,5.454555821252126e-11,6.498394492559694e-12,8.642888518906001e-13,1.5404577556025673e-13,9.21297414475271e-13,2.0329471526816996e-10,2.8983482495302594e-06,2
455,02:45:00,5.4405906155319404e-11,8.380689410800885e-12,9.314851338025842e-13,1.7350114948221594e-13,1.0509992444594708e-12,3.949227387070032e-10,2.944688524946381e-06,2
456,02:45:30,5.323914879507338e-11,8.004985273744753e-12,1.2623274881215147e-12,1.1296203907129129e-13,6.239845931344417e-13,4.407376672549477e-10,3.008402310171087e-06,2
457,02:46:00,4.178701183576238e-11,9.054239772289616e-12,6.507281567068999e-13,2.0765446412433653e-13,1.464808276228025e-12,4.0954495460805857e-10,2.932005360350136e-06,3
458,02:46:30,4.108326019297731e-11,6.230679188625755e-12,7.736242239306484e-13,1.15368695075615e-13,6.515303111531983e-13,2.6020667304975834e-10,2.9502147637508096e-06,2
459,02:47:00,1.0546081253252512e-10,7.248898557223738e-12,9.225575381399218e-13,2.0731869941470224e-13,1.2938107157332506e-12,4.173403301037202e-10,2.921499649802357e-06,3
460,02:47:30,4.986583424021241e-11,9.950601585535917e-12,7.666176290511378e-13,1.3898912505804484e-13,7.846645617518706e-13,1.8680314975771793e-10,2.9174070402485304e-06,2
461,02:48:00,9.983428098780219e-11,9.608523149151764e-12,8.59522382707603e-13,2.7205758753453224e-13,2.05994475644757e-12,3.248586990146031e-10,2.9264616178922614e-06,3
462,02:48:30,6.014719665643728e-11,7.386035961377565e-12,7.660718173402434e-13,1.8920088805021087e-13,1.2482004111379721e-12,3.329993078913797e-10,2.7975920228047874e-06,3
463,02:49:00,6.07191767206383e-11,1.0530591958178305e-11,9.117518393082821e-13,1.4277114503803377e-13,8.988844302800375e-13,6.316414291897114e-10,2.7436992219598125e-06,3
464,02:49:30,3.6712154243300783e-11,7.701182373947062e-12,9.080663954768559e-13,1.0370182226184251e-13,5.670276899980527e-13,3.5439450238371635e-10,2.832238923697906e-06,2
465,02:50:00,5.8201099818527526e-11,8.729419621215347e-12,1.0703851381293123e-12,1.6538011827026141e-13,1.0656498383038817e-12,9.386811519160144e-10,2.917612488020842e-06,3
466,02:50:30,3.753462196006206e-11,7.1849283289630615e-12,8.549096866468729e-13,2.2241686706997506e-13,1.618105833343422e-12,3.2364718106441034e-10,2.7142680290752055e-06,3
467,02:51:00,1.24804626356192e-10,8.49712550675801e-12,7.930900472911438e-13,1.7120278635583835e-13,1.1726212984446933e-12,6.39442900471548e-10,2.8006616835122213e-06,3
468,02:51:30,6.082796865822856e-11,8.233085557692895e-12,7.269461101805557e-13,1.1030324659118595e-13,5.96419484153109e-13,3.5309161148504124e-10,2.779397966702831e-06,3
469,02:52:00,1.0016430207763953e-10,9.453264153575516e-12,1.1161012402255609e-12,1.2344735588707169e-13,6.946839279174444e-13,5.14211964397807e-10,2.7070747043890965e-06,3
470,02:52:30,8.667927757812389e-11,7.64349632023574e-12,8.805896560034729e-13,1.3220239113519992e-13,7.734776133454786e-13,7.164236864731613e-10,2.759370106482314e-06,3
471,02:53:00,6.881425999679012e-11,6.2956718030629385e-12,8.660509759783992e-13,1.1920701433873616e-13,7.110301048686037e-13,3.4945043275605467e-10,2.761635247674353e-06,3
472,02:53:30,8.327058889401911e-11,5.453697972886529e-12,8.177977520497375e-13,1.4259923737766931e-13,8.639793277925322e-13,5.204217317220947e-10,2.850185003911891e-06,3
473,02:54:00,1.3677852664169607e-10,7.246633298661377e-12,1.0154114655185752e-12,2.1711254554510252e-13,1.3854050749016766e-12,5.81647181876293e-10,2.8421605307129238e-06,3
474,02:54:30,1.108096627105753e-10,6.724388902606527e-12,1.4887972690277815e-12,2.093268625242e-13,1.3576358408027497e-12,6.645522072246647e-10,2.841743224877067e-06,3
475,02:55:00,7.347683852800167e-11,6.670730435874221e-12,8.416337991574833e-13,1.2141136835403912e-13,7.098341130316241e-13,5.886604920822574e-10,2.7637329101216624e-06,3
476,02:55:30,1.8345702582345555e-10,9.530541659909274e-12,1.1794633837317424e-12,1.1732031583288926e-13,5.613215728252057e-13,4.832273702260349e-10,2.8571563943096904e-06,3
477,02:56:00,7.633448270611541e-11,5.450542207810803e-12,7.981608252791234e-13,1.0844026489091014e-13,6.756349926903918e-13,4.4944034560556237e-10,2.732168820984165e-06,3
478,02:56:30,1.521321709495848e-10,8.023075784414835e-12,2.0530084210957885e-12,7.359910255915839e-13,1.7258261112723076e-12,1.0832976623280515e-09,2.899199506581885e-06,3
479,02:57:00,3.39371782651817e-10,1.0457425957672928e-11,1.9698600638860626e-12,1.565304609394193e-12,1.8236572249340157e-12,1.941711245036287e-09,3.0825765165260717e-06,3
480,02:57:30,1.1755383813299917e-10,1.009675588636674e-11,9.043895248891989e-13,2.849659448730848e-13,8.093136930122201e-13,6.947371769387786e-10,2.934124015164354e-06,3
481,02:58:00,2.2054910951246012e-11,5.531384968986477e-12,9.777022233852835e-13,2.329775722747241e-13,1.3254529024035046e-12,1.9910297787107621e-10,2.8011580031609614e-06,2
482,02:58:30,4.617470218922496e-11,4.9700025518769284e-12,8.66866775672639e-13,1.867116084553807e-13,1.0477521830826192e-12,3.398008799142368e-10,2.686442337954742e-06,2
483,02:59:00,2.5197104072034254e-11,5.789861152252591e-12,7.848197087286307e-13,2.0528568331471824e-13,1.3523830095881147e-12,1.71168288686017e-10,2.690154238991792e-06,2
484,02:59:30,2.5785860499354913e-11,5.5700621186312725e-12,9.281627106053673e-13,2.4408180623067534e-13,1.6390703649037037e-12,1.1547823371172885e-10,2.7147713279261824e-06,2
485,03:00:00,3.507554235712623e-11,7.584375899724431e-12,9.748827236850392e-13,2.3293422458753926e-13,1.4806873608827061e-12,1.4478684326956967e-10,2.7348655736703514e-06,2
486,03:00:30,3.3669238753213054e-11,6.480455087678122e-12,9.61726760440529e-13,2.5231136920571426e-13,1.7189574211025613e-12,1.445936912980794e-10,2.5883143721116554e-06,2
487,03:01:00,1.5186701620063205e-11,4.590886597351914e-12,5.961385984764832e-13,2.086425807071089e-13,1.412243300719279e-12,2.2432268271620442e-10,2.483185496171212e-06,2
488,03:01:30,4.001540391245863e-11,5.826190148407132e-12,1.1431310349949568e-12,2.1616518646523139e-13,1.4584638253192449e-12,2.0871825257576726e-10,2.48577299215393e-06,2
489,03:02:00,6.6606117236544e-11,1.1300896248047994e-11,1.3646232369441532e-12,1.5683426453590582e-13,7.725341110947517e-13,3.064407727743262e-10,2.520272417368832e-06,2
490,03:02:30,5.166484688194273e-11,4.669916100768371e-12,8.653847715772648e-13,2.794482962043823e-13,2.0337951456100217e-12,1.2083638716028176e-10,2.4511322490622846e-06,2
491,03:03:00,3.3517299214426414e-11,6.382780900857789e-12,6.838578156939298e-13,2.1351209489582707e-13,1.5166830402958877e-12,1.4096600991728e-10,2.4099885720946134e-06,2
492,03:03:30,4.5190143184557675e-11,6.4206141207115835e-12,7.770346028758867e-13,1.38865748052873e-13,7.696116951504544e-13,3.25837072572341e-10,2.28574911333554e-06,2
493,03:04:00,5.882083713229394e-11,7.44193563918073e-12,1.1937021250993831e-12,1.2727473487539384e-13,5.721663426024195e-13,2.2886661872871818e-10,2.346256220956255e-06,2
494,03:04:30,4.424976361667914e-11,1.2997369780989274e-11,1.0920187454343707e-12,1.9287732145851744e-13,1.2056584165704286e-12,3.316802950169925e-10,2.2195028509370027e-06,2
495,03:05:00,3.469058645868674e-11,6.900986587790676e-12,1.0271427610568576e-12,1.4949080199732504e-13,8.446805865512421e-13,2.284104473901735e-10,2.3400123186690235e-06,2
496,03:05:30,2.771006443026781e-11,5.167515502305345e-12,5.622685741709132e-13,8.390750099959654e-14,2.849119642526345e-13,1.8680722605138938e-10,2.361675099446807e-06,2
497,03:06:00,7.804678737851116e-11,8.09764332602536e-12,7.84490197180115e-13,3.2758337958905787e-13,2.5285165425421156e-12,4.756899759474653e-10,2.2683009290468386e-06,2
498,03:06:30,4.901003392914216e-11,4.684380987002432e-12,7.504930722882573e-13,2.2340112932189832e-13,1.5001919050691233e-12,3.4748954553017696e-10,2.2288863619394874e-06,3
499,03:07:00,4.5695758628386e-11,1.0418019259960344e-11,6.487923267817258e-13,1.679644645521177e-13,1.0523123015193921e-12,3.226760966766762e-10,2.332884200605418e-06,2
500,03:07:30,5.944621005541808e-11,1.0426138199276451e-11,1.4202003065047138e-12,2.5395944721820896e-13,1.6470943444114849e-12,8.474212700409237e-10,2.3849249251081067e-06,3
501,03:08:00,3.371868562418504e-11,5.163139217787518e-12,9.77707133848739e-13,1.6706810669188555e-13,1.016299350669186e-12,2.7831443295570847e-10,2.5754578031364287e-06,2
502,03:08:30,4.562344172518227e-11,6.009805169397451e-12,8.112401580485909e-13,1.574841304594897e-13,9.676465895134896e-13,3.0359282443939727e-10,2.6485135382996048e-06,2
503,03:09:00,5.4658669748714236e-11,6.461645945024927e-12,1.0341233860136105e-12,1.9412407131305463e-13,1.187700596834966e-12,3.1986175360710807e-10,2.7303116204569067e-06,2
504,03:09:30,5.567973629461451e-11,7.568096241106775e-12,6.609721912159737e-13,1.651316645425847e-13,1.0001320959227756e-12,3.127501647587081e-10,2.6918225795240932e-06,2
505,03:10:00,7.228528852884757e-11,9.257246341963172e-12,9.541140666278378e-13,2.714509696188654e-13,2.0236624115255466e-12,3.2795240692255846e-10,2.7204578173011145e-06,2
506,03:10:30,6.087229769048322e-11,6.5188255955587545e-12,6.776226809259766e-13,2.0266225780254797e-13,1.3443945624927378e-12,4.80374374119291e-10,2.705432403487173e-06,2
507,03:11:00,5.661196205764132e-11,8.042460046004345e-12,8.724279344240716e-13,1.2852340230214216e-13,7.365922007742979e-13,3.073550257317822e-10,2.6552483310461117e-06,2
508,03:11:30,2.8485190783694043e-11,5.398662549206772e-12,6.807856746370278e-13,1.3877172145003604e-13,7.676203186115586e-13,2.7139067228865864e-10,2.682259836803861e-06,2
509,03:12:00,7.033764988561591e-11,7.240155193154547e-12,1.046471072331553e-12,1.9859152751603706e-13,1.26748591112294e-12,3.3193211739873395e-10,2.7239535532245756e-06,2
510,03:12:30,7.420512103187481e-11,9.66948128012425e-12,2.7261240595788593e-12,7.66909777512791e-13,9.044234195448684e-13,7.932790394844874e-10,2.924774507913882e-06,3
511,03:13:00,8.257639832885151e-11,8.76782836919729e-12,6.050042014490275e-13,2.20650848908282e-13,7.561945642477687e-13,4.878890754096665e-10,2.943365548494168e-06,3
512,03:13:30,6.00189135500848e-11,6.841070626706721e-12,7.67869041617999e-13,1.4738915205410595e-13,5.350821018967911e-13,3.1952741635708833e-10,2.748342201260523e-06,2
513,03:14:00,2.8819300732954947e-11,7.023585387941838e-12,8.399974264044997e-13,1.7182915889953996e-13,1.01352527428516e-12,2.576998992367406e-10,2.8138570409041627e-06,2
514,03:14:30,3.5093484754546704e-11,5.809697911989748e-12,1.0047156925251179e-12,1.4287016315626863e-13,6.076723272913374e-13,2.1686640498485154e-10,2.759962562416539e-06,2
515,03:15:00,4.9704997115267375e-11,6.057431585705518e-12,9.369113620187435e-13,2.6981672468234243e-13,1.726052595130728e-12,2.5151843800426465e-10,2.7812901588322027e-06,3
516,03:15:30,4.311275987022155e-11,6.2334334778896606e-12,7.042496370432057e-13,1.8535194771248018e-13,1.1027456944732942e-12,3.4570211072538414e-10,2.860062605299264e-06,2
517,03:16:00,2.990959522288073e-11,5.961670091299932e-12,8.559588211445332e-13,3.065976433147662e-13,2.1689969172733447e-12,1.9270053270509787e-10,2.771639655716906e-06,2
518,03:16:30,8.386949154032426e-11,1.1257548597447308e-11,2.4086144823091783e-12,7.467113203242314e-13,8.96712825670298e-13,1.0787032643870945e-09,2.9756403402572174e-06,3
519,03:17:00,6.898067915770895e-11,6.723125685987848e-12,1.0451087049896284e-12,4.097532424505798e-13,5.500600864899928e-13,1.0259553679365271e-09,3.050516641465119e-06,2
520,03:17:30,1.9799749321212032e-11,6.621330423773324e-12,9.62364087712414e-13,4.57022205295983e-13,6.595550279917538e-13,6.80986412952748e-10,3.128324640095515e-06,1
521,03:18:00,5.790472147019331e-11,8.827712665089716e-12,7.346791751136401e-13,1.8738865278197794e-13,3.9312671696823073e-13,3.4539725960102723e-10,3.052505440006822e-06,2
522,03:18:30,2.053945404879707e-11,6.6007662855755524e-12,5.568360562278336e-13,2.982261352789561e-13,1.9071698544174936e-12,1.6557588603156568e-10,3.0666658567350175e-06,2
523,03:19:00,8.120687027389158e-11,5.505459199147747e-12,8.290936797530601e-13,1.8784848295562182e-13,1.1594382386009531e-12,3.887409683965039e-10,3.0110970317827527e-06,2
524,03:19:30,1.2675048095899264e-10,1.375866680410136e-11,1.0409182442705555e-12,1.584808731652496e-13,4.738121767543102e-13,4.5728206643934896e-10,2.9900757154545633e-06,3
525,03:20:00,1.3500865962099412e-11,8.537023673555672e-12,2.5652299850764912e-12,3.441318320862502e-12,3.0756196612180934e-12,1.6760190902894734e-09,3.047220473983965e-06,0
526,03:20:30,1.379367668856676e-11,6.283797216189418e-12,5.923341350454226e-13,1.0099831173904476e-13,2.407965068311277e-13,4.868625361196313e-10,2.989569628059629e-06,0
527,03:21:00,6.421471940610034e-11,8.673488771932671e-12,6.510154060352516e-13,1.2349997020909123e-13,3.656036625590063e-13,3.344555675267796e-10,3.038414053260252e-06,2
528,03:21:30,3.576653731731548e-11,7.633162781991513e-12,1.1004379263091348e-12,1.4813038386050561e-13,6.797605936508731e-13,2.2166443035333038e-10,2.9557151948873917e-06,2
529,03:22:00,7.026285336995982e-11,7.007907657196314e-12,6.88641571808887e-13,2.6592101720831656e-13,1.711533764268539e-12,2.334366269185182e-10,2.816286663158423e-06,3
530,03:22:30,3.621980145360349e-11,7.335021434211564e-12,5.121724971232366e-13,1.8761404052337473e-13,1.1477456342063675e-12,1.273549352721459e-10,2.8337674978102844e-06,3
531,03:23:00,3.362584382905655e-11,7.009716217018376e-12,6.571561707509706e-13,1.452775288878273e-13,7.501051253179857e-13,3.5253199640595415e-10,2.7898189701375373e-06,2
532,03:23:30,5.136259327944025e-11,9.333489916681915e-12,6.418079759953589e-13,2.7382081853307093e-13,1.929690436525423e-12,1.3639787744045085e-10,2.028424460408325e-06,2
533,03:24:00,2.76988985910909e-11,8.882475360821876e-12,7.948406037234981e-13,2.1555103295341168e-13,1.2697313131865113e-12,9.352141701092247e-11,1.414488394535225e-06,2
534,03:24:30,3.098777841088383e-11,7.79505180502828e-12,7.278535882334356e-13,1.0914475981415282e-13,2.8393897113808634e-13,9.9794694811362e-11,1.3439095284052788e-06,2
535,03:25:00,1.660741434924792e-11,3.4758252710884114e-12,4.557373334457565e-13,7.513879473958411e-14,1.6998182498117184e-13,9.330946495404687e-11,1.2279975326165221e-06,2
536,03:25:30,1.3209793786880264e-11,5.318809976482774e-12,7.976140367275818e-13,2.0221015571963184e-13,4.188980765130785e-13,1.7252446219618348e-10,1.3196530470265791e-06,2
537,03:26:00,1.41197122274545e-11,4.356055810506783e-12,6.248704748478501e-13,6.79430421996277e-14,1.321009338425972e-13,2.1248866870970286e-10,1.1781913427698686e-06,5
538,03:26:30,2.7046100016186035e-11,3.364696049948409e-12,6.066112028726162e-13,7.557782529966528e-14,1.2869985006420246e-13,1.907749484258691e-09,1.1632960834021478e-06,5
539,03:27:00,1.5236605019872913e-11,2.6332286980687273e-12,2.3726977875726026e-13,6.988447548344228e-14,1.48563466203207e-13,8.269265201609446e-10,1.2220902697167496e-06,5
540,03:27:30,2.95293935491052e-11,5.216863354929629e-12,1.7929123068800935e-12,1.191959251830725e-12,9.879316588089415e-13,8.556077207944525e-10,2.107861892621961e-06,5
541,03:28:00,1.6534792092518336e-11,6.7384800333102036e-12,5.585614409456792e-13,1.0151376831943803e-13,2.4837798045418257e-13,7.312452539985456e-11,1.6904829095837051e-06,5
542,03:28:30,1.1671187371007729e-11,3.342232725803838e-12,3.8139235718823895e-13,6.958834217954635e-14,1.3554873052901636e-13,6.027105775880659e-10,1.3949491591326798e-06,5
543,03:29:00,1.3325496242455239e-11,5.585647209152581e-12,6.200045340381846e-13,1.6674051358078003e-13,2.280937813602238e-13,1.129934822629795e-09,2.734996117875026e-06,5
544,03:29:30,6.817922050668642e-12,4.096832517986912e-12,6.609399711363383e-13,1.6969618484928778e-13,2.3190478091726673e-13,2.128381883382436e-10,2.9897103048881696e-06,5
545,03:30:00,8.145791975062262e-12,3.22119856336594e-12,8.270720396918341e-13,1.885833571513552e-13,1.3985454692507485e-13,9.449591944248837e-10,2.395378346171672e-06,5
546,03:30:30,4.8818962529170115e-12,1.758678542086332e-12,3.4079442143931784e-13,7.890486620631482e-14,1.29762001523155e-13,2.4827221545661104e-10,1.246860050606599e-06,5
547,03:31:00,1.2352368402083229e-11,2.642832211070028e-12,5.694429018520677e-13,7.532573940517136e-14,1.0765250535386585e-13,2.3295680610837443e-10,1.2029566779058372e-06,5
548,03:31:30,1.2171023489418716e-11,2.9159091533776234e-12,4.678127594716283e-13,8.962391272619192e-14,1.4673076725046588e-13,7.108745197908014e-10,1.4953417647560506e-06,5
549,03:32:00,1.0801757863901054e-11,2.6610178737375038e-12,7.392596442757035e-13,8.206561039875956e-14,1.7430957223817432e-13,2.1883152829294153e-10,1.1944566174724223e-06,5
550,03:32:30,1.0326313976667354e-11,2.4498057300124245e-12,2.7621202350616503e-13,7.937289157589019e-14,1.6480266186726253e-13,4.974309577764553e-10,1.113055711857083e-06,5
551,03:33:00,6.7695890427027305e-12,4.38887182139396e-12,4.4454340333520004e-13,8.528439007582147e-14,1.419058436186874e-13,9.138119945380509e-11,1.3430656825209464e-06,5
552,03:33:30,2.4786407710515957e-11,4.8098096957309805e-12,7.555285258510625e-13,1.46558625721441e-13,2.325986156765018e-13,1.1237047502088906e-10,1.4455851160299725e-06,5
553,03:34:00,1.2882847168397295e-11,3.1519923999631686e-12,3.9874362019124695e-13,7.382176533172283e-14,1.9357260010211585e-13,3.855324842343785e-10,1.2328424788411963e-06,5
554,03:34:30,1.057358845512122e-11,2.5465516208817937e-12,8.089310151048121e-13,4.549021435534853e-13,4.320065024400398e-13,9.979686776281747e-10,2.024456847480394e-06,5
555,03:35:00,9.590146695495817e-12,4.078993315913158e-12,7.440727867756662e-13,1.6633378979642804e-13,2.354732753323676e-13,2.6312453195523027e-10,2.037252330319356e-06,0
556,03:35:30,4.5889028895771555e-12,3.0298353955160232e-12,7.369356416125247e-13,9.612190875337607e-14,1.147030281026871e-13,9.866836956499402e-11,2.0032528230982876e-06,0
557,03:36:00,4.912728123938062e-12,1.9707204675987802e-12,5.842666978334594e-13,7.982846129846949e-14,1.2625392856076976e-13,1.1940751885539534e-10,2.4011442300337944e-06,1
558,03:36:30,6.6945037013789225e-12,4.007723842255022e-12,7.966251403492065e-13,1.7807039257075672e-13,1.7749830536098737e-13,1.5264706421172964e-10,2.5381280039752152e-06,0
559,03:37:00,1.1731604973724563e-11,3.211951302004856e-12,8.816756096092259e-13,1.6776923468795222e-13,2.1533700317346096e-13,4.918588652899677e-10,2.7751580622581564e-06,0
560,03:37:30,1.097041437950868e-11,6.287345200254706e-12,8.402355884148656e-13,9.934204425503365e-14,1.6523215242007493e-13,1.6825542875778075e-10,2.6587467601889416e-06,1
561,03:38:00,5.0946252046350546e-12,1.83146609591798e-12,6.310070848251389e-13,8.048898085555391e-14,1.769935804603091e-13,6.618156749243918e-11,1.97995015482179e-06,1
562,03:38:30,8.833925477266992e-12,3.62336491265622e-12,3.894817179470501e-13,8.890862663111984e-14,1.8078709489582748e-13,8.551119306150142e-11,1.9791052644384843e-06,1
563,03:39:00,1.5093391170289433e-11,4.940587062495978e-12,4.836343199479359e-13,1.4699952740368446e-13,5.474206160823325e-13,5.875134277690562e-11,1.6490673833239886e-06,2
564,03:39:30,1.9834893317229082e-11,3.429276744634702e-12,4.491429120644076e-13,9.878823685006793e-14,2.711581918304545e-13,5.315086807357995e-11,1.4707809500195219e-06,2
565,03:40:00,1.4806664237692002e-11,5.026163083711567e-12,9.454902287153778e-13,1.3719176093990665e-13,7.147985175293175e-13,6.647595574318722e-11,1.462350520029791e-06,2
566,03:40:30,1.0303354381708313e-11,4.27666166770282e-12,4.908332819759989e-13,9.417357610696047e-14,2.943855258223735e-13,2.4749732757540073e-10,1.2590150766884466e-06,5
567,03:41:00,5.465366917992182e-12,3.3938377481440623e-12,2.466035537768986e-13,7.515459486330185e-14,1.370046744197095e-13,7.58317696037011e-11,1.2237390545202292e-06,5
568,03:41:30,9.176986785613794e-12,2.816427376062572e-12,4.3301728884825195e-13,6.891215927294074e-14,1.760810663132094e-13,1.3081658547618025e-10,1.1643987966956568e-06,5
569,03:42:00,1.1172483689120125e-11,2.4728305235145532e-12,3.5246103833010163e-13,7.992370432010278e-14,1.4205399183205765e-13,2.9753057009112905e-10,1.254587630285151e-06,5
570,03:42:30,9.90313552120747e-12,3.5548052428834622e-12,6.043853391645123e-13,1.409514058802333e-13,1.4036748904349938e-13,2.415074756381543e-10,2.460903493889837e-06,1
571,03:43:00,6.545236501291615e-12,3.293709474697163e-12,1.0318903039090214e-12,9.370469242537986e-13,9.764668389145049e-13,4.6479914276475243e-10,2.7652126862103486e-06,1
572,03:43:30,1.0559574988041644e-11,3.776589551083153e-12,1.3769541660952217e-12,6.299392873223184e-13,5.890968212125132e-13,7.067413627532884e-10,3.0073264221018116e-06,0
573,03:44:00,3.04952512937713e-12,3.430430508827719e-12,7.598819316104798e-13,2.6176308609616136e-13,2.9949466510360887e-13,3.683634323340573e-10,2.488930178138214e-06,0
574,03:44:30,4.612812670355604e-12,4.83420075370781e-12,8.115498916933762e-13,2.2700083380607954e-13,2.8161906948684186e-13,4.209271211336451e-10,2.7398780389919713e-06,0
575,03:45:00,1.7605733270620335e-11,1.8347670125008346e-12,3.6175108266882606e-13,8.357752975459466e-14,1.4514114220714875e-13,1.2486481959954593e-10,2.8078928457633317e-06,1
576,03:45:30,5.383762503355078e-12,2.9312528524015526e-12,9.413636525834632e-13,1.2185503953342367e-13,2.1295523341734036e-13,1.6906101794156692e-10,3.0636163912341394e-06,1
577,03:46:00,7.583056160817664e-12,4.086502941544205e-12,1.2875021398883785e-12,7.159057351721269e-13,8.78018302602567e-13,7.039742504789835e-10,2.9982250655252923e-06,1
578,03:46:30,4.126421417386511e-12,2.7063296619256083e-12,5.330757454634701e-13,9.628674120982247e-14,1.8254592981140961e-13,1.8627157590908023e-10,2.391799541420144e-06,1
579,03:47:00,7.0084476995606015e-12,1.5337711922811144e-12,3.5107262840382837e-13,8.029048518901628e-14,1.619392943394867e-13,7.935151855385366e-11,2.2648784417164583e-06,2
580,03:47:30,5.265491579674088e-12,2.5782771845911323e-12,3.223316795095451e-13,8.41761375557798e-14,1.8287352814235784e-13,1.1120888258771967e-10,2.148780669249699e-06,2
581,03:48:00,9.926083274296237e-12,3.4540302620280225e-12,3.6309321821384334e-13,9.655006724642244e-14,4.180258106096719e-13,8.435727371298903e-11,2.078241210603413e-06,2
582,03:48:30,2.1755650113126888e-11,4.7779949663554395e-12,6.152051891600865e-13,1.976050200075909e-13,1.142322015932314e-12,9.723349322193723e-11,2.1077439585461132e-06,2
583,03:49:00,1.4103262566332185e-11,2.9476758435399422e-12,5.419639426880603e-13,1.7897444435620374e-13,1.0915449936787737e-12,7.60291673340815e-11,2.0915055811523626e-06,2
584,03:49:30,1.509075415583561e-11,2.2641151631749583e-12,6.095697324384525e-13,3.62019978829622e-13,2.5545195012707914e-12,7.330126353277569e-11,2.109409428239063e-06,2
585,03:50:00,8.512013235634859e-12,2.9308260678160883e-12,6.925040043495215e-13,3.4232515781132834e-13,2.533759662348491e-12,6.163843645342028e-11,2.0008216029083926e-06,2
586,03:50:30,1.847612992042913e-11,3.302461370164777e-12,1.0210264431470262e-12,4.0923054212907196e-13,3.1416574788352883e-12,8.137407291729341e-11,1.9932440019902235e-06,2
587,03:51:00,1.7919582635221298e-11,3.1945600002101435e-12,6.211483560178756e-13,2.749933139999336e-13,1.8606229252303022e-12,5.7970069768630186e-11,1.9398572876101547e-06,2
588,03:51:30,1.3717021286107364e-11,2.7272714081643356e-12,1.1468733391978547e-12,1.797015983785398e-13,1.1070353030601874e-12,5.2792360593184405e-11,2.0377781672144487e-06,2
589,03:52:00,2.773894535946044e-11,4.5760437042623414e-12,8.395824490194468e-13,1.6294694434009512e-13,6.376022118899922e-13,1.1977235238851991e-10,1.9248596754349306e-06,2
590,03:52:30,2.1789150161190292e-11,6.339113766511485e-12,9.501440192176447e-13,2.0219152199232476e-13,9.91585870341254e-13,4.663163705690725e-11,1.99940570656787e-06,2
591,03:53:00,1.946977224695373e-11,3.4212275527491466e-12,4.840169907960554e-13,2.989448419627307e-13,2.200640006868173e-12,8.133291126307558e-11,1.969289127623157e-06,2
592,03:53:30,1.8082998130599588e-11,1.6446226375159974e-12,8.628843843920255e-13,1.5785147296151958e-13,8.866825938345048e-13,7.37337036550948e-11,2.021850406990809e-06,2
593,03:54:00,1.2085486715437721e-11,1.6570374170521378e-12,4.821690423558679e-13,1.814382142675669e-13,1.1750219143772515e-12,7.248698090937164e-11,2.017170165051513e-06,2
594,03:54:30,2.955877167520868e-11,7.931752280381645e-12,1.078566813087518e-12,2.0396543552849168e-13,1.2136380437568242e-12,2.0541244724146787e-10,1.8534576032260159e-06,2
595,03:55:00,1.2780205862409268e-11,1.5040732592647338e-12,6.156083081211035e-13,2.7479551962386077e-13,2.0443873545795663e-12,6.213387679217271e-11,1.8485725397874643e-06,2
596,03:55:30,1.8127779789909186e-11,3.915487782495234e-12,1.020561675690409e-12,1.434128828418305e-13,7.662275668630626e-13,6.671079678895463e-11,1.6093511774179536e-06,2
597,03:56:00,7.779422451126205e-12,2.4015172906908554e-12,6.497531506322736e-13,2.7896657936117126e-13,1.982031921794698e-12,5.111554553937393e-11,1.6176428417053356e-06,2
598,03:56:30,2.5197403103430823e-11,3.457050770742223e-12,1.1283460519666305e-12,3.3257091057241006e-13,2.3171564784156297e-12,6.39988294068961e-11,1.564056000293918e-06,2
599,03:57:00,1.3597750727112115e-11,2.8961972809877264e-12,5.331413229611733e-13,1.0602366906277812e-13,4.5074116407388925e-13,6.456968245326032e-11,1.6567480810839998e-06,2
600,03:57:30,2.3405104551984668e-11,4.764638674484557e-12,9.559209903670775e-13,3.182357107031568e-13,2.294584600204015e-12,1.1496862542827623e-10,1.6278345561499004e-06,2
601,03:58:00,1.3841498938503461e-11,5.3569955122477456e-12,1.1294907632204367e-12,2.926493839136436e-13,2.067813813026538e-12,5.278970945759314e-11,1.5782639014986079e-06,2
602,03:58:30,1.435430954600436e-11,3.4024130518789593e-12,9.049013360844315e-13,2.230290412285359e-13,1.4983612461694074e-12,1.2394980657057308e-10,1.6297772937503437e-06,2
603,03:59:00,2.7488926793243826e-11,2.4749151149254694e-12,7.251827706914533e-13,2.4749251209777896e-13,1.775412250553967e-12,5.566176826324464e-11,1.5488491379027814e-06,2
604,03:59:30,2.088015621233084e-11,4.216541820307364e-12,1.303162058015099e-12,3.6544848905849133e-13,2.674682903781377e-12,1.6874693776113993e-10,1.6414376645886383e-06,2
605,04:00:00,3.7156939908674474e-11,4.980656329746383e-12,1.2047105194314164e-12,1.8776746723415532e-13,1.0110691110963684e-12,1.6997319093413626e-10,1.659886991637698e-06,2
606,04:00:30,2.93134159941208e-11,4.814868696078399e-12,1.1349008832683769e-12,2.3007409936395995e-13,1.518921858887479e-12,1.0429792306889613e-10,1.6047296361445402e-06,2
607,04:01:00,1.5316435148947368e-11,5.484758310777725e-12,1.2163423454662382e-12,2.1751499485974524e-13,1.3998775005338601e-12,1.5311131472644687e-10,1.5898383313179364e-06,2
608,04:01:30,1.475437284836622e-11,3.961491856576516e-12,1.2927603023716749e-12,4.1170252467280447e-13,3.1350934402951864e-12,5.712356613821948e-11,1.6684414908526798e-06,2
609,04:02:00,1.588410705605044e-11,4.903770358660241e-12,8.775384187888272e-13,1.806722990996926e-13,1.0986727133844356e-12,8.291666356826255e-11,1.6807749674864226e-06,2
610,04:02:30,2.789419842824054e-11,4.637386321299001e-12,1.4112589127628616e-12,3.040318040215747e-13,2.0006097806127688e-12,8.289524877874438e-11,1.6206255631140001e-06,2
611,04:03:00,2.2001648825016653e-11,5.301441328348383e-12,1.1449200946453133e-12,2.525115004878541e-13,1.6652949566895319e-12,1.0011360017260181e-10,1.578453767431297e-06,2
612,04:03:30,2.8723630312495236e-11,4.253403989709833e-12,9.584624440634521e-13,1.5902337750166263e-13,9.041378084104283e-13,5.858483440012022e-11,1.5722542637902237e-06,2
613,04:04:00,5.87973946853324e-11,3.279470655336385e-12,9.47466813806097e-13,3.1026763130402977e-13,2.1762191621535484e-12,9.774957978075862e-11,1.5619085531920652e-06,2
614,04:04:30,3.97472158711994e-11,5.727388897779982e-12,1.3548742725181568e-12,3.15037695068976e-13,2.207142122982165e-12,1.93455325498271e-10,1.5641584677991646e-06,2
615,04:05:00,3.498575152916452e-11,7.889287243729121e-12,1.1210966382013359e-12,5.892403660173168e-13,4.756605646081838e-12,1.2318951246271167e-10,1.4403034467434235e-06,2
616,04:05:30,6.292001379180537e-11,6.026820175420452e-12,1.488539544363858e-12,3.2994615059081867e-13,2.412530148159075e-12,2.676358852503589e-10,1.487283905148784e-06,3
617,04:06:00,4.0505893810310385e-11,5.45096522118015e-12,1.4361725635666795e-12,1.8644277054200462e-13,1.0852977220186578e-12,1.3014017700791048e-10,1.3982067212651403e-06,2
618,04:06:30,3.662848841763926e-11,4.911703013537411e-12,1.133754162991019e-12,3.436139484059216e-13,2.583708641066656e-12,1.8748628417496544e-10,1.3625113176046436e-06,2
619,04:07:00,3.807878322847921e-11,4.990623995418918e-12,1.3793182786446002e-12,1.755169195274609e-13,9.673341198151653e-13,1.6922662345415932e-10,1.4308349493329936e-06,2
620,04:07:30,6.142555594545741e-11,3.914903258243757e-12,1.0238456911698363e-12,4.566246681121236e-13,3.5448539795824066e-12,1.570388259130293e-10,1.4513848130928785e-06,2
621,04:08:00,4.3428315396425516e-11,5.242067682495177e-12,1.1133096640308096e-12,1.9854656585441565e-13,1.276819015191956e-12,1.585940784831977e-10,1.4143321034667336e-06,2
622,04:08:30,4.485109034154011e-11,6.643682316251789e-12,9.03970184415232e-13,2.057240682441631e-13,1.2914002010682848e-12,1.4979224535332234e-10,1.3768410777844456e-06,2
623,04:09:00,6.892131900690696e-11,4.645875033377238e-12,1.2090799292569807e-12,2.253954272649503e-13,1.5289400853047089e-12,6.507729386241576e-10,1.4040272417603472e-06,3
624,04:09:30,4.223096656582152e-11,4.562217694397248e-12,1.1175357490147678e-12,1.4805421997531502e-13,7.733261693129562e-13,1.7440285900589781e-10,1.3820371624014686e-06,2
625,04:10:00,4.509959188440183e-11,4.362833627194732e-12,8.013608357032509e-13,1.4406173166368102e-13,8.512530096931945e-13,1.6207396697705107e-10,1.4038038862935068e-06,3
626,04:10:30,3.6921905044358305e-11,4.007982328050477e-12,1.0755096114063736e-12,1.7196038101548882e-13,1.0343148428259908e-12,1.7730277148440795e-10,1.4518143189556739e-06,2
627,04:11:00,6.090738995028711e-11,4.9412921723817414e-12,9.713047620830473e-13,2.4584726250787633e-13,1.6864478760339892e-12,2.641866051026666e-10,1.4191514765488304e-06,3
628,04:11:30,8.098231189910246e-11,4.534666586964112e-12,5.907998749487009e-13,1.3605255764433217e-13,8.051657816770393e-13,1.996660499912807e-10,1.403491663728462e-06,3
629,04:12:00,7.74271481493062e-11,4.064309247429369e-12,8.16845572322633e-13,1.4597359235194363e-13,8.058936873401963e-13,2.6554135904694065e-10,1.4150247393046234e-06,3
630,04:12:30,9.544391859583348e-11,5.477284425089555e-12,1.0371093459085535e-12,1.4558283311639824e-13,7.752617666562664e-13,3.816401736491856e-10,1.3881206700089065e-06,3
631,04:13:00,7.434659755244574e-11,5.247599400433585e-12,8.852339840632773e-13,1.601938948517779e-13,9.365946627889326e-13,1.7472593084854267e-10,1.3802554365771732e-06,3
632,04:13:30,1.1200511485960079e-10,5.394683841242141e-12,8.693344048587638e-13,1.2423534044967267e-13,4.1341462721960033e-13,4.5593314797039327e-10,2.6372058988015493e-06,3
633,04:14:00,6.36490936862241e-11,7.751540408869956e-12,1.1365061162655983e-12,3.9859442557794813e-13,2.9733354783045984e-12,1.7052140304899513e-10,2.4311720377739097e-06,3
634,04:14:30,1.1660375037850143e-10,8.047128966387292e-12,1.7987113113973905e-12,1.6704733153823531e-13,7.976823629961711e-13,4.6168217080754914e-10,2.5892167455332273e-06,3
635,04:15:00,7.626306422954205e-11,4.657785360485869e-12,7.787953398573382e-13,1.481652424625953e-13,5.96117981140727e-13,1.7606892762928577e-10,2.734190976696899e-06,3
636,04:15:30,5.129573801329268e-11,8.456755089881148e-12,1.3881152815280517e-12,2.5210565767901286e-13,1.5929625339990018e-12,2.84295310637792e-10,2.6616721284807856e-06,3
637,04:16:00,5.3091545021804404e-11,4.864254045223479e-12,1.2233666302660003e-12,2.719310666566041e-13,1.898700435833585e-12,3.1380193923451863e-10,2.7328966358346217e-06,2
638,04:16:30,3.263115392609244e-11,5.399360184374828e-12,7.897904025232427e-13,2.1946814934063286e-13,1.3775669167279758e-12,1.1444914186211756e-10,2.8079179397256834e-06,2
639,04:17:00,2.0913383973784857e-11,5.486170024989269e-12,1.0082893282296014e-12,3.650776398203708e-13,2.6178134667572645e-12,1.1337090556511638e-10,2.7614874599209773e-06,2
640,04:17:30,5.7593377083269263e-11,5.816983782377462e-12,1.0506885920562288e-12,2.0293443815608967e-13,1.3157631648875925e-12,2.335236018854706e-10,2.607275079695187e-06,2
641,04:18:00,8.071130535536573e-11,6.23202404863238e-12,1.0596229663949449e-12,1.451661380307251e-13,5.911202539048106e-13,1.8320195149776541e-10,2.8070191111644285e-06,2
642,04:18:30,6.43157991113647e-11,6.5578799892853756e-12,1.2685299770965394e-12,2.8256689657491514e-13,1.9335318063087554e-12,1.871577720930945e-10,2.7642048285881143e-06,3
643,04:19:00,2.0630990054491577e-11,5.631328584598447e-12,1.0508905395825719e-12,4.0166067068279117e-13,3.10814003087404e-12,1.8988874789694423e-10,2.453920774685118e-06,2
644,04:19:30,3.5374699251513366e-11,4.074789393543262e-12,1.1968361712588521e-12,2.8938632236588705e-13,2.091514664896397e-12,2.3163824060900643e-10,2.300759527996953e-06,3
645,04:20:00,8.520761454594467e-11,6.065852425493634e-12,7.901506400740208e-13,1.6427960697568103e-13,1.036695796470807e-12,3.065882122295246e-10,2.1294024005898404e-06,3
646,04:20:30,5.015996162838787e-11,5.648174548635827e-12,7.386727833805266e-13,1.695496236366777e-13,1.0646317363647173e-12,1.7368008551719517e-10,2.1426534840447196e-06,2
647,04:21:00,3.538149459307362e-11,4.7812489153632334e-12,8.115181078026397e-13,2.836195185096347e-13,2.174192084210353e-12,2.4764646420475253e-10,2.190114676606545e-06,3
648,04:21:30,1.0340522023595695e-10,8.841895165059914e-12,1.1865227804209728e-12,1.3666971407431166e-13,4.879348425380594e-13,4.816985818071355e-10,2.3622732405586823e-06,3
649,04:22:00,5.138456402120264e-11,6.215021759287743e-12,6.825744896114634e-13,2.457205792880594e-13,1.7123582581897098e-12,3.4714250398094703e-10,2.205202751362226e-06,2
650,04:22:30,8.306872118828879e-11,9.845977713272089e-12,1.5867144534125568e-12,1.3283333487142624e-13,4.843518431353115e-13,1.9750978258122555e-10,2.4289395688993005e-06,3
651,04:23:00,5.2377515073650034e-11,4.517147436866077e-12,1.1735165906900787e-12,1.8130085962935802e-13,1.0305427855905878e-12,1.207691543978725e-10,2.195027958024124e-06,2
652,04:23:30,4.8944739768433454e-11,7.258798173599461e-12,1.2746810723254498e-12,2.464030197170089e-13,1.3967369040409457e-12,1.8525672892416324e-10,2.147805862822512e-06,2
653,04:24:00,7.474955774200131e-11,3.852480535806616e-12,9.481220114306535e-13,1.809045701823526e-13,9.974808693682248e-13,1.6330738086420908e-10,2.162904589451114e-06,2
654,04:24:30,4.941180465634124e-11,5.772636675380503e-12,1.2165740809529104e-12,3.0189511284434454e-13,2.106360146597992e-12,1.6742281614912637e-10,2.1563391659518225e-06,2
655,04:25:00,5.761055168893883e-11,5.906648430863095e-12,9.690381970829894e-13,2.043196759183552e-13,1.1920617708652615e-12,1.9173083624901767e-10,2.150591127340294e-06,3
656,04:25:30,3.0352473907628926e-11,5.889400349097585e-12,1.0376881059278953e-12,1.3504079213831176e-13,6.832397125685227e-13,2.3230107933218803e-10,2.1552863523156506e-06,2
657,04:26:00,6.805849938649868e-11,5.051390534113592e-12,8.156163147223611e-13,1.3248652970146346e-13,6.187349495785824e-13,3.4346828172734047e-10,2.1331138718718455e-06,3
658,04:26:30,3.970784908894861e-11,6.584522213801595e-12,1.289614615811665e-12,1.8589247480720794e-13,1.0657774514417611e-12,8.897433785994712e-11,1.9879233982138195e-06,2
659,04:27:00,3.0976290810786956e-11,4.411017166941661e-12,1.4877613413875183e-12,2.4579847236551815e-13,1.530924990980835e-12,9.523853180930911e-11,1.5840690327021197e-06,2
660,04:27:30,3.999122436335283e-11,5.74798441931812e-12,7.680912722728144e-13,2.2987261729133657e-13,1.475463442014164e-12,7.853446648170993e-11,1.65730889626198e-06,2
661,04:28:00,8.924094200479339e-11,7.0184878716830485e-12,1.5282451998916819e-12,4.153004282458361e-13,8.208135932310965e-13,3.019331530046559e-10,1.6875768174414401e-06,3
662,04:28:30,7.912447575703774e-11,7.986468603392077e-12,2.195190250629117e-12,1.4489814625086773e-12,1.551035584455176e-12,1.677344407862108e-09,2.6148632421714666e-06,3
663,04:29:00,2.3426127327088935e-11,5.462104936099238e-12,6.634892328234335e-13,1.5735247889291923e-13,2.911397505760335e-13,1.9659923370800417e-10,2.990168551144875e-06,2
664,04:29:30,3.919123154660216e-11,7.580853423975589e-12,6.242646386038628e-13,1.161088540109559e-13,3.30983965658798e-13,4.3167203708755735e-10,2.8484908447214605e-06,2
665,04:30:00,3.7692529526822835e-11,7.103684209988993e-12,5.075705761560652e-13,1.0102419656537538e-13,2.7144945436585696e-13,1.9616889315064146e-10,2.891132340327541e-06,2
666,04:30:30,8.611885499412567e-11,1.044470745483963e-11,6.268273919708785e-13,1.4073345201253588e-13,4.397522748987571e-13,1.727828688855592e-10,2.8164848894338284e-06,3
667,04:31:00,2.9652594569948794e-11,6.977187369536713e-12,7.099887823186628e-13,1.1639537408257746e-13,3.8733740688399396e-13,2.011013881832543e-10,2.71865903138794e-06,2
668,04:31:30,3.700784817381854e-11,6.448733783715871e-12,7.795087455663668e-13,1.8650983536522876e-13,5.964227045207175e-13,1.3900885838246267e-10,2.683244611864069e-06,3
669,04:32:00,5.78066106591508e-11,8.051975805187756e-12,1.121989909526099e-12,2.573014240027014e-13,1.5937794265460866e-12,2.1862571681456824e-10,2.64907490221118e-06,3
670,04:32:30,3.3786782566155897e-11,6.149296449691062e-12,2.4176293165216456e-12,2.2772272113525325e-12,2.4879056849826313e-12,1.1299515675039484e-09,3.1269928311293515e-06,0
671,04:33:00,1.3127424366640015e-11,3.1381578939117387e-12,1.180516805005173e-12,4.378247894798813e-13,6.045580887944255e-13,4.077201024476915e-10,3.002429689838536e-06,1
672,04:33:30,1.4035562392533956e-11,2.936236016772402e-12,8.286206308781937e-13,5.252582694474049e-13,4.825486161943792e-13,4.4845139014833745e-10,2.8748456692181927e-06,1
673,04:34:00,6.778414407338421e-12,3.9287210560086315e-12,1.3496134656419857e-12,9.295818185525147e-13,6.925198265192279e-13,5.179409623770312e-10,2.669723817984513e-06,0
674,04:34:30,1.0545209914796393e-11,5.107752404988976e-12,4.581721368066975e-13,1.2487709360094743e-13,1.4669165401159315e-13,2.2997105617968842e-10,2.776681511817598e-06,0
675,04:35:00,3.47189629914955e-11,3.5617611442031387e-12,5.927298627980953e-13,1.8321361885676517e-13,2.029788130708142e-13,1.9347340273856565e-10,2.700165034124537e-06,1
676,04:35:30,9.452976461192592e-12,4.3493942247203216e-12,3.853689998003927e-13,9.005692749938844e-14,1.3708330856367718e-13,1.660685663241294e-10,2.843280761984509e-06,2
677,04:36:00,2.505147677004785e-11,4.443888229655458e-12,8.382482529452962e-13,1.2304681077068481e-13,1.625070927585043e-13,1.1245021098305141e-10,3.0211823156147357e-06,1
678,04:36:30,7.188455818874614e-12,2.3618148074217233e-12,3.4327418920364734e-13,1.3937334246991104e-13,2.128761714593719e-13,1.783539434842276e-10,2.8300350566097385e-06,2
679,04:37:00,3.6593835717327535e-11,2.9392095488888623e-12,8.155734772685602e-13,4.1518369027594494e-13,4.879302553855987e-13,4.241575067152727e-10,2.8250365678250993e-06,2
680,04:37:30,1.1044405167790865e-11,3.1456375620422304e-12,3.8670434478982645e-13,1.8617717891885583e-13,2.7451559443830364e-13,2.007412391216305e-10,2.517107936869289e-06,2
681,04:38:00,2.046606856372906e-11,8.608720461600107e-12,1.0336562810929035e-12,6.892999628401347e-13,8.446217351141361e-13,4.14599322572971e-10,2.643591824958648e-06,2
682,04:38:30,8.097632223921517e-12,2.680980660047354e-12,4.0693352683018237e-13,1.5146156927619488e-13,2.3136218655351286e-13,1.7095474825593474e-10,2.5615646887280705e-06,2
683,04:39:00,2.1949842120746913e-11,5.839058999027513e-12,1.006620327774565e-12,5.149256961890747e-13,5.404509246449311e-13,5.862576792323225e-10,2.9601708772742644e-06,2
684,04:39:30,4.543830166320376e-11,3.422133033092537e-12,5.464221085922676e-13,2.079851466983256e-13,2.6512397134650177e-13,3.4748685733263563e-10,2.82037697360778e-06,2
685,04:40:00,6.318299257085231e-12,3.889864462164502e-12,6.512016167972504e-13,2.486611725940638e-13,4.5067323523476694e-13,2.0188872216359483e-10,2.6607863065716842e-06,2
686,04:40:30,1.942547131504471e-11,5.914234782322053e-12,1.1608756928302252e-12,1.6626818669958429e-13,3.062430252657613e-13,1.769477455520702e-10,3.006314949088421e-06,2
687,04:41:00,6.0382597100168595e-12,2.086830084543304e-12,5.484854890523884e-13,9.30303664285407e-14,9.728099372090701e-14,9.015889217233776e-11,2.9921254220486724e-06,2
688,04:41:30,5.9196569964662155e-12,2.743583620555834e-12,7.27524800853759e-13,3.8087618681207246e-13,7.615866746050452e-13,3.2607762392710703e-10,2.9683200377194852e-06,2
689,04:42:00,2.3747851342889004e-11,6.385346291015785e-12,8.857735762857941e-13,3.502641823998416e-13,5.454485833717661e-13,2.829185471583861e-10,2.960087165106196e-06,2
690,04:42:30,3.620897294585074e-12,1.8730846295831224e-12,2.7450373227976845e-13,6.747010803347457e-14,1.5402273033607063e-13,9.741241559759877e-11,2.9614809476944e-06,2
691,04:43:00,8.97922868868724e-12,4.839437860766296e-12,1.4224461074116565e-12,1.1974415842343543e-12,1.150374208215371e-12,7.074773670292296e-10,3.0574151143499476e-06,2
692,04:43:30,2.5037700506026856e-11,2.243970245515971e-12,4.688974837475391e-13,1.1690077026971428e-13,3.22346539978442e-13,1.1276549400468326e-10,2.710080231131023e-06,2
693,04:44:00,1.719712301581599e-11,3.946431250515842e-12,4.1442508390897523e-13,9.201430709382679e-14,1.6886113540849432e-13,1.7504279473230555e-10,2.9245717123633617e-06,2
694,04:44:30,5.3404030950716526e-11,6.959012868388028e-12,1.6889028660117679e-12,3.2765121594290127e-13,3.9884246445331336e-13,3.346344724953862e-10,2.980734565237615e-06,2
695,04:45:00,1.370857362612862e-11,3.2348010280321603e-12,3.2452032190811477e-12,3.0099351311306907e-12,2.9634760835863605e-12,2.7672715961449105e-09,3.04735269266763e-06,0
696,04:45:30,2.4607654022848966e-12,3.921230127571879e-12,7.588833763673826e-13,1.2058196321032628e-13,1.497596110163604e-13,2.7913155860349875e-10,2.9986786760329203e-06,1
697,04:46:00,5.445584020287712e-12,2.253949222124676e-12,6.005051884820312e-13,1.2324802041928135e-13,2.354106829598981e-13,2.377173923556071e-10,2.960926697305938e-06,1
698,04:46:30,5.891224162510735e-12,2.1103649546041385e-12,3.725170134958054e-13,1.161626538083787e-13,1.7927014467163481e-13,2.1748202154776583e-10,2.893304885490507e-06,1
699,04:47:00,1.0129343846488931e-11,4.255938463884876e-12,6.468117688399528e-13,9.374553625612434e-14,2.1584339651348174e-13,1.573186063551337e-10,2.7504677481950218e-06,2
700,04:47:30,1.629893090480299e-11,2.9309573711742064e-12,3.2403795776441264e-13,8.55485645696596e-14,1.5607947488078126e-13,1.1712273877695715e-10,2.843574904742523e-06,2
701,04:48:00,4.0376992276821384e-11,3.617981373194964e-12,4.2432886182603235e-13,1.0165119107898495e-13,3.794454435020208e-13,1.0024695652536007e-10,2.9688584964566425e-06,2
702,04:48:30,2.1584904088680794e-11,3.971363849853796e-12,7.297115268638051e-13,1.8560961802216208e-13,8.973406065052254e-13,7.423076910005178e-11,2.247656552318275e-06,2
703,04:49:00,1.2854737524131287e-11,3.851574860952205e-12,4.580831051362128e-13,8.613096755174688e-14,1.9231174610038682e-13,1.1626756933891504e-10,1.7316842505526493e-06,2
704,04:49:30,1.0007142058678093e-11,2.7759206238948133e-12,3.69863299608533e-13,6.28091354424219e-14,1.5460425682930714e-13,1.6631760749708917e-10,1.751949785848889e-06,2
705,04:50:00,7.94555263254161e-12,4.18448474134152e-12,7.039162390450025e-13,7.516560547385444e-14,1.67160471285788e-13,1.3979452882401426e-10,1.8408517157619732e-06,2
706,04:50:30,1.0107921794106655e-11,2.7655357169500418e-12,5.130521353035051e-13,7.466192450101125e-14,2.0559499632921614e-13,1.5486944416482175e-10,1.6527286189490211e-06,2
707,04:51:00,1.3380514503545971e-11,3.035953798500048e-12,2.8596395943599734e-13,6.45570633724599e-14,1.0776152987817997e-13,2.533604599079897e-10,1.6113459917029977e-06,2
708,04:51:30,7.751475885225334e-12,2.058428016076147e-12,3.0564810117798994e-13,5.898191960982794e-14,1.159891062110047e-13,8.109242526015054e-11,1.6664564499502153e-06,2
709,04:52:00,1.214993417357576e-11,4.187771632364139e-12,5.53634385312156e-13,7.427553677917657e-14,1.2768994171476232e-13,6.81103226079064e-10,1.5939902308471073e-06,5
710,04:52:30,8.345655634107967e-12,1.6984718568691202e-12,3.5627435928641347e-13,7.17909570388086e-14,1.1427685364746482e-13,1.6158667127596292e-10,1.5780345907091274e-06,5
711,04:53:00,1.7176280679243503e-11,2.5860977979720314e-12,3.929859776173084e-13,8.921272504912679e-14,1.2322760048075084e-13,1.4981939445438612e-09,1.6294125654282986e-06,5
712,04:53:30,1.1449347287121764e-11,2.871647094794632e-12,4.239143549835151e-13,7.444844102101999e-14,1.878828693410467e-13,2.879355715873437e-09,1.7233430351857253e-06,5
713,04:54:00,7.782972148747858e-12,2.6321994352702346e-12,3.7468904011316225e-13,1.0484325516365795e-13,1.5427857711316117e-13,3.091002803119621e-09,1.7560745233164683e-06,5
714,04:54:30,1.1501870495342999e-11,1.9418328386012388e-12,4.3847120090242187e-13,9.229480360958086e-14,2.0364701574565257e-13,1.671902284836322e-09,1.6354438654716136e-06,5
715,04:55:00,9.810643762401833e-12,2.3236830350173755e-12,3.4254083700223256e-13,8.541143858100427e-14,2.0098082984124325e-13,2.502530516883275e-10,1.6662730055948558e-06,5
716,04:55:30,1.0415667133923075e-11,3.320060360752049e-12,5.698155987961559e-13,9.052273743116828e-14,1.6032609693323253e-13,2.366688166934214e-10,1.7162467402390186e-06,5
717,04:56:00,1.3666871385477287e-11,1.8118479645147313e-12,4.1884389475066174e-13,9.075349369446265e-14,1.7531121770485286e-13,9.056545357965378e-10,1.6292767596960683e-06,5
718,04:56:30,1.1808727313189163e-11,2.694850280862273e-12,5.25803757580912e-13,1.038098804741731e-13,2.2043689649244875e-13,8.728431216996316e-10,1.631955137698294e-06,5
719,04:57:00,7.568696982592474e-12,3.049825250607537e-12,3.619270210076904e-13,7.535913914724742e-14,1.3432858975418744e-13,1.5236979227701645e-10,1.6396654665503984e-06,5
720,04:57:30,3.106510875764579e-11,2.351172842146028e-12,4.667796285517286e-13,1.0730497881697506e-13,2.0140283209205095e-13,2.694382349571402e-09,1.6254319080276438e-06,5
721,04:58:00,1.1861738842762217e-11,2.522257948492092e-12,3.5540042007936555e-13,1.3109984275185236e-13,2.2037272032174838e-13,5.795273661551578e-10,1.5947773100925848e-06,5
722,04:58:30,8.831126538829227e-12,2.3952021545487803e-12,3.042108585010004e-13,8.400526840822871e-14,1.2319347113747684e-13,1.9589471271985634e-09,1.6646237515865328e-06,5
723,04:59:00,1.6093540954925883e-11,2.1715331946827937e-12,4.612264788971948e-13,7.935555978299213e-14,1.4033333838816633e-13,2.3226750280902737e-09,1.6487855349218304e-06,5
724,04:59:30,7.673933733800196e-12,2.517726619144104e-12,3.855849095916539e-13,9.728030914691221e-14,1.569208087460913e-13,2.0963469299421295e-09,1.6310059302597222e-06,5
725,05:00:00,2.107243672576719e-11,1.6847872241581799e-12,3.7195198400771987e-13,9.930063357445005e-14,1.7817622017397779e-13,1.3144895642270817e-09,1.5907839355975279e-06,5
726,05:00:30,2.4632666611648326e-11,2.4507851083241983e-12,5.320607120177578e-13,9.293589200618636e-14,2.0610564874273924e-13,7.846081068049215e-10,1.563776772769027e-06,5
727,05:01:00,5.0144405260647937e-11,2.5725595257525363e-12,5.554580012319554e-13,1.963227186912295e-13,3.2966606992607776e-13,1.3957651267276876e-09,1.9395145937163677e-06,5
728,05:01:30,7.300029925176716e-12,2.356544678248886e-12,4.439783945802506e-13,1.0274140492469798e-13,1.9222766817216224e-13,1.5112002338165254e-09,1.5662085940358415e-06,5
729,05:02:00,5.3054227666724495e-12,1.7218952811485174e-12,4.221848046422242e-13,7.192726969510153e-14,1.4587825234557476e-13,6.777008134263205e-10,1.5403786531832495e-06,5
730,05:02:30,8.316259990191352e-12,2.6421160481205663e-12,3.6630008676736245e-13,8.156768429354654e-14,2.3169393489339677e-13,5.194497656327604e-10,1.5192937421578649e-06,5
731,05:03:00,1.0700425287565938e-11,2.244979977770169e-12,4.703595000760046e-13,7.540039617943083e-14,1.3179246624353414e-13,4.629230993066323e-10,1.5032381389230907e-06,5
732,05:03:30,1.3468353099111025e-11,1.835954430098488e-12,3.595552121491134e-13,8.53977193466359e-14,1.431799102960841e-13,5.242862411571334e-10,1.5467119350938495e-06,5
733,05:04:00,1.3929065495107879e-11,1.8504700548284284e-12,4.632492803389955e-13,8.527256914426694e-14,1.643367546990337e-13,5.127988833570075e-09,1.520890573149801e-06,5
734,05:04:30,1.509548120808007e-11,2.3460248643634385e-12,3.433712647323753e-13,1.10431982240187e-13,1.9529684723464674e-13,5.020943917575137e-09,1.5073413856170292e-06,5
735,05:05:00,6.013740247274702e-12,1.346640263558007e-12,2.740217343327985e-13,6.107300709651016e-14,1.212386010898803e-13,3.747502694025166e-10,1.5007583464147802e-06,5
736,05:05:30,1.2268606144295052e-11,2.6667157179967264e-12,5.56112292985236e-13,7.025303945714821e-14,1.3221330192151871e-13,5.872653162424827e-10,1.4754533239800392e-06,5
737,05:06:00,1.1372337779134958e-11,2.6605210487692827e-12,3.041401079614281e-13,7.913060132275425e-14,1.3335792423965415e-13,9.595007940876363e-10,1.7615469684053634e-06,5
738,05:06:30,8.620703159548127e-12,4.100135187178902e-12,1.0887798502042513e-12,5.158308622476011e-13,6.464505214739528e-13,9.947749092532592e-10,2.5022219126007016e-06,5
739,05:07:00,6.659962660898419e-12,3.62803529039067e-12,4.197736281805122e-13,9.249429054001379e-14,2.818268114322522e-13,1.0403812606296287e-10,1.6412676951374056e-06,5
740,05:07:30,7.920716859206727e-12,3.510661457705176e-12,4.547463153269223e-13,8.842384504454305e-14,2.482416406138189e-13,4.378697555773457e-10,1.6561837085686468e-06,5
741,05:08:00,4.861993628102609e-12,1.5571095324522831e-12,4.981119059241254e-13,1.6717073237649615e-13,2.581402695166937e-13,1.613012534974273e-10,1.835169794933762e-06,5
742,05:08:30,1.4919818440827493e-11,1.6589961467637436e-12,2.8140830582592134e-13,7.28085532713265e-14,1.0008504046093157e-13,2.7315820627911284e-10,1.7292147429203473e-06,5
743,05:09:00,1.1270275364794013e-11,2.6035305859773098e-12,3.848099275916353e-13,8.671987077320645e-14,1.7726419291411157e-13,1.652376202120927e-09,1.7481381697181367e-06,5
744,05:09:30,1.0446365825477154e-11,2.413402688798316e-12,5.778254586549575e-13,7.68004104099162e-14,1.4106892208138637e-13,9.999425100285255e-10,1.7368682710661427e-06,5
745,05:10:00,1.0697120557964248e-11,1.9386992256401463e-12,6.782877716253366e-13,1.994884409525341e-13,2.2377090665441083e-13,3.092386040872143e-10,1.8228051947695954e-06,5
746,05:10:30,5.85066300141145e-12,2.368932261547282e-12,4.656831549488795e-13,1.0512012402751082e-13,2.950801139843867e-13,1.0566985755712594e-10,1.5644553549028578e-06,5
747,05:11:00,1.2550321105876641e-11,1.74614037397582e-12,4.0519693468151704e-13,8.132144952532926e-14,1.4634564330893957e-13,7.116675244688108e-10,1.6103581462523566e-06,5
748,05:11:30,6.940779254696696e-12,2.2394324925402115e-12,4.543648679804055e-13,1.0044523604282501e-13,1.9275108532325514e-13,8.401346247455889e-10,1.5847591291513287e-06,5
749,05:12:00,1.1547430012233122e-11,2.7868941844558704e-12,2.976090220012021e-13,8.564912905689494e-14,1.4564867162682772e-13,3.3628943279979067e-09,1.624561064579635e-06,5
750,05:12:30,6.271919960526271e-12,1.9327632606639638e-12,3.726135961226896e-13,7.525692194762618e-14,2.0573695131959582e-13,2.405894337267909e-10,1.6257620893922177e-06,5
751,05:13:00,7.42413000260903e-12,3.2205119429128622e-12,6.859607285774526e-13,7.91941728381628e-14,1.6870380635825585e-13,6.68533784970704e-11,1.629921402437323e-06,5
752,05:13:30,5.4448018034619e-12,1.1215673633973503e-12,4.766380875194605e-13,9.489609138960588e-14,2.0401651756034356e-13,2.639956965579036e-10,1.7847775234743642e-06,5
753,05:14:00,1.82589924724973e-11,4.125515268565242e-12,4.917098670423684e-13,9.301115492721813e-14,1.9753953118301363e-13,2.238749929144813e-09,1.5885556848065512e-06,5
754,05:14:30,1.0291619134397658e-11,3.0644018233945854e-12,4.5221664374427905e-13,1.532890361051192e-13,2.336523415988053e-13,7.264966718757231e-10,1.6139235759033697e-06,5
755,05:15:00,1.8909512002959247e-11,2.5860767182524284e-12,5.668460807891724e-13,2.003830930016524e-13,2.82481726093618e-13,1.3194837611565406e-09,2.0284534521293956e-06,5
756,05:15:30,9.079299643436237e-12,3.215629410181383e-12,4.462050561141326e-13,7.969577334529274e-14,1.1530127496743433e-13,2.8810011083146907e-10,1.6349343800435616e-06,5
757,05:16:00,9.764632573283035e-12,3.257111207778424e-12,3.287495296128329e-13,8.175147118494148e-14,1.7967112972536184e-13,2.072190270682025e-09,1.6683392810320836e-06,5
758,05:16:30,1.0187971415317211e-11,1.7883941383956708e-12,3.0382823257674476e-13,8.502795492264977e-14,1.7074590944901862e-13,7.615196631074056e-10,1.6625197546002777e-06,5
759,05:17:00,1.4277154614334848e-11,2.3128059931695167e-12,3.5137002593394917e-13,9.645558364240616e-14,1.472998216863965e-13,4.750542681233246e-09,1.691017503444467e-06,5
760,05:17:30,7.58247224921595e-12,3.100484133638221e-12,7.467381711309181e-13,1.4414068990442532e-13,2.8964434411954465e-13,1.801244637742074e-09,2.0681027784749833e-06,5
761,05:18:00,1.4543898089472465e-11,2.462214263725341e-12,3.6258142070630473e-13,8.125654925127565e-14,1.4475461599352674e-13,1.80661525324394e-10,1.8022240771919985e-06,5
762,05:18:30,6.955068875221538e-12,1.6180069934445375e-12,3.6113611175089273e-13,7.522713171841287e-14,1.2679040697384836e-13,1.1501662391578257e-10,1.787979995747105e-06,5
763,05:19:00,1.0703189268709834e-11,2.4047414177546294e-12,3.155562032432971e-13,7.191203947507786e-14,1.2327328619587887e-13,2.975450715385549e-10,1.7279901063708303e-06,5
764,05:19:30,1.5469632935982858e-11,3.0140831322740375e-12,3.413472402918227e-13,8.984777165269538e-14,1.8794881062132204e-13,3.4558631326646e-10,1.8231848351663856e-06,5
765,05:20:00,1.0826529039847133e-11,1.5638420379144337e-12,3.3352483679750116e-13,7.860397736107828e-14,1.9398824526025664e-13,1.936350682807691e-10,1.4621155050865189e-06,5
766,05:20:30,1.8049389510423324e-11,2.1741100672204584e-12,4.452653436175576e-13,7.453582226123991e-14,1.1263963677582858e-13,1.8306076625761375e-09,1.5044078415089778e-06,5
767,05:21:00,5.48958499201297e-12,1.5086298344125432e-12,3.092528141247617e-13,5.737551811621508e-14,9.756677072627138e-14,3.3175671294776304e-10,1.447294075966592e-06,5
768,05:21:30,6.473789134202256e-12,1.959235049893802e-12,2.9665819469872834e-13,7.183278336998777e-14,1.6393279609016465e-13,4.0383436353288516e-11,1.952689486607149e-06,5
769,05:22:00,5.106774720466619e-12,1.662703863880663e-12,4.4119838625716997e-13,9.173564118990994e-14,1.7888462652271497e-13,5.2683104184677644e-11,2.5313975091214016e-06,5
770,05:22:30,5.3775340356139e-12,2.275822688915245e-12,5.026994615106239e-13,1.1261556978096737e-13,2.596410871305144e-13,1.5000608776154246e-10,1.990295381350897e-06,5
771,05:23:00,4.132855554709104e-12,1.960453533579641e-12,2.874147643054818e-13,8.576113793490725e-14,1.4538345348059286e-13,4.603518289283581e-11,1.480788050565674e-06,5
772,05:23:30,8.80915723542018e-12,2.815906977855274e-12,3.3436266143898993e-13,7.959799187809367e-14,1.397974207546554e-13,2.1337782327068173e-10,1.4882798551656397e-06,5
773,05:24:00,1.5809054025630254e-11,3.4651149008467247e-12,4.969676936597964e-13,1.2281582659784487e-13,1.9699702102335406e-13,4.5176930616289485e-09,1.533955092263057e-06,5
774,05:24:30,6.896569368379936e-12,1.4115658943936756e-12,2.0330636479834495e-13,7.366961353095218e-14,1.118456916752197e-13,2.1137374242531095e-09,1.4818540391132322e-06,5
775,05:25:00,1.463469883797328e-11,2.407690384677958e-12,8.314638989460094e-13,8.687972353030785e-14,2.0004541284726578e-13,4.696113112968644e-10,1.5659955182835506e-06,5
776,05:25:30,1.234043491029527e-11,2.517658472071905e-12,5.251271853933738e-13,7.796139026601808e-14,1.3362629680935765e-13,1.315011940352348e-09,1.5028382479193265e-06,5
777,05:26:00,1.0382406795734432e-11,2.3404588207612297e-12,5.501849591939068e-13,8.995971396203424e-14,1.4922068468167174e-13,1.3637315574909095e-09,1.5747068431817236e-06,5
778,05:26:30,7.478743362254081e-12,1.6537784601781133e-12,3.029436378793388e-13,9.034906070596974e-14,1.7465943589846796e-13,2.693865879783245e-09,1.4944909778552736e-06,5
779,05:27:00,1.1515633673113568e-11,1.7849537988698325e-12,3.727564595365481e-13,8.897812944830617e-14,1.7431548600604747e-13,1.0273369672602804e-09,1.5239993123024212e-06,5
780,05:27:30,1.1085237448705746e-11,2.5617615451775005e-12,3.8964239264828187e-13,8.012543273617072e-14,1.5725498080625492e-13,1.214572780992303e-09,1.5174083464353407e-06,5
781,05:28:00,1.240971527749432e-11,2.432819588386938e-12,5.969934860044397e-13,2.6111948732708437e-13,3.305737532321749e-13,1.4097878035233405e-09,2.0874917647481005e-06,5
782,05:28:30,4.904519368643583e-12,1.6544889912219953e-12,4.0163764705653863e-13,7.009628926318571e-14,1.989397212864578e-13,3.9671051203104296e-11,1.6107790276781434e-06,5
783,05:29:00,6.8639490966154624e-12,1.8434760212049166e-12,3.758723309120772e-13,7.679655725721553e-14,1.4535010715239527e-13,5.662075074552134e-11,1.6313898138020245e-06,5
784,05:29:30,6.641959499134869e-12,2.2725870014956698e-12,4.687803994137115e-13,6.616991797358572e-14,1.4911320055725178e-13,3.932836728393189e-11,1.5929876818913352e-06,5
785,05:30:00,5.280038718882107e-12,1.6377993880428855e-12,3.1582153051712165e-13,7.626414565238278e-14,1.7138553003937564e-13,3.809817197494452e-11,1.6405785531673824e-06,5
786,05:30:30,1.2605683101636825e-11,2.806846236674027e-12,3.9321159339106835e-13,6.87076928502465e-14,1.3434069284123916e-13,2.5538272471123775e-10,1.6109076836308267e-06,5
787,05:31:00,4.022292247019375e-12,2.7059719125728726e-12,6.23943925472196e-13,2.8010438755188503e-13,3.7479103511671686e-13,3.912342091151933e-10,2.2235565706497484e-06,2
788,05:31:30,4.387770091622223e-12,1.9050252898693128e-12,6.527120332926106e-13,8.240337546656498e-14,2.006723741794981e-13,4.529233353238819e-11,1.6385419847916295e-06,2
789,05:32:00,9.23661562842734e-12,2.3517197761664627e-12,4.779450012418862e-13,8.775307015411454e-14,2.2655276656438277e-13,5.789932881303332e-11,1.5322779697406024e-06,2
790,05:32:30,4.456464370462257e-12,1.2530049521397852e-12,2.939144065192953e-13,7.432602845281593e-14,1.4283909132080847e-13,4.741811641938037e-11,1.5736278089020837e-06,2
791,05:33:00,1.1731233238198103e-11,4.518082176520521e-12,3.7641772447898943e-13,1.0025271631020856e-13,2.53911110157903e-13,3.436083239791436e-11,1.5475509606885224e-06,2
792,05:33:30,7.52791292257449e-12,2.3130856802252782e-12,4.639998280381048e-13,1.0894108376969445e-13,3.6638955395519263e-13,1.9341331788859423e-10,1.5646889266108809e-06,2
793,05:34:00,4.239536545943434e-12,1.0439839487902936e-12,3.822824432294396e-13,8.137368609605098e-14,1.1975870119009317e-13,3.5309569443999516e-11,1.5623613147084121e-06,2
794,05:34:30,8.706300387355068e-12,3.1670428598125195e-12,4.728461674489831e-13,8.588497946401661e-14,1.924663929282786e-13,5.3568980819022926e-11,1.5377826119338996e-06,2
795,05:35:00,6.21764628598137e-12,1.6349979372661646e-12,4.396044674957327e-13,7.805749184510759e-14,1.8239525253913342e-13,5.376029614061854e-11,1.5782872533680665e-06,2
796,05:35:30,5.66588819439165e-12,3.0104312757411656e-12,3.9864016425718335e-13,1.4099540461974854e-13,8.288766589084505e-13,4.213633591738195e-11,1.5578668696844119e-06,2
797,05:36:00,5.438967247147271e-12,1.47774817743476e-12,2.369347254672688e-13,6.086798936782097e-14,1.1418704694725991e-13,3.5915671557380346e-11,1.5603223904251803e-06,2
798,05:36:30,8.31686633500834e-12,2.480222276002342e-12,5.243963375899207e-13,1.7842838548333433e-13,2.6777968819253846e-13,5.274486803145106e-10,1.8551894039008945e-06,2
799,05:37:00,1.0038458381549683e-11,2.7482456928144578e-12,6.095444195145154e-13,9.08138234576246e-14,1.9235633433000474e-13,8.754284701089991e-11,1.6080647023430623e-06,2
800,05:37:30,7.819283029225212e-12,2.6025315502821073e-12,4.057021667890228e-13,8.8879121789693e-14,2.911517415079218e-13,5.896711791648136e-11,1.613286170815083e-06,2
801,05:38:00,6.778746559503583e-12,1.8936126972780006e-12,3.0780528359924835e-13,7.300616354930441e-14,2.0392716333252992e-13,4.373369738709817e-11,1.638071463062544e-06,2
802,05:38:30,9.837107050603485e-12,1.8729534926257983e-12,3.6580124308754927e-13,6.491426626364041e-14,1.520944293507811e-13,4.231509707904305e-11,1.625357923786889e-06,2
803,05:39:00,1.0772997145728609e-11,3.0474198891332583e-12,4.696461803171228e-13,8.979264900299627e-14,2.3853802370468765e-13,5.5637208608265776e-11,1.702146722916599e-06,2
804,05:39:30,9.870323537899913e-12,2.4301879090531426e-12,3.3905451125697835e-13,8.492324389368248e-14,2.0725718953276001e-13,5.643542967351554e-11,1.6580909634143236e-06,2
805,05:40:00,8.958534452685344e-12,4.009918857902441e-12,5.821871429606686e-13,2.0746598406134504e-13,1.2559811957156794e-12,4.183677818249755e-11,1.6288217404792877e-06,2
806,05:40:30,7.31907367412241e-12,1.0861146002604354e-12,3.467954022636091e-13,7.613213605296443e-14,1.3438507214693126e-13,4.771656336485609e-11,1.709081151244641e-06,2
807,05:41:00,1.5162280041133443e-11,3.4144728099810534e-12,3.853644672454999e-13,9.97961387331751e-14,3.634803758891597e-13,4.277383476574433e-11,1.6673464783149077e-06,2
808,05:41:30,1.8446800267599994e-11,5.743000960378016e-12,6.917066020883609e-13,1.0885974657469475e-13,3.7261214596894894e-13,3.8045949247505805e-11,1.6627233323680751e-06,2
809,05:42:00,7.896030844244965e-12,2.9796470979441598e-12,7.923971833956994e-13,2.2811151085601093e-13,1.5423348955597538e-12,3.929791617693193e-11,1.6690913724124484e-06,2
810,05:42:30,9.93226459039901e-12,2.0161369058704472e-12,5.880120401630145e-13,8.876507196301842e-14,3.3291998274081857e-13,3.3188394492291586e-11,1.683963074965176e-06,2
811,05:43:00,6.082486121932618e-12,2.2207190713796947e-12,3.5712971246711336e-13,6.61977227391712e-14,1.63781449921591e-13,4.193641717942599e-11,1.680940186011502e-06,2
812,05:43:30,3.633459294013994e-11,2.6531522496837746e-12,5.484011076818855e-13,8.36983104890148e-14,2.7006080091581023e-13,4.554406413646016e-11,1.6595531366390847e-06,2
813,05:44:00,1.4712643964450347e-11,2.613177043777283e-12,5.790848189227392e-13,1.1306496871142636e-13,2.771567120616325e-13,4.331031965172428e-11,1.7331363316021785e-06,2
814,05:44:30,1.1481232442333092e-11,4.9076121817071096e-12,6.670644932853726e-13,1.257391337377805e-13,4.98127914561712e-13,4.562591893469655e-11,1.7830043585261464e-06,2
815,05:45:00,7.181818281697533e-12,2.300358626621802e-12,3.6268587327144953e-13,7.364439664338895e-14,1.3092247545032863e-13,4.025924990002603e-11,1.8181134926512858e-06,2
816,05:45:30,8.841359146750422e-12,1.5288771492092323e-12,3.1894624599933524e-13,7.462597297269721e-14,1.7244595321413919e-13,3.917872157360705e-11,1.7491567276901724e-06,2
817,05:46:00,1.760628981237727e-11,5.432365283844165e-12,8.974260524209404e-13,1.0193042363903512e-13,3.3200907209249527e-13,4.393572470878396e-11,1.7232344108515169e-06,2
818,05:46:30,1.4542395450540484e-11,4.726284772932656e-12,1.2602359161648782e-12,5.926277198998107e-13,1.3741356155401734e-12,1.134046721431634e-09,2.3076985881150236e-06,2
819,05:47:00,3.6373718117277143e-12,2.4064586167948003e-12,4.244513323884492e-13,1.377303126530258e-13,2.733657560307262e-13,1.807352816753403e-10,2.433299808980093e-06,2
820,05:47:30,9.439404882981369e-12,2.614166815862705e-12,4.527837228367906e-13,1.1189507589301165e-13,4.664956144563255e-13,2.350635238019047e-10,2.0633349178302296e-06,2
821,05:48:00,1.6323858479900987e-11,3.81421864392975e-12,7.636501714702128e-13,1.6052831452598275e-13,7.00614453507818e-13,9.669940861806813e-11,2.2073167408232684e-06,2
822,05:48:30,1.3189622161397328e-11,3.7454981654607455e-12,9.9746842010907e-13,2.618858094039834e-13,1.8166940197129833e-12,1.7347501725153752e-10,2.1303294264012513e-06,2
823,05:49:00,1.7191609521750352e-11,4.337538774847678e-12,7.762627252625777e-13,3.7454075612187033e-13,2.751817866546852e-12,1.0740824846425737e-10,2.003026001018523e-06,2
824,05:49:30,4.971735105712335e-11,6.1964077468936825e-12,1.3314285568917751e-12,7.439056987700595e-13,1.2339532763326113e-12,9.224259643983394e-10,2.4408094514592114e-06,2
825,05:50:00,5.46777045138222e-11,1.5986231785408974e-12,4.703354712402847e-13,1.376310518638496e-13,3.013262523237055e-13,1.167557087750347e-10,2.1799426423593774e-06,2
826,05:50:30,8.900759794638012e-12,2.5974713134319213e-12,6.526139518624042e-13,2.1883945184899925e-13,1.3031195279223483e-12,6.332136346688995e-11,2.213740996215568e-06,2
827,05:51:00,1.6754114601745045e-11,2.7918909540137104e-12,6.180090237738701e-13,2.657752798021317e-13,1.7202686435644491e-12,5.02246880749904e-11,2.141210947888752e-06,2
828,05:51:30,1.5794181819868253e-11,2.2447199386803388e-12,8.754139996648352e-13,1.5841324489948627e-13,7.785449944776e-13,1.4556562701415878e-10,2.1366724937722394e-06,2
829,05:52:00,1.678251025808623e-11,1.8697663186190354e-12,9.016473995821166e-13,2.1881378100051227e-13,1.3093539832992597e-12,1.0092256078769016e-10,2.1286613726274533e-06,2
830,05:52:30,1.850272429337376e-11,3.527894254812485e-12,6.927731659028699e-13,4.4231729804650937e-13,3.274636745195521e-12,7.494987118044037e-11,2.205064470106655e-06,2
831,05:53:00,2.4484872172075394e-11,3.882489493830041e-12,4.929597532508281e-13,1.2107163251249003e-13,4.335531204334063e-13,1.1514131917589125e-10,2.215040903734138e-06,2
832,05:53:30,1.4833645740899622e-11,3.0015154669605393e-12,6.051251534496248e-13,1.1003715738430618e-13,3.307836866962508e-13,1.0935504239017616e-10,2.199806248188565e-06,2
833,05:54:00,1.3754927527448561e-11,1.9620405200003175e-12,8.649675951608967e-13,1.904637151689154e-13,1.0576674243907488e-12,7.057570524303613e-11,1.8912852167301491e-06,2
834,05:54:30,1.934232513770999e-11,2.3901586130064312e-12,5.144879102303577e-13,2.170940920492296e-13,1.3687238861187668e-12,6.781004918538341e-11,2.052085448965217e-06,2
835,05:55:00,2.0953539496982413e-11,4.0124899075352e-12,7.44013843019862e-13,2.0861193232802196e-13,1.042535528347477e-12,8.444449736781978e-11,1.9741130724383957e-06,2
836,05:55:30,4.58924021091126e-11,2.4179715393251394e-12,6.69467035881809e-13,1.796848347000834e-13,8.527519063085084e-13,1.4864490935300028e-10,2.267802671299807e-06,2
837,05:56:00,1.9838568885863532e-11,4.78420971719617e-12,1.0430057564622564e-12,3.203666514487588e-13,2.298570266903725e-12,7.847891303080626e-11,2.1653679825100885e-06,2
838,05:56:30,1.9234649122697545e-11,3.3791208698744985e-12,7.025488751552932e-13,1.4575279313979886e-13,5.774665270121307e-13,7.983063458386615e-11,2.1665897492536344e-06,2
839,05:57:00,2.5704470296951682e-11,3.944813427537973e-12,1.0450153824948388e-12,2.263523034029418e-13,1.3993026960189185e-12,8.523329584344348e-11,2.1678729266436526e-06,2
840,05:57:30,2.073201825146567e-11,3.9441832811173675e-12,6.217220700837899e-13,2.979683251718891e-13,2.1237587400582005e-12,8.016849058095721e-11,1.8844190242635123e-06,2
841,05:58:00,2.4460604292369274e-11,2.4595931685188184e-12,8.532525022353283e-13,8.564366546307954e-14,2.8087535037807804e-13,1.1129784497433429e-10,2.0837098168929333e-06,2
842,05:58:30,2.111245511531601e-11,3.213735384105147e-12,7.866132744780278e-13,2.3046225409859087e-13,1.196291087665926e-12,6.456797066814582e-11,1.9535136920937497e-06,2
843,05:59:00,3.553651585228362e-11,3.67859749652287e-12,8.087883405240471e-13,2.5636495119343973e-13,1.69574913526091e-12,9.296610125511198e-11,2.0539216490479145e-06,2
844,05:59:30,3.1854319774446864e-11,3.850264400915541e-12,8.426872006702098e-13,2.7190843724151217e-13,1.917255079191823e-12,1.0351414728248065e-10,2.030922580608884e-06,2
845,06:00:00,3.6570918016013425e-11,3.4177839245811956e-12,6.453097023139632e-13,9.92503959108694e-14,3.2398168638852943e-13,1.567562180443564e-10,2.0491499854250428e-06,2
846,06:00:30,2.0465461843879307e-11,3.1414667701728705e-12,6.609228188922802e-13,1.878877593691071e-13,1.0685908871001045e-12,1.8972902309060043e-10,1.980185875201409e-06,2
847,06:01:00,2.33241763661007e-11,3.2167915077603546e-12,7.859270205406356e-13,1.9917767731367396e-13,1.068170206536005e-12,1.0636557966002174e-10,1.981758204167772e-06,2
848,06:01:30,3.872150706961945e-11,4.344210747381259e-12,8.86793068373925e-13,1.9070630906495703e-13,1.0382373723005495e-12,1.0440159227877256e-10,1.9089414945741376e-06,2
849,06:02:00,4.320665706442111e-11,3.3830564660028913e-12,7.9055947992963e-13,2.1092038260154549e-13,1.4207855980599532e-12,1.3558094422970923e-10,2.0716334750540714e-06,2
850,06:02:30,2.0584875097846563e-11,3.1540167669624157e-12,6.462416318575998e-13,1.5937873086609767e-13,9.386240937178343e-13,9.532528613156005e-11,1.950395879431962e-06,2
851,06:03:00,2.7534954447793925e-11,3.062598508433381e-12,8.058909335153367e-13,2.0654988072153998e-13,1.355155435604303e-12,1.8230214162612888e-10,1.9697589673525204e-06,2
852,06:03:30,3.499781815907136e-11,2.728024146241122e-12,6.08602951540682e-13,1.9302316215449185e-13,1.2795441639895764e-12,2.33487446829215e-10,1.9520580985893784e-06,2
853,06:04:00,5.128547223891492e-11,3.0519696883334784e-12,4.676619401055019e-13,1.8102354552134248e-13,1.0243260117764775e-12,1.8344805751230475e-10,2.0167852150149736e-06,3
854,06:04:30,6.471732598317754e-11,7.231846207888198e-12,6.896395871296019e-13,2.1339178761133623e-13,1.3543085131767049e-12,1.993253713100157e-10,1.9112332571641116e-06,3
855,06:05:00,3.404602227475859e-11,3.564024424641711e-12,5.231169322700503e-13,1.602479101605578e-13,9.62233632349293e-13,1.1168870863368621e-10,1.989467387989712e-06,2
856,06:05:30,7.274733166646394e-11,3.8628064091489194e-12,6.636859337965357e-13,1.6065336001203835e-13,9.271914119463074e-13,1.905590318231325e-10,2.0204503535456224e-06,2
857,06:06:00,4.4475127629492294e-11,3.3769924219136594e-12,6.444073027658151e-13,1.6511750300756222e-13,1.0547319108018192e-12,3.221667710728312e-10,1.8793289358312932e-06,2
858,06:06:30,4.413123159450112e-11,3.209002988506703e-12,5.546721499256268e-13,2.446512308172758e-13,1.7749933697218033e-12,1.581539733081383e-10,1.957696748654417e-06,2
859,06:07:00,5.070380459566091e-11,5.014458644819939e-12,5.559776443052245e-13,2.7592472389647553e-13,1.9094887086674366e-12,3.9320516425271454e-10,1.977571986022358e-06,2
860,06:07:30,3.966008935475087e-11,2.553813300210153e-12,4.832648020727464e-13,1.680042800646268e-13,1.0944362998461206e-12,1.832869404431027e-10,1.935348015195846e-06,2
861,06:08:00,6.509683322995748e-11,2.785062373382129e-12,4.3539109900740256e-13,1.4333974044578335e-13,8.438012829321522e-13,2.0666657420823356e-10,2.0136200307445734e-06,2
862,06:08:30,7.50370178093503e-11,3.599409229939045e-12,8.244785683849284e-13,1.6334668777003339e-13,1.0062243339023094e-12,3.6786906352974867e-10,1.9070600591407766e-06,3
863,06:09:00,1.0615877176019477e-10,3.455795728371134e-12,8.873522168686223e-13,9.19448228102729e-14,3.670924448639979e-13,6.165544495262376e-10,1.8911398772753794e-06,3
864,06:09:30,7.081011082113086e-11,5.6855000060227315e-12,1.2175015143332797e-12,1.2101346787916447e-13,5.819949269065202e-13,4.585673068858221e-10,1.914833874415032e-06,3
865,06:10:00,7.278373647377012e-11,4.779402998476121e-12,4.930630378241346e-13,1.2864256427461587e-13,6.165976566166775e-13,3.4879202833621066e-10,1.9735569411101236e-06,3
866,06:10:30,6.758905638585239e-11,2.7234361155347457e-12,4.118559570675867e-13,9.076628487876866e-14,3.313391559491829e-13,2.910956028172121e-10,2.0036368080178795e-06,3
867,06:11:00,6.209387921682844e-11,4.439394925466795e-12,6.263536780547582e-13,1.6279806617327226e-13,8.699749045657078e-13,2.50818897752952e-10,2.0058738595957114e-06,3
868,06:11:30,1.0578550621333583e-10,4.7487960251462464e-12,5.582277117499424e-13,1.6046382669406818e-13,8.557781859119983e-13,3.7194776850321563e-10,1.9241643975226342e-06,3
869,06:12:00,6.128479054026797e-11,4.693673967467575e-12,5.924265560219845e-13,9.729237198101276e-14,3.7986792577037716e-13,5.906949959092132e-10,2.0099340049295887e-06,3
870,06:12:30,9.734859736702624e-11,3.767866818345776e-12,6.831236921119422e-13,1.2731451871328212e-13,6.548552933342552e-13,4.1792113008954903e-10,1.89424974197228e-06,3
871,06:13:00,7.739172966215327e-11,4.562011915721222e-12,6.892862810041246e-13,1.215935294282159e-13,5.30015333689008e-13,4.645023989145702e-10,1.7878039354254115e-06,3
872,06:13:30,8.23968012022015e-11,3.132632937026114e-12,4.4651401238921104e-13,1.7946310172567074e-13,1.2246741120977788e-12,3.1121671714280345e-10,1.820176651882469e-06,3
873,06:14:00,1.0968678686160529e-10,3.8352876547038435e-12,4.0228226492485116e-13,1.0996460824377263e-13,4.944774184883949e-13,3.481804429731009e-10,1.8605979830695164e-06,3
874,06:14:30,1.680875491667616e-10,4.705015395215529e-12,1.4468351868951066e-12,7.445029439351333e-13,1.1356046739791313e-12,1.896557782055307e-09,2.353272038064695e-06,3
875,06:15:00,1.8816075309570342e-10,9.207135672184166e-12,9.996665440033113e-13,5.052850387843643e-13,4.921040222804656e-13,1.2419194403425801e-09,3.0995192995695483e-06,3
876,06:15:30,1.3620759750372486e-10,5.168767254718853e-12,5.741749368785537e-13,1.1632773821375787e-13,2.837523180250129e-13,3.3152355103860245e-10,2.5187726716330703e-06,3
877,06:16:00,5.441496116182518e-11,4.2334993985284474e-12,8.402957106717903e-13,1.0066369870579339e-13,2.77984237876147e-13,2.2727592202286676e-10,2.631601678808681e-06,3
878,06:16:30,2.4735829386404495e-11,7.310281991747028e-12,1.2011125350978602e-12,8.233396795715647e-13,6.807859077719039e-13,6.851480646813454e-10,2.77605057669193e-06,2
879,06:17:00,6.634748027160892e-11,4.4696408420127775e-12,1.0687938346545275e-12,6.336845410135684e-13,7.396707331644773e-13,2.654212654171987e-09,2.787060780245068e-06,2
880,06:17:30,1.9655728320908046e-11,4.181036257027847e-12,6.143178313735883e-13,3.23169270429727e-13,5.198425382538316e-13,2.9187454108710646e-10,2.5668963258234084e-06,1
881,06:18:00,4.672189804395409e-12,2.901220112051809e-12,2.629056095570916e-13,1.1167717264101405e-13,1.8331569017096035e-13,4.262452667004789e-10,2.2476903342257444e-06,1
882,06:18:30,4.8413554955774576e-11,3.35647874352043e-12,6.211305975975849e-13,1.3209028288784915e-13,4.3863929148102907e-13,1.8141327618673856e-10,2.22616243290529e-06,2
883,06:19:00,3.904250576156329e-11,4.436677929391605e-12,8.347822397131311e-13,1.7189848438492929e-13,7.626129240970397e-13,2.3545341762787424e-10,2.286008880363761e-06,2
884,06:19:30,1.512801088412119e-11,4.770193511030131e-12,7.669781942033278e-13,1.2958784978237463e-13,5.333394762201816e-13,1.21521723720753e-10,2.1725907905817287e-06,2
885,06:20:00,4.26836309292218e-11,3.749666022816025e-12,1.0747369903246017e-12,1.215214901738994e-13,2.897693046012061e-13,5.452297701887834e-10,2.576626342458013e-06,2
886,06:20:30,1.8002196903122078e-11,4.501570726801296e-12,3.6678221782091315e-13,9.181368201060201e-14,1.5994294103902213e-13,2.2314183240581033e-10,2.771720281049452e-06,2
887,06:21:00,1.886778935575694e-11,2.5445732012040944e-12,4.969584643775078e-13,9.214089411388216e-14,3.585924773241751e-13,5.706624854397294e-11,2.458338173340603e-06,2
888,06:21:30,9.719332392186452e-12,2.069352681272244e-12,7.010105165045867e-13,1.493700351920032e-13,7.5635364930405e-13,6.544377560789706e-11,2.388681120648257e-06,2
889,06:22:00,1.675896041297671e-11,2.2190840123474516e-12,7.873503288720266e-13,1.8459842652245726e-13,1.177779617683488e-12,8.806543259649262e-11,2.4092449608754473e-06,2
890,06:22:30,1.53739349166302e-11,2.789197761849299e-12,6.668064272910953e-13,2.2212347946571958e-13,1.490407226235186e-12,1.0113554246501415e-10,2.3569855452661196e-06,2
891,06:23:00,1.705363171585819e-11,2.217137031132529e-12,7.70385196040354e-13,1.445823256724126e-13,5.452998523568429e-13,1.559200127292066e-10,2.384025016423216e-06,2
892,06:23:30,2.205498500491822e-11,4.4156949905725884e-12,1.0832897851142916e-12,2.590028733836583e-13,1.33302665450539e-12,1.594761704400145e-10,2.396063013606665e-06,2
893,06:24:00,1.890462774084369e-11,3.948378863946637e-12,1.2302783237767563e-12,2.336009318143553e-13,1.4861944188549767e-12,2.16970057829355e-10,2.507846477717528e-06,2
894,06:24:30,1.944957981408555e-11,4.023685378905683e-12,7.269650336831698e-13,2.0120019069390971e-13,1.2089971702888247e-12,1.509425160460492e-10,2.3451482034801015e-06,2
895,06:25:00,1.7817894165290838e-11,1.766416281062457e-12,8.816690586716923e-13,1.4720280564061174e-13,6.376146729801994e-13,1.9639205260965044e-10,2.33221604805009e-06,2
896,06:25:30,2.3432909958461074e-11,4.061806070901062e-12,1.1743129444166926e-12,4.915044720472252e-13,1.8178046242123167e-12,1.0231745111338544e-09,2.6703161029727134e-06,2
897,06:26:00,1.1448286344103124e-11,3.251927270464067e-12,4.4797746891058055e-13,1.1819666993714896e-13,3.540940644134503e-13,1.1451483101623475e-10,2.5360452304906077e-06,2
898,06:26:30,2.7358891432926037e-11,3.2435994575538777e-12,1.1457953358897774e-12,1.7008110061582438e-13,7.752974235315119e-13,1.0046962474905393e-10,2.5241514703448206e-06,2
899,06:27:00,2.4140691244959226e-11,5.2945234491773825e-12,8.962289458445416e-13,1.503408716540538e-13,6.917051126374431e-13,7.121312220970843e-11,2.3856384929774514e-06,2
900,06:27:30,2.4728203232632716e-11,3.0100048969839653e-12,8.334646109069876e-13,1.4572977549006985e-13,8.066084303673864e-13,9.017137130375345e-11,2.2721241732055166e-06,2
901,06:28:00,6.30324586302181e-11,4.217569466884741e-12,7.914158261105603e-13,2.1859203670675946e-13,1.308361630288633e-12,1.434720433685014e-10,2.3338049638323063e-06,2
902,06:28:30,2.033233481016746e-11,2.1625889467642187e-12,6.785804050442023e-13,2.810325520814402e-13,1.5217297313931655e-12,1.7296483250673215e-10,2.3598065949020116e-06,2
903,06:29:00,2.9287914012330246e-11,4.559955346160882e-12,1.1022656490896132e-12,1.8864878050802476e-13,9.881330940484415e-13,8.894020643551047e-11,2.3194872452059745e-06,2
904,06:29:30,6.678191545745223e-11,4.505948810904603e-12,1.0135724283129285e-12,6.410012185208069e-13,2.2792445637325493e-12,1.718716417156015e-09,2.5403201682409368e-06,2
905,06:30:00,1.260572679330243e-10,9.997370853680649e-12,2.1840055085720084e-12,2.016500528244802e-12,1.9303415588741367e-12,2.991403567002366e-09,3.073710288402972e-06,0
906,06:30:30,1.526475450637966e-10,8.48676739843768e-12,2.613769671072616e-12,1.4926525948136492e-12,1.6859527013524545e-12,3.566420739775335e-09,3.0952640612159796e-06,0
907,06:31:00,2.7818539844756617e-10,1.5778096990252726e-11,2.9348706924056338e-12,1.2224388294458921e-12,1.4254850953762262e-12,2.1758019573416524e-09,2.8356719598801742e-06,0
908,06:31:30,1.2707011342668418e-10,1.0720434790638277e-11,2.509369186907744e-12,3.340769325053366e-12,2.540260504422602e-12,1.3342380855301084e-09,2.9564883534916543e-06,0
909,06:32:00,1.3192265440344596e-10,6.855190868253935e-12,2.2842864306303697e-12,1.9528204794275525e-12,1.7896281874925744e-12,2.8383639972759294e-09,3.0150118113904836e-06,0
910,06:32:30,9.392884898556203e-11,6.778985198432602e-12,3.116639039013811e-12,2.6159092318511027e-12,2.2668792971715275e-12,2.3473694515315408e-09,3.0306654300865424e-06,0
911,06:33:00,1.7707735558613127e-10,1.1466993366250225e-11,2.1349720690388693e-12,1.3381401379749627e-12,1.0766116367031883e-12,2.5173001497337145e-09,2.978701171780824e-06,0
912,06:33:30,1.608886347639444e-10,4.408189080699605e-12,1.3489357889609695e-12,9.119844849919305e-13,1.1032730111032132e-12,3.9042234308170635e-09,2.9718584504148244e-06,0
913,06:34:00,1.2738756456261354e-10,9.779063293722565e-12,4.5380398415708945e-12,4.038413198874263e-12,3.8937429328924045e-12,6.745404358837788e-09,3.135699413506755e-06,0
914,06:34:30,6.627902111429936e-11,4.489950315851789e-12,8.650716280751144e-13,3.8282901073215027e-13,5.700699888420074e-13,2.5024082486052326e-09,3.039505841802469e-06,0
915,06:35:00,1.2338584584975259e-10,7.229143999265742e-12,3.404229401382973e-12,1.699088639727473e-12,1.7703991028761869e-12,2.5053160550872275e-09,3.050472731407584e-06,0
916,06:35:30,6.581272272741452e-11,5.296233411127036e-12,1.4286586778531137e-12,6.700211558715598e-13,6.887170923498347e-13,1.5150378309851339e-09,3.007321935098496e-06,0
917,06:36:00,1.233348884268206e-10,1.0471356698419405e-11,1.4107937366383272e-12,4.2056476491655217e-13,8.480057743023735e-13,9.38343419961323e-10,2.939712776710376e-06,0
918,06:36:30,1.1508752091639958e-10,5.897231671643046e-12,1.3331621580956164e-12,1.1147986295258045e-12,1.3220764029379922e-12,2.1905887317826217e-09,3.085136143075958e-06,0
919,06:37:00,7.46862772796587e-11,4.220766891079944e-12,1.2807660651860028e-12,1.4667523331658602e-13,2.2352195107618056e-13,6.167638811237912e-10,2.871487402568584e-06,0
920,06:37:30,1.2695507250024543e-10,5.8505640399876455e-12,9.860422846544436e-13,2.0007172698307306e-13,3.4138570743830257e-13,2.0597944839165878e-09,2.9924612089355797e-06,0
921,06:38:00,7.672217309056997e-11,3.167810995285819e-12,8.438255913623687e-13,1.6125079032998371e-13,2.483334271456506e-13,1.7429160419620732e-09,2.812690322384458e-06,0
922,06:38:30,1.2623091837961744e-10,5.102477423302962e-12,3.768363014987795e-12,2.2326960558966076e-12,2.1032646274629597e-12,5.564355863366194e-09,3.0790107188897007e-06,0
923,06:39:00,6.684502258939959e-11,6.918192573918129e-12,3.6274937881423737e-12,2.9443415338045056e-12,2.8332956334705213e-12,5.012791192483482e-09,3.1063843809909317e-06,0
924,06:39:30,7.299801301433424e-11,7.015380649144635e-12,1.7909850196578895e-12,2.29016171354518e-12,2.5077418944685316e-12,7.830613247571579e-09,3.0123671616628934e-06,0
925,06:40:00,1.5322814641276718e-10,6.891618140872715e-12,2.1455959103490567e-12,6.378925262724129e-13,9.68242861488158e-13,3.4392876183009046e-09,3.047259745758958e-06,0
926,06:40:30,1.3742511423720957e-10,8.83050003130803e-12,2.038106329843334e-12,8.517832977214462e-13,9.726724766662038e-13,1.4764156804078893e-08,2.5077596922144898e-06,0
927,06:41:00,1.359409890879279e-10,7.169577341227856e-12,1.4333749296298692e-12,5.863797667216717e-13,7.185642857047434e-13,2.2287470901989488e-09,3.033912032449847e-06,0
928,06:41:30,1.4254628011368927e-10,8.464222295976325e-12,1.2016432467315458e-12,3.736529234266176e-13,7.437013021335072e-13,3.741150509222158e-09,3.1139707964158615e-06,0
929,06:42:00,9.595750869419046e-11,6.461750530657007e-12,1.9582453633119737e-12,1.6687209209961192e-12,1.089932138610725e-12,1.0145372238134426e-08,3.0218245768931596e-06,0
930,06:42:30,5.880211534480872e-11,2.9113646090491665e-12,9.098102536216155e-13,2.3667807973201453e-13,4.019326130991351e-13,1.8850236484309923e-09,2.980278976147838e-06,0
931,06:43:00,7.820167187418193e-11,4.86375569466605e-12,1.403813485831127e-12,5.223609393540515e-13,8.111247014730118e-13,7.777938477967059e-09,3.053748399435484e-06,0
932,06:43:30,1.252020672306687e-10,6.693679367349217e-12,1.9340994280443317e-12,1.4842580072516295e-12,1.3077401378820271e-12,7.401578344333677e-09,3.080061010289646e-06,0
933,06:44:00,1.0317233561800419e-10,5.978071464391909e-12,1.3448865160532235e-12,3.496502720831405e-13,4.998954488699475e-13,5.907246539973903e-09,2.948371042744285e-06,0
934,06:44:30,7.99186491283727e-11,3.2865564892620963e-12,1.144746304045674e-12,3.450348629099389e-13,4.053313426185188e-13,5.5172156567198804e-09,2.951067924263668e-06,0
935,06:45:00,1.4052198706547873e-10,7.360956271430594e-12,1.2770295022485216e-12,3.818785660325239e-13,6.203461725915726e-13,2.94584542214837e-09,3.0760305454670125e-06,0
936,06:45:30,5.2031180469917244e-11,4.5001290800768186e-12,1.0766309134528007e-12,3.9662020454583633e-13,5.920861480890356e-13,3.5036946133493035e-09,3.0492242779713903e-06,0
937,06:46:00,2.1927088334747162e-10,1.1626538354498589e-11,2.2463072222726946e-12,8.818049627341019e-13,1.3660466991345093e-12,5.803341150435478e-09,3.044215496007824e-06,0
938,06:46:30,2.1292817895211219e-10,9.681878527309632e-12,2.49090095849951e-12,6.380324196264888e-13,9.526568590561083e-13,7.665841816715848e-09,3.1014859764730554e-06,0
939,06:47:00,7.383272103039438e-11,2.4500670559016116e-12,1.112377810820004e-12,6.49658016065985e-13,6.838236459905636e-13,3.237677300325565e-09,3.0412467514118635e-06,0
940,06:47:30,9.731932965130431e-11,4.4525635283494584e-12,1.4538490528525107e-12,6.124147163276542e-13,6.893915054483239e-13,2.858435578387432e-09,3.0788288269993636e-06,0
941,06:48:00,8.046271880558033e-11,3.1235742063840335e-12,8.052638869065776e-13,4.315247585796774e-13,5.977705118273135e-13,4.938488544911057e-09,3.059496890324791e-06,0
942,06:48:30,9.991263146122333e-11,5.81615175106766e-12,1.436018974536402e-12,8.480907065717077e-13,1.0811052219270685e-12,3.2454342057363095e-09,2.998284065692425e-06,0
943,06:49:00,1.8493162279628347e-10,8.670254593911927e-12,2.0700494255321406e-12,9.830193580108137e-13,1.136758058825575e-12,5.080751004349117e-09,2.92251732805079e-06,0
944,06:49:30,2.456775940283718e-10,1.4059793158303675e-11,2.6113193745472465e-12,4.335513766269935e-13,8.150485680699975e-13,7.0347860435320476e-09,3.0385564562200516e-06,0
945,06:50:00,9.842894840086389e-11,9.677597951206988e-12,2.7682653447836145e-12,1.7779000577226842e-12,2.0686266984969542e-12,5.188009922732705e-09,2.9178547546283663e-06,0
946,06:50:30,1.4713237220454477e-10,1.0756701969926472e-11,1.7765041798183258e-12,5.535679824537809e-13,1.0510109429237927e-12,7.142454856667068e-09,2.8568807306926585e-06,0
947,06:51:00,1.2376114638644916e-10,4.314527300485345e-12,1.5770131925890064e-12,5.258985557675571e-13,6.521145771542771e-13,3.813720664713486e-09,2.9429378025172355e-06,0
948,06:51:30,1.7108641770039163e-10,6.0213042940739665e-12,1.4966431603290206e-12,4.511328825669336e-13,6.763081609564706e-13,6.655991954484163e-09,3.0707651829823147e-06,0
949,06:52:00,4.903102556159755e-11,4.291336522053498e-12,1.0290560986702002e-12,3.2956337795691683e-13,5.245210435000377e-13,4.014198380403611e-09,3.0119479356092266e-06,0
950,06:52:30,8.189422912393414e-11,4.312076830999627e-12,1.053315709420469e-12,8.530892614499152e-13,1.0675062522308855e-12,4.3415767109044135e-09,2.8151868075826094e-06,0
951,06:53:00,1.1138469011654331e-10,5.174672691219099e-12,7.86056339345705e-13,3.024774554717311e-13,4.870659691799286e-13,3.476712787367675e-09,3.0113456804805556e-06,0
952,06:53:30,1.712822879825363e-10,8.018607041025e-12,1.930714492913986e-12,4.033964551148796e-13,8.245511811790372e-13,4.791305732532838e-09,3.014013866546849e-06,0
953,06:54:00,9.811554738730341e-11,6.403686843767949e-12,1.7710542936717406e-12,3.246329185036048e-13,4.3714769316599483e-13,6.792719129105784e-09,3.0327494552543574e-06,0
954,06:54:30,1.2688621689214117e-10,3.651022861643612e-12,7.517638288854923e-13,2.285343468462564e-13,3.883201531178471e-13,1.994466329558876e-09,3.0580374636572093e-06,0
955,06:55:00,1.9466216424770372e-10,7.29923754290557e-12,1.6314392395069792e-12,3.2753849883699923e-13,5.302984033920969e-13,4.339459944159167e-09,3.027586968971021e-06,0
956,06:55:30,5.87795139019765e-11,4.05416423494402e-12,9.064464750969483e-13,3.9997383741167576e-13,5.216003035365975e-13,3.941918021209342e-09,3.056656790334008e-06,0
957,06:56:00,1.166864819628395e-10,6.43132335014774e-12,1.9237753172965403e-12,6.515956259596415e-13,1.015971472567815e-12,7.390175176155148e-09,3.07017482321518e-06,0
958,06:56:30,1.3678305355120596e-10,5.863040492643278e-12,3.4838589949172557e-12,2.7804249995090813e-12,2.500914341251633e-12,6.292140302068852e-09,3.051003035306908e-06,0
959,06:57:00,1.492134995536051e-10,8.657597250507627e-12,2.275484432796396e-12,7.343975486591275e-13,1.1540602136725537e-12,1.3188808938880179e-08,2.8914585728406953e-06,0
960,06:57:30,1.2880870590516127e-10,8.779509278887322e-12,2.2801776687330833e-12,8.614630952620552e-13,1.049123315966879e-12,1.0486530202317877e-08,2.921768110049951e-06,0
961,06:58:00,3.5010567126757856e-11,3.155733578968389e-12,1.5326431860953345e-12,7.328206468671792e-13,6.192668909581961e-13,3.3797843201081997e-09,3.0670088348478026e-06,0
962,06:58:30,1.3602968121601156e-10,8.907461947447427e-12,2.891320430646178e-12,9.805154426748017e-13,9.957045901222079e-13,1.3354312999099141e-08,3.0583090920576643e-06,0
963,06:59:00,1.1839804733077938e-10,6.708652302819424e-12,1.3975965628840071e-12,3.7675143171567704e-13,6.966301737219417e-13,7.830028162873435e-09,2.8373709633497797e-06,0
964,06:59:30,1.4117337909701542e-10,4.107130736420664e-12,1.4286031841369203e-12,4.2228946963602146e-13,6.103501351574471e-13,7.644563556513894e-09,2.967115924890996e-06,0
