index,start_time,eeg_delta_power,eeg_theta_power,eeg_alpha_power,eeg_beta_power,eeg_spindle_power,eog_var,emg_rms,label
1,16:59:00,5.5262923844138144e-11,5.5975213446638225e-12,1.8027381694761034e-12,1.6039294535154735e-12,1.200192027962272e-12,3.826265607390076e-09,4.733425097265908e-06,0
2,16:59:30,7.756294075668973e-11,8.183991476725532e-12,4.669192602035181e-12,2.887005572372109e-12,2.4202882984444495e-12,5.615365383799015e-09,4.691330109244142e-06,0
3,17:00:00,7.59318496800971e-11,5.621805391163547e-12,1.826731824396818e-12,1.6125097625183474e-12,1.4167072299756145e-12,4.904310033602812e-09,4.704553964192733e-06,0
4,17:00:30,1.242472388491778e-10,9.803452788570012e-12,3.757397688634271e-12,2.655816554921444e-12,2.150483139914328e-12,5.666957535827342e-09,4.669051305849701e-06,0
5,17:01:00,1.0753610570239572e-10,1.3162895123139011e-11,2.778995976070196e-12,1.617454703712209e-12,2.8577816897531286e-12,5.470479769391309e-09,4.688160185199727e-06,0
6,17:01:30,1.2112539923114977e-10,1.1719073073862132e-11,2.6541132711187116e-12,1.1110417647239174e-12,1.5147331224645593e-12,7.650129410735377e-09,4.75523935901082e-06,0
7,17:02:00,8.178772269284687e-11,7.970457976262187e-12,2.4308466004316626e-12,8.111375547284293e-13,9.447380394392564e-13,2.6967773672827654e-09,4.702031860952948e-06,0
8,17:02:30,8.754672343492601e-11,4.7987410470384705e-12,1.1634092829812274e-12,1.049661583933355e-12,1.2084143947247948e-12,3.330968475496162e-09,4.7656807441854346e-06,0
9,17:03:00,1.5059536173895806e-10,9.567885255906006e-12,2.2835267338614152e-12,1.0558072334775466e-12,1.5516046470174796e-12,4.467924893236198e-09,4.738176457885547e-06,0
10,17:03:30,2.706388541300179e-11,5.382940519260369e-12,1.3145219360670665e-12,7.519974282880896e-13,8.990825487028368e-13,1.3373565970273068e-09,4.7027727713949136e-06,0
11,17:04:00,2.870666191768603e-11,3.2404722006765714e-12,2.1068411402670066e-12,8.925723689939795e-13,1.4577272827442557e-12,1.1265947180555214e-09,4.7445105239596835e-06,0
12,17:04:30,3.7648959950569265e-11,4.478029896740643e-12,3.036089180274937e-12,1.1429656353687567e-12,1.4756184264133013e-12,1.763804082316577e-09,4.5602436977722395e-06,0
13,17:05:00,1.5643989671909596e-11,3.163345445344018e-12,1.3477760682944199e-12,9.51150824612825e-13,1.198069770820925e-12,1.2111471535783552e-09,4.732408280351206e-06,0
14,17:05:30,1.85052905982777e-11,2.881004351233532e-12,1.900117139883879e-12,9.418054944657453e-13,1.0243029395010548e-12,8.572356163552977e-10,4.6833912892261095e-06,0
15,17:06:00,1.0319114240052469e-11,2.6567074088397137e-12,1.8112748042465637e-12,9.082588786361567e-13,1.2549437420516106e-12,9.463540086188175e-10,4.673092427716156e-06,0
16,17:06:30,7.008271635705663e-12,1.944110590892275e-12,1.7384913169639999e-12,1.1590710264036041e-12,1.6234018080488458e-12,1.386938646376651e-09,4.7077821213730095e-06,0
17,17:07:00,1.800961214801095e-11,3.087154557899945e-12,2.136134937348062e-12,1.1601453541992844e-12,2.075495858997739e-12,1.2864080050417075e-09,4.721402688461336e-06,0
18,17:07:30,1.6331510778491175e-11,3.700836472530091e-12,2.071709269358056e-12,1.3364643002927078e-12,1.567122208577484e-12,1.5490999638837734e-09,4.719747908523171e-06,0
19,17:08:00,1.1478716846728723e-11,3.762612572815707e-12,2.7019403112989187e-12,2.0986833606414972e-12,2.396337587304735e-12,1.2315083832928985e-09,4.682335807515762e-06,0
20,17:08:30,2.3663157236920563e-11,7.784563624940234e-12,3.832231541912998e-12,3.2065925426313465e-12,3.4717490753417345e-12,2.303991224584307e-09,4.6659819011658475e-06,0
21,17:09:00,9.027294015667303e-11,9.530582629704953e-12,2.950155577336244e-12,2.047011510104369e-12,3.0930947592732327e-12,5.658407667406222e-09,4.725643684232392e-06,0
22,17:09:30,4.411087408062204e-11,8.742374169922982e-12,2.816803993654263e-12,1.0118102513014763e-12,1.280967611872174e-12,3.624681042487635e-09,4.674620349058215e-06,0
23,17:10:00,4.62472373499195e-11,1.2298832054434107e-11,3.5656419251566554e-12,5.864576587392014e-12,6.5574173136737025e-12,4.70457460122202e-09,4.65201304185174e-06,0
24,17:10:30,6.228954074172037e-11,8.413982561490102e-12,2.4391790236066784e-12,1.3744349576397142e-12,1.9852499993367315e-12,2.349078923696171e-09,4.63718318588869e-06,0
25,17:11:00,4.471013610399629e-11,7.602357627372943e-12,2.3064647827653892e-12,1.3140094845074375e-12,1.6267868747850982e-12,2.41414256486792e-09,4.5904335997769974e-06,0
26,17:11:30,5.7579135983596913e-11,6.702302053846519e-12,2.502089356346457e-12,1.1686157068690206e-12,1.1108570761403096e-12,5.58035352638248e-09,4.691667803317601e-06,0
27,17:12:00,6.104039744950854e-11,3.827919383988632e-12,1.2173635175426844e-12,7.682460184196436e-13,8.962600554315092e-13,5.615708965528285e-09,4.69244451400899e-06,0
28,17:12:30,1.9069820262840738e-11,5.310617352049855e-12,1.8067718914173194e-12,7.981680680634002e-13,9.820526910103796e-13,4.343304118072897e-09,4.731096189200901e-06,0
29,17:13:00,5.0671440654832564e-11,6.38198223272639e-12,2.655606470341019e-12,2.41019883381515e-12,2.1093431735699103e-12,1.4400558140576686e-09,4.718475040407728e-06,0
30,17:13:30,4.3403543216628977e-11,5.990026895485262e-12,2.7577773698589454e-12,1.3592590847843306e-12,1.4092089533124488e-12,3.6890963759722405e-09,4.670355228748399e-06,0
31,17:14:00,5.05575568241802e-11,6.9886296469085e-12,2.7958439519624042e-12,1.2010002198023393e-12,1.110156629304577e-12,3.8175226867615615e-09,4.687790477575015e-06,0
32,17:14:30,3.3467904484251984e-11,5.299888643388842e-12,1.8523464636726184e-12,1.294130127350699e-12,1.5240265051897268e-12,7.701468983686544e-09,4.7085702520871235e-06,0
33,17:15:00,2.3540485844964255e-11,4.30127371737463e-12,1.5972027304335122e-12,8.235293743965796e-13,1.4898327769959778e-12,1.6539766670417575e-09,4.696101951747794e-06,0
34,17:15:30,5.5520656818942375e-11,1.222013015720785e-11,2.717343338608627e-12,1.3809041998601254e-12,1.5761942181447617e-12,9.96843996725999e-09,4.6937467358908325e-06,0
35,17:16:00,2.3938981447293965e-11,3.703225654754111e-12,1.6650908801893097e-12,1.8076184946413661e-12,1.7579346413743005e-12,1.8658611683695518e-09,4.628808570230675e-06,0
36,17:16:30,6.822101502856583e-11,5.459312018499205e-12,2.5156246440195266e-12,1.2276530174099818e-12,1.1664441278376839e-12,2.000772903593438e-09,4.615095535322396e-06,0
37,17:17:00,1.852700752390152e-11,2.8608424289555086e-12,1.2548005661667864e-12,7.620706529947474e-13,1.186482783707481e-12,9.786082651642388e-10,4.510963374295633e-06,0
38,17:17:30,2.5390379090658996e-11,4.872720541584203e-12,1.7441073013292804e-12,1.0868899017801823e-12,1.1060052845268493e-12,2.0718735587916425e-09,4.624334520740492e-06,0
39,17:18:00,2.652447261447824e-11,4.14653955905687e-12,1.2311250387578462e-12,6.50023799208942e-13,9.777922000349884e-13,1.177891647651378e-09,4.7234606795035585e-06,0
40,17:18:30,2.3601334394126012e-11,4.082712816482626e-12,1.1857772678214668e-12,7.214756041267466e-13,8.330860894709816e-13,2.1234355881745595e-09,4.679344034704583e-06,0
41,17:19:00,5.0095707961600496e-11,6.0294699752171924e-12,2.0823000397868023e-12,9.196019104500777e-13,1.3602729069657787e-12,2.3670505839149165e-09,4.6853684296975805e-06,0
42,17:19:30,2.246561606037931e-11,3.1582075102574147e-12,1.4260746591198006e-12,6.428998754154386e-13,8.664651898967369e-13,9.805291256385568e-10,4.697586928264756e-06,0
43,17:20:00,3.3993772903930924e-11,5.080925437275369e-12,1.8379528366581114e-12,6.76369435476701e-13,9.428658790756579e-13,1.7661142182261637e-09,4.685938411859356e-06,0
44,17:20:30,3.120703983875906e-11,6.422628717148298e-12,2.0027209859630535e-12,1.3267580022548032e-12,1.7462231669144156e-12,2.4637881504186717e-09,4.743110022798978e-06,0
45,17:21:00,7.671576138387865e-11,7.596998970418942e-12,2.0889832514761273e-12,8.353563002363375e-13,1.034713943367993e-12,4.389882406862741e-09,4.754600571744395e-06,0
46,17:21:30,6.327902287662733e-11,8.110411077381004e-12,2.950415186539628e-12,1.0139204670943147e-12,1.8092430855617202e-12,3.819365564006148e-09,4.692961360293961e-06,0
47,17:22:00,1.1552043393790651e-11,4.171734549955626e-12,2.0719301243214923e-12,1.2817157129843212e-12,1.7107403417423331e-12,1.1949616047855069e-09,4.664706637621971e-06,0
48,17:22:30,2.9754339249666546e-11,5.5823140684078154e-12,3.026318056855052e-12,1.2905594380451187e-12,2.289559252055591e-12,1.455243337267479e-09,4.651053865461811e-06,0
49,17:23:00,3.438662016421631e-11,4.1014166199305495e-12,2.4462139821120446e-12,9.255476560443185e-13,1.529134908834068e-12,1.74553586925897e-09,4.705310261261241e-06,0
50,17:23:30,3.1497855554813357e-11,5.736099219964639e-12,3.6311681727491857e-12,1.7717573381381e-12,1.66438283765293e-12,2.4210957784067605e-09,4.706104745735779e-06,0
51,17:24:00,3.646903742146798e-11,4.964352747544438e-12,1.8072753998742879e-12,1.5424217278321311e-12,1.7514249961906203e-12,1.5450120438231558e-09,4.70087447115955e-06,0
52,17:24:30,2.962925781307163e-11,6.250209936095606e-12,2.090500332052806e-12,1.1828324427246932e-12,1.4024997575666435e-12,2.6626517346316615e-09,4.737987103411975e-06,0
53,17:25:00,7.436462741346043e-11,6.214316657621428e-12,1.4246680201583173e-12,9.009716952115122e-13,9.83832910723228e-13,2.9104552658846802e-09,4.769598205356808e-06,0
54,17:25:30,2.0198410961244742e-11,4.763844946517579e-12,1.883130254725998e-12,1.2512090444572416e-12,1.4111270089170076e-12,1.0921512411852945e-09,4.737256207269566e-06,0
55,17:26:00,1.5678505396383067e-11,4.262624829606517e-12,2.2037559231429734e-12,1.2401337663358076e-12,1.301817773167361e-12,1.4382142159008299e-09,4.703082085302818e-06,0
56,17:26:30,5.6458949441910475e-11,6.7028527367002006e-12,2.692844811217932e-12,1.2612004573511161e-12,2.3805557955945464e-12,9.612800590523011e-10,4.639779925140391e-06,0
57,17:27:00,2.2419787638601968e-10,6.916891169783975e-12,2.4251077439610317e-12,8.524733026146135e-13,1.4918469799683107e-12,4.428460966428338e-10,4.665988540039015e-06,0
58,17:27:30,2.612352467314011e-11,2.647875277140062e-12,1.4218071664830378e-12,6.696423413925193e-13,1.1729522250781436e-12,2.5318723417434607e-10,4.638678447836086e-06,0
59,17:28:00,1.8700078732732022e-10,6.736657195628129e-12,5.6231808438189615e-12,5.035129323872106e-12,6.435451123697583e-12,4.777807695772647e-10,4.6391470464815975e-06,0
60,17:28:30,7.279906018522477e-11,4.965736558901219e-12,3.638344181883759e-12,1.4401312721141482e-12,3.1323317671724206e-12,4.04581205753881e-10,4.6601604001532615e-06,0
61,17:29:00,1.2843954403836427e-10,3.2724948032653232e-12,1.5390165680359578e-12,9.405067025356532e-13,1.5629458948126237e-12,6.259629868673487e-10,4.669114170472801e-06,1
62,17:29:30,1.501014623046543e-10,3.019476724618933e-12,1.2892527957788468e-12,6.800312363128974e-13,8.604369869640608e-13,9.80357909604725e-10,4.681354626970805e-06,1
63,17:30:00,1.922874591756859e-10,4.213099220588376e-12,1.3666129032262948e-12,6.112329000493498e-13,1.2257317439123125e-12,5.11236797603276e-10,4.593322588162609e-06,1
64,17:30:30,1.2562389594050685e-10,4.122017106876657e-12,1.1354849343055847e-12,4.658808878970462e-13,8.019700858403018e-13,1.9570119692101544e-10,4.679371291027832e-06,2
65,17:31:00,1.2897393863517256e-10,3.3585446704699504e-12,1.1871565850902569e-12,4.606293939405446e-13,7.950620612733107e-13,2.5838554560051465e-10,4.697982737695392e-06,1
66,17:31:30,8.37240092229113e-11,2.1526163363996944e-12,7.52231810444893e-13,3.160871838418737e-13,6.996842948139381e-13,2.511741569531275e-10,4.7412616280739485e-06,1
67,17:32:00,9.53359585780412e-11,3.736080636812024e-12,9.963455349161282e-13,4.3946616576227503e-13,9.919897825661572e-13,2.153109602346705e-10,4.7517801442792955e-06,1
68,17:32:30,4.722687462216392e-11,2.754524133486081e-12,1.4929599569426027e-12,4.091599705120867e-13,8.200750404016322e-13,2.4025504683743455e-10,4.655284043303259e-06,1
69,17:33:00,4.985705015348834e-11,3.0687462275521806e-12,1.3170412288379334e-12,4.618580765579474e-13,1.0415215685316325e-12,1.949469061553977e-10,4.597092365924791e-06,2
70,17:33:30,8.267243858935561e-11,2.9915682594751965e-12,8.666047234089501e-13,4.0240405343001235e-13,5.178281449534886e-13,1.6946419352491725e-10,4.6431828346293904e-06,2
71,17:34:00,1.0750672419346493e-10,2.06825363629479e-12,1.505757155356788e-12,4.5046110783658074e-13,1.1559756419261768e-12,2.1233112825804236e-10,4.544234418135369e-06,1
72,17:34:30,5.288064054315784e-11,5.453087023635158e-12,1.5244459507179464e-12,4.813441614839907e-13,8.26596931965966e-13,1.7291311386517409e-10,4.554290888242326e-06,1
73,17:35:00,8.618970539024729e-11,3.648605504447518e-12,1.4939453552923646e-12,4.3985495351800093e-13,1.1882538119114663e-12,2.406945300403198e-10,4.479442960560779e-06,2
74,17:35:30,6.01297408056884e-11,3.3406497416098083e-12,1.196238568463972e-12,3.760204234211576e-13,8.059504575211226e-13,1.824768230283508e-10,4.3752105278037265e-06,2
75,17:36:00,5.138142508996785e-11,2.7894639246834475e-12,8.225608216570652e-13,2.788728876436228e-13,5.206142870821436e-13,1.72716849314495e-10,4.195168178868707e-06,1
76,17:36:30,9.49615538859701e-11,4.297444873365292e-12,1.566917506155884e-12,4.584786089781384e-13,1.1474690070785116e-12,2.6926658517806487e-10,4.139654670815093e-06,1
77,17:37:00,4.538794079562394e-11,3.0355185406775254e-12,1.3430526485090388e-12,4.290430395546274e-13,9.885657563601136e-13,1.907735067243322e-10,4.169144740754801e-06,2
78,17:37:30,6.681112429496715e-11,2.0128559026977397e-12,1.072652127792182e-12,3.2517842004783374e-13,4.682011638049962e-13,2.195502877718278e-10,4.02169089999985e-06,2
79,17:38:00,3.343087342195498e-11,5.9572620159256356e-12,2.4481206586409083e-12,1.5980679290581637e-12,1.6817518594112246e-12,5.246562003708073e-09,4.253603898671239e-06,0
80,17:38:30,2.1497807250340772e-11,4.171125889807448e-12,1.7807708512925137e-12,1.1169411990245398e-12,1.0591427725050402e-12,2.505725823314889e-09,4.666132287641851e-06,0
81,17:39:00,1.5492162699242523e-11,5.7638241750298306e-12,3.0087711227769482e-12,1.1508491532949589e-12,1.8663483364557332e-12,2.086480912400788e-09,4.649494489090282e-06,0
82,17:39:30,8.183920277660506e-11,7.721757003894515e-12,2.9936514898961127e-12,8.647367872885928e-13,1.2086698778738909e-12,6.118440782151943e-09,4.660215583762026e-06,0
83,17:40:00,6.899326890047635e-11,9.15439444219575e-12,2.2516170133261793e-12,6.081071416817541e-13,8.851749476420989e-13,3.981611740501871e-09,4.662706674157828e-06,0
84,17:40:30,1.3265061969298638e-10,1.6066782835054893e-11,3.873651393342739e-12,1.454513289446175e-12,2.2266244504882957e-12,4.696972180150479e-09,4.671853874332985e-06,0
85,17:41:00,1.2279757702502058e-10,1.3933774977303895e-11,2.761955465344612e-12,6.344400155057859e-13,1.0598478161839009e-12,6.106394767841994e-09,4.678286317721672e-06,0
86,17:41:30,8.471166905854068e-11,1.1728142102996785e-11,2.6809732250592495e-12,6.832215994277073e-13,8.948508692063975e-13,7.603365616877634e-09,4.6480060291551645e-06,0
87,17:42:00,3.6782798944506276e-11,8.819968763364736e-12,2.4453009767025383e-12,9.833849547417717e-13,1.665529813608205e-12,8.11507917681126e-09,4.693011164008291e-06,0
88,17:42:30,2.829268568358895e-11,5.498984271247164e-12,2.397013571871095e-12,9.914367911925335e-13,1.243172018443792e-12,3.0540741678549343e-09,4.737152154697363e-06,0
89,17:43:00,2.4799102837736018e-11,4.085505870392982e-12,1.6266691705865016e-12,8.687306551874846e-13,1.6355739385384234e-12,2.51899695413113e-09,4.652869740645426e-06,0
90,17:43:30,3.416832711247883e-11,4.416110286202522e-12,4.3426499182599355e-12,5.160724247185045e-12,5.5709190797297845e-12,1.4402627589640535e-09,4.723024563100523e-06,0
91,17:44:00,1.5595925658545404e-11,4.515931235046529e-12,2.2412287653286142e-12,1.1067324043661962e-12,1.2861745949989363e-12,2.5020353430521973e-09,4.6776165812980275e-06,0
92,17:44:30,3.045112112959206e-11,2.577039418522849e-12,1.617967005575523e-12,8.459550775319786e-13,7.59558781741008e-13,2.6205972135981236e-09,4.636931545613457e-06,0
93,17:45:00,5.0274004580114775e-11,7.532460221713913e-12,1.86657287988484e-12,9.558053138239323e-13,1.3437939027905288e-12,4.080813113450052e-09,4.678849081459491e-06,0
94,17:45:30,4.0508596572913656e-11,4.445409917051846e-12,2.2994227300686634e-12,1.1554643969179922e-12,1.5376153462663182e-12,1.7487328246065347e-09,4.707398815758289e-06,0
95,17:46:00,2.0941996946416423e-11,4.567662762666001e-12,2.4436305243908825e-12,1.2147732378884584e-12,1.180546717244514e-12,2.0235422841917188e-09,4.729026940135409e-06,0
96,17:46:30,2.512787945610685e-10,1.3820395960563788e-11,2.856766388869918e-12,1.0168198993150127e-12,1.6984222356161796e-12,8.019784506371679e-09,4.652614975796845e-06,0
97,17:47:00,1.4799017049350963e-10,1.878077903758906e-11,2.6310162047514846e-12,8.797529411085259e-13,1.1934274619603443e-12,8.947277338775861e-09,4.681297999457191e-06,0
98,17:47:30,9.905855528892747e-11,1.3300533833181282e-11,2.5120976051528493e-12,7.463293101146358e-13,1.0387384861798672e-12,7.69611149553676e-09,4.6544699312085534e-06,0
99,17:48:00,9.291991565097666e-11,1.3317312403998564e-11,2.620157969344262e-12,7.758262460810336e-13,1.2274899907286306e-12,7.67685990158219e-09,4.65438798014032e-06,0
100,17:48:30,2.3165274972266838e-10,8.229809675095731e-12,3.0009783789005333e-12,9.989791478751672e-13,1.1873799160981816e-12,6.408763118281379e-09,4.716707007207591e-06,0
101,17:49:00,1.2105601696444226e-10,6.548220260828692e-12,1.3054097775881238e-12,5.677181968745246e-13,4.061990387047649e-13,3.6644285934742114e-10,4.735080748582409e-06,0
102,17:49:30,1.6250430902450322e-10,1.2836574941419794e-11,3.901820369333164e-12,1.3691273230712379e-12,1.5669277044198942e-12,8.857091837756094e-09,4.6569332114641695e-06,0
103,17:50:00,5.350426327091806e-11,6.183832367064148e-12,1.6275150164246074e-12,9.661422438580342e-13,8.150703139129134e-13,2.7792759741817954e-09,4.6492449816562344e-06,0
104,17:50:30,5.514045826651548e-11,5.703497911851115e-12,1.1121471656881288e-12,5.067215918155821e-13,5.386017413245833e-13,1.623827038161716e-09,4.662155957599535e-06,0
105,17:51:00,7.859430507254623e-11,6.161518107083832e-12,1.2801070674488005e-12,4.683503011686712e-13,5.49570787597292e-13,1.2813732371420433e-09,4.718126892282472e-06,0
106,17:51:30,3.366132018055043e-11,3.6541857638104994e-12,1.7894895917634533e-12,1.1034374839026791e-12,1.1313822233398974e-12,2.016708905687298e-09,4.693353513769779e-06,0
107,17:52:00,1.4180350685131484e-11,2.1941998595051607e-12,1.362936453619617e-12,9.569469545737705e-13,1.1078659525662078e-12,2.2853938348032414e-09,4.655959744979928e-06,0
108,17:52:30,3.340144736509992e-11,6.962083137390414e-12,2.1485045273443326e-12,1.411123539843822e-12,1.649089443680825e-12,3.60897059987429e-09,4.764455093127233e-06,0
109,17:53:00,2.1563884749008746e-10,1.5386051770873517e-11,3.373660865815005e-12,1.4027289465124811e-12,2.1821277295133555e-12,1.1331989957350462e-08,4.681398312134401e-06,0
110,17:53:30,1.8406560749105605e-10,1.3916401862959834e-11,4.965689529574015e-12,2.49045432945402e-12,2.3506338733740467e-12,1.3485336494704118e-08,4.6689957150775115e-06,0
111,17:54:00,1.4778888047883517e-10,1.266910888948445e-11,2.888397845473202e-12,1.04354977172061e-12,1.1990175528595863e-12,1.4257287289116158e-08,4.707257997318191e-06,0
112,17:54:30,1.7588289418553304e-10,1.440218516807826e-11,2.2337240995924773e-12,1.0960957831167765e-12,1.2499480902945235e-12,8.158658487151676e-09,4.634507894574523e-06,0
113,17:55:00,1.330817696981089e-10,9.202292909093885e-12,1.5222867362590416e-12,5.135240936287325e-13,1.0679863990665466e-12,5.323918265552288e-09,4.6580295252488875e-06,0
114,17:55:30,2.510089105521085e-10,1.924581281663118e-11,3.8371634461777605e-12,3.446778314804663e-12,4.248006266019866e-12,1.1835713571988568e-08,4.644713821531373e-06,0
115,17:56:00,2.3133780935318572e-10,1.4608595550322294e-11,9.256147009623908e-12,8.703330407315241e-12,1.033675669368231e-11,1.2454684326453549e-08,4.639343006311499e-06,0
116,17:56:30,1.512212027351824e-10,8.94293481878567e-12,2.386446823389641e-12,8.222547685959612e-13,1.0429777301883272e-12,1.0855677308380975e-08,4.699862518540489e-06,0
117,17:57:00,3.8437842970502435e-10,3.9534138832964585e-11,2.5366290912570677e-11,2.5139350398683406e-11,2.171798236736361e-11,1.3101032914653958e-08,4.668487515006698e-06,0
118,17:57:30,3.8462197338027254e-10,3.5438621860357445e-11,1.694846142331177e-11,1.8820522425638716e-11,1.9583176761098846e-11,1.0238898066926769e-08,4.7305905598164206e-06,0
119,17:58:00,4.4685102549920467e-10,3.842183520686123e-11,3.7310307037992316e-11,3.603685570104348e-11,2.752167028474687e-11,1.1100470295637206e-08,4.719885534733054e-06,0
120,17:58:30,2.8194537971881193e-10,2.064848397947775e-11,1.4458167538446778e-11,1.6997592644933403e-11,1.7943657764209724e-11,9.771883935791489e-09,4.732642892978912e-06,0
121,17:59:00,1.3650465843175817e-10,8.58531026506358e-12,1.4490554449681635e-12,6.539230739442291e-13,9.020810737773468e-13,6.687138899014166e-09,4.741086025721837e-06,0
122,17:59:30,1.5086403378841425e-10,1.0256881313604179e-11,1.4800612256784325e-12,5.867977372278309e-13,6.08228572212049e-13,4.52339715483894e-09,4.663569578609947e-06,0
123,18:00:00,2.8700251480364136e-10,1.241564916044816e-11,3.3897746019203667e-12,2.4151894896765933e-12,3.3993720912303377e-12,8.82050950984147e-09,4.678402598705573e-06,0
124,18:00:30,4.156474118055246e-10,1.1282088130295251e-11,4.1890285836536925e-12,2.145938509915785e-12,3.237248087166647e-12,1.3484518234557344e-08,4.6134927840689875e-06,0
125,18:01:00,1.6997010798156726e-10,1.0666284027832972e-11,3.0538258655146454e-12,6.71265910448856e-13,9.048122150652651e-13,8.917980185864753e-09,4.6386036562336994e-06,0
126,18:01:30,9.690002620146605e-11,1.150814985835133e-11,2.7450961697999435e-12,8.207979338776309e-13,1.0308276635865995e-12,6.577069338920298e-09,4.704803977619696e-06,0
127,18:02:00,2.3795724413471656e-10,9.848378246281283e-12,2.8290446796772533e-12,1.0617450731730795e-12,1.2331356564314363e-12,9.901610325513845e-09,4.693189517556277e-06,0
128,18:02:30,1.513388823956707e-10,4.749210306560587e-12,1.1115962264462632e-12,5.655480614455806e-13,5.963255614189244e-13,4.0861156463477335e-09,4.674639434796023e-06,0
129,18:03:00,1.2896647558812442e-10,1.1580086529994392e-11,2.4119474380999715e-12,5.908279820951306e-13,1.252380913922414e-12,8.005534156206778e-09,4.622483546751591e-06,0
130,18:03:30,2.636627748157926e-10,1.0736407160495302e-11,3.1702241263512574e-12,1.6381360003539643e-12,2.0484097154418198e-12,5.874309475458153e-09,4.666512321782467e-06,0
131,18:04:00,2.44106393200591e-10,8.312394410383392e-12,2.2131053599593626e-12,7.832502710473336e-13,1.0494481780037138e-12,6.354819371175396e-09,4.733893873445863e-06,0
132,18:04:30,1.9988560621213257e-10,6.380058107007105e-12,1.6773085671411568e-12,7.81805796021769e-13,9.026203657608331e-13,7.817853787990124e-09,4.717256947376781e-06,0
133,18:05:00,1.8336509701922628e-10,7.641903074745025e-12,2.3808468806766115e-12,6.661738240020827e-13,8.136593892193844e-13,7.874412640322303e-09,4.691017698786891e-06,0
134,18:05:30,1.4564684738616824e-10,5.6065115216088606e-12,1.147103503015154e-12,5.191887496046541e-13,6.771216547010918e-13,4.360758039672288e-09,4.6441295241482054e-06,0
135,18:06:00,1.513246425812981e-10,1.0217033389031375e-11,5.7959687428315895e-12,3.017143342893717e-12,2.6653090931996015e-12,6.4639386822055305e-09,4.585906664375182e-06,0
136,18:06:30,1.4637443603005032e-10,9.801064905961223e-12,4.828338575860459e-12,4.03737897578971e-12,1.6371952365568911e-12,9.104926092104663e-09,4.634450570688668e-06,0
137,18:07:00,2.0405994234542302e-10,1.2976014816094608e-11,5.4421655251192496e-12,3.2998498103574417e-12,3.765900653404857e-12,1.1552418956754077e-08,4.577720005090681e-06,0
138,18:07:30,1.0820927068335021e-10,1.374331277626874e-11,5.573882692074556e-12,3.216071406853193e-12,3.5259569360156473e-12,8.495536345624497e-09,4.632774986113886e-06,0
139,18:08:00,1.4193962812748988e-10,1.7675970040838612e-11,5.077866817781403e-12,3.9394737315758335e-12,3.5323706898928213e-12,7.195395163292658e-09,4.6682541306010115e-06,0
140,18:08:30,1.8708947122377452e-10,1.353921001491136e-11,4.297882017725303e-12,2.934078668045399e-12,2.4506719880680174e-12,1.0337922516635993e-08,4.659746514066057e-06,0
141,18:09:00,9.979729665382375e-11,1.0742432703915791e-11,2.855909785001539e-12,8.946444994285855e-13,1.2019683430601643e-12,3.602214431261401e-09,4.746952560960025e-06,0
142,18:09:30,1.9717824835040723e-10,9.577022008921055e-12,2.453355813742847e-12,8.251911984462592e-13,1.3239957153619005e-12,8.555467726644917e-09,4.665372530876214e-06,0
143,18:10:00,1.3913482240118096e-10,1.2289524222404452e-11,6.0871319480763394e-12,3.688966091428687e-12,2.639469067976943e-12,5.094713913095892e-09,4.692289713891183e-06,0
144,18:10:30,1.5375092183682336e-10,8.06728659848446e-12,2.8154382972812974e-12,3.7673573532128865e-12,2.755804000404531e-12,7.964319902542398e-09,4.701434014637243e-06,0
145,18:11:00,1.3718713135532864e-10,1.166649962793551e-11,2.1899394057424267e-12,8.562714397517197e-13,1.0242088527936786e-12,9.868712122406536e-09,4.6933751808219786e-06,0
146,18:11:30,2.0561580104159357e-10,1.0248328849148724e-11,1.6665617380204908e-12,7.346591548212748e-13,9.626848859701522e-13,8.718697648226057e-09,4.689193117705473e-06,0
147,18:12:00,1.0284700316057164e-10,5.502620944470777e-12,1.9963030483998292e-12,8.67985261469419e-13,1.2372140182548395e-12,5.397573077198607e-09,4.665758960251622e-06,0
148,18:12:30,2.1849955011326673e-10,1.0979438892557878e-11,4.178149281369213e-12,3.036191438517419e-12,3.947733172216156e-12,8.054376662513703e-09,4.660831547727281e-06,0
149,18:13:00,1.8675070566191307e-10,1.1512132953794529e-11,2.480503591042946e-12,8.729229622810512e-13,1.4007836584756063e-12,1.1136247183010583e-08,4.660756288445283e-06,0
150,18:13:30,1.1517008654756919e-10,9.776650123839912e-12,4.409796897538259e-12,3.937208536332811e-12,3.9169269112197415e-12,7.434843703592427e-09,4.6276675010401844e-06,0
151,18:14:00,2.342970946019728e-10,1.3443177320648173e-11,2.3593942797623596e-12,8.212718843007447e-13,1.3582788364030907e-12,9.072164703446322e-09,4.6940960257931176e-06,0
152,18:14:30,2.5400169100268025e-10,1.2199633440246223e-11,2.202797072323307e-12,9.271005652764888e-13,1.0494536382263585e-12,1.236373994249905e-08,4.718762024712301e-06,0
153,18:15:00,2.528177693199036e-10,1.0087763709651625e-11,2.304776989697503e-12,1.9685360122573224e-12,1.972374810775851e-12,9.559518668499332e-09,4.715520828850335e-06,0
154,18:15:30,1.3705410041757364e-10,1.1421449737104095e-11,2.2265590500244624e-12,1.193787367815696e-12,1.3317226728774582e-12,6.571207086812166e-09,4.752618145358043e-06,0
155,18:16:00,5.6346326236621157e-11,2.7167103652196586e-12,1.0667009056409889e-12,7.944991156179324e-13,1.01395857547927e-12,2.2251557846735283e-09,4.690756563272259e-06,0
156,18:16:30,1.4815950801878096e-10,8.069079257369951e-12,1.2376526008331082e-12,5.183452749552526e-13,5.835576574118811e-13,6.419973080168253e-09,4.73943318821178e-06,0
157,18:17:00,6.636416235052811e-11,4.697966293351986e-12,9.52113435279135e-13,5.063079255784988e-13,4.944243010131042e-13,2.353909406422686e-10,4.664998653596123e-06,0
158,18:17:30,1.0696831193142295e-10,9.351770837341414e-12,1.377629972505536e-12,6.279979665202883e-13,5.992349941339199e-13,4.397192644557206e-09,4.6809899589285556e-06,0
159,18:18:00,1.1230862410324998e-10,8.522438788493261e-12,1.2289960550470474e-12,7.762269453754275e-13,8.144809280854781e-13,2.989664151497773e-09,4.735366093558901e-06,0
160,18:18:30,7.049674277193088e-11,4.8007722727893134e-12,1.0455369481743329e-12,6.184511545160148e-13,7.799330226929325e-13,3.116125592405907e-09,4.726207274282657e-06,0
161,18:19:00,5.865255311914406e-11,3.5721856051450673e-12,1.148478554684705e-12,7.659059656126052e-13,6.828513737659795e-13,3.0844107149748286e-09,4.723386968157876e-06,0
162,18:19:30,5.878266691594252e-11,4.709829001598978e-12,1.1620274726805835e-12,6.337869138808362e-13,6.438314847286774e-13,5.416082692304343e-10,4.66901358922644e-06,0
163,18:20:00,6.811163070337428e-11,8.408402236035262e-12,7.569753607177757e-12,6.953154226397401e-12,6.672032121346321e-12,1.4424505115795997e-09,4.6936654150503155e-06,0
164,18:20:30,1.5992610527605023e-10,7.856219267137765e-12,1.585484943565744e-12,8.137439266746922e-13,1.1552547719249184e-12,6.427960745772396e-09,4.730344152363407e-06,0
165,18:21:00,7.681504050770052e-11,9.045936695637815e-12,1.3296065864246223e-12,6.614897213518008e-13,6.331033570030865e-13,4.530461435020889e-09,4.682744106783465e-06,0
166,18:21:30,1.0042868058126978e-10,1.2876738576023736e-11,5.606773752008555e-12,5.126545390746217e-12,4.19566878072763e-12,6.272016493549061e-09,4.70068466073609e-06,0
167,18:22:00,6.055128366512492e-11,4.804035327737071e-12,1.6305913508366916e-12,5.964451197536919e-13,1.0808014546713377e-12,2.2734840974059405e-09,4.681665351563595e-06,0
168,18:22:30,1.046754954206455e-11,2.100897851123167e-12,1.0852694282228285e-12,7.719579411693847e-13,7.906304307811051e-13,4.6058477221081506e-10,4.677877968530285e-06,0
169,18:23:00,8.336805932956111e-12,1.6714534036307502e-12,1.5176700342515407e-12,6.851842465048559e-13,7.433812436877947e-13,5.648195835918769e-10,4.672721760848501e-06,0
170,18:23:30,6.925457457713056e-12,1.6918185172346517e-12,1.2202129932550716e-12,8.408322218727338e-13,1.2589649075483843e-12,1.069530388481801e-09,4.652445750214092e-06,0
171,18:24:00,5.5740846533497825e-12,1.4363938352956536e-12,1.0620274067914059e-12,7.538959157548138e-13,1.001523166677848e-12,1.1874631583681838e-09,4.776101822093151e-06,0
172,18:24:30,8.716854646317841e-12,2.8114541052519434e-12,1.0990556174736616e-12,8.381076829175962e-13,1.158384938016803e-12,1.4895116951679577e-09,4.7037618906673605e-06,0
173,18:25:00,1.2870601552238414e-11,2.9899345148486523e-12,1.1850537076718578e-12,1.0852919563003086e-12,1.6194462812887212e-12,1.1212306791916146e-09,4.706726874473532e-06,0
174,18:25:30,1.4039287268134141e-11,2.5242893758234777e-12,1.1219321077542318e-12,7.401977716434285e-13,1.2975075579245316e-12,1.5548753137535396e-09,4.747173365624489e-06,0
175,18:26:00,5.542296458439384e-12,1.7727734154225502e-12,1.0419985127203368e-12,1.0238505341905205e-12,1.2365386845577104e-12,1.19395003745744e-09,4.735592183837295e-06,0
176,18:26:30,9.616272506530016e-12,2.5720437536058953e-12,1.385119303224479e-12,1.1361347594856002e-12,1.0850306872959342e-12,9.236379385370413e-10,4.735502537450536e-06,0
177,18:27:00,2.940393198151418e-11,4.143537768194689e-12,1.5514004441665758e-12,1.0050955793870147e-12,1.3886157269630447e-12,3.2856358259527166e-09,4.673828083746604e-06,0
178,18:27:30,1.7511793795138173e-11,2.7024049588690038e-12,1.3758746462895397e-12,8.947425518723586e-13,1.3029481981837709e-12,2.4780314043364542e-09,4.636196509861953e-06,0
179,18:28:00,1.9458997904634282e-11,2.1214683857873804e-12,1.0230748370243933e-12,6.73831065421509e-13,9.603580581817049e-13,1.8655887347942175e-09,4.708035124790205e-06,0
180,18:28:30,2.6839059560141767e-11,1.3561858234654634e-11,6.957871474091351e-12,1.2759095551056639e-11,6.423772619453534e-12,1.97512748638735e-09,4.623308800836165e-06,0
181,18:29:00,5.647878941883636e-11,4.5727116791784794e-12,2.022519944489406e-12,1.5888323531964252e-12,1.838735259656944e-12,1.820379305896376e-09,4.63838361802296e-06,0
182,18:29:30,1.0448451401240549e-11,3.167059722677378e-12,1.6719952011844598e-12,1.4912134316566544e-12,1.7543917797906294e-12,1.0522319403470171e-09,4.625822584469846e-06,0
183,18:30:00,2.0366766111295966e-11,4.256983479902312e-12,1.8525974992098e-12,1.4190751060900884e-12,1.5560652406808476e-12,1.1861593190998937e-09,4.664578034819066e-06,0
184,18:30:30,1.158048242638871e-11,3.2718877166139618e-12,1.926523727075887e-12,1.6435925780081157e-12,2.3752663146220577e-12,1.174051856119876e-09,4.691817001107034e-06,0
185,18:31:00,3.324500579254533e-11,5.734380386848301e-12,3.409502468503039e-12,5.1326893325769825e-12,5.729603010154943e-12,9.680637858777072e-10,4.680830222529302e-06,0
186,18:31:30,5.03737259391599e-12,1.958558477250373e-12,1.9771358477381164e-12,1.4730929630450793e-12,1.9271686039482108e-12,1.2731189963447843e-09,4.7575708407020185e-06,0
187,18:32:00,1.1789046391844688e-11,3.8665759518221686e-12,1.8674963641136607e-12,1.6894397978391225e-12,1.6307206253884567e-12,1.2699106239080819e-09,4.743827171199252e-06,0
188,18:32:30,8.018167911666123e-12,2.6952588851167793e-12,2.3283494299358242e-12,2.097196419270323e-12,2.7205051890372277e-12,1.2529849944765183e-09,4.69494765475128e-06,0
189,18:33:00,7.84175565204824e-12,2.8132413908996447e-12,1.5096071600972052e-12,1.7795631028215461e-12,1.5252364685889575e-12,7.95493588358679e-10,4.630800244777738e-06,0
190,18:33:30,4.834392764403971e-12,2.3395741355762132e-12,1.769366955396298e-12,1.883332020149732e-12,1.4149062329846536e-12,1.243115862905272e-09,4.565281548525386e-06,0
191,18:34:00,1.004983111821409e-11,3.910036265506965e-12,1.7653354483263558e-12,1.870616210823449e-12,2.173891188216068e-12,1.3285572744886737e-09,4.671444507343338e-06,0
192,18:34:30,9.17345544593822e-12,4.025346815318959e-12,1.903759276768495e-12,1.7727112025172793e-12,1.35360120941343e-12,1.3857979957225513e-09,4.654282000574249e-06,0
193,18:35:00,4.240985142139333e-11,5.9774748688832154e-12,2.4722712564170966e-12,1.484820209237915e-12,1.3727928736676846e-12,3.600017292391649e-09,4.702592032452032e-06,0
194,18:35:30,6.005322377835939e-11,5.5258005801864896e-12,1.5403093451288919e-12,1.0706112938915438e-12,1.0628230529825797e-12,3.5469330678223917e-09,4.710637192171429e-06,0
195,18:36:00,2.343295056806935e-11,5.504159029592516e-12,2.0599090652392338e-12,1.7786536371200074e-12,1.887101429575851e-12,3.795348752786892e-09,4.606598684159595e-06,0
196,18:36:30,1.7184180834267697e-11,5.024480125685492e-12,1.536246772874934e-12,1.2662904488442135e-12,1.4606635690610855e-12,2.0914883145878335e-09,4.683551002870176e-06,0
197,18:37:00,2.7345522997915103e-11,2.6293319408844563e-12,1.5936000322342022e-12,9.034520671082237e-13,7.688546265016228e-13,2.43098551604344e-09,4.669158100235192e-06,0
198,18:37:30,1.8485187931570534e-11,2.4087171421494164e-12,1.2586390603509277e-12,8.764654833622374e-13,9.318830827178599e-13,3.0324975591821247e-09,4.750423921099373e-06,0
199,18:38:00,4.6748127452379854e-11,3.6601937709735955e-12,1.2484514452701657e-12,8.05475056237997e-13,1.095092038588772e-12,4.467906580456486e-09,4.797937452560387e-06,0
200,18:38:30,9.129008063657762e-11,6.028600675422438e-12,1.6080279525396119e-12,1.2408797740047025e-12,1.5158086241650676e-12,2.0954330709215337e-09,4.638663233294219e-06,0
201,18:39:00,3.0317513163894656e-11,3.4634159817098725e-12,1.9264036819965885e-12,1.209554656592665e-12,1.4091453057382662e-12,3.0837763879100886e-09,4.677400049952756e-06,0
202,18:39:30,4.900739577846754e-11,3.2192358911022253e-12,1.374707876927377e-12,1.070403248176483e-12,8.996786510923406e-13,2.8886560212548238e-09,4.599931592501336e-06,0
203,18:40:00,2.060161603940554e-11,2.6852782509376527e-12,1.6300554078166136e-12,8.888366704043694e-13,1.3115282478395795e-12,1.62997743932568e-09,4.62268105103628e-06,0
204,18:40:30,1.3630460143381022e-10,8.422320838501502e-12,1.7902997052211771e-12,1.1300975118757107e-12,1.5761871497388774e-12,5.567001675935175e-09,4.669143818634742e-06,0
205,18:41:00,5.917983853000947e-11,5.871339394753757e-12,2.3357209121013076e-12,1.5562667002719713e-12,1.989211255699729e-12,3.3256609862609045e-09,4.631148628251232e-06,0
206,18:41:30,1.4803052332782657e-10,9.442293493677536e-12,2.947773797870795e-12,1.0570954802512332e-12,1.629699903932252e-12,7.727249706349518e-09,4.688774714876837e-06,0
207,18:42:00,1.539919736261949e-11,4.471139154464356e-12,4.579694731785991e-12,2.2232107301802414e-12,3.874441225809251e-12,2.8084204185377667e-09,4.638922163113334e-06,0
208,18:42:30,2.0524577715998316e-11,3.4017416979134645e-12,1.686540958502517e-12,1.073987909330304e-12,1.4773551207362481e-12,7.821933503344871e-10,4.661606191748301e-06,0
209,18:43:00,5.954025776251508e-11,6.491899827072559e-12,4.032762892255342e-12,3.65573410404324e-12,2.3640272992534267e-12,3.6626104742073717e-09,4.7443180452893005e-06,0
210,18:43:30,8.866347211826857e-11,8.139557728178593e-12,3.4741666600790564e-12,2.9688516883808423e-12,2.9099594318714293e-12,6.555810239306079e-09,4.634450248683711e-06,0
211,18:44:00,1.0963850456745025e-10,7.600440903532636e-12,1.8332152658736967e-12,1.2436129228112093e-12,1.3333233208543852e-12,4.242665066429494e-09,4.700114120999872e-06,0
212,18:44:30,3.348544686213442e-11,8.098875389632092e-12,1.8618421788512262e-12,1.3989870924650747e-12,2.102419051745063e-12,1.973507503632231e-09,4.604216236531056e-06,0
213,18:45:00,7.008155641241261e-11,9.640132081939518e-12,3.1134538043008553e-12,2.0932759236946838e-12,1.636764649418294e-12,2.878475376110155e-09,4.656387356903749e-06,0
214,18:45:30,1.9131794104308504e-11,4.2584673675351245e-12,1.8702518939772486e-12,1.178329804664268e-12,1.2796971381262293e-12,9.128678771194197e-10,4.694695307451136e-06,0
215,18:46:00,7.832533667891457e-12,3.838351894619897e-12,1.629300628921898e-12,1.1970503923520184e-12,1.3792454276744252e-12,4.991017408855242e-10,4.634167076619368e-06,0
216,18:46:30,1.3510977198434666e-11,2.738745039408548e-12,1.5740564976992515e-12,1.355066828742658e-12,1.8474247486846994e-12,7.208995998012986e-10,4.701221787144241e-06,0
217,18:47:00,1.304455412542396e-11,3.1380776787024626e-12,1.5375547149490812e-12,1.2964480449806736e-12,1.9097761234312614e-12,5.443592109125607e-10,4.657631224319598e-06,0
218,18:47:30,9.8986193866784e-12,3.0632693506761876e-12,1.8030382625891838e-12,1.3664820217694698e-12,1.8205514800748944e-12,4.4885979639079336e-10,4.673877747396665e-06,0
219,18:48:00,1.0910598397204095e-11,2.5924134924044082e-12,1.7259843631235358e-12,1.3120617586998947e-12,1.9646167544429667e-12,6.418504996185238e-10,4.733147555968305e-06,0
220,18:48:30,9.983816812724655e-12,3.002846025064141e-12,1.7108504395560289e-12,1.6408844096843847e-12,2.2356822297691697e-12,5.490729352843934e-10,4.667179295489022e-06,0
221,18:49:00,1.6921693919301093e-11,3.806171478037579e-12,2.1653242799855585e-12,1.5592209758894666e-12,2.281726603034877e-12,3.610086454246583e-10,4.7143135585532076e-06,0
222,18:49:30,2.7010079829599734e-11,3.283152470349181e-12,2.0207642400307074e-12,1.5340661650187007e-12,2.001122212201082e-12,5.569014949554669e-10,4.654701139325667e-06,0
223,18:50:00,9.611477629836469e-12,3.1540540519985376e-12,1.6867515711274291e-12,1.2792520947271077e-12,1.7437563707904627e-12,8.07787040325229e-10,4.635981237635532e-06,0
224,18:50:30,2.3894924423805018e-11,2.4260539816167825e-12,1.803279397909086e-12,9.494613015698196e-13,1.366333817660654e-12,3.293292719597209e-10,4.646843101291469e-06,0
225,18:51:00,4.5342869030350934e-11,5.163110726904482e-12,5.1214019112817426e-12,5.4012326183017066e-12,7.568717426119104e-12,1.5139545686947822e-09,4.6522026566289775e-06,0
226,18:51:30,1.0335516692133968e-11,1.8099218639038258e-12,1.961673009294026e-12,9.53419421318203e-13,1.6111307778337595e-12,8.284746998262818e-10,4.680829409069916e-06,0
227,18:52:00,1.7975553749816087e-11,4.192400833306151e-12,2.1280873940348046e-12,1.6441400260991226e-12,1.8508882274903542e-12,5.02049216786116e-10,4.66323526899552e-06,0
228,18:52:30,1.6415587478134743e-11,2.5673129392467344e-12,2.0823997321304495e-12,2.3426963777064167e-12,1.9153265755228465e-12,5.423076173187194e-10,4.66269705054589e-06,0
229,18:53:00,2.320356373627348e-11,2.8440492496642153e-12,2.238071079993853e-12,1.840956538834297e-12,2.685214462558003e-12,1.2466922365498444e-09,4.741323312108424e-06,0
230,18:53:30,3.2457430340150297e-11,2.2675780747151845e-12,1.6013801455331626e-12,9.321173953463578e-13,1.0330986158381176e-12,5.064465302024178e-10,4.677642173080663e-06,1
231,18:54:00,4.950508066236102e-11,3.1706296296721766e-12,2.3117440780032334e-12,1.7408311458656871e-12,3.4035579792526088e-12,1.0590600234749425e-09,4.734177544348992e-06,0
232,18:54:30,1.1688377512715315e-10,3.7009426397000655e-12,1.9023349889666862e-12,1.0090866199916451e-12,7.094503649156335e-13,6.699511575134077e-10,4.6967535554681024e-06,1
233,18:55:00,9.14285510150448e-11,2.819556613600959e-12,1.3698908199436368e-12,6.378285885095669e-13,1.1568044364645797e-12,3.7637648228261424e-10,4.655499834003273e-06,1
234,18:55:30,9.512027911699467e-11,3.7836228431001525e-12,1.919771390581788e-12,7.001359341355787e-13,9.956436106307112e-13,3.534533035226019e-10,4.646468884210328e-06,1
235,18:56:00,1.1819791538502748e-10,3.642335646786098e-12,1.4552791781243999e-12,5.395392977196823e-13,8.563007019837116e-13,4.47300392227798e-10,4.562204281378111e-06,1
236,18:56:30,8.494098747250006e-11,4.313984277986136e-12,1.6077241930509534e-12,5.401238817158624e-13,7.243658115059186e-13,2.4122442154263437e-10,4.705075642383221e-06,1
237,18:57:00,7.243887848708835e-11,3.5918563151750955e-12,2.1282316217941232e-12,1.3782001129194387e-12,1.4725228902544326e-12,2.0766416452024224e-09,4.704335022630508e-06,1
238,18:57:30,3.21780434480105e-11,4.381280070766154e-12,2.136754940297539e-12,1.5591294899717321e-12,1.4777838591277615e-12,1.848805323483055e-09,4.668057615211797e-06,0
239,18:58:00,9.706492753111819e-12,1.963043668790889e-12,1.6721780247703575e-12,1.6581745257649136e-12,1.2126882089989794e-12,7.058776870179171e-10,4.706787203898629e-06,0
240,18:58:30,1.23019533514423e-10,8.277781961786036e-12,3.3071685302187934e-12,1.5712371355222146e-12,1.8696182207572627e-12,8.00154107652132e-09,4.639326384707212e-06,0
241,18:59:00,1.2150634191350707e-10,1.0356692409638939e-11,3.0518249316646663e-12,1.7349046149681713e-12,3.329525392244912e-12,7.0140312155562514e-09,4.719184426330067e-06,0
242,18:59:30,3.416589196475969e-10,1.2745790853750359e-11,2.6978729874761214e-12,1.0677656623835044e-12,1.3850679080865284e-12,4.177808916916617e-09,4.7211171095896795e-06,0
243,19:00:00,2.82299005142254e-10,1.5558919873808388e-11,6.188831626504999e-12,4.449825269005868e-12,5.3418424382568125e-12,1.0321808902989595e-08,4.724043352026918e-06,0
244,19:00:30,8.108883992379613e-11,1.0838449828474731e-11,5.124857502641861e-12,4.897416704025852e-12,4.40677210889785e-12,7.988792152485149e-09,4.7484226140469386e-06,0
245,19:01:00,8.365822223058764e-11,7.890024665869157e-12,2.6470719081977676e-12,2.7103794681090254e-12,2.6748633271670485e-12,5.732221631726158e-09,4.718268155665494e-06,0
246,19:01:30,4.433731883491857e-11,6.099568395657838e-12,2.7005245174020275e-12,2.470836671368704e-12,2.8935378199177782e-12,3.555996993674676e-09,4.727492689546663e-06,0
247,19:02:00,5.324942226325603e-11,6.14053301624912e-12,3.964335175365781e-12,4.3810581824614604e-12,4.530508194275179e-12,5.468000405580592e-09,4.640849651851019e-06,0
248,19:02:30,4.129541194194639e-11,5.188806633493549e-12,1.9289678265388277e-12,1.9434451427330626e-12,1.8241428656168505e-12,5.249525210042938e-09,4.642791578374106e-06,0
249,19:03:00,7.03860847966365e-11,5.846369113814732e-12,3.0245163394785502e-12,2.4155674375170793e-12,3.5329204789279598e-12,2.1459685967316325e-09,4.690914780128753e-06,0
250,19:03:30,2.8539522284850634e-11,3.819558379118209e-12,1.3657827119734884e-12,1.1498839685960232e-12,1.1680781520208185e-12,1.2795922467052077e-09,4.695405160858233e-06,0
251,19:04:00,1.5919530478745528e-11,3.034039723498902e-12,1.3375259277389801e-12,1.5119689249010383e-12,1.7123202541388756e-12,5.437533896260381e-10,4.7850365579606805e-06,0
252,19:04:30,3.167460190825982e-11,4.231055815227547e-12,1.6280480369219569e-12,1.479405943696712e-12,1.6712663257670851e-12,6.16937172816036e-10,4.737605941842626e-06,0
253,19:05:00,8.959847311747578e-12,2.0263198338264744e-12,1.231869395293456e-12,1.3400077965071699e-12,1.9154184295315444e-12,5.581262819188874e-10,4.6985885167506606e-06,0
254,19:05:30,1.690646746671167e-11,4.123041485925462e-12,1.900141078331543e-12,2.0507454354801482e-12,2.1965134876646593e-12,1.592912151379686e-09,4.694570732653001e-06,0
255,19:06:00,4.0248616783998675e-11,4.830733377985111e-12,2.492854239793399e-12,2.8156654368319156e-12,2.7031926993449875e-12,5.516650174509117e-10,4.629394481134225e-06,0
256,19:06:30,1.186462152317865e-11,2.8466691100239006e-12,1.5175152040345866e-12,1.94727990616929e-12,1.3534578891848643e-12,5.588257102537803e-10,4.691094219692806e-06,0
257,19:07:00,5.938599451794637e-11,5.647079988801216e-12,2.8952487107859205e-12,2.826840351915403e-12,1.6203303972441133e-12,1.5263051223402642e-09,4.639504763654566e-06,0
258,19:07:30,2.5381590129034302e-11,3.5153152434959537e-12,1.4685822817294062e-12,1.3362729177319773e-12,1.8966394327942773e-12,5.230103237006265e-10,4.682302291744223e-06,0
259,19:08:00,2.7220140014540233e-11,3.1926075036060154e-12,1.8517791124080047e-12,1.569472706977592e-12,2.121543906072059e-12,6.200222403621913e-10,4.705659216792095e-06,0
260,19:08:30,2.6150941603635703e-11,3.6074747536875175e-12,1.8479789822891145e-12,1.8058873044639916e-12,2.3889942551605504e-12,5.114566228299207e-10,4.662668113682957e-06,0
261,19:09:00,2.6456462682618698e-11,4.067776570077244e-12,2.0263632213731205e-12,1.7912020541417388e-12,2.3937914191814133e-12,5.801299052629692e-10,4.707615881662985e-06,0
262,19:09:30,2.2825721428169644e-11,3.9753579780621e-12,1.8545339898616734e-12,2.3054737014952986e-12,1.77719302667785e-12,6.088187120182e-10,4.734752699981705e-06,0
263,19:10:00,1.4144556546531612e-11,2.646592899989323e-12,1.543018444265706e-12,1.4499029571562834e-12,1.2517558865245537e-12,9.3995247441597e-10,4.794158351358834e-06,0
264,19:10:30,9.848425845052232e-12,1.959944736889207e-12,1.8449872765032673e-12,1.6092489364438114e-12,1.9978299517344145e-12,6.059453892611096e-10,4.83036757489787e-06,0
265,19:11:00,2.521987328788515e-11,4.2419886603596066e-12,2.1549630536449476e-12,2.1249350837944752e-12,1.7880910056174238e-12,7.311869315516912e-10,4.70622060708798e-06,0
266,19:11:30,1.5747493340335357e-11,2.7180973107622126e-12,1.8066860977758553e-12,2.0061643520379437e-12,1.3826857563368263e-12,4.856600117783971e-10,4.498030410774386e-06,0
267,19:12:00,3.642476870196159e-11,3.919402841064822e-12,2.357881075572548e-12,2.2331244425270494e-12,2.856665465606722e-12,8.795519123504885e-10,4.654791007882213e-06,0
268,19:12:30,1.3776103412655055e-11,3.64286626419405e-12,2.156581716244922e-12,2.3831668611901628e-12,2.9164601862185853e-12,6.896916045271504e-10,4.671206299341392e-06,0
269,19:13:00,3.3190345598620195e-11,7.861290592414004e-12,5.083666037287698e-12,1.0373602575657205e-11,9.335383695015563e-12,6.285191654939961e-10,4.661538981809737e-06,0
270,19:13:30,1.8052248554461902e-11,4.249652347873013e-12,5.651797756108704e-12,6.859078880242763e-12,4.589789221513029e-12,8.111375039151663e-10,4.666641229281829e-06,0
271,19:14:00,2.1953373496492345e-11,5.4711819680043474e-12,5.956963044568419e-12,5.771191670415386e-12,3.769316422408179e-12,5.335051776171954e-10,4.721399392416585e-06,0
272,19:14:30,1.1067520921204375e-11,4.330934508458346e-12,3.161335704247685e-12,4.397240472975853e-12,3.3041476905938272e-12,4.617981527206725e-10,4.683035292356032e-06,0
273,19:15:00,1.6151779659697318e-11,5.833913668505916e-12,4.0174439026860345e-12,5.924499795145035e-12,6.16096260856923e-12,5.131183510539756e-10,4.688302993452178e-06,0
274,19:15:30,1.9511019573946825e-11,6.5661089033404655e-12,4.262453214264896e-12,5.69536599752536e-12,3.6124528268139865e-12,5.639578081126428e-10,4.7129069309919355e-06,0
275,19:16:00,2.232391877637173e-11,4.440555507689879e-12,2.3021876090211806e-12,2.751974584743953e-12,2.490679029878526e-12,8.968454698803439e-10,4.683858114414537e-06,0
276,19:16:30,1.2398481644826106e-11,3.643670755935999e-12,3.113196520228081e-12,3.2673276744338626e-12,2.508464868757084e-12,4.0797630227122913e-10,4.717241333229414e-06,0
277,19:17:00,1.1176469441168856e-11,3.4348284085271377e-12,2.2104218610182255e-12,2.8619229272526762e-12,3.162042853511816e-12,4.4170150053051244e-10,4.685751672034993e-06,0
278,19:17:30,2.2529827783523654e-11,4.210623319711567e-12,3.3724871246158827e-12,4.59985934956434e-12,3.4626162740818165e-12,8.116880949440239e-10,4.7338695886531275e-06,0
279,19:18:00,1.681344024620183e-11,2.6355117762203383e-12,2.1875076818279637e-12,2.6258663224088094e-12,2.179663412904662e-12,6.042083488158671e-10,4.7098733409087315e-06,0
280,19:18:30,1.3819889949442485e-11,2.9115313918377406e-12,2.400588344853292e-12,2.875816311293022e-12,2.2579125485212275e-12,4.487409005855438e-10,4.664940067747565e-06,0
281,19:19:00,5.078344040423256e-12,2.5816314105342333e-12,2.863600782015869e-12,2.69771721688401e-12,2.6914152039187907e-12,4.064124829454649e-10,4.726470780500269e-06,0
282,19:19:30,2.4508861767489553e-11,2.7751315070494482e-12,2.1694084621040354e-12,3.0284449410188938e-12,3.0178941660929468e-12,4.8067906114437e-10,4.678322120332795e-06,0
283,19:20:00,7.54688616642827e-12,3.004677849430368e-12,2.423359908575344e-12,3.082128164114212e-12,2.6567073818339558e-12,5.005820908244489e-10,4.769304135396272e-06,0
284,19:20:30,1.4765636777908222e-11,3.771510676388145e-12,2.489360218489394e-12,2.3082596055713953e-12,2.425885101472374e-12,2.367814194782267e-10,4.770270970755616e-06,0
285,19:21:00,1.6189866876473337e-11,4.2852600567619086e-12,3.1952430077022993e-12,3.98945360504014e-12,5.067711623430945e-12,6.694374781649151e-10,4.755108993051188e-06,0
286,19:21:30,1.4718944610016317e-11,2.991890484189372e-12,2.487664425596255e-12,3.4670608648913162e-12,4.217757014595476e-12,4.803416164413717e-10,4.790544595152453e-06,0
287,19:22:00,1.620054978838792e-10,6.71214831342828e-12,2.3667878281972726e-12,2.0753505567162525e-12,2.2016389085203623e-12,4.352696777612996e-09,4.684734853692371e-06,0
288,19:22:30,7.586161100442358e-11,7.881282428398235e-12,3.546305714110909e-12,1.5391774526171852e-12,1.3125469446917794e-12,3.976774593488488e-09,4.7296155351195914e-06,0
289,19:23:00,1.0579789677888207e-10,6.6245145423712434e-12,2.939604170900368e-12,1.1616777579544645e-12,1.6083815110830218e-12,7.801524897064594e-09,4.778978220316582e-06,0
290,19:23:30,5.21931478743363e-11,1.3821248277525536e-11,7.2224167235162e-12,8.452648004903749e-12,5.072939212333053e-12,3.118969115003396e-09,4.7703493260616245e-06,0
291,19:24:00,5.025506773159069e-11,9.017754663670508e-12,3.6178139766200726e-12,4.976810007165116e-12,4.054211445444671e-12,8.086081085834931e-10,4.7917318301699765e-06,0
292,19:24:30,1.3968047235631794e-11,3.4928867703640705e-12,1.1751127620638484e-12,1.2464994647712892e-12,1.2160122652403923e-12,7.067048293286554e-10,4.692065270851174e-06,0
293,19:25:00,5.223029239087089e-11,4.201776486444187e-12,1.493819352912615e-12,1.37104416092956e-12,1.658522604324279e-12,2.5018312011394345e-09,4.761528882749022e-06,0
294,19:25:30,7.643736501403677e-11,1.0545674857351354e-11,2.5709066658987523e-12,1.821806811651165e-12,1.446377686115017e-12,1.988486593335091e-09,4.727997218762759e-06,0
295,19:26:00,5.7247394737155255e-11,6.960874370144378e-12,2.6417825260680848e-12,2.417885315806829e-12,2.134441271946101e-12,2.8419288906608165e-09,4.738428962865956e-06,0
296,19:26:30,3.8449934409944425e-11,4.501519859373808e-12,2.3591281829630824e-12,2.1731323615779196e-12,1.6835958582274811e-12,1.396125865624267e-09,4.7218809869560765e-06,0
297,19:27:00,5.531292220476042e-11,7.1213731720732724e-12,2.385271973736643e-12,3.3241351909909107e-12,1.8695178099209892e-12,1.2447201153460672e-09,4.694090873217599e-06,0
298,19:27:30,7.147764705087299e-11,8.865728776335197e-12,6.62100327831182e-12,8.744732025532826e-12,7.002513077114937e-12,1.482256291076214e-09,4.70872233403531e-06,0
299,19:28:00,7.947337581268022e-11,8.794217919037983e-12,1.831181155358139e-12,9.854602916146974e-13,9.670466262515672e-13,2.479358850201601e-09,4.674412513126999e-06,0
300,19:28:30,1.1970524945688653e-10,1.3482193294715115e-11,4.161456628814329e-12,5.936399762902649e-12,3.5591775637658153e-12,4.736036917168618e-09,4.685679704098045e-06,0
301,19:29:00,5.867006005743271e-11,1.1904901664994167e-11,7.562022609712377e-12,1.0254908149157523e-11,9.23257366762266e-12,5.902844727990145e-10,4.744610428344514e-06,0
302,19:29:30,9.234417207087544e-11,2.4627641601241868e-11,1.4450640280562592e-11,1.638552847602906e-11,1.4638277725931306e-11,1.6323383119627733e-09,4.725083758372558e-06,0
303,19:30:00,7.5195772898701e-11,7.885639885665827e-12,6.299083314158654e-12,5.9396664797944025e-12,6.772090707801951e-12,2.3773067809210537e-09,4.8696929910402856e-06,0
304,19:30:30,3.851872320986762e-11,7.736978244495175e-12,5.368961589675994e-12,7.646647851697398e-12,4.268917085959386e-12,6.039669069443094e-10,4.754905922780981e-06,0
305,19:31:00,9.365731449281811e-11,8.061817454542423e-12,4.581321544701434e-12,5.768926635492063e-12,4.431919362081545e-12,1.246378080376057e-09,4.730002648057015e-06,0
306,19:31:30,9.878170561635752e-11,8.0321987907227e-12,7.81649243882847e-12,9.673142260136877e-12,8.43177388053452e-12,7.744893294005344e-10,4.766638159322543e-06,0
307,19:32:00,3.70593504873919e-11,7.462327196449237e-12,5.387703735008888e-12,7.567055604116483e-12,6.348238187858324e-12,3.4526737583898875e-10,4.71405295753813e-06,0
308,19:32:30,3.405570685720943e-11,9.180211473176085e-12,5.8325958660917075e-12,8.423442365523745e-12,5.888047162250885e-12,4.400819642096236e-10,4.835049755255939e-06,0
309,19:33:00,4.1068675566242725e-11,6.066439861272762e-12,6.537516579767105e-12,7.455401738005359e-12,4.656697538493271e-12,2.3113591107901567e-10,4.792851273601694e-06,0
310,19:33:30,3.786728978670271e-11,7.038655774958974e-12,4.2807797679426385e-12,5.649430568980593e-12,4.784432139249706e-12,3.2121330126570647e-10,4.782642646057299e-06,0
311,19:34:00,5.157159825321743e-11,6.965761976074167e-12,3.596677376732997e-12,4.52316205914276e-12,3.19816172452039e-12,3.628064341314221e-10,4.787163035219466e-06,0
312,19:34:30,2.4691674739919473e-11,2.7822508910450258e-12,2.9110383369635834e-12,3.452930102235915e-12,2.521358537868265e-12,1.699540369719706e-10,4.688867477008794e-06,0
313,19:35:00,3.01251414516478e-11,4.6295295024281896e-12,3.844950421434387e-12,3.662842459983652e-12,3.763465876909695e-12,2.5918030026835194e-10,4.746928096795503e-06,0
314,19:35:30,2.1304439993328925e-11,3.4813944087148e-12,2.3957170205016954e-12,3.631718545950021e-12,3.3537985080271683e-12,2.6888437204404134e-10,4.6526401868521355e-06,0
315,19:36:00,2.0995654916601865e-11,4.369482359447422e-12,2.658170613792995e-12,2.8835995295462687e-12,1.5840158942394187e-12,3.846121067864584e-10,4.744060206221148e-06,0
316,19:36:30,4.325283171432422e-11,5.0682361347167465e-12,1.995015844307434e-12,1.844478999252606e-12,1.8623622264639068e-12,3.559917609033884e-10,4.824394940794618e-06,0
317,19:37:00,4.992642368126275e-11,8.248732869514843e-12,5.524563959498403e-12,7.415591636322531e-12,5.936101732335488e-12,3.2588952090395464e-10,4.827856769994393e-06,0
318,19:37:30,3.183225558271218e-11,4.604185159655511e-12,2.7256794318808614e-12,4.068931616375531e-12,2.8984739861575894e-12,3.632880721129219e-10,4.8780602208504635e-06,0
319,19:38:00,2.161573696437382e-11,4.996910761107148e-12,3.7944904130853185e-12,4.59926279200895e-12,3.021070266726656e-12,2.3526901617730064e-10,4.736896267233316e-06,0
320,19:38:30,3.6029052446474755e-11,9.159879239455559e-12,5.690946175105069e-12,9.744291012330716e-12,1.0698291067703799e-11,5.250216231416125e-10,4.769141007075604e-06,0
321,19:39:00,3.764256281247027e-11,7.2000001383175554e-12,3.423499221171646e-12,4.237571341989291e-12,4.104802153637273e-12,4.423665293996613e-10,4.6644336857039e-06,0
322,19:39:30,6.535531639388094e-11,5.95392608293811e-12,3.5812932295222572e-12,5.1687102586740625e-12,3.911470795136643e-12,1.06573504115624e-09,4.709264590456993e-06,0
323,19:40:00,4.531354221258364e-11,6.41270469293307e-12,2.5304559181849783e-12,2.3916266025121447e-12,2.800162944705896e-12,1.1970597050670523e-09,4.791218943978907e-06,0
324,19:40:30,4.089413987270574e-11,5.443859339890928e-12,2.3090589931564966e-12,2.3943883379039122e-12,2.0504474556815e-12,6.773921994178137e-10,4.761864123002291e-06,0
325,19:41:00,2.7055714986042467e-11,4.4984607419901636e-12,2.8515077590471863e-12,3.2484299730913192e-12,2.5166530629516466e-12,2.01862386095888e-10,4.810322540857434e-06,0
326,19:41:30,8.248491118878426e-11,1.647690731045089e-11,1.283829359987596e-11,1.7428919556654096e-11,1.4880235144410365e-11,3.3741605471937625e-09,4.696646362792785e-06,0
327,19:42:00,4.402994983566139e-11,6.062332299080349e-12,3.4021609341999454e-12,3.1100532893348384e-12,2.5414206349346737e-12,3.5646102337456776e-10,4.759247599790024e-06,0
328,19:42:30,2.400279935189422e-11,5.019188704867019e-12,2.9029052163653466e-12,2.955512369138052e-12,3.3748097047113902e-12,6.178291714988345e-10,4.817356204708171e-06,0
329,19:43:00,3.452823981086612e-11,5.561384768164025e-12,2.384100254517897e-12,3.2193697479612293e-12,2.9575009242432683e-12,4.794466301417762e-10,4.767013421054638e-06,0
330,19:43:30,3.759153982791118e-11,6.642334828682076e-12,4.971069226597299e-12,6.213328534866689e-12,4.9768631379354355e-12,7.20094434625467e-10,4.79836218826467e-06,0
331,19:44:00,3.9370957274362147e-11,5.5496447933168796e-12,4.191666783510345e-12,4.352478495151679e-12,3.4536933937735336e-12,7.871399747722813e-10,4.7673366247197e-06,0
332,19:44:30,5.166450501549241e-11,4.631050375799679e-12,1.938177921996481e-12,2.1092088295499023e-12,2.426531661758959e-12,5.535329278587347e-10,4.752026005252921e-06,0
333,19:45:00,1.708749694014673e-11,3.696666847018519e-12,2.638489944348115e-12,2.1138203554044138e-12,2.256098860926563e-12,2.9282943701824033e-10,4.741390461448941e-06,0
334,19:45:30,3.4494562378480915e-11,3.326239016173376e-12,1.6827542025648317e-12,1.6704549862865948e-12,1.4956880780933069e-12,4.481624068075379e-10,4.629119202443441e-06,0
335,19:46:00,2.9015041078652663e-11,3.5654178306016892e-12,2.1487058358655065e-12,1.6592879140201373e-12,2.7520958124558625e-12,3.537489380036093e-10,4.695224183913225e-06,0
336,19:46:30,5.04718143053161e-11,5.4993243568234174e-12,4.916170697253103e-12,6.366385298050992e-12,4.83484026514998e-12,6.810805580633491e-10,4.646092457250123e-06,0
337,19:47:00,2.0760545938802758e-11,5.456206509384172e-12,4.049427974738121e-12,3.3139319321261962e-12,1.984320849075012e-12,2.88347805048453e-10,4.693384813014994e-06,0
338,19:47:30,2.7723530744210023e-11,5.350287383988422e-12,2.9535251626210142e-12,3.1499969233222834e-12,3.805137337367884e-12,2.789971054080618e-10,4.722881441455456e-06,0
339,19:48:00,1.97688753071168e-11,3.5697716418970718e-12,2.7473575868949044e-12,3.0898244020783244e-12,2.586161120368303e-12,2.2159222398428476e-10,4.672117314275877e-06,0
340,19:48:30,2.576110354856904e-11,4.168599455429035e-12,2.366937113516442e-12,2.632639890515673e-12,2.6707073026802583e-12,1.9002719008053452e-10,4.713064782273818e-06,0
341,19:49:00,2.7229434401607848e-11,4.986822563043291e-12,2.994897246127237e-12,3.1230137182834725e-12,3.340050392217195e-12,6.544407628763885e-10,4.625646275755891e-06,0
342,19:49:30,1.3853396666612797e-11,3.804597597674095e-12,2.088732943086317e-12,3.0968031073915673e-12,2.4509960989934934e-12,2.386365768928068e-10,4.771651977099653e-06,0
343,19:50:00,2.249640130680516e-11,3.764260974696701e-12,2.1844935662246446e-12,2.8410263139497862e-12,2.752427110269931e-12,3.642334736937836e-10,4.738022489169614e-06,0
344,19:50:30,1.786687444871847e-11,2.7394147194144167e-12,1.6903086504458917e-12,1.498226880995523e-12,1.7981123208145994e-12,2.3753908869800693e-10,4.6992645003287695e-06,0
345,19:51:00,3.5944632323146074e-11,3.5108643630545745e-12,1.6779959196609583e-12,2.1116575434400285e-12,2.0714090749975126e-12,2.2226258743361585e-10,4.7256715233698955e-06,0
346,19:51:30,5.0726878446385746e-11,7.1257495262167545e-12,4.6986136953382435e-12,4.938113052666094e-12,3.116140003562551e-12,1.0215121611171145e-09,4.614709637910498e-06,0
347,19:52:00,4.100782152025259e-11,3.6594938678673e-12,1.8502050539370053e-12,2.3859577060538267e-12,1.7021320319299454e-12,2.051647226523769e-10,4.759915649159827e-06,0
348,19:52:30,3.2696938419587673e-11,3.971003176654916e-12,2.864746615824215e-12,2.488704837800212e-12,2.796885264717576e-12,2.867230628938083e-10,4.654907279742958e-06,0
349,19:53:00,2.542939185620475e-11,2.4321238318583335e-12,1.8652690268691196e-12,1.1872902654198749e-12,1.2208778419212593e-12,5.1405099816221e-10,4.69243730440556e-06,1
350,19:53:30,4.187265519364408e-11,2.445290210113564e-12,2.3402725962310117e-12,1.2329784671582557e-12,1.31517729294057e-12,4.811671722922652e-10,4.7543491935596164e-06,1
351,19:54:00,4.3697601588728986e-11,3.3611966670772014e-12,1.405936413914465e-12,9.479710467199098e-13,1.1991551306673237e-12,6.311477075488782e-10,4.6914293008415125e-06,1
352,19:54:30,2.7289306780137598e-11,2.1193323870793203e-12,1.0650213418557982e-12,6.398401302843206e-13,8.745193074304962e-13,4.23411578506409e-10,4.75448825635969e-06,1
353,19:55:00,1.0830245418783077e-10,3.777602729141676e-12,1.5449174035163397e-12,5.05536948992032e-13,8.331656388706335e-13,3.655088496062037e-10,4.5853430125570806e-06,1
354,19:55:30,1.266936575231514e-10,4.796825574789047e-12,1.440799023809485e-12,5.767236113497886e-13,9.158876330653207e-13,3.2477370875409243e-10,4.573595327668599e-06,2
355,19:56:00,9.900486216172939e-11,6.863874222244022e-12,4.872957981925278e-12,4.509521538243351e-12,5.155936969199232e-12,2.8251051507511326e-09,4.7102014938840394e-06,2
356,19:56:30,3.6826622546868166e-11,2.3607753538382906e-12,1.1173677741516888e-12,9.390115084657573e-13,1.1608042377809297e-12,5.400304959111856e-10,4.676523756021349e-06,1
357,19:57:00,4.579932122913816e-11,2.8768856780380153e-12,1.7599020161115858e-12,7.284629342707132e-13,9.052151752523386e-13,3.851336334695294e-10,4.752818653890753e-06,1
358,19:57:30,5.7439919624201556e-11,3.520798551292913e-12,1.065176602507463e-12,4.200527389557968e-13,6.946590774021116e-13,1.973543791812046e-10,4.6531596860009955e-06,1
359,19:58:00,5.73637141938265e-11,3.2437951359672755e-12,1.930229692651837e-12,8.638610175300715e-13,1.727859139621351e-12,5.474439510349629e-10,4.713365662310733e-06,2
360,19:58:30,5.960237851978531e-11,3.2950525618633e-12,1.1192213555487697e-12,5.129488068626708e-13,8.021980906498906e-13,2.2073014751030014e-10,4.561797218330305e-06,1
361,19:59:00,5.446218846258377e-11,3.317229934815618e-12,1.2357081274828886e-12,5.605063495193381e-13,1.1949867240833771e-12,2.5801445297903953e-10,4.6629943244470405e-06,1
362,19:59:30,7.448904030000727e-11,3.934115269549361e-12,1.3117359733399516e-12,4.5402043209611723e-13,1.1477032050329949e-12,2.6883900212330715e-10,4.774304994022167e-06,1
363,20:00:00,7.07670519607982e-11,4.046738885052278e-12,1.4632742997176278e-12,5.975537950045294e-13,1.3770927346471483e-12,1.866577103435688e-10,4.6387411730896435e-06,2
364,20:00:30,5.1727651378527716e-11,3.3454612101121485e-12,1.4821355950797688e-12,8.040218458167781e-13,1.2625928317047926e-12,2.903684343071287e-10,4.515381288026353e-06,2
365,20:01:00,5.47620246937868e-11,3.3668797847399267e-12,1.779038042842654e-12,5.42696561580833e-13,1.0293227106127013e-12,1.495595382212905e-10,4.671714745195743e-06,1
366,20:01:30,9.62834993176537e-11,3.0912033442198266e-12,1.2309334229198989e-12,3.80933018375678e-13,7.156923579144827e-13,2.1790209417576298e-10,4.203467338064328e-06,1
367,20:02:00,6.361586817442663e-11,3.8135530827105675e-12,1.544164829468425e-12,4.5297047794961576e-13,7.897971626307719e-13,2.236565739299714e-10,4.176648141723208e-06,1
368,20:02:30,6.61015777821765e-11,4.138184481989388e-12,1.9181370923216965e-12,6.642338113145939e-13,1.8390894404427153e-12,2.0217404370937272e-10,4.136827892584223e-06,2
369,20:03:00,8.112353028006866e-11,2.451341300352563e-12,1.1154365156305975e-12,3.8366988296894796e-13,7.733906688662409e-13,1.952654926256566e-10,4.052719112366155e-06,2
370,20:03:30,7.183598620642894e-11,6.8195056169299276e-12,3.0252152912325273e-12,2.6490367247258974e-12,1.2893250736318638e-12,6.172055641934044e-10,3.9618638801322316e-06,2
371,20:04:00,2.213721103315818e-11,4.712057467222945e-12,3.415791965813171e-12,2.748003923549413e-12,3.414655310839991e-12,2.678616624124939e-10,4.6739866766814905e-06,0
372,20:04:30,6.357944968854081e-11,1.2055570335946953e-11,6.389716429529384e-12,1.0104863648400818e-11,8.986612844372135e-12,6.109710482311685e-10,4.735934716045088e-06,0
373,20:05:00,1.531238028498277e-11,3.298316775285606e-12,2.231599571250921e-12,1.2972448158177493e-12,2.377444589241044e-12,2.5258652478067004e-10,4.621516047137447e-06,1
374,20:05:30,9.784812352164499e-11,3.4833190657949564e-12,1.9388124020270542e-12,1.3137569164382865e-12,1.656553522583143e-12,2.3278931154840392e-10,4.465275583916214e-06,1
375,20:06:00,5.606544765804782e-11,2.7689341351386554e-12,1.2463361340282419e-12,6.090829412105412e-13,9.429067031706594e-13,2.416017906923297e-10,4.011477748666012e-06,1
376,20:06:30,9.316124630424338e-11,3.868835769359037e-12,2.4564015704863008e-12,1.6085591077349401e-12,2.652493021038359e-12,4.1714736156330227e-10,3.901114423763518e-06,1
377,20:07:00,4.522083782631375e-11,1.1238721009799051e-11,1.0201187310307491e-11,1.068135314049192e-11,8.417867186056011e-12,1.7467100604162434e-09,4.729241904147678e-06,0
378,20:07:30,2.3475683015449248e-11,5.644449907907961e-12,3.3745451307533296e-12,3.7369208746649065e-12,3.959201729949826e-12,4.6168595140971965e-10,4.6459518975811e-06,0
379,20:08:00,1.167354048627977e-10,1.4025378756855113e-11,1.8306824497551544e-11,1.7462253556012e-11,2.3132118282294354e-11,5.5996729281809496e-09,4.750206430017991e-06,0
380,20:08:30,3.433590054115808e-11,5.99282652415934e-12,5.94490210020056e-12,5.620035084106288e-12,6.519011356148476e-12,3.0398225452395227e-10,4.627526547844021e-06,0
381,20:09:00,3.287979015078737e-11,1.5091786861465588e-11,1.1113555842150147e-11,1.1244027037678589e-11,1.110245920925359e-11,3.771926957410506e-10,4.645261621962543e-06,0
382,20:09:30,2.9779217680461707e-11,9.672662965409951e-12,5.073291823642728e-12,5.64313527396453e-12,3.951062828011299e-12,1.932143958230912e-09,4.758451290308569e-06,0
383,20:10:00,1.2220693227742857e-10,1.283939694932435e-11,1.0145177158266452e-11,1.1741482397782208e-11,8.445128107035553e-12,2.1733269471144444e-09,4.769572397911053e-06,0
384,20:10:30,2.8239353134543375e-11,4.408284155051141e-12,2.7124274597647412e-12,1.637862278592737e-12,2.7137322446124007e-12,4.2245418639502956e-10,4.810044010340021e-06,0
385,20:11:00,2.2375233402485234e-11,5.8007718068346565e-12,3.1189374669750194e-12,2.074531592392579e-12,2.2870947129108026e-12,5.658770735706766e-10,4.7066182306158e-06,0
386,20:11:30,2.1263557907508045e-11,4.220269667079572e-12,2.3106715838223724e-12,2.121923488856283e-12,3.43076695357176e-12,3.9316858757604903e-10,4.737242366703119e-06,0
387,20:12:00,3.217411389740206e-11,6.4043626891548325e-12,5.409416654294325e-12,6.974382314604664e-12,7.114162411308899e-12,4.824381165287879e-10,4.707323778193269e-06,0
388,20:12:30,3.816315873617153e-11,4.0048653217657406e-12,2.36593006461193e-12,2.0280503158456376e-12,2.052239944806107e-12,3.8440388968945556e-10,4.674201385070339e-06,0
389,20:13:00,4.6679220491804294e-11,2.82790173576612e-12,1.3760322732375003e-12,5.937114580734298e-13,1.0272423002678265e-12,9.003935335252322e-10,4.70763574660032e-06,0
390,20:13:30,3.474710617085668e-11,8.155128813205102e-12,2.620703535136673e-12,2.9995938998275094e-12,3.3035716251626585e-12,9.810801658604967e-10,4.667104748415873e-06,0
391,20:14:00,3.42823491317662e-11,5.227043723560823e-12,3.0952861322016517e-12,2.555822609501661e-12,2.815925543853689e-12,3.077716609816184e-10,4.725445808271731e-06,0
392,20:14:30,4.374998806375885e-11,6.809520092951398e-12,2.776568479821784e-12,2.4877399838351558e-12,2.2846063918457798e-12,3.997455317475538e-10,4.651703373628313e-06,0
393,20:15:00,2.2507540686791587e-11,4.5793285057116744e-12,2.674773908105542e-12,2.4994894201735065e-12,3.0186458921130674e-12,3.8152882915548627e-10,4.7278392210012965e-06,0
394,20:15:30,4.063950010499161e-11,3.930418804404847e-12,2.1743764159763645e-12,2.1781317594747217e-12,2.0836610387059023e-12,1.4064584553219877e-09,4.711210661761406e-06,0
395,20:16:00,5.087626315784252e-11,6.476883197111754e-12,5.265440192389589e-12,5.1612927294189584e-12,5.845894730676646e-12,2.8689637061724907e-10,4.712723006028933e-06,0
396,20:16:30,5.478436898556468e-11,7.653324657708952e-12,2.2559498274028116e-12,1.6141645615688174e-12,2.15467055053134e-12,1.2297957698011474e-08,4.767445748051945e-06,0
397,20:17:00,3.1550952249378417e-10,3.031293779796057e-11,1.4188989221115174e-11,1.1705635496613737e-11,1.1652683312916328e-11,4.779448140952971e-09,4.721318581795219e-06,0
398,20:17:30,2.522601693547744e-10,1.1862862940824139e-11,3.705103045225841e-12,2.67573546622981e-12,2.853077410184098e-12,6.516736949466929e-09,4.727637531859912e-06,0
399,20:18:00,2.337657156945665e-10,1.7765553794463537e-11,4.58489738339738e-12,4.288873081401186e-12,4.432547319284284e-12,1.0775644040968442e-08,4.7069945947834145e-06,0
400,20:18:30,1.325715297279819e-10,9.565681434120834e-12,4.603154073934142e-12,3.030585368125127e-12,2.8584681976544003e-12,7.933824396448282e-09,4.672629597035381e-06,0
401,20:19:00,2.1107815379675546e-10,1.3225561572040592e-11,3.0008987375609795e-12,2.2499299708990807e-12,1.9175873558450696e-12,1.1049536306754984e-08,4.79893489122545e-06,0
402,20:19:30,1.0324144098573599e-10,1.3680608757406765e-11,3.3678769379834695e-12,3.776217134095487e-12,3.27323211736755e-12,6.002470500637738e-09,4.77154944830246e-06,0
403,20:20:00,9.229265960074795e-11,1.162863316766012e-11,3.936347769251222e-12,2.601303612528247e-12,2.304623250376823e-12,4.8007967665137825e-09,4.753665127869159e-06,0
404,20:20:30,8.8631518199811e-11,1.0626687334238798e-11,4.760169651647787e-12,5.589604637171959e-12,3.6345843339766162e-12,2.727414894059439e-09,4.780219411224347e-06,0
405,20:21:00,6.663447061987027e-11,7.753382870087757e-12,2.6460401534066787e-12,2.2533548034451796e-12,2.4334803181316803e-12,4.4020715858592084e-09,4.707975405936395e-06,0
406,20:21:30,7.938162445688417e-11,1.1753826756833305e-11,3.766821134746903e-12,3.1157023555016985e-12,3.3863506157528336e-12,2.150625812697661e-09,4.774067981026985e-06,0
407,20:22:00,7.60361184543815e-11,1.2633181733481661e-11,3.4831377809813115e-12,2.2312462163884767e-12,2.8586513999813555e-12,3.3728227413795836e-09,4.728562487220412e-06,0
408,20:22:30,5.699937977415325e-11,9.342652430830018e-12,3.2806628110007746e-12,3.3247075804237862e-12,2.4243313751054147e-12,1.1379133286516522e-09,4.77245901769498e-06,0
409,20:23:00,5.100341977617175e-11,9.729948317388148e-12,2.792064132883169e-12,2.1259787972179278e-12,1.6605074016956482e-12,7.170216796558203e-10,4.708433360459168e-06,0
410,20:23:30,1.7341847079463505e-10,1.2374355286670442e-11,3.2964474142188683e-12,3.899308651358646e-12,2.333330874584026e-12,5.733837765642852e-09,4.679487472019722e-06,0
411,20:24:00,1.0840040945333253e-10,8.419805149507016e-12,3.0765201565307145e-12,2.014655933598032e-12,1.623496856119143e-12,3.6556515428478233e-09,4.709844569686639e-06,0
412,20:24:30,1.0607068770906633e-10,9.14939747936205e-12,2.925323960025577e-12,1.7720758527433195e-12,1.3570229246467314e-12,3.873880300852706e-09,4.54806628663581e-06,0
413,20:25:00,1.3008892108946163e-10,1.0201208405463726e-11,2.990936103037883e-12,2.264595469664632e-12,2.8688081815911625e-12,3.044401082705135e-09,4.620239236917503e-06,0
414,20:25:30,5.931257127040948e-11,1.1305675073013887e-11,2.8685159227859962e-12,1.8726912468433625e-12,1.906918117742915e-12,1.5374484291835392e-09,4.648510342972219e-06,0
415,20:26:00,2.7746578804689287e-10,1.1928528969916635e-11,2.3713772376238287e-12,1.6590629707212852e-12,2.0989917786858594e-12,5.198185014750742e-09,4.738560920280052e-06,0
416,20:26:30,2.944646937801405e-11,5.1915066063212626e-12,2.078313848222931e-12,1.5026045374687431e-12,1.4664477130932226e-12,9.220481181707924e-10,4.752666074541416e-06,0
417,20:27:00,1.9168937909172225e-11,2.959529174160801e-12,1.1417711775089747e-12,1.3046034320704497e-12,1.5589438186900349e-12,3.568678412900851e-10,4.725962021235824e-06,0
418,20:27:30,3.7840040590623713e-11,4.3281477569944315e-12,1.916782350152922e-12,1.5890361567864487e-12,1.1894426612003379e-12,3.548657092943552e-10,4.763242259493869e-06,0
419,20:28:00,2.299472756297445e-11,3.9399487894006095e-12,1.3336868101321231e-12,1.1911297917486111e-12,8.073106375138224e-13,2.9933399357157613e-10,4.635803004241357e-06,0
420,20:28:30,4.152968816778722e-11,5.459010093134257e-12,1.5349579426155826e-12,9.391032521876703e-13,1.3786294164493914e-12,3.0123879452855714e-10,4.6696136042103665e-06,0
421,20:29:00,1.3159258844734234e-11,1.722442354751921e-12,1.2615701827228413e-12,9.958120347633983e-13,1.0476887537248935e-12,2.7959661927921687e-10,4.620562577804767e-06,0
422,20:29:30,3.1912833335313795e-11,5.073507019402137e-12,2.1128778132891486e-12,1.2604067647758738e-12,1.5882339033970816e-12,1.6193557640218438e-09,4.6256515433067535e-06,0
423,20:30:00,2.4066712596866736e-11,4.727753242040484e-12,1.849523222392941e-12,1.5189809430474038e-12,1.4627607817488622e-12,4.4330026405534697e-10,4.510221516454207e-06,0
424,20:30:30,4.4275903968724975e-11,5.555733625063349e-12,1.7470158736067902e-12,1.2653906440834197e-12,1.3840957022884728e-12,1.337039324310371e-09,4.584461756920789e-06,0
425,20:31:00,2.6912357304585722e-11,4.522909317030186e-12,2.0207671146046266e-12,1.5498329285890853e-12,1.410126283832838e-12,2.937255260789566e-10,4.612512302091075e-06,0
426,20:31:30,4.914817519335118e-11,6.9376564385387164e-12,1.9440584646787994e-12,1.8633404112259434e-12,1.7691070068746411e-12,6.098199154988559e-10,4.670364486507574e-06,0
427,20:32:00,1.0852224297820273e-10,1.2647888185572962e-11,1.4404111999182305e-12,1.1912952759845863e-12,1.049333212059804e-12,1.8366795971227684e-09,4.747377891186281e-06,0
428,20:32:30,3.1232421091980746e-11,6.345039037212346e-12,1.4512811191779398e-12,1.183511575981689e-12,1.2930404813727705e-12,4.5163420804662824e-10,4.761899624173253e-06,0
429,20:33:00,2.6076843684358815e-11,3.326105687681123e-12,1.6860929249919938e-12,1.205127065508501e-12,1.9287299838097805e-12,5.340949707533287e-10,4.715834298025644e-06,0
430,20:33:30,2.4492622562480276e-11,4.757984231194001e-12,1.562426608859048e-12,1.2095732798315203e-12,1.855889386873731e-12,4.2935073951132254e-10,4.751589666733013e-06,0
431,20:34:00,2.6131172967885165e-11,3.698372469496965e-12,1.8799463047044796e-12,1.209650260174161e-12,1.1591498986222856e-12,7.953010299058239e-10,4.608038731193603e-06,0
432,20:34:30,1.1096598697119704e-10,7.467421935579052e-12,2.477279579955772e-12,1.9069736380903953e-12,2.4301013209486078e-12,3.896131154559647e-09,4.6939541368598426e-06,0
433,20:35:00,1.2371247637279926e-11,2.920130107454062e-12,1.2756860734450595e-12,1.0085842415395282e-12,1.2602178836771105e-12,7.297594015534092e-10,4.65604305704627e-06,0
434,20:35:30,6.528897050413696e-11,7.737236670311614e-12,4.8773785098538665e-12,6.275727591893232e-12,4.493444999260975e-12,2.202744296349632e-09,4.703651065146052e-06,0
435,20:36:00,1.5271371844454256e-11,3.619174919351127e-12,1.8166211506330069e-12,1.7198690525176079e-12,1.3513747736313534e-12,3.6453232341686905e-10,4.699148198350573e-06,0
436,20:36:30,1.1254482479168007e-11,3.380552044548728e-12,1.4361778890193297e-12,1.5660526880066167e-12,1.6708774052984084e-12,5.096649762273132e-10,4.639914360044549e-06,0
437,20:37:00,6.765470230205823e-11,1.6233738949411005e-11,8.029691684141261e-12,1.2803525247458455e-11,7.060622126886416e-12,7.336849910827724e-10,4.715905459513698e-06,0
438,20:37:30,2.1523975244029038e-11,4.540316866822474e-12,3.0423936711766036e-12,3.1207637777926295e-12,3.0510350600769144e-12,4.2177526356741455e-10,4.653378434580329e-06,0
439,20:38:00,1.704328215819478e-11,4.9806300769029415e-12,3.0448672475360735e-12,2.8281084966728103e-12,1.7908309702022896e-12,3.736127075405622e-10,4.633064827776184e-06,0
440,20:38:30,1.59199586522228e-10,1.751924552320986e-11,7.2090354562219645e-12,6.439009697143816e-12,7.765785542864972e-12,5.9114213821052414e-09,4.637406698910314e-06,0
441,20:39:00,4.995682848884918e-12,1.8386006324325008e-12,1.2580388856467902e-12,1.3147199412483985e-12,1.4624597612557997e-12,1.3513566458072592e-09,4.612311213985124e-06,0
442,20:39:30,5.873955094710822e-12,2.376050107009641e-12,1.5020413252140959e-12,1.6247673950922636e-12,2.298082111992049e-12,1.5239866929417518e-09,4.659876290683214e-06,0
443,20:40:00,3.4277027939342394e-11,4.087099728951632e-12,2.1034201066748976e-12,1.7714262247650848e-12,1.4211500459666902e-12,2.2368160432635905e-09,4.55072133606105e-06,0
444,20:40:30,5.346526566044584e-11,4.0028001716311744e-12,1.759944201710378e-12,1.3469805721833387e-12,1.6746410649980722e-12,1.8638007971882278e-09,4.654795674541003e-06,0
445,20:41:00,2.4166571460481195e-11,6.247364928715462e-12,2.8009574495050507e-12,2.2207931455674187e-12,2.020604425639656e-12,8.110086866184336e-10,4.703088593036233e-06,0
446,20:41:30,1.770528079355759e-11,3.220121195114446e-12,1.5548843891654266e-12,1.2762080981217763e-12,1.3784440771622922e-12,1.4205429412260864e-09,4.6028908689981105e-06,0
447,20:42:00,4.3388662088386686e-11,7.315780280553065e-12,2.4116792536175525e-12,2.8168626000174553e-12,2.7012467790989802e-12,2.0790814623492406e-09,4.667985996903435e-06,0
448,20:42:30,1.0908180702503511e-10,7.834511491726724e-12,2.7493011549957483e-12,1.911289887582608e-12,2.6764279047827928e-12,3.0921003328021807e-09,4.667526076609288e-06,0
449,20:43:00,2.117891058420806e-11,4.617669456257415e-12,1.3860421506424102e-12,1.5074687016196743e-12,1.4948707369547247e-12,1.5815896743124657e-09,4.780275063061962e-06,0
450,20:43:30,3.7353195080027516e-11,3.912236701868495e-12,1.7472489784638417e-12,1.5881406127461297e-12,1.675462502033206e-12,1.5869810744508387e-09,4.730354136152183e-06,0
451,20:44:00,8.614478583954557e-11,6.832330680494534e-12,2.9447470196016596e-12,3.0189365211212314e-12,2.5718135517245203e-12,3.1434959653259185e-09,4.669431709830878e-06,0
452,20:44:30,3.584258399207116e-11,4.813839749249733e-12,2.5788198969651673e-12,1.8066088945795562e-12,2.1245838395325443e-12,3.0184037257077243e-09,4.693639821256708e-06,0
453,20:45:00,2.437665962968198e-11,4.129255621646857e-12,1.4227280613416408e-12,1.4056375733814827e-12,1.2628961361463335e-12,3.045382164778682e-10,4.626302202704303e-06,0
454,20:45:30,3.9645744269325043e-11,7.439238385307581e-12,3.9875252156936245e-12,4.465205327281907e-12,2.7006310935467054e-12,4.804955748764104e-10,4.695212671212402e-06,0
455,20:46:00,2.337787966680435e-11,3.99883637507989e-12,1.3456834696484837e-12,1.4765159633459143e-12,1.4357843460793188e-12,8.926681946820571e-10,4.606874497338413e-06,0
456,20:46:30,3.5299245872193805e-11,5.504224895893184e-12,1.7360805661569378e-12,1.0996383206811278e-12,1.2100626672602802e-12,3.432630432989462e-10,4.739625026243527e-06,0
457,20:47:00,1.7757672959197345e-11,3.836979180404856e-12,1.895020283344404e-12,2.0103170500845317e-12,1.844856501725513e-12,6.298917223676152e-10,4.69130737980415e-06,0
458,20:47:30,1.3751757768902346e-10,7.867267489599925e-12,3.4369343278020283e-12,3.530406585377635e-12,2.1242795322639795e-12,5.10390026232554e-09,4.616322573720345e-06,0
459,20:48:00,2.580105034906389e-10,1.0246584742941231e-11,3.2984799409007417e-12,2.3945031062679317e-12,2.6341975927602245e-12,6.0514112634982876e-09,4.682382519162145e-06,0
460,20:48:30,4.237892562668561e-10,1.4004200671193445e-11,3.339356770608995e-12,1.470734021294973e-12,1.3295016824186294e-12,8.046343095669918e-09,4.6645957779233206e-06,0
461,20:49:00,9.192734838585113e-11,6.963391609407469e-12,2.5244326377108873e-12,1.846978479463174e-12,1.4110039093167224e-12,4.391175154526453e-09,4.732805999688794e-06,0
462,20:49:30,1.0950704773392172e-10,1.0075145747526744e-11,3.421587268859056e-12,2.9090760098213106e-12,2.527130037038001e-12,3.65987820459545e-09,4.591945126550331e-06,0
463,20:50:00,6.199153666602875e-11,6.600467078412422e-12,2.645623762213191e-12,1.8757033471442483e-12,1.648934821169683e-12,2.3032213223749004e-09,4.6579245428517494e-06,0
464,20:50:30,9.091534124185195e-11,8.879638846335344e-12,2.70445472476943e-12,4.482024375214738e-12,2.7821521654755692e-12,5.465071584637327e-09,4.6341168180722824e-06,0
465,20:51:00,5.149337647423573e-11,7.878799995845143e-12,4.102161077005844e-12,4.0964317331387e-12,4.410360453906096e-12,4.478845608743857e-09,4.600777831061431e-06,0
466,20:51:30,1.376661726079546e-11,3.1306508706300976e-12,1.454406581973753e-12,9.63478880470504e-13,1.2585452664997194e-12,1.197395567008667e-09,4.684533670911772e-06,0
467,20:52:00,3.076050472426307e-11,5.273930796311797e-12,4.560541386121666e-12,3.972610816069002e-12,3.0191967530880935e-12,6.431177039113064e-10,4.651910089724194e-06,0
468,20:52:30,4.596328454667689e-11,1.1827595167116634e-11,2.7298421642675816e-12,2.6601663306405945e-12,2.4502589773998245e-12,1.9755969998141027e-09,4.756683758057279e-06,0
469,20:53:00,1.924998662541532e-11,2.93212896910054e-12,1.544158109164457e-12,1.2389049974617177e-12,1.3404841420542589e-12,5.169933489754457e-10,4.750129219250096e-06,0
470,20:53:30,2.532148412252943e-11,5.294486575240385e-12,1.5964149950851769e-12,1.0268148022724908e-12,8.713011912703231e-13,1.795861735092474e-09,4.768823181967762e-06,0
471,20:54:00,7.613096868978025e-11,5.950122026248347e-12,3.2647201525803398e-12,2.217506032772809e-12,1.2673587532065423e-12,3.1134687110235444e-09,4.761665006456227e-06,0
472,20:54:30,5.39575347493498e-11,8.656877494301993e-12,2.3347143872621863e-12,1.1914067914277714e-12,1.714994065404726e-12,4.205314785674296e-09,4.718832805500444e-06,0
473,20:55:00,4.784430588498253e-11,3.814702903285539e-12,2.5056747885497484e-12,2.3517788884528435e-12,2.667917792538117e-12,2.6064351259855353e-09,4.716381584821443e-06,0
474,20:55:30,8.09001853696579e-12,2.2553230523334905e-12,1.229406032687038e-12,1.175858418688233e-12,8.660093670434023e-13,5.161143347495739e-10,4.7890667975881544e-06,0
475,20:56:00,3.199880060981246e-11,8.421235926181705e-12,5.778377822702241e-12,6.183021136730794e-12,3.0315884854691265e-12,2.160994724221196e-09,4.737277985122568e-06,0
476,20:56:30,2.96472824576976e-11,5.174833007137619e-12,3.9158728473035075e-12,2.808233875741337e-12,2.1842639900442154e-12,2.5476516019205398e-09,4.7564832473253284e-06,0
477,20:57:00,2.2606166205877807e-11,5.592209434094615e-12,2.6246427799305066e-12,2.0541476287939628e-12,2.2861693953092787e-12,7.943033517182282e-10,4.656285010600573e-06,0
478,20:57:30,6.99698512907373e-11,1.3897969384156355e-11,6.65980027565175e-12,9.535432994925915e-12,4.529270594843142e-12,1.4323174050332386e-09,4.739663703538243e-06,0
479,20:58:00,9.88100525804516e-11,7.1443991483906664e-12,3.2825031328707673e-12,2.6492489330617766e-12,2.521874152524058e-12,3.648049521629896e-09,4.685243034797216e-06,0
480,20:58:30,7.122893993604763e-11,1.1432405602260053e-11,1.1420862650302077e-11,8.16379918759579e-12,5.104802978200607e-12,1.2683897821985342e-09,4.715856569245103e-06,0
481,20:59:00,3.528416876026858e-11,6.308144386737561e-12,3.4583741444574314e-12,2.9872742660411664e-12,2.4776253385194027e-12,7.69920473786124e-10,4.7388817354127346e-06,0
482,20:59:30,1.817276441476981e-11,3.297238380140176e-12,1.9117423939482996e-12,1.7020668102063051e-12,1.210660882736261e-12,5.558788679895207e-10,4.722346595708431e-06,0
483,21:00:00,9.294470777892264e-11,7.800693842965708e-12,4.503878186149647e-12,4.7611590353486435e-12,4.549292122316429e-12,2.3257033363117815e-09,4.797258929244925e-06,0
484,21:00:30,3.84429902462097e-11,6.185611076552993e-12,3.5769599559715418e-12,3.406512505030019e-12,3.523429275119872e-12,9.7701397467809e-10,4.619059408070871e-06,0
485,21:01:00,7.196108179600745e-11,1.2496995363029572e-11,6.625500443616361e-12,6.178341997702898e-12,5.875241679265487e-12,2.3638493024275386e-09,4.7403267417003206e-06,0
486,21:01:30,8.2005865689297e-12,3.289778921725165e-12,1.866732821892637e-12,1.9236292029190617e-12,1.514700159317739e-12,3.4885490468167606e-10,4.6791047696231575e-06,0
487,21:02:00,4.0377162859244696e-11,6.551123268975435e-12,3.23744600009313e-12,3.666301411315042e-12,3.779062082106628e-12,2.006855397734774e-09,4.705885569207289e-06,0
488,21:02:30,1.3292985605967893e-10,8.40645136663492e-12,4.686406055698567e-12,3.2682401705835114e-12,2.5404804146834312e-12,6.8431629832978994e-09,4.703717220272673e-06,0
489,21:03:00,4.685199354823145e-11,1.3155506250772317e-11,5.300701636532567e-12,5.454382504242845e-12,4.7059141560215954e-12,3.254836834004696e-09,4.483129079217739e-06,0
490,21:03:30,7.270634312303774e-11,6.345126847743538e-12,2.4938045543735575e-12,2.0073014414717975e-12,1.606088255225723e-12,3.944139663988147e-09,4.782590081812437e-06,0
491,21:04:00,2.454422387804063e-11,3.0486721792352098e-12,1.0457495650976095e-12,8.239348552655854e-13,9.777820965986609e-13,1.1687864119688797e-09,4.520869221882343e-06,0
492,21:04:30,1.1953014121481756e-11,3.101339988469347e-12,1.3156717168051103e-12,1.1292473270882188e-12,8.976366307705866e-13,1.3861032023204236e-09,4.641599717459872e-06,0
493,21:05:00,6.421561094496378e-11,6.0561477904959554e-12,3.368917919729631e-12,3.1698497356963465e-12,3.700668955721583e-12,3.1989984510718327e-09,4.680680610352681e-06,0
494,21:05:30,9.513683235545484e-11,7.92774644954861e-12,2.3113400339216128e-12,1.0147730176436026e-12,1.0694481809331024e-12,4.460858789972867e-09,4.641962607014594e-06,0
495,21:06:00,2.5481811860656008e-11,4.199390872728471e-12,1.7329476804637609e-12,1.0089337945215608e-12,1.27608298689796e-12,1.6926101934946125e-09,4.698269037064668e-06,0
496,21:06:30,2.0296869618062706e-11,1.1180123303281484e-11,8.728157078109584e-12,8.642863558039857e-12,6.205068252632186e-12,2.539000910593702e-09,4.721932159998321e-06,0
497,21:07:00,3.5742704688295405e-11,6.032965462892869e-12,1.3520107331011634e-12,8.321312351187143e-13,9.476549736116132e-13,2.922086054257846e-09,4.763827848090996e-06,0
498,21:07:30,8.063467855993426e-11,1.4208581961116224e-11,3.528270154832207e-12,4.545758342571678e-12,2.533726482596526e-12,5.608088861295036e-09,4.660128765117227e-06,0
499,21:08:00,4.74036005421859e-11,8.14754159109587e-12,1.6151503124587852e-12,9.770268809125458e-13,8.897289855041917e-13,2.118473008695954e-09,4.727578299885853e-06,0
500,21:08:30,6.215378588689194e-11,4.1376191385386705e-12,1.5186021138695046e-12,8.44245649429338e-13,7.199399294656922e-13,1.7512331720055916e-09,4.758218481302537e-06,0
501,21:09:00,7.329956068099173e-11,7.909625539142907e-12,1.285474833785131e-12,6.309508707057959e-13,7.494010245440523e-13,4.3586924504822735e-09,4.669783827636216e-06,0
502,21:09:30,3.255893145587802e-11,1.050378455271942e-11,2.9918334650524897e-12,1.3179462205130297e-12,1.4265419508605197e-12,3.7370946530786e-09,4.6428914284933305e-06,0
503,21:10:00,3.323567006315662e-11,4.607669237083898e-12,1.2739642252436796e-12,5.141552507404681e-13,6.733788009296284e-13,2.0378885767332183e-09,4.618575134949986e-06,0
504,21:10:30,1.967893196675315e-11,4.939288674265015e-12,1.1032944746021605e-12,8.097493191045715e-13,8.707296470820952e-13,1.349513775699703e-09,4.704544100355341e-06,0
505,21:11:00,3.3814486924282856e-11,4.9017489065687725e-12,1.2158703586935068e-12,8.684508095257728e-13,8.065866419152816e-13,2.6387623040469613e-09,4.695727510006812e-06,0
506,21:11:30,1.548094766730355e-11,3.1414575066767236e-12,1.2091448351982635e-12,5.967362630901334e-13,8.873239658351072e-13,9.822640945657964e-10,4.694098324722781e-06,0
507,21:12:00,2.5940379346048336e-11,6.7854695940497824e-12,2.814525273780758e-12,2.02353673582218e-12,2.2850317505441134e-12,1.4359014921680844e-09,4.7078570809295784e-06,0
508,21:12:30,8.302283859121003e-11,7.039093060214212e-12,1.5248135259276817e-12,6.987536982388096e-13,9.047087181284262e-13,3.0833306896733947e-09,4.613697862097175e-06,0
509,21:13:00,2.5819470388202685e-11,4.951339021098276e-12,1.3824716135099966e-12,7.394147306037503e-13,7.664803790128021e-13,1.5698848743968758e-09,4.724530331629314e-06,0
510,21:13:30,5.807577515177823e-11,7.083359002433851e-12,1.913344883554296e-12,1.3446999954779966e-12,1.42766765103234e-12,1.4453721461532468e-09,4.639396598169352e-06,0
511,21:14:00,1.5953067786684102e-11,3.258034013250201e-12,1.0057338958337619e-12,7.212691264223246e-13,7.554571438512132e-13,3.764599924924665e-10,4.684697859098885e-06,0
512,21:14:30,3.4345224425507076e-11,4.144410663185536e-12,1.862187881622841e-12,3.142322476231032e-12,3.6072414628555507e-12,7.300655453013156e-10,4.673410366026816e-06,0
513,21:15:00,6.771554158867115e-11,5.933217997257154e-12,1.389913877936032e-12,9.099361340022899e-13,1.04974420427777e-12,3.888744475593813e-09,4.682073463974681e-06,0
514,21:15:30,2.2043401499798327e-11,3.120402496095412e-12,1.4621523918078491e-12,1.437133252168066e-12,1.2046924268575429e-12,1.463183988375226e-09,4.763565282703314e-06,0
515,21:16:00,4.2253353181189544e-11,4.894504807501637e-12,1.7387775522755676e-12,1.3761328734771376e-12,1.2948413237805877e-12,9.570136568614095e-10,4.697850813201963e-06,0
516,21:16:30,7.887563701311996e-11,1.0430448562658718e-11,2.4846716409471765e-12,1.402879424502675e-12,1.4184829890573548e-12,4.6839695488666014e-09,4.767731599399075e-06,0
517,21:17:00,1.274996396860156e-10,6.277130106301007e-12,1.9986679391421393e-12,8.208814279023586e-13,1.0373593968271803e-12,4.246563790897908e-09,4.680755970190303e-06,0
518,21:17:30,1.8723136547092702e-10,8.811171668045752e-12,1.884228327845578e-12,7.356314847089807e-13,1.5318703343063853e-12,6.68365393637178e-09,4.645172809715213e-06,0
519,21:18:00,1.455582579910347e-10,1.5485808467253283e-11,3.029201358500923e-12,1.73449829083144e-12,1.8471494017922446e-12,6.894280102216316e-09,4.685719158166807e-06,0
520,21:18:30,2.1853424778643343e-10,1.5130463789475384e-11,3.204125171704959e-12,1.242526738438058e-12,1.695629271615879e-12,6.726416388362114e-09,4.64446209641268e-06,0
521,21:19:00,1.2221316611817068e-10,1.4504917997228792e-11,3.1304721612803744e-12,1.5131277080505427e-12,1.2928243341192765e-12,4.165826437828483e-09,4.725492470428841e-06,0
522,21:19:30,2.390345816188522e-10,1.6434784717027097e-11,2.618243699262248e-12,8.374631788389554e-13,1.034570754405238e-12,4.161245091431718e-09,4.709804023559537e-06,0
523,21:20:00,3.3255589972899296e-10,8.888449434882931e-12,2.8894592912750743e-12,1.0055857948995183e-12,1.3408328055214294e-12,8.122516917509358e-09,4.70918155634407e-06,0
524,21:20:30,1.5890148451458758e-10,1.5820792217547582e-11,6.291367368210752e-12,5.006241691062212e-12,7.273443898740679e-12,7.295934416004248e-09,4.644762393937713e-06,0
525,21:21:00,8.650237159126204e-11,7.32693626727803e-12,2.306041794144916e-12,2.267442015647833e-12,2.141493317277673e-12,7.400620048510274e-09,4.657866656080646e-06,0
526,21:21:30,1.826460188682359e-10,1.2899663333854976e-11,6.534326518492887e-12,5.169261861246796e-12,4.355318773352174e-12,9.66966019416699e-09,4.771926936479399e-06,0
527,21:22:00,2.345922497112043e-10,9.131443718176644e-12,2.2664121468460987e-12,1.2924794297095159e-12,1.6293481024311717e-12,8.030655971833199e-09,4.763532314568768e-06,0
528,21:22:30,1.2539679608638546e-10,1.2109526427151687e-11,3.5568049630534884e-12,3.934269117210712e-12,2.633178118643709e-12,2.687336545383918e-09,4.7816252536842105e-06,0
529,21:23:00,1.66875397787802e-10,8.565722773520041e-12,2.0387429987111678e-12,1.4397140586704783e-12,1.3865331620304195e-12,6.554727895609372e-09,4.685767124552369e-06,0
530,21:23:30,1.5813282576691587e-10,6.822533177655609e-12,3.823850828331085e-12,2.893105450281775e-12,2.5549367586963676e-12,5.662693761982746e-09,4.659002686008952e-06,0
531,21:24:00,5.224573544207827e-11,8.704661738461594e-12,4.110795548645148e-12,4.7732297264739915e-12,5.121436012062041e-12,3.5522991587324034e-09,4.6451702062653e-06,0
532,21:24:30,5.485321484247807e-11,6.0638662647186615e-12,3.204059887734886e-12,2.7142601081442085e-12,2.3823565237651974e-12,2.2505764795907304e-09,4.664821095679443e-06,0
533,21:25:00,1.0740014039578696e-10,7.010607716743417e-12,3.089937208664165e-12,2.8632902166087747e-12,2.7050733162852385e-12,5.350560521215399e-09,4.731378850075761e-06,0
534,21:25:30,5.070239327279484e-11,8.238966662696618e-12,5.050785503010764e-12,3.1832532406315956e-12,3.570204732014759e-12,3.1946429386813483e-09,4.684270256107182e-06,0
535,21:26:00,7.046811279872808e-11,6.268220004092775e-12,2.663980884338597e-12,3.2976589364227003e-12,2.9152999736255303e-12,2.7871727811938842e-09,4.735406862659339e-06,0
536,21:26:30,4.60422957164647e-11,8.80371464445824e-12,3.841768992266079e-12,4.526797030339758e-12,3.118329815728475e-12,2.1894999260378485e-09,4.7148423597925156e-06,0
537,21:27:00,8.15580429226769e-11,2.1352476155165157e-11,8.684489481617793e-12,8.707936638482177e-12,1.0713002170050012e-11,4.170573554964967e-09,4.719085615683485e-06,0
538,21:27:30,6.669360953363467e-11,1.497024593279851e-11,9.076520103404044e-12,1.125811387243146e-11,7.698813989114641e-12,1.028013018929565e-09,4.692403478175004e-06,0
539,21:28:00,5.5743425874010066e-11,9.979353610567115e-12,3.2944537143103462e-12,3.892002639106903e-12,4.83983146176707e-12,2.5502514125710922e-09,4.6710272173799135e-06,0
540,21:28:30,4.6744496116188945e-11,9.944044735319866e-12,3.1219504010253726e-12,4.153146189144939e-12,3.344353663116597e-12,6.504002115847474e-10,4.739471640917218e-06,0
541,21:29:00,3.365813461303909e-11,8.104155839898092e-12,3.2315990777008775e-12,3.3248991916890773e-12,3.3374902346676773e-12,7.319670085271885e-10,4.641427345970786e-06,0
542,21:29:30,4.357566235154346e-11,9.078862762734378e-12,3.160448854680607e-12,3.07764395954177e-12,3.335314465065974e-12,1.3262875666362224e-09,4.643704759579753e-06,0
543,21:30:00,4.469358825422878e-11,7.893597246427633e-12,3.505258855003918e-12,2.4772784433145086e-12,2.535482259015128e-12,1.4015875014162812e-09,4.6636572103795135e-06,0
544,21:30:30,9.692120898214596e-11,6.891495923985487e-12,4.559246804655941e-12,4.7856622129250506e-12,3.747782240227411e-12,2.3232109806272235e-09,4.664769796053663e-06,0
545,21:31:00,3.3164757744296415e-11,8.295710945628613e-12,5.870560599039637e-12,5.651885815784137e-12,6.570628629980607e-12,1.2850398783446098e-09,4.725855516866336e-06,0
546,21:31:30,1.2427810388163058e-10,1.1031752082779599e-11,4.729571555190152e-12,5.31676422037471e-12,4.869340120189569e-12,3.820496979823035e-09,4.632312849906951e-06,0
547,21:32:00,8.076005195224569e-11,1.873874612280546e-11,1.1634460137405404e-11,1.3067659590169754e-11,8.853099233510718e-12,3.2487129086036757e-09,4.705176165364796e-06,0
548,21:32:30,1.004518436829104e-10,2.2235831937702453e-11,1.1815829555490942e-11,1.58884063803536e-11,1.2783280504813002e-11,2.718115025427323e-09,4.740430244355715e-06,0
549,21:33:00,5.3745393370898247e-11,1.3069543187546721e-11,9.887430283445341e-12,1.1440718525112128e-11,1.1228339923623702e-11,2.711256630292786e-09,4.700885207667971e-06,0
550,21:33:30,6.03591552605285e-11,1.564433101098351e-11,8.692194938624147e-12,1.0841108372449153e-11,7.089263562634209e-12,2.3661691907789533e-09,4.6874069456491655e-06,0
551,21:34:00,5.829525637547825e-11,8.716278802689244e-12,5.521274484134115e-12,6.924167312943328e-12,4.362980788476956e-12,4.414092127148954e-09,4.643945819619258e-06,0
552,21:34:30,6.533273853458698e-11,8.819256942288004e-12,3.629479347695053e-12,3.722791171172981e-12,2.1962695529790793e-12,3.709957340797732e-09,4.707295523038459e-06,0
553,21:35:00,5.825184906147197e-11,9.077760363544944e-12,5.03107764517438e-12,5.8190551931139465e-12,6.303049018959375e-12,8.742974666028524e-10,4.185966441512021e-06,0
554,21:35:30,3.7684235881397786e-11,5.749221310772739e-12,2.0343485221698997e-12,2.51556197822764e-12,2.4976681548561237e-12,9.175315696104462e-10,4.638561508441317e-06,0
555,21:36:00,2.589518799015816e-11,4.3401101859825306e-12,4.1069914116514884e-12,4.316667524263535e-12,2.3992344663133998e-12,8.070350398265888e-10,4.6414138286964024e-06,0
556,21:36:30,8.083833553850983e-11,8.921416422720338e-12,2.066885539393431e-12,1.1955298107148331e-12,9.099126095986224e-13,2.936797399614096e-09,4.662862990118134e-06,0
557,21:37:00,8.723600330674331e-11,8.864713485569287e-12,5.4631046126941805e-12,5.52654617234916e-12,3.6261997078938935e-12,9.282313377184183e-10,4.623893017713405e-06,0
558,21:37:30,4.059983229348603e-11,8.865378966809963e-12,6.6938543701222834e-12,5.938609104987324e-12,5.408991279713839e-12,6.643378382796876e-10,4.696550226710025e-06,0
559,21:38:00,3.6242516927618305e-11,8.132010709638368e-12,6.9135372754709025e-12,1.0682795702044339e-11,7.39718247927985e-12,3.454310741011048e-10,4.720478064422142e-06,0
560,21:38:30,2.4218987656107388e-11,8.684795879840833e-12,4.946418746112423e-12,7.34222970139559e-12,8.200990928077142e-12,1.0138501533207158e-09,4.730980068572411e-06,0
561,21:39:00,3.171411984247696e-11,7.106015872151281e-12,3.6205484607794884e-12,5.48499992510266e-12,2.9000388727689166e-12,6.404738779563386e-10,4.751538446138576e-06,0
562,21:39:30,2.6470802335832935e-11,5.092342010825651e-12,2.6090644084351774e-12,3.3595087118284777e-12,2.4012172357284035e-12,4.1913131390392395e-10,4.647909700165125e-06,0
563,21:40:00,2.3982650689009558e-11,7.234759951985264e-12,2.9842772936923003e-12,4.124873015316303e-12,2.1898453437962603e-12,1.1429493770584736e-09,4.675046689449501e-06,0
564,21:40:30,2.0458067884541373e-11,4.930825849261374e-12,2.129641643124217e-12,2.8069739214969834e-12,2.4962500643513353e-12,4.460051766510303e-10,4.6231172623265845e-06,0
565,21:41:00,2.6556111517252022e-11,5.328038318197357e-12,3.5012801067430716e-12,4.567680217085042e-12,5.187550230978989e-12,6.059436935867112e-10,4.625960063530315e-06,0
566,21:41:30,3.59842593863263e-11,5.068068273269241e-12,2.5038453980614298e-12,2.0329650039969463e-12,2.145799756643711e-12,1.6815031543596716e-09,4.7388485739941805e-06,0
567,21:42:00,3.777039264260046e-11,5.7432151742711455e-12,2.1163506950157262e-12,2.175996146702878e-12,1.9228970799993715e-12,1.930707792746016e-09,4.662213401765075e-06,0
568,21:42:30,8.968832056545576e-12,3.267175532463817e-12,2.132384103386814e-12,1.7361158362579078e-12,1.932756177819571e-12,3.5091652590283563e-10,4.676570838426861e-06,0
569,21:43:00,2.2077818768376395e-11,4.560089642542347e-12,2.017339317318229e-12,1.857489158723253e-12,1.875644396347326e-12,6.787980870218974e-10,4.645912245011751e-06,0
570,21:43:30,1.9993501802456286e-11,4.9871781989263696e-12,1.7538646663542725e-12,2.2431707871797503e-12,1.984890843491377e-12,6.631124425895696e-10,4.617700759227367e-06,0
571,21:44:00,2.726069187966729e-11,9.662280120713182e-12,1.2227933065663642e-11,9.918965997211845e-12,8.693646039539822e-12,1.6097351009382498e-09,4.688452581937212e-06,0
572,21:44:30,3.346885734315047e-11,6.0764576407941846e-12,3.340658914875268e-12,4.913536883229978e-12,5.823366517457152e-12,1.0138399239773354e-09,4.668612603485108e-06,0
573,21:45:00,3.5732775265985866e-11,1.0360683606105353e-11,5.992241823785272e-12,1.1938643647712495e-11,6.5969956771576e-12,6.06530805658485e-10,4.7174684141008835e-06,0
574,21:45:30,1.2055988580193032e-11,2.4486814279031734e-12,1.8172100161883298e-12,1.8693825385565533e-12,1.5962431334175901e-12,6.039402287655945e-10,4.673991771174853e-06,0
575,21:46:00,2.677502096949839e-11,1.6879257272778893e-11,1.2526298840864742e-11,1.6233838910723144e-11,1.2275996350854031e-11,5.021665615567797e-10,4.711046949427801e-06,0
576,21:46:30,6.969094931680308e-11,1.3302384961482482e-11,6.295182259058538e-12,1.0423302272909214e-11,5.1626196936385876e-12,3.345513437607566e-09,4.6389080525839874e-06,0
577,21:47:00,5.348150769037399e-11,6.359329123373655e-12,3.390776337410922e-12,3.154510303173424e-12,2.7922890863317167e-12,3.4504517050275193e-09,4.624118883997135e-06,0
578,21:47:30,3.7166859090049384e-11,5.873018658086933e-12,2.4995521685982625e-12,1.9920403419381995e-12,1.5474242900236012e-12,1.8802723882535796e-09,4.667592390437902e-06,0
579,21:48:00,6.241852279215289e-11,5.544725182435425e-12,2.035444987447942e-12,2.340423691082616e-12,1.9799848952770404e-12,2.2219478620896337e-09,4.649502403806672e-06,0
580,21:48:30,8.665682554993094e-11,1.218368610101427e-11,5.109057146117625e-12,4.606882595559397e-12,7.109752010038163e-12,2.594664451481584e-09,4.648276500417051e-06,0
581,21:49:00,4.820947464578157e-11,7.001947418901212e-12,2.7330571512005404e-12,2.8830334148768413e-12,2.64965367365594e-12,7.77144202998373e-10,4.725198656689709e-06,0
582,21:49:30,2.7994185921391997e-11,1.2138795477551566e-11,4.8678291864423e-12,7.768284578433105e-12,5.096737357894424e-12,1.0251226094625716e-09,4.812869344589228e-06,0
583,21:50:00,5.3095266102523095e-11,1.227719014648856e-11,9.002351807015547e-12,1.2904753214160257e-11,9.097565400785526e-12,7.17736372079043e-10,4.6961252613617846e-06,0
584,21:50:30,4.0583216328188004e-11,1.0872618824826391e-11,9.277627430924132e-12,1.4985421858632596e-11,9.176408489025519e-12,1.7991601161749094e-09,4.6889518682667694e-06,0
585,21:51:00,1.858282568730689e-11,7.078157651755439e-12,5.112739309584308e-12,5.942583237021192e-12,4.2990559109607555e-12,4.6288790783335123e-10,4.672963546934681e-06,0
586,21:51:30,2.9597759200767655e-11,6.797360212202096e-12,5.1968823748417045e-12,5.958371855735736e-12,5.007778278465133e-12,6.146364763585181e-10,4.69128819044084e-06,0
587,21:52:00,3.8053089490152315e-11,1.458177790379324e-11,1.1002834137974998e-11,1.5351067055203988e-11,1.0564568433504315e-11,4.937153891464186e-10,4.79185390889191e-06,0
588,21:52:30,2.4191804599250917e-11,6.280644726955747e-12,5.4252068991258905e-12,7.2601592487241264e-12,5.692805050735909e-12,7.634643304071681e-10,4.757813873469738e-06,0
589,21:53:00,3.860051127528308e-11,1.1866716826084708e-11,7.648179639238663e-12,1.4216653362329028e-11,1.0262480974820447e-11,3.309448154021204e-10,4.710068735787755e-06,0
590,21:53:30,3.2384903013384896e-11,1.7474229102290774e-11,1.233215712880773e-11,1.715985892552084e-11,8.171239932233213e-12,1.3800972421518811e-09,4.705881963004195e-06,0
591,21:54:00,3.80512457664956e-11,1.1859488342231907e-11,1.2750619247275595e-11,1.7868159977688405e-11,1.1558284491078817e-11,5.502608147457101e-10,4.706165383717096e-06,0
592,21:54:30,2.655723027531668e-11,1.3215787156232129e-11,1.1883170914985673e-11,2.067783294229008e-11,1.2001074602126328e-11,1.9739796467647135e-09,4.793058853987719e-06,0
593,21:55:00,1.8645227734151282e-11,9.610319237557858e-12,9.775666071861611e-12,1.1906753046360336e-11,6.160714709724425e-12,4.936098490636053e-10,4.731906229937146e-06,0
594,21:55:30,4.207365030358946e-11,1.3002105280529586e-11,8.265699709977905e-12,1.4675766183841292e-11,8.13689716823359e-12,5.521568651039777e-10,4.78971478549746e-06,0
595,21:56:00,3.367032386876664e-11,6.651735613129094e-12,5.118861044607506e-12,1.3090954463762316e-11,5.847666267797997e-12,1.8854442124815627e-10,4.712402231343378e-06,0
596,21:56:30,5.475357992553089e-11,8.681048474623597e-12,5.995963184010613e-12,9.588518388866241e-12,7.713737135063332e-12,5.201539875550918e-10,4.688546928509062e-06,0
597,21:57:00,5.828013208822573e-11,1.6315552894856326e-11,1.551491313511704e-11,2.058502375006154e-11,1.1355625986448557e-11,1.2727601168811874e-09,4.68723895374827e-06,0
598,21:57:30,4.8609034260220925e-11,1.1581098384059704e-11,1.0134638626271877e-11,1.7256827386927504e-11,1.0962012455710865e-11,4.3003202369633284e-10,4.688754414034972e-06,0
599,21:58:00,3.672806316005738e-11,1.0783575558755543e-11,8.293634935008955e-12,1.2841755351581992e-11,6.7586932037836546e-12,3.8946895674108056e-10,4.760940292077794e-06,0
600,21:58:30,5.858987546135597e-11,6.6292064087105274e-12,4.938494335195766e-12,1.1048532895328153e-11,6.118433115477715e-12,2.537237363458385e-10,4.683230096423158e-06,0
601,21:59:00,3.3576224255023195e-11,7.148088775384878e-12,4.908634010684835e-12,1.2300403839668123e-11,8.213651989088667e-12,3.491216695158792e-10,4.790013429884145e-06,0
602,21:59:30,3.2688880923191665e-11,7.446277084606382e-12,4.662502017651125e-12,1.1142887978442788e-11,6.660402275282141e-12,3.718191111692897e-10,4.7429076980641955e-06,0
603,22:00:00,2.1300196737505003e-11,5.901817651008472e-12,3.716338156311628e-12,8.830820779691377e-12,4.439074242248401e-12,4.0425300504428546e-10,4.770830311530134e-06,0
604,22:00:30,3.596626942111956e-11,8.671283342068737e-12,6.7960016504155854e-12,9.624352687844342e-12,7.284312047613632e-12,5.176695675883346e-10,4.766706980127817e-06,0
605,22:01:00,3.513475988197878e-11,1.004307555563956e-11,9.573703091552664e-12,1.299795194774949e-11,8.856810768007337e-12,3.0526792107424706e-10,4.700752469808673e-06,0
606,22:01:30,2.0126339601645245e-11,7.522297123737956e-12,6.3081594478125355e-12,1.1614196147839861e-11,5.100013298918313e-12,2.67758067120417e-10,4.797121776388413e-06,0
607,22:02:00,6.353789717320915e-11,9.76156936345291e-12,9.600951761280087e-12,1.4412521118710607e-11,6.888916537030149e-12,6.40058699199922e-10,4.669143377139994e-06,0
608,22:02:30,2.962924678123993e-11,9.89718913655784e-12,1.1781796534845552e-11,1.394990502355243e-11,1.1568719980528922e-11,7.160078308771076e-10,4.758018621644448e-06,0
609,22:03:00,2.9826163031371035e-11,6.400538953099188e-12,7.452883087450177e-12,1.0085007063161766e-11,5.55109599204252e-12,3.644051059544155e-10,4.66284717704453e-06,0
610,22:03:30,4.410767870314289e-11,8.00561580409214e-12,5.493454867298237e-12,1.0766928208626157e-11,5.993990939128595e-12,4.442878755718713e-10,4.716703181913698e-06,0
611,22:04:00,1.7646522789861678e-11,8.090490828301764e-12,7.1574882649555404e-12,1.0129942692160056e-11,5.8903659976134205e-12,3.40638731023974e-10,4.6837896611007965e-06,0
612,22:04:30,1.9149882144661074e-11,6.791770057708604e-12,7.73964446533421e-12,1.5179379373305247e-11,9.443501479998502e-12,2.7318198590717703e-10,4.711102640497253e-06,0
613,22:05:00,2.530620320119293e-11,7.218020277161883e-12,5.9939453540085484e-12,1.0638022486580683e-11,7.468252733977864e-12,3.330678822746044e-10,4.7863702354114795e-06,0
614,22:05:30,2.6732850153254978e-11,5.229274547257921e-12,4.589085518837377e-12,7.44298406277839e-12,5.596812599834103e-12,3.6209607308583283e-10,4.715333024284534e-06,0
615,22:06:00,3.140445387500387e-11,7.663990552695264e-12,8.297353883332688e-12,1.1934894023690292e-11,8.227657256212844e-12,5.490037723643676e-10,4.7771819196359345e-06,0
616,22:06:30,5.5830088725001417e-11,1.1204823264044234e-11,7.41907672118548e-12,1.1288028899477776e-11,6.0843478368557454e-12,5.521913909171462e-10,4.670473161197156e-06,0
617,22:07:00,1.3322125598891424e-11,4.801043061341218e-12,4.294512509450379e-12,6.349313108393475e-12,4.12659006738673e-12,6.152405449943512e-10,4.681450481408478e-06,0
618,22:07:30,2.2650824667074472e-11,5.492938357928493e-12,3.779602015730081e-12,7.645703002127596e-12,6.099691879956793e-12,2.9301418686040327e-10,4.660861102127251e-06,0
619,22:08:00,2.5101601112495706e-11,4.307075040808246e-12,3.0426607799165943e-12,5.1343974015569725e-12,3.4402519956554717e-12,3.832483997102743e-10,4.746251727869726e-06,0
620,22:08:30,1.713187321385528e-11,3.386269366287157e-12,1.9713668851088916e-12,1.93189687844689e-12,2.141287706509201e-12,3.686416614450729e-10,4.709403883572557e-06,0
621,22:09:00,2.228548180200685e-11,4.1915017680976866e-12,3.582223105031235e-12,4.4816437725867555e-12,2.9148798834634844e-12,8.928256086191973e-10,4.677098588332779e-06,0
622,22:09:30,7.971792537239424e-11,9.361003478998907e-12,3.6330196391878503e-12,7.408717855453382e-12,7.526444973198642e-12,1.661597135323519e-09,4.725245928830861e-06,0
623,22:10:00,1.7252000762390434e-10,9.797226408040675e-12,5.266047999933149e-12,1.0928172588742448e-11,1.0007823085583156e-11,1.6510707620027592e-09,4.693761164199287e-06,0
624,22:10:30,5.500908346614517e-11,9.180134770654969e-12,9.147919593273724e-12,1.2398510014764402e-11,7.401412789135966e-12,7.235226642954956e-10,4.79316784421879e-06,0
625,22:11:00,2.948167677962483e-11,5.384134232755873e-12,3.3045513603516262e-12,4.166508524734357e-12,3.12078628868501e-12,4.1209088645640965e-10,4.783294830792454e-06,0
626,22:11:30,1.5085247929447623e-11,2.9674021992751153e-12,1.8688885980412053e-12,2.0179853119423564e-12,2.2818073449392743e-12,3.9995933238114336e-10,4.759922084162191e-06,0
627,22:12:00,1.7817087606988583e-11,6.34101150950418e-12,5.384334827143904e-12,6.935166546255319e-12,4.609893610080851e-12,2.0065615826966626e-10,4.786255174897471e-06,0
628,22:12:30,1.353472023079606e-11,4.080890679022293e-12,3.010722798068315e-12,5.288604552740732e-12,3.931312250542182e-12,2.377374605517981e-10,4.686941576950088e-06,0
629,22:13:00,1.2186171841562044e-11,3.361766569952056e-12,2.909121842262863e-12,4.575952964080121e-12,3.3921878506277633e-12,3.2522069265579784e-10,4.737702129731473e-06,1
630,22:13:30,2.569984632754701e-11,2.222244902716226e-12,1.6107425702656727e-12,1.5137239295660965e-12,1.6344931971093698e-12,9.586468437420472e-10,4.688582413757511e-06,1
631,22:14:00,5.11783209529995e-11,2.8027944169230803e-12,1.5110252846028734e-12,8.343686501029154e-13,1.2122035159627342e-12,8.585813202029592e-10,4.760762163059406e-06,1
632,22:14:30,3.520551544960035e-11,2.2413374963685987e-12,1.5109842234550363e-12,7.015112095613571e-13,6.737321854743876e-13,1.096769605818084e-09,4.768808896144769e-06,1
633,22:15:00,1.2383012628021062e-10,3.004390576231626e-12,1.7191143552516086e-12,8.884285554994006e-13,1.6242617149046116e-12,1.917510128458989e-09,4.717476564384917e-06,1
634,22:15:30,7.65242017881424e-11,3.1897764035926087e-12,1.2764170369053624e-12,6.505525799315457e-13,9.258256482134448e-13,9.738970503881167e-10,4.774904632642914e-06,1
635,22:16:00,5.493762178834703e-11,1.8503539032964746e-12,1.2551062920001141e-12,8.936830173587898e-13,1.277399370656047e-12,4.381691168808871e-10,4.686988476652061e-06,1
636,22:16:30,1.1150450890003442e-10,3.158095105802581e-12,1.315751895807742e-12,7.233481855987081e-13,1.2248459443274852e-12,3.609791271677527e-10,4.768278849924819e-06,1
637,22:17:00,6.796336117649356e-11,1.4482642375551577e-11,9.610335095963762e-12,8.925933340149308e-12,7.35305320168275e-12,7.180420214726594e-10,4.736810908806968e-06,1
638,22:17:30,5.410748278273708e-11,8.765457589734668e-12,3.3044773425125862e-12,3.0492150907767623e-12,3.4006308768859297e-12,2.1446758939892276e-09,4.7518317623899915e-06,0
639,22:18:00,8.763237517344615e-11,9.111454179989699e-12,3.3410023514586855e-12,4.712585042082811e-12,3.4743895867460696e-12,9.932353680153582e-10,4.7096682153891926e-06,0
640,22:18:30,5.367492927507929e-11,8.7133736673935e-12,5.929719978999888e-12,5.066788825364022e-12,4.2124921079159835e-12,1.560184925285669e-09,4.661281571504653e-06,0
641,22:19:00,4.375381412431051e-11,8.457794818647786e-12,7.286873849913028e-12,4.238146032608751e-12,2.798492526750149e-12,8.567767113141997e-10,4.693354875930233e-06,0
642,22:19:30,1.2251945688441908e-10,8.846863463980487e-12,4.4764365981745876e-12,8.438819682757227e-12,5.256655639334316e-12,1.8106023571461474e-09,4.557336992462833e-06,0
643,22:20:00,5.058938030902345e-11,8.543593618697979e-12,4.688120209223456e-12,4.206462325658964e-12,4.725443819358026e-12,1.3883712167975195e-09,4.806190404879525e-06,0
644,22:20:30,1.1640006574338317e-10,2.6393669503642174e-11,1.4505699418178947e-11,2.2455933419809884e-11,2.6000733607504962e-11,6.611491728425369e-10,4.690145822736788e-06,0
645,22:21:00,6.141153687853597e-11,7.312474490625058e-12,5.084840674484749e-12,2.375983134945617e-12,2.291614081625657e-12,1.629911173300203e-09,4.84034465941402e-06,0
646,22:21:30,5.391187146001949e-11,8.151957809510764e-12,4.97085642607133e-12,5.9480323598681276e-12,6.550784276582785e-12,9.337972667520797e-10,4.792873512587036e-06,0
647,22:22:00,3.183577135288679e-11,6.0901790830177454e-12,1.6412741502987163e-12,1.0714869653037939e-12,1.8482968530179357e-12,1.0178371309053706e-09,4.770334416516362e-06,0
648,22:22:30,4.496428226966778e-11,5.231248006490605e-12,1.5542212858362849e-12,8.284415904092528e-13,1.3993298728002256e-12,7.223289575989995e-10,4.817444500922976e-06,0
649,22:23:00,2.734073230871221e-11,4.333234001431915e-12,1.7162009299049183e-12,8.907476725897031e-13,1.3083999919269739e-12,4.426833387494129e-10,4.706514121908711e-06,0
650,22:23:30,2.3941447914302217e-11,4.139303274220941e-12,1.985069501123341e-12,1.089290671631752e-12,1.978073755706736e-12,5.071776814568154e-10,4.792839215728909e-06,0
651,22:24:00,6.916507060473859e-11,1.1215794288525688e-11,5.595820413483609e-12,5.656288997873997e-12,8.587960344015582e-12,1.6923045526574356e-09,4.660449755009913e-06,0
652,22:24:30,1.5254564023553425e-11,2.378340378428037e-12,1.754445255992929e-12,1.4216945884905841e-12,1.4931106957541624e-12,1.6835457651714148e-10,4.782717855067803e-06,0
653,22:25:00,1.977055690760896e-11,4.2807605591928386e-12,1.9521566451258917e-12,1.4029142989387664e-12,2.1410658122599257e-12,2.469773144771479e-10,4.728221258527861e-06,0
654,22:25:30,1.4781724462854207e-11,3.029895727338119e-12,1.1155108517625699e-12,1.1831360933336546e-12,2.0107086527035975e-12,1.9293229737149085e-10,4.754704307048883e-06,0
655,22:26:00,5.3049190378918105e-11,5.5111597826644144e-12,2.3388610720170722e-12,2.438501353724053e-12,2.454709177363371e-12,4.2262569912540027e-10,4.776189654851679e-06,0
656,22:26:30,2.312906933107747e-11,5.847438430432252e-12,1.9031207800586e-12,2.145103488948601e-12,2.3532668513572236e-12,4.5557657581425533e-10,4.713682136485748e-06,0
657,22:27:00,2.1899185482360902e-11,5.523519656073487e-12,2.9951906085141965e-12,2.949200355711012e-12,2.9479001326580297e-12,8.387935204535684e-10,4.780419390902625e-06,0
658,22:27:30,3.816633551155424e-11,8.456547829830899e-12,4.701201469023569e-12,3.84220769376309e-12,3.7163846695854525e-12,4.795618589929132e-10,4.73892467115905e-06,0
659,22:28:00,3.4596223118956934e-11,4.474940704648205e-12,2.2326623994629817e-12,2.1342230202760752e-12,2.0045934813049258e-12,1.5041144175842287e-09,4.8202965020445705e-06,0
660,22:28:30,1.743223515224325e-11,3.3166699340242608e-12,2.3221164523889083e-12,1.887348373324715e-12,2.035416598455565e-12,2.5607519587989855e-10,4.768976243509484e-06,0
661,22:29:00,1.9715708054111708e-11,4.92084531829225e-12,2.1595999509300816e-12,2.6002110442635357e-12,3.0517982537896256e-12,7.175620366232606e-10,4.725841144320284e-06,0
662,22:29:30,2.62863604843303e-11,4.2964415203982415e-12,2.3905792110743377e-12,3.5879675655580834e-12,4.44972695872004e-12,4.67778255968759e-10,4.721732349698419e-06,0
663,22:30:00,2.4355754098656447e-11,4.6759728818095765e-12,2.075917701943777e-12,1.5775705173743027e-12,1.3974341435352715e-12,1.0618837659832944e-09,4.643196487646213e-06,0
664,22:30:30,2.165046737335721e-11,4.028419146695126e-12,2.403105478719817e-12,1.947753429638403e-12,1.9734636017332936e-12,6.029471663173041e-10,4.739594350261898e-06,0
665,22:31:00,2.112752703869044e-11,4.891981052245225e-12,1.8285399374284644e-12,1.8629015009684614e-12,1.3589433239900728e-12,6.189348441079478e-10,4.676850944435216e-06,0
666,22:31:30,2.941169056510114e-11,5.650044903884632e-12,2.2375266223928783e-12,2.596879784295112e-12,1.3882103647421989e-12,8.999353529826567e-10,4.727443114685753e-06,0
667,22:32:00,2.691854465483026e-11,9.001340808844956e-12,4.936959205213114e-12,5.352748373443154e-12,5.575472168870457e-12,5.759007854781768e-10,4.693063847942654e-06,0
668,22:32:30,1.865364522038858e-11,4.516472609414022e-12,1.8005371024542615e-12,1.7328371449064786e-12,2.355479926889497e-12,4.482243610272377e-10,4.7809435245892005e-06,0
669,22:33:00,1.753301490791089e-11,4.477538071329431e-12,3.6890913198943944e-12,3.6128382586611876e-12,3.239858272460077e-12,1.7804215285688791e-10,4.7788007840430295e-06,0
670,22:33:30,2.3416623888870706e-11,4.38142643058819e-12,2.4102469428600997e-12,3.810527271397538e-12,2.3287858402473873e-12,3.1705579512114957e-10,4.738317857714989e-06,0
671,22:34:00,3.049319309527744e-11,4.72357328780169e-12,2.6146776856260217e-12,2.9907839117666286e-12,2.548050570168651e-12,3.243765404032121e-10,4.799465067730571e-06,0
672,22:34:30,1.1026455205036491e-11,2.510308664287856e-12,1.8079137748226272e-12,1.626796517386735e-12,1.7620507406258214e-12,7.925928193424862e-10,4.696164304687777e-06,0
673,22:35:00,9.26109229464497e-12,2.055209828683634e-12,1.2746856361639052e-12,1.0774653458881625e-12,1.7618294856043669e-12,5.736691940847595e-10,4.7569342900549265e-06,0
674,22:35:30,1.3114499165532872e-11,1.6092180981777474e-12,1.0326795638357997e-12,6.007305399664738e-13,4.83688298149239e-13,2.1019122343414236e-09,4.72051549682867e-06,1
675,22:36:00,3.585184575018452e-11,2.1232237060475397e-12,1.41302023770753e-12,4.669396447097299e-13,6.088979705033858e-13,6.826401182014404e-10,4.748070039254913e-06,1
676,22:36:30,7.303171002002383e-11,3.592276649864581e-12,1.775253637753565e-12,7.537243289626415e-13,1.4868411467026816e-12,5.864291438729106e-10,4.767637999548604e-06,1
677,22:37:00,1.3866645164360157e-10,2.1702396591736637e-12,1.5423009656430268e-12,9.330606550118349e-13,1.8789857265292883e-12,3.921642259095729e-10,4.729102792419225e-06,2
678,22:37:30,6.190818178249377e-11,2.493199451501323e-12,1.4216563641008467e-12,6.72430838781779e-13,1.0479366894619738e-12,8.399304762251772e-10,4.709272278369139e-06,2
679,22:38:00,5.13233780450857e-11,2.190470042958131e-12,1.6663278989242296e-12,8.519750397548722e-13,9.685127702601374e-13,7.935112039855969e-10,4.759059268181746e-06,1
680,22:38:30,5.0414961095919855e-11,2.999194271634394e-12,1.4356914444204119e-12,8.747784052693766e-13,8.755952853892552e-13,3.1195820982097114e-10,4.801424674639274e-06,1
681,22:39:00,7.112353599907538e-11,3.0269904368931884e-12,1.358823386529107e-12,6.119010235069981e-13,7.927420343999045e-13,3.3694473216543565e-10,4.716058904717374e-06,2
682,22:39:30,8.695259228350291e-11,3.5853601178814957e-12,1.6076518169111393e-12,1.0096857247568271e-12,1.5420458854995565e-12,4.237744396731451e-10,4.723413424641986e-06,2
683,22:40:00,5.439547374074674e-11,2.460395679469879e-12,1.3462214482644795e-12,7.21365397250737e-13,1.0286191131125319e-12,2.0182498325990206e-10,4.718518502073576e-06,1
684,22:40:30,7.377287755118223e-11,2.927877352175262e-12,1.854235299055977e-12,7.714106230478593e-13,1.1392929893109641e-12,3.271599275641729e-10,4.763945209275263e-06,1
685,22:41:00,9.782136833191009e-11,2.7750329560267643e-12,1.4017425010700232e-12,6.205670915155227e-13,1.1270509894323116e-12,3.374281134215266e-10,4.712501691814635e-06,2
686,22:41:30,9.243627228729774e-11,3.5723519820520957e-12,1.4691369634732289e-12,7.835411660735011e-13,1.2298519983921465e-12,2.3171931231493722e-10,4.7414654025016975e-06,2
687,22:42:00,4.979322787875495e-11,2.6660429918692285e-12,1.5821270943870452e-12,7.535230210555269e-13,1.7024902431701273e-12,2.1222886930988795e-10,4.7387128937092445e-06,1
688,22:42:30,1.0411531788650721e-10,3.694542210013602e-12,1.437508776564846e-12,5.489778019744751e-13,9.895257091341472e-13,2.9918633851358525e-10,4.732575669884196e-06,2
689,22:43:00,7.669193050446694e-11,2.8081734546729813e-12,1.5583975757349337e-12,5.77768402723674e-13,8.796797504221375e-13,3.40411934198341e-10,4.773234678292159e-06,2
690,22:43:30,8.852546151780193e-11,4.846523164923118e-12,2.1686680424521635e-12,5.96384896588524e-13,1.4442957726981646e-12,2.023519151937479e-10,4.758932454688294e-06,2
691,22:44:00,9.493232484904422e-11,1.3054998475291323e-11,9.321239525118638e-12,9.523020644086423e-12,6.963217028902519e-12,4.76892860652642e-10,4.733167961599577e-06,2
692,22:44:30,7.0659508796336e-11,3.11557854028432e-12,1.0239368082226106e-12,3.6898297451189196e-13,5.117205195313263e-13,1.841945908932716e-10,4.316568170052084e-06,1
693,22:45:00,5.883956689771444e-11,4.631224083044043e-12,1.7743687143744362e-12,7.138996397960408e-13,1.8053755885089253e-12,2.085711049734927e-10,3.950172798284923e-06,2
694,22:45:30,7.544332618964685e-11,3.089196971083558e-12,1.6203432195144205e-12,3.979115830853259e-13,8.448326760063191e-13,1.4791376585770583e-10,3.906042808283358e-06,2
695,22:46:00,9.964786225392406e-11,4.537372825712074e-12,1.2233821921556134e-12,5.905806591313167e-13,1.1124042889646808e-12,2.449334405710013e-10,4.045545434683746e-06,1
696,22:46:30,8.15456527960857e-11,2.4177171580913623e-12,1.2498962138292887e-12,4.0959980339585766e-13,5.495877038069713e-13,1.586187356211724e-10,3.7091611436725185e-06,2
697,22:47:00,6.139731509555758e-11,4.45834696347415e-12,1.804025662602408e-12,4.2183269782803043e-13,8.363256021113883e-13,2.0458088417839822e-10,3.3247167509875215e-06,2
698,22:47:30,6.817439384535058e-11,5.71385825900769e-12,1.416071319923828e-12,3.954152724220217e-13,8.688804406517859e-13,1.7159656700474925e-10,3.291100121319372e-06,2
699,22:48:00,4.7574521130363544e-11,2.846915916653634e-12,1.3984320006476241e-12,3.8586009476670997e-13,7.286675475786018e-13,1.9629389364891036e-10,3.4928116374028036e-06,1
700,22:48:30,7.249771011146098e-11,3.4306999667526764e-12,1.759709109773157e-12,3.6193817720174737e-13,7.295841822757405e-13,1.7939914068907399e-10,3.397601644041413e-06,2
701,22:49:00,8.167526087071754e-11,1.0717521747342697e-11,9.285431106994392e-12,4.935841442261265e-12,3.556033808592404e-12,4.4078062012593424e-10,3.881482975313567e-06,1
702,22:49:30,7.004294781580149e-11,2.595306640592778e-12,9.383326356531315e-13,3.6454491584006917e-13,8.19893466455437e-13,1.5394946165270215e-10,3.5137646240213174e-06,1
703,22:50:00,9.464827204981655e-11,4.104957234560832e-12,1.738185031773869e-12,3.593419612589765e-13,7.936466014827612e-13,2.947631240751793e-10,3.625839651575333e-06,2
704,22:50:30,7.776536329230589e-11,3.4221079647581084e-12,8.944534406914164e-13,4.2443323326524773e-13,9.49918691308943e-13,2.1584604837456773e-10,3.4196312847736865e-06,2
705,22:51:00,4.057129586670721e-11,3.5311638645891528e-12,2.168171083438289e-12,1.022815851864292e-12,1.4158488024433043e-12,8.374910097324454e-10,3.656226941163536e-06,1
706,22:51:30,1.9910128104062454e-11,3.6053545702480925e-12,3.975607360730854e-12,3.2496099797452184e-12,4.05229932302006e-12,5.348141914122684e-10,4.293566070471704e-06,0
707,22:52:00,4.532387147290628e-11,2.564367614049942e-12,1.6689256584887445e-12,1.4001557910584871e-12,1.7559036270765617e-12,9.366957962801653e-10,4.378459849114346e-06,1
708,22:52:30,1.1479532540645801e-10,8.321709472822595e-12,1.885889274144732e-12,1.5368338843756738e-12,2.415799422561095e-12,4.077826228128452e-09,4.767446792796745e-06,0
709,22:53:00,7.45318636542736e-11,6.451082615341701e-12,2.089098044520439e-12,9.257660579948956e-13,1.1665519121320327e-12,1.897781859277824e-09,4.64438592910924e-06,0
710,22:53:30,8.457205216354129e-11,1.0040488614439447e-11,3.0369895269022655e-12,1.0142354820008378e-12,1.1637354521156698e-12,5.62066475759126e-09,4.751298168129332e-06,0
711,22:54:00,8.860326049634879e-11,9.186594253289068e-12,3.4960549859479748e-12,2.490027411211604e-12,2.070449080051511e-12,6.208711682895301e-09,4.723586217609353e-06,0
712,22:54:30,2.098480900304626e-10,6.973439991374532e-12,3.634883246502073e-12,2.0071658831291504e-12,3.3011979666320315e-12,9.595979342136558e-09,4.811548569824794e-06,0
713,22:55:00,1.9040929584322735e-10,8.758047790200948e-12,2.8743753725038665e-12,2.024388387771088e-12,2.0296136842304693e-12,5.768225974151269e-09,4.743773210243436e-06,0
714,22:55:30,2.0643504979515036e-10,8.672843761531915e-12,2.8882032926303454e-12,8.831657178028323e-13,1.111084883046833e-12,1.1092218930683255e-08,4.756612499888913e-06,0
715,22:56:00,1.3946580915799986e-10,1.1581420220259265e-11,4.62330241759358e-12,3.239167495444323e-12,2.2469817768878168e-12,1.0632084379607072e-08,4.771630822293306e-06,0
716,22:56:30,2.0312782516500695e-10,9.108242945292496e-12,3.8466697525798455e-12,1.6646489488829323e-12,2.3458988782233024e-12,9.312991269464023e-09,4.664788978431996e-06,0
717,22:57:00,3.5942850579787725e-10,8.649143708228152e-12,1.9927385261413842e-12,8.34779455339586e-13,1.3007854874276081e-12,1.0146705354764798e-08,4.7844246432683375e-06,0
718,22:57:30,1.4935764266522734e-10,9.027342085195235e-12,2.260016659557671e-12,8.543926434043441e-13,1.2544372153584636e-12,9.132156492569808e-09,4.687060359865762e-06,0
719,22:58:00,3.945974688938531e-11,3.507877640139498e-12,2.0587022777618076e-12,1.2916951537428675e-12,1.1766205897587918e-12,4.939589812552227e-09,4.790982984724436e-06,0
720,22:58:30,6.112984810578755e-11,6.2696897643744175e-12,1.7129254350663254e-12,1.152266221202059e-12,8.554913913223077e-13,2.4260703413388286e-09,4.7258055509314005e-06,0
721,22:59:00,1.6441399027862477e-10,5.993902268965241e-12,2.1260330295450017e-12,6.061776512835109e-13,8.724669633386765e-13,4.29520350812913e-09,4.7980198893458614e-06,0
722,22:59:30,1.2504831398750259e-10,8.286060936323815e-12,2.3586043411865398e-12,1.9174777774323088e-12,1.7866006150758372e-12,2.0046774620942025e-09,4.725660199517675e-06,0
723,23:00:00,7.562973752384314e-12,2.271419389247442e-12,1.2052190890545342e-12,1.1156302492794022e-12,1.0431554744969041e-12,5.599740199208227e-10,4.733235674514727e-06,0
724,23:00:30,1.6450728765458638e-10,6.181954246073902e-12,2.786978320205426e-12,2.0729117899842933e-12,1.4306058508014236e-12,7.666109867530811e-09,4.797962289846586e-06,0
725,23:01:00,5.629911597910147e-12,3.3659846881243166e-12,2.6652383609082754e-12,2.7945943561651393e-12,2.6607596505483128e-12,9.760964601529067e-10,4.746032249943718e-06,0
726,23:01:30,2.0622795487127675e-10,1.1322727826869148e-11,6.391318602054792e-12,5.102915479295333e-12,5.132960616379241e-12,9.557917677901224e-09,4.7792350705036766e-06,0
727,23:02:00,1.0142353778962242e-10,9.884938182156105e-12,4.549876714463785e-12,4.720196123259677e-12,3.673348123266869e-12,3.90762909231442e-09,4.655372084114226e-06,0
728,23:02:30,3.3305673495543504e-10,1.7488839606300268e-11,1.0153449277942685e-11,4.678381715469104e-12,5.768930277906236e-12,4.269568486917076e-09,4.725490545009884e-06,0
729,23:03:00,9.318436331700843e-11,1.3468344961902673e-11,6.929502236689951e-12,4.824934254984272e-12,3.33144565524494e-12,1.566640377452251e-09,4.707810811854198e-06,0
730,23:03:30,2.491049371988451e-10,1.7511228756660464e-11,1.0068430834616771e-11,9.955014568885362e-12,5.25640154829572e-12,4.390614522215959e-09,4.673810413567425e-06,0
731,23:04:00,2.9739875426532966e-11,1.8514224936342444e-11,1.290773684801681e-11,1.5260504248326322e-11,1.1921103884987877e-11,7.687020676875074e-10,4.660200413651884e-06,0
732,23:04:30,5.47310073454509e-11,1.607435742160638e-11,9.916608251528079e-12,9.302513819022254e-12,6.523610427535782e-12,2.8416931007773617e-09,4.693893242452656e-06,0
733,23:05:00,1.8974222689194403e-10,9.581436282759392e-12,3.7292573988934455e-12,3.271325155094917e-12,2.98756458917812e-12,3.127135196045565e-09,4.802114633332615e-06,0
734,23:05:30,1.7346464239989772e-10,8.28587907968358e-12,2.5300702538103502e-12,1.5248578168566651e-12,1.8529552598991914e-12,2.9383537818945527e-09,4.69000107619143e-06,0
735,23:06:00,9.317712690390636e-11,7.583098563729498e-12,5.4238914889088294e-12,5.5462720359114294e-12,5.8165968210675735e-12,1.0595165455076547e-09,4.751940102989279e-06,0
736,23:06:30,5.444626525494364e-11,8.18765380843454e-12,3.2311569178667954e-12,2.5653741057265616e-12,2.107369073813201e-12,1.0048726781546961e-09,4.6835583964684115e-06,0
737,23:07:00,9.500030246484316e-11,7.378626216170323e-12,1.828358517974715e-12,8.933113271264982e-13,9.809869685712227e-13,1.4634242095347447e-09,4.7331171989249875e-06,0
738,23:07:30,7.701421114650365e-11,8.438286258557894e-12,2.158388495266062e-12,1.635244323111826e-12,1.7015622750137613e-12,4.516803883681396e-09,4.783028208962986e-06,0
739,23:08:00,5.568762894082383e-11,5.783147090753982e-12,2.3070801190711397e-12,1.4182149656469651e-12,1.5629023216374784e-12,2.98531141021418e-09,4.677995612997319e-06,0
740,23:08:30,1.9531335095092536e-10,6.958962353997674e-12,2.4578286430135238e-12,1.1015571390307383e-12,1.3342596458821154e-12,6.756327343158869e-09,4.745303935169883e-06,0
741,23:09:00,1.2667889024849753e-10,5.57920457493609e-12,2.3727468472197185e-12,8.052157264654208e-13,1.1717086540355302e-12,6.963748315204012e-09,4.693431144091025e-06,0
742,23:09:30,1.1930592456171361e-10,1.1387224551217734e-11,2.0326513938925162e-12,1.171299402935001e-12,1.1138331684947856e-12,9.403741207531062e-09,4.723512079598249e-06,0
743,23:10:00,8.211413079873065e-11,7.93907462149086e-12,2.756314471843802e-12,2.549712094406515e-12,3.016671637472557e-12,6.1845880507862e-09,4.620831310925049e-06,0
744,23:10:30,5.3545532251649944e-11,6.814165551601902e-12,2.1278890482624542e-12,1.3529777378084641e-12,9.4929733359747e-13,3.006399400450186e-09,4.695863195096529e-06,0
745,23:11:00,6.48339204147283e-11,9.601139390110852e-12,4.169312522598425e-12,3.981947978847185e-12,2.3021941194916895e-12,4.533389174874016e-09,4.695330324431526e-06,0
746,23:11:30,1.1512235940325446e-10,7.648551803185689e-12,2.438849928352498e-12,1.2852572900139917e-12,1.8850141658925672e-12,5.960788519683361e-09,4.707438144045617e-06,0
747,23:12:00,7.14887405718985e-11,5.770992138605331e-12,1.7809835758377092e-12,1.2979171603003738e-12,1.3969593006889483e-12,1.6840928900226132e-09,4.762158967782511e-06,0
748,23:12:30,1.4656612411781686e-10,7.975240362933853e-12,2.4357110719962977e-12,1.6447481827512944e-12,1.4405097765659912e-12,7.375323976275263e-09,4.680816540011499e-06,0
749,23:13:00,1.6425149200377738e-10,9.23428251946272e-12,2.6671567686600935e-12,1.4740631636384787e-12,1.5800354256989094e-12,7.471586561327614e-09,4.750491474766565e-06,0
750,23:13:30,1.0357818312110274e-10,7.305256467054513e-12,2.517567691183142e-12,9.776364482774703e-13,8.949886648669348e-13,5.128543977198552e-09,4.665129720688082e-06,0
751,23:14:00,1.4544653148873588e-10,7.1336722958119595e-12,2.528985530696733e-12,8.456027269036691e-13,1.0526882127820054e-12,3.0877542591840485e-09,4.757980465321259e-06,0
752,23:14:30,1.8794959165280046e-10,8.405368023135145e-12,2.653549602395321e-12,1.6269542937213917e-12,1.6830183771979373e-12,4.989492931098721e-09,4.668879527722927e-06,0
753,23:15:00,1.0803558220829193e-10,7.674569830311656e-12,2.5191276637164053e-12,1.1363095289403869e-12,9.946304963883179e-13,7.748063895479244e-09,4.697203053900158e-06,0
754,23:15:30,1.795661352580776e-10,1.0038628859175369e-11,1.630485785362516e-12,5.885550137605823e-13,7.078045099981592e-13,5.918920249467402e-09,4.661624994843915e-06,0
755,23:16:00,9.896178489509532e-11,4.131169794296206e-12,1.2062355507487836e-12,6.727064494738942e-13,6.379714389725753e-13,3.845911432077924e-09,4.697988130654539e-06,0
756,23:16:30,1.86101920641979e-10,9.107510102581041e-12,2.2887011047715513e-12,5.683348988145027e-13,1.0090413235528476e-12,6.7404826729801034e-09,4.7845663108443825e-06,0
757,23:17:00,1.447390077818393e-10,8.172555609753591e-12,5.775708298099846e-12,4.49183536822203e-12,9.245819783882873e-12,5.9879501763540755e-09,4.6950561260346975e-06,0
758,23:17:30,3.2680430755504075e-11,4.647945731400241e-12,1.2899406635637365e-12,7.245854270277876e-13,7.782347169174716e-13,2.624310601588484e-09,4.7183029901603605e-06,0
759,23:18:00,1.6991727480728378e-11,1.2332939323804135e-12,1.2395730132547428e-12,6.071593276155046e-13,8.744582803892011e-13,1.3409296075913193e-09,4.63344610543717e-06,0
760,23:18:30,3.5746903178791963e-11,1.8262480387352096e-12,1.3626441072423838e-12,6.336159953353571e-13,5.767499809617247e-13,1.512532579850723e-09,4.581764568275974e-06,0
761,23:19:00,1.039920344070441e-11,1.4035363299616727e-12,1.4410589426017537e-12,7.445323119711604e-13,8.617741560777972e-13,4.040105355403448e-10,4.603969722481242e-06,0
762,23:19:30,1.1185413802986067e-11,1.5494061275157454e-12,1.1209538031807085e-12,6.007555552240982e-13,8.294301813365193e-13,5.353932884192595e-10,4.639626992142642e-06,0
763,23:20:00,1.9069143113025996e-11,2.0032700960904393e-12,1.426373717491566e-12,9.026305447288913e-13,1.3386530091496013e-12,4.031230458012913e-10,4.70193956316277e-06,0
764,23:20:30,1.087069069614513e-11,2.2134514992636034e-12,1.0139329295741375e-12,6.196864386267856e-13,1.0056308185884028e-12,1.1202157953436132e-09,4.674187882559263e-06,0
765,23:21:00,5.027058289948779e-12,1.5565017918369016e-12,1.1141982829497302e-12,6.379918232926017e-13,8.843670197009651e-13,5.23053151059368e-10,4.69085035969962e-06,0
766,23:21:30,4.892267743127345e-11,3.3602319759601043e-12,1.1865736341391177e-12,8.130417237085372e-13,1.0538183652033429e-12,2.138276003182533e-09,4.639684470089811e-06,0
767,23:22:00,1.9626950087468603e-11,1.4955471087496259e-12,1.3452010533489176e-12,6.928482370600331e-13,8.042792083177762e-13,1.9591382773938683e-09,4.701946731200402e-06,0
768,23:22:30,5.992418994222587e-12,1.2534998520672647e-12,1.2302897249355244e-12,8.100570790955591e-13,1.4486377049442397e-12,2.635711106706785e-10,4.607453404702817e-06,0
769,23:23:00,4.123250243250995e-11,2.3587022741316754e-12,2.165606711900622e-12,9.181409299319015e-13,1.5744030300262951e-12,1.056207459979538e-09,4.739507470289104e-06,0
770,23:23:30,1.8322444691860462e-11,1.9454029334839612e-12,1.6548675231332203e-12,1.8137932886913658e-12,1.6408561224378035e-12,4.4612186183615983e-10,4.640798934961461e-06,0
771,23:24:00,4.9805914007626055e-12,2.3771165377627065e-12,1.4770654862296553e-12,1.3531155742338763e-12,2.017560905219036e-12,2.674997478918407e-10,4.619102383915951e-06,0
772,23:24:30,1.6331068113656648e-11,4.320958935628119e-12,3.738892549364478e-12,2.811535833226694e-12,3.565865232646851e-12,1.364796329245627e-09,4.638916917864572e-06,0
773,23:25:00,1.30943106576569e-11,2.16193880370398e-12,1.5352863733144526e-12,1.4397462252952145e-12,1.989332089445508e-12,1.3829711241362667e-09,4.604089283368623e-06,0
774,23:25:30,5.511852989475741e-12,2.430823161621078e-12,1.926488236347231e-12,1.0225820563736316e-12,1.6039974206086235e-12,3.9891825583241096e-10,4.572496038630758e-06,0
775,23:26:00,7.40634852257745e-12,2.604364399071806e-12,2.00751123565376e-12,1.1643126018374547e-12,2.0245672455311214e-12,4.440962495310223e-10,4.588693025703075e-06,1
776,23:26:30,7.650079090309705e-12,1.9998075720891885e-12,1.479863907623376e-12,1.0165312808538389e-12,2.263257415243801e-12,6.765370032807931e-10,4.6774117547448075e-06,0
777,23:27:00,1.710684116739479e-11,5.622289570316978e-12,5.565779457847038e-12,4.873757541997553e-12,4.388927128119382e-12,7.388600328518772e-10,4.654912415527028e-06,0
778,23:27:30,1.0447375444175932e-11,1.5282669127391196e-12,1.3121941282311872e-12,1.0510722834218624e-12,1.473859590061923e-12,4.324590277749063e-10,4.645570200807228e-06,0
779,23:28:00,6.013663713114992e-12,1.2887275958400365e-12,1.1169916629894306e-12,9.026239515053382e-13,1.1104504151078604e-12,5.52033244224919e-10,4.663121025178657e-06,0
780,23:28:30,7.784148234250964e-12,2.2365077750159548e-12,1.4717696592017776e-12,7.204756549013167e-13,1.2953998386777122e-12,5.800955113149292e-10,4.671034506695907e-06,0
781,23:29:00,5.305864962458356e-12,1.8976407661658823e-12,1.857881256413849e-12,9.189409964236772e-13,1.4758801908298843e-12,2.2454310726700154e-10,4.63981285251855e-06,0
782,23:29:30,4.0434027520021885e-12,1.7117890505545234e-12,1.7547325192068854e-12,1.1282105940510342e-12,2.5866400107737956e-12,1.6581424353682667e-10,4.5657102182866035e-06,0
783,23:30:00,3.946703947585573e-12,1.6550642482977433e-12,1.7342619401916352e-12,1.1122373929033061e-12,2.2587904606091675e-12,2.2755465906442373e-10,4.651908382130022e-06,0
784,23:30:30,6.021886012261161e-12,1.6846681398266994e-12,1.216183089057677e-12,8.349222252764324e-13,1.8325722562503922e-12,3.1061656810298217e-10,4.6090949073257374e-06,0
785,23:31:00,4.2252020972167875e-12,1.3688050621678717e-12,1.558204204510081e-12,7.836501804034442e-13,1.440920693866046e-12,2.2384417506565817e-10,4.692876124180214e-06,0
786,23:31:30,3.6065516423887456e-12,1.5137305208277823e-12,1.3707483699873885e-12,9.106388715237874e-13,1.8604561867043724e-12,1.623592168375392e-10,4.643227908259275e-06,1
787,23:32:00,5.021288698158721e-12,1.2192200641585754e-12,1.4226344736773355e-12,9.633925645891836e-13,1.946735405496197e-12,1.429208492629371e-10,4.646401037581326e-06,1
788,23:32:30,3.0837459881236528e-12,1.713726268724764e-12,1.2580897424103331e-12,7.664404303768275e-13,1.058116446243759e-12,1.6736341247888738e-10,4.669334917366406e-06,1
789,23:33:00,4.534074099906001e-12,1.497656057441502e-12,1.071522213425506e-12,8.578158110853515e-13,1.3083678766148823e-12,1.1568158352679411e-10,4.676970781275404e-06,1
790,23:33:30,3.2429560134549274e-12,1.6067969399641246e-12,1.2038723134598812e-12,8.13542338460803e-13,1.5178371159816887e-12,2.286109187551691e-10,4.677935778823308e-06,1
791,23:34:00,4.381319613834247e-12,1.45951311046025e-12,1.2372357884349882e-12,8.451811327735152e-13,1.7667504341539536e-12,1.6830176153443574e-10,4.672297013449035e-06,1
792,23:34:30,3.696645983229346e-12,1.4453369619127224e-12,1.7760665463355719e-12,8.844178649899645e-13,1.8823056445896392e-12,3.545706178673729e-10,4.692415645710459e-06,1
793,23:35:00,4.485652467104981e-12,1.6127098659406834e-12,1.3229762444935697e-12,7.897429275699704e-13,9.507939993248673e-13,2.005652658516878e-10,4.623974291926357e-06,1
794,23:35:30,3.325708895655921e-12,1.7209597035237601e-12,1.2650496166390199e-12,8.036507008437862e-13,2.0496177733938776e-12,2.1037701014284587e-10,4.656481044492246e-06,1
795,23:36:00,1.3356477230477521e-11,2.2148683310488464e-12,2.0032585765711767e-12,7.951202021780335e-13,2.0332606604221487e-12,5.704984159043894e-10,4.632815768221978e-06,1
796,23:36:30,2.6741710645952214e-11,6.213100998808733e-12,9.00915871501081e-12,5.673761717676136e-12,5.579453619056015e-12,1.0769812458018304e-09,4.677334223421112e-06,0
797,23:37:00,9.957237041159042e-12,1.7402801387130204e-12,2.427283259793319e-12,1.2276825261717554e-12,1.1735901790821969e-12,3.615602128672119e-10,4.686981835254273e-06,0
798,23:37:30,4.702222967297637e-12,2.3258602422711904e-12,1.5554249604327758e-12,1.2842356911953326e-12,2.2721323134343595e-12,2.4496719412552104e-10,4.664758134261545e-06,0
799,23:38:00,2.808786466806357e-11,2.7852498981535774e-12,2.1281740816882142e-12,1.6772610233661479e-12,1.7259096608173645e-12,2.4441329489326835e-09,4.767537761932828e-06,0
800,23:38:30,4.269737395390983e-12,1.190820630992955e-12,9.230836530197224e-13,7.855976665993811e-13,1.1748439713208995e-12,1.792482187704845e-10,4.686106339944307e-06,0
801,23:39:00,4.274175774573765e-11,1.8567474461677702e-12,1.2225349519186473e-12,8.563013555924699e-13,9.51643080017391e-13,8.215606313864398e-09,4.712413606756643e-06,0
802,23:39:30,4.855639112442364e-12,1.784401860986628e-12,1.4931972712705409e-12,8.747990078383343e-13,1.5794490994584859e-12,3.165647739041881e-10,4.642176666401726e-06,0
803,23:40:00,3.746972847188544e-12,1.6160334778313826e-12,1.8112704439433558e-12,6.912341389432974e-13,1.4295890226864685e-12,4.28042989590328e-10,4.72582514391027e-06,0
804,23:40:30,4.446202544129437e-12,1.362311519932586e-12,9.058937616982205e-13,5.868070528063988e-13,9.007962404202644e-13,6.173485794820893e-10,4.663619864558364e-06,1
805,23:41:00,7.3338613171219e-12,1.8426755487425815e-12,1.6293460835988212e-12,6.492765516872617e-13,1.3993722501835392e-12,1.5073688233656023e-09,4.730134038579518e-06,1
806,23:41:30,1.2546906606567713e-11,2.4682907589952117e-12,1.5282279568204067e-12,6.227762295226904e-13,1.8982639954734168e-12,5.447468762178346e-10,4.689027867657268e-06,1
807,23:42:00,4.085799835992936e-12,1.4110933504715448e-12,9.99003467530167e-13,6.65741170930347e-13,9.995486814460834e-13,4.901512584673213e-10,4.712387047055427e-06,1
808,23:42:30,2.149921299865702e-11,1.4203430682651424e-12,9.737608668736258e-13,3.2077326605941025e-13,4.39844081658877e-13,6.757130088001846e-10,4.734156698611995e-06,1
809,23:43:00,2.506524945921373e-11,1.5926259374100602e-12,1.3673548713249208e-12,5.151511008011506e-13,9.027932708796786e-13,3.5511598946813133e-10,4.684609360894835e-06,0
810,23:43:30,2.08592192563138e-11,1.9736838808842522e-12,1.9633978316037034e-12,8.633516576272881e-13,1.7059905828956411e-12,1.915547702180973e-09,4.723414530621873e-06,1
811,23:44:00,8.22150422478588e-11,2.650254388712269e-12,1.3641932483274747e-12,4.649320712054692e-13,7.176589906616943e-13,4.553010562830441e-10,4.6922233464957e-06,1
812,23:44:30,1.640219626136478e-11,2.669822434522594e-12,1.4161529991948181e-12,5.9770916014951e-13,8.612285762365401e-13,8.498515554800283e-10,4.6310763789451804e-06,0
813,23:45:00,1.4479208642666501e-11,2.512268688547996e-12,1.2998225586947816e-12,5.661318475536556e-13,6.885917789796216e-13,3.927380395030903e-09,4.468414134879443e-06,0
814,23:45:30,2.451725881845107e-12,1.4527623898754233e-12,1.121085653763986e-12,6.49362267407092e-13,1.1177438200853864e-12,5.942616702133794e-10,4.6777282341854145e-06,1
815,23:46:00,4.4155865194776086e-11,4.424444866208364e-12,3.967901316409186e-12,3.0984171257053395e-12,6.161027876468051e-12,1.5397074191758908e-09,4.619558517089344e-06,0
816,23:46:30,2.8576140909818325e-12,1.5841825802583584e-12,1.3358194921217707e-12,6.535008443312306e-13,8.68663456231997e-13,3.8536810710070113e-10,4.636495301526264e-06,0
817,23:47:00,5.7068920593767665e-12,1.504299911917994e-12,1.4580030314172706e-12,6.863176587450672e-13,1.6032339534601951e-12,2.4976699609886675e-10,4.7102469114307745e-06,1
818,23:47:30,1.1975623648099059e-11,2.3770278675269434e-12,1.873646049199316e-12,8.157014360620895e-13,1.4531524158024597e-12,1.11791148826854e-09,4.684448123217554e-06,0
819,23:48:00,4.121825101463744e-12,1.8027429717271841e-12,1.4346711486688756e-12,8.823337039347124e-13,1.5383536994107755e-12,4.1847857018269713e-10,4.7010204867578365e-06,0
820,23:48:30,1.2458434962993924e-11,1.580904942416074e-12,1.0558584147086573e-12,5.630972844981721e-13,1.118669078837952e-12,9.344287568573307e-10,4.622396738958634e-06,0
821,23:49:00,1.7989810232868637e-11,1.50377924000554e-12,1.132401777534409e-12,6.384356698302254e-13,1.4946671876867002e-12,6.607197902366058e-10,4.70412032360917e-06,1
822,23:49:30,5.896957277463597e-12,1.5266551814253582e-12,1.0209668232155683e-12,6.037840921351874e-13,1.0289443249679517e-12,2.8852482424748003e-10,4.669297436506153e-06,1
823,23:50:00,1.686578965895035e-11,1.3938113609548156e-12,1.1841761652595758e-12,5.496616388769081e-13,7.236900133408301e-13,4.4818444557479805e-09,4.701382782299126e-06,1
824,23:50:30,1.7042928812438674e-11,1.884293228091135e-12,1.188489982691971e-12,6.19619059042861e-13,1.226552313345476e-12,5.138074659005025e-10,4.722004806150752e-06,1
825,23:51:00,2.061850754244544e-11,2.379910271925755e-12,1.4619514056204304e-12,6.871274305031146e-13,1.976425188376576e-12,9.390884979326145e-10,4.6679773169832396e-06,1
826,23:51:30,8.006538087561116e-12,2.4084372241894884e-12,1.6742125697797264e-12,8.750700249582528e-13,1.883467778250421e-12,3.747525327181579e-09,4.655317993110584e-06,0
827,23:52:00,6.12784899881332e-11,3.887905200122958e-12,1.5219826298989199e-12,6.240222154786192e-13,6.641035720098954e-13,4.806247508658846e-09,4.629556338636225e-06,0
828,23:52:30,3.097847832909108e-11,5.4198799562653286e-12,1.8038008564712352e-12,9.160869086636422e-13,9.551628609559486e-13,3.099730146994935e-09,4.678847900600665e-06,0
829,23:53:00,1.9653929952496072e-11,3.985663476072091e-12,2.054881517990596e-12,1.545171351058281e-12,1.1320821981512558e-12,1.219467946342106e-09,4.742735286092046e-06,0
830,23:53:30,1.5619787333696815e-11,1.480988839916638e-12,1.4452349595031872e-12,4.848148242481203e-13,8.390499973962143e-13,8.191544954962261e-10,4.769814549883223e-06,0
831,23:54:00,4.344600227189755e-12,2.267355258237187e-12,1.7604876417211844e-12,7.327748698923834e-13,1.8687625204433714e-12,3.5715398288126017e-10,4.705189091407279e-06,0
832,23:54:30,4.44612334520751e-12,1.6749504416313355e-12,1.6125681340298166e-12,7.59257135097556e-13,1.5729557451848463e-12,3.40842044801339e-10,4.733971663901848e-06,0
833,23:55:00,6.249552736509978e-12,2.0689615216390595e-12,1.458677525047419e-12,6.274428914318739e-13,1.3846859688329484e-12,1.9337327227365236e-10,4.735160512357075e-06,1
834,23:55:30,4.725408892020608e-12,1.343345488615963e-12,1.2207874860661913e-12,6.847327736418105e-13,1.6796698143526133e-12,2.2059107668025275e-10,4.719335888716186e-06,2
835,23:56:00,1.0806572076246445e-11,1.6334652996052915e-12,1.350443642588937e-12,4.3089459868749896e-13,6.625742363446684e-13,2.346944819916349e-10,4.72129891915637e-06,1
836,23:56:30,2.048295002946093e-11,2.4074813469020157e-12,1.4408089704409947e-12,6.202218909333939e-13,1.667902658483674e-12,2.2996538231775062e-10,4.6882654568297625e-06,2
837,23:57:00,1.7442883396696448e-11,2.0967364853663213e-12,1.4767150273331576e-12,5.39285616955175e-13,1.3878083501236976e-12,2.3314922700090645e-10,4.7486779550615485e-06,2
838,23:57:30,7.557926090861025e-11,2.56293459475793e-12,9.488141068852345e-13,2.790350602345998e-13,6.250219375957851e-13,2.9083791244856364e-10,4.622326079487791e-06,2
839,23:58:00,6.893414201349841e-11,4.220415118850045e-12,1.0212771058835263e-12,2.7120459417972525e-13,7.566336099221852e-13,1.837999369361054e-10,4.688202052367668e-06,2
840,23:58:30,8.274813287663841e-11,3.9037515158235675e-12,1.422642825396369e-12,3.5369496044346367e-13,7.286705155553686e-13,2.6466941876430324e-10,4.562853552090642e-06,2
841,23:59:00,9.380734890175533e-11,3.6326413047171587e-12,1.0361807824353506e-12,4.3081015813077107e-13,1.1560039967825193e-12,1.8813513729880128e-10,4.632610907436405e-06,2
842,23:59:30,5.412927961973947e-11,2.9494844263661427e-12,1.0650005588943576e-12,2.523935101339401e-13,7.32577236179289e-13,1.6809613080119897e-10,4.656610021182865e-06,2
843,00:00:00,7.873832682171916e-11,2.466714529008588e-12,1.1127242029305298e-12,2.5875836305955695e-13,4.874209993323521e-13,2.1007523147854713e-10,4.629087016697424e-06,3
844,00:00:30,9.173335988071097e-11,3.053820950871581e-12,1.3629691036700726e-12,3.9205968930747786e-13,9.441965426164754e-13,2.338230385154337e-10,4.70190926146963e-06,2
845,00:01:00,8.160190164750662e-11,2.2914890590480455e-12,8.045515573549254e-13,3.1966761427558723e-13,7.934757479633214e-13,4.543335144151667e-10,4.192298974190667e-06,2
846,00:01:30,7.590121485491154e-11,3.584779451933817e-12,9.794974911618068e-13,4.1313041200098584e-13,1.337450702426138e-12,4.24390795096218e-10,3.859809570769736e-06,3
847,00:02:00,5.24412526770101e-11,2.7557118209957915e-12,8.297789882531223e-13,2.536523631095136e-13,6.414392519590354e-13,2.2209997935785313e-10,3.6963029611276954e-06,2
848,00:02:30,4.71122113699532e-11,3.147743922726743e-12,1.627091422209362e-12,2.4237728901035165e-13,8.485089232975734e-13,3.5587129807020834e-10,3.355299237104633e-06,2
849,00:03:00,4.971060301999147e-11,4.004933489880285e-12,9.524234003634653e-13,2.225396373937232e-13,7.180093192344636e-13,2.946816741080218e-10,3.139319364993324e-06,2
850,00:03:30,2.978748187191112e-11,2.765076621384838e-12,1.0258570262934283e-12,2.417457218256355e-13,7.453392718266083e-13,2.878634366831166e-10,3.3577351983265054e-06,2
851,00:04:00,7.132582299559522e-11,4.908179243575189e-12,1.0540089620984443e-12,1.9703866419894355e-13,4.965229663963312e-13,4.1620470500018786e-10,3.1659007200068484e-06,2
852,00:04:30,8.587588006682616e-11,4.793270180583457e-12,1.7013409358221241e-12,2.305759177736455e-13,8.364860548394359e-13,3.7260136477904917e-10,3.1661721717558547e-06,2
853,00:05:00,8.16533091420403e-11,5.005341022475348e-12,1.8208714136899657e-12,2.3959791129399593e-13,8.755178980639025e-13,3.2197583889964923e-10,2.914943127990054e-06,3
854,00:05:30,9.138554273035799e-11,3.790469241352491e-12,7.781391624616866e-13,2.808750520993649e-13,1.031417608000125e-12,4.783993704259743e-10,3.1004456024930274e-06,2
855,00:06:00,8.202380631378692e-11,3.6142712169939608e-12,1.4915060741906475e-12,2.7489601982199295e-13,1.0578509988455822e-12,5.307959417804929e-10,2.7878887237051883e-06,3
856,00:06:30,7.421975387146938e-11,2.776340836302524e-12,1.6967152416010592e-12,3.840272216079852e-13,8.751191610937228e-13,1.3252983769763926e-09,3.769225264013892e-06,2
857,00:07:00,5.864698044442083e-11,3.4069386920454436e-12,1.836673566902185e-12,5.41614477055866e-13,7.970426960061494e-13,2.7406365093200217e-09,4.7497924926959825e-06,1
858,00:07:30,7.102341460295272e-11,2.799738636261084e-12,6.06602509682731e-13,2.2418838018256828e-13,4.4932760493745147e-13,2.727777656907088e-10,4.424065821317421e-06,2
859,00:08:00,6.316440333649235e-11,3.5222714532557862e-12,1.3666660199639911e-12,3.0278250774450987e-13,1.2551417349516058e-12,2.83784989800534e-10,4.090776462696546e-06,2
860,00:08:30,6.007603260461049e-11,4.525756574384668e-12,1.6326605046346063e-12,3.563010659552836e-13,1.6100209045095075e-12,5.933246966654568e-10,3.5396781308901925e-06,3
861,00:09:00,6.169457443298105e-11,3.425453439648583e-12,2.1242912612341745e-12,5.729294008689276e-13,1.3923053833698782e-12,3.0441520129876653e-09,4.707617522916904e-06,2
862,00:09:30,4.9298029032036815e-11,2.9425266687755625e-12,1.0370058434760476e-12,2.0501570738821902e-13,5.284595492520113e-13,1.9620110907829163e-10,4.455220385023347e-06,2
863,00:10:00,1.2652243714106544e-10,5.5110840058507004e-12,2.155438344655006e-12,5.357545478462055e-13,1.3713364457297137e-12,2.8526864237517072e-09,4.487342859599827e-06,2
864,00:10:30,2.0749466808696494e-11,2.6795065837851757e-12,1.3293699815909432e-12,2.809881614023253e-13,7.578222901552478e-13,8.683602271783336e-10,4.621158924731497e-06,1
865,00:11:00,6.014356962651808e-11,4.865199763322035e-12,1.3283127814527067e-12,2.0073671359670364e-13,6.155163770581085e-13,3.2375141414984444e-10,4.0762213366503014e-06,2
866,00:11:30,6.579814671528713e-11,3.664417325234018e-12,1.2736643395602802e-12,2.6008439660540784e-13,9.401232432748725e-13,2.492341219376919e-10,3.927767280830328e-06,2
867,00:12:00,8.376206267883776e-11,4.4791571541121265e-12,1.7832255781824507e-12,2.545728027627937e-13,8.484971678200089e-13,5.887111493880766e-10,3.7708848716209184e-06,3
868,00:12:30,5.962792569755432e-11,3.1001141152360345e-12,8.51747346099413e-13,2.2813826044428577e-13,8.884291745875901e-13,3.7878063227119857e-10,3.5494945350347265e-06,3
869,00:13:00,1.1668114292236424e-10,4.806944526303217e-12,1.469055282535511e-12,2.4660388922613995e-13,9.94218237721416e-13,4.805704000602632e-10,3.58353421531747e-06,3
870,00:13:30,1.0535019240427205e-10,3.789718265607157e-12,1.1636278899131372e-12,2.3164291643836616e-13,1.0679907007743953e-12,6.605571619092701e-10,3.52088503262174e-06,3
871,00:14:00,8.836125781918266e-11,3.2939419465558646e-12,1.5274460102096343e-12,1.8055273030760885e-13,7.062318893322589e-13,7.152921916478685e-10,3.4953200225403886e-06,3
872,00:14:30,7.308517973238828e-11,3.3848312876379507e-12,8.858395784087121e-13,2.35621897846473e-13,5.122040611135747e-13,4.144234991729801e-10,2.983050186105746e-06,3
873,00:15:00,1.3122599325776864e-10,3.845335882126125e-12,1.4668872105214943e-12,2.330363974336994e-13,1.1734948355033516e-12,7.307684407134934e-10,2.511484702829652e-06,3
874,00:15:30,7.232332206871192e-11,4.159013182919801e-12,1.2059540866615941e-12,2.012136309603396e-13,9.015308579257538e-13,8.491353985262239e-10,2.436890569025174e-06,3
875,00:16:00,1.2576641470753013e-10,3.652022989463777e-12,1.7292019263762131e-12,1.738754905784393e-13,7.46802405563868e-13,7.62594610713669e-10,2.6205474302651777e-06,3
876,00:16:30,1.0154696109423813e-10,4.377148506909484e-12,1.5198637312558491e-12,1.7228544218304917e-13,6.810163895032428e-13,5.995191036977627e-10,2.54889266545286e-06,3
877,00:17:00,1.0064507492476084e-10,3.900110825098049e-12,2.674062216094234e-12,2.156751930853559e-13,7.826143400020421e-13,1.0319342405165102e-09,2.5795410564081203e-06,3
878,00:17:30,1.225443761732623e-10,4.2371964734385635e-12,1.4407746245581898e-12,2.423797932269027e-13,1.103540198565485e-12,9.431837405261902e-10,2.5066694046935337e-06,3
879,00:18:00,1.2428844255922852e-10,3.7556860390033005e-12,1.3189616665258721e-12,1.7080462898562822e-13,6.705427418730507e-13,6.265931458465058e-10,2.3662145147132642e-06,3
880,00:18:30,1.4686094352161428e-10,3.711232233654782e-12,2.0423710700937467e-12,1.9247773334288724e-13,8.012311434027165e-13,5.582949127084871e-10,2.4365541200537994e-06,3
881,00:19:00,1.27742019779636e-10,3.340849762189519e-12,1.3741652855467217e-12,1.685772556175109e-13,5.959261929022728e-13,6.896823088752435e-10,2.483581253874118e-06,3
882,00:19:30,9.143877244469414e-11,4.979692721852273e-12,2.106165530145023e-12,1.7882050257745478e-13,7.587932809241246e-13,7.603723491779248e-10,2.5059628704989503e-06,3
883,00:20:00,1.1068188475741376e-10,4.1841256430530825e-12,1.4342139144130083e-12,1.7064613108840178e-13,6.758955359974724e-13,6.119959427135589e-10,2.6041069097857918e-06,3
884,00:20:30,1.4495292137427263e-10,3.723852874355344e-12,1.9545501515176968e-12,2.0763184322342903e-13,7.424197596064296e-13,8.34054853580773e-10,2.3828820756091518e-06,3
885,00:21:00,1.1114217750464658e-10,3.858625878649632e-12,1.4116349149592012e-12,1.7952589955065016e-13,7.01006192614917e-13,6.54079444287757e-10,2.4022758284011233e-06,3
886,00:21:30,1.210589413725196e-10,3.8152452124559114e-12,2.4022353157481567e-12,1.609954747433444e-13,5.729055716162331e-13,8.975266645825897e-10,2.423798211945997e-06,3
887,00:22:00,1.0475726415372832e-10,3.3605033669071892e-12,1.542698652830534e-12,1.2586632948524437e-13,4.241551730531277e-13,1.159746991439475e-09,2.373615464792367e-06,3
888,00:22:30,1.8722882559869233e-10,5.034059741961369e-12,3.2951478754113856e-12,2.3993131602813647e-13,9.285628306101874e-13,6.39458590296371e-10,2.4010663510451255e-06,3
889,00:23:00,1.1433213486296867e-10,3.606625884637845e-12,1.3810193411238737e-12,1.6276426493773864e-13,4.4961031174754814e-13,9.58334371287633e-10,2.7281925062973887e-06,3
890,00:23:30,1.200541673881649e-10,4.416902576306733e-12,1.5714972999429566e-12,2.698451403159977e-13,7.119815145499835e-13,4.399595500884107e-10,3.059563777953326e-06,3
891,00:24:00,1.1190010786059372e-10,1.4440289245252443e-11,6.586847693312893e-12,5.3038436135872286e-12,4.130929740712737e-12,3.93347253307923e-09,4.004212842796734e-06,3
892,00:24:30,3.788916897039418e-11,4.172981600564732e-12,1.845889144024371e-12,2.500740409756607e-13,6.121881701873752e-13,3.639938509052717e-10,4.082636829692564e-06,1
893,00:25:00,1.0849228827193734e-10,4.579619876350031e-12,1.0093605573601725e-12,2.7234325398979415e-13,9.854937479405935e-13,1.3070132670298942e-09,3.220049445337551e-06,3
894,00:25:30,7.821542742257261e-11,5.309417679870478e-12,5.159182468423405e-12,2.3772725725710305e-12,1.8806839366938918e-12,5.056889090126514e-09,4.7553076417329055e-06,2
895,00:26:00,5.3062857459179206e-11,4.465340353965121e-12,1.5084609700362478e-12,2.2093017395233557e-13,6.209082189184076e-13,2.2768775921897996e-10,4.278080489214226e-06,2
896,00:26:30,7.020699680039916e-11,3.5696447201471103e-12,1.7341900925820379e-12,3.8350908440688954e-13,7.828845600343239e-13,9.814554826442195e-10,4.577147584567118e-06,2
897,00:27:00,5.630566100045967e-11,2.7039173604122145e-12,1.1266498847147346e-12,3.0013976699510477e-13,6.466475049503593e-13,4.2025828431062857e-10,4.667108645426924e-06,2
898,00:27:30,3.877149083379889e-11,3.2886122798645112e-12,1.215768463417545e-12,2.761610514260846e-13,9.526801861625928e-13,1.8079817354554548e-10,4.044567070143312e-06,2
899,00:28:00,8.393331458197608e-11,3.4643664795756066e-12,1.1804109499756846e-12,2.719375666604531e-13,9.131913830129512e-13,6.95378657318969e-10,3.9334357381383655e-06,2
900,00:28:30,4.5699592507024814e-11,3.450932058412366e-12,1.1932703820951918e-12,3.0598803417289113e-13,7.105634008806482e-13,2.59232753961397e-10,3.813667079554173e-06,2
901,00:29:00,9.009366304822668e-11,3.5069404372687633e-12,1.7739153507810935e-12,3.8956721304445103e-13,7.637904685713755e-13,1.9792162600127833e-09,4.1933650243459695e-06,2
902,00:29:30,7.505562120162181e-11,2.731946309986696e-12,1.2737148477834967e-12,3.9080308364130264e-13,9.197177081279453e-13,3.0797968106060403e-10,4.593432441134095e-06,2
903,00:30:00,6.830153116689417e-11,4.410954054106502e-12,1.8628690441399407e-12,5.055046124110984e-13,1.0564355487324634e-12,2.5235365924833853e-09,4.828359009166246e-06,0
904,00:30:30,5.357708234321464e-11,3.277033366887098e-12,1.4842075891442646e-12,4.3417133044450584e-13,1.170338695308949e-12,6.423672570661621e-10,3.952339055930166e-06,1
905,00:31:00,4.227954365299435e-11,2.115175976546039e-12,1.0591103215336765e-12,3.283879973252719e-13,7.930563630366069e-13,2.2431769466536726e-10,3.132053829299089e-06,2
906,00:31:30,6.458248672259541e-11,2.8331797817621e-12,9.020739402473726e-13,1.9622510173437587e-13,4.963914502605724e-13,2.4143317019844566e-10,2.5869732692254796e-06,2
907,00:32:00,1.0195083715851007e-10,4.720546609507961e-12,1.2254795402142252e-12,3.1490006382568723e-13,1.2645697343258537e-12,2.7805748903986583e-10,2.2733284101298834e-06,2
908,00:32:30,6.017080836967438e-11,3.78138191654558e-12,1.7968304576212267e-12,2.9775424044082614e-13,8.397851181361261e-13,4.2069143606814583e-10,1.744151592380443e-06,1
909,00:33:00,4.506869800298481e-11,2.9850751305910758e-12,8.702155383543963e-13,1.9327523422697305e-13,5.161799721049879e-13,2.177477831074615e-10,1.256429335302557e-06,1
910,00:33:30,1.0338213902873586e-10,3.0283173505246153e-12,1.4281137093189546e-12,2.506237574333527e-13,1.0927893574284966e-12,4.5434467762994595e-10,1.379502599289957e-06,2
911,00:34:00,4.495934739057962e-11,3.7823366745765e-12,1.1731208671908234e-12,2.9425702176519137e-13,1.6121706282038233e-12,4.132538373309739e-10,1.1734482554538952e-06,2
912,00:34:30,1.0793806458818e-10,3.9748905545699864e-12,1.3306170350974213e-12,2.294608862152619e-13,8.625600259514215e-13,7.385717685839872e-10,9.590825865572488e-07,2
913,00:35:00,7.670158078191068e-11,3.3491464575329174e-12,1.230596658993184e-12,3.8811196236788766e-13,1.329664490602018e-12,4.93479573993479e-10,1.4866603138222482e-06,2
914,00:35:30,1.0118542150076708e-10,4.543713454466422e-12,1.0590100966610144e-12,2.7235052806794266e-13,1.2198744713612736e-12,4.1879691771238355e-10,7.711642752870504e-07,2
915,00:36:00,9.877505119444037e-11,4.549784511490083e-12,1.396256315185329e-12,1.8747459990649882e-13,6.060382009639721e-13,5.571251618835084e-10,8.51373744010028e-07,2
916,00:36:30,1.566756631985319e-10,5.651454058718503e-12,1.6169145619662238e-12,2.0872880983658723e-13,6.416645820019111e-13,2.8990117712151294e-10,7.619288805794393e-07,2
917,00:37:00,1.1574094907944146e-10,5.91840403924956e-12,1.771565860918371e-12,1.8605189268832937e-13,6.777252856957633e-13,3.6601232939892057e-10,8.199344550013963e-07,2
918,00:37:30,9.617169868132388e-11,5.641017121555421e-12,1.2770011086372983e-12,2.2700317610299232e-13,8.971537261103684e-13,6.610874321339912e-10,6.601153888345379e-07,2
919,00:38:00,5.2905303352093374e-11,5.22473841145035e-12,1.5182686759944967e-12,3.1300020209173993e-13,8.832583602648961e-13,4.885767277387707e-10,7.989540942108768e-07,5
920,00:38:30,5.081028066407649e-11,4.305257154162331e-12,1.473292688682775e-12,3.5894661436794075e-13,9.362239018715806e-13,1.3106752659242113e-09,1.842891083301165e-06,2
921,00:39:00,1.8356902171123416e-11,3.3919360403381826e-12,1.9556161051699966e-12,3.065012802945123e-13,9.219969070707937e-13,3.043846693116929e-10,7.202099168072463e-07,5
922,00:39:30,1.8446204177013818e-11,3.508094133800774e-12,1.3813641283540664e-12,2.48113772000436e-13,7.627473994013471e-13,1.7034989582775616e-10,7.345764267906087e-07,5
923,00:40:00,3.3935857971755086e-11,2.492142789388336e-12,1.0099736745383228e-12,2.601141672457392e-13,6.015288514386129e-13,7.493915143670226e-10,1.368459961234563e-06,5
924,00:40:30,2.1349658756056756e-11,2.2892213585763574e-12,9.387873203142661e-13,3.5313196399556577e-13,6.920306401208409e-13,2.133593044148672e-10,8.316175840194841e-07,5
925,00:41:00,3.247228942746377e-11,2.5778594685946625e-12,9.752458369600138e-13,1.9422061265244287e-13,2.4949506406703185e-13,3.6690965326581113e-10,7.343978749449106e-07,5
926,00:41:30,9.020623644719794e-12,2.3024933966910564e-12,9.811756036232542e-13,2.575753708007071e-13,6.220629345120861e-13,2.042936606374426e-10,7.764353391796131e-07,5
927,00:42:00,1.5874802629164035e-11,2.464935452844543e-12,1.3000272301296544e-12,3.176627195938456e-13,3.975579160574026e-13,4.4181533946002167e-10,7.003982168189705e-07,5
928,00:42:30,2.7179423013031752e-11,3.4222199105400726e-12,1.6213068424421136e-12,3.447513205031408e-13,7.684852778826249e-13,1.329665270411013e-10,8.086624640645133e-07,5
929,00:43:00,9.892840833865127e-12,2.899237285710086e-12,2.0440794122738303e-12,4.612880045317895e-13,1.0534664987735653e-12,9.269784763372837e-10,9.165301138523982e-07,5
930,00:43:30,1.127594637357021e-11,3.3151162777424143e-12,1.4385482553875127e-12,4.06692171597052e-13,7.047581124158665e-13,4.951879626012827e-10,1.5431850166232453e-06,5
931,00:44:00,8.166746131948384e-12,1.7234289216179186e-12,9.76515113276485e-13,2.116119814713898e-13,4.944125176747489e-13,6.760827889078209e-10,6.952560904351474e-07,5
932,00:44:30,2.1628081592597688e-11,4.132498768259706e-12,2.678144127063582e-12,9.332978148679126e-13,2.084994517780024e-12,1.5334482645062782e-09,2.077017238642457e-06,5
933,00:45:00,1.1179408037686826e-11,2.398265473474103e-12,1.7236567751121239e-12,2.8090698677992356e-13,5.900068433209257e-13,6.424351810217441e-10,8.210906450911066e-07,5
934,00:45:30,7.507633427645345e-12,2.08554153658257e-12,9.797367488276896e-13,3.226620280066169e-13,3.41067325602943e-13,3.350355373168345e-10,1.0265569487056464e-06,5
935,00:46:00,9.89431479960628e-12,2.010885093014606e-12,1.2000229592906594e-12,2.811462383574061e-13,6.320261260065347e-13,9.103826080859751e-10,8.776279875526142e-07,5
936,00:46:30,7.883730556878242e-12,2.3380879038921002e-12,8.368621698216974e-13,2.7249044364909243e-13,5.376153557751482e-13,3.085436674753929e-10,1.64248789840182e-06,5
937,00:47:00,1.466961510117093e-11,1.7174589294223782e-12,9.014633553411651e-13,2.707635732662614e-13,5.169241477061372e-13,9.164017232604751e-10,1.1578992739739276e-06,5
938,00:47:30,6.0468361673055945e-12,2.0228281906888672e-12,1.0031098717963607e-12,3.081640286287539e-13,6.474620673919034e-13,2.0386974151805336e-10,1.0459328483036674e-06,5
939,00:48:00,9.517719114209756e-12,1.9492020437675113e-12,9.36005351056953e-13,3.03923219184881e-13,7.139326440678436e-13,3.2974537874996525e-10,9.821928833188503e-07,5
940,00:48:30,7.346456591802238e-12,2.306700035564291e-12,1.464668620687126e-12,3.7621821060629026e-13,8.725447141491774e-13,4.924613132106831e-10,1.112972282274833e-06,5
941,00:49:00,7.65333308390125e-12,1.9835464473924217e-12,9.932168273576928e-13,2.9574618550189807e-13,6.184049045546227e-13,2.4145099328192996e-10,1.0274832646067832e-06,5
942,00:49:30,6.9816501814860015e-12,2.289771374742827e-12,7.939125530107766e-13,2.6130828006272237e-13,3.4002790606377387e-13,1.065950341005978e-09,1.3485475194761462e-06,5
943,00:50:00,1.1304232242509687e-11,2.685431423126161e-12,1.3765134836973703e-12,3.468425362526828e-13,6.445523122314838e-13,1.3628916230292229e-09,1.0409760092125697e-06,5
944,00:50:30,5.7623071220307975e-12,1.412013091493625e-12,5.44181923099622e-13,2.0947973383731882e-13,3.675193253334109e-13,1.177854528857197e-09,6.593290794779982e-07,5
945,00:51:00,9.674769678477644e-12,1.8792398371958624e-12,5.91597516728128e-13,2.8784249977003353e-13,4.918964616637553e-13,6.407945874031873e-10,1.0455952002517693e-06,5
946,00:51:30,3.676925185668967e-11,3.011884213850334e-12,1.4997187350412974e-12,4.473334266657756e-13,8.772122417484325e-13,9.984684089899173e-10,1.739362121830666e-06,5
947,00:52:00,6.515308635296427e-12,1.829990164622794e-12,5.797182479708751e-13,2.4005491088509634e-13,3.0065296224015475e-13,5.405623518960426e-10,8.694837424016393e-07,5
948,00:52:30,2.1224807549991832e-11,3.1604891966716816e-12,1.6968486390940025e-12,4.4738728245743093e-13,1.0765591582838894e-12,8.87272733273654e-10,2.7204860879202438e-06,1
949,00:53:00,5.1690739961528365e-12,1.247724522386895e-12,5.891801136035404e-13,2.1544090268931856e-13,4.2786342260263133e-13,1.5301875133853182e-10,9.142739333065037e-07,5
950,00:53:30,1.7709114894855023e-11,2.552028392816477e-12,9.318340451073319e-13,3.1536405624234535e-13,8.188911481917606e-13,1.9325743781451997e-10,1.228168530617187e-06,5
951,00:54:00,1.602703173914986e-11,2.4609866506372163e-12,1.6850463750718515e-12,4.123913884024199e-13,7.695162786949348e-13,7.085642092661654e-10,2.336235597593028e-06,5
952,00:54:30,7.422796127017748e-12,2.7204708353734815e-12,2.0302364560283437e-12,3.736095739996066e-13,9.226366995689655e-13,1.73971766620121e-10,1.2363336562544839e-06,5
953,00:55:00,2.0760183936040745e-11,2.0118381009847567e-12,1.374089255484872e-12,5.406311318131342e-13,8.479797493470231e-13,2.344195944074588e-09,2.075371454829171e-06,5
954,00:55:30,8.454388526141255e-12,1.9925041702772747e-12,7.218022783721989e-13,2.709048646230483e-13,5.155573262192494e-13,7.24521156504362e-11,1.2484368945603896e-06,5
955,00:56:00,7.340802715797194e-12,2.1039929346642236e-12,1.1085656916079792e-12,3.5902456906365996e-13,6.645276708148404e-13,1.5598825967101985e-10,1.3958285052016442e-06,5
956,00:56:30,5.6766146721225745e-12,2.2539360053936943e-12,7.367468762022821e-13,2.814081464217471e-13,4.797138897680789e-13,1.894258215131529e-09,1.5704487297193068e-06,5
957,00:57:00,6.103446568015393e-12,1.2671354644070681e-12,7.69623921908037e-13,2.6942499052318366e-13,5.191613245028189e-13,7.438026735873638e-10,1.0674723702476022e-06,5
958,00:57:30,6.389378615602586e-12,1.843618960587404e-12,1.1522743707448191e-12,3.3385877067031973e-13,8.768681349616817e-13,6.317692361193087e-10,1.3777716240149763e-06,5
959,00:58:00,1.043888623648706e-11,1.5006354231844112e-12,8.072827862863885e-13,2.7714186818719027e-13,4.0206940065359434e-13,8.914856951420551e-10,1.2511330703918614e-06,5
960,00:58:30,5.764672635204e-12,1.8250242915670882e-12,1.0478653659863235e-12,3.3105090417926623e-13,6.087338280126694e-13,1.366482114239214e-10,1.3435234835620977e-06,5
961,00:59:00,6.363936681347984e-12,2.1574066294213788e-12,6.701733289886262e-13,3.363194295412242e-13,5.557229274814682e-13,4.35534745431724e-10,1.2369200926651104e-06,5
962,00:59:30,8.736363095656324e-12,1.2148956598363723e-12,5.048930200704476e-13,2.2910632517817464e-13,2.948064690560825e-13,5.0755209767528e-10,1.1385555025106947e-06,5
963,01:00:00,8.4918469341517e-12,1.3593958753578353e-12,6.476670250791665e-13,2.2904104898689863e-13,3.521426529117646e-13,6.523048574262748e-10,1.1274074371326314e-06,5
964,01:00:30,4.595645650208281e-12,1.3196293136658159e-12,6.070700723240053e-13,2.554112773305303e-13,4.568182615613044e-13,9.677338629847441e-11,8.375645068817602e-07,5
965,01:01:00,4.900369979029066e-12,1.080729125711469e-12,4.653640859592347e-13,2.0433448464629031e-13,2.789679164416186e-13,1.7434491342681157e-10,8.343868316071209e-07,5
966,01:01:30,1.0246576467678439e-11,1.8064252189756314e-12,9.83214146762767e-13,2.2703010017209888e-13,3.5594696837501004e-13,1.4453282216910307e-09,1.214350649205771e-06,5
967,01:02:00,7.519753468090196e-12,1.6414916568967198e-12,9.982124407544872e-13,2.9703512783120874e-13,5.687747494880725e-13,9.296875217732157e-10,9.975684638303714e-07,5
968,01:02:30,6.5338979540085474e-12,1.7902497479288902e-12,9.439944756141986e-13,2.547698769133703e-13,4.387589697176395e-13,1.0619082624898436e-09,1.3508294768115804e-06,5
969,01:03:00,6.505721660891497e-12,1.98307142460411e-12,8.279213655696733e-13,2.4317433286949604e-13,3.6306251468832166e-13,3.132912417016731e-10,1.2426238270050275e-06,5
970,01:03:30,4.6395588003362265e-12,1.7083518284617617e-12,1.043477518586379e-12,2.458153057432001e-13,4.919618856784198e-13,2.964091686454937e-10,1.1674874910313255e-06,5
971,01:04:00,8.768054919795541e-12,2.3565933760541303e-12,9.388865913401932e-13,2.732796247000076e-13,4.963778742959947e-13,2.8938229543780863e-10,1.3881720363225846e-06,5
972,01:04:30,1.0682534226115182e-11,1.3216909461023685e-12,6.155898709142176e-13,2.6003349749979253e-13,3.7225125669345673e-13,8.720768921250922e-10,1.356792613912581e-06,5
973,01:05:00,8.856509275143455e-12,2.147316734642004e-12,7.89081588706426e-13,3.244484531637278e-13,5.375743613841185e-13,6.93267589673384e-10,1.1516490173804831e-06,5
974,01:05:30,7.060675388720874e-12,1.6971265327409887e-12,6.99449976439157e-13,2.276900972161613e-13,3.929031627076112e-13,1.4763315445731588e-09,1.1497122496636796e-06,5
975,01:06:00,4.900624229964827e-12,1.4320461971358192e-12,8.132089619606222e-13,1.8691282379180681e-13,3.593467024427856e-13,4.3554739326872435e-10,1.2732345488521788e-06,5
976,01:06:30,6.7701962249981354e-12,9.78524626715187e-13,4.549283485415184e-13,2.4927512424875747e-13,3.492595820743767e-13,8.377903473924914e-10,1.209774972601287e-06,5
977,01:07:00,8.139259261537219e-12,1.201041826855128e-12,5.583514384539375e-13,2.177873872111962e-13,3.890844584805247e-13,5.628424109101132e-10,1.2482425814795843e-06,5
978,01:07:30,8.163636054700848e-12,1.4387493369093465e-12,6.927315843294728e-13,2.0043107880420778e-13,3.510864801527016e-13,1.905792596021638e-09,1.2340000598831444e-06,5
979,01:08:00,6.1195414927918505e-12,1.1507472885532535e-12,6.451937671746171e-13,2.49328079245808e-13,4.792426859342999e-13,1.1483355641860772e-09,1.3753194888864284e-06,5
980,01:08:30,1.2574354315865081e-11,1.107913643151051e-12,5.963189679709208e-13,2.2171549451821058e-13,3.994792017364133e-13,2.254293933489191e-09,1.504032994156051e-06,5
981,01:09:00,1.1609032208443232e-11,1.199837863338555e-12,8.160117325289915e-13,2.9852334323101604e-13,5.789259459620341e-13,1.6531023947026985e-09,1.0909570908465264e-06,5
982,01:09:30,6.8399282625758834e-12,1.3976917209545392e-12,6.737970064850046e-13,2.1858754239734796e-13,4.0905131802747315e-13,2.4754179628579424e-10,1.3266017315807313e-06,5
983,01:10:00,7.1523592829289325e-12,1.0953780053410486e-12,6.706020335371136e-13,2.2467834952743684e-13,4.031147391183062e-13,3.5167453969923123e-10,1.619431179994612e-06,5
984,01:10:30,9.960494291588549e-12,3.0794458271616877e-12,1.8385645607355692e-12,4.2006092206000397e-13,9.424450672612981e-13,1.0258885999197303e-10,1.6468596487508746e-06,5
985,01:11:00,8.264638695938546e-12,2.0082978626693667e-12,6.476474924483195e-13,2.436481825450397e-13,2.859316260483011e-13,1.3817872358941297e-10,1.0199366228269719e-06,5
986,01:11:30,5.4005548460213144e-11,2.783546720666038e-12,1.032053398793533e-12,3.707485631598356e-13,9.65112056660523e-13,1.0217634474722e-10,1.411312840900928e-06,5
987,01:12:00,6.471802263054947e-12,1.70229815638195e-12,1.133528991273969e-12,2.891693683887941e-13,6.640692350196388e-13,6.443320364849922e-11,1.5667161082912681e-06,5
988,01:12:30,8.72044059478697e-12,1.7296711157719877e-12,7.190356202692953e-13,2.0011923552560076e-13,3.2546989547075723e-13,8.994046018580472e-11,1.3732973914447927e-06,5
989,01:13:00,1.2417334008743049e-11,1.6256812855330204e-12,6.435240077013821e-13,2.090166688953901e-13,3.125018387226526e-13,2.548023414382476e-10,1.2465000993505614e-06,5
990,01:13:30,9.320346818376339e-12,1.516532632716659e-12,8.26352287422688e-13,2.7052751570538035e-13,5.057521107071361e-13,1.0576101086114182e-10,1.2685120513708139e-06,5
991,01:14:00,7.948893002344774e-12,1.7235140241941602e-12,6.57493369682384e-13,1.8715297610987415e-13,3.0256835444258426e-13,6.059925902399065e-11,1.2008579321913696e-06,5
992,01:14:30,1.3474741590038792e-11,1.9429769663840336e-12,1.0533114771211245e-12,3.1364328069559183e-13,4.452100038002866e-13,4.952452295914255e-10,2.914687850924105e-06,5
993,01:15:00,8.457265246675545e-12,3.14687316878886e-12,1.3477211281049748e-12,4.96898953271004e-13,1.0437295038852582e-12,7.902049818459712e-11,3.039430329978685e-06,5
994,01:15:30,1.5045702940583326e-11,1.3905643939787992e-12,1.2991058046051781e-12,3.5067788374850925e-13,4.778522219673482e-13,1.9732542011161078e-10,2.685249302156298e-06,5
995,01:16:00,5.3859324312533023e-11,3.46039452825064e-12,1.007955567442215e-12,4.4347985275421267e-13,1.1536142818787274e-12,1.935730376875573e-10,2.4091967480662865e-06,5
996,01:16:30,1.613653360744425e-11,2.8115011943912855e-12,1.0118605964508823e-12,2.4163798944037747e-13,5.971768670728768e-13,1.6367177695692093e-10,1.9384289698079325e-06,5
997,01:17:00,3.3338037324282326e-11,2.7190073323545406e-12,9.229170782548915e-13,2.4930738496613574e-13,7.980619592715334e-13,1.765142271551208e-10,1.6790080016571704e-06,5
998,01:17:30,4.4705832778933414e-11,2.2953022226122452e-12,1.3037914321097782e-12,3.205232789104627e-13,7.019592859348473e-13,2.595583560723176e-10,2.096579848486693e-06,5
999,01:18:00,1.3017887567715192e-11,2.005490228774234e-12,8.047303155654888e-13,2.2505741976277116e-13,3.4910570562039167e-13,9.133871474613962e-11,1.3367014386094304e-06,5
1000,01:18:30,6.640836236151883e-11,2.9414992547986273e-12,1.1666688233019542e-12,3.3258756355040124e-13,9.969775760508935e-13,1.9827664139078797e-10,1.0069035064445327e-06,2
1001,01:19:00,3.362479301714121e-11,2.5940901182697802e-12,1.081665007387535e-12,1.8076849001935302e-13,4.080855797248578e-13,2.006258494417319e-10,1.0741305666586561e-06,2
1002,01:19:30,4.103953269208968e-11,3.5577455706142885e-12,8.901512708708412e-13,2.8969078904009797e-13,6.829339557710132e-13,9.357080023395509e-11,9.442333741899756e-07,2
1003,01:20:00,1.51327381681859e-11,1.4242562215761355e-12,6.477222106824315e-13,2.449994802536209e-13,5.615050641847759e-13,1.8369296922735366e-10,1.6903889593778618e-06,2
1004,01:20:30,9.111839383319092e-12,2.1951758971015616e-12,1.4119758019862313e-12,2.4316549528129164e-13,5.668670146461053e-13,9.576404072589407e-11,1.499408175898283e-06,2
1005,01:21:00,5.8227226254888e-11,2.9935129936976434e-12,8.763580676092622e-13,2.250987320962914e-13,5.182075184860833e-13,1.9986866052208989e-10,1.1870903949395894e-06,2
1006,01:21:30,1.2226909883731389e-11,1.966876527033585e-12,1.6098539111113852e-12,2.9272911077385793e-13,6.987624946913455e-13,1.2865330719190595e-10,1.1426218080587131e-06,5
1007,01:22:00,8.95489834363495e-12,1.6056037481201809e-12,6.245446673752672e-13,1.7844743937950584e-13,3.2565075663151743e-13,7.91282163010903e-11,9.884135889595324e-07,5
1008,01:22:30,3.31400538872003e-11,1.9603574223441574e-12,1.3937797584285035e-12,3.5140149017176975e-13,8.123091759350242e-13,1.825993080600566e-10,1.1841428413262128e-06,5
1009,01:23:00,1.1038047850373957e-11,1.5126528299703484e-12,8.764352279882949e-13,2.156809059592872e-13,4.1417789192263045e-13,1.2470133727990927e-10,1.20907245503017e-06,5
1010,01:23:30,1.8069277303226966e-11,4.129360726952181e-12,3.6396969742557566e-12,3.392845528982612e-12,4.06546941234231e-12,6.802129360569635e-10,2.3540038578585824e-06,1
1011,01:24:00,1.5226219662227115e-11,2.081998755416877e-12,9.95819065038474e-13,1.9682694582900837e-13,3.267387492756312e-13,8.812585061851304e-11,1.2582051022546924e-06,5
1012,01:24:30,9.87250962747943e-12,2.738657772256211e-12,1.2462840466628454e-12,3.693955647705258e-13,9.519800462245096e-13,1.2064761828759273e-10,7.224095360493241e-07,5
1013,01:25:00,3.707326195270971e-11,3.275276992927841e-12,1.5283346463156574e-12,4.673337107944602e-13,1.4725905502403636e-12,3.398041563659735e-10,1.9962904193690357e-06,1
1014,01:25:30,1.0110966353693864e-11,2.3951522986657545e-12,6.366129658938098e-13,2.40846827009457e-13,3.82738045554639e-13,6.134408876651559e-11,6.917776412559576e-07,5
1015,01:26:00,4.824856400250805e-11,4.6008850442297175e-12,3.865674449309756e-12,7.328316185113632e-13,1.4561890430065946e-12,8.040534062796275e-10,2.450575251984324e-06,1
1016,01:26:30,4.4477113281832815e-11,2.8770911159619617e-12,1.4855520649348779e-12,4.4709481201630277e-13,1.2292348094000009e-12,1.7185610378867816e-09,1.909765300693311e-06,5
1017,01:27:00,3.961030649033195e-11,2.804817924033717e-12,1.2029482051082638e-12,2.1714998501171463e-13,7.116868906247432e-13,1.3075633514295695e-10,1.525651257359471e-06,2
1018,01:27:30,4.59523819589562e-11,5.085861233262366e-12,5.985439045257383e-12,5.296794374407161e-12,4.426484680100431e-12,8.526852441695898e-10,2.1025626261106e-06,2
1019,01:28:00,3.608169543930697e-11,2.5676045651395914e-12,9.037258285130418e-13,2.1824865217591047e-13,5.332897019131281e-13,1.0459799241469548e-10,1.3192560578467616e-06,2
1020,01:28:30,3.1516966070893907e-11,3.6968559748388655e-12,1.5615195125428594e-12,5.922600663538511e-13,1.3957237776036568e-12,4.2235035136271296e-10,2.6835471279687907e-06,2
1021,01:29:00,4.907069521144424e-11,3.0309764463026946e-12,6.758742256044607e-13,2.1059306097680712e-13,4.901334267512268e-13,1.8662434206872706e-10,1.3396200188248532e-06,2
1022,01:29:30,5.794189673334043e-11,3.283548006907445e-12,1.132810122761461e-12,2.5983403395125535e-13,9.161970783339385e-13,2.6300533442067326e-10,1.4272930038494375e-06,2
1023,01:30:00,3.7341179687019206e-11,2.4902700872919694e-12,9.30688499674346e-13,2.777974080664798e-13,1.0918959972909531e-12,1.4527723862560397e-10,1.2677275313284762e-06,2
1024,01:30:30,7.408068378053279e-11,2.918448292410136e-12,1.5719890727447978e-12,6.356154791400426e-13,1.4844796467680878e-12,5.068137674681779e-10,2.3498529285680623e-06,2
1025,01:31:00,4.8012873501545314e-11,2.862465902037819e-12,1.1147997651315218e-12,3.15639293733073e-13,7.748462357902655e-13,3.2376767394384245e-10,3.0391630206354083e-06,2
1026,01:31:30,2.711805731141884e-11,2.4387515183328943e-12,1.242974588920611e-12,2.0772288069439801e-13,6.073368684733927e-13,1.719335870644495e-10,2.7903009234933893e-06,1
1027,01:32:00,4.0505219306409164e-11,2.726864621630964e-12,1.02986931235874e-12,2.690596009148588e-13,5.572512535636269e-13,4.3766572155302277e-10,2.4050445742014795e-06,2
1028,01:32:30,3.9004032158167365e-11,2.159839694622137e-12,8.695393652334807e-13,2.0891561510643707e-13,6.19784551068649e-13,1.6062105281983602e-10,1.956447788020482e-06,2
1029,01:33:00,3.8166201485858705e-11,2.690615202398137e-12,1.0644794234246333e-12,2.521404678762839e-13,1.1848877219942017e-12,2.5739779838045913e-10,1.8125104759638913e-06,2
1030,01:33:30,6.983603723098744e-11,3.79829514713489e-12,1.1032353522110806e-12,1.9891495677508204e-13,5.948879739818981e-13,3.64701580885696e-10,1.948200242822903e-06,2
1031,01:34:00,5.884708067580207e-11,4.281554930149761e-12,1.0038797596680739e-12,1.700540283360344e-13,6.313055481266505e-13,2.569991018854679e-10,2.3437377812743326e-06,2
1032,01:34:30,4.9490943134031955e-11,4.15482399078023e-12,3.25185867361375e-12,1.315084377587195e-12,1.1134409557015075e-12,7.759936113808927e-10,2.822138659844096e-06,2
1033,01:35:00,6.890290288211868e-11,3.942702654426254e-12,1.173649592283708e-12,3.2866395161629945e-13,1.3438970350753893e-12,2.5926481422052836e-10,1.95446994590396e-06,2
1034,01:35:30,5.842843542239575e-11,3.695267991329395e-12,1.3368813862035019e-12,2.696453581570786e-13,8.854555763487847e-13,5.103635302660171e-10,2.5281342388386133e-06,2
1035,01:36:00,5.617262723664487e-11,3.280058299604326e-12,8.870459034741711e-13,1.6801191445687017e-13,5.105243692368957e-13,2.0396500285804238e-10,1.511611976775844e-06,2
1036,01:36:30,9.098249546236041e-11,4.115961500824023e-12,1.3817987990781481e-12,1.8654100403702113e-13,7.655821203858879e-13,3.8683542610204076e-10,1.3684127334962595e-06,3
1037,01:37:00,7.496871947057291e-11,3.923400036229243e-12,1.1418970318454607e-12,1.98563761291998e-13,7.858672518145121e-13,2.9605104828601963e-10,1.4717673587614094e-06,2
1038,01:37:30,5.997971259349466e-11,2.8423443474281875e-12,1.2097569106196546e-12,2.595439692514992e-13,1.3539886586085555e-12,5.412013260070598e-10,1.4747494486830004e-06,3
1039,01:38:00,8.011842035718862e-11,2.313099991613451e-12,1.116248049066136e-12,1.7354914852343368e-13,6.551079847549618e-13,4.2654692029252014e-10,1.4886895884571375e-06,3
1040,01:38:30,7.833394183756519e-11,3.167041862289566e-12,1.0821606600046405e-12,1.672158386673361e-13,7.171148217340494e-13,6.064209449935461e-10,1.4919142345440434e-06,2
1041,01:39:00,6.721798662510714e-11,3.838155540173144e-12,1.248592384424211e-12,1.9737983605780368e-13,4.4381337761226014e-13,4.87187482629436e-10,2.381348982015284e-06,3
1042,01:39:30,5.602828827187512e-11,2.820215779936464e-12,1.053571325810108e-12,6.15542760633374e-13,7.681452731374462e-13,5.938055120892383e-10,2.631896343085538e-06,2
1043,01:40:00,7.843434317455647e-11,5.905204841139325e-12,2.5121564099304224e-12,1.2476990853137448e-12,1.414317789778236e-12,1.1324782507084242e-09,2.810004189416792e-06,2
1044,01:40:30,9.048357788082296e-11,3.049137574291652e-12,1.3615483605528979e-12,2.8279993473279654e-13,6.467083708549029e-13,4.0270701485948506e-10,3.0978287185768836e-06,2
1045,01:41:00,6.167390603879009e-11,3.547534247911338e-12,9.75659800427854e-13,1.823788880641179e-13,5.991609390405697e-13,4.5512841484235073e-10,2.2577292601309283e-06,2
1046,01:41:30,8.127253496936639e-11,4.252703504760338e-12,1.1242782129540595e-12,1.8101422619715905e-13,6.666371611906017e-13,3.941563288585753e-10,2.047088168731801e-06,3
1047,01:42:00,1.0035739251515738e-10,3.704719654528837e-12,2.2840019209773357e-12,8.690542594664466e-13,1.4218203900081557e-12,8.94387803920748e-10,3.763625619909098e-06,2
1048,01:42:30,8.680892620832056e-11,3.5848882425322977e-12,7.467323532456454e-13,2.0527016255680325e-13,6.426879594588769e-13,4.706608020878373e-10,2.3246266125391053e-06,3
1049,01:43:00,8.989096893460969e-11,3.615411507066983e-12,1.5703591655561528e-12,3.5226101020677906e-13,1.6418338732529579e-12,5.344809195928559e-10,2.2391421172737776e-06,3
1050,01:43:30,5.1611778073775685e-11,3.4210026533347887e-12,8.916125993932551e-13,1.8795824235681495e-13,7.340858216623086e-13,4.77620245354372e-10,2.213301368298558e-06,2
1051,01:44:00,1.3545386266355408e-10,4.433896427067385e-12,1.4242587203890813e-12,2.0233144205815004e-13,7.966274291022721e-13,8.057293879325662e-10,2.3546814236715368e-06,3
1052,01:44:30,1.0987615907507622e-10,2.520472332141261e-12,1.1995663614458246e-12,1.8552435146871826e-13,7.359389565684012e-13,6.751036494659093e-10,2.373716262742897e-06,3
1053,01:45:00,8.986455810140553e-11,3.0413525132506127e-12,1.6621235337593693e-12,1.5302135489289746e-13,5.204990468025751e-13,8.331309193869333e-10,2.3606431900044487e-06,3
1054,01:45:30,1.315338238484169e-10,3.7593868779603195e-12,1.4353644203860843e-12,1.7722619596793304e-13,6.823065369968484e-13,6.414758639113923e-10,2.4468680791131697e-06,3
1055,01:46:00,1.2118508535769603e-10,3.9853124444536295e-12,1.2924719767323573e-12,1.6793226984969802e-13,5.816847317946462e-13,7.633026824718732e-10,2.523333551030466e-06,3
1056,01:46:30,1.0546222305341687e-10,4.459132213464016e-12,1.3022045945625958e-12,1.5831539222434997e-13,5.807517944417857e-13,5.446575498881777e-10,2.2962905404764687e-06,3
1057,01:47:00,7.838688623281548e-11,4.7397607118275215e-12,1.6440337845867642e-12,1.8512224297322177e-13,7.945562722555044e-13,8.128155143838773e-10,2.444959401185151e-06,3
1058,01:47:30,1.0433636546712254e-10,3.2006240044211366e-12,1.4430482485487554e-12,1.5963618227179543e-13,6.100589969871916e-13,6.744137709371648e-10,2.379066478084075e-06,3
1059,01:48:00,1.1271950869339826e-10,4.0001314620421865e-12,1.4481358368729373e-12,1.5699831982358635e-13,6.015227413047703e-13,7.934576995297937e-10,2.3687152644085233e-06,3
1060,01:48:30,1.335483777852408e-10,4.968196570982573e-12,2.1628208359591434e-12,2.3038261737509907e-13,9.274347001166596e-13,8.717397680286836e-10,2.311953717579452e-06,3
1061,01:49:00,1.3221587740137675e-10,4.3109658571738315e-12,1.5187303265106732e-12,2.519563787075655e-13,8.560960493903222e-13,1.0639230338660927e-09,2.968743239907519e-06,3
1062,01:49:30,1.1411312187924374e-10,5.864505870659722e-12,1.7589845359658613e-12,3.1542687916829605e-13,8.038725521372577e-13,9.02332248390007e-10,3.155332335538708e-06,3
1063,01:50:00,9.158000995428455e-11,4.776488646227611e-12,1.197526199315259e-12,2.6649833355432003e-13,7.511746860245665e-13,5.096055191884904e-10,4.311792899218337e-06,3
1064,01:50:30,6.704094677096752e-11,2.9685732397376294e-12,9.223155801032984e-13,2.0053363008665956e-13,5.678655917872139e-13,3.441158300385616e-10,3.6660659238232687e-06,2
1065,01:51:00,4.7152672384847083e-11,3.3880066885183756e-12,1.1436047079856374e-12,2.109559246627026e-13,8.967433749916868e-13,6.98665420435855e-10,3.460960768648175e-06,2
1066,01:51:30,7.348457110975045e-11,4.859772267531438e-12,1.3043161464997952e-12,1.6311886328558113e-13,5.980917314290417e-13,6.411224573704109e-10,3.433000591571776e-06,3
1067,01:52:00,9.976426351732938e-11,2.7408417699779135e-12,1.0103803855009834e-12,1.6677135756841311e-13,6.679752141835442e-13,5.719909373785125e-10,3.4305014618440172e-06,3
1068,01:52:30,1.0172607760571246e-10,3.339188572517182e-12,1.0673668455548371e-12,2.039810332861669e-13,8.844582342868631e-13,7.826918725101605e-10,3.5834951633190616e-06,3
1069,01:53:00,1.125603787786871e-10,3.267740517374892e-12,1.0652652039081511e-12,2.379206272588832e-13,7.449722373843732e-13,8.085116587980383e-10,3.857792273017125e-06,3
1070,01:53:30,8.049542582576882e-11,3.844306000858345e-12,1.1426158950860646e-12,2.1774372804322258e-13,6.224337215850674e-13,5.136288179992087e-10,2.9255960927643738e-06,3
1071,01:54:00,4.629234673507212e-11,4.392222644874501e-12,1.3580101438830093e-12,2.5872096192515373e-13,7.961604083544018e-13,3.7516261105695285e-10,3.2423350520551206e-06,2
1072,01:54:30,8.994835525327948e-11,3.7887647864795585e-12,1.3615201824363205e-12,3.680377660002409e-13,1.0009448360450888e-12,4.734459960169683e-10,3.67791430660915e-06,3
1073,01:55:00,8.125194050603119e-11,4.956791287837455e-12,1.5701485507161992e-12,5.959736575595914e-13,1.0780507488530315e-12,1.3510601923670362e-09,4.474639165287741e-06,1
1074,01:55:30,5.116512371802421e-11,4.216814361522696e-12,1.460922423231887e-12,1.064108460799483e-12,1.3688564484812395e-12,2.2832549947342773e-09,4.808394810494349e-06,0
1075,01:56:00,3.2173950495724445e-11,7.394396359190154e-12,5.676910678163789e-12,7.856664711092469e-12,7.430236046900054e-12,1.0615038805406753e-09,4.832012611399177e-06,0
1076,01:56:30,1.2937891303234993e-10,5.827164706502067e-12,1.8831717777436855e-12,1.048741586257132e-12,1.0214718254818415e-12,3.3095206037935096e-09,4.785393109335802e-06,0
1077,01:57:00,4.3767489255248284e-11,8.440195527825246e-12,2.805522057248983e-12,1.4720799048833923e-12,1.1426472393099845e-12,8.109714737713897e-09,4.8272260965054575e-06,0
1078,01:57:30,1.0172886568364225e-10,5.389958077667833e-12,1.7388293090538329e-12,7.318140290737086e-13,7.91900927028619e-13,4.3557011244285445e-09,4.765516959859573e-06,0
1079,01:58:00,1.6052272008635777e-11,3.3361842802852964e-12,1.2199450172747256e-12,5.125335748219372e-13,7.681014144003631e-13,2.7482490145753467e-09,4.810235903119823e-06,0
1080,01:58:30,1.1230135686156428e-11,4.261666558332507e-12,1.360869209043953e-12,4.3640669971970247e-13,6.250400935088436e-13,6.646163064039345e-10,4.81313743090452e-06,0
1081,01:59:00,5.998296100231673e-12,3.8005672066331074e-12,2.002575721003892e-12,6.633850381900047e-13,1.3579152816318986e-12,2.2619053064356906e-10,4.832621159974454e-06,0
1082,01:59:30,5.115782433127138e-12,2.739323905748735e-12,1.6806373729842775e-12,6.106599526636801e-13,1.5188477028825364e-12,2.871418512681957e-10,4.868446341300834e-06,0
1083,02:00:00,8.234600387149799e-12,3.2499743281895073e-12,1.6797402024412202e-12,7.282847557618578e-13,1.4852001724623826e-12,1.9571063789245203e-10,4.81077190455817e-06,0
1084,02:00:30,1.951457131159414e-11,3.2384241484715167e-12,1.7858588867921745e-12,4.919907546239245e-13,1.4475255439470082e-12,2.0065280366557927e-10,4.818787041057538e-06,0
1085,02:01:00,7.610312175360688e-12,2.6571260280902055e-12,1.4701713898711168e-12,6.673705077392322e-13,2.1384708906426817e-12,1.3068573873943027e-10,4.864016672079805e-06,0
1086,02:01:30,3.1649627130486145e-11,3.714784964002926e-12,2.3557697145508897e-12,7.033174942690358e-13,2.0476863099142904e-12,2.214655947770473e-10,4.868831170145498e-06,0
1087,02:02:00,1.9441676673321023e-11,3.0134849030401975e-12,1.6589531907519636e-12,4.912207350963662e-13,9.920971544928947e-13,3.4035120936706986e-10,4.782263023889599e-06,1
1088,02:02:30,2.5310232549109008e-11,3.161992242559474e-12,1.451637824784491e-12,4.829838854870252e-13,9.39542681038165e-13,1.9620048531784993e-10,4.729479732536516e-06,1
1089,02:03:00,7.820359421848363e-11,3.2364268532056605e-12,2.212096400323748e-12,6.313004027263179e-13,1.0707218959045387e-12,1.6583231247800503e-10,4.7337323620384235e-06,2
1090,02:03:30,5.298606970647574e-11,2.1892821635911665e-12,1.1024008795587765e-12,2.976162210913057e-13,6.199511464531615e-13,3.002060741826537e-10,4.76744763785641e-06,2
1091,02:04:00,5.2331065967252155e-11,3.5853640580941952e-12,1.7477006019418932e-12,8.828636561191342e-13,1.876373596277788e-12,4.706980168420878e-10,4.772584000367245e-06,2
1092,02:04:30,5.200935914369908e-11,2.844142056451476e-12,1.762403438678764e-12,4.940208724177057e-13,1.1622179526785929e-12,3.1230905608733027e-10,4.79683325089205e-06,2
1093,02:05:00,4.340288273584313e-11,3.786697361193585e-12,1.4400328230863103e-12,4.334005543064874e-13,8.162715054950583e-13,2.8980034419996235e-10,4.814576465353632e-06,2
1094,02:05:30,1.0143497253511708e-10,4.063606240842692e-12,1.632261176967899e-12,3.837828751719888e-13,9.116406981696617e-13,1.9719638964358248e-10,4.777412040292336e-06,2
1095,02:06:00,4.1950876266641525e-11,3.3066017845192634e-12,1.3826815651610104e-12,2.3327181398143263e-13,5.771462375060743e-13,1.6229078377380671e-10,4.781625587116913e-06,2
1096,02:06:30,7.46181847767879e-11,3.709145197734823e-12,1.6518433932514043e-12,4.542884506320846e-13,1.2800385319768309e-12,3.907665143033047e-10,4.7689522594305826e-06,2
1097,02:07:00,8.709279916512363e-11,4.379837550209235e-12,9.864757256846705e-13,2.8332307698905535e-13,6.596281260638225e-13,3.4555397657910334e-10,4.831945252054839e-06,2
1098,02:07:30,5.7545539778442285e-11,2.997021621023083e-12,8.309666089437179e-13,2.769629222077162e-13,7.805891461897576e-13,2.417973674492125e-10,4.832149597924835e-06,2
1099,02:08:00,8.77840394282145e-11,3.884035668060723e-12,1.3986572946854826e-12,3.565216467871314e-13,1.0023125528316144e-12,1.890599084843532e-10,4.736031247771246e-06,2
1100,02:08:30,3.194866671203964e-11,4.1248049173112035e-12,8.620750635666545e-13,1.7747584301491842e-13,5.039237439469339e-13,1.1377008277772087e-10,4.708909147651037e-06,2
1101,02:09:00,5.922878628215004e-11,4.684140949199822e-12,1.5360226486458085e-12,2.95578963401478e-13,6.357686153318121e-13,2.5226921951727723e-10,4.662460239146616e-06,3
1102,02:09:30,4.4391181583497144e-11,3.722916565211408e-12,1.0610304457035211e-12,2.058759106632925e-13,5.655347611383799e-13,1.9845435895921047e-10,4.705267055612249e-06,2
1103,02:10:00,7.204732843373661e-11,3.993262751802589e-12,1.137388642776155e-12,1.9726205633603793e-13,7.155434229492821e-13,2.1315093042315124e-10,4.709283654784474e-06,3
1104,02:10:30,6.35486364360992e-11,3.906828321506505e-12,7.085084197591507e-13,1.980057944062856e-13,3.2566589077621387e-13,2.4110573285120096e-10,4.676952126896416e-06,2
1105,02:11:00,8.222015973793658e-11,3.3764420609645368e-12,1.2294299985840125e-12,2.845866102258809e-13,8.945994626565243e-13,3.407679088706753e-10,4.681728341371236e-06,2
1106,02:11:30,8.326455977206519e-11,3.211911687253464e-12,8.185491711949994e-13,2.1785134226190225e-13,6.718057613149356e-13,1.9582846414276318e-10,4.1670604430369375e-06,2
1107,02:12:00,6.576116323572242e-11,2.7663256726694064e-12,9.897440391532762e-13,3.5326478228258195e-13,6.756071215124972e-13,2.9941519656150543e-10,4.135265033855801e-06,2
1108,02:12:30,6.464457027116654e-11,4.5784934090624565e-12,1.2457374882127805e-12,1.5490218210779505e-13,4.321568638272534e-13,2.0891230209504003e-10,3.93053751345875e-06,2
1109,02:13:00,8.744628353047651e-11,3.112195875180859e-12,2.14947974177781e-12,1.3537726672505886e-12,1.764236419904327e-12,7.419069807403292e-10,4.52510500098638e-06,3
1110,02:13:30,6.923315400709902e-11,2.7099799247371336e-12,7.295433059127866e-13,2.4218896743116443e-13,5.000684422997322e-13,2.5375305976382025e-10,3.996295813377454e-06,2
1111,02:14:00,3.159218929582692e-11,3.4004244858959497e-12,9.743322295213602e-13,2.850649223566151e-13,8.114250627138255e-13,1.7643800615209433e-10,4.029430651736216e-06,2
1112,02:14:30,9.299892235881995e-11,4.377631981977641e-12,8.096990762897361e-13,2.77370866094851e-13,9.803656319767467e-13,1.8773547426600438e-10,4.018176236334725e-06,3
1113,02:15:00,5.981557033949396e-11,3.5029854615683067e-12,1.0524848282248409e-12,1.8601700635088843e-13,5.972456417413455e-13,1.7467694966037434e-10,3.611202823836688e-06,2
1114,02:15:30,7.311488180957941e-11,3.71544705330374e-12,9.755494058265906e-13,3.3368525060223873e-13,1.3153437630954849e-12,1.4828910773098845e-10,3.861048121754189e-06,2
1115,02:16:00,5.821768724312185e-11,2.242391081460692e-12,1.020839215146856e-12,1.5448314252036374e-13,3.754909688345648e-13,1.754385253945814e-10,3.272992838800799e-06,2
1116,02:16:30,6.932745311022647e-11,3.3361268824328782e-12,1.429374476862818e-12,2.1523164821894388e-13,7.225147582678411e-13,2.543782405744856e-10,3.338172467024346e-06,2
1117,02:17:00,4.929726427854586e-11,3.763797332464e-12,1.1569370688221245e-12,1.921145892444996e-13,6.290737555322879e-13,2.7980044184486573e-10,3.2541238458735242e-06,2
1118,02:17:30,8.982238127785236e-11,4.110774805571315e-12,1.2440006950622802e-12,1.8545932530561503e-13,6.78751613740173e-13,3.7561209633778797e-10,3.2200022697456018e-06,3
1119,02:18:00,5.4268796960916886e-11,3.572274598358161e-12,1.3226725334126743e-12,2.310564465408905e-13,7.124435431537455e-13,2.609627202503272e-10,3.0177859740974968e-06,2
1120,02:18:30,7.797607361826655e-11,2.8305689351607396e-12,1.0919654912297496e-12,2.2376703186910066e-13,6.457662969381658e-13,2.34207321168292e-10,2.893394509938455e-06,2
1121,02:19:00,5.408942962585034e-11,3.536051692307815e-12,1.443988430218129e-12,1.854532130462094e-13,7.514626220260032e-13,2.480994511352649e-10,3.2078840971968687e-06,3
1122,02:19:30,6.633933459873529e-11,2.7012423269232636e-12,8.141989375310955e-13,2.0823668013313493e-13,6.702766288552241e-13,2.890302886343705e-10,3.0307841700635756e-06,2
1123,02:20:00,5.7853749578696906e-11,4.143454919140504e-12,1.1615321796612787e-12,1.8957803868633993e-13,7.178596897427314e-13,4.526890497674172e-10,2.854776231421213e-06,2
1124,02:20:30,7.978307732336017e-11,3.345473153466472e-12,1.2504563650209929e-12,1.5173527832401592e-13,5.135516010710894e-13,3.8501632658310127e-10,2.7385983710991008e-06,3
1125,02:21:00,7.822893832541294e-11,4.1293947091502945e-12,1.6067103379486695e-12,2.2362142832812308e-13,8.388819467662162e-13,2.9963551858142517e-10,2.8282147581750138e-06,2
1126,02:21:30,6.349354656938959e-11,3.899436273202084e-12,1.1892149790904826e-12,2.1533084143986174e-13,9.474949870516072e-13,4.229937719434716e-10,2.75843016451458e-06,2
1127,02:22:00,9.096142653873686e-11,3.5506762844451427e-12,1.1853559116588124e-12,1.8731601514887678e-13,6.067627319953185e-13,4.2580704290922663e-10,2.8060512651859744e-06,3
1128,02:22:30,8.852287534343675e-11,3.1235134059081204e-12,1.4703460154847292e-12,2.069854875217806e-13,3.8612635387920697e-13,9.498531040003087e-10,3.4510141421462757e-06,3
1129,02:23:00,1.0775077009355398e-10,3.609621640416732e-12,1.070634048058339e-12,1.8943514781112084e-13,6.425300190967498e-13,2.9466447296573625e-10,2.525655638085844e-06,3
1130,02:23:30,7.518861594397236e-11,3.1347045019742302e-12,1.2862847504299307e-12,1.5643854878316795e-13,3.614862281344643e-13,4.518649920131379e-10,2.6806996438998383e-06,3
1131,02:24:00,7.689236080066258e-11,3.900039999544922e-12,9.524341992715251e-13,1.6710778074508837e-13,4.858381590030713e-13,3.2593691638181697e-10,2.6396243236499275e-06,3
1132,02:24:30,1.1418603938723556e-10,6.142379922977764e-12,2.253138256811518e-12,2.0823842936729238e-13,9.105964299785074e-13,4.0498301455378437e-10,2.5629937325947764e-06,3
1133,02:25:00,7.759587270724672e-11,3.358811534724303e-12,1.4045856636960322e-12,1.6841035126843733e-13,6.767779248152723e-13,3.029310918722344e-10,2.647373220488536e-06,3
1134,02:25:30,6.612403852201024e-11,5.3033962155903484e-12,2.299949823278009e-12,1.380406431953852e-13,4.880048988032191e-13,5.001263530254026e-10,2.596196831931109e-06,3
1135,02:26:00,8.148527811987871e-11,3.1845805107739855e-12,1.1625805827888962e-12,1.3673499469823398e-13,4.671426301960471e-13,4.862187773456774e-10,2.572083077097366e-06,3
1136,02:26:30,1.4591537661920876e-10,3.670183825781925e-12,1.1528240402001692e-12,2.0601095266717274e-13,1.1402568507292383e-12,6.117722577130378e-10,2.5144266849393157e-06,3
1137,02:27:00,1.0829591084400986e-10,4.649645770075115e-12,9.53986638666049e-13,1.4453135327273513e-13,4.1034750165289734e-13,6.786256799836648e-10,2.4292504148696827e-06,3
1138,02:27:30,1.4499532152416985e-10,3.3111963065134857e-12,8.781831870465983e-13,1.6935792989628744e-13,6.611315821088315e-13,5.895963627943544e-10,2.480115149762412e-06,3
1139,02:28:00,1.0913880149625325e-10,4.988996169036182e-12,1.3905521944928335e-12,2.0572641095082523e-13,8.725861029563106e-13,1.3151857232992126e-09,2.5496765895941873e-06,3
1140,02:28:30,1.3037297337148817e-10,4.204451908541098e-12,1.2775966791167479e-12,1.5432184327093138e-13,4.954854832964111e-13,5.348440395519037e-10,2.5557021027790566e-06,3
1141,02:29:00,1.1215868438032638e-10,4.9754043415663105e-12,1.4096401399756043e-12,1.7306151618793047e-13,7.582032373593802e-13,9.53698526728565e-10,2.523051954564686e-06,3
1142,02:29:30,1.0672046160579435e-10,4.728696698520097e-12,1.5042895837118248e-12,1.5367924263462697e-13,5.374406665209153e-13,5.754932154756166e-10,2.4613982647852304e-06,3
1143,02:30:00,8.888382184643369e-11,4.481572410144381e-12,2.1583218655849066e-12,1.4409559232716677e-13,5.998701369853983e-13,7.768433393933013e-10,2.5231394844007276e-06,3
1144,02:30:30,1.0210413128683098e-10,3.5950467598245944e-12,1.1948818166949937e-12,2.300293214878529e-13,1.0420962661792942e-12,4.968266163470562e-10,2.428560743041318e-06,3
1145,02:31:00,1.4578065822879476e-10,4.582330938632119e-12,1.3535384924199534e-12,1.7948338989808313e-13,6.712467589868438e-13,6.394146656142462e-10,2.396641122022003e-06,3
1146,02:31:30,1.2086826801245566e-10,3.5601170158585175e-12,1.4126141550164067e-12,1.4752359766775482e-13,4.370137178868403e-13,6.228160078237163e-10,2.1297111761219656e-06,3
1147,02:32:00,1.5136452064433415e-10,4.868752738206129e-12,2.1293329798359413e-12,1.7935009000477624e-13,8.428153730369134e-13,6.36919151004176e-10,1.9865044947598753e-06,3
1148,02:32:30,9.546573559983198e-11,3.264501060098332e-12,1.4368361788618663e-12,1.350929819949834e-13,4.914461038685285e-13,7.71281402678362e-10,1.982497056243096e-06,3
1149,02:33:00,9.738583600262848e-11,4.423634526492752e-12,1.5054516699291243e-12,1.9159330319717606e-13,8.10753423733395e-13,6.088164684917731e-10,1.9940090692996507e-06,3
1150,02:33:30,1.587354965921583e-10,6.5539894121282894e-12,1.8533882999698167e-12,1.9300590635103015e-13,8.95573235162269e-13,8.198896674175496e-10,1.958595674110861e-06,3
1151,02:34:00,1.0915127748210358e-10,6.365250375387849e-12,2.3886684738335567e-12,1.6356960673615208e-13,5.675935190972768e-13,6.9805715648577e-10,2.059342222069517e-06,3
1152,02:34:30,1.0302117232392934e-10,4.331367156758184e-12,1.824723666187644e-12,1.8874242173739562e-13,7.806980430308006e-13,5.591124658094733e-10,1.9616466376216066e-06,3
1153,02:35:00,8.628887275455996e-11,5.106575338410161e-12,1.6817953199375887e-12,1.4733416119321114e-13,4.820463729994844e-13,7.806097184331032e-10,2.0812496462872953e-06,3
1154,02:35:30,1.0898618039749437e-10,3.810145416864421e-12,1.869848918152696e-12,1.8220652210606094e-13,5.926418196408429e-13,8.217944891858706e-10,1.8899073779764645e-06,3
1155,02:36:00,9.435073668877749e-11,3.912624960901655e-12,1.4566103817402637e-12,1.6854747640754829e-13,6.211655800658869e-13,8.111463821207803e-10,2.007074604789373e-06,3
1156,02:36:30,8.219588569966681e-11,3.558504462109603e-12,1.6118644061328803e-12,1.5275183899158038e-13,5.44864600539695e-13,9.15067549095099e-10,1.9915634241452793e-06,3
1157,02:37:00,1.0140816972476956e-10,6.447144850276544e-12,1.645413615277535e-12,1.4960623339858698e-13,4.2593280820372204e-13,7.343464843031705e-10,2.0343892822389953e-06,3
1158,02:37:30,1.7722422194182827e-10,3.3945557936064424e-12,1.399787741917214e-12,1.549016772467355e-13,5.646016495978422e-13,5.791012554432442e-10,1.8829374711231396e-06,3
1159,02:38:00,1.3465981096678813e-10,4.497117478867386e-12,1.8260618973999862e-12,1.529417820174715e-13,5.955787947224701e-13,7.917824826186316e-10,1.952847326426281e-06,3
1160,02:38:30,1.4169971041999102e-10,3.11326652363496e-12,1.4389514758981456e-12,1.2542759704554953e-13,4.226989247790317e-13,5.516931097611801e-10,2.0430669845982234e-06,3
1161,02:39:00,1.3904755489748566e-10,6.684075124148732e-12,2.3641713230820848e-12,1.6888694223867388e-13,5.162358015648557e-13,7.806553755943113e-10,1.800023204691133e-06,3
1162,02:39:30,1.166887959199441e-10,3.568751440932783e-12,1.3698500545835355e-12,1.6469380067643904e-13,6.340695395515451e-13,8.238513381728454e-10,1.8698414408957188e-06,3
1163,02:40:00,1.2589384793920196e-10,3.0657845109151236e-12,1.5684203669630796e-12,1.5244380817419202e-13,6.179021515555158e-13,8.530682013739916e-10,1.7709015233101117e-06,3
1164,02:40:30,1.5081019102752416e-10,4.070402976335552e-12,1.2991847357720807e-12,2.1053883736377181e-13,9.075291053171659e-13,5.060259883776736e-10,1.8290519500264666e-06,3
1165,02:41:00,1.0811812899405979e-10,3.5429356955716193e-12,2.018385691003273e-12,1.2415423093122716e-12,9.340419020093302e-13,3.01082225857686e-09,4.581708788671218e-06,3
1166,02:41:30,1.4949929997606619e-10,4.62607473682787e-12,1.596109145979628e-12,3.2119324982985593e-13,6.624287840235048e-13,5.672704946023325e-10,4.665418508302319e-06,3
1167,02:42:00,5.981252678221455e-11,4.47169064648371e-12,1.3784019772683076e-12,3.934711859391833e-13,6.116997818536304e-13,5.85074719054207e-10,4.687247118311291e-06,2
1168,02:42:30,5.2282554609891284e-11,3.4269043237772634e-12,1.5791129395906814e-12,2.3656800056821626e-13,4.2445163784285077e-13,3.5800998052475894e-10,4.6740122077380355e-06,2
1169,02:43:00,8.71337385980171e-11,7.546604257956229e-12,2.0360199944034463e-12,3.012816574910117e-13,8.681173849135416e-13,2.4214820321993907e-10,4.664615664968986e-06,2
1170,02:43:30,1.2068492557410735e-10,5.5817691760565345e-12,1.691835013852098e-12,2.3595322573216244e-13,6.544646771954112e-13,2.5678481235531727e-10,4.6209511626470815e-06,3
1171,02:44:00,8.766267163163674e-11,3.5099273747529584e-12,1.3729336565723106e-12,2.893607188922641e-13,1.0816434315429417e-12,2.2714902299711735e-10,4.583581182279756e-06,2
1172,02:44:30,6.790975522977585e-11,4.2210588499777024e-12,1.3108435032637099e-12,1.8270602785955044e-13,5.95613399673456e-13,3.2394878032211834e-10,4.623543060441706e-06,2
1173,02:45:00,8.986396095431601e-11,6.146829305126201e-12,1.2245600310254504e-12,2.0219384059057705e-13,5.727971783197952e-13,3.2574196150615786e-10,4.535317657648128e-06,2
1174,02:45:30,8.083921879532632e-11,7.407081176132836e-12,1.828064695763498e-12,2.1721210650697485e-13,6.85632838671772e-13,3.5511656852717414e-10,4.522979810473907e-06,3
1175,02:46:00,8.00546664852836e-11,3.639362143276424e-12,1.4633633869281862e-12,2.6414151467348253e-13,8.673419641045706e-13,2.2587419643610186e-10,4.503709433426879e-06,2
1176,02:46:30,6.473902667733316e-11,3.973019241893512e-12,9.604806013306233e-13,1.4861283665624145e-13,4.803602448679525e-13,3.3835955573110006e-10,4.479250366904632e-06,2
1177,02:47:00,6.592396182482786e-11,3.630561343874133e-12,9.639443370388477e-13,2.0745404861277455e-13,8.924889389800842e-13,4.344523563938847e-10,3.987963735501439e-06,2
1178,02:47:30,6.792907403393291e-11,4.600582844795977e-12,9.161157038461579e-13,2.2564357623949436e-13,1.0397018230311124e-12,3.4183613402237026e-10,3.756668424432625e-06,2
1179,02:48:00,8.691429205503152e-11,5.2952145088781834e-12,1.6820496152483915e-12,1.6024511760125079e-13,5.937377145861397e-13,6.573343161152002e-10,3.6939339798401843e-06,3
1180,02:48:30,9.27216802318331e-11,4.130124670732213e-12,1.1545730208180468e-12,1.453839052610559e-13,5.053118952226948e-13,4.776836394549107e-10,3.221779023474912e-06,3
1181,02:49:00,1.0273427722052622e-10,4.2665358774392584e-12,1.8633203166603578e-12,1.4322706166740173e-13,5.468740661244498e-13,1.0632830050939395e-09,3.3255357317133287e-06,3
1182,02:49:30,7.77109412378242e-11,5.2389724134953055e-12,1.5059231366544634e-12,4.863017217608593e-13,1.1396591715080384e-12,2.7468758891583086e-09,4.557140450567952e-06,3
1183,02:50:00,3.6888353356751606e-11,3.316814695105246e-12,1.1107013622546409e-12,2.4574011457817056e-13,3.8849214585902604e-13,5.873337978296147e-10,4.7799833520459885e-06,2
1184,02:50:30,8.677443851445108e-11,3.974688103615245e-12,1.765017783303809e-12,4.2371573948816207e-13,1.1535688798547942e-12,2.8219312218618307e-10,4.773530121693469e-06,2
1185,02:51:00,7.593437328169075e-11,5.025093921550821e-12,1.7498642076884974e-12,3.225872467588682e-13,7.354170069117789e-13,1.2547384195638073e-09,4.7906197954876354e-06,3
1186,02:51:30,1.0390734882499697e-10,4.343036841446351e-12,1.6840049854865884e-12,3.2522738549309053e-13,9.453048033606938e-13,3.5802380843071067e-10,4.740443750284691e-06,3
1187,02:52:00,4.2886672030397684e-11,4.15536338804068e-12,1.1015152843802104e-12,1.8455733215892276e-13,5.651415021018715e-13,3.110095744257596e-10,4.65506554799464e-06,2
1188,02:52:30,4.946483488541534e-11,5.317237574969538e-12,1.452547354233779e-12,1.7546928511892317e-13,6.255584781543141e-13,2.9676812335777803e-10,4.347702167042226e-06,2
1189,02:53:00,8.048785771151288e-11,6.429838378413133e-12,1.2064314753853113e-12,1.6564339410946226e-13,5.080520507174401e-13,2.494852501385882e-10,4.151267547111487e-06,3
1190,02:53:30,6.629372316336263e-11,3.23357139958331e-12,1.0616681271555596e-12,2.227257696619434e-13,9.930999685809775e-13,2.6350325340734474e-10,4.0290787965080265e-06,2
1191,02:54:00,7.048883698689203e-11,4.602809546084682e-12,1.4615005620578198e-12,1.6833181360166247e-13,5.410959037648324e-13,3.743961181088896e-10,4.054904485944763e-06,3
1192,02:54:30,6.053199149560337e-11,5.607490166753992e-12,9.158668202618941e-13,1.7587199466823773e-13,5.977938049845064e-13,3.433243052667047e-10,3.9898734707336654e-06,2
1193,02:55:00,1.2486975099122953e-10,3.76210587176297e-12,1.0285007532996406e-12,2.3366781303548535e-13,1.0654252055276897e-12,3.649225882204435e-10,3.5978747790489903e-06,3
1194,02:55:30,7.739275225457262e-11,4.956967929117167e-12,1.4984256714334204e-12,1.8804450527272985e-13,6.794831462447771e-13,4.60056135686281e-10,3.4746331391214863e-06,3
1195,02:56:00,7.208166327711276e-11,3.887609627857607e-12,1.5842731658191281e-12,1.883168431421886e-13,7.79243677420259e-13,3.8345599452621983e-10,3.4982621683864694e-06,3
1196,02:56:30,6.802179792729226e-11,3.73097069522674e-12,1.2299233022103388e-12,1.5998286580967492e-13,4.878800618955166e-13,7.84017474502577e-10,3.6822049963571527e-06,2
1197,02:57:00,1.0659466523673763e-10,2.936388835940026e-12,1.374996763193607e-12,1.9399583346754904e-13,8.485217480458105e-13,6.531493079547424e-10,3.6870827261848053e-06,3
1198,02:57:30,1.0418036459261821e-10,5.684420458998719e-12,1.5051427188369397e-12,1.3951851976756715e-13,4.727858974293048e-13,6.416823229599517e-10,3.700849749202685e-06,3
1199,02:58:00,1.1799421839309012e-10,3.802941276839303e-12,1.3380445727506795e-12,1.3331982865427643e-13,4.2818869799014854e-13,8.007033404641687e-10,3.5416999701276267e-06,3
1200,02:58:30,9.957427809067568e-11,2.8325109991666666e-12,1.0854696805789118e-12,1.7563437404747157e-13,7.350902176299526e-13,7.456479187866006e-10,3.484928810859274e-06,3
1201,02:59:00,1.0488902417854258e-10,5.8577644331613904e-12,9.788703643365428e-13,1.292595875983012e-13,4.977535707928441e-13,5.030819061049304e-10,3.560479945183728e-06,3
1202,02:59:30,1.1225021473433241e-10,5.999974530237818e-12,2.3998876632237152e-12,6.702661531699999e-13,1.1428313675757695e-12,8.611104688372879e-10,3.826809847972873e-06,3
1203,03:00:00,8.515525001852687e-11,4.936177073839996e-12,1.4712173322430282e-12,1.7922062311428652e-13,5.681069877021567e-13,3.3749906205848246e-10,2.3561935639705694e-06,3
1204,03:00:30,9.94463534327961e-11,4.169290326349067e-12,1.5273627811899632e-12,2.236863258404243e-13,1.045101452448829e-12,5.571033734300881e-10,2.1370681036469526e-06,3
1205,03:01:00,1.1015103644000701e-10,3.910311232119117e-12,1.2738710568821551e-12,1.9773534576769853e-13,8.892805748087673e-13,3.6157857532625205e-10,2.346007031715084e-06,3
1206,03:01:30,1.191327481318398e-10,8.62944579844447e-12,1.7146605822432155e-12,1.755651229940232e-13,5.670929460191808e-13,5.317846399648346e-10,2.2019839844816612e-06,3
1207,03:02:00,7.448024159496527e-11,5.315456498970946e-12,1.064598473898073e-12,2.405137988568562e-13,5.836903952505732e-13,7.571963782183664e-10,2.442438828648408e-06,2
1208,03:02:30,8.831608945942658e-11,4.026707568300255e-12,2.0430113595749546e-12,1.0252700326546057e-12,1.4868925719688356e-12,4.085362051132684e-09,4.596252014909905e-06,1
1209,03:03:00,7.632702678312473e-11,4.07493985156512e-12,1.9888058857582447e-12,5.137180623206924e-13,1.1724570062113339e-12,5.757670455298506e-10,4.715580898467717e-06,3
1210,03:03:30,1.0932641421562683e-10,4.750373717054987e-12,2.404212797436823e-12,6.228040308851986e-13,1.9073382853358605e-12,4.730324958220713e-10,4.648538267358161e-06,2
1211,03:04:00,9.740884840360816e-11,3.4860637027491266e-12,1.883161944962817e-12,5.04007536348679e-13,1.197098588059994e-12,2.150690758152652e-09,4.5925588877801634e-06,2
1212,03:04:30,4.733705522624088e-11,4.720821475516587e-12,1.990818013168388e-12,4.593302489827813e-13,1.2740295896115624e-12,3.8101695127736844e-10,4.580058945437911e-06,2
1213,03:05:00,4.935649126653742e-11,3.3580125498851576e-12,1.5698768813134887e-12,4.2272086085018906e-13,9.530509241832373e-13,4.0904430649485636e-10,4.521756467752586e-06,2
1214,03:05:30,2.3528126581183172e-11,2.2009357692460607e-12,8.565056454455555e-13,5.102420270609599e-13,6.045787866034878e-13,1.7952608463334356e-09,4.706110512575645e-06,0
1215,03:06:00,3.881243559735089e-11,3.420914034336312e-12,1.2495820935822873e-12,7.799051898202843e-13,9.809955473433308e-13,1.3714641091187113e-09,4.700269841987848e-06,0
1216,03:06:30,1.0136003133642169e-11,2.2802765108843956e-12,1.3723980452438954e-12,9.06914983779374e-13,7.893908305809293e-13,5.660714996263875e-10,4.7643859926148075e-06,0
1217,03:07:00,1.1195480804775291e-10,4.6829849824439215e-12,1.493752702990308e-12,9.602393746587615e-13,9.168968691601324e-13,5.864308078025187e-09,4.8271234895719e-06,0
1218,03:07:30,7.287119959877629e-11,3.599765227949925e-12,1.2733303989143947e-12,6.837657090289213e-13,9.359517939260476e-13,2.4377201873217695e-09,4.774641667387254e-06,0
1219,03:08:00,4.557956100373949e-11,3.3725175538775675e-12,1.0893002506813702e-12,7.013481225480046e-13,8.837330224822375e-13,8.829101082348745e-09,4.752231367696684e-06,0
1220,03:08:30,5.023157528866644e-11,4.800550232373641e-12,1.1093749063651717e-12,4.880115362543945e-13,5.571464277048431e-13,9.642718177180127e-09,4.698688712019028e-06,0
1221,03:09:00,7.862662734509771e-12,3.806488875800529e-12,1.6781024855296494e-12,6.812185081102352e-13,1.0529533161647334e-12,2.8563918981550585e-09,4.711576749215404e-06,0
1222,03:09:30,9.437739920523701e-12,3.393931577415282e-12,2.000332516423492e-12,7.16867215292388e-13,1.4503170378327562e-12,4.854909861930792e-10,4.671372299835348e-06,0
1223,03:10:00,2.8787537171797828e-11,4.204809019587305e-12,2.5189077629990187e-12,7.164812934194505e-13,1.9897616660277116e-12,1.9381702266088312e-10,4.705073607728554e-06,1
1224,03:10:30,4.0554825039314626e-11,4.31480187888667e-12,1.7668476914212755e-12,7.197113790388129e-13,1.750243382362499e-12,2.0375964854978004e-10,4.75116201023148e-06,1
1225,03:11:00,4.286637359291714e-11,3.0197119352965885e-12,2.39584161477802e-12,3.7221358866120314e-13,8.56159568827799e-13,3.172445866414952e-10,4.759884451579647e-06,2
1226,03:11:30,4.1500395672817945e-11,2.7029632962472455e-12,1.5273499787047191e-12,4.549387894954308e-13,9.582464312291293e-13,3.391726859525285e-10,4.762500657401384e-06,2
1227,03:12:00,4.5446929991707386e-11,3.283377957045808e-12,1.7776018052978606e-12,4.702137676659165e-13,1.0132415157864446e-12,2.3613651713405733e-10,4.796830646251816e-06,2
1228,03:12:30,3.329965044877357e-11,3.3283955869614147e-12,1.5014700385469924e-12,3.8969743094170117e-13,6.703155275659126e-13,2.0224024566151215e-10,4.758595090333228e-06,2
1229,03:13:00,7.748998906848347e-11,4.275957904443727e-12,2.3137421436111593e-12,4.266758169239924e-13,1.1363294789497486e-12,2.1210328690705575e-10,4.750217725685833e-06,3
1230,03:13:30,6.634568477080298e-11,4.240011118358095e-12,1.828336291410941e-12,4.073643829304088e-13,9.260496457720758e-13,2.4759892499347905e-10,4.705141997707688e-06,2
1231,03:14:00,3.3096597967920826e-11,3.151521339098792e-12,1.033533964136336e-12,1.9656744463882524e-13,3.985393426637418e-13,1.6323835597143443e-10,4.645422430304841e-06,2
1232,03:14:30,6.414780046935191e-11,3.855764669638387e-12,1.279290005468711e-12,3.0847421160866625e-13,7.688590252291011e-13,2.240339528955821e-10,4.696957753624438e-06,2
1233,03:15:00,9.097822467693444e-11,3.389674776400725e-12,1.7210459680771848e-12,4.336067133295786e-13,1.0165756427372246e-12,9.334151868426189e-10,4.6386549409742105e-06,2
1234,03:15:30,4.29203291451951e-11,2.6483915322462486e-12,1.1600870843625937e-12,2.4953316168562514e-13,5.054747572983303e-13,1.7096364733436702e-10,4.481957935483207e-06,2
1235,03:16:00,8.232716415561002e-11,4.0243749044879885e-12,1.2041540994407906e-12,4.321139673267337e-13,9.77981234993491e-13,1.681802266673488e-10,4.389142718544121e-06,2
1236,03:16:30,4.974833852855112e-11,3.5447069907757084e-12,9.48272253735292e-13,2.1358357615122625e-13,5.919679792114103e-13,1.9633176492996767e-10,4.365828246169733e-06,2
1237,03:17:00,5.7055374336607553e-11,4.691220445635454e-12,1.349898042957668e-12,4.762084385604553e-13,8.235687443078348e-13,1.1248176359323638e-09,4.428443248279061e-06,2
1238,03:17:30,5.714540295856742e-11,2.8179113209977953e-12,7.975815785395488e-13,2.5089149403041277e-13,5.332369828737307e-13,2.3285648951440594e-10,4.490663709930304e-06,2
1239,03:18:00,6.922107836131379e-11,3.3747086814467613e-12,1.3350730917237268e-12,3.312581065465898e-13,8.513847214569132e-13,1.7681366005553538e-10,4.4509204982705165e-06,2
1240,03:18:30,1.504288191293088e-10,4.498239023401558e-12,3.872576765859872e-12,2.760116405271846e-12,2.2878755060708582e-12,1.1934973212010738e-09,4.390647151023515e-06,2
1241,03:19:00,1.8716395772463592e-11,2.1506834471547562e-12,7.088933563129949e-13,1.7912837724165013e-13,2.9308654631317835e-13,1.6342755564194126e-10,3.889075538749314e-06,2
1242,03:19:30,3.3572822097907353e-11,2.877104410198766e-12,9.42693571799988e-13,2.843552032556275e-13,4.932226108613707e-13,2.6648869452990323e-10,3.0167897511046817e-06,2
1243,03:20:00,5.0980674847114757e-11,2.9825734604909967e-12,9.95710736870664e-13,2.048914724987516e-13,5.252646608919095e-13,2.013295364645059e-10,3.0375625534880205e-06,2
1244,03:20:30,1.122159995752468e-10,4.420206652363432e-12,1.3545567882632801e-12,2.45241277634946e-13,6.435266864098241e-13,2.0164093058763376e-10,2.96362111939082e-06,3
1245,03:21:00,5.390088544901865e-11,3.719034132110389e-12,7.665876428051424e-13,2.10560533354741e-13,5.323314170399592e-13,1.5195931283055132e-10,2.7146128783325597e-06,2
1246,03:21:30,9.55990345072891e-11,2.455810171390416e-12,1.0071389803950403e-12,2.2851014523323585e-13,6.294617275697071e-13,1.9221017577968305e-10,2.5008816327505228e-06,2
1247,03:22:00,6.346580627123414e-11,3.6830679716740716e-12,1.487134642103277e-12,3.789443375845583e-13,8.360714193062455e-13,1.7362429920975721e-09,2.971458044528736e-06,2
1248,03:22:30,4.769194187250395e-11,2.5836765856736266e-12,8.022902351368158e-13,2.0978749681459481e-13,7.235484100413431e-13,2.79009291057387e-10,1.2858897184059575e-06,2
1249,03:23:00,2.5074295814904478e-11,2.8550607971799682e-12,9.120078303162842e-13,2.2364596526168344e-13,5.995499870477668e-13,1.7092057259856375e-10,1.2118555409202059e-06,2
1250,03:23:30,7.087460296147477e-11,4.424931323853738e-12,1.3976023495897487e-12,4.0653178364098727e-13,1.1964366359936148e-12,1.9828950717709562e-10,3.1576648400745484e-06,3
1251,03:24:00,5.986190956163617e-11,3.616933294121543e-12,1.278902378529129e-12,2.4189274220717544e-13,5.805087497996032e-13,2.9557774011832973e-10,2.2747383415894075e-06,3
1252,03:24:30,8.292471600234902e-11,3.55646489143572e-12,1.212677054148362e-12,4.67050604754223e-13,9.32673893374731e-13,1.9208740836548185e-10,2.2871418326664284e-06,3
1253,03:25:00,2.1147725102865736e-11,2.070121452024974e-12,9.864674807475705e-13,2.9764425991596523e-13,5.669846248543905e-13,2.934350807306549e-09,3.94537753335941e-06,1
1254,03:25:30,5.4489940996311804e-11,2.755983771034523e-12,8.052847936058221e-13,1.8741542268545727e-13,4.5174253004890886e-13,2.8763460742321724e-10,1.7069363662408912e-06,2
1255,03:26:00,6.056560312973936e-11,2.8046536298938847e-12,2.12885283043205e-12,4.4876733138890353e-13,1.2067296914079052e-12,2.895429554841825e-10,2.3936948396319913e-06,2
1256,03:26:30,7.17854328438903e-11,3.225037454464978e-12,6.3785115656867e-13,1.6763821596907203e-13,3.8585997535671883e-13,2.65016681641777e-10,1.493857029074966e-06,2
1257,03:27:00,4.94523800880393e-11,3.862586097779586e-12,1.3530820398601277e-12,5.557213308653948e-13,1.2894704240028558e-12,1.443291974431295e-10,1.6361035558724407e-06,2
1258,03:27:30,6.11046787700727e-11,5.735197285215849e-12,1.7821036563940839e-12,3.0662712355952533e-13,7.22731917521359e-13,1.8118151572975026e-10,1.6647874204749047e-06,2
1259,03:28:00,5.542171409020142e-11,2.9546381652409843e-12,1.0663868885338163e-12,1.6665386172231233e-13,3.777368745433523e-13,1.496063338487617e-10,1.4157787930344163e-06,2
1260,03:28:30,4.043990161225327e-11,3.906510901129384e-12,1.1971375779572742e-12,2.2356027060219995e-13,5.574085879043038e-13,1.6287269317051023e-10,1.6049692588606075e-06,2
1261,03:29:00,4.09204224805903e-11,4.3329005358875024e-12,1.3234352055997039e-12,2.1255294509488715e-13,5.341624159949475e-13,1.5160565679338993e-10,9.112774993687695e-07,2
1262,03:29:30,3.8462015207074406e-11,2.7569923902593183e-12,9.882856679711383e-13,2.3001332302918847e-13,8.617093005540889e-13,2.0389854441263453e-10,6.087803454393922e-07,2
1263,03:30:00,1.720866671295974e-11,1.9208295171234256e-12,1.2459643404774485e-12,2.623103865963653e-13,5.438597559007033e-13,1.3774637795645238e-10,9.523878799797859e-07,5
1264,03:30:30,1.0340118493033044e-11,2.016991070952578e-12,7.770779571335612e-13,1.829508235043882e-13,4.182683445244874e-13,2.6292571923003123e-10,1.080520278454631e-06,5
1265,03:31:00,1.0021954433213223e-11,2.022528930499247e-12,8.601148755493331e-13,2.848678654797652e-13,5.957853603148021e-13,3.308170109039434e-10,9.721459058540086e-07,5
1266,03:31:30,3.871763276770345e-11,2.1303909909790844e-12,1.0740364290844623e-12,2.727092222601399e-13,6.013912720391707e-13,6.31541560959167e-10,8.127898579351565e-07,2
1267,03:32:00,7.425778537177166e-12,1.0659310475275863e-12,4.200203250600093e-13,2.0558506569441132e-13,2.0783541370458952e-13,3.769157935252001e-10,8.675397970762431e-07,5
1268,03:32:30,7.460061203979038e-12,1.7037301538615089e-12,5.98833129823432e-13,2.2571227294032987e-13,4.612205236429308e-13,3.621414834897213e-10,6.242965296653574e-07,5
1269,03:33:00,1.549159158185534e-11,2.577533003454462e-12,1.0237621971654006e-12,2.41192541870067e-13,6.535117645500025e-13,1.0352242887663914e-10,9.471694454768487e-07,5
1270,03:33:30,1.182051193301394e-11,1.7954458887311277e-12,8.987218216162724e-13,2.4859110017633435e-13,2.8300080685611025e-13,2.758176008588957e-10,8.54181370377481e-07,5
1271,03:34:00,2.2735567896833602e-11,3.117525036355458e-12,1.1284379886495622e-12,1.9536886903486987e-13,4.1664010071293425e-13,6.979414823799117e-10,5.52610274016628e-07,5
1272,03:34:30,8.789333939221185e-12,1.4348843589363695e-12,6.655180063672297e-13,2.2538116136054064e-13,5.555978878567061e-13,8.31892277368858e-10,8.961887963791764e-07,5
1273,03:35:00,6.963881366143001e-12,2.4178965984610673e-12,1.4690233957830089e-12,2.6624257308319786e-13,6.622984920696166e-13,1.7369673468601164e-10,1.2965174737861761e-06,5
1274,03:35:30,1.3131376097090239e-11,1.6909686844637367e-12,1.0194868346773628e-12,2.463981352904712e-13,5.646076792621362e-13,3.9555527073290606e-10,8.550160517079323e-07,5
1275,03:36:00,8.823556382676902e-12,1.4470202086103208e-12,4.996015997033587e-13,1.6182720131050751e-13,3.05121108041779e-13,2.894411001380818e-09,7.460324795726023e-07,5
1276,03:36:30,8.689056901879769e-12,1.354808904592788e-12,5.921832464269442e-13,1.7452889981485219e-13,3.1664222529755205e-13,1.2826440384980214e-09,7.044613655612072e-07,5
1277,03:37:00,1.3012254660966324e-11,1.9511411232780106e-12,1.0819426022693113e-12,1.8428982860306565e-13,3.3114730859149504e-13,1.344226570383931e-09,7.135216601443039e-07,5
1278,03:37:30,2.285814504078137e-11,1.4357971627999755e-12,7.311073911560839e-13,1.551402225133436e-13,2.611768557310772e-13,1.2955457748661457e-09,1.3485932155653256e-06,5
1279,03:38:00,1.7130797639365524e-11,2.056675362006903e-12,1.1487626995926705e-12,2.686492676555822e-13,5.775322056230503e-13,3.088876764868606e-10,8.641621787846496e-07,5
1280,03:38:30,8.341660428808377e-12,1.1566246539904752e-12,4.160853291389492e-13,1.149609452209686e-13,2.0500631747453084e-13,1.0487365290924922e-09,6.053256051913646e-07,5
1281,03:39:00,1.478860583100745e-11,1.2513186485175146e-12,5.512423489841396e-13,1.5454171955859575e-13,2.5157772138320964e-13,1.0225915158775728e-09,7.490685410348751e-07,5
1282,03:39:30,1.2127177765813351e-11,1.7691978631929828e-12,1.0196573151285839e-12,2.11191161436261e-13,4.194185100109286e-13,1.0511506232031429e-09,5.580899174370914e-07,5
1283,03:40:00,1.9009634277628196e-11,2.4096984096620782e-12,1.1072628691423362e-12,2.5582943311876045e-13,5.622581127245139e-13,4.328812844460711e-10,1.1433036713537356e-06,5
1284,03:40:30,6.880962273723849e-12,1.451550571415593e-12,8.424018413072524e-13,2.0750414224661624e-13,4.265519696069381e-13,1.2414336747949552e-09,8.982333013237562e-07,5
1285,03:41:00,2.2436891260450932e-11,1.6924219976040563e-12,5.717436344763516e-13,1.9415599927015424e-13,3.604802935531257e-13,1.2536134361902613e-09,6.107777985421781e-07,5
1286,03:41:30,1.066677975187732e-11,1.4929548328026844e-12,5.710336864464265e-13,1.4269458183253903e-13,2.2442876356904355e-13,1.0949716891445696e-09,7.960081762403159e-07,5
1287,03:42:00,1.0601780643431339e-11,1.3635746840446314e-12,6.261654491888662e-13,1.9947672420256306e-13,3.5652122067983623e-13,1.8253445677587919e-09,7.738607782804112e-07,5
1288,03:42:30,5.781352173189658e-12,1.347231844073638e-12,4.807142425378172e-13,1.802356528937207e-13,2.669523787319858e-13,1.1923545108456658e-09,7.503573647705547e-07,5
1289,03:43:00,7.481610463872866e-12,1.1578656932402036e-12,6.958084820614685e-13,1.548899415229864e-13,2.7113682918124924e-13,8.839224007691693e-10,6.189779784128056e-07,5
1290,03:43:30,2.2436147435752783e-11,1.6130871035307492e-12,1.0879707111629842e-12,3.072632239803848e-13,6.528481429195864e-13,1.7726178121200798e-09,1.1134017054648366e-06,5
1291,03:44:00,9.369087493481425e-12,1.987165223322264e-12,8.856365031025065e-13,2.643215432332227e-13,5.172377384826024e-13,2.581670194133156e-10,7.835975347238641e-07,5
1292,03:44:30,1.1974280401136043e-11,1.824549732407571e-12,9.071640532949606e-13,2.5151068348685424e-13,5.247713978670638e-13,1.0346419550862402e-10,5.931657599564513e-07,5
1293,03:45:00,1.0924197180139354e-11,1.6704069514727258e-12,8.501949798888699e-13,1.777128896987619e-13,4.832894757365119e-13,1.4071773577133644e-09,1.3603608872664277e-06,5
1294,03:45:30,1.0557868087625818e-11,1.4130676002753417e-12,7.26914244862771e-13,1.8769188458000663e-13,4.045724868309778e-13,7.124836397584184e-10,4.79424073779051e-07,5
1295,03:46:00,1.6986770784055995e-11,1.6099527233937017e-12,1.0002345679347508e-12,2.412380930775845e-13,4.689207482014262e-13,1.152624314817368e-09,1.0591248841239967e-06,5
1296,03:46:30,7.719505687088153e-12,1.9458950246826785e-12,9.344541134721287e-13,2.485754844890102e-13,3.4504653334783923e-13,9.561620099674833e-10,9.814864488451295e-07,5
1297,03:47:00,9.977410794974657e-12,1.8899138435990137e-12,1.0112064714189623e-12,2.2783733836997605e-13,5.124433193186496e-13,2.406326362954554e-10,1.1385436125689927e-06,5
1298,03:47:30,2.2966271306897893e-11,2.996526015934164e-12,1.5470590528005328e-12,2.684039635648355e-13,6.199087208333769e-13,2.3560092910217444e-10,1.206284419841754e-06,5
1299,03:48:00,2.9102720080495806e-11,2.224172429841334e-12,1.1875188670497027e-12,3.483636387274493e-13,8.634408323130506e-13,9.057272200992902e-10,2.1569189031947758e-06,1
1300,03:48:30,2.1769160370408172e-11,2.2721891073583286e-12,1.254875076033788e-12,4.2397808109164286e-13,6.048507488755875e-13,5.814395338022359e-10,1.7816137097717655e-06,5
1301,03:49:00,1.1520528988384207e-11,2.9666652906707986e-12,1.3947163706566667e-12,3.1355192129121457e-13,8.765281700344531e-13,1.4534144950626518e-10,9.8598251523581e-07,1
1302,03:49:30,9.515458759469776e-12,1.844478773317535e-12,8.270345723511632e-13,1.7302374037527382e-13,3.117559543876683e-13,1.20278145052261e-10,7.367405682579417e-07,1
1303,03:50:00,1.4336190858318085e-11,2.195739551904035e-12,6.444969433699002e-13,2.1999163680939733e-13,4.14822639093684e-13,4.773702493623427e-10,8.809476847813909e-07,1
1304,03:50:30,1.1625684086232635e-11,1.4249847304645962e-12,9.436996137593676e-13,2.4376806144309706e-13,4.632010887221646e-13,5.516104661707113e-10,1.0471828730300071e-06,5
1305,03:51:00,3.015678531686028e-11,2.853970834690901e-12,1.2071873932359607e-12,2.8293807156140257e-13,3.8149492767117026e-13,4.1992191547993995e-10,1.954293961089786e-06,1
1306,03:51:30,1.7275398943345434e-11,2.7762584377544813e-12,8.706096805650623e-13,2.2783643132793403e-13,5.816718534025218e-13,1.5020957083066133e-10,8.204421083381345e-07,5
1307,03:52:00,1.3724014864207455e-11,2.1073367552438153e-12,1.1005018461956512e-12,3.7100368932057075e-13,9.012752576457169e-13,1.1671343185356094e-09,2.0746346421625127e-06,5
1308,03:52:30,1.907471715511972e-11,2.0167611730399195e-12,8.68515712832139e-13,2.369970883477875e-13,5.979570924412359e-13,1.1047013219038596e-09,1.3812137942610404e-06,5
1309,03:53:00,2.8747971839896355e-11,2.432457391592135e-12,1.315201414518536e-12,2.331931282592569e-13,5.568686686624499e-13,1.725838911208662e-10,2.4578744669075485e-06,2
1310,03:53:30,3.925727221501286e-11,2.6604230610267484e-12,1.3651622309527082e-12,3.049221974277562e-13,6.435427964277882e-13,2.9646337941538645e-09,2.1315772037990994e-06,5
1311,03:54:00,1.7994333339691264e-11,3.298414844626123e-12,1.0293972380881194e-12,2.4714527292851423e-13,6.722522912814777e-13,8.96336689473311e-11,9.140337742197538e-07,2
1312,03:54:30,3.3549183734666985e-11,2.6171936487188545e-12,7.338976921392372e-13,2.1104688670958572e-13,4.1050512698633747e-13,9.572906566166722e-10,2.68886401960872e-06,2
1313,03:55:00,1.1143824041164761e-11,2.5820394799004145e-12,1.1492471670382381e-12,2.8718042149333984e-13,5.543791284682191e-13,2.9890434987428996e-10,1.64473998835511e-06,5
1314,03:55:30,2.1359539617497723e-11,1.9853477547624804e-12,9.835924522514177e-13,2.0753267348227449e-13,4.824873535202902e-13,1.3370656843614644e-10,1.2420707679224448e-06,5
1315,03:56:00,2.3808900170108495e-11,3.001173298011801e-12,1.0553939699339756e-12,3.9325452202630473e-13,7.233351795057868e-13,1.549431909914871e-09,1.4821609253624132e-06,2
1316,03:56:30,4.6474271995723036e-11,3.97342410512552e-12,1.4040073077268757e-12,2.31122790602917e-13,5.996470187455395e-13,1.5020563872688268e-10,5.214823715110668e-07,2
1317,03:57:00,5.044306646848755e-11,2.8568114064011136e-12,7.327063660600474e-13,1.5654683995633902e-13,3.3360899452131457e-13,2.01154578867608e-10,6.283241501901089e-07,2
1318,03:57:30,1.1097996963422567e-11,1.5971700017048725e-12,7.248477192567093e-13,2.3173378760260915e-13,6.183177730607387e-13,1.3862975513681786e-09,9.358823512498941e-07,5
1319,03:58:00,7.696889184846372e-12,1.0479309764894176e-12,8.949760097060981e-13,1.4607380995512975e-13,2.3855554025149907e-13,2.1804900688265987e-10,5.642915371400915e-07,5
1320,03:58:30,1.0428568517446624e-11,1.4863431230971208e-12,1.100852445626668e-12,1.5687360169893376e-13,2.980772643333734e-13,2.6320356723232244e-10,8.820725895338879e-07,5
1321,03:59:00,8.666925072840852e-12,2.199810748118963e-12,1.1137917492164778e-12,2.2801263902600935e-13,3.1427060960721867e-13,5.863125364754121e-10,7.814483231846347e-07,5
1322,03:59:30,6.44288507038133e-12,1.6142282700625037e-12,6.224308354430225e-13,1.911925843358011e-13,3.986946501833584e-13,4.2084413812598634e-10,7.52944882943991e-07,5
1323,04:00:00,1.7692862651428685e-11,2.056453404772322e-12,1.0754520256563692e-12,2.280073669791673e-13,4.0532577682248067e-13,2.409050573160144e-10,8.270391861395689e-07,5
1324,04:00:30,1.768741693882604e-11,2.1943557563004032e-12,7.750860925432835e-13,2.0454318967659752e-13,3.9401352659558497e-13,1.6511533564536756e-09,6.007891329864025e-07,5
1325,04:01:00,1.4922316551783963e-11,1.959213252786414e-12,9.165846842704732e-13,2.127304709594605e-13,5.403302358367495e-13,1.44702439350247e-10,1.249523950649067e-06,5
1326,04:01:30,1.3513162973574362e-11,2.1133296675464844e-12,7.565436980909114e-13,2.1839970676382587e-13,5.232341846057925e-13,4.26089936072133e-10,1.417048934609424e-06,5
1327,04:02:00,1.83751363108147e-11,2.0194113187357686e-12,7.436192122245514e-13,2.5173056474866697e-13,5.322192010339754e-13,3.0403867088805644e-10,6.648349117823514e-07,5
1328,04:02:30,1.937935441334415e-11,1.9162082859253775e-12,9.521433337973656e-13,2.2702035245059592e-13,4.927996146829251e-13,2.954174508176817e-10,1.2538823517096722e-06,5
1329,04:03:00,1.4257867138686846e-11,2.8096585366178142e-12,1.3898893566364958e-12,2.028880042337548e-13,4.910204824781721e-13,9.851847335537252e-11,5.985203325276445e-07,5
1330,04:03:30,1.711159710591681e-11,1.4049684247776588e-12,7.660006340952054e-13,1.8591880454790501e-13,4.4127592774042956e-13,1.127022215345967e-10,6.283399644382349e-07,5
1331,04:04:00,3.82019863414118e-11,2.8417351285003856e-12,8.798767798936029e-13,2.0376209901597077e-13,3.2937005590694317e-13,2.152665897980324e-10,6.663011790578323e-07,5
1332,04:04:30,2.7525506474346132e-11,2.1015700315775103e-12,1.0053611383557702e-12,2.0854941978851577e-13,4.304298571168401e-13,1.9189236904496183e-10,4.979725248808349e-07,5
1333,04:05:00,1.5824981795653098e-11,2.0586481319563955e-12,1.2120589806317772e-12,2.056043789029277e-13,5.604091864940972e-13,1.210843844610844e-10,1.1359835794806068e-06,2
1334,04:05:30,2.479554351949133e-11,1.5800206998380676e-12,8.280249511262222e-13,2.0147423180976097e-13,5.158105061270558e-13,1.0815341647677762e-10,5.895409418338462e-07,5
1335,04:06:00,3.667071960711061e-11,2.3806022448505558e-12,1.5290760739176394e-12,3.784259613512275e-13,5.561141008817276e-13,1.405913794305542e-09,2.311846110554942e-06,1
1336,04:06:30,1.5306630316001596e-11,1.4373753165255645e-12,6.741869940137546e-13,1.7819495877570611e-13,4.43749305186864e-13,9.525394448640339e-11,1.9890566595970326e-06,5
1337,04:07:00,3.4141512980404723e-11,3.0438440712140473e-12,9.979651411476279e-13,1.8429484779626103e-13,4.336657458981582e-13,1.1329288534842488e-10,5.560571286912407e-07,5
1338,04:07:30,3.819060183760975e-11,2.6986045692955154e-12,1.174004844487097e-12,3.747158900197644e-13,7.059094801440627e-13,2.369035352355944e-09,2.2862289811394303e-06,1
1339,04:08:00,1.9906720563201364e-11,2.8341721496408197e-12,1.1413035393703608e-12,2.1877232300743958e-13,4.3842066595642487e-13,3.1650037847232208e-09,2.7084245903615728e-06,1
1340,04:08:30,2.6651329340438483e-11,2.3540792013800203e-12,1.4606257662927927e-12,6.460843164722671e-13,1.5158086989295379e-12,3.5672483774451363e-09,3.510776327781777e-06,1
1341,04:09:00,2.940977359761546e-11,2.191071079104113e-12,7.66747625398526e-13,2.549708015695916e-13,5.441254322445989e-13,1.551845355555362e-10,1.6868195586280056e-06,2
1342,04:09:30,4.090225230887036e-11,3.2161077984903235e-12,8.800687191056008e-13,2.376598448651791e-13,6.235981591509701e-13,2.1740420589631361e-10,1.734746684354215e-06,2
1343,04:10:00,5.884878489642517e-11,4.134958063607417e-12,1.0427067737746794e-12,2.041767241272122e-13,4.78019940251301e-13,1.4596124713697163e-10,1.6295588167216684e-06,2
1344,04:10:30,3.9767831212322694e-11,2.758503094995033e-12,7.570689402689479e-13,1.7197426733883726e-13,3.7561862323856547e-13,1.8800753839507252e-10,1.6745367284219256e-06,2
1345,04:11:00,5.181175873072053e-11,2.963814518021403e-12,8.112346298984916e-13,1.769112587016263e-13,4.820885240211919e-13,1.880447890743737e-10,1.6579834508850998e-06,2
1346,04:11:30,5.959573999518253e-11,3.3784437813112835e-12,8.375991608061127e-13,1.9190761787578122e-13,5.183717394011975e-13,2.879105050970763e-10,2.016434684372336e-06,2
1347,04:12:00,5.858097487424573e-11,3.2895284358937432e-12,7.881913764433907e-13,1.8853375160622652e-13,4.887266119905564e-13,1.939145004985463e-10,1.6794057677477868e-06,2
1348,04:12:30,5.1911709356786575e-11,5.284661587270506e-12,1.129820425850133e-12,1.8206215380086618e-13,6.155528734411328e-13,2.0123617797270642e-10,1.8346510411994305e-06,2
1349,04:13:00,3.25348744907035e-11,2.821976961787347e-12,8.318689424470738e-13,2.1600363179575287e-13,7.832507109314202e-13,2.303299525533116e-10,1.5827976812640992e-06,2
1350,04:13:30,6.410929756653577e-11,3.5849900375796437e-12,9.546933779689824e-13,1.751481647526147e-13,5.834199229142038e-13,2.240749937577179e-10,1.5882955553923041e-06,2
1351,04:14:00,5.832806260939258e-11,3.5018595805024458e-12,7.183958784466115e-13,1.5489449038402041e-13,4.532367575973084e-13,1.6977923712942828e-10,1.4328731257954295e-06,2
1352,04:14:30,4.29930008372783e-11,4.801858041132894e-12,1.3553240430886516e-12,1.6870120030393777e-13,4.2988000524251647e-13,2.0726544018483597e-10,1.395716575150368e-06,2
1353,04:15:00,7.055036181650631e-11,4.390002883293559e-12,9.640571382787261e-13,2.4868375753117676e-13,7.757195023307128e-13,2.0385135316978624e-10,1.5753428191088316e-06,2
1354,04:15:30,3.4896056584797094e-11,3.145380346949305e-12,7.11278669482143e-13,1.9721673682026936e-13,6.349563584160446e-13,1.6154574613779013e-10,1.3601735413744129e-06,2
1355,04:16:00,3.933711731657523e-11,3.0970645389987486e-12,8.603888308939317e-13,1.8381143820512217e-13,7.876348472114428e-13,1.4906315763446227e-10,1.3824429988106215e-06,2
1356,04:16:30,5.953861914112012e-11,3.675526814864324e-12,1.0997095840984208e-12,1.7301057313038243e-13,7.368582845192217e-13,2.4833841977597983e-10,1.5577743036190796e-06,2
1357,04:17:00,3.0345991941370954e-11,4.065788128642182e-12,1.1331670729196141e-12,1.587750789340713e-13,5.772000532215584e-13,2.5083685413108987e-10,1.4152422641363607e-06,2
1358,04:17:30,6.218929856769578e-11,3.2777243371542195e-12,9.213876711965775e-13,2.0966877814412805e-13,8.757450633541627e-13,2.5845021644977444e-10,1.2563607101566746e-06,2
1359,04:18:00,3.6746698188798756e-11,2.8818590840164665e-12,1.0367604682416323e-12,1.7737752184760376e-13,6.879749384010702e-13,4.159216376097809e-10,1.2152214500006822e-06,2
1360,04:18:30,7.884316524903421e-11,2.9800100220061058e-12,8.191119950637415e-13,2.3982527024980224e-13,1.2333368255413595e-12,4.2293754222170206e-10,1.2413871142639233e-06,2
1361,04:19:00,5.114920085342435e-11,2.8240371034263102e-12,9.024962047795383e-13,1.5340802688286883e-13,5.983464979547255e-13,3.451426750093177e-10,1.2617262385728626e-06,2
1362,04:19:30,4.9625540307714934e-11,3.8214121615287785e-12,1.4584821935473574e-12,2.363362289331888e-13,1.0941304797295237e-12,4.752156888149611e-10,1.0726601959287876e-06,3
1363,04:20:00,4.34683487575296e-11,2.867661123163467e-12,9.12613819248643e-13,1.8128239097783812e-13,7.772551810249137e-13,2.56082233351476e-10,1.0624732485766545e-06,2
1364,04:20:30,6.451160672479944e-11,2.47671653059787e-12,1.3917771185105255e-12,2.1769487013340738e-13,1.0654906639638909e-12,4.01188357580955e-10,9.954608201064121e-07,3
1365,04:21:00,4.5247936704571084e-11,2.5381715946935257e-12,8.283324323060074e-13,1.8774463920249698e-13,7.798538511183794e-13,3.5636245744967783e-10,1.1041498693346414e-06,2
1366,04:21:30,7.961333739057504e-11,3.3826948062547253e-12,6.862139241631317e-13,1.4485959070516916e-13,5.050647994064532e-13,4.3093788986861164e-10,1.2718135162962393e-06,3
1367,04:22:00,5.280447365824299e-11,3.0108311045456695e-12,8.582826887113608e-13,1.7593848178914598e-13,5.461597702625575e-13,6.868298475773128e-10,9.220381231536188e-07,2
1368,04:22:30,6.617563084043072e-11,2.0717835230427868e-12,8.336657949874579e-13,1.4821767659930355e-13,5.274497136536036e-13,5.328109674509256e-10,1.0668177663954068e-06,3
1369,04:23:00,7.493979340684565e-11,3.2983100886514463e-12,8.771478435603866e-13,2.2590727099349785e-13,1.1243222924553231e-12,3.457561231821514e-10,1.029678595227626e-06,3
1370,04:23:30,6.413343106911108e-11,2.6541490768474564e-12,8.819418917316263e-13,1.2857483111344466e-13,4.1341633134134295e-13,6.041467182215008e-10,1.0787626386426604e-06,3
1371,04:24:00,7.985703445296766e-11,2.8272556966207363e-12,1.006815612196987e-12,1.6173014345738495e-13,4.4115248856653663e-13,3.8315708920626914e-10,1.2255420794560457e-06,3
1372,04:24:30,7.980986666158857e-11,3.3858978430768326e-12,1.2207005984861373e-12,1.5650784203290058e-13,5.229941804489818e-13,4.866325924295434e-10,1.1041557847938866e-06,3
1373,04:25:00,5.398813468035709e-11,2.7025348958003307e-12,8.541918362064766e-13,1.4728651872009006e-13,4.5083552856373204e-13,5.942822623446116e-10,1.3291846786241608e-06,2
1374,04:25:30,7.655454815528055e-11,3.1184434639615277e-12,9.52856973486862e-13,1.671466049762126e-13,6.333126419361662e-13,4.4752513598774965e-10,1.1402739705693278e-06,2
1375,04:26:00,7.293113703038005e-11,2.626375127327052e-12,1.0448287835008788e-12,1.6200540558633968e-13,6.250221397967226e-13,5.649072448943826e-10,1.1660331798068418e-06,2
1376,04:26:30,8.945892046254026e-11,2.794444565830795e-12,1.0149800842068743e-12,1.7126122953390787e-13,5.931788246432087e-13,6.175664453640536e-10,1.2530407929858755e-06,3
1377,04:27:00,8.042142985890695e-11,2.626896606081203e-12,1.2079191129622886e-12,1.4790909131827172e-13,5.559576431087298e-13,4.4957484978380976e-10,1.0044839156038598e-06,3
1378,04:27:30,7.275652135519743e-11,2.752098962681465e-12,9.223958647706615e-13,1.626285926007368e-13,5.669707266986261e-13,6.212534128484772e-10,1.2880953727757942e-06,3
1379,04:28:00,9.50409743200599e-11,2.708975605250762e-12,1.0285282593053385e-12,1.5225840580943367e-13,5.354417663627622e-13,5.785763794538818e-10,1.114819570857004e-06,3
1380,04:28:30,6.39639992392359e-11,2.6339854158941534e-12,1.131904339233715e-12,1.4181576916213552e-13,4.0584272308876756e-13,5.831243575158292e-10,8.899398922858537e-07,3
1381,04:29:00,9.972693635902898e-11,3.0339229479848916e-12,9.667669754026294e-13,1.3614009351309093e-13,3.6622788261283275e-13,6.288988392047207e-10,1.0526566248888314e-06,3
1382,04:29:30,7.588718653765712e-11,2.5135907219454393e-12,9.071391277324376e-13,1.523594346295886e-13,5.174392217215231e-13,4.37672871377848e-10,1.0696181579135354e-06,3
1383,04:31:00,3.6540786823799026e-11,2.7812220811470826e-12,1.855415739510556e-12,3.2654736106041417e-13,6.225129134407337e-13,9.207412619779011e-10,4.628213940677109e-06,2
1384,04:31:30,7.274115796509526e-11,3.745675380487972e-12,1.6277116802072267e-12,7.389143354600122e-13,1.3165994952092944e-12,7.980357491564052e-09,4.697734923488499e-06,0
1385,04:32:00,5.3018050848849733e-11,3.5184167752586806e-12,1.9354737578703115e-12,6.786687215096469e-13,1.1597043413454733e-12,3.3740703947078852e-09,4.71074665829733e-06,0
1386,04:32:30,4.439878520389632e-11,3.0212983330371343e-12,1.4778210346790878e-12,3.82779734669144e-13,8.915203002839013e-13,8.94196802440008e-10,4.448802259998751e-06,0
1387,04:33:00,4.9298660265802685e-11,4.400794220969677e-12,3.0373183143783915e-12,9.78081092157655e-13,2.080236260049573e-12,3.1176939103397165e-09,4.765433290787098e-06,0
1388,04:33:30,9.578414753768663e-11,2.8825562901192247e-12,1.86627581181795e-12,7.226030204537177e-13,1.4903810421714053e-12,1.359639256859129e-09,4.694998055153635e-06,0
1389,04:34:00,3.832664174972802e-11,2.5217976263232085e-12,1.1546675422243566e-12,3.5694439627635045e-13,8.161193430559512e-13,2.2701136231028324e-09,4.4782520651033025e-06,0
1390,04:34:30,5.982510716178106e-11,3.460030777379263e-12,2.3116672719920635e-12,2.8984079959908166e-13,8.343542519779749e-13,1.0371785400461757e-09,4.311854571716083e-06,1
1391,04:35:00,3.78684631108996e-11,2.923424989327676e-12,1.2748215178686822e-12,4.0817312843667367e-13,9.785646491714357e-13,2.632539546651767e-10,4.046032082917149e-06,2
1392,04:35:30,4.2783514931340325e-11,3.0214209329435043e-12,1.403628665442694e-12,5.783141438684906e-13,8.630134222345194e-13,5.091425128020381e-09,4.581690676211265e-06,0
1393,04:36:00,4.2471928957519834e-11,2.789508029159956e-12,9.977148550179857e-13,7.844808798051523e-13,7.262234315077312e-13,2.3315932083067665e-09,4.752985903371345e-06,0
1394,04:36:30,4.8994352887945e-11,2.329948696370098e-12,1.080542698061333e-12,7.234436192995254e-13,6.859996292249563e-13,1.3474801555267874e-09,4.678806888292984e-06,0
1395,04:37:00,5.530693754218289e-11,2.278194904677369e-12,1.6304206506580105e-12,1.3088022584643206e-12,1.2719491240597171e-12,1.2644168395736722e-09,4.746578061859925e-06,0
1396,04:37:30,8.774405881541385e-11,2.8702392115374744e-12,1.1731167678089186e-12,8.042456269855263e-13,6.586398526374004e-13,7.705459771705603e-09,4.777687419705723e-06,0
1397,04:38:00,3.4940107885788687e-11,1.243452819206984e-12,8.095815729876677e-13,5.39995940241566e-13,3.6903069374975205e-13,1.5564995797263324e-09,4.831852693384437e-06,0
1398,04:38:30,2.4228802921883432e-11,2.4631454240599e-12,1.5224610897162986e-12,5.523175950638512e-13,1.0017554122926848e-12,1.9782579763723856e-09,4.805737915522167e-06,0
1399,04:39:00,1.6121970083336955e-11,3.334377892553969e-12,2.006120841135718e-12,7.210267346224916e-13,2.00752122625612e-12,5.212001384722853e-10,4.744147158535148e-06,1
1400,04:39:30,3.8617172443178086e-11,2.9694669603117843e-12,1.7432654518144426e-12,4.5144353706574317e-13,1.4855743843820077e-12,2.2770236074301487e-10,4.8226770755970045e-06,1
1401,04:40:00,4.3620558323208183e-11,2.480628042741887e-12,1.1149094282114482e-12,3.522192231886325e-13,9.068492557752321e-13,3.649042365269238e-09,4.773199865877956e-06,1
1402,04:40:30,4.948462285194731e-11,3.809507959767676e-12,1.4125907914914572e-12,4.3328453130800613e-13,8.89381269863358e-13,1.7789872272082866e-10,4.5441337711398825e-06,2
1403,04:41:00,3.6346372003647183e-11,2.9017154815455154e-12,1.2160191405628384e-12,3.1089534478678013e-13,8.5613563035079e-13,1.4392670174905551e-10,4.615225217434885e-06,2
1404,04:41:30,5.230402082141074e-11,6.41734003697633e-12,1.4856383368781623e-12,2.963958663536994e-13,6.18688999079134e-13,2.2791851629667859e-10,4.605796383987509e-06,2
1405,04:42:00,7.860763138526773e-11,3.3949630479297835e-12,9.098425799206284e-13,1.9505091985533235e-13,3.7958933584421764e-13,1.8728333910783234e-10,4.5833238317213675e-06,2
1406,04:42:30,3.440436584091759e-11,3.835138415635655e-12,9.566979108446886e-13,1.9129555563932999e-13,4.0453751679922866e-13,2.354160789217641e-10,4.524899007976397e-06,2
1407,04:43:00,6.300762867017058e-11,4.283346290126746e-12,1.091899391640118e-12,2.2098662393816823e-13,5.528842185243871e-13,1.6465233502851452e-10,4.592259494810641e-06,2
1408,04:43:30,5.7173694223432264e-11,4.730644013575717e-12,1.0139542326852575e-12,1.8754672954177942e-13,4.645680657815763e-13,1.3487011402323982e-10,4.513947966513219e-06,2
1409,04:44:00,7.686047619933624e-11,5.112029167200497e-12,1.1171636626640012e-12,2.2003172494108043e-13,4.1686977582856213e-13,1.482731182245188e-10,4.5995807083290425e-06,3
1410,04:44:30,6.125098264591587e-11,3.200202991239257e-12,1.01390900690592e-12,3.4841493702009635e-13,6.077647019499553e-13,7.560420799832784e-10,4.498870504966717e-06,2
1411,04:45:00,6.350899545181434e-11,2.939977098119964e-12,7.795125405149733e-13,1.5059939142684824e-13,4.240988918442249e-13,1.9510647335652483e-10,3.1934917419897406e-06,2
1412,04:45:30,4.63634816933258e-11,3.793028852084708e-12,8.697397299101798e-13,1.7208618970898315e-13,5.890694473199253e-13,1.499867557281595e-10,3.1140082332163376e-06,2
1413,04:46:00,3.566987554356491e-11,2.4545634398503913e-12,7.551573552898408e-13,1.6596763946095884e-13,5.092479136882671e-13,1.4270115732083027e-10,3.0992580356650806e-06,2
1414,04:46:30,4.605350714122048e-11,4.70055387757438e-12,1.3159846142675521e-12,1.9389609234453757e-13,6.17179758725943e-13,2.0615815104838974e-10,3.0802125324803607e-06,2
1415,04:47:00,5.422312418786067e-11,2.6112999687599162e-12,7.336540502370209e-13,1.232216595467503e-13,3.319841066372113e-13,1.5850177469078556e-10,2.9236620689502385e-06,2
1416,04:47:30,5.418665359362669e-11,3.66324056452479e-12,8.031429286248827e-13,1.4905393782070074e-13,5.266405914237074e-13,1.843546846752786e-10,2.9713165284604616e-06,2
1417,04:48:00,5.653793245583327e-11,4.284724611590653e-12,1.0139102301512372e-12,1.5326915730158794e-13,5.638489908092783e-13,1.5709361441240374e-10,2.9288131301746317e-06,2
1418,04:48:30,4.220894933398506e-11,3.6893371973075765e-12,8.973583220672329e-13,1.4123484877922916e-13,4.4580870542208577e-13,1.168046602937144e-10,2.9267614000783224e-06,2
1419,04:49:00,5.414762875314412e-11,3.946033958689161e-12,1.3118262772658872e-12,1.784087801399684e-13,5.733232897563455e-13,2.339539665938311e-10,2.9343838886864696e-06,2
1420,04:49:30,6.953022693765613e-11,5.965461047739095e-12,1.4097003854457238e-12,2.265604218509635e-13,6.162181283478206e-13,3.1393529048102663e-10,3.0410958803281337e-06,2
1421,04:50:00,7.070666652969257e-11,3.975503780986681e-12,1.3439269955705797e-12,3.1439105453954896e-13,7.366532875830401e-13,4.735400406232629e-10,4.2914867526644445e-06,1
1422,04:50:30,4.525612011334682e-11,2.7567657106701906e-12,1.0456203630593027e-12,2.2044129432920804e-13,5.392460234870136e-13,3.6584582908279134e-10,2.8828915521686373e-06,2
1423,04:51:00,4.52155676892443e-11,2.866751368255873e-12,8.708218430943604e-13,1.3020666915047517e-13,3.73555015167962e-13,1.2263984710421928e-10,1.9576693998949576e-06,2
1424,04:51:30,1.855677685023196e-11,3.1468921953376237e-12,7.92642262260423e-13,1.2313244587260889e-13,3.347793307109969e-13,9.84151061283935e-11,1.9224209375914887e-06,2
1425,04:52:00,4.7031962264499983e-11,3.4986110568328927e-12,6.824810720707011e-13,1.749513554388738e-13,6.265340615310622e-13,1.4921625106944356e-10,1.7928466791958603e-06,2
1426,04:52:30,6.815171204392549e-11,6.73840103503447e-12,1.1769519502734986e-12,2.0299212154941655e-13,6.690334914477217e-13,1.9629433410562813e-10,1.7898415228863578e-06,3
1427,04:53:00,3.587834079506641e-11,2.549065874212226e-12,5.775807300312039e-13,1.228552312213127e-13,2.500984753212024e-13,1.9856791122800467e-10,1.8733168893618098e-06,2
1428,04:53:30,5.859599823252945e-11,2.666813850889436e-12,1.1712865677014811e-12,1.6079073057112613e-13,4.236294600168715e-13,2.463252715643016e-10,1.6433918676639085e-06,2
1429,04:54:00,6.203474843511832e-11,3.892458355355988e-12,1.2510238289136797e-12,1.5611621958359354e-13,6.032759833923246e-13,1.9717884014625392e-10,1.51571403583445e-06,2
1430,04:54:30,3.670777052046844e-11,3.167260242592957e-12,8.902019104473697e-13,1.2688942798824507e-13,4.103784821233084e-13,2.1924934577937443e-10,1.3348205997331468e-06,2
1431,04:55:00,9.290885669253532e-11,4.100609510522414e-12,1.2389969169023967e-12,1.9239507300699985e-13,7.988267051714936e-13,2.1718750902790104e-10,1.3584124586866789e-06,2
1432,04:55:30,5.0394688900726196e-11,4.744938846787315e-12,1.4375001721454106e-12,1.694527622190784e-13,6.253577553510049e-13,1.7253958699663429e-10,1.3794850909122024e-06,2
1433,04:56:00,5.457946561342682e-11,3.3929892032563944e-12,8.301604882513424e-13,1.3317120760698522e-13,3.754451617873096e-13,2.4404395180378053e-10,1.3647383988915752e-06,2
1434,04:56:30,5.90976309035384e-11,4.008746577683276e-12,9.703872422201413e-13,2.0057313601981378e-13,7.427137696971209e-13,2.2009507635519058e-10,1.2606602012201883e-06,2
1435,04:57:00,4.434023668691296e-11,2.6642956965196596e-12,9.387014828030517e-13,1.6415867518759284e-13,5.011620311817483e-13,1.2987594269059075e-10,1.1710409537476723e-06,2
1436,04:57:30,4.6749318888072486e-11,2.8217196667072987e-12,9.211828823834093e-13,1.9676069817004635e-13,8.070435918288252e-13,1.8932921532078196e-10,1.2349787877232828e-06,2
1437,04:58:00,6.775377117429834e-11,2.817538864994162e-12,6.348629673382144e-13,1.5674147022482962e-13,5.630107712869786e-13,2.4491410869535346e-10,1.1662453274257414e-06,2
1438,04:58:30,4.729266793966852e-11,3.840555850215897e-12,1.0695715472751202e-12,1.7824727268973306e-13,8.393884234339413e-13,2.382644209338061e-10,1.274396372424819e-06,2
1439,04:59:00,6.563261107357998e-11,3.056478317766525e-12,1.1228667816882175e-12,1.2180175430552378e-13,3.6517246238560417e-13,2.64244947554649e-10,1.1304014996480595e-06,2
1440,04:59:30,4.7766157469993915e-11,3.0032368642381252e-12,1.0450920847355064e-12,1.6093907014415972e-13,5.272582492860111e-13,2.3523424984421685e-10,1.0907342969461444e-06,2
1441,05:00:00,5.96192018934202e-11,2.7778908602583103e-12,9.463289389837119e-13,2.759626202815536e-13,1.3102228025547241e-12,3.1090428613816955e-10,1.1501132743434643e-06,2
1442,05:00:30,6.897148035118196e-11,3.0657348675996877e-12,8.523630747608085e-13,1.3765225377715655e-13,4.976665455815332e-13,5.010739493329978e-10,1.0990162634223762e-06,2
1443,05:01:00,6.97226177244811e-11,3.5025702042861856e-12,1.3058028223345764e-12,1.817147643147246e-13,6.834687776226045e-13,4.552896349556704e-10,1.1649387740920571e-06,3
1444,05:01:30,8.572986236105189e-11,3.7092383222958705e-12,7.777088354597361e-13,1.3174618169453618e-13,3.685355007334304e-13,4.527829594898393e-10,1.1708556257238434e-06,3
1445,05:02:00,8.460979439272372e-11,3.5394172967424088e-12,8.86389351264673e-13,1.685264210192123e-13,5.672306244223971e-13,5.461508639924728e-10,1.2121596499066027e-06,2
1446,05:02:30,7.811619859715303e-11,4.163882716256745e-12,1.455497160986722e-12,1.5077498424410318e-13,5.579204165758699e-13,4.772032538922562e-10,1.1464645191497462e-06,3
1447,05:03:00,5.50934852771052e-11,3.4611074699768514e-12,1.5996582419146192e-12,1.7555779379906611e-13,6.861723657838178e-13,1.0054471339729722e-09,1.1064501235573694e-06,3
1448,05:03:30,8.187617267828797e-11,3.1697971495687405e-12,1.0241251269481792e-12,1.369486769317493e-13,3.905071870788541e-13,4.3740218385594813e-10,9.847281923589038e-07,3
1449,05:04:00,9.991986518037468e-11,3.283809539236359e-12,1.0714160423117193e-12,1.572837223693634e-13,4.817502219977509e-13,6.3657039266899e-10,1.0080283403290054e-06,3
1450,05:04:30,5.434892432522681e-11,3.1305398174444624e-12,1.577135491816075e-12,3.0477815883447335e-13,7.471509824807782e-13,5.492671352541828e-10,4.3737360927598735e-06,2
1451,05:05:00,7.274214614851964e-11,3.5289375530990902e-12,1.1805064652420999e-12,2.2836810335270144e-13,6.039186162892307e-13,3.368036289411053e-10,4.223672548134084e-06,3
1452,05:05:30,3.26014174061367e-11,3.220894976667496e-12,7.888823585076795e-13,1.545514380874798e-13,3.8013622934883667e-13,1.8486803296153227e-10,3.89679282374679e-06,2
1453,05:06:00,4.842883695899946e-11,3.149792369752595e-12,8.478024028385343e-13,2.0128281880458522e-13,7.230513259988121e-13,2.5013391231822024e-10,3.7007508454244225e-06,2
1454,05:06:30,7.008152658965218e-11,3.869647699643144e-12,1.1228925193308207e-12,1.548876612456164e-13,4.50081664466231e-13,2.0910637573739672e-10,3.5667972828323958e-06,3
1455,05:07:00,7.871735974897788e-11,3.534028498086299e-12,1.3910751473898182e-12,3.027642693485469e-13,1.5522942353661374e-12,4.161171793412384e-10,3.572895513684577e-06,3
1456,05:07:30,4.8625490458306655e-11,3.5307893170603757e-12,1.1794528857153609e-12,2.661794933494963e-13,5.588400720664763e-13,4.721786756924686e-10,4.238186511636316e-06,3
1457,05:08:00,8.2486413851842e-11,4.503667004686353e-12,1.2282440158079303e-12,2.7595627665351303e-13,7.586520210678618e-13,3.589289210165707e-10,3.087659431397082e-06,3
1458,05:08:30,6.443493803321876e-11,4.3261659281003864e-12,1.2161501906687019e-12,2.4478540461988943e-13,4.985661025415763e-13,2.2257176373961864e-10,2.4000128980211367e-06,3
1459,05:09:00,3.16545975022302e-11,2.2326562934676e-12,1.0130489445445042e-12,1.8407736083554388e-13,6.083020132147593e-13,2.907177516696931e-10,2.305066605770055e-06,2
1460,05:09:30,3.011619799124009e-11,2.8591944181938644e-12,1.1317608681943205e-12,4.104889001597271e-13,5.346225626964265e-13,1.344520514948144e-09,4.7293152665890105e-06,1
1461,05:10:00,3.2806468594807656e-11,1.9927767596701514e-12,1.6189226554841998e-12,2.7315322647043016e-13,5.844803460318108e-13,2.5907806830896695e-10,4.4527306572319755e-06,0
1462,05:10:30,2.3215690629063704e-11,2.719971821371189e-12,8.393170581121951e-13,1.9261964677976115e-13,5.290472575538403e-13,1.6450102615094576e-10,3.60593407690635e-06,1
1463,05:11:00,3.128706036293483e-11,3.8792519203236596e-12,1.1073910341528441e-12,2.1470955318314682e-13,7.43324358127616e-13,2.4757051169677894e-10,2.6536557250015576e-06,2
1464,05:11:30,6.912547640626555e-11,4.884543970162655e-12,8.18572712678932e-13,1.6046808428247926e-13,4.451888065824768e-13,2.323467026061968e-10,2.702394047295188e-06,2
1465,05:12:00,5.0293493723070635e-11,3.2460071815843215e-12,7.422644822988757e-13,1.704586817747561e-13,5.27403496161866e-13,2.0936293969637323e-10,2.5774676357427826e-06,2
1466,05:12:30,3.118754631819195e-11,2.7843906326300904e-12,7.930409355884397e-13,1.7920230239283878e-13,6.563776298056388e-13,2.2437521179142399e-10,2.5201547770951377e-06,2
1467,05:13:00,3.162654092097466e-11,3.819610017349092e-12,1.2779287193620345e-12,1.198308510653252e-13,2.206334103569166e-13,1.741603506468086e-10,2.582796339821439e-06,2
1468,05:13:30,5.487056237942195e-11,3.0114954201332385e-12,9.035745202735416e-13,1.0923482837912595e-13,3.543875055829921e-13,2.3145483262984123e-10,2.563967975641528e-06,2
1469,05:14:00,5.242636952872285e-11,4.2134515163205906e-12,9.236950654815812e-13,1.9152870109526082e-13,7.236291846154806e-13,2.468221602397048e-10,2.4907012071220502e-06,2
1470,05:14:30,5.688749986148507e-11,2.1846193418938554e-12,8.424628094308016e-13,1.2897397136817353e-13,3.6881143136807926e-13,2.234980072125245e-10,2.6582672027349475e-06,2
1471,05:15:00,5.98942344505701e-11,3.1606091784497278e-12,1.2820843251490995e-12,1.8019852771567864e-13,7.171167052552015e-13,2.643313616961215e-10,2.5970993647405015e-06,2
1472,05:15:30,4.3048492875687315e-11,5.548184491903592e-12,1.435184119121144e-12,1.5743471626584209e-13,6.131572254211594e-13,4.6297850405458276e-10,2.587927330759028e-06,2
1473,05:16:00,6.069320569061663e-11,2.700640641551132e-12,9.022754201478799e-13,2.0505035502816603e-13,9.149266765305415e-13,2.2665292383318385e-10,2.59047849183997e-06,2
1474,05:16:30,6.064656059809617e-11,2.363990317497357e-12,9.51208930655901e-13,1.510078218341887e-13,4.911434311004661e-13,3.8545990626136727e-10,2.5528685903961255e-06,2
1475,05:17:00,5.2617652969774016e-11,3.0340003433681558e-12,8.91329046467787e-13,1.264867893901778e-13,4.150637940630258e-13,3.2387125987981264e-10,2.4330611808814947e-06,3
1476,05:17:30,7.137543334953006e-11,4.720362066300377e-12,1.0110156725513909e-12,1.3638892418628818e-13,4.744307140328107e-13,4.2979038112828874e-10,2.534864208924112e-06,2
1477,05:18:00,1.0769548626039087e-10,2.4665320311303813e-12,7.420418409209609e-13,1.3906753710371288e-13,4.805807082104986e-13,9.143221734997135e-10,2.7998432226672576e-06,3
1478,05:18:30,9.479253319896777e-11,5.3856138027899735e-12,2.220369077062489e-12,7.616873447088933e-13,1.4104099881242655e-12,1.8260410704311071e-09,4.807915872112481e-06,0
1479,05:19:00,5.30476800311331e-11,3.065196407655724e-12,1.3717334359432776e-12,3.948291940305635e-13,9.264174308979942e-13,6.754075724579135e-10,4.807566424582235e-06,0
1480,05:19:30,3.600014495949729e-11,3.066907459664426e-12,9.44290378602724e-13,3.8197052251970715e-13,7.803957735989436e-13,1.7450823276660412e-10,4.507609563251617e-06,1
1481,05:20:00,7.228709970469794e-11,3.368833814538346e-12,9.961759168265001e-13,2.464709501945474e-13,6.875513428653341e-13,2.2930314092867955e-10,3.7064265512209588e-06,2
1482,05:20:30,5.961578698871697e-11,2.3743884929683992e-12,1.2972783504726394e-12,3.1255832785418557e-13,8.142877753587175e-13,3.020411741834958e-10,4.009156092553155e-06,2
1483,05:21:00,3.7257953450088045e-11,3.0351950682100724e-12,7.941204610071946e-13,1.4360740520391483e-13,3.0610801946838603e-13,1.423522273170787e-10,3.622122105231416e-06,2
1484,05:21:30,3.792855967147452e-11,2.7528391008296574e-12,7.910411256467235e-13,1.7775391732178527e-13,4.160999160612653e-13,1.3558405837774773e-10,3.4339392705357566e-06,2
1485,05:22:00,6.486906778260799e-11,2.9445471365925946e-12,1.294287408881899e-12,2.730782950220651e-13,6.262400786560365e-13,2.278431894015972e-10,3.6935794538264454e-06,3
1486,05:22:30,2.7422996880072846e-11,2.8374730873916096e-12,9.80036560300357e-13,1.3931002990608074e-13,3.3629773144386384e-13,1.8590662830274118e-10,3.4844370680883716e-06,2
1487,05:23:00,5.990956293290064e-11,3.246123009669642e-12,9.689649022163555e-13,2.7012213804579636e-13,5.741830780385851e-13,2.4721000325103195e-10,3.77956458618454e-06,2
1488,05:23:30,5.17307669638805e-11,4.253147765156496e-12,1.2715784752660434e-12,2.931245711385986e-13,6.01036950875159e-13,5.447875244233621e-10,4.143493735278226e-06,2
1489,05:24:00,3.3082703762736186e-11,3.244268138673029e-12,1.0838395402781508e-12,2.6774009849492835e-13,4.8549576522825e-13,1.4451326996713708e-10,3.89818800881298e-06,2
1490,05:24:30,1.849608694122581e-11,1.9709194047595495e-12,1.2180874232416376e-12,3.0985665200741047e-13,7.079080895136323e-13,3.0808017164460754e-10,3.994459826328111e-06,2
1491,05:25:00,3.101860198770562e-11,1.7644159050106657e-12,1.6988192745823837e-12,4.884773749349123e-13,1.6093854492032967e-12,1.0194352338850701e-10,4.691101229555672e-06,1
1492,05:25:30,2.572798394324959e-11,2.001616330683475e-12,1.04096199860837e-12,3.2996289785247555e-13,7.998289978354129e-13,1.6775262044223268e-10,4.7043392085829195e-06,1
1493,05:26:00,1.0074212439155233e-11,1.2929996066665828e-12,1.3082099387378716e-12,5.229890172986364e-13,1.351726408848992e-12,5.125244248976687e-10,4.745973904570344e-06,1
1494,05:26:30,6.978894501217517e-11,2.6489427836818205e-12,1.2443721119142413e-12,7.131292663433293e-13,7.949658533001696e-13,3.3281627737007336e-09,4.781986939575399e-06,0
1495,05:27:00,1.2498693590519304e-10,2.904419940997253e-12,1.3391867528415985e-12,7.483688448753589e-13,9.048207538542697e-13,2.13844100780105e-09,4.7008386977628515e-06,0
1496,05:27:30,3.651316678312828e-11,2.7059319332241393e-12,1.241910869301474e-12,7.638805792759901e-13,1.1408302508368552e-12,1.5289602768412136e-09,4.771310534119889e-06,0
1497,05:28:00,7.156122823082272e-11,3.3205655485184215e-12,1.1539743494010488e-12,9.04131207466007e-13,6.617407255400138e-13,1.124492855239636e-09,4.694860237921384e-06,0
1498,05:28:30,8.741458350869765e-11,3.303134208893351e-12,1.2523605751868742e-12,7.384899926184553e-13,1.0950659713609532e-12,2.5021514748276107e-09,4.823081491805025e-06,0
1499,05:29:00,6.195328028489554e-11,3.8233740938178464e-12,1.1926967789644633e-12,5.279429492423386e-13,7.611960084433745e-13,4.2310517704374235e-09,4.833421011370899e-06,0
1500,05:29:30,4.952465610215492e-11,2.7507396619787577e-12,1.8041075193945593e-12,1.0509541764001036e-12,1.3633898785285712e-12,4.259793684633663e-09,4.838514610755476e-06,0
1501,05:30:00,1.5651180444804902e-11,2.5071130902760597e-12,2.6768550769413197e-12,1.7969203070593465e-12,2.205070810328805e-12,1.7078080428075396e-09,4.862799089833084e-06,0
1502,05:30:30,5.8171952491638274e-12,1.9258598249867226e-12,1.5375915495946482e-12,5.190398573439072e-13,1.3839327063080544e-12,1.7022153803981324e-10,4.755387846499388e-06,0
1503,05:31:00,6.449504307392134e-12,2.1158780516182974e-12,1.7797855485795422e-12,5.647895414849614e-13,1.2135071738585333e-12,1.2242035539879024e-10,4.764269445610482e-06,0
1504,05:31:30,2.6099646981529334e-11,2.6126443366527673e-12,1.8684122846335132e-12,4.653068207036216e-13,1.2163524340860216e-12,1.7240391481234734e-10,4.711235292200172e-06,0
1505,05:32:00,3.712110981851465e-12,1.9450319295762044e-12,1.691227703988004e-12,7.584499982337635e-13,1.7419372666774642e-12,3.8657681339558606e-10,4.746572101564575e-06,0
1506,05:32:30,9.805133243566212e-12,2.2564329000817604e-12,1.4519113637259154e-12,6.071637314004142e-13,1.544331358487383e-12,1.1396668114749163e-09,4.756225330817579e-06,0
1507,05:33:00,5.677166512256888e-12,2.84192377903787e-12,1.93196710976348e-12,4.965426601352417e-13,1.4845537697516989e-12,1.1299528384593162e-10,4.790128020816217e-06,0
1508,05:33:30,6.104643700545117e-12,2.0446169904673437e-12,2.180479627043289e-12,7.467383166555834e-13,2.333874807873936e-12,1.1227740336931716e-10,4.7546396922921e-06,0
1509,05:34:00,8.06487709739396e-12,2.6289804581112283e-12,1.524103060475284e-12,4.900636098944391e-13,1.3897150425060375e-12,1.2323376622345448e-10,4.7427129132956425e-06,1
1510,05:34:30,2.730563977714283e-12,1.2071739084876746e-12,9.994882505660119e-13,5.079855337491377e-13,1.3010170037061144e-12,1.9348447853866226e-10,4.7411489760505755e-06,0
1511,05:35:00,2.4172410342687167e-11,2.5686534848182614e-12,3.219355027793987e-12,2.8477347912902894e-12,3.705264070029316e-12,6.080267544664309e-10,4.796210307608599e-06,0
1512,05:35:30,6.514483524900079e-12,4.0041727398697814e-12,2.49317281311618e-12,1.0195864272403503e-12,2.2222511763305467e-12,1.4821157313457256e-10,4.809783260991929e-06,0
1513,05:36:00,1.0944422712483752e-11,2.4676503856370258e-12,1.7783058956322289e-12,6.885176082276261e-13,1.437838777418594e-12,1.1447468078141875e-10,4.846711136922213e-06,0
1514,05:36:30,1.718245223359711e-11,2.0831488180468423e-12,2.182144514211256e-12,8.425588298897653e-13,2.165970804023004e-12,1.352298731208045e-10,4.776880051724351e-06,1
1515,05:37:00,1.177992451990547e-11,1.6327681676211284e-12,9.746276911874176e-13,4.497574806638635e-13,7.999503106126128e-13,1.310373992869519e-10,4.775085093897054e-06,0
1516,05:37:30,1.9643570254163407e-11,2.3650207850057613e-12,9.442364110258308e-13,4.4715186989467457e-13,9.206829791957191e-13,1.4595091703551852e-10,4.701609828934043e-06,1
1517,05:38:00,5.663998882145149e-11,2.2123382811892457e-12,9.32020443528192e-13,3.4611924411756386e-13,7.200776056201619e-13,1.289951502446693e-10,4.649949865793127e-06,2
1518,05:38:30,3.173581613997368e-11,2.3418109088864096e-12,1.0978993258387712e-12,4.522858121297804e-13,1.1304185659003645e-12,7.437287836743274e-10,4.7241490165917365e-06,1
1519,05:39:00,4.6056475930167146e-11,2.759576750079016e-12,1.1401622247117978e-12,3.167024509438005e-13,5.667155939851102e-13,1.244266054609164e-10,4.6733995866010935e-06,2
1520,05:39:30,7.436637133932001e-11,2.769510855718526e-12,1.1665234164757585e-12,3.65604161071057e-13,8.000005245963785e-13,1.7550033353506743e-10,4.51237337146998e-06,2
1521,05:40:00,3.4032768604015063e-11,2.033009469862677e-12,6.574130981367891e-13,1.8859519073307624e-13,3.205243539505114e-13,1.064390162705116e-10,4.40193900084192e-06,2
1522,05:40:30,3.8919557138357663e-11,3.3419602528362684e-12,1.1679020691286125e-12,3.056431123075624e-13,8.601810349209269e-13,1.800011277710802e-10,4.378843512191562e-06,2
1523,05:41:00,8.364558336290459e-11,3.437579512198459e-12,1.0858225369956187e-12,2.253856526182767e-13,3.6654498403321857e-13,1.8402328287771527e-10,4.259334749192614e-06,2
1524,05:41:30,4.519663578933121e-11,2.5321685055536988e-12,1.2999868759841545e-12,3.6862622951653176e-13,8.590229224729202e-13,1.642148159483213e-10,4.399894145012702e-06,2
1525,05:42:00,3.712844226940704e-11,2.588094445819869e-12,9.363529044476453e-13,1.828600551834701e-13,3.8467171529173996e-13,1.2001460719525284e-10,4.201221728605284e-06,2
1526,05:42:30,2.91074696850891e-11,2.4800960008969796e-12,1.2505448031182766e-12,2.9792912172834954e-13,9.219651368330745e-13,1.5841262954573436e-10,3.818364116190099e-06,2
1527,05:43:00,9.09553253924465e-11,3.8363799352619015e-12,1.0791207620081791e-12,2.978152363524634e-13,5.887557565985163e-13,1.7558552310610633e-10,3.9394793486536005e-06,2
1528,05:43:30,5.8114347957400776e-11,2.775145792301865e-12,1.088112733701219e-12,2.9213525201550643e-13,3.0293837620240793e-13,1.4636511218123362e-10,3.634611867385912e-06,2
1529,05:44:00,5.2196863051430016e-11,2.8256171242310853e-12,9.3682580787267e-13,2.4637634359677475e-13,5.428018574914393e-13,1.1133529273902988e-10,3.3466795310439987e-06,2
1530,05:44:30,1.9725715956727557e-11,2.132229658245503e-12,7.492909407334998e-13,1.7343719776731709e-13,3.6525217511740353e-13,1.4323952655540312e-10,3.174947396395002e-06,2
1531,05:45:00,6.404974922097614e-11,2.3878259579353957e-12,1.4763470845530291e-12,2.6603414586195487e-13,4.3540712404355416e-13,1.2670258692280263e-10,3.5899338792742344e-06,2
1532,05:45:30,4.287502014152038e-11,2.507991684504761e-12,1.1533440626026103e-12,7.083068064737129e-13,1.3176824543471115e-12,2.2734496993795977e-09,3.740695416953428e-06,2
1533,05:46:00,2.717373201377172e-11,2.4012209699728937e-12,1.1700435738669326e-12,4.211942013712369e-13,6.87945957951206e-13,7.596225644772497e-10,4.60636715921763e-06,0
1534,05:46:30,3.674390011685519e-11,2.3275607527210428e-12,6.309750424711361e-13,1.9411774969777428e-13,3.0563033287091107e-13,1.8273243364403117e-10,4.695967630631773e-06,1
1535,05:47:00,4.16245227691546e-11,3.663690717559732e-12,2.988682148338329e-12,2.6585970469260396e-12,2.8928440857472212e-12,2.197913655348978e-09,4.674588822628947e-06,0
1536,05:47:30,9.482492720022799e-12,2.114984579418225e-12,1.2157054291519645e-12,5.984814698488213e-13,1.6489395235053325e-12,1.831749055232728e-10,4.6055869379268615e-06,1
1537,05:48:00,4.072708020096709e-11,2.7469674165563916e-12,8.511361827441285e-13,3.47422936935491e-13,6.248383353782773e-13,5.331099230699459e-10,4.39849044706317e-06,2
1538,05:48:30,3.170060101179189e-11,2.1359676164471343e-12,1.922329474913644e-12,4.504948906543419e-13,9.160194585714328e-13,3.7288505063210233e-10,4.7590803721732736e-06,1
1539,05:49:00,3.275811769004742e-11,2.0134039324363433e-12,1.142002539071186e-12,4.3927038298755505e-13,7.970703804286732e-13,8.199117931706132e-10,4.466357188808997e-06,1
1540,05:49:30,5.1466212582357144e-11,3.216826610045261e-12,9.777751537715853e-13,1.8415408993778219e-13,3.8767808220088125e-13,1.5397802606651957e-10,3.0230484911530452e-06,2
1541,05:50:00,3.5498957537539423e-11,2.971347096170457e-12,1.052340942392078e-12,2.354995081508767e-13,5.587408150046649e-13,1.0289221406071675e-10,2.2936261550724904e-06,2
1542,05:50:30,4.007545392437395e-11,2.2538777560357144e-12,1.0157720996606718e-12,2.0854386289914728e-13,5.965581730765853e-13,1.1352795339225052e-10,2.1095622865492364e-06,2
1543,05:51:00,4.6121286615912846e-11,2.522262851000318e-12,1.0964827407162349e-12,2.4109828695666525e-13,6.172968738302404e-13,1.665730778517892e-10,2.270400854154729e-06,2
1544,05:51:30,7.435886390653811e-11,2.8053988393068754e-12,7.724155083396181e-13,2.2980214676202534e-13,4.3047984955085467e-13,1.7667305168528704e-10,2.0314033821722204e-06,2
1545,05:52:00,3.617983993539629e-11,2.4918014067741536e-12,7.859315940198372e-13,2.1522503122151542e-13,5.059648506067395e-13,1.315295063520718e-10,1.8204662409760798e-06,2
1546,05:52:30,2.149624560725765e-11,1.7404645624649384e-12,6.105723504944192e-13,1.9665397577950708e-13,6.634731698152298e-13,1.2985423852209795e-10,1.5479937007766221e-06,2
1547,05:53:00,3.915111694494797e-11,3.559659574870737e-12,1.552915674616075e-12,1.8563805065181506e-13,4.0976202964424556e-13,1.780590191185235e-10,1.5763686668333842e-06,2
1548,05:53:30,4.012040451930472e-11,3.640808727114386e-12,1.0759226496512911e-12,2.724551587500991e-13,5.63950629907592e-13,1.0978155393857207e-10,2.031970694979477e-06,2
1549,05:54:00,1.990377994576544e-11,2.5963849254799024e-12,1.027472203628807e-12,1.9412713536311428e-13,5.589757455603382e-13,1.6706330513911956e-10,1.7411761245590163e-06,2
1550,05:54:30,3.640191286764998e-11,3.0776681319471086e-12,1.2481631516789727e-12,4.2399500768512146e-13,7.171536947604158e-13,8.003492218394985e-10,2.4752985518277784e-06,2
1551,05:55:00,3.8101649771487665e-11,2.8478731338768963e-12,1.073107142275084e-12,3.17545912735974e-13,7.420640899655066e-13,3.907072337890265e-09,2.4540637628177557e-06,1
1552,05:55:30,4.7228181489208287e-11,2.7261159610541378e-12,1.0074313602187008e-12,1.767379798982008e-13,4.286305097353184e-13,1.2627148967036776e-10,1.6324373708121177e-06,2
1553,05:56:00,6.360009991295126e-11,3.22211485096038e-12,1.3028451483710591e-12,3.618266420777073e-13,7.330750277831751e-13,1.4753195544810122e-09,3.3942120786350333e-06,2
1554,05:56:30,4.199754146319783e-11,3.0690786673009843e-12,8.512419522315461e-13,2.1879072729981462e-13,6.04251117508655e-13,9.582831683941069e-11,2.467001456812464e-06,2
1555,05:57:00,5.362058510602207e-11,3.118264820380648e-12,1.1748686901686847e-12,3.294277426799303e-13,7.890475932697874e-13,2.7488798169067933e-10,2.822210731764819e-06,2
1556,05:57:30,1.629314077469833e-11,3.0109328620646906e-12,1.1761269004296916e-12,2.2240329869371256e-13,3.90047854302793e-13,1.63486251917332e-10,2.9952413913869154e-06,2
1557,05:58:00,3.772739547909569e-11,2.1671733439423983e-12,9.284220454463972e-13,1.6338624410438517e-13,2.6981099455624594e-13,1.4616282435695045e-10,2.9264427155845757e-06,2
1558,05:58:30,3.9802546173027835e-11,2.254393906829182e-12,1.2582251011761401e-12,4.2149192417452677e-13,8.940712450821506e-13,2.155359754816514e-09,4.7555106167073555e-06,1
1559,05:59:00,3.312458726100149e-11,2.2939871557278242e-12,1.390101642860968e-12,4.617563944811152e-13,8.817784030528676e-13,1.0751295366523635e-09,4.707542694076787e-06,1
1560,05:59:30,2.5485095803492996e-11,3.4586256140031646e-12,1.6016918633576888e-12,7.417176626242029e-13,1.1543521805202274e-12,2.351422079845424e-10,4.704856552600566e-06,1
1561,06:00:00,3.3314257031958815e-11,2.961770745333955e-12,8.702762353383843e-13,2.052426001552375e-13,4.886535601407845e-13,1.40355057656429e-10,4.430375048924648e-06,2
1562,06:00:30,4.541988078860918e-11,2.331073565827986e-12,1.290030189780864e-12,2.1729352998864902e-13,6.002537154886143e-13,1.87567065364073e-10,3.9337654438516955e-06,2
1563,06:01:00,3.40312773911572e-11,3.3573847281582288e-12,1.096387041595853e-12,2.435486407478745e-13,7.774226214078065e-13,1.9544541615613732e-10,3.7600436536103163e-06,2
1564,06:01:30,5.591148616908338e-11,3.074907546379334e-12,1.3841787823414218e-12,1.9471016747461445e-13,6.094209394543466e-13,1.4538427818445757e-10,3.118049829621057e-06,2
1565,06:02:00,5.1890699395288345e-11,3.342670537021471e-12,1.0706265615423245e-12,1.593034589682348e-13,4.30735627616251e-13,1.3945333887834263e-10,2.9121336118815196e-06,2
1566,06:02:30,8.819511348034866e-11,3.69170569644669e-12,9.490974699822007e-13,2.3437909629379393e-13,7.041198706907389e-13,1.6905724214493684e-10,2.6804197630504806e-06,3
1567,06:03:00,7.073311962747735e-11,4.198104531346946e-12,1.3036517628468532e-12,2.457759194168334e-13,8.092311361027358e-13,1.84721366892005e-10,2.0994948263512972e-06,2
1568,06:03:30,3.890257100483234e-11,6.060499578217349e-12,8.398019455129449e-13,1.7919291712156835e-13,4.239589670541703e-13,1.8392192419494367e-10,5.848251685127036e-07,2
1569,06:04:00,2.538773267116784e-11,1.9813826363431472e-12,9.783450796155836e-13,1.9203293530061305e-13,5.602427357427238e-13,1.0125608978238483e-10,7.170417810936952e-07,5
1570,06:04:30,2.480721392163412e-11,1.4615637965359579e-12,6.916276752123116e-13,1.6434220743536935e-13,4.518722641859829e-13,4.650697553461202e-10,6.30027068547124e-07,5
1571,06:05:00,1.053441865080427e-11,8.884327951575758e-13,6.59297877618462e-13,2.0177489957216353e-13,4.0793854558550867e-13,3.629707591327402e-10,1.1030914325664955e-06,5
1572,06:05:30,1.4478224507833018e-11,2.0602435132403235e-12,1.1771997171787873e-12,2.4529687497194915e-13,4.2061455411473495e-13,1.5700755069311414e-09,6.454576110582028e-07,5
1573,06:06:00,8.524790935723476e-12,1.8580072555542307e-12,8.439406620843526e-13,1.915727605830534e-13,3.7123918095591545e-13,3.1355470229083387e-10,5.724411132615959e-07,5
1574,06:06:30,1.0048669888771448e-11,1.7494867618830208e-12,7.61856452281257e-13,2.366165299413101e-13,4.865170161719198e-13,2.813923121580936e-10,7.443648300074389e-07,5
1575,06:07:00,1.1344672047648476e-11,1.7653617400115355e-12,8.29657783257169e-13,2.3217921905940183e-13,5.181014363733253e-13,5.452284364117033e-10,5.879755534509228e-07,5
1576,06:07:30,9.684224673302856e-12,1.313840187798317e-12,8.210030995141023e-13,2.026782829130328e-13,4.595036706824138e-13,1.118608534854523e-09,1.2886183731893234e-06,5
1577,06:08:00,7.768967992196774e-12,1.2299716060126868e-12,1.0772219547252002e-12,2.4518710804417306e-13,5.317963810352835e-13,2.1699166124379767e-10,8.704563806719621e-07,5
1578,06:08:30,1.6713746962695997e-11,1.465921716083328e-12,6.483394451889597e-13,1.8539956395588594e-13,2.8887902849425226e-13,4.2745214905003897e-10,8.261432328770852e-07,5
1579,06:09:00,7.461117168526667e-12,1.1408551779645944e-12,7.946185481129084e-13,2.1950876374626175e-13,4.794249800470598e-13,9.152893634340371e-10,8.114524034019973e-07,5
1580,06:09:30,1.2634725910388203e-11,1.870377841918897e-12,7.686951243751015e-13,2.1260193453543922e-13,4.557377897946818e-13,4.2522214829472764e-10,6.329689223955012e-07,5
1581,06:10:00,1.2300139363314925e-11,1.7414277195753724e-12,9.296839838302883e-13,2.1494486865108298e-13,4.0698277909757334e-13,1.1112275143341056e-09,5.208836009978244e-07,5
1582,06:10:30,1.2089484329820149e-11,1.4044346554225928e-12,8.462469136003666e-13,2.1470329647208364e-13,4.553488675101789e-13,3.318071742985838e-10,6.858117889931379e-07,5
1583,06:11:00,5.748823177539165e-12,1.5596105538481637e-12,6.524314308450684e-13,1.3551490331555234e-13,2.491987955104237e-13,9.318212255794741e-10,6.841857989444267e-07,5
1584,06:11:30,1.3442424498556015e-11,1.1074756265505536e-12,9.434216505120339e-13,3.1845217520432847e-13,4.82002262123882e-13,1.0842638876794266e-09,1.6460707490645698e-06,5
1585,06:12:00,8.411706880650106e-12,1.139237787198028e-12,6.948222903639151e-13,2.0123011146154068e-13,3.630181231619223e-13,5.49287062642027e-10,8.222681185932006e-07,5
1586,06:12:30,5.658763704300523e-12,1.0608770076043216e-12,6.170879043228722e-13,2.373635373282553e-13,4.79541095968536e-13,5.128354538727415e-10,8.325993362191893e-07,5
1587,06:13:00,5.995348872818002e-12,1.0198980741018174e-12,6.583719507175972e-13,1.6977829129732361e-13,3.1421741444423196e-13,1.727824356028236e-10,6.22038636562148e-07,5
1588,06:13:30,7.441105978865837e-12,9.25623139524122e-13,6.574663996674376e-13,2.088974823641308e-13,3.412528284698295e-13,1.371013824590458e-09,8.348279807503092e-07,5
1589,06:14:00,8.92621145141836e-12,1.2560852488686177e-12,4.559107975979609e-13,1.6733762719197961e-13,1.9915108329913608e-13,6.736999258413535e-10,7.031468206814824e-07,5
1590,06:14:30,1.3165212920078167e-11,1.6706001768148652e-12,8.373024087307119e-13,2.1353969355449398e-13,4.867408759380638e-13,2.560596251271776e-09,8.770545006980625e-07,5
1591,06:15:00,2.533201089697932e-11,2.4576418635465364e-12,5.503986117086302e-13,1.7395077783975083e-13,2.6613893914305374e-13,3.0941062429857365e-09,6.4747189294442e-07,5
1592,06:15:30,7.018204485214421e-12,1.0605230496154955e-12,6.531620886633179e-13,2.1723171468526442e-13,4.524081979009061e-13,5.840489480765424e-10,7.136978492866211e-07,5
1593,06:16:00,3.0561565435793974e-11,1.47082538454921e-12,6.100049447731317e-13,1.6310709369574322e-13,2.1624745951703226e-13,1.8349494057275094e-09,6.225669552227551e-07,5
1594,06:16:30,8.840668337473269e-12,8.723807047127322e-13,4.76665844944187e-13,1.722205323385876e-13,2.68262017507111e-13,7.417912663912167e-10,5.705144338315727e-07,5
1595,06:17:00,7.686186619278094e-12,1.2548778445730505e-12,5.277893643782757e-13,1.834309063647873e-13,3.7508625257400383e-13,3.40013729586668e-09,5.778299728019897e-07,5
1596,06:17:30,1.5978798048209466e-11,1.4721377134847855e-12,8.258006430069077e-13,2.305596282768192e-13,4.5312651548573464e-13,1.4595196088915164e-09,6.737408061632047e-07,5
1597,06:18:00,1.5923022047284673e-11,1.5516985256784595e-12,1.0243073284406795e-12,3.654071732324371e-13,8.938446328517659e-13,7.285162996311827e-10,1.6481997655053342e-06,5
1598,06:18:30,7.463205952742325e-12,1.1756413742093365e-12,5.826561173322641e-13,2.63439909560839e-13,3.614969082699954e-13,9.232034441182302e-11,1.178484634108872e-06,5
1599,06:19:00,1.2039883750301359e-11,1.830377325493025e-12,1.2236863279017618e-12,2.8023102212690426e-13,6.01315273571019e-13,1.0071719178583965e-09,1.512244850068217e-06,5
1600,06:19:30,7.045183622459365e-12,1.7210430025043992e-12,7.131534484255154e-13,1.6533058224131502e-13,3.3335240867202504e-13,2.1373531285078073e-10,6.07291620354673e-07,5
1601,06:20:00,2.4891072025767467e-11,2.11938961137989e-12,1.1524774235716011e-12,4.5061993273927974e-13,8.803358131767897e-13,3.5600227796504395e-09,2.6691580207290417e-06,1
1602,06:20:30,8.267516790023294e-12,1.1224057690562087e-12,5.24580196434428e-13,2.0901032981646073e-13,3.1934028450202493e-13,7.531580287704973e-11,7.581395649736554e-07,1
1603,06:21:00,1.659505373170331e-11,2.040894389266986e-12,7.715273708869191e-13,3.0100156251820067e-13,5.364322124332263e-13,3.4353176517878615e-10,2.233630079069765e-06,1
1604,06:21:30,7.773392070527074e-12,1.843752528039746e-12,1.170105570093107e-12,4.22624879564922e-13,1.1464361791704305e-12,1.1514838364115926e-10,3.47913497335872e-06,1
1605,06:22:00,6.012604900151562e-11,1.9391513164948157e-12,1.139177101856795e-12,9.243480177080784e-13,8.067765809459703e-13,1.2798735963504003e-09,3.5363254223322445e-06,1
1606,06:22:30,8.567308941445324e-12,2.62788973720613e-12,1.0139473855923566e-12,2.123077845195369e-13,4.022470026108312e-13,1.560268373581285e-10,1.919479543397974e-06,1
1607,06:23:00,1.6561410530152984e-11,2.0100541053827755e-12,9.00700786985184e-13,2.7707072494593303e-13,6.524309566280273e-13,8.74574514118241e-11,1.2660124138134443e-06,5
1608,06:23:30,1.1165050328118104e-11,2.2242178788581424e-12,1.076923168132404e-12,2.272699323748851e-13,3.9670156800657517e-13,1.1824087905644028e-10,1.5153562381354154e-06,5
1609,06:24:00,1.0811219373686214e-11,1.793836563398052e-12,9.520738235782423e-13,2.382311183770875e-13,5.204937745340946e-13,3.3130334075306996e-10,1.4256365953146783e-06,5
1610,06:24:30,1.223139241377322e-11,1.6664296153489104e-12,6.313544622175518e-13,2.0270315432933558e-13,3.231655239745534e-13,2.731102175913048e-10,1.3936201599445754e-06,5
1611,06:25:00,1.1205878006747532e-11,1.4910027568286445e-12,4.845456376532137e-13,1.780952474222842e-13,3.7963279903213464e-13,8.272271938966447e-10,9.974907473423773e-07,5
1612,06:25:30,1.6802763894967516e-11,1.1837536988210964e-12,6.280848430006954e-13,2.2433623668260755e-13,3.2273217613451665e-13,5.796310735361058e-10,8.572526683910952e-07,5
1613,06:26:00,1.4295187124451868e-11,1.4769714954444114e-12,6.704871082741853e-13,1.548149823397096e-13,2.5551026738513764e-13,1.5418677578988665e-09,1.2769568567891637e-06,5
1614,06:26:30,4.957190859772939e-12,8.369553795558355e-13,7.212072957685488e-13,2.5377020909275593e-13,3.031244382713137e-13,1.2141289464190314e-09,1.6039357837630112e-06,5
1615,06:27:00,7.477425021955115e-12,1.1800955913360122e-12,6.539560665979949e-13,2.364597000741703e-13,4.5430927602092964e-13,1.2097318401365374e-09,8.61039368599271e-07,5
1616,06:27:30,2.0133464338107628e-11,2.0938543856694317e-12,7.879306265513294e-13,1.8586759592214622e-13,2.4743071420412847e-13,1.8332766754815995e-09,9.191002159311276e-07,5
1617,06:28:00,6.1719562149117615e-12,9.692020057658698e-13,4.305720715396388e-13,1.6302855146028307e-13,2.412168210942632e-13,1.2695665418070278e-09,1.4890282958465248e-06,5
1618,06:28:30,7.27239362643314e-12,1.081750180915066e-12,4.891426769455892e-13,1.588583273678605e-13,2.437181401494887e-13,7.752742336872981e-10,8.875130943919387e-07,5
1619,06:29:00,8.681737869442883e-12,1.3138992028173855e-12,8.152056714251672e-13,2.063365023434419e-13,4.057213043959361e-13,7.870173650524606e-10,1.4360977370481007e-06,5
1620,06:29:30,6.471604867741036e-12,8.60761866160189e-13,3.841768090019189e-13,1.7047345377620084e-13,2.929632347219401e-13,7.877197639112635e-10,8.88412189828397e-07,5
1621,06:30:00,9.038224306689238e-12,1.2622389744517179e-12,5.239754594918058e-13,1.9050250426319242e-13,2.505630639514797e-13,6.954393833897242e-10,1.5770663199058096e-06,5
1622,06:30:30,6.495972093348031e-12,7.82339209714704e-13,5.400053364697177e-13,1.7699064070898072e-13,3.259932289245744e-13,2.9203989228245377e-10,9.029207162968522e-07,5
1623,06:31:00,6.616747564615958e-12,8.804711329993947e-13,4.848079385907023e-13,1.7768030827103166e-13,2.6103963432096256e-13,6.841012862822923e-10,1.1196363859782862e-06,5
1624,06:31:30,6.594742395202788e-12,1.235799480008045e-12,5.567853972855288e-13,1.7192678514591018e-13,2.2297530039670955e-13,5.246686125358751e-10,1.0826589026501414e-06,5
1625,06:32:00,6.861736536546635e-12,1.6652438312044102e-12,7.689510235155305e-13,2.0013251971019197e-13,3.10595684785235e-13,1.5259209487820095e-10,1.103755858482112e-06,5
1626,06:32:30,7.531913938857583e-12,1.5182862076238426e-12,8.474745206429828e-13,2.3636380574575036e-13,4.751537195446924e-13,3.762887587659971e-10,1.4396609257156477e-06,5
1627,06:33:00,9.59606811627507e-12,2.3480396881644134e-12,1.3228014885255941e-12,5.656156831440716e-13,1.109556359580921e-12,3.926868187489964e-10,2.8389957244838786e-06,1
1628,06:33:30,8.422521934027522e-12,1.7485501400479856e-12,8.591782120489772e-13,3.221869521132479e-13,7.421265884879238e-13,1.0586303634644444e-10,1.980192094507458e-06,5
1629,06:34:00,2.309471855805568e-11,2.797300677139188e-12,1.1672985060589231e-12,2.413052033603741e-13,5.496408898749308e-13,8.387565578343999e-11,1.0295447961060573e-06,1
1630,06:34:30,4.499288318572526e-11,2.7564998584643984e-12,1.2081317041613205e-12,2.326612118143102e-13,5.818259002381835e-13,1.0314340963357832e-10,7.633415657069311e-07,2
1631,06:35:00,4.731699894002844e-11,2.193927106633037e-12,5.918970107645503e-13,2.0187198889928457e-13,3.30528651879803e-13,1.988612821309289e-10,7.546259330898489e-07,2
1632,06:35:30,9.673457579790777e-12,2.278021253360224e-12,1.4489937922230648e-12,3.594628922228906e-13,1.0102508189643453e-12,6.935157990088743e-11,1.3578753716809142e-06,5
1633,06:36:00,4.2875802437857683e-11,2.2514814075838043e-12,8.974527702271593e-13,2.2655910918865807e-13,7.749947274900178e-13,1.4014329255581637e-10,9.712754463722246e-07,5
1634,06:36:30,3.949125950588206e-11,3.240820522844654e-12,1.1381236090060035e-12,2.6375003306171773e-13,8.39374087357996e-13,1.6557154348881964e-10,5.374008088302697e-07,2
1635,06:37:00,2.7433427242290388e-11,2.5232261962552e-12,8.597875614308505e-13,1.883274230063531e-13,5.397497364370936e-13,1.3590801317414645e-10,5.53187594597923e-07,2
1636,06:37:30,1.1586430479812617e-11,1.7483907548294932e-12,5.713162629350167e-13,1.4878090220179877e-13,2.1885047395673107e-13,7.805981194396595e-11,9.993869472400113e-07,2
1637,06:38:00,1.878106932999036e-11,2.3466920835932554e-12,4.832419547293031e-13,1.7194583008275678e-13,4.1613487816058876e-13,7.567714285678004e-11,6.155626530029967e-07,2
1638,06:38:30,2.676672005258063e-11,2.5083993230872027e-12,1.0429295557265662e-12,1.979634026518495e-13,3.14928637335884e-13,9.279296790441894e-11,5.314150359026783e-07,2
1639,06:39:00,7.158891073617593e-11,2.898444717794397e-12,1.7665663024819434e-12,7.758253136753959e-13,1.364738073734981e-12,1.2041836335682292e-09,2.8925341796155167e-06,2
1640,06:39:30,6.288442001400286e-12,1.916292711526881e-12,1.008397561308182e-12,2.3041565311738645e-13,5.194225637015105e-13,7.061723173967502e-11,2.425837450402712e-06,1
1641,06:40:00,4.8662590293052764e-11,3.0016093765781635e-12,8.803620714046686e-13,2.017355163994007e-13,4.628988218576869e-13,1.8907658444517648e-10,1.1327472511782792e-06,2
1642,06:40:30,2.193338290496236e-11,2.475630291635604e-12,8.849070181284214e-13,2.1291053250879822e-13,5.835489880664877e-13,1.5824092003724668e-10,9.719036245086265e-07,2
1643,06:41:00,6.03566774587563e-11,2.4747820110618936e-12,1.3327127454311229e-12,5.751987870646954e-13,1.2020362764390062e-12,5.2246472047825015e-09,4.036540596635396e-06,0
1644,06:41:30,1.1191771486034232e-11,1.7612854679221027e-12,1.4215599518012411e-12,4.67920175599242e-13,5.66436723835848e-13,2.837823337937477e-09,4.6228580103824525e-06,1
1645,06:42:00,1.2088943145149445e-11,1.746354656543608e-12,1.0160621476087182e-12,3.107309043115946e-13,6.659552844826778e-13,1.9766540047947184e-10,4.0866047296475995e-06,1
1646,06:42:30,1.3219263164717009e-11,2.7216425511282036e-12,1.0939511914096644e-12,3.7718000193210117e-13,8.197076996571665e-13,1.0498292033904438e-10,3.598894842470956e-06,1
1647,06:43:00,3.854419898195798e-11,1.5329787728711807e-12,8.618881007079729e-13,2.5453361166655706e-13,5.437269522692584e-13,1.4581840697541302e-10,3.6644106135226505e-06,2
1648,06:43:30,2.499750444938157e-11,1.8078503487909423e-12,9.463878639576743e-13,2.1261251578370645e-13,5.516843939379915e-13,1.0169443855732668e-10,3.162462799715291e-06,2
1649,06:44:00,4.358467406331962e-11,2.6695051368218206e-12,7.852587465284709e-13,1.9921174979773232e-13,5.165589474357604e-13,1.1447713144165358e-10,2.7204120414752263e-06,2
1650,06:44:30,3.790159712756632e-11,3.636158629260982e-12,9.323984122677111e-13,2.19024911495316e-13,5.053244122983866e-13,1.7212549056984043e-10,3.0219200590095984e-06,2
1651,06:45:00,5.441309352880204e-11,2.3797430899056568e-12,8.88014946988695e-13,1.622718761470227e-13,4.798234510373283e-13,1.510470860050584e-10,2.6505506382298762e-06,2
1652,06:45:30,3.258005834595185e-11,2.223954065942171e-12,7.884157014191229e-13,1.9255775251876893e-13,6.300292040431409e-13,1.7434956189249872e-10,2.5954469853165263e-06,2
1653,06:46:00,4.6496757466489304e-11,2.6420040042776718e-12,9.467713423908948e-13,2.0060304661141253e-13,8.003506292945023e-13,2.0288512515519002e-10,2.8927147677810226e-06,2
1654,06:46:30,4.6373817908008376e-11,2.251341729692237e-12,7.394713838684143e-13,1.989536837333303e-13,9.195763079997979e-13,1.8184469672783264e-10,2.3089547625029223e-06,2
1655,06:47:00,5.203307359962109e-11,2.785127465710311e-12,6.036221770825367e-13,1.5125183293224435e-13,4.307593256749162e-13,1.4472855158446186e-10,2.3934113427271643e-06,2
1656,06:47:30,5.143730577970721e-11,2.9927452885533566e-12,8.660591828608204e-13,1.468764239462098e-13,2.7811790881477137e-13,1.8969849875509343e-10,2.2806405213999712e-06,2
1657,06:48:00,4.109168198104581e-11,2.559768931799195e-12,7.032218597558737e-13,1.6197941055558797e-13,4.421613316955726e-13,2.5124387754109724e-10,2.414463510531982e-06,2
1658,06:48:30,5.2835055792148516e-11,2.600062892849831e-12,7.856305507749919e-13,1.6224445084752534e-13,4.499275522043815e-13,1.5295773095024754e-10,2.1543880031494694e-06,2
1659,06:49:00,4.366480414394322e-11,3.440434239413088e-12,8.037793774747033e-13,1.6447743338624306e-13,4.1080609578547986e-13,2.2867703842154912e-10,2.061622305163641e-06,2
1660,06:49:30,4.883579288856486e-11,3.2300548435265e-12,8.652844080801592e-13,1.2837389689781733e-13,3.6961960696150944e-13,1.7369024088820134e-10,2.061217082692934e-06,2
1661,06:50:00,6.667384858223208e-11,2.428904196288671e-12,7.233715123671472e-13,1.547359624235025e-13,4.794382211797623e-13,2.6345329857447754e-10,2.0701000705794255e-06,3
1662,06:50:30,6.382819120868433e-11,2.5103271225105675e-12,5.939943902728098e-13,1.1529411227248384e-13,2.6729031116201324e-13,1.5749467904197022e-10,2.087792004904494e-06,2
1663,06:51:00,4.9557855808253263e-11,3.119893935368875e-12,9.29408751365378e-13,1.526702312454026e-13,3.725780469084982e-13,2.6315359512664275e-10,2.0552725587922835e-06,2
1664,06:51:30,5.679966650564583e-11,3.187427482578075e-12,1.0541264184514276e-12,1.6680211496895678e-13,5.164775582937331e-13,4.043420506507566e-10,2.137809586486001e-06,2
1665,06:52:00,6.904108123295688e-11,2.6325032802138913e-12,8.212188483681602e-13,1.6428872110626872e-13,6.448848460744015e-13,4.3024057459443483e-10,2.311819442867277e-06,3
1666,06:52:30,9.213156682957068e-11,2.4187921975438626e-12,7.802932876127249e-13,1.678731223543681e-13,5.547397605179915e-13,3.8181713542589807e-10,2.5130885547354007e-06,2
1667,06:53:00,6.215286974398776e-11,2.198651784885642e-12,8.219656611582695e-13,1.4458793704372693e-13,4.312197258539697e-13,2.5026511596194985e-10,2.263774321857609e-06,2
1668,06:53:30,5.6275895999729183e-11,2.405178472322976e-12,7.752326362280135e-13,1.796938342728583e-13,6.755899996978018e-13,4.0937002505731934e-10,2.12536834217807e-06,2
1669,06:54:00,4.731825034000294e-11,2.832033756652526e-12,1.0950637049380103e-12,1.4589884033326495e-13,3.5123725111866565e-13,3.037115080066014e-10,2.0851835951154297e-06,2
1670,06:54:30,6.619320469044659e-11,2.1741305234688718e-12,7.452712759072835e-13,1.3204444444526012e-13,4.1514377382963843e-13,4.4721469604756854e-10,2.0247606294526547e-06,3
1671,06:55:00,7.169153451201659e-11,2.629098531781109e-12,1.1349633672869818e-12,1.3767430518126235e-13,3.5780248041967835e-13,3.198738004968288e-10,2.146123263732948e-06,3
1672,06:55:30,6.13470322514038e-11,3.2152385370617513e-12,8.284217295877402e-13,1.5257820779129665e-13,5.271752669241045e-13,3.8821415366792033e-10,2.0922091863456904e-06,3
1673,06:56:00,4.611823425034004e-11,3.2835794241284005e-12,9.450002684904707e-13,1.9305052092677636e-13,7.458191953748498e-13,4.219840604231689e-10,2.0318368528870244e-06,3
1674,06:56:30,6.982243528999616e-11,3.037055408132393e-12,9.153458117344984e-13,1.2408563679537385e-13,3.672297385752137e-13,3.8143038174128186e-10,1.9716210933722054e-06,3
1675,06:57:00,8.720544168435449e-11,2.427139555851473e-12,9.247501619285294e-13,1.321108323073214e-13,4.180472439708558e-13,3.7297577048188964e-10,2.058519987020585e-06,3
1676,06:57:30,7.512555521784735e-11,2.321734239062957e-12,8.226845732813892e-13,1.082053323571421e-13,2.8934806913711424e-13,3.4863179182307606e-10,2.1965016716547496e-06,3
1677,06:58:00,9.703034775583577e-11,4.364408306620182e-12,9.969357624367053e-13,1.58622240412969e-13,5.391997315293131e-13,5.068225855388152e-10,2.3891908353572046e-06,2
1678,06:58:30,9.476027323078083e-11,3.454486148785107e-12,8.330111571060222e-13,1.3729245615125836e-13,3.293626048446546e-13,4.818211148746238e-10,2.252818456731964e-06,3
1679,06:59:00,5.906644149945628e-11,3.3408543366887845e-12,1.2712157815742892e-12,1.4051415134991642e-13,3.994539016361988e-13,4.340960741495369e-10,2.344775733753155e-06,3
1680,06:59:30,9.882551633951522e-11,3.0632017766993815e-12,1.3546090550684305e-12,1.6594093877028056e-13,5.408009932528488e-13,6.716797860589975e-10,2.0717692314881037e-06,2
1681,07:00:00,5.0757359989756404e-11,2.1642842867739642e-12,7.6302894967585e-13,1.6404352204895424e-13,5.186433204824161e-13,5.839708164885459e-10,2.481243882115123e-06,3
1682,07:00:30,8.364456342039279e-11,2.7842445027589725e-12,8.023422228028862e-13,1.6815962504689597e-13,6.320059332984342e-13,5.497625411266079e-10,2.823693183093168e-06,3
1683,07:01:00,8.866004001884114e-11,4.501841492350131e-12,1.0376790293726208e-12,1.5160721777643776e-13,5.198483095475207e-13,4.2334432657118696e-10,2.411553841871448e-06,3
1684,07:01:30,7.526201271591459e-11,3.847400694573752e-12,9.395689022005294e-13,1.5221369976722535e-13,4.0548041026856124e-13,3.3193917553042227e-10,2.1996618377314556e-06,3
1685,07:02:00,5.783193330987793e-11,3.954238539945191e-12,1.032377612788764e-12,1.46287596667214e-13,3.8936251892783314e-13,3.8099827504889366e-10,2.226166439699201e-06,3
1686,07:02:30,8.293800108294761e-11,3.934246609051645e-12,1.1987405045750559e-12,3.8119457655137883e-13,7.750731732745523e-13,4.503281211136335e-09,3.926187456173124e-06,3
1687,07:03:00,3.326105753645289e-11,3.988093433058043e-12,1.3408326990498562e-12,4.2788636075711134e-13,1.3440266899661515e-12,4.443430660260993e-10,4.709862510219935e-06,2
1688,07:03:30,3.4221068077112266e-11,3.663476710719569e-12,1.572829567966836e-12,4.767832434067448e-13,1.0360141593625594e-12,5.623348659489885e-10,4.790026805148941e-06,1
1689,07:04:00,3.913476077569024e-11,2.657691275721024e-12,1.1764037321256582e-12,3.1678416162039724e-13,7.340933810876433e-13,3.326887004392014e-10,4.823270501263762e-06,2
1690,07:04:30,3.971087175457803e-11,4.5841981051464014e-12,1.254072597579395e-12,2.9560754742965483e-13,7.816473623063828e-13,3.1506266296042126e-10,4.776726157548371e-06,2
1691,07:05:00,3.0757626761446565e-11,3.756317134006095e-12,1.6924828132263343e-12,6.364790418759898e-13,9.568929045159108e-13,1.2354444222340677e-09,4.735536530969697e-06,0
1692,07:05:30,3.66068925429704e-11,3.0624877457368122e-12,1.177078588290797e-12,2.6933682700055956e-13,7.772810165843741e-13,1.6365422675988352e-10,4.6769071287376154e-06,1
1693,07:06:00,6.79755770798958e-11,5.818900268217862e-12,5.934813538432831e-12,2.482629232609043e-12,3.3208325686971014e-12,4.047478060484075e-10,4.461267046413209e-06,1
1694,07:06:30,4.738015866956948e-11,4.309959406166322e-12,2.030359868691138e-12,1.2259230409610178e-12,1.0654670308513133e-12,1.6688162623908057e-10,4.4600662752804725e-06,1
1695,07:07:00,4.409998038024216e-11,3.921668418628033e-12,1.2101088484080345e-12,3.51043179132088e-13,6.680957710708395e-13,4.915277982435808e-10,4.435459090994362e-06,2
1696,07:07:30,4.8443759679913417e-11,1.6943023307749545e-12,1.0621943796654277e-12,2.38758067691814e-13,6.960277329907232e-13,2.261217215762986e-10,4.23390173823548e-06,2
1697,07:08:00,5.72845264851109e-11,3.820130428067872e-12,1.692579270349121e-12,2.50049338058503e-13,7.076391198850981e-13,2.680510725554193e-10,3.9646238843781536e-06,2
1698,07:08:30,2.021715345393291e-11,2.0758639334123293e-12,1.0763802472919884e-12,2.824279158468443e-13,8.926454600576342e-13,1.538605677630989e-10,4.555365696461163e-06,2
1699,07:09:00,5.86046884873455e-11,3.839009769883333e-12,1.2530861570759542e-12,3.1658784341091687e-13,6.67468006435481e-13,2.1887711916977285e-10,4.360886329320911e-06,2
1700,07:09:30,3.562364335330046e-11,3.1985944872212e-12,1.7845970661201998e-12,4.108388530605561e-13,1.1145387637950166e-12,4.568319350839718e-09,4.45733821788516e-06,1
1701,07:10:00,4.325858713333882e-11,3.338327904197082e-12,1.149766371349735e-12,3.1262271696846277e-13,7.348120065313468e-13,3.719306052545323e-10,3.975094678397407e-06,2
1702,07:10:30,5.2808094864737606e-11,4.929607458992775e-12,1.8869985763245245e-12,2.0771720442324582e-12,1.4070839755173744e-12,1.3729968100534154e-09,4.23222034218804e-06,1
1703,07:11:00,2.0793117656174194e-11,2.5965096349905473e-12,1.2004030705097072e-12,2.8377665330973847e-13,6.840909880609648e-13,2.4618457681199844e-09,4.4523208939408385e-06,1
1704,07:11:30,4.3343855303777574e-11,2.6884520340352174e-12,2.017085189692602e-12,3.440866833172233e-13,8.493854851787549e-13,1.8122353864323628e-10,4.452550928110306e-06,2
1705,07:12:00,2.9743080337804264e-11,2.4170963432009996e-12,1.5961730672178527e-12,4.2785950765836423e-13,9.922540565055696e-13,1.6347512088915938e-10,4.508962536188751e-06,2
1706,07:12:30,3.329845545022541e-11,2.2782285761529117e-12,1.2584014112870824e-12,3.729813377544801e-13,8.464384897646749e-13,6.975260325562912e-10,4.608239580953119e-06,2
1707,07:13:00,4.940760423973964e-11,2.8742389960150302e-12,1.0711308504854516e-12,6.779375866182594e-13,7.959996069041535e-13,6.107269151494733e-09,4.820818713372619e-06,0
1708,07:13:30,1.1301165682158256e-10,3.504550312486394e-12,8.914351228419575e-13,4.2093755391893337e-13,5.121949996417896e-13,3.308362565434757e-09,4.812355390207652e-06,0
1709,07:14:00,6.873756211988285e-11,2.7808211485297625e-12,1.5845192137511694e-12,8.421681202696513e-13,9.513161833713074e-13,5.104182195887752e-10,4.768913791517417e-06,0
1710,07:14:30,1.0320304537280354e-10,4.107387234780327e-12,1.73497499398275e-12,8.551701229459954e-13,1.0677027062463465e-12,4.2082767359718226e-09,4.828375844370174e-06,0
1711,07:15:00,9.988726944700602e-11,5.010334944892899e-12,1.3992495309024063e-12,5.697249640150005e-13,5.95572874408607e-13,3.461492459884578e-09,4.875777227786189e-06,0
1712,07:15:30,1.2198046540635152e-10,5.053668007763878e-12,1.3924139466921465e-12,7.118291867630344e-13,1.0765041490946951e-12,4.141903233297747e-09,4.77518791873215e-06,0
1713,07:16:00,1.8878584506024567e-11,3.5374857391232625e-12,1.5075735065775656e-12,5.034683960819702e-13,9.271027493841205e-13,2.6054115336013177e-09,4.678557879827535e-06,0
1714,07:16:30,8.738157928073896e-12,3.3635704958769476e-12,2.2677930792245416e-12,7.341282855727075e-13,1.7653407249880304e-12,2.9208345447541707e-10,4.708232787865159e-06,0
1715,07:17:00,1.8666224909235207e-11,2.837690551828422e-12,1.4580196527944006e-12,4.927833335826245e-13,1.2937783542140276e-12,1.3592287946800573e-10,4.736844414766095e-06,0
1716,07:17:30,7.418563788995716e-12,2.356919417016657e-12,1.5134803229069842e-12,4.892478700798981e-13,1.389064889320654e-12,1.0455577302296769e-10,4.783865220034943e-06,1
1717,07:18:00,9.571992069855855e-12,1.8117544515039783e-12,1.1152541694156755e-12,3.5472450008874506e-13,9.057998541945166e-13,1.8427896698281528e-10,4.7710222742206985e-06,1
1718,07:18:30,1.3704841856506794e-11,2.8003593509438608e-12,1.3933256849056948e-12,4.5097609115081356e-13,9.670214990297443e-13,2.6335682985690075e-10,4.789473595603271e-06,1
1719,07:19:00,3.043251304184809e-11,2.2267435594259544e-12,8.067384454890728e-13,2.989975585427329e-13,5.665703007231986e-13,1.8869782555377853e-10,4.730676483187956e-06,1
1720,07:19:30,4.4895615659514867e-11,3.2161876694642542e-12,1.0943972743822208e-12,2.6087109820874574e-13,6.436606893530095e-13,2.6212287842698493e-10,4.6354845448891235e-06,2
1721,07:20:00,2.431433913745331e-11,1.976897045815495e-12,1.1307592154385218e-12,3.494844037058784e-13,9.25218963424509e-13,1.8202811838467808e-09,4.6941583836909606e-06,2
1722,07:20:30,8.219930054743125e-12,1.7154361579782533e-12,1.2335581258599223e-12,5.221202896809659e-13,1.1260954247239753e-12,5.977567883898594e-10,4.699296251115189e-06,0
1723,07:21:00,1.2251768871962227e-11,1.4561331398418478e-12,7.882086331069337e-13,4.289983489576345e-13,8.582401685062813e-13,1.7643881411588556e-10,4.731628663206933e-06,1
1724,07:21:30,1.6679821317310297e-11,2.3410842932687475e-12,9.960539264546224e-13,3.5471506681325137e-13,4.732548869261871e-13,1.4559520631334967e-10,4.696210239526539e-06,1
1725,07:22:00,2.364707208918141e-11,3.206393679864464e-12,1.2599320208509725e-12,3.5364702653263846e-13,7.447927040346238e-13,1.2910696891484603e-10,4.695947134665297e-06,2
1726,07:22:30,2.7063081949894607e-11,2.497441688252693e-12,1.0791403277656456e-12,3.667291263194315e-13,6.953412290638601e-13,2.1411207949119134e-10,4.697431658437848e-06,1
1727,07:23:00,2.9235980618011903e-11,2.478237459113298e-12,8.853252128525172e-13,5.051503974741664e-13,8.522486374881285e-13,1.9771724441824707e-09,4.729599564766377e-06,1
1728,07:23:30,2.6385815258508356e-11,2.2846647695683638e-12,1.2215374049618071e-12,5.685962376272746e-13,5.223533472840724e-13,4.262072519748092e-10,4.67805741106103e-06,1
1729,07:24:00,1.0403771512184629e-11,1.57439879481774e-12,1.1163475314782047e-12,3.775433377047247e-13,8.73812439926864e-13,3.04456833942651e-10,4.752149695340941e-06,1
1730,07:24:30,2.8901218493535752e-11,2.3319968465794853e-12,1.2061055503262243e-12,4.0575653328826617e-13,7.088272927907172e-13,1.8856340724772958e-10,4.740571489534624e-06,2
1731,07:25:00,5.422808640416493e-11,2.0185888492157968e-12,1.0114886259920224e-12,2.9657618967530306e-13,5.279565904436704e-13,1.6601875233692066e-10,4.576886632463584e-06,2
1732,07:25:30,3.324250008372044e-11,1.647424842374255e-12,7.252949676732107e-13,2.332185468029483e-13,4.666326484632096e-13,1.4151438132034296e-10,4.554646664188746e-06,2
1733,07:26:00,1.890708544632778e-11,2.0038652688807587e-12,9.196014778119887e-13,3.004855684802526e-13,8.272825327965904e-13,1.9838396926166962e-09,4.604807977909267e-06,2
1734,07:26:30,3.9776084515292704e-11,2.827082467686036e-12,8.194249289286811e-13,3.0836986305078137e-13,5.735965555282263e-13,1.5728174524967185e-09,4.330053510167331e-06,2
1735,07:27:00,2.4383272565310542e-11,2.2349638486477146e-12,9.74266127967011e-13,3.1292968378683453e-13,6.996645346917619e-13,6.131643525165618e-10,4.561034814298282e-06,2
1736,07:27:30,5.887982978124522e-11,3.8820499628642284e-12,8.559670433583345e-13,2.1083375857249152e-13,4.047813486591474e-13,1.3525964203340765e-10,3.6213082693056927e-06,2
1737,07:28:00,6.850049234606591e-11,3.569390641343093e-12,1.0749630573290872e-12,3.220889267238809e-13,9.092278256309995e-13,1.381958896462982e-10,3.942010899747095e-06,2
1738,07:28:30,4.962155688799326e-11,2.3324392299106563e-12,1.0345861851660844e-12,3.118103706930693e-13,4.4393837455947745e-13,1.5092539664226004e-10,3.97263606964913e-06,2
1739,07:29:00,6.246435637373095e-11,2.888669167022506e-12,9.775010268958632e-13,2.445189247536465e-13,6.404950014640234e-13,1.8162423646543812e-10,3.933174613894113e-06,2
1740,07:29:30,2.9681616294073717e-11,2.2290329576736034e-12,8.543908719244885e-13,2.1481288260044984e-13,3.579446010508106e-13,1.9962021424519524e-10,3.6219748707410915e-06,2
1741,07:30:00,5.5841148984029975e-11,4.282109943002646e-12,1.4791583026882043e-12,2.2319410167572328e-13,5.512508840584444e-13,1.0375381003464636e-10,3.5802449252271715e-06,2
1742,07:30:30,4.062820785110211e-11,2.688348032939931e-12,8.81082554321107e-13,1.6850005628563907e-13,3.856176524561152e-13,1.6733165161517206e-10,3.3690945258499425e-06,2
1743,07:31:00,4.9912600915752e-11,3.726811815619609e-12,9.008624406380151e-13,2.0728611986691688e-13,4.4829052660910293e-13,2.1069799087680713e-10,3.3097938576137792e-06,2
1744,07:31:30,2.6945343799793963e-11,2.965242544094031e-12,6.752033345109506e-13,2.118372453530243e-13,5.70401996574966e-13,1.530958399005509e-10,2.904736949032156e-06,2
1745,07:32:00,5.2755086421815966e-11,3.1779175496740364e-12,1.0549661173457511e-12,1.7417126766767792e-13,5.103939186616361e-13,1.1627199656497469e-10,2.7504254837854665e-06,2
1746,07:32:30,3.2796343352386264e-11,4.690572589342161e-12,1.1891205096424973e-12,1.908471986236898e-13,4.827765004719689e-13,1.1552915479521741e-10,2.841898056633681e-06,2
1747,07:33:00,3.8463703875942716e-11,3.441990335539037e-12,1.1474737211823552e-12,1.9089821323302463e-13,3.673470941817547e-13,1.715532410334898e-10,2.698813877658567e-06,2
1748,07:33:30,5.2001693188294415e-11,3.1476856620305175e-12,7.970208095516534e-13,1.7753945708187845e-13,4.401858157386741e-13,1.4218104780804837e-10,2.2990840519658014e-06,2
1749,07:34:00,5.0247030485949726e-11,2.6468441541193595e-12,9.976992355274017e-13,2.6839334933083935e-13,5.943737663594826e-13,2.2038763461627012e-10,2.2465375960716696e-06,2
1750,07:34:30,5.119756928290839e-11,3.2468671664866433e-12,1.1887759059158497e-12,2.0452473981346264e-13,4.4996408417980503e-13,1.3417186521752283e-10,1.9317841892690185e-06,2
1751,07:35:00,5.7776790902709125e-11,3.589389640088852e-12,9.150359462044363e-13,2.227038513736002e-13,6.505817883316205e-13,1.171405714548479e-10,1.5260899475131408e-06,2
1752,07:35:30,3.790273896256993e-11,2.8073515699542187e-12,1.0274006249424548e-12,1.9108899565355196e-13,3.666789560526844e-13,1.7901664943078314e-10,1.7415122378882504e-06,3
1753,07:36:00,3.165844108377274e-11,2.2952119349819485e-12,7.275035043489619e-13,1.9347099892125344e-13,4.273358725699316e-13,1.68417926176173e-10,1.5565944147924185e-06,2
1754,07:36:30,6.66332438926848e-11,2.7549676319584305e-12,9.548431610178697e-13,4.0063389671144907e-13,6.271788416843459e-13,2.771664386704566e-09,3.1146826199404918e-06,2
1755,07:37:00,2.150535773094889e-11,2.320681270591131e-12,8.879074920713428e-13,2.757811480397794e-13,4.5037074088677767e-13,3.94287322847546e-09,4.230640687101518e-06,0
1756,07:37:30,3.597910993881168e-11,2.464678360240476e-12,1.0603793637934045e-12,1.9543076291081161e-13,4.036609205970087e-13,4.09338608290419e-10,4.096551161139353e-06,1
1757,07:38:00,5.7789327478139986e-11,2.4405885611528865e-12,7.965881522102551e-13,2.0807430454961734e-13,4.1456514771624005e-13,7.237274537987836e-10,3.716714078849253e-06,2
1758,07:38:30,1.739415557392737e-11,2.1843677506424837e-12,1.2004759792207117e-12,3.814493975717744e-13,8.357450739895213e-13,1.5932974773583975e-09,4.08749705767295e-06,1
1759,07:39:00,7.366453052828598e-11,4.166370917036907e-12,1.3751540109845643e-12,2.873649893394617e-13,6.976008416399966e-13,1.8001432757839547e-10,2.8481613513045598e-06,2
1760,07:39:30,3.7976356790400166e-11,2.2234817548732953e-12,1.3632805239794832e-12,2.0043135900056344e-13,4.5087969948164187e-13,1.8022614437749543e-10,2.2814279117693554e-06,2
1761,07:40:00,5.223032597946207e-11,2.5911169532664076e-12,1.394861773997133e-12,6.309674236648585e-13,1.109079894131975e-12,2.565715113838089e-09,3.619053813385924e-06,2
1762,07:40:30,4.633720802414627e-11,1.8734052212319914e-12,1.0026068653358626e-12,3.279604580805331e-13,5.863868292096828e-13,1.874544979774511e-09,4.652538786968114e-06,1
1763,07:41:00,2.039772206760304e-11,2.4290733582312106e-12,6.362154007017161e-13,1.675321268122755e-13,3.5333608511613444e-13,1.4879707765527832e-10,3.927237189555974e-06,2
1764,07:41:30,3.196012250896727e-11,3.001392906604247e-12,9.127283869533172e-13,2.2516163793889273e-13,7.472064745319414e-13,1.2495418422560398e-10,3.518683978109955e-06,2
1765,07:42:00,2.6950411601107527e-11,2.634587010999658e-12,9.431863766662904e-13,1.739644183749401e-13,4.208336129123755e-13,1.429169832716478e-10,3.3269053138941716e-06,2
1766,07:42:30,3.1323271917924383e-11,2.9817214006724404e-12,8.406534958085183e-13,2.1664752148907142e-13,7.64783426835087e-13,1.670610655110703e-10,3.2658932260341135e-06,2
1767,07:43:00,3.8689081029499494e-11,2.2818290000400096e-12,1.1560880952910158e-12,2.156671220224429e-13,4.506686348646345e-13,2.419627467917997e-10,3.0043370565623993e-06,2
1768,07:43:30,2.5996485434639023e-11,2.8615881480838525e-12,7.681560049028204e-13,1.9949255372915724e-13,4.902874865198838e-13,1.8249519234453753e-10,3.1192712774859587e-06,2
1769,07:44:00,2.997893398105145e-11,3.1281295256921313e-12,6.224114082423683e-13,1.538574238918254e-13,4.5444716618920784e-13,1.5605967659311352e-10,3.220443715893695e-06,2
1770,07:44:30,2.4344064269793878e-11,2.118038101504138e-12,1.123444258285463e-12,2.7214219251903993e-13,6.68270615233947e-13,1.7021363236950929e-10,3.958436736806733e-06,2
1771,07:45:00,3.5793825279190425e-11,2.2685569176662034e-12,1.228503021018804e-12,3.6308621882177595e-13,7.35122816812549e-13,7.827041532998961e-10,4.080357336546089e-06,1
1772,07:45:30,3.08866474992803e-11,3.4984385868538534e-12,7.293107135441731e-13,1.6440462588475323e-13,4.286310926250244e-13,1.3314692309495632e-10,2.4375048224665007e-06,2
1773,07:46:00,4.152834016430168e-11,2.679186229071761e-12,1.2295062615292405e-12,2.921770223645982e-13,4.97135881004795e-13,3.216729442877169e-09,3.568938767685386e-06,1
1774,07:46:30,5.3127575964623215e-11,4.0816115421084386e-12,9.269861747719252e-13,2.1986610942885774e-13,4.785285291816739e-13,2.46930055822351e-10,2.7575627487802012e-06,1
1775,07:47:00,2.4631919859330234e-11,4.036681470984124e-12,2.3325244329232464e-12,1.7808259396344227e-12,2.271432740176519e-12,1.3505171667500705e-09,4.1921409682632015e-06,1
1776,07:47:30,5.496862412828226e-11,3.155891471748054e-12,8.546449049606917e-13,2.198997491449936e-13,5.423567739744502e-13,1.734265314226027e-10,3.843064007607183e-06,2
1777,07:48:00,3.110440389459709e-11,3.977161653172595e-12,1.177145468720018e-12,3.020785287587695e-13,7.254329898424212e-13,2.1805598827757194e-10,4.0047001481812135e-06,2
1778,07:48:30,3.1280261430850034e-11,3.5159475677602653e-12,1.0512355950776153e-12,2.0952477155535692e-13,5.588268759420432e-13,1.7087864014743468e-10,3.998862129835669e-06,2
1779,07:49:00,3.7030123618554185e-11,2.4632059485152436e-12,6.921915342207212e-13,1.6138097949336906e-13,5.300097792681387e-13,1.1997666506367775e-10,3.5232484039977454e-06,2
1780,07:49:30,2.1799260114542256e-11,2.5293880436826513e-12,6.72444804005639e-13,2.0052970232003392e-13,6.518593678660417e-13,2.395492938143617e-10,2.9810995475349774e-06,2
1781,07:50:00,2.928649962331062e-11,2.93670442485941e-12,9.564061493777477e-13,1.892879864370723e-13,4.536347834553969e-13,1.3344417762183257e-10,3.2315704826429577e-06,2
1782,07:50:30,6.489074428715029e-11,3.740463532782779e-12,1.1853569963897985e-12,1.6781260130455688e-13,4.717818889568784e-13,1.6821285399051427e-10,3.2941378808000223e-06,2
1783,07:51:00,2.2699894553500714e-11,2.6087287155165633e-12,7.953205368290374e-13,1.3176855012882076e-13,3.0055644569252376e-13,2.848902406051679e-10,3.271937749043551e-06,2
1784,07:51:30,3.844995338701081e-11,2.4956929360033067e-12,1.0215743583553986e-12,1.4275484835495308e-13,2.936554813321305e-13,1.4032465558729407e-10,2.9519296074798967e-06,2
1785,07:52:00,2.6674857753748008e-11,3.3237666487669207e-12,9.948421109047849e-13,1.4369622656220516e-13,4.648504804414641e-13,1.4771737517951078e-10,2.9125072933580295e-06,2
1786,07:52:30,4.3495098772911773e-11,2.021149371540493e-12,6.324544043683095e-13,1.6006405322887548e-13,4.79288156448617e-13,1.2968862167833943e-10,2.9430354557958654e-06,2
1787,07:53:00,4.0044700926707576e-11,3.4444555000186385e-12,9.188635335738626e-13,1.9591225488157484e-13,7.46830525537579e-13,2.595767433010506e-10,2.5058349824304912e-06,2
1788,07:53:30,5.053883778618488e-11,2.8882634572395833e-12,9.723348381995653e-13,1.8189511701211713e-13,7.542764810744718e-13,2.630174959200477e-10,2.195631237683885e-06,2
1789,07:54:00,9.320883658595637e-11,3.0921672089793272e-12,1.084329860907751e-12,1.2942081298881157e-13,3.894550362613034e-13,2.2561519874984445e-10,1.2997131102380458e-06,2
1790,07:54:30,7.024357614408524e-11,3.652710006268877e-12,1.0170449058178154e-12,1.3727181788845572e-13,3.8582285868459383e-13,2.700674394277529e-10,1.204170808502864e-06,3
1791,07:55:00,4.1434527912428104e-11,4.68914180391651e-12,1.3301456866430248e-12,2.639318608601184e-13,6.789405361100494e-13,2.2430460731125813e-10,1.0377712408787722e-06,2
1792,07:55:30,6.152820823052735e-11,4.357673534050518e-12,9.979648506675968e-13,1.6509355240669786e-13,4.0308653969494594e-13,1.1514804298291347e-10,9.040700103548959e-07,3
1793,07:56:00,3.0556387898128886e-11,3.2378576415909626e-12,9.589020948066797e-13,1.5895688473921254e-13,4.279257005549978e-13,1.0965241927390196e-10,7.73796227922995e-07,2
1794,07:56:30,3.262055751172168e-11,2.2797367701099072e-12,9.002918803310095e-13,1.5096474781085955e-13,3.749756244909527e-13,9.906029789213003e-11,5.644942051327515e-07,2
1795,07:57:00,2.7503286013788056e-11,2.0427776911931904e-12,8.697369342363774e-13,1.6923390142098712e-13,3.340297145488416e-13,2.716206855732136e-10,7.82074302368356e-07,2
1796,07:57:30,1.3426809682115031e-11,2.2136340947098796e-12,7.475875791842602e-13,1.6704516181626032e-13,3.943564911999928e-13,2.979537783847232e-10,6.549012131228539e-07,5
1797,07:58:00,7.526680015854132e-11,2.007032632633663e-12,1.0072250272346622e-12,2.1294387524954981e-13,4.549680236965684e-13,9.277994860279191e-09,3.3754431094075413e-06,1
1798,07:58:30,2.8576559608549992e-11,3.0110224822055994e-12,1.826557485296001e-12,6.872190128738899e-13,1.4584344693675891e-12,6.9376830533630654e-09,4.447798387940808e-06,0
1799,07:59:00,2.2384578535506047e-11,2.641249527606811e-12,7.685250996837161e-13,1.6608332883209638e-13,3.0861286859382536e-13,1.2888421240796145e-10,2.6381155817083638e-06,1
1800,07:59:30,1.9937855645922975e-11,2.5236113549120674e-12,9.075954362316999e-13,1.887153684664595e-13,5.303519552067057e-13,2.6829366170957127e-10,5.155973781372308e-07,5
1801,08:00:00,4.8174801348664415e-11,3.0886283289861904e-12,1.2363072523143375e-12,1.9220330800393142e-13,4.1082557221749745e-13,2.2348208647743776e-10,1.07348909600022e-06,5
1802,08:00:30,5.612843372403735e-12,1.5305142609991613e-12,8.466651616734982e-13,1.7756995628360138e-13,4.4211429578398823e-13,7.876385655993875e-10,5.903709291433049e-07,5
1803,08:01:00,2.4565664336012723e-11,2.189339949147532e-12,9.73611110585585e-13,1.5834569549687262e-12,8.833845062813745e-13,4.929368088961061e-09,2.251734009867702e-06,5
1804,08:01:30,7.056564148192382e-12,1.8208962214677307e-12,8.037133998928608e-13,2.2099123891956596e-13,5.812494566889309e-13,8.067518755764868e-11,6.267994277338355e-07,1
1805,08:02:00,8.581068681770788e-12,1.4037007266041241e-12,9.258717307234692e-13,2.237978491616534e-13,4.889204176391636e-13,5.533837209864825e-10,4.797413730355557e-07,5
1806,08:02:30,8.894557429494433e-12,1.4273326548794262e-12,1.0982947952186704e-12,2.1253775933814751e-13,6.349505259205801e-13,3.31950505955622e-10,5.538366206346425e-07,5
1807,08:03:00,3.057240763157627e-11,2.353761157268977e-12,1.1259981461796457e-12,3.128703925465566e-13,6.811073750491705e-13,1.8114734105246753e-09,2.569035885132983e-06,5
1808,08:03:30,2.6045299437242463e-11,2.180160599573733e-12,1.3454101878947985e-12,4.88782564926218e-13,1.0867447044043682e-12,5.807088271608266e-09,4.775384402391906e-06,1
1809,08:04:00,9.180502114993503e-12,2.3868303373004823e-12,1.459940824996056e-12,4.0052969225447834e-13,7.947806663197228e-13,4.019313804453554e-09,4.526960194193191e-06,1
1810,08:04:30,2.2225744044320828e-11,1.3026795262687593e-12,8.552342675619065e-13,2.684414809106123e-13,5.319501211538689e-13,1.6446973371231006e-10,2.8330452954291026e-06,1
1811,08:05:00,1.3020467139298408e-11,2.0723237820529878e-12,1.0780667741196559e-12,2.56399366126315e-13,7.066638331795081e-13,1.3545390773584457e-10,2.883747762647096e-06,1
1812,08:05:30,2.290625337084051e-11,2.2999266171043045e-12,1.3692852584231842e-12,4.496851960201132e-13,1.368695386178405e-12,1.2818054807574552e-10,3.349403543890002e-06,2
1813,08:06:00,3.5792527597778056e-11,2.65939600846483e-12,1.0939872651576605e-12,1.9637642420872172e-13,3.9561339750997473e-13,1.7635937309276925e-10,3.3305151872459617e-06,2
1814,08:06:30,8.199206591728065e-12,2.4293175419144656e-12,1.624666164874861e-12,5.085859628502021e-13,8.695722261670863e-13,4.65046228258178e-09,4.730142839163527e-06,0
1815,08:07:00,1.1480382999846561e-11,2.0774203893533855e-12,9.397139073543734e-13,2.2326142268345322e-13,3.990158392740557e-13,1.135127084359597e-10,3.313540523457123e-06,1
1816,08:07:30,4.2796984103681274e-11,3.7768709176656896e-12,1.3709934643009725e-12,4.092091263813885e-13,9.942824600440728e-13,7.29800023789743e-10,3.054050201776367e-06,1
1817,08:08:00,2.3558027873041902e-11,1.7279830098602653e-12,1.443747728732805e-12,2.389243826269918e-13,4.471450815122907e-13,2.0301501606517245e-10,2.829736952933507e-06,2
1818,08:08:30,1.4992924677497918e-11,2.97547310787586e-12,9.334362040488552e-13,2.726731380275612e-13,6.262277408678257e-13,1.2406964269974427e-10,3.62766296403607e-06,2
1819,08:09:00,2.4196731792173732e-11,3.245211445751674e-12,1.0341002573348374e-12,1.8339122988422193e-13,3.0276643957022264e-13,1.2597218813528958e-10,2.5403646866243788e-06,2
1820,08:09:30,2.2645876262892156e-11,2.690120129620286e-12,8.262503898972931e-13,1.7182057108881367e-13,3.8252945258908266e-13,1.516837575542143e-10,1.777601421246702e-06,2
1821,08:10:00,2.2621289246176915e-11,1.8826748765823085e-12,1.1996906178779189e-12,6.078454349848912e-13,7.791843919940114e-13,8.001010561278556e-09,4.319637114855872e-06,0
1822,08:10:30,3.9244614534778605e-11,1.9775973856105414e-12,7.450147784806271e-13,2.292374896171445e-13,4.727441977268577e-13,2.8105455980311496e-10,4.4828090518498e-06,1
1823,08:11:00,5.679130590717347e-11,2.6187074828942842e-12,9.932227146283448e-13,2.0212990755643445e-13,3.700660309109601e-13,1.932565310918241e-10,4.411068049379638e-06,2
1824,08:11:30,2.841009420299083e-11,2.6714033071352717e-12,9.204700775369682e-13,2.2202876531321168e-13,5.59178191003082e-13,1.993649163793739e-10,4.352098704607378e-06,2
1825,08:12:00,2.7044536397244868e-11,3.203052348900035e-12,1.421037169479175e-12,2.829805890755195e-13,7.010060800409635e-13,1.7459610969938198e-10,4.463994733637615e-06,2
1826,08:12:30,3.8376337455599455e-11,2.2796747361691807e-12,9.514217003511664e-13,1.8616256610934404e-13,3.7824507595086574e-13,2.7285319000525217e-10,4.058553278716338e-06,2
1827,08:13:00,2.482592706125705e-11,2.747147778712254e-12,1.1604803307377326e-12,1.9904112938123953e-13,5.335435753702867e-13,7.532750642498629e-10,4.081265571107191e-06,2
1828,08:13:30,2.1233323972856837e-11,1.879507300466614e-12,1.2404073526502413e-12,5.320191991304345e-13,8.249006188730085e-13,3.037727937844522e-08,4.669905188370796e-06,0
1829,08:14:00,6.908446634640492e-12,1.4717954074203045e-12,6.864084533137814e-13,2.526291560677065e-13,3.661506227614249e-13,7.131204461314713e-10,4.566357304402979e-06,1
1830,08:14:30,2.6709608034132966e-11,3.5808347658758438e-12,1.4797799481843147e-12,4.2140508925668086e-13,8.43161209331204e-13,8.855902388288086e-09,4.376477092431163e-06,0
1831,08:15:00,1.3405060507734782e-11,1.958317148266941e-12,9.385748728264802e-13,3.049554489790975e-13,6.640972195460823e-13,1.1727637864295723e-10,3.5021837274016093e-06,1
1832,08:15:30,2.450831384916989e-11,2.436985677978269e-12,1.1068665423635562e-12,2.5866021429502485e-13,6.428674756371326e-13,2.268575995238315e-10,3.2369949999733292e-06,2
1833,08:16:00,1.7640440189620924e-11,2.4189521740129465e-12,1.485773930781954e-12,4.0636727134432027e-13,1.1661538713689462e-12,6.962061899193002e-09,3.6475329029624225e-06,1
1834,08:16:30,1.943625656134822e-11,2.0302856251542192e-12,1.7730487539811996e-12,5.022509804967852e-13,1.217219400766285e-12,3.3467555600973527e-09,4.337481902339854e-06,0
1835,08:17:00,3.290929089294482e-11,1.9362167068914563e-12,8.131221107436901e-13,1.9104115812216685e-13,5.105923282508193e-13,1.679855524748922e-10,2.8118838415209255e-06,1
1836,08:17:30,1.7749217475153847e-11,2.741910226888485e-12,1.2569898595460587e-12,3.2776625894193337e-13,7.245099540403807e-13,5.072794363946979e-10,3.1545549147709744e-06,2
1837,08:18:00,3.2572930388864025e-11,3.1334674363302488e-12,1.3726586566358032e-12,2.0437629840838255e-12,1.2568439073738442e-12,6.857088306312628e-09,3.966257405353161e-06,0
1838,08:18:30,2.690081541643424e-11,2.18414695995483e-12,8.659340086265202e-13,2.538656721858568e-13,4.984582124130368e-13,2.114501083067901e-10,2.294301681019874e-06,1
1839,08:19:00,5.531097000988759e-11,2.823286717570726e-12,1.598868226501987e-12,3.5999512929482367e-13,9.02953619057967e-13,2.442983555296701e-09,3.085877773866321e-06,2
1840,08:19:30,1.188725642679815e-11,1.4053745551244557e-12,1.3025797199903466e-12,5.191733400495912e-13,1.0331323392235475e-12,8.932180302672686e-09,4.739103491126171e-06,0
1841,08:20:00,5.909537522748883e-11,2.286630221815782e-12,9.577004149728416e-13,2.686242518648302e-13,6.816450360162778e-13,5.918714655218982e-10,4.252464717066838e-06,1
1842,08:20:30,8.156855062466897e-11,4.960325785743844e-12,2.8895445035668686e-12,3.7313034053086586e-12,6.538218402286669e-12,4.1916597681004575e-09,4.171707062681333e-06,1
1843,08:21:00,9.9211412402539e-11,9.044496637200939e-12,4.538272894142576e-12,5.868604882056978e-12,7.973753551679766e-12,1.5732509084496544e-08,4.70062292915974e-06,0
1844,08:21:30,4.872352416589165e-12,1.8257522743881675e-12,1.3918294029911087e-12,6.787521378025866e-13,1.3345079994108689e-12,1.2785753746445387e-09,4.660703715895849e-06,0
1845,08:22:00,6.764227633141286e-12,1.6286043630002016e-12,1.3986901220037636e-12,4.909623967733151e-13,1.1150645260435866e-12,5.464111701742409e-10,4.631088649053326e-06,0
1846,08:22:30,1.3230200624364536e-11,2.7229314525853078e-12,1.41033505528982e-12,4.685811240096274e-13,1.197111622402969e-12,1.7491123347053414e-10,4.5946310484874285e-06,0
1847,08:23:00,1.0017376404569246e-11,2.2366578313869053e-12,1.5866679662802432e-12,3.631805712797705e-13,1.0556871188121115e-12,1.4056978708353043e-10,4.5669447604875784e-06,1
1848,08:23:30,8.638064588199121e-12,2.1002151688861527e-12,1.4677019540139365e-12,3.992270711108689e-13,1.2616285200786228e-12,7.821917874048511e-10,4.7622782075697325e-06,0
1849,08:24:00,1.3209894845509803e-11,2.254811906615326e-12,1.2096091903515788e-12,3.494557209766256e-13,8.764867500775294e-13,1.7418864069479474e-10,4.611495685580687e-06,1
1850,08:24:30,4.940291553799945e-11,2.6455676277995967e-12,9.599802942714163e-13,2.999934181615641e-13,7.922911453259725e-13,4.2978586834614116e-10,4.774274426706071e-06,1
1851,08:25:00,5.6274511708083395e-12,1.981010817550711e-12,1.3846913507905965e-12,3.781882619868963e-13,9.536190268871867e-13,2.1186696060681395e-10,4.519648045441187e-06,1
1852,08:25:30,2.4688094654721687e-11,1.610298183369875e-12,8.580927707351489e-13,3.6048205281735997e-13,6.772978466038482e-13,1.7825551239402592e-10,4.459956829156435e-06,1
1853,08:26:00,1.7706327503082946e-11,2.0627324127549483e-12,8.268760880985444e-13,2.757926200486497e-13,7.538545507175911e-13,1.1463075433631687e-10,4.054588065608984e-06,2
1854,08:26:30,3.2710850907588044e-11,2.6668378938806596e-12,9.787882777799666e-13,4.639452298193064e-13,1.0708056490709468e-12,2.334950299358894e-09,4.3559234407138925e-06,0
1855,08:27:00,2.975823255795648e-11,1.853172700436789e-12,1.27385737431466e-12,4.556428568380005e-13,1.1400178857041146e-12,1.0803916489697974e-09,4.652894791527546e-06,1
1856,08:27:30,6.014903411837691e-12,1.6971862293886286e-12,1.4752786929369723e-12,4.77207465780383e-13,1.4115582112981844e-12,1.0996728569214345e-10,4.528873840365019e-06,1
1857,08:28:00,1.773327852240986e-11,2.9983832923554463e-12,2.4818632246138342e-12,1.7882581034362624e-12,1.4407137171995519e-12,5.23802737542525e-10,4.699663219222262e-06,0
1858,08:28:30,6.898726254117412e-12,1.8604484709939846e-12,8.006723518507037e-13,3.3273904588445713e-13,5.753036321237576e-13,1.548439994189408e-10,4.690277209768989e-06,1
1859,08:29:00,5.6088619044996145e-11,2.2180548304517226e-12,1.0631778454672446e-12,4.738309624907007e-13,1.116856237277215e-12,1.2277801776884218e-10,4.685866030898785e-06,2
1860,08:29:30,4.646359774214549e-11,2.7596167391629073e-12,1.3914619260452842e-12,3.864733069831812e-13,8.296989912981415e-13,1.9862364013817113e-10,4.715068781992112e-06,1
1861,08:30:00,2.237774092958576e-11,2.1607658055006936e-12,8.533991362991964e-13,2.6555325710718537e-13,4.828865538671956e-13,2.3130735429831122e-10,4.75993283650917e-06,1
1862,08:30:30,3.153838890465581e-11,1.9013300841307278e-12,1.105481775211791e-12,3.3494621793832366e-13,7.452365645665289e-13,1.9730286883561512e-10,4.717345495007247e-06,2
1863,08:31:00,1.8369354469202983e-11,2.1782785982466904e-12,1.0389662834721747e-12,3.1436158099435564e-13,8.001407689665336e-13,1.2359885870170054e-10,4.6454654926402735e-06,2
1864,08:31:30,3.1901264347995227e-11,2.3594271606170103e-12,1.2677078882889494e-12,3.8853403636207516e-13,7.674247413207422e-13,3.5970859569946945e-10,4.707539155256373e-06,0
1865,08:32:00,3.3776450603619314e-11,2.0778548898528604e-12,8.286152327833918e-13,2.9225563507133846e-13,4.0695734148468415e-13,1.692918049190146e-10,4.635852903568893e-06,1
1866,08:32:30,5.152405130213793e-11,2.5513458653147555e-12,1.476283770732937e-12,4.186154958899357e-13,1.076028574580758e-12,1.9182429635127263e-10,4.6733881578444335e-06,1
1867,08:33:00,2.1470423896032597e-11,1.868546885597216e-12,8.330512339815841e-13,2.6267600862012677e-13,5.422026312380445e-13,1.4283799124169706e-10,4.6861287521490355e-06,1
1868,08:33:30,4.0433185165765734e-11,2.4426798008830675e-12,1.6265683693274174e-12,4.839868581681576e-13,8.786282269794214e-13,2.8888114063561995e-09,4.64828530609992e-06,0
1869,08:34:00,9.912916969836303e-12,1.862290720551209e-12,1.3930641151894308e-12,4.3782942433374417e-13,7.372440484060249e-13,1.5225197144986995e-10,4.7002730632252175e-06,1
1870,08:34:30,2.9801331385955374e-11,2.3097210507010697e-12,1.2477074714862481e-12,7.813456230586573e-13,7.505601555124989e-13,4.743991899432905e-09,4.688261497643824e-06,0
1871,08:35:00,4.380139060126628e-11,2.07327992177296e-12,1.2689661618586436e-12,6.750230480892234e-13,1.33469261521485e-12,1.7553057002310374e-09,4.647835170003336e-06,0
1872,08:35:30,8.091500953439882e-11,4.1946109458111176e-12,3.5063772818554357e-12,4.351435508254712e-12,4.734726674613319e-12,4.909845844529177e-09,4.718058145481869e-06,0
1873,08:36:00,1.3446730210197365e-10,1.0257296625525949e-11,5.174673022770745e-12,5.633643328621901e-12,4.068972153056509e-12,5.6334968028791356e-09,4.734964273284596e-06,0
1874,08:36:30,2.9876869047465523e-11,2.6683951857736113e-12,1.8178246818337646e-12,7.856212142065398e-13,1.5051697422265124e-12,3.490646547207932e-09,4.788615569151543e-06,0
1875,08:37:00,3.4608606958841245e-11,3.91396880203364e-12,2.7300021354807854e-12,2.4756715973330306e-12,2.7580145953635106e-12,8.207058628214986e-09,4.756301154874462e-06,0
1876,08:37:30,5.7510088928842334e-11,8.219990710023852e-12,2.3780214149975794e-12,1.553931551512993e-12,1.7081880349956338e-12,6.5101269993498096e-09,4.7324408819712446e-06,0
1877,08:38:00,1.2714262337140387e-10,1.3652293787184473e-11,2.77283673646851e-12,2.2604611136966954e-12,2.144749047969987e-12,5.961896169969525e-09,4.700802712459052e-06,0
1878,08:38:30,1.6609776786782642e-10,8.019587784605933e-12,2.125257251089843e-12,1.1740634111700877e-12,1.1797729454564562e-12,8.558076328037478e-09,4.718171471973734e-06,0
1879,08:39:00,2.421208654820614e-10,8.615706958129622e-12,1.517756872059669e-12,6.39052340897142e-13,7.438453096623794e-13,1.0233972369720766e-08,4.757127586889217e-06,0
1880,08:39:30,1.336664759117921e-10,1.0829796099630281e-11,2.460988636286285e-12,1.3476716764593377e-12,1.5819290094668133e-12,1.4341862276694662e-08,4.6768596290679905e-06,0
1881,08:40:00,1.3030606094377866e-10,1.024221848580144e-11,2.0459551115967094e-12,8.10177535151782e-13,1.1345135036183836e-12,1.0966210404388947e-08,4.7045837440658375e-06,0
1882,08:40:30,2.427349561708029e-10,1.0821992265162294e-11,2.058527984815337e-12,7.340952092327564e-13,8.504039275304628e-13,1.008924054030027e-08,4.7320986477666155e-06,0
1883,08:41:00,2.3673780404539516e-10,1.627514744036526e-11,2.951416485539914e-12,1.5938919763531087e-12,1.7418378392160671e-12,1.0753245803390666e-08,4.7680948288332725e-06,0
1884,08:41:30,3.450177920228909e-10,1.207698613611679e-11,2.301692859153785e-12,7.898807191011882e-13,1.1470298801828055e-12,1.2818817826388268e-08,4.826383812001235e-06,0
1885,08:42:00,1.2464869066827437e-10,6.658798180386203e-12,1.3589329635984844e-12,5.136386201221325e-13,6.356173509517791e-13,4.388251134785318e-09,4.758699401586211e-06,0
1886,08:42:30,1.3707863060767015e-10,6.230286005904786e-12,1.5086390055045687e-12,9.082266342234485e-13,1.112535472519079e-12,4.177187066140262e-09,4.755102669724807e-06,0
1887,08:43:00,1.500061729574691e-10,1.1554596598790884e-11,3.9880690276082635e-12,3.501223474369837e-12,4.417427751827766e-12,3.734921968692884e-09,4.722864849002721e-06,0
1888,08:43:30,9.612840598733229e-11,7.340305966727603e-12,2.0179244160068315e-12,1.6547874885185796e-12,1.5891689484315692e-12,4.368810932214293e-09,4.791055353166185e-06,0
1889,08:44:00,2.0281957951537863e-10,8.623419808654952e-12,3.0916706444689408e-12,1.6122024875895962e-12,2.083418595450385e-12,8.346802517889753e-09,4.731677399411418e-06,0
1890,08:44:30,2.374559247115757e-10,6.48256094022863e-12,2.0038377307162142e-12,1.2401798683783352e-12,1.3996035394510735e-12,2.994757053206881e-09,4.704741693732404e-06,0
1891,08:45:00,3.1722335115324513e-10,8.269594141731264e-12,1.9963081335264082e-12,8.441911609344552e-13,7.858157195560511e-13,3.276593477281766e-09,4.792280212059933e-06,0
1892,08:45:30,1.3872598797237168e-10,7.414382480531025e-12,2.2790938925790315e-12,1.331957145824408e-12,1.7022779442781656e-12,4.8608106887072894e-09,4.734832319857406e-06,0
1893,08:46:00,3.2493293856380384e-10,1.3131306720683416e-11,2.7826648263540827e-12,1.1781025192986904e-12,1.1336429880566099e-12,4.095204291513853e-09,4.79504657381086e-06,0
1894,08:46:30,3.449013734353505e-10,1.536994244870117e-11,2.518450407761844e-12,7.953953613035789e-13,9.419550139264468e-13,6.27183930887889e-09,4.814486071637439e-06,0
1895,08:47:00,1.5528172003802173e-10,9.799938923289827e-12,2.3438984162103227e-12,7.539409758873688e-13,6.339140269222566e-13,5.995963951173689e-09,4.798212151054565e-06,0
1896,08:47:30,1.1372607899422454e-10,8.623219619571123e-12,1.492161820421609e-12,6.58956458942356e-13,8.481868953311221e-13,5.226888102383434e-09,4.780627766504305e-06,0
1897,08:48:00,3.9854809982143424e-10,1.2731996842350862e-11,1.5917414119546364e-12,6.532973310800744e-13,6.83523282462636e-13,3.042826183569885e-09,4.75315385144165e-06,0
1898,08:48:30,2.7512538164281803e-10,1.1146076356454054e-11,1.879106574822664e-12,5.966436648764242e-13,8.997986399291306e-13,8.092718489208239e-09,4.665658103048088e-06,0
1899,08:49:00,1.9056646567542535e-10,1.3099097901007315e-11,1.8231341502277858e-12,6.59144578228924e-13,9.519798871046142e-13,4.6778466858235145e-09,4.713482945528572e-06,0
1900,08:49:30,1.4789508647638605e-10,5.4807644217945575e-12,1.615739783705869e-12,4.4102128426503674e-13,5.599498204079387e-13,3.2378427342848895e-09,4.7785215822394035e-06,0
1901,08:50:00,9.268871897577234e-11,6.488118804373129e-12,1.3332911992960935e-12,3.931291249090011e-13,5.654323834167304e-13,2.8682743600422057e-09,4.730375426454525e-06,0
1902,08:50:30,2.456681293891707e-10,1.6244121662683832e-11,2.2126529616929205e-12,5.1501490610177e-13,1.1112061873292485e-12,3.297648836716054e-09,4.767660448135934e-06,0
1903,08:51:00,2.1772119856395528e-10,1.6464376648632582e-11,1.9344188742928308e-12,6.8771220648849e-13,9.39642790847134e-13,3.553757869635733e-09,4.779054546877846e-06,0
1904,08:51:30,1.9766512941965731e-10,1.7130199717328114e-11,2.6717420096612826e-12,6.234097931620621e-13,1.1214729366076334e-12,6.196291803837409e-09,4.7268056473167616e-06,0
1905,08:52:00,1.2702321296325036e-10,6.855324963660061e-12,1.4561363086927574e-12,5.536198049689972e-13,6.283302971286751e-13,4.774432198799565e-09,4.808591738468335e-06,0
1906,08:52:30,1.1020444151931043e-10,5.7188648887824774e-12,1.6494399663771014e-12,8.461830941814081e-13,1.093648896639232e-12,1.1912323239764426e-08,4.803282721400823e-06,0
1907,08:53:00,2.3177589361718613e-10,8.015151868294241e-12,1.615531716975278e-12,3.88153715289219e-13,5.70764113108815e-13,7.437689743222531e-09,4.730509537931459e-06,0
1908,08:53:30,2.6136795428341115e-10,1.4132125299953763e-11,1.996679448307218e-12,7.876746006619744e-13,6.719984279288054e-13,7.921770532304794e-09,4.790120294772265e-06,0
1909,08:54:00,8.747586476831887e-11,9.510018389770843e-12,1.3279599405920513e-12,5.937807250579207e-13,8.068577190746098e-13,6.947735501073066e-09,4.667877811985488e-06,0
1910,08:54:30,1.2789147806032447e-10,6.1189195689671065e-12,1.632206579679678e-12,5.441901661423722e-13,6.562446692656347e-13,6.106517819357975e-09,4.6675817542858945e-06,0
1911,08:55:00,1.4617237118398464e-10,1.278359797522605e-11,2.105333363113554e-12,6.434085270693767e-13,7.842157694550072e-13,7.076660993183776e-09,4.689262519409306e-06,0
1912,08:55:30,1.6719188479515714e-10,7.53430853587625e-12,1.9941051095052587e-12,1.1569462545339368e-12,1.1703697608325382e-12,9.662494071323663e-09,4.670356381705782e-06,0
1913,08:56:00,8.728570506441019e-11,7.653788437737051e-12,2.725803068993688e-12,1.0230068085202498e-12,1.1285878185589113e-12,5.5005377213198315e-09,4.755669568904744e-06,0
1914,08:56:30,1.2003714843092857e-10,9.90913353874631e-12,1.943595016553639e-12,1.08325808220885e-12,1.6564923689196099e-12,1.0447909798887195e-08,4.745777765868944e-06,0
1915,08:57:00,8.833671102883628e-11,1.1124993101052629e-11,3.4576721929957155e-12,2.095594368871689e-12,2.1854946385692473e-12,5.459683493681941e-09,4.813127460321023e-06,0
1916,08:57:30,1.5193034861346938e-10,8.31024555803871e-12,1.7240430391730317e-12,9.866972810799624e-13,1.0672805903795892e-12,6.261707749448745e-09,4.72731786702179e-06,0
1917,08:58:00,9.9517628121444e-11,1.070931585269683e-11,4.297455460127501e-12,4.225044142701801e-12,4.210363231120784e-12,7.132991433442457e-09,4.710310570111176e-06,0
1918,08:58:30,1.2538242947552562e-10,1.544076063290863e-11,3.014118305192189e-12,1.38516391575506e-12,2.179091964886768e-12,1.0386535938969011e-08,4.751672722111014e-06,0
1919,08:59:00,2.3159593741249647e-10,1.5180135465992563e-11,5.691852056487199e-12,4.1484656507581404e-12,3.277849293364026e-12,9.430213026016244e-09,4.6557943644986575e-06,0
1920,08:59:30,5.864556628780452e-11,7.307789317804008e-12,2.2172703130839068e-12,1.0673994939602995e-12,1.232134014608709e-12,7.302900406026556e-09,4.696732858432302e-06,0
1921,09:00:00,1.4768415947045482e-10,8.598800742418397e-12,2.0274449205236654e-12,9.595496916704668e-13,1.1274617966407458e-12,4.080809987070997e-09,4.672142977639137e-06,0
1922,09:00:30,1.5727001399684305e-10,1.4925845550143446e-11,2.697806511071779e-12,9.945901738764892e-13,1.5601403803975178e-12,1.0215506359390273e-08,4.66427845307842e-06,0
1923,09:01:00,8.126248571378526e-11,9.639458777286874e-12,2.1301034617658776e-12,1.6189222798795441e-12,1.6252256730418778e-12,6.619967173635368e-10,4.688220427748516e-06,0
1924,09:01:30,1.872318943812759e-10,8.169231889336705e-12,1.3572850480174429e-12,1.3012919264638254e-12,1.0408012884529334e-12,1.3415639470708921e-09,4.698883722271516e-06,0
1925,09:02:00,1.8856520902715745e-10,1.5547203933023986e-11,2.550365498423799e-12,1.2762122674282496e-12,1.4403473326887485e-12,4.518804520319372e-09,4.672916283292438e-06,0
1926,09:02:30,2.1537846313059603e-10,1.2300561604180847e-11,2.048579173997432e-12,1.1701428611002548e-12,1.0895961424935602e-12,4.074803244987823e-09,4.732800437627356e-06,0
1927,09:03:00,1.922034551551777e-10,7.467584083643107e-12,1.7601568891306255e-12,9.783978860440043e-13,1.092271052380578e-12,1.4411418164719147e-09,4.75580516281184e-06,0
1928,09:03:30,6.241987937188597e-11,6.1594437457546765e-12,1.0617850535757928e-12,1.193107357082641e-12,1.1636932289045941e-12,4.89871812130127e-10,4.737827355560889e-06,0
1929,09:04:00,2.0682221485386198e-10,6.599552007969746e-12,1.6013393939982547e-12,1.232642127074598e-12,9.86373592585517e-13,5.878457958777275e-10,4.672495174396341e-06,0
