index,start_time,eeg_delta_power,eeg_theta_power,eeg_alpha_power,eeg_beta_power,eeg_spindle_power,eog_var,emg_rms,label
1,19:46:00,1.788833549922808e-11,7.112106914435456e-13,2.888563406622344e-13,1.461814924073071e-13,2.0741953315467254e-13,1.5169759912631962e-09,3.218393181937033e-06,0
2,19:46:30,1.0998234461514365e-10,5.885077683139835e-12,8.869545499498722e-13,8.439398178032097e-13,1.1671418602240011e-12,7.504060011724337e-09,3.2684765689539813e-06,0
3,19:47:00,1.0031567229246528e-10,5.338002863218917e-12,7.873869924436792e-13,7.259398571888699e-13,5.297689133001365e-13,2.318862905797178e-09,3.2125350563307095e-06,0
4,19:47:30,7.488222796831606e-11,6.055650129143761e-12,2.2455682577328667e-12,1.5982737346379203e-12,2.0658869015262214e-12,1.8765334969389017e-09,3.3085654278370126e-06,0
5,19:48:00,5.142386437361928e-11,2.8915809890289612e-12,9.759952041228878e-13,6.256577221646597e-13,9.56155826315193e-13,3.5917310850926063e-09,3.2535407056614303e-06,0
6,19:48:30,7.731058294003552e-11,3.288806852423969e-12,8.915041732212497e-13,4.3631535603762516e-13,5.112128277367727e-13,3.820967870960318e-09,3.2703407456242257e-06,0
7,19:49:00,1.1447581373010449e-10,3.3280672808810102e-12,6.782213045130344e-13,3.5596802940175587e-13,3.6575355200075084e-13,3.2310767235403622e-09,3.273539299846381e-06,0
8,19:49:30,5.128729297049126e-11,1.4924753051207939e-12,3.944352442332836e-13,2.394451089936421e-13,2.772472571792455e-13,1.295736497527354e-09,3.3117437958108326e-06,0
9,19:50:00,1.1906335326077077e-10,5.189852931001098e-12,1.2535503961886816e-12,9.04386674345344e-13,1.0285337632122675e-12,1.1267456829912281e-08,3.354071591776627e-06,0
10,19:50:30,4.2641460705574235e-11,2.509675040287654e-12,1.5376305542096131e-12,6.904586195147162e-13,7.188100397345796e-13,4.456510856358255e-09,3.204804404838773e-06,0
11,19:51:00,4.729680753871521e-11,2.202847825543884e-12,7.425527283575004e-13,5.081693193099059e-13,8.141235671927754e-13,3.3472263672115775e-09,3.353950202590382e-06,0
12,19:51:30,1.6482181301845017e-11,1.2299880502845764e-12,6.215162854634101e-13,3.410803839263345e-13,4.5397552844119185e-13,1.2915377831551265e-09,3.2636928502561075e-06,0
13,19:52:00,1.2640483038605229e-11,5.851772330611409e-13,3.5424115283165655e-13,2.807484738362145e-13,3.278911295881368e-13,9.452033504021968e-10,3.252064855533775e-06,0
14,19:52:30,1.1598346552032234e-11,9.130114024956984e-13,4.875739553279075e-13,2.1624930203989786e-13,2.5316583112347033e-13,1.1377040717282643e-09,3.293381014621224e-06,0
15,19:53:00,2.9421107564844585e-11,9.18942549191003e-13,5.359590545796125e-13,2.0853839792205437e-13,2.7730573412988945e-13,1.956845589351127e-09,3.26774348830135e-06,0
16,19:53:30,1.3551550127217452e-11,6.951685879857856e-13,4.845234858731347e-13,1.9809702474412004e-13,2.2366422762925734e-13,2.476981503966441e-09,3.3292233459039067e-06,0
17,19:54:00,1.0305120335924366e-10,7.809352935940574e-12,2.2208410161191735e-12,1.6928279679639102e-12,1.2717615704212158e-12,5.806370587885821e-09,3.3388657031202034e-06,0
18,19:54:30,1.4873186862031577e-11,8.979810305197119e-13,4.4275079652671855e-13,3.213304174111039e-13,3.6386953232377694e-13,2.1522548558162607e-09,3.3579260083808586e-06,0
19,19:55:00,1.919981761004014e-11,1.0632986983926796e-12,5.56881289814014e-13,2.905632231018887e-13,2.6287209227875666e-13,1.4909699760455322e-09,3.3656256898164533e-06,0
20,19:55:30,8.534260013849813e-11,4.7841557724539995e-12,2.9654052873591605e-12,3.3393454395453007e-12,3.022871120251909e-12,5.485891112987411e-09,3.3248449860396507e-06,0
21,19:56:00,1.7145453908064163e-10,8.082591003715835e-12,2.9493965119706258e-12,4.411759168585299e-12,4.63571777426755e-12,5.332773672383122e-09,3.3530397856024646e-06,0
22,19:56:30,5.867063986280819e-11,5.485791541820997e-12,2.7957305182141674e-12,4.48170258617641e-12,4.221463036344043e-12,5.2401272610711716e-09,3.3204299915506265e-06,0
23,19:57:00,1.3822748819630872e-10,5.754447960903621e-12,2.2755012961115137e-12,2.1629672915361225e-12,3.038650685525656e-12,6.7085649779154665e-09,3.3234872808666537e-06,0
24,19:57:30,4.475793383817155e-11,3.369934016442725e-12,1.5047747379264075e-12,1.750920575684378e-12,1.2189379218966591e-12,8.347199089826794e-09,2.8375179239276076e-06,0
25,19:58:00,4.4076699357062656e-11,2.97408358127923e-12,2.2213774301223096e-12,1.887764349247136e-12,3.4075499538156734e-12,5.182490674900403e-09,2.9696160514780864e-06,0
26,19:58:30,5.5587967342851644e-11,3.5679608015389184e-12,1.0080791117275347e-12,1.0802262704211092e-12,8.366046932752078e-13,5.831619102730376e-09,3.2008965508248234e-06,0
27,19:59:00,1.0790500649587772e-10,4.2965118486889915e-12,1.7420970277985793e-12,2.416022374267997e-12,1.889315770684287e-12,2.2086605709208914e-09,3.336277591854219e-06,0
28,19:59:30,1.9664085156391395e-10,3.5397599400072804e-12,1.4946995416506966e-12,1.2607555913265582e-12,1.5947487551846909e-12,5.6108924211672675e-09,3.168471217529697e-06,0
29,20:00:00,1.3351688317440699e-10,7.47946434335111e-12,1.46926979146019e-12,2.7363313146420757e-12,2.0828655755018113e-12,6.439641189634818e-09,3.3879726345481443e-06,0
30,20:00:30,2.3473086305364795e-10,7.42144515357602e-12,2.1373748200474832e-12,2.0873958562669217e-12,1.9136415007277767e-12,4.651154530376124e-09,3.2298266362543373e-06,0
31,20:01:00,9.447040585579234e-11,4.553837879808341e-12,1.0123310494607184e-12,1.2541204223518327e-12,1.2857352673387556e-12,1.8276232228269592e-09,2.906394218216558e-06,0
32,20:01:30,2.4167372037242745e-10,6.034544222586117e-12,1.4381463960586462e-12,1.4270871646641623e-12,1.158150946120724e-12,1.4792851760819813e-09,3.0610638061396855e-06,0
33,20:02:00,1.1964183986479972e-10,4.629335644507083e-12,9.336300126008303e-13,5.875059692543808e-13,4.1776615826497713e-13,6.010343084449387e-09,3.305691454337811e-06,0
34,20:02:30,1.588546916173859e-10,3.83111903017645e-12,1.0192972738302607e-12,6.694893100600787e-13,6.310308089595452e-13,2.690142884807777e-09,3.3116165583223857e-06,0
35,20:03:00,7.294892586007767e-11,2.004445938880565e-12,6.334062178387782e-13,3.179946524873818e-13,3.7817272482190495e-13,5.395974947538998e-10,3.148927263745505e-06,0
36,20:03:30,3.06483179778498e-11,7.723354116457517e-13,4.0823882186305795e-13,3.0240710443341905e-13,3.654605063809403e-13,9.181029594295905e-10,3.1150550413979885e-06,0
37,20:04:00,3.123917561587597e-11,1.823759311827302e-12,5.372829808590559e-13,3.9208142730592095e-13,3.5846786601045603e-13,7.81994568830819e-10,3.0963656240326653e-06,0
38,20:04:30,4.0165711922920217e-11,2.7376186407221543e-12,5.944238403890316e-13,3.361373570157197e-13,4.564660225488927e-13,6.190874465693468e-10,3.293327115142406e-06,0
39,20:05:00,4.7265735032425056e-11,1.925859186674236e-12,6.167820679466376e-13,3.2618031974592173e-13,3.7670657348471923e-13,8.950060528534548e-10,3.1460318462210482e-06,0
40,20:05:30,7.341884430019961e-11,1.8600198664994695e-12,7.770310920660326e-13,4.345207472106505e-13,5.495396592752104e-13,1.9670015963348417e-09,3.1826318096725716e-06,0
41,20:06:00,5.998298313422097e-11,1.4412465926229949e-12,7.188032331763339e-13,3.6779317437407697e-13,6.759735302558111e-13,1.5650577069417606e-09,2.877333601516328e-06,0
42,20:06:30,4.4692636327837383e-11,2.4205331315925872e-12,5.30654641095068e-13,2.9457177721332114e-13,4.285638293059804e-13,3.5230341134932887e-10,2.7577890609988083e-06,0
43,20:07:00,3.80498615235308e-11,2.102597623787849e-12,4.702884081176173e-13,2.3448248719786577e-13,2.50117976432353e-13,1.6492847577802038e-09,2.726256190100353e-06,0
44,20:07:30,5.241997055092474e-11,2.3083862599061214e-12,4.652268144982971e-13,2.6129582232670617e-13,3.142554081799256e-13,2.7331456976005758e-09,3.060440490874223e-06,0
45,20:08:00,1.0457621934023e-10,3.5188112612177545e-12,7.923087042301753e-13,6.634331690118148e-13,7.397615709639464e-13,3.1960379371046288e-09,3.313971192569669e-06,0
46,20:08:30,4.5861832178971985e-11,1.463568100018688e-12,4.947155756468909e-13,3.02869834148441e-13,3.233561152466393e-13,8.132464440568737e-10,3.3260751445492215e-06,0
47,20:09:00,4.9809701366358806e-11,1.9889297280361555e-12,4.883847610461411e-13,2.9582285854295044e-13,3.68552895646271e-13,8.653926302520101e-10,3.241984792148313e-06,0
48,20:09:30,5.191887709415376e-11,1.2526176414028841e-12,3.6854157858844436e-13,2.6481396489582e-13,2.35896175903895e-13,7.039515268349713e-10,3.3092065440439327e-06,0
49,20:10:00,2.527047278047689e-11,1.5101904592108218e-12,3.742048061868831e-13,2.7026278289048347e-13,2.740184816063666e-13,5.008632629201725e-10,3.325831531600301e-06,0
50,20:10:30,5.514362428823201e-11,2.612925160377227e-12,4.958209401001236e-13,2.8855440494996615e-13,4.093219700467577e-13,1.052951598794702e-09,3.334171013667662e-06,0
51,20:11:00,1.670863304801998e-10,7.231846923603421e-12,1.6227223219150734e-12,1.897151448027126e-12,1.88231004472725e-12,6.464323546342602e-09,3.364372111148415e-06,0
52,20:11:30,7.808681757163488e-11,2.8754904167736296e-12,5.80454117404498e-13,3.686359786350605e-13,6.737389428931777e-13,6.440628252237427e-10,3.277472143995004e-06,0
53,20:12:00,1.424946644637359e-10,2.1033608454268796e-12,5.183606745615254e-13,2.519887321972188e-13,2.623073134567757e-13,1.1111248848838106e-09,3.3946613519716806e-06,0
54,20:12:30,5.2126205094582563e-11,1.1107325151940878e-12,5.017221508180346e-13,7.442414894530995e-13,8.860953467527914e-13,1.532114804083719e-09,3.38682137349822e-06,0
55,20:13:00,7.510319056114349e-11,2.2398110756658006e-12,4.524263100237213e-13,2.9399047894663043e-13,4.3604738546475406e-13,1.277453026594378e-09,3.3361512273998636e-06,0
56,20:13:30,4.248427662146185e-11,1.6948232732810491e-12,4.592319062103185e-13,2.6140040352449366e-13,2.013051530155472e-13,1.0178470651761355e-09,3.3621145128237197e-06,0
57,20:14:00,8.514216260489637e-11,1.5791768771052695e-12,5.875513562618374e-13,3.1889991138797076e-13,3.4700979525636055e-13,9.153037673628609e-10,3.3196157356039243e-06,0
58,20:14:30,4.7174269897565856e-11,1.3094788201113589e-12,4.5283771835462343e-13,2.620047678439568e-13,3.5560720995473183e-13,1.5243280439513525e-09,3.3510673447153135e-06,0
59,20:15:00,2.190600159994282e-11,1.3002421803867197e-12,4.993449421158214e-13,3.4347753592661484e-13,2.6479303080927324e-13,6.333109599197129e-10,3.3635922643164695e-06,0
60,20:15:30,2.2432735724738522e-11,1.1467711295411418e-12,4.0095270441103434e-13,3.053747616921832e-13,2.895057618923567e-13,8.515074974925084e-10,3.3091681999485278e-06,0
61,20:16:00,1.0744655557636831e-11,7.173910921817726e-13,3.2630333463207226e-13,1.5214984793773935e-13,2.6720322064385284e-13,1.2072281620199439e-09,3.3971600578241115e-06,1
62,20:16:30,7.623269807398315e-12,8.030629856453705e-13,3.294521964967214e-13,1.152304550398827e-13,3.1296754901460724e-13,7.44285935827248e-10,3.307344708996938e-06,1
63,20:17:00,8.826975189252595e-12,9.13512602186131e-13,7.082418714017376e-13,3.1893925585577753e-13,4.198151881653169e-13,9.712202150690426e-10,3.263727720063049e-06,1
64,20:17:30,1.1427100832518122e-11,8.675992583510546e-13,2.39842849460771e-13,9.113249354448375e-14,2.1300433519187262e-13,2.1952135412798767e-10,2.750127511306358e-06,1
65,20:18:00,6.421544804935895e-11,3.948994879311625e-12,1.999182456173401e-12,2.0308213583808587e-12,1.7442600093235641e-12,6.018475996320239e-09,3.117060934516081e-06,0
66,20:18:30,7.953052669102877e-11,6.01837248637544e-12,2.2754572624255426e-12,2.7877752767728716e-12,2.2431557093779294e-12,1.0990295593113018e-08,3.4281506389384697e-06,0
67,20:19:00,9.926904744834299e-11,6.875130905366777e-12,1.6362718820624791e-12,1.5128407737765157e-12,2.051680206048062e-12,9.55336330500263e-09,3.319501875813059e-06,0
68,20:19:30,3.8197141437918385e-11,1.9299668907311964e-12,4.808633407152129e-13,2.926580349681923e-13,4.1191615087120675e-13,6.635817452638982e-10,3.340768853717395e-06,0
69,20:20:00,2.693889871443605e-11,1.6108263986232185e-12,3.4401025771889496e-13,1.7844545611472862e-13,2.6439910824157687e-13,6.354330318023373e-09,3.3490625883896496e-06,0
70,20:20:30,3.6159696866811475e-11,3.3840337431339544e-12,7.534966796951584e-13,6.441437123525267e-13,1.023300935719976e-12,3.3461373880144327e-09,3.3434367021424993e-06,0
71,20:21:00,1.929252896805966e-11,1.9866912444380462e-12,6.224559523665888e-13,7.000663253061381e-13,4.3585728122316113e-13,2.1134788042481296e-09,3.378842376949403e-06,0
72,20:21:30,3.350372713989912e-11,7.184755629831981e-13,4.338681645734318e-13,2.55996023477945e-13,3.269511153655737e-13,1.2294379857565235e-09,3.301622177518638e-06,0
73,20:22:00,1.6577577252278534e-12,3.6152819970475983e-13,4.815131269649439e-13,2.381294142225471e-13,3.1650315309043074e-13,1.5154944205448665e-09,3.326527087974742e-06,0
74,20:22:30,1.0627751217450476e-12,3.204697549843627e-13,3.041716622014356e-13,1.6008136441703624e-13,2.561802063821321e-13,2.1310743314351698e-09,3.312227315513772e-06,0
75,20:23:00,1.0151154900655392e-10,3.8972578943357615e-12,1.4842310622404937e-12,1.103144257584498e-12,8.352655192724778e-13,3.958245935608166e-09,3.2763267584286297e-06,0
76,20:23:30,1.2997270817947563e-10,5.61384642321627e-12,1.3934065245815769e-12,1.6095588095927843e-12,1.855570450215812e-12,2.7268838603389015e-09,3.333396189846423e-06,0
77,20:24:00,1.488980770177622e-11,8.816350973803094e-13,4.976841139527727e-13,4.77906467627939e-13,5.442557345634589e-13,1.1054686471553173e-09,3.2910654165534022e-06,0
78,20:24:30,1.3545223272569602e-10,8.486369078338047e-12,1.000245029734001e-12,6.621425638447129e-13,6.580984017229419e-13,2.212340400281894e-09,3.340554872572957e-06,0
79,20:25:00,1.3742422324147187e-10,5.304757823261772e-12,1.157083424216181e-12,9.130628405106044e-13,8.266392773278403e-13,2.9352378883984503e-09,3.281619039795871e-06,0
80,20:25:30,4.341019279896485e-11,2.056368484735046e-12,7.283694055088617e-13,5.564538175337305e-13,5.265159720257108e-13,1.6299799685923368e-09,3.2845429365703936e-06,0
81,20:26:00,7.754795372192932e-12,2.947768604661957e-13,2.1934403908876832e-13,1.7914736191034668e-13,1.6747608591103726e-13,1.798536710149266e-09,3.323019156923048e-06,0
82,20:26:30,1.0947052249707283e-11,7.585593348804185e-13,3.418222135144207e-13,2.193245393089689e-13,3.344618980288627e-13,1.0124733662938578e-09,3.2935067208738196e-06,0
83,20:27:00,9.230946463820458e-13,3.079563155192347e-13,3.3752667643669633e-13,2.0011297923976938e-13,2.5597948554341654e-13,9.944945427386562e-10,3.350393781133188e-06,0
84,20:27:30,1.091298608085413e-11,5.381541901559293e-13,3.3408931740407244e-13,2.1511144643232714e-13,2.981063352213701e-13,1.5463687426800462e-09,3.3142101529957367e-06,0
85,20:28:00,9.989806089618359e-12,7.686279160916658e-13,4.2794252472948956e-13,2.1058111329213485e-13,3.076159484913814e-13,9.739752605937545e-10,3.3290913604951454e-06,0
86,20:28:30,1.9562486463277917e-12,3.4725180247601445e-13,4.1156798646012525e-13,1.9296775849254162e-13,3.6326888638421634e-13,1.346868304466236e-09,3.329126570496375e-06,0
87,20:29:00,9.057005866475196e-12,5.733684832627896e-13,3.501710726533196e-13,1.6547951676416343e-13,2.1657681702175535e-13,9.525875805913095e-10,3.3122746238115406e-06,0
88,20:29:30,2.333112439544059e-12,3.787138806003567e-13,2.602118576259753e-13,2.037401312456355e-13,3.6754118553446634e-13,1.2058880216460989e-09,3.3586085323643118e-06,0
89,20:30:00,1.1624984154193648e-11,6.197303641359531e-13,4.089796923661977e-13,1.800350078181236e-13,2.5266235645775986e-13,1.2239806015389585e-09,3.2710449431052877e-06,0
90,20:30:30,1.4097210252085392e-11,1.070577240988661e-12,4.197411754276505e-13,2.2395781708843042e-13,2.9479113247273874e-13,1.3562028682346676e-09,3.26796518756587e-06,0
91,20:31:00,2.4850650962004365e-10,9.65700990205716e-12,1.167196267115258e-12,4.4405015421054384e-13,7.743991768925283e-13,7.2148135730063526e-09,2.9218674115317503e-06,0
92,20:31:30,3.385311989180561e-11,9.770711638237324e-13,3.6036510607170644e-13,1.8290371425134382e-13,2.0663341292300312e-13,1.8574695501081864e-09,3.2049677568424295e-06,0
93,20:32:00,1.8262007672152683e-11,8.521451521041677e-13,4.63686715268123e-13,2.295789938153893e-13,2.999690785348407e-13,1.6125347206486132e-09,3.2043726429459184e-06,0
94,20:32:30,1.3393654184827612e-12,3.1320896531632667e-13,2.435771545648082e-13,1.604253134494032e-13,1.5464812012553797e-13,2.360716001679141e-09,3.267685686131395e-06,0
95,20:33:00,4.42259881910516e-12,4.111266033475711e-13,3.641349426444255e-13,1.785386678178401e-13,3.2020427256409197e-13,2.716413922207716e-09,3.389199383297293e-06,0
96,20:33:30,4.292123980706159e-11,1.270300713956608e-12,4.1620779893048035e-13,2.3259280192607473e-13,3.479869258532547e-13,1.6596904246741066e-09,3.3957047252606782e-06,0
97,20:34:00,2.2059759720528205e-11,1.083284371705505e-12,5.050089069443539e-13,1.8175904806633744e-13,2.437140172071536e-13,1.6338353416307507e-09,3.3448257993357946e-06,0
98,20:34:30,1.3263467073792688e-11,8.956538587120175e-13,5.137762974418704e-13,1.765349459212357e-13,2.0961680645424345e-13,1.381496388257285e-09,3.3767040768692576e-06,0
99,20:35:00,9.730123482372037e-12,1.2872465380664117e-12,3.522845148769461e-13,2.0802522397394323e-13,3.308233513271436e-13,1.4282454379657197e-09,3.308095742795456e-06,0
100,20:35:30,1.3000240221402862e-12,2.292717845012959e-13,2.5543970720466634e-13,1.5078557125383737e-13,1.5544905560996804e-13,1.2178906618749842e-09,3.328382702708782e-06,0
101,20:36:00,5.258781680033965e-12,6.002432279034342e-13,3.213922176358105e-13,1.7012883062210732e-13,2.453706691414264e-13,1.4754680386124542e-09,3.2700462379952196e-06,0
102,20:36:30,7.812282463461407e-12,5.325592707988091e-13,2.8289610419868933e-13,2.04961584693929e-13,2.8345347496344977e-13,2.189996549333811e-09,3.3147918358126046e-06,0
103,20:37:00,6.2712828116944e-12,9.165132441225077e-13,3.2183783631915594e-13,1.544072610554645e-13,2.9292115213372454e-13,1.9586481976337674e-09,3.356510010536272e-06,0
104,20:37:30,2.6379526907444673e-11,1.3369685771588522e-12,5.519425159570404e-13,2.285776980463902e-13,3.0503986383011723e-13,2.417364647537243e-09,3.315340004922762e-06,0
105,20:38:00,1.2714581006235601e-12,3.008719309656949e-13,2.5070338380444265e-13,1.8128316811246957e-13,1.6361744909322742e-13,1.2865507537429812e-09,3.3798955888806946e-06,0
106,20:38:30,2.9664536982223083e-12,3.4232490671175667e-13,3.172796380969088e-13,1.8691186195963078e-13,2.546617157795849e-13,1.2922830434806922e-09,3.381488761902494e-06,0
107,20:39:00,1.954353569991058e-12,4.4414992624979285e-13,3.033624028108775e-13,1.728985666364224e-13,2.3547630431827e-13,1.344543716212282e-09,3.356067466322173e-06,0
108,20:39:30,8.335856423085911e-12,4.2957539951094284e-13,3.536122404894409e-13,1.8753276913608296e-13,2.86056473837493e-13,1.926701638843603e-09,3.3841052245832354e-06,0
109,20:40:00,3.6341844223401895e-11,1.3388161733246559e-12,6.952862286282825e-13,3.7523738799625604e-13,4.161007437326661e-13,2.338831579374776e-09,3.38657913854332e-06,0
110,20:40:30,5.281045709871068e-12,4.34754192719938e-13,2.835675968618872e-13,1.8328228268447013e-13,2.453065395719292e-13,1.2344104677206973e-09,3.4094623072508826e-06,0
111,20:41:00,1.9929217804255436e-12,3.520375439854501e-13,3.063945944274476e-13,1.7095488281382408e-13,1.875213328583504e-13,2.0456153596824113e-09,3.3340519298951406e-06,0
112,20:41:30,1.4671507203526003e-12,2.669796198178242e-13,3.555507320814352e-13,1.7989339798083064e-13,1.9078710111814642e-13,1.8257393958094569e-09,3.2676466210831844e-06,0
113,20:42:00,1.4183956030809414e-12,3.381420264125177e-13,3.1035933564592274e-13,2.0243683018206647e-13,2.1659325151223025e-13,1.9934961014419406e-09,3.285696172935264e-06,0
114,20:42:30,1.4620898942577443e-12,2.3861779378117405e-13,2.7172426721970124e-13,1.653356341851152e-13,1.977397151034868e-13,2.691996742134521e-09,3.3022338780732817e-06,0
115,20:43:00,1.5479054426789354e-11,8.22870560270699e-13,3.7025185380227697e-13,2.1897690410495684e-13,3.576184062368144e-13,1.7306211989389067e-09,3.3430862471283297e-06,0
116,20:43:30,5.010632857613018e-12,2.907752175358757e-13,2.131078234025254e-13,1.8296989363470786e-13,2.0058904109744338e-13,1.9909907005293354e-09,3.2946816190793144e-06,0
117,20:44:00,1.3638628522345646e-12,3.7665103445400626e-13,2.954972746710503e-13,1.6332428415753094e-13,1.9609658218144055e-13,2.2817820015426854e-09,3.370705199082762e-06,0
118,20:44:30,9.237205385886489e-12,4.86796236954707e-13,2.7333681418666646e-13,1.4487306698706306e-13,2.2182199255342402e-13,1.959916786160819e-09,3.3541400016602596e-06,0
119,20:45:00,1.3623956049541189e-11,6.545188286353609e-13,5.064798275376979e-13,2.7243366985774986e-13,2.7448698289516313e-13,2.071850546153933e-09,3.2164767617154797e-06,0
120,20:45:30,2.1830518469946205e-12,3.5464171621148163e-13,2.968018950229604e-13,1.9074183235872292e-13,2.4424618571983277e-13,1.3114618126837783e-09,3.3848003959258786e-06,0
121,20:46:00,3.365784117545473e-12,2.518981309790426e-13,3.0790868547373243e-13,1.734358399716032e-13,1.6965389706437233e-13,1.5221924346161823e-09,3.3378986056013758e-06,0
122,20:46:30,1.6646942996165104e-12,2.9041598184428584e-13,3.863610684533694e-13,2.2013401167625626e-13,2.895104120809585e-13,2.3587463249949104e-09,3.322902726876036e-06,0
123,20:47:00,4.795520975050942e-12,5.136274971007518e-13,2.9664726734477563e-13,1.8052302387784052e-13,2.1434455179230578e-13,1.8786123645802303e-09,3.317038671672158e-06,0
124,20:47:30,3.6157985648560415e-11,8.187004459307632e-13,5.017629088536157e-13,2.2291141420335296e-13,3.9357228015136855e-13,2.225427528929804e-09,3.284464056764133e-06,0
125,20:48:00,1.5733566933319317e-12,2.927950077282986e-13,2.3865767217682473e-13,2.160080687036248e-13,2.2496094784612162e-13,1.3053410205103729e-09,3.3747609316600357e-06,0
126,20:48:30,6.149584973379856e-11,1.2342918699912052e-12,4.0654309533353295e-13,2.4560357464645913e-13,3.4257530461633334e-13,1.978928025326749e-09,3.3874946017075164e-06,0
127,20:49:00,3.964743153318544e-12,5.251433181303511e-13,3.729418589497887e-13,2.2100604521982828e-13,2.856725240002245e-13,1.770069673641581e-09,3.4217512389818293e-06,0
128,20:49:30,1.0168776955689945e-11,4.0396791848232847e-13,3.522334704235977e-13,2.004083402227029e-13,2.7739893899198174e-13,1.8163807759054695e-09,3.377190549964591e-06,0
129,20:50:00,1.6202598709980817e-11,4.401889798733478e-13,3.0890786253860417e-13,1.6084953255359593e-13,2.0549788982365248e-13,1.9547570069839916e-09,3.35509145305284e-06,0
130,20:50:30,2.823016593689506e-11,1.16877383387822e-12,5.847242451426694e-13,3.856526881769734e-13,5.70612295487161e-13,2.006474557740483e-09,3.358035776458512e-06,0
131,20:51:00,1.4344871817741993e-10,3.961868038589563e-12,7.864733493795678e-13,3.5324578381866714e-13,5.341568504022996e-13,3.1500647783951314e-09,3.344667103363489e-06,0
132,20:51:30,1.722784719937643e-10,7.862543320338208e-12,1.1131861108257582e-12,7.013442966125412e-13,1.0087213412460016e-12,5.285622689800831e-09,3.3933386244615687e-06,0
133,20:52:00,4.6095791139235656e-11,1.2977201789957173e-12,7.354433330158478e-13,3.998509559855114e-13,5.222821957768011e-13,2.119907805920042e-09,3.2990040148922912e-06,0
134,20:52:30,5.037697633589712e-11,1.6474635394792545e-12,7.154097768939676e-13,3.9968898321380024e-13,4.5028536675867324e-13,5.106483940784153e-09,3.331000419947127e-06,0
135,20:53:00,8.61338716753228e-11,3.3940191339661867e-12,1.2682157619276752e-12,8.179063675971472e-13,1.1086165539064703e-12,5.586630509816299e-09,3.3359222605260214e-06,0
136,20:53:30,1.4786427323327225e-10,4.6467580925072e-12,1.163687058145078e-12,6.373239436529791e-13,9.018094279930301e-13,3.8444980958815715e-09,3.3086310905242747e-06,0
137,20:54:00,8.647639626849175e-11,3.302983428366634e-12,6.09510440392363e-13,4.5051480513468857e-13,7.308614555193331e-13,1.0953349651529646e-09,3.2002169367347324e-06,0
138,20:54:30,9.693728832232664e-11,6.333719661414683e-12,1.8910392831143166e-12,1.5376466919800614e-12,1.776519922897788e-12,6.366026689499986e-09,3.373221515721962e-06,0
139,20:55:00,1.3990217078974493e-10,9.657375961697753e-12,1.2188618514882964e-12,1.1580209028615805e-12,1.1880632221261994e-12,2.3606331424680045e-09,3.4027949763506524e-06,0
140,20:55:30,1.994760754229117e-10,8.645186257704023e-12,1.5988179574402599e-12,1.918270109621264e-12,1.2296162518509206e-12,3.5559626796892615e-09,3.3703584844297618e-06,0
141,20:56:00,1.0591244975041905e-10,5.260394430267007e-12,1.634497600117995e-12,1.4717967989454043e-12,1.4224275717945893e-12,3.1738601497990407e-09,3.3835022217838805e-06,0
142,20:56:30,9.144607086877121e-11,6.920663183251757e-12,8.805296681757835e-13,8.817638791499112e-13,9.65952998775968e-13,4.7480705980384e-09,3.3848703856208006e-06,0
143,20:57:00,6.181786875136757e-11,2.3405049407801076e-12,6.443155372999767e-13,3.510757017554408e-13,2.6922455788612634e-13,2.4700437179594314e-09,3.206956896178243e-06,0
144,20:57:30,5.7888712371508216e-11,1.5292371216346518e-12,5.2808109367835e-13,3.146041768939212e-13,3.119393731448066e-13,4.368348637967357e-10,2.6315129952856317e-06,0
145,20:58:00,2.034085557623787e-11,7.924457754610176e-13,6.475777039740847e-13,3.271096413529907e-13,4.218565363820364e-13,6.05508421002162e-10,2.8515514093509314e-06,0
146,20:58:30,8.022792362226135e-11,1.931086093589975e-12,9.393610007754082e-13,7.324710357059508e-13,5.388654251429727e-13,2.6450092445101705e-09,3.1198230451500348e-06,0
147,20:59:00,9.841875938757576e-11,2.735202641303653e-12,5.449140082391632e-13,3.7757271352482203e-13,3.736687198437989e-13,9.803147195977074e-10,3.0969913577099064e-06,0
148,20:59:30,5.271615504398628e-11,1.5836524721762732e-12,5.522758646354911e-13,3.751839767931682e-13,4.464665537166556e-13,1.6178051234159166e-09,2.9872539993914904e-06,0
149,21:00:00,5.7114513364148614e-11,2.919925374707881e-12,5.468424415845642e-13,5.696398806067854e-13,4.4506277417259064e-13,2.1635935516569506e-09,3.3435243284070285e-06,0
150,21:00:30,2.956294937588321e-11,2.3279187918391227e-12,7.211185465624687e-13,6.165511288582482e-13,6.906888564176112e-13,6.808628474614156e-09,3.4021874489288407e-06,0
151,21:01:00,7.33808269699507e-11,3.3064769224160648e-12,8.377608085910572e-13,8.182185524077782e-13,1.1190496236868326e-12,4.058323518868896e-09,3.3128478093511663e-06,0
152,21:01:30,1.7874036155004966e-10,9.962541088169101e-12,3.5918098794429447e-12,3.6628437179535686e-12,3.6050182528430696e-12,5.708539113750113e-09,3.423849277173541e-06,0
153,21:02:00,5.0101292083413096e-11,4.5149538137085e-12,2.458114604961417e-12,1.7931070334100813e-12,1.4474380586040518e-12,1.4699596159395629e-08,3.394433278489807e-06,0
154,21:02:30,6.646723002801085e-11,5.342268990875232e-12,1.4923804933574564e-12,2.021402683417742e-12,2.2494631816288693e-12,2.294462164497891e-09,3.4716147931512527e-06,0
155,21:03:00,1.0619006003750716e-12,3.2697418088487984e-13,3.664135447388326e-13,2.320392996091371e-13,2.473106535406289e-13,5.983477844586781e-10,3.3569851159637186e-06,0
156,21:03:30,8.191898691298543e-12,6.339092861377187e-13,3.400093522801543e-13,1.6088758600157454e-13,2.4456527215270023e-13,1.3722877532959598e-09,3.357441333855853e-06,0
157,21:04:00,1.7466261538078635e-11,1.2099049739363204e-12,4.679561905420523e-13,2.3718699798033615e-13,3.4105095589776156e-13,1.2256942433165825e-09,3.3502362341125792e-06,0
158,21:04:30,1.0529639088862909e-12,3.2992129230081926e-13,2.7685504858858407e-13,1.803688263640449e-13,2.5735629691737605e-13,1.410170779094795e-09,3.296432405582115e-06,0
159,21:05:00,2.5071121516565314e-11,1.425516350720144e-12,5.238591344230872e-13,2.0761304575450962e-13,3.4317595275431933e-13,1.7120927910659747e-09,3.3745257559909976e-06,0
160,21:05:30,4.692997729651558e-12,4.0030853087059037e-13,3.2455849738495243e-13,1.9161454366266813e-13,2.556577732659657e-13,1.226634370295418e-09,3.3751820921297952e-06,0
161,21:06:00,3.665435004293253e-12,4.986073093735399e-13,4.0112648467829944e-13,2.128279205049445e-13,2.6261188986707275e-13,1.5243487065227114e-09,3.4276256147902326e-06,0
162,21:06:30,5.4200387678688466e-12,5.623643231485819e-13,2.863729346254467e-13,2.0162257529489852e-13,2.777486297405255e-13,1.7762290869454959e-09,3.421361945123158e-06,0
163,21:07:00,5.941831428333218e-11,2.2346595721588396e-12,7.12839868241645e-13,5.107683907070019e-13,6.892657584028445e-13,4.219204427180196e-09,3.357589695165655e-06,0
164,21:07:30,2.1734048138612758e-11,5.097883169630098e-13,2.878964901725481e-13,1.7858191139699757e-13,2.3302357354026537e-13,1.6713337788871992e-09,3.427775868407826e-06,0
165,21:08:00,2.7390783624634785e-11,1.1547455633360794e-12,6.569960617129224e-13,4.76577472285138e-13,4.520507067486543e-13,7.094059335045272e-09,3.3443012853419152e-06,0
166,21:08:30,5.730552913599026e-12,5.819220630535173e-13,4.058644202311416e-13,4.2188626436619983e-13,4.3378501897196073e-13,2.8954959840594654e-09,3.4180153064682038e-06,0
167,21:09:00,2.2127036324672562e-11,1.2031840034879632e-12,6.868785498642707e-13,4.5296728046195606e-13,3.665698794263924e-13,1.724081281291594e-09,3.351851177286052e-06,0
168,21:09:30,3.78732897430288e-12,1.511763877338922e-12,9.916532547589377e-13,1.042087085590745e-12,1.1220531935851221e-12,1.6089801997589118e-09,3.3633486157398404e-06,0
169,21:10:00,4.4343922772930406e-11,1.3742972117884091e-12,6.856709147516803e-13,5.657870424633612e-13,6.989095371790424e-13,2.0133906313557204e-09,3.3852280260602838e-06,0
170,21:10:30,2.087271131021593e-12,3.4938662201458416e-13,2.336710566678361e-13,1.592860012571901e-13,1.9185454715183026e-13,1.7212486248526465e-09,3.1635613985934466e-06,0
171,21:11:00,4.6827178509691395e-11,2.176866461752684e-12,7.046559366933806e-13,7.153104736526334e-13,7.19956005157791e-13,1.6184291187668346e-09,3.1165340220472595e-06,0
172,21:11:30,5.920081004816311e-12,2.8359124222559965e-13,2.4142836470607275e-13,1.541391855636424e-13,2.10853232377341e-13,1.4735590226517518e-09,3.2042481777547194e-06,0
173,21:12:00,3.3750071409036214e-11,9.141981188610312e-13,3.4821650185736647e-13,1.5770637775206422e-13,1.9276685766758913e-13,9.588947370442916e-10,3.309930117190524e-06,0
174,21:12:30,4.0030100163865585e-12,5.084627341230057e-13,4.3768413392086666e-13,2.9313804025077886e-13,4.5137345857986163e-13,1.2986354507417264e-09,3.3303517206832978e-06,0
175,21:13:00,2.2446774113138693e-12,3.23131209837309e-13,2.2182326052153028e-13,1.6925170612447707e-13,1.4034651730615075e-13,7.740068188146457e-10,3.372229014588292e-06,0
176,21:13:30,1.1859958876606042e-11,4.104494010042024e-13,2.959337965328565e-13,1.851178999132812e-13,2.1993335582092325e-13,8.195161212381245e-10,3.3755202763384028e-06,0
177,21:14:00,1.4862075938388688e-12,2.5680497473855556e-13,1.9947112999210346e-13,1.280178817189176e-13,1.323947384475458e-13,1.983247600398923e-09,3.335092829578612e-06,0
178,21:14:30,8.68206957199438e-12,8.728897449095539e-13,3.470148009755454e-13,3.1351224518639967e-13,3.300109090801814e-13,2.408853703476261e-09,3.316470742954057e-06,0
179,21:15:00,6.97049062604122e-11,1.8760434865367507e-12,9.338922317267968e-13,4.489837516779064e-13,4.505573493546688e-13,2.0342702666894602e-09,3.340606993919839e-06,0
180,21:15:30,2.3151938451823532e-12,2.2522626693997726e-13,2.6475642101011267e-13,1.7980414940355234e-13,2.325060800692416e-13,1.8388013547547664e-09,2.8380224748470962e-06,0
181,21:16:00,3.239221186164542e-12,4.1215654246810306e-13,3.5771913944335626e-13,1.6311473799049052e-13,1.805286630636023e-13,1.5599449849126668e-09,3.4115689905894537e-06,0
182,21:16:30,1.7531742120904926e-12,2.8376795553565057e-13,2.4782623841897455e-13,1.3657733741688962e-13,2.200573543839922e-13,2.278721471410363e-09,3.3492341453722186e-06,0
183,21:17:00,1.5424537569385082e-11,1.0438296992007723e-12,4.1767005189072764e-13,2.607080947863916e-13,3.6060623519019034e-13,2.1924185866705905e-09,3.4619009235335155e-06,0
184,21:17:30,5.602772222599717e-11,1.434996392665846e-12,4.4740811080457916e-13,2.0202662995719061e-13,3.4240499424861956e-13,4.434148008080764e-09,2.9917916583296905e-06,0
185,21:18:00,1.3020795952299478e-11,4.799051779511105e-13,4.4236725615256186e-13,1.8296645152105282e-13,3.005791386958034e-13,1.5695276027369846e-09,3.439209137504115e-06,0
186,21:18:30,2.7767684654724275e-12,2.792940244364387e-13,2.663633805230731e-13,1.4593994573500322e-13,2.442070965392387e-13,3.0771319592050022e-09,3.4350433391530202e-06,0
187,21:19:00,9.697005513504421e-12,6.704640659229433e-13,3.771664743415913e-13,2.814164079662146e-13,2.961499828562282e-13,1.7241852540759618e-09,3.393584336484524e-06,0
188,21:19:30,2.364034137539519e-12,6.370835413359232e-13,4.793041263409841e-13,4.0457492459855586e-13,6.885373490383072e-13,2.2158511433383228e-09,3.413754240622031e-06,0
189,21:20:00,2.7306882228762037e-11,8.02682012023916e-13,4.2768067213516944e-13,1.46841880772537e-13,2.3597218035556315e-13,1.6514377281053733e-09,3.326385477304051e-06,0
190,21:20:30,4.147494101175757e-11,1.390926127537623e-12,1.47901340301594e-12,2.3000041181628735e-12,3.012147572666326e-12,2.757094148351951e-09,3.3655066735941997e-06,0
191,21:21:00,2.2621196563308935e-11,8.491128312216907e-13,3.837616716217092e-13,2.0755856731644764e-13,3.348700626446009e-13,2.0828576292360234e-09,3.3915995221656598e-06,0
192,21:21:30,9.31341158234244e-12,5.064366293559972e-13,2.937398131135498e-13,1.9693352564702302e-13,1.8633617633213245e-13,1.62187611255318e-09,3.3951720913408518e-06,0
193,21:22:00,3.2417033256616864e-11,7.526715890058259e-13,3.523738490555731e-13,1.7390440850015638e-13,2.744583541592528e-13,1.246635808004024e-09,3.4035090442678618e-06,0
194,21:22:30,3.212386198031921e-11,8.539613520191056e-13,3.393981234819095e-13,3.080999338219753e-13,5.635037607588699e-13,1.5658714960078144e-09,3.366811659041489e-06,0
195,21:23:00,1.093471090755812e-11,4.36567579502117e-13,2.9278443525488715e-13,1.893373029278207e-13,2.8756464527517907e-13,1.0614844302730536e-09,3.4607245003994727e-06,0
196,21:23:30,2.4775179572045014e-11,5.704170488493214e-13,3.4523651330496887e-13,1.65798956026371e-13,2.1059578323704305e-13,1.8889888808276505e-09,3.420693247604173e-06,0
197,21:24:00,1.8575511274896825e-11,8.376829469348307e-13,3.903184986962629e-13,2.1751001359647458e-13,3.167814941955441e-13,1.159901042605598e-09,3.3671673302882097e-06,0
198,21:24:30,1.4636228301996177e-12,2.5382249604573856e-13,3.2246403477107586e-13,1.9329290437275577e-13,1.7855118048826423e-13,1.128048284097654e-09,3.3868543597839276e-06,0
199,21:25:00,4.29312671449939e-12,4.059432990156502e-13,3.434250223047441e-13,2.6664916769417453e-13,2.718694164386404e-13,1.0649596536836513e-09,3.3226933437747472e-06,0
200,21:25:30,2.3079543624880172e-11,6.905296873387727e-13,3.7113842176632275e-13,1.7771831423655176e-13,1.9314675513962512e-13,1.4778220447434384e-09,3.399754848572598e-06,0
201,21:26:00,7.753123579983844e-12,3.385668801396376e-13,3.1337017542059237e-13,1.899853218180817e-13,1.8458506090291038e-13,1.0841818559162518e-09,3.343939976532739e-06,0
202,21:26:30,1.1941459737451714e-11,5.387270723661274e-13,2.4281470363134817e-13,1.616509938940452e-13,1.7508770752361424e-13,1.153265860224898e-09,3.394284868987271e-06,0
203,21:27:00,8.015528720238506e-12,6.922220297596817e-13,4.0387693511086257e-13,2.6909946799719716e-13,4.201122835217613e-13,1.256962598324288e-09,3.418595340517569e-06,0
204,21:27:30,1.776609514904933e-12,2.89748582027717e-13,2.8934480835868786e-13,1.8800165224073481e-13,2.1542955996199866e-13,1.1281104506410254e-09,3.363108920797936e-06,0
205,21:28:00,5.926314430962157e-12,3.910057606488975e-13,3.0712569525192484e-13,2.2608696234799416e-13,2.1601936780031516e-13,9.094493936895182e-10,3.432612731394037e-06,0
206,21:28:30,3.050079627482468e-11,8.779586842125205e-13,4.483220039833863e-13,2.1277400006993864e-13,2.296589466494249e-13,1.0970265397954707e-09,3.4317146280996634e-06,0
207,21:29:00,1.6777100355961016e-11,6.056524602215559e-13,3.0236816618504874e-13,1.8912253020193334e-13,1.839174157929552e-13,1.2242774684958646e-09,3.4077813061654666e-06,0
208,21:29:30,1.570364744291502e-11,4.202281254513557e-13,3.4011703180804876e-13,1.922311515997541e-13,2.9532505790112913e-13,1.076427888095569e-09,3.399402371865797e-06,0
209,21:30:00,1.2592973344821114e-11,3.9712225330748614e-13,4.2128176395284046e-13,2.3598801217932605e-13,2.0441953995347754e-13,1.2236714163782514e-09,3.3813054065189517e-06,0
210,21:30:30,1.740222286196011e-11,6.090114012695274e-13,3.9337652775639693e-13,1.9699716259658588e-13,2.34073176197624e-13,2.2405735067218915e-09,3.389591205064549e-06,0
211,21:31:00,2.7474950443254707e-11,7.471404706799011e-13,4.35977247530318e-13,2.1917468853907067e-13,3.666964324912259e-13,1.3919412237919724e-09,3.326679652190343e-06,0
212,21:31:30,7.41830081629121e-12,4.624330958833697e-13,2.9500164190420916e-13,1.6759685539845524e-13,1.9451337142088812e-13,1.5944158927188941e-09,3.3730610630402275e-06,0
213,21:32:00,1.3374939478817022e-11,3.9769438059081894e-13,2.282344505236933e-13,1.4729521209910309e-13,1.6345428568080507e-13,1.7174346127172567e-09,3.385119319326719e-06,0
214,21:32:30,2.3073232180115808e-11,6.715897674119612e-13,3.0993434293472324e-13,1.697116092041358e-13,2.2666113929988068e-13,1.355052657454016e-09,3.3867836491014815e-06,0
215,21:33:00,3.230607808456415e-12,3.728394372885409e-13,2.8365326755215294e-13,1.58114767630416e-13,2.129372894191374e-13,2.1122867063493293e-09,3.424060685493978e-06,0
216,21:33:30,1.2271801570201994e-12,2.9328965246125517e-13,3.550078189319088e-13,1.6234692567661307e-13,1.6000845968594227e-13,1.6606540096640616e-09,3.3797600942593764e-06,0
217,21:34:00,1.2501391709733652e-11,2.799905600304852e-13,2.3617168291689374e-13,1.3865030545532767e-13,1.892976655743541e-13,2.649300100974777e-09,3.4384049984974795e-06,0
218,21:34:30,2.8476092872704133e-11,2.000591395317023e-12,3.5393892898283814e-13,1.9162594341467398e-13,2.320908735589093e-13,2.6567239542770738e-09,3.308632618133291e-06,0
219,21:35:00,7.766571295767386e-12,3.2377499953534876e-13,2.1538086398525131e-13,1.4221794535770552e-13,1.7347906818085016e-13,1.4853607388257788e-09,3.347752546454708e-06,0
220,21:35:30,2.4880915764214433e-11,6.543849332028339e-13,3.006453491158648e-13,1.5356196969464244e-13,1.9057189402182135e-13,1.6584754478701357e-09,3.2983300591017034e-06,0
221,21:36:00,4.3594326762566195e-12,4.5307941959902556e-13,2.4778964159756224e-13,1.5947130929105215e-13,1.637090098303509e-13,1.1765112874035862e-09,3.235595772061169e-06,0
222,21:36:30,7.760166859001564e-12,4.1307907452488285e-13,2.775299037652476e-13,1.6619589770816694e-13,2.4134509455421496e-13,1.151429831687374e-09,3.3139001152612472e-06,0
223,21:37:00,9.718447582648766e-13,2.000776126011587e-13,2.1511491178914018e-13,1.545101869832311e-13,2.1591480346554182e-13,9.339621376277283e-10,3.3329643827255026e-06,0
224,21:37:30,9.41514033140676e-13,2.4951414596430604e-13,1.7843418223655048e-13,1.5280692938209057e-13,1.3908618307322985e-13,1.4924715243920923e-09,3.3811272279801466e-06,0
225,21:38:00,7.941841086525785e-12,5.898123081307977e-13,2.0674320960823562e-13,1.7692335473919842e-13,2.2466646982670812e-13,1.0238080074489175e-09,3.3884089834051313e-06,0
226,21:38:30,2.2822904836309005e-12,2.4658710707547577e-13,2.0739751762977156e-13,1.5561293438501564e-13,2.8230868077710415e-13,1.942770767436515e-09,3.3892509152828567e-06,0
227,21:39:00,4.264035704826076e-12,3.1809113897537584e-13,2.6412224482893006e-13,1.7332467193789504e-13,2.3623926921603377e-13,1.319486303860087e-09,3.453973993844306e-06,0
228,21:39:30,1.370059254280913e-11,3.222539383437282e-13,2.649045612100524e-13,1.6171307048667007e-13,2.0873490021496638e-13,1.1427556530461192e-09,3.3679792859967794e-06,0
229,21:40:00,1.3682376830319659e-12,2.1380715385800427e-13,2.8235405686315664e-13,1.5958843793592732e-13,1.9307458156604668e-13,1.5891838334399724e-09,3.4221167802282954e-06,0
230,21:40:30,9.473374171216622e-12,1.4341624386730988e-12,3.022524063221782e-13,1.7321517933161946e-13,1.8360520330352437e-13,2.32414870604159e-09,3.3554040298871114e-06,0
231,21:41:00,7.420753218004588e-12,3.946892157819966e-13,2.984068119640754e-13,2.1243261775030854e-13,2.321135598537826e-13,2.480763779774214e-09,3.3357137100244933e-06,0
232,21:41:30,1.2358500142735829e-11,8.362270877373852e-13,3.0139088412884475e-13,2.5449750619250635e-13,3.511972172705539e-13,1.808117342582494e-09,3.4064842598648017e-06,0
233,21:42:00,4.1085510295842474e-11,1.1495567719661046e-12,4.064205701655978e-13,2.0517108360935447e-13,2.1443042211283678e-13,2.2475351165057596e-09,3.332047041132947e-06,0
234,21:42:30,7.44011969554722e-12,6.300359624023518e-13,2.89013801465395e-13,1.6677703137067964e-13,2.030909223145667e-13,1.6160735967375983e-09,3.4116259480539536e-06,0
235,21:43:00,6.075305810963446e-12,2.9096289811043056e-13,2.139456742067456e-13,1.7756900808942335e-13,2.711668970676696e-13,1.4199148450111157e-09,3.3630548846565004e-06,0
236,21:43:30,7.449852239322473e-12,3.6517826475525753e-13,2.797299532819382e-13,2.6109650394386344e-13,2.835875915284307e-13,1.301835035462612e-09,3.418432419421714e-06,0
237,21:44:00,1.8372832037328697e-12,2.4234229382539967e-13,2.0908548857000486e-13,1.9095785478419357e-13,1.541811710403813e-13,1.377526576714506e-09,3.3899776119255524e-06,0
238,21:44:30,4.501429118031476e-11,1.3552191595595554e-12,4.4918984150966294e-13,2.085294283616501e-13,3.00831294738104e-13,1.6550879473777009e-09,3.40351486383761e-06,0
239,21:45:00,1.8948878460007806e-12,2.4084554444326483e-13,2.653857808198388e-13,1.6036245521880722e-13,2.5614804183823723e-13,1.5703233233808984e-09,3.396047018819511e-06,0
240,21:45:30,1.0318880064126713e-11,8.329537485906756e-13,5.460225111322442e-13,2.413899807553116e-13,4.305162224819489e-13,1.347935473069589e-09,3.3423238668023428e-06,0
241,21:46:00,2.1142767064793964e-11,9.967544751034843e-13,4.4178383503681144e-13,1.7399437999108506e-13,2.381066131040553e-13,1.2770060774923013e-09,3.402291745365235e-06,0
242,21:46:30,2.3374000610472486e-11,5.167033454286697e-13,2.8846327139553265e-13,1.3914121575096813e-13,1.7320336348081498e-13,1.3255302188441073e-09,3.370977225272297e-06,0
243,21:47:00,4.419426968094956e-11,1.773162186847413e-12,6.047368144312044e-13,2.4164087029771537e-13,3.4809280083930225e-13,1.3087302589592333e-09,3.3491171334563297e-06,0
244,21:47:30,6.660442646774224e-11,1.8008516580710893e-12,6.42174236825133e-13,2.5269367296355394e-13,2.9402088433949384e-13,1.4511714317963106e-09,3.361188756990499e-06,0
245,21:48:00,1.1405260058010882e-12,2.740686294488229e-13,2.224124075561902e-13,1.27794059107316e-13,1.0603091624867429e-13,4.0259150070572616e-10,3.3349420778241394e-06,0
246,21:48:30,2.936513471309951e-12,5.245759094111623e-13,3.4483065874117587e-13,2.622177702592242e-13,2.857449236173311e-13,9.870502301823309e-10,3.4103655897899586e-06,0
247,21:49:00,1.1582547430876477e-11,3.3155071707579295e-13,2.8765074507651595e-13,1.263529483224841e-13,1.5288431530017436e-13,1.1109199140005936e-09,3.3036516248905227e-06,0
248,21:49:30,1.387958968259018e-12,3.882679209878018e-13,2.899496590540576e-13,2.6828378749490324e-13,2.901470834061341e-13,1.1077711231295438e-09,3.3974154815075625e-06,0
249,21:50:00,3.912146752329797e-12,5.957898561366324e-13,3.7223663871044364e-13,2.527325843821838e-13,2.916758457754446e-13,8.989949761697253e-10,3.373906377785794e-06,0
250,21:50:30,2.6603319416190736e-12,3.0394956653821197e-13,3.139165866122688e-13,2.1166298650144703e-13,2.975571354440458e-13,1.2749954313249179e-09,3.3901515187693857e-06,0
251,21:51:00,1.6250664516933563e-12,2.7301247977672876e-13,2.302395259214011e-13,1.6892055358238374e-13,2.347696102772198e-13,2.1417177229594815e-09,3.401432396400905e-06,0
252,21:51:30,1.6879359981594107e-11,5.571942191415969e-13,3.320927924787517e-13,1.72720120239483e-13,2.6957723605157233e-13,2.7307884659621748e-09,3.3322248132361424e-06,0
253,21:52:00,9.890332790379797e-12,4.595429760709652e-13,2.715913540129986e-13,1.409440576567202e-13,1.606531731224344e-13,8.293246680115345e-10,3.4516734813621716e-06,0
254,21:52:30,1.4169930947279776e-11,7.176687334841152e-13,2.399028272094577e-13,1.3571672290314193e-13,1.9218883669230397e-13,5.821244492634983e-10,3.322314091983494e-06,0
255,21:53:00,5.368166323668075e-12,3.6598144483195774e-13,2.8523640472031904e-13,1.3882447887838397e-13,2.2186601331594515e-13,8.739153478107035e-10,3.348189599480414e-06,0
256,21:53:30,5.855576692688488e-12,3.7089054502389526e-13,3.712163306441642e-13,2.175609341578538e-13,3.1304721565860116e-13,9.660940296179003e-10,3.3299475616117824e-06,0
257,21:54:00,1.106587605952471e-11,5.541481027227174e-13,2.1244802568103893e-13,1.7192184394241357e-13,2.2443650495171433e-13,3.1397832663139616e-09,3.118300117183961e-06,0
258,21:54:30,6.001179732735145e-11,1.589071163908577e-12,6.323746230476821e-13,3.728146802495033e-13,4.414749931009749e-13,3.40511236538588e-09,2.8723161385537074e-06,0
259,21:55:00,5.061298919580554e-11,3.5795919710950653e-12,8.264195003982622e-13,5.467240240868281e-13,5.902275193477474e-13,8.019416041221061e-09,3.274512547090813e-06,0
260,21:55:30,7.745551337752727e-11,4.6028871098360805e-12,1.1112224265418428e-12,7.352375307409888e-13,6.92624681142085e-13,6.279101724834571e-09,3.3430297106140396e-06,0
261,21:56:00,5.718847650374171e-11,3.430177097112528e-12,6.247194165340241e-13,3.1920910200963024e-13,4.088680639118865e-13,7.197736466529608e-09,3.344642345728035e-06,0
262,21:56:30,1.1467327225403838e-10,5.486956708711268e-12,1.7478711942257542e-12,1.2973325893548075e-12,1.3465257471253712e-12,5.600254707285643e-09,3.3936070033537236e-06,0
263,21:57:00,9.591404852158591e-11,3.822336853948305e-12,1.0326683071070358e-12,7.266467430097883e-13,6.942237026830618e-13,1.3913435047141184e-09,3.4507072958881015e-06,0
264,21:57:30,5.3722033274881766e-11,1.7820617973365677e-12,6.637998078455996e-13,4.3719075502237114e-13,4.692311032643683e-13,1.1783296421039619e-09,3.3986914487819534e-06,0
265,21:58:00,4.509770731444036e-11,1.6434963460708298e-12,7.022725306506058e-13,3.81774183505569e-13,3.6034071869034916e-13,1.7473876901758745e-09,3.4516377285519417e-06,0
266,21:58:30,8.588665475385421e-11,2.7177333671782378e-12,8.328590199941281e-13,6.034155440366589e-13,5.735641606642823e-13,1.528053114625046e-09,3.29820917057763e-06,0
267,21:59:00,8.955813124592868e-11,3.285775905619889e-12,7.186996323114201e-13,4.0491808554283146e-13,4.284093730506945e-13,4.3588406038141025e-09,3.414046616633744e-06,0
268,21:59:30,9.173819078205014e-11,3.3884729144966355e-12,9.16125903310068e-13,4.571969451946173e-13,4.536141825184044e-13,4.962103743397953e-09,3.3919099405009884e-06,0
269,22:00:00,6.867268432397327e-11,2.2124387313798804e-12,5.318721357514857e-13,2.661747192882766e-13,2.857952960964944e-13,1.7253846236164314e-09,3.38569315822655e-06,0
270,22:00:30,7.269819422151528e-11,2.4830854972733375e-12,1.1880313690033611e-12,7.075652969867268e-13,7.066178988153457e-13,4.0266543920589455e-09,3.396272704767632e-06,0
271,22:01:00,4.6725091031155467e-11,2.071866727319066e-12,6.31552793374219e-13,3.390908054966605e-13,5.255885247279725e-13,1.2665356033729883e-09,3.354563153724731e-06,0
272,22:01:30,9.854000803454936e-11,3.1060744994100034e-12,7.174016345416654e-13,3.355862016650592e-13,4.581691504087372e-13,1.604830462124323e-09,3.439346880667308e-06,0
273,22:02:00,3.927180946149157e-11,1.496803589997349e-12,5.728037066130523e-13,2.5316568122742343e-13,2.9890143778315526e-13,1.3242252439835602e-09,3.418893780327213e-06,0
274,22:02:30,5.5939325575861734e-11,2.186198334629372e-12,7.011888701078027e-13,4.351529603388445e-13,6.027864495414914e-13,9.670634969838479e-10,3.4317092437593878e-06,0
275,22:03:00,1.550250250312423e-10,6.1637611140519134e-12,1.1817487174793772e-12,1.164726232199072e-12,7.071105702491238e-13,3.384722600655875e-09,3.3848493199434347e-06,0
276,22:03:30,5.137978264424136e-11,1.3762131048893107e-12,1.263400546270672e-12,7.427278808027697e-13,7.137747096513265e-13,4.025529786545864e-09,3.339730161191745e-06,0
277,22:04:00,5.032834379839844e-11,1.5037214328273488e-12,4.44670248392302e-13,2.330794967502459e-13,2.767131158087871e-13,1.3081273744884176e-09,3.4257626022294447e-06,0
278,22:04:30,5.443412514144289e-11,1.7873637058545145e-12,3.4361860347633356e-13,2.1460239822173598e-13,2.9140968601069664e-13,1.1210824807793273e-09,3.419704731673773e-06,0
279,22:05:00,1.9281068951291596e-11,7.998084913518974e-13,3.8458508997256965e-13,2.4259219732343593e-13,3.206019730084902e-13,3.907809920386418e-09,3.4327844365447013e-06,0
280,22:05:30,2.8728578733094344e-11,1.383608204742446e-12,3.8786162886232333e-13,2.211706631929885e-13,2.298491110326068e-13,2.6983455077303532e-09,3.427724851084077e-06,0
281,22:06:00,1.2449326154916414e-11,1.2856272720106057e-12,3.3238512564529905e-13,2.880286676836802e-13,2.747370424964679e-13,1.5131055166308885e-09,3.4005868001492918e-06,0
282,22:06:30,4.453327031552562e-11,1.3577872141125496e-12,3.3088477341136543e-13,2.1030266422163384e-13,2.408928296571082e-13,8.724902622726536e-10,3.4477991197297533e-06,0
283,22:07:00,1.2560301634223196e-10,3.0886910280719917e-12,5.225047064403622e-13,2.1994795015254557e-13,2.7228837331080754e-13,9.432486167504405e-10,3.3577794338752943e-06,0
284,22:07:30,9.441244547089417e-11,2.6789909195022036e-12,5.319597556265276e-13,2.3181592198280165e-13,3.3220062175558983e-13,1.101180457415582e-09,3.447105055238262e-06,0
285,22:08:00,7.007233629784831e-11,2.2476984872097147e-12,5.067506422581059e-13,3.615073481874604e-13,5.216399352265241e-13,1.0900788984924454e-09,3.3992416413088974e-06,0
286,22:08:30,9.529275162877194e-11,3.3105261108817146e-12,5.19252039407155e-13,2.491064317989755e-13,4.002902465214896e-13,4.72486212946916e-09,3.4317853596611772e-06,0
287,22:09:00,6.049372702156119e-11,1.2342907980531741e-12,4.231300647378594e-13,2.4319866314269525e-13,2.361866321694485e-13,1.1208547790574865e-09,3.4033339886494237e-06,0
288,22:09:30,1.2585586222777074e-10,1.8069926784979215e-12,4.215293683555916e-13,2.1565646921738544e-13,2.94566088309876e-13,1.111664929917795e-09,3.376830121754564e-06,0
289,22:10:00,1.192094180010449e-10,2.403450740764649e-12,4.971026847627911e-13,2.723419305571924e-13,3.841433459848179e-13,9.09203929396105e-10,3.4441820650637943e-06,0
290,22:10:30,6.855011065187583e-11,2.0639200506490197e-12,3.9555766326381294e-13,3.0065995916953107e-13,3.0141080747174373e-13,1.5099116208527248e-09,3.3874803565268275e-06,0
291,22:11:00,1.1500878470780322e-10,2.382368920771549e-12,4.89569783946158e-13,2.7828312398317146e-13,2.662104443704941e-13,1.4732715997473426e-09,3.43091751538609e-06,0
292,22:11:30,9.467959008567566e-11,1.5165888325663776e-12,4.4509574070083627e-13,2.6120527958054395e-13,2.2734006698033355e-13,1.1803950063427757e-09,3.4094087872611006e-06,0
293,22:12:00,1.1340310999023187e-10,3.518019488737696e-12,5.932690699774616e-13,5.130085587916634e-13,4.35736611888296e-13,4.82779931911276e-09,3.41252739536655e-06,0
294,22:12:30,1.0417692990965626e-10,3.075592168056385e-12,8.289917649042864e-13,5.113592193113749e-13,6.332961598005399e-13,1.5877901329289542e-09,3.4254738241433302e-06,0
295,22:13:00,1.0566844630217983e-10,2.5444276497270564e-12,7.340446531311366e-13,9.71547944505623e-13,1.4643120566643644e-12,2.6604826477455824e-09,3.3240312677768265e-06,0
296,22:13:30,5.2215087919648305e-11,1.7547213983618213e-12,7.663115086558623e-13,3.617747856866351e-13,4.1649606318820633e-13,3.7319052944381215e-10,2.286482484569148e-06,0
297,22:14:00,4.3974099780214963e-11,1.8061767840606008e-12,5.243380334804554e-13,2.3364847155270485e-13,2.698730344294081e-13,8.457709709081667e-10,1.604529632172497e-06,0
298,22:14:30,3.6366248055636095e-11,1.3530540754353701e-12,3.209793196014926e-13,2.0075291984795645e-13,2.664334572214419e-13,2.8257769165296574e-10,1.4165717808902901e-06,0
299,22:15:00,6.068715780423463e-11,2.3824110671271134e-12,3.317022122412979e-13,1.6468273366880917e-13,3.0481454944218284e-13,2.2033657249571427e-10,1.638077197758889e-06,0
300,22:15:30,6.680985534055981e-11,1.5347872949919594e-12,3.4600287676942635e-13,2.0473981128924738e-13,2.759340944665584e-13,3.8455558693252065e-10,2.198065555954034e-06,0
301,22:16:00,5.666636197501601e-11,1.7554745005630993e-12,6.794031717016159e-13,3.4559504270926813e-13,5.282709015845715e-13,4.0777645447165533e-10,2.5552678348098473e-06,0
302,22:16:30,9.924285478762728e-11,2.5428271485648214e-12,6.746173351937915e-13,4.058449912395373e-13,5.829964348297134e-13,2.542669490360756e-09,2.396912545998954e-06,0
303,22:17:00,2.498510330915461e-11,1.7751061891701987e-12,4.5438209991575766e-13,2.6474977707776933e-13,3.381817500266251e-13,4.6369867899429233e-10,1.975146789139537e-06,0
304,22:17:30,4.805090245720161e-11,1.7709062963154444e-12,3.6589900255278233e-13,2.1572893399562e-13,2.7739084463943284e-13,5.826920468636428e-10,2.0212602249715054e-06,0
305,22:18:00,3.112564512994386e-11,1.0361982167344775e-12,3.0743968191311357e-13,1.9407313827036462e-13,2.210707290846841e-13,6.512500357004156e-10,2.2655159351726372e-06,0
306,22:18:30,4.848236726496388e-11,1.3935530899331861e-12,4.2962440418716625e-13,2.315781986206834e-13,2.245927868629106e-13,1.1083345524884275e-09,2.0161183613016764e-06,0
307,22:19:00,5.117823051064665e-11,1.882975518896752e-12,3.999410914696424e-13,2.4422367851509103e-13,3.3836758000172424e-13,4.633355148732626e-10,1.7472849622938834e-06,0
308,22:19:30,5.678397968160384e-11,2.9169933259908937e-12,4.779828957332608e-13,2.5236423667517983e-13,2.795033813447693e-13,4.672554856561015e-10,2.13096164384938e-06,0
309,22:20:00,6.838785783452916e-11,4.249911919764033e-12,8.437742702010124e-13,8.511464763059354e-13,5.209224353868912e-13,7.794704465095538e-10,2.9714690249756813e-06,0
310,22:20:30,4.985281221846314e-11,2.071434750612986e-12,3.8414212368975927e-13,1.6655520703713516e-13,2.489293874440746e-13,3.759265682270494e-10,3.15070051807703e-06,0
311,22:21:00,3.836722545733962e-11,1.4906146429066452e-12,4.604861237668174e-13,1.834305937938985e-13,2.6408835576826084e-13,6.113019857188445e-10,3.2709706777358962e-06,0
312,22:21:30,4.186140409940331e-11,1.203556310884255e-12,3.367951105086409e-13,1.859043815177757e-13,2.2062658625346185e-13,6.06184616876755e-10,3.329150120643124e-06,0
313,22:22:00,6.584226942632451e-12,5.460774610767482e-13,3.892054330173671e-13,1.305331009721376e-13,2.151973002585554e-13,1.032706027697985e-09,3.3364140798311353e-06,0
314,22:22:30,1.0018223511847807e-11,4.355793286964387e-13,2.2489596812679428e-13,8.342120665802813e-14,9.493026949567478e-14,3.262186423174933e-09,2.781777875326134e-06,1
315,22:23:00,3.3196107174432294e-11,1.4862517040970928e-12,5.802694035568718e-13,5.213806782927679e-13,7.712034689475186e-13,1.10763810387002e-09,2.5109290360026494e-06,1
316,22:23:30,4.8824829507371606e-11,1.2041549186601373e-12,6.030890847503808e-13,3.7332885116341926e-13,4.632489614649752e-13,3.616856955525368e-10,2.4065986808305245e-06,0
317,22:24:00,4.038388623349837e-11,1.8292574172016683e-12,8.670861370372471e-13,4.64585059260514e-13,4.72015375523971e-13,5.986547068360457e-10,2.37480212579258e-06,0
318,22:24:30,2.7845080506951057e-11,1.7025122810245168e-12,4.557241215378173e-13,3.2249866077058473e-13,2.849178820669952e-13,1.0371792860725447e-09,2.1035802333512377e-06,0
319,22:25:00,3.098742449700096e-11,1.2243051217297886e-12,4.724718717287741e-13,2.559887230065189e-13,2.9058699284958347e-13,5.585617872903218e-09,2.401464550874507e-06,0
320,22:25:30,7.479909451693675e-11,2.9045785388911394e-12,1.1341780118013147e-12,1.5243001309937184e-12,1.230998823009331e-12,3.915102757894783e-09,3.004769367380788e-06,0
321,22:26:00,1.3113514814436914e-10,5.692623987233533e-12,3.758013185947423e-12,3.904059006918758e-12,2.7207436384000885e-12,6.5015058867319284e-09,3.378101604288343e-06,0
322,22:26:30,1.633106738817375e-10,5.2557202323515025e-12,2.8996828268239272e-12,5.031246496577377e-12,4.722878462075121e-12,5.177190076635998e-09,3.4468555118840094e-06,0
323,22:27:00,1.7580800941555496e-10,8.484854441980119e-12,3.5262399786213633e-12,3.840748102242356e-12,5.591197044833472e-12,5.327472797281754e-09,3.3818816619188715e-06,0
324,22:27:30,1.9992247491932273e-10,5.098265955937649e-12,4.831710699979776e-12,4.1000721641182585e-12,4.473132807162776e-12,5.1989154061142935e-09,3.41521746264342e-06,0
325,22:28:00,1.1176398839742764e-10,5.303285625596154e-12,2.94282879042243e-12,5.2616098240661665e-12,3.480399520717605e-12,4.7368597250238816e-09,3.4281411236730024e-06,0
326,22:28:30,6.186079802466856e-11,3.036765896394203e-12,1.4091400454908935e-12,1.1631403703921319e-12,1.5571144884537683e-12,2.485407028955871e-09,3.115370125769457e-06,0
327,22:29:00,9.686612787406609e-11,4.9462757636919945e-12,3.1253274886578817e-12,4.088787455793163e-12,3.9463645643087956e-12,4.760565264290149e-09,3.478123964590271e-06,0
328,22:29:30,1.4820327480097368e-10,5.535868371873116e-12,3.5374890867250323e-12,5.090134583589407e-12,4.122807601572142e-12,4.920190940715282e-09,3.439717768222489e-06,0
329,22:30:00,1.0447378612977302e-10,4.682684700593687e-12,2.6894097068748768e-12,5.916369345875182e-12,4.601263748950318e-12,5.2206488382449105e-09,3.4492073817635332e-06,0
330,22:30:30,1.0595312489302376e-10,5.550188829860212e-12,3.7582542567990035e-12,4.425524600799151e-12,4.007850605003271e-12,4.081054792474676e-09,3.3964800927089024e-06,0
331,22:31:00,9.580221353263722e-11,4.4234495751329736e-12,1.6465774393684683e-12,1.5407127666733433e-12,8.019568062931028e-13,3.9560415273034254e-09,3.277325839610113e-06,0
332,22:31:30,8.093466122936781e-11,4.159869756742024e-12,7.837553398785106e-13,4.979110757685206e-13,5.938569069055283e-13,1.3193492756981197e-09,2.5865995704567505e-06,0
333,22:32:00,5.290140733037171e-11,2.5360128043821547e-12,1.8469853860341024e-12,1.7463670111936932e-12,1.845273596815641e-12,6.578058093230472e-09,3.1304835388361136e-06,0
334,22:32:30,1.1633540501758763e-10,1.1239022635158966e-11,3.308591792143506e-12,4.327405137523297e-12,4.176790348850534e-12,1.1829404213553139e-08,3.3334962622387482e-06,0
335,22:33:00,1.0954854752227414e-10,4.848580742498116e-12,1.7762604712282345e-12,1.7199861807877365e-12,1.9304002928911057e-12,7.703660148616311e-09,3.3664603387476296e-06,0
336,22:33:30,1.856651729292247e-10,7.726363167279216e-12,1.9746661670182397e-12,2.6048584997253952e-12,2.2271467351421895e-12,8.729515100303677e-09,3.254588724753893e-06,0
337,22:34:00,1.5888467058578945e-10,5.980094790524034e-12,1.6042765093427414e-12,2.157725394613141e-12,1.3698110939071062e-12,7.3157141144088715e-09,2.7973342234278677e-06,0
338,22:34:30,1.1152337943511163e-10,4.021331752618231e-12,1.1427350681362605e-12,9.623791567163916e-13,9.029490858644345e-13,7.113308763087014e-09,3.295840653267782e-06,0
339,22:35:00,1.5013731570619802e-10,5.75119259883735e-12,1.6415830284095037e-12,1.9237380906118762e-12,1.3216832135993759e-12,6.150576587575179e-09,3.2925116080737283e-06,0
340,22:35:30,1.1170724405967292e-10,4.227541607018809e-12,1.1710327534224183e-12,1.0443132530349954e-12,1.30324739935964e-12,5.2651057624221056e-09,3.304754029840917e-06,0
341,22:36:00,1.1933798985780733e-10,2.6109361373774407e-12,1.4142216881465133e-12,7.871402086027058e-13,7.834752755906442e-13,2.277910824003804e-09,3.3389089526376165e-06,0
342,22:36:30,9.417650019259316e-11,2.3478725733551126e-12,1.4266481726560556e-12,9.086588153766451e-13,8.61975184580007e-13,3.6090676597152147e-09,3.2055379840066265e-06,0
343,22:37:00,1.1073385244283175e-10,4.64690013077484e-12,2.0015213868432664e-12,1.3677311367589412e-12,1.3758359882524537e-12,8.670038480024644e-09,3.3538039327048536e-06,0
344,22:37:30,1.0629984021698952e-10,4.112442265928911e-12,8.65736141654694e-13,3.9712564668314116e-13,4.941723217057866e-13,6.265969655560392e-09,3.410037183943945e-06,0
345,22:38:00,9.782483625371689e-11,5.070791616465256e-12,2.4664305654775355e-12,1.841938452254378e-12,1.6906914850522728e-12,8.781213354182669e-09,3.3054399855682992e-06,0
346,22:38:30,1.301538818826522e-10,7.283005134839255e-12,3.087296301912096e-12,2.981861741210292e-12,3.150121982831502e-12,1.0763639238638446e-08,3.409721137394898e-06,0
347,22:39:00,1.4447430151334223e-10,1.0712138662902612e-11,3.728868077968123e-12,3.172441141750014e-12,2.492759435696512e-12,9.117275639806684e-09,3.3211480297303786e-06,0
348,22:39:30,1.2181308458485522e-10,5.8708807923439064e-12,1.6320610260150116e-12,1.8050078430322301e-12,1.7260524466854603e-12,7.049999397825076e-09,3.405328263792615e-06,0
349,22:40:00,1.0127484735441465e-10,4.481097788182757e-12,1.4170449560202147e-12,8.426148711785418e-13,1.0598997087020693e-12,6.410925705013774e-09,3.3028221148291084e-06,0
350,22:40:30,5.7713411984173093e-11,4.117728130483754e-12,2.7235211478834237e-12,1.828027387901984e-12,1.7065587911530627e-12,4.6407158006360485e-09,3.4262481694633427e-06,0
351,22:41:00,5.905733285776913e-11,3.853500100234802e-12,1.616256424730291e-12,1.5343699931272817e-12,1.421711883153871e-12,4.276043535232383e-09,3.3725961669374084e-06,0
352,22:41:30,1.0063343755731201e-10,3.6866483883436856e-12,1.5392981104580504e-12,9.008940566891776e-13,1.118626350658099e-12,3.1496380679881774e-09,3.38883302123217e-06,0
353,22:42:00,4.050636219424654e-11,2.17926822410923e-12,8.818348198872016e-13,8.302762472282582e-13,8.769317994728206e-13,2.0134917465362548e-09,3.41268400754423e-06,0
354,22:42:30,1.2360243126324383e-10,5.111631684578316e-12,1.778416792727435e-12,1.540609067708185e-12,1.5582316534697356e-12,3.2100467091231965e-09,3.3176615315564794e-06,0
355,22:43:00,9.66921967373334e-11,5.426466651035769e-12,1.8294822393842795e-12,1.4390064899174708e-12,1.4075165118924486e-12,3.812605014102528e-09,3.4055470416081655e-06,0
356,22:43:30,1.8694849691335722e-10,8.184796532578886e-12,3.8308254891634254e-12,3.0690844324553666e-12,3.1887041308016997e-12,9.203972444862864e-09,3.3742976721840315e-06,0
357,22:44:00,1.7477666430436243e-10,1.0318822329594824e-11,3.77588184811217e-12,3.099050186855541e-12,3.037222494508923e-12,8.725698111567037e-09,3.427827678249932e-06,0
358,22:44:30,2.4825062403800806e-10,8.597697156085209e-12,4.215712386642877e-12,3.6067275559508635e-12,3.2992895628255565e-12,1.2549135544700032e-08,3.386986650004065e-06,0
359,22:45:00,1.1693399203794237e-10,4.2592918385227405e-12,2.0752317764635374e-12,2.261456857441333e-12,2.2736314366258667e-12,1.2035868519225544e-08,3.373238122838212e-06,0
360,22:45:30,8.730905967224332e-11,5.8247691000577386e-12,3.067632329879064e-12,2.2574806552961953e-12,1.3052283694798616e-12,6.081874394471425e-09,3.4154703306847333e-06,0
361,22:46:00,1.1309045724732903e-10,4.475573693276414e-12,1.6837520849458086e-12,1.8897998898140747e-12,1.6454988020184123e-12,6.113569848723884e-09,3.366971314843251e-06,0
362,22:46:30,7.788821350569192e-11,2.9835174431787067e-12,1.9556741478023017e-12,2.060398031143537e-12,1.5949436422979135e-12,6.920620012961287e-09,3.387763322636315e-06,0
363,22:47:00,2.5268802191898334e-10,2.0833633797955227e-11,3.669547480154546e-12,3.263388890138762e-12,2.171835428451311e-12,1.003070616878421e-08,3.3809908239310952e-06,0
364,22:47:30,2.1758604589292206e-10,1.1009502198183776e-11,1.2776712563031674e-12,2.907435135176144e-13,6.757284785990648e-13,6.859231777991238e-09,3.3789087848971494e-06,0
365,22:48:00,2.1732548333813995e-10,5.139971716259667e-12,1.1476686017019284e-12,3.214321253613582e-13,7.956235140447287e-13,7.175408689200506e-09,3.367868860196127e-06,0
366,22:48:30,2.217186253373381e-10,8.631203331519094e-12,9.752305854278714e-13,2.102567734643223e-13,3.538806599598593e-13,1.5004160830939874e-09,3.33327644217057e-06,0
367,22:49:00,2.3782702314064577e-10,8.058575356871077e-12,1.0528691703058177e-12,2.7374421486871136e-13,6.231913573252185e-13,2.084175504432621e-09,3.3999716119898204e-06,0
368,22:49:30,2.0544822505648398e-10,4.142061965177678e-12,7.242294425610102e-13,1.967168644765578e-13,3.1018222158397466e-13,1.7127097581007833e-09,3.3612108076943362e-06,0
369,22:50:00,1.3740311118247638e-10,4.4034683102198725e-12,9.241593350402017e-13,3.9150045553348964e-13,5.057091178546952e-13,3.6527188503905726e-09,3.409120912640215e-06,0
370,22:50:30,1.4164626508294608e-10,7.774407562268522e-12,2.0021452001990775e-12,2.22435401447675e-12,1.814980997501353e-12,5.252322086680008e-09,3.363264742974113e-06,0
371,22:51:00,2.946916337169605e-11,9.920900040471286e-13,3.4478087631967596e-13,1.5227843312885775e-13,2.571973467724298e-13,1.7884612698856412e-09,3.3770527185805005e-06,0
372,22:51:30,6.121535906225974e-11,2.8093979409761677e-12,7.693340382828994e-13,3.695262403381464e-13,5.979848957856945e-13,1.6210491053618973e-09,3.4009671032777543e-06,0
373,22:52:00,2.9984835276058665e-11,1.1109459535577845e-12,3.3738989414799714e-13,1.5221127813273578e-13,2.291853492263835e-13,1.384565796246513e-09,3.3744672788292903e-06,0
374,22:52:30,1.8083140931632988e-10,1.0786037347393361e-11,1.6372400414471589e-12,1.6208128701471102e-12,1.137581025757449e-12,6.547798668030398e-09,3.379565729965842e-06,0
375,22:53:00,8.402671728505579e-11,4.187478885173312e-12,1.2988660267146437e-12,1.3878590260660944e-12,1.400750236293754e-12,5.7694777596301495e-09,3.336014889038786e-06,0
376,22:53:30,4.5240435111928086e-11,2.131089457306584e-12,4.352106334626547e-13,3.086401306053487e-13,3.5346943738729895e-13,2.24224313272694e-09,3.348325829313991e-06,0
377,22:54:00,1.634337759207845e-11,1.58642830778491e-12,3.474644877509511e-13,1.4144664785130536e-13,2.3824939493290354e-13,2.143499454636447e-09,3.383755603884856e-06,0
378,22:54:30,1.0713723145937865e-10,3.538705582286437e-12,1.2783767401388776e-12,5.063889943728299e-13,7.138073307511014e-13,5.635545318351705e-09,3.393752220732894e-06,0
379,22:55:00,1.0864894762599243e-10,7.384246799467031e-12,2.712469582745818e-12,1.403144437544593e-12,8.51461845818604e-13,5.508781955658802e-09,3.439274523324472e-06,0
380,22:55:30,7.869299926329195e-11,3.947159538661144e-12,6.635485684610162e-13,4.535311687431102e-13,5.240970580170912e-13,5.6103134814419855e-09,3.38334040941009e-06,0
381,22:56:00,1.142807088782831e-10,2.7930850840257402e-12,7.150501229609699e-13,2.6516644521648736e-13,4.951267298556093e-13,4.938750571972e-09,3.4520759238081037e-06,0
382,22:56:30,2.0059571524428629e-10,4.1451851615685216e-12,9.738865178768483e-13,2.4408477113850167e-13,3.102932270785591e-13,5.078673228970822e-09,3.4147455101702903e-06,0
383,22:57:00,1.436366054652045e-10,4.68664937176318e-12,2.673854421446846e-12,2.277104409456791e-12,1.970411487976109e-12,5.392991786133684e-09,3.477458090537339e-06,0
384,22:57:30,2.326173799357556e-10,6.814044946183457e-12,1.5933503387699755e-12,1.7551626843142838e-12,1.367651363659193e-12,2.901644538085667e-09,3.417124636841517e-06,0
385,22:58:00,3.4913300636447015e-10,6.107932917459833e-12,9.031156778668562e-13,2.1086283768414547e-13,4.2674955561312916e-13,1.883410908471416e-09,3.400299905139249e-06,0
386,22:58:30,2.500285862638343e-10,4.069622215997003e-12,8.761087501847674e-13,2.112730757050749e-13,3.697829812848953e-13,1.11379187348688e-09,3.383303705960091e-06,0
387,22:59:00,2.619352449328523e-10,4.556873731868227e-12,7.941445884661483e-13,1.3554609349428381e-13,3.0467652645804743e-13,3.9098179763471006e-10,3.3745646371874986e-06,0
388,22:59:30,3.1695078333811775e-10,5.572124309875053e-12,7.661458989248411e-13,1.7088860615952058e-13,3.6434797825521213e-13,6.562031122012556e-10,3.3854041801804427e-06,0
389,23:00:00,1.520233114548156e-10,3.9421621535447685e-12,6.715684937419044e-13,1.5881725482638362e-13,2.824540242842461e-13,3.878346863597106e-10,3.3548920058613914e-06,0
390,23:00:30,1.093060045069091e-10,1.8880594791995108e-12,5.347130728698207e-13,1.3851085782990525e-13,2.7546116564774745e-13,2.359934761043926e-10,3.2960351905677978e-06,0
391,23:01:00,1.1312171261978646e-10,1.3584931229274614e-12,3.91808284848724e-13,1.4334435042646061e-13,2.1386466920759741e-13,1.5048177078283823e-10,3.3143450708382107e-06,0
392,23:01:30,1.2579277714821666e-10,1.6327258123709427e-12,6.089138144894813e-13,1.6530146083020073e-13,2.399293507764248e-13,1.5332791976849362e-10,3.3512956050335726e-06,0
393,23:02:00,7.123320920028332e-11,1.0007635298716474e-12,3.6253133156566435e-13,1.4111307838435651e-13,2.1186032561364867e-13,1.7067700935987865e-10,3.4083212270171512e-06,0
394,23:02:30,1.68653132854011e-10,1.8600195690000795e-12,4.1972323201547776e-13,1.1346551766995227e-13,1.6902895007326916e-13,1.1331198584251134e-10,3.293990676970117e-06,0
395,23:03:00,1.1349327627870687e-10,1.698070642061916e-12,4.921381979845449e-13,1.2495515217592622e-13,2.348185014402044e-13,1.3385685026621528e-10,3.216484855231543e-06,0
396,23:03:30,8.73842217368385e-11,1.1977860716634659e-12,3.071845721911969e-13,1.0889126619877473e-13,1.674554445188524e-13,1.62442817083662e-10,3.368871094201743e-06,0
397,23:04:00,1.7508627824629425e-11,4.424412227582455e-13,3.9197191706119914e-13,1.2944872370088812e-13,1.7612967435866062e-13,1.0955710262350382e-10,3.36687466157657e-06,0
398,23:04:30,4.0306191444486186e-11,9.096214137808212e-13,3.0192167578143824e-13,1.5904688047380132e-13,2.4605853563955925e-13,1.0563031894708242e-10,3.348976903070532e-06,0
399,23:05:00,6.012301130745301e-11,8.338325216580359e-13,4.712558491905539e-13,1.6337082965712604e-13,2.8677810862297997e-13,8.947800855064564e-11,3.3577541149928476e-06,0
400,23:05:30,5.795301513828275e-11,1.1256223253335773e-12,4.925666926796803e-13,1.6983267495490878e-13,1.919112468584908e-13,9.166340156253436e-11,3.365597546998277e-06,0
401,23:06:00,1.0538826442274638e-10,4.348257386367731e-12,2.9801613380673357e-12,2.9237500177010907e-12,2.580041979051911e-12,6.260987280957336e-09,3.4154455073705417e-06,0
402,23:06:30,5.969204397984799e-11,9.005216693878519e-13,3.6745550630983434e-13,1.0080750812655552e-13,1.5341198296747884e-13,2.1511928602687925e-10,3.458380961045617e-06,0
403,23:07:00,6.88266389207599e-11,8.665197685405114e-13,4.689246315593938e-13,1.1288829356008297e-13,1.8420195600978454e-13,1.603728090303872e-10,3.4251766616247632e-06,0
404,23:07:30,7.842499397781879e-11,1.6529760369365127e-12,3.7093829376174326e-13,1.562540835512191e-13,2.543193265089781e-13,2.0706015455288574e-10,3.433259698980128e-06,0
405,23:08:00,9.30163337980134e-11,1.7099441342652905e-12,5.358235952585549e-13,1.216559305067586e-13,3.855085419053106e-13,2.642934836079052e-10,3.4082569827865765e-06,0
406,23:08:30,8.839091672516787e-11,1.6290319437487973e-12,4.381161581205329e-13,1.445208160320223e-13,3.235406108448459e-13,4.0066726842940277e-10,3.3883397276563383e-06,0
407,23:09:00,1.6532923465581386e-10,3.0206575688945593e-12,7.012368113838305e-13,1.8422010828582932e-13,3.2695945862747055e-13,3.764210803685803e-10,3.4244767323374963e-06,0
408,23:09:30,1.8612333273206147e-10,7.115861791071604e-12,3.8032921229733046e-12,4.180662652817065e-12,4.318039941673343e-12,3.3171402300965075e-09,3.3502724047973966e-06,0
409,23:10:00,1.8466665579227988e-10,4.994292367035151e-12,1.343577846921669e-12,1.038081531996821e-12,1.2956888477414866e-12,1.0484005529366194e-08,3.3850698762551263e-06,0
410,23:10:30,4.197281832378639e-11,2.8350730529082476e-12,1.3757742772207515e-12,1.8847185124665586e-12,1.720449311983504e-12,1.8788383885079175e-08,3.407374249110305e-06,0
411,23:11:00,7.344907786994774e-11,2.7194841417752495e-12,1.449299241153437e-12,1.747257836604295e-12,1.4598304824204245e-12,3.091026754077127e-09,3.387669138628196e-06,0
412,23:11:30,2.3951099724503975e-11,1.5054670330475078e-12,5.78303612003341e-13,4.464679579738128e-13,3.989702228865142e-13,1.563122106636289e-09,3.366675027685146e-06,0
413,23:12:00,1.618356354693538e-11,1.4389848266709246e-12,8.79900416948198e-13,8.994693587434711e-13,9.95219814570971e-13,4.982692858396181e-10,3.4214529548095564e-06,0
414,23:12:30,9.755171552205844e-12,8.741309432035916e-13,4.843822363571874e-13,6.169580547321143e-13,5.816605576831543e-13,6.960078244369257e-10,3.4542671777015863e-06,0
415,23:13:00,4.6924512812285356e-11,2.898624507128886e-12,6.764783166563308e-13,5.971386669785664e-13,6.472011437032696e-13,1.675201376702838e-09,3.38393585704645e-06,0
416,23:13:30,5.039065669954512e-11,1.5489986102365479e-12,2.227170702391719e-13,1.0074719282701966e-13,1.4963213861039004e-13,2.4085915938709604e-10,3.4220036967279214e-06,0
417,23:14:00,6.961810520388213e-11,3.000347383668741e-12,8.249310054851083e-13,9.29672415456597e-13,7.043166926653382e-13,2.1920265035676693e-09,3.3532933802422835e-06,0
418,23:14:30,9.059027658426437e-11,2.036069834048842e-12,7.317001201207855e-13,6.870803003579239e-13,5.436436592716002e-13,2.7832907874458175e-08,3.378728703690972e-06,0
419,23:15:00,1.86172279572535e-11,1.1113371663330972e-12,3.41486749591016e-13,1.195551883310079e-13,1.0891237312676051e-13,5.723334949475528e-09,3.3389403179898486e-06,0
420,23:15:30,1.213899402742785e-11,1.3757040768272466e-12,5.373859734499663e-13,4.0080201049291235e-13,4.0061859270312757e-13,6.10262189966679e-09,3.3434348462917326e-06,0
421,23:16:00,1.6756999362591747e-11,1.0490035546059988e-12,2.505046389192443e-13,1.309318009104126e-13,2.321159924434922e-13,4.772395567580431e-09,3.3793918406414193e-06,0
422,23:16:30,1.773597084192752e-11,1.1228301721490163e-12,2.720589885433945e-13,1.5346418838229892e-13,1.9028144886563705e-13,1.8148996484150323e-09,3.357180463828436e-06,0
423,23:17:00,1.3074867728004583e-11,9.697869622447658e-13,3.2352253477080806e-13,1.6949475664261215e-13,1.6645051017797748e-13,8.839611080753659e-10,3.3956024777390847e-06,0
424,23:17:30,6.580803189147235e-12,6.64561818866716e-13,2.3605027346755845e-13,1.6987046731953568e-13,1.805905977821529e-13,1.3129529268227223e-09,3.3797366350877607e-06,0
425,23:18:00,2.0512305542358215e-11,5.549975153109002e-13,4.4554821006151834e-13,4.282767477479107e-13,2.0827881863328983e-13,7.169331458410571e-09,3.3726372776215635e-06,0
426,23:18:30,1.9973437121843e-12,5.078330769234204e-13,2.6750700789291305e-13,8.626760024401012e-14,1.1391146554737412e-13,2.8786746362354105e-10,3.3801287441728724e-06,0
427,23:19:00,1.3994713313690036e-12,4.2444114117739096e-13,2.337493925500128e-13,1.0195786276642204e-13,1.7848535460164793e-13,4.825582696969894e-10,3.34535622190743e-06,0
428,23:19:30,1.3088392084529549e-12,4.160159714145493e-13,2.764562288370172e-13,9.194737391203501e-14,1.413948733740024e-13,6.709243587860594e-10,3.3564501896909955e-06,0
429,23:20:00,1.3016298138943049e-12,4.629964295548212e-13,3.245444021759187e-13,9.35449124668718e-14,1.9334593574448142e-13,1.0813745265196984e-09,3.3246674385579804e-06,1
430,23:20:30,2.54185648632674e-12,2.8404251835365175e-13,1.8004922502091414e-13,9.58173775426569e-14,1.4751066427564754e-13,2.574329297835053e-10,3.388221489014105e-06,0
431,23:21:00,3.5881326326700507e-12,4.0371459153497575e-13,2.0757372819555337e-13,7.83987063864741e-14,1.243817240300631e-13,3.3462010305033543e-10,3.3188226325310865e-06,0
432,23:21:30,1.3912109303913556e-12,5.520157135778043e-13,4.174000391291144e-13,1.3774203029877566e-13,1.7050820954258917e-13,1.1492980071696865e-09,3.3598808471152493e-06,1
433,23:22:00,4.957377216598337e-12,5.824368142394136e-13,4.773672684721582e-13,5.81449989077565e-13,5.739491602131466e-13,6.4032358104715385e-09,3.271905248671e-06,0
434,23:22:30,1.2362776848717955e-12,3.71121121391052e-13,3.611871352416054e-13,1.364341142235897e-13,1.695854403912541e-13,5.171574753750687e-10,3.3280685221587347e-06,0
435,23:23:00,5.33478611627041e-12,5.53127866440463e-13,2.36942352250171e-13,1.243860491007443e-13,1.8773878403880538e-13,1.1359746834496125e-09,3.2040264545505165e-06,0
436,23:23:30,3.1074238291528246e-12,3.870156762107527e-13,2.9525928955885733e-13,1.5989418982556382e-13,1.7569736190278705e-13,7.082984962422802e-09,3.309284973747795e-06,0
437,23:24:00,5.132494074090481e-12,5.680700932403366e-13,3.0275484653510457e-13,2.297404673347564e-13,2.8192959824549147e-13,6.40116862056915e-09,3.3698827547390253e-06,0
438,23:24:30,1.099552029969819e-12,3.32265363557217e-13,2.689662299685744e-13,1.091481980868544e-13,1.1393032858421415e-13,7.632132163469807e-10,3.304374167356608e-06,1
439,23:25:00,9.192975470438608e-13,2.290783366139087e-13,2.1019447345766578e-13,9.039605779885384e-14,1.6172057940939346e-13,3.557127358179066e-10,3.3111545902110696e-06,0
440,23:25:30,2.5011819284316678e-12,3.835137127313909e-13,2.1433578498422906e-13,7.849132151319259e-14,1.224863294633018e-13,1.0990897603871818e-10,3.320250296823231e-06,0
441,23:26:00,2.7309212908282405e-12,3.5007581570444843e-13,2.1177635188059643e-13,8.185485180215826e-14,8.163032709469605e-14,1.2579256144810526e-09,3.28733390084666e-06,0
442,23:26:30,1.3909885866938306e-12,3.044292530886122e-13,2.2114728584246727e-13,1.072670771754163e-13,1.1192237038826243e-13,6.123482241315917e-10,3.3499039607599053e-06,0
443,23:27:00,1.5270167839773363e-12,2.6993812984287075e-13,2.2080145166437833e-13,9.544573377515345e-14,1.3242399325606356e-13,5.938858728736437e-10,3.31542865123471e-06,0
444,23:27:30,2.326939890494863e-12,3.8074192569923944e-13,2.871641673816237e-13,1.0005759524278402e-13,1.3750999514215924e-13,7.320171820048843e-10,3.3641750702909985e-06,1
445,23:28:00,2.5615018136134758e-12,4.3294598398739196e-13,2.8032445690938453e-13,9.980055616784757e-14,1.3383464285964574e-13,1.4998881178247451e-09,3.250294622722153e-06,1
446,23:28:30,5.329424527176794e-12,5.304678642643795e-13,3.7655181317033687e-13,1.0091832895645638e-13,1.9658618202375397e-13,6.363601958201645e-10,3.365660381448536e-06,1
447,23:29:00,1.140917208541308e-11,7.114059250502265e-13,3.647182905557483e-13,7.814189990506505e-14,1.440071635703189e-13,5.596451741753111e-10,3.2371375796285556e-06,1
448,23:29:30,1.7205322115617337e-11,7.985939993585478e-13,3.3080933032706394e-13,8.898529457732182e-14,1.685310796237562e-13,5.679060326729601e-10,3.3711678590921347e-06,1
449,23:30:00,5.81451158567985e-12,6.125094545346815e-13,1.9518996531522157e-13,7.526605192580268e-14,2.0818149660496017e-13,3.98655015683072e-09,3.271575256504588e-06,1
450,23:30:30,1.1431174792117524e-11,4.56705949909568e-13,2.9618756062555176e-13,1.6302262875667662e-13,2.476086910313349e-13,4.754882175180688e-09,3.349143336852593e-06,0
451,23:31:00,6.168163789607288e-12,4.010312636994702e-13,2.0778431642076168e-13,7.100958641297607e-14,1.0503994658895825e-13,7.424069038836378e-10,3.3192393576139704e-06,1
452,23:31:30,1.0011736360215154e-11,8.346934904202357e-13,4.30845294609195e-13,8.854707007001692e-14,2.9477047944173733e-13,6.406186288761817e-10,3.293357746662028e-06,1
453,23:32:00,5.090269309845202e-12,6.066730482397224e-13,1.7451521143049011e-13,4.259562076373422e-14,7.36416803952836e-14,1.5731009307712352e-10,3.225588319331148e-06,1
454,23:32:30,5.491782749311794e-12,7.410033633105082e-13,2.3376360642323993e-13,6.285965469738055e-14,1.661491744755871e-13,8.837063459080361e-11,3.171150702087998e-06,1
455,23:33:00,7.013145456797969e-12,5.779959408142882e-13,2.98275399075391e-13,4.850996008135949e-14,1.3873959214635712e-13,1.0398655552832835e-10,3.1934430888211665e-06,1
456,23:33:30,1.4310920258808e-11,6.400369670714234e-13,2.2355168872946002e-13,8.687094942232432e-14,2.688055410315292e-13,8.295796841381184e-11,3.16241570602837e-06,1
457,23:34:00,5.565559748766758e-12,5.22053163205383e-13,2.346147691400888e-13,5.755506552814307e-14,1.8690722081508204e-13,8.901019475374117e-11,3.201057780715538e-06,1
458,23:34:30,9.14887270231353e-12,5.606581831334918e-13,2.770526896156071e-13,6.696145853661414e-14,2.3790561262729103e-13,8.331546485950688e-11,3.196199136184841e-06,1
459,23:35:00,5.687793116218609e-12,6.661043576285904e-13,1.9135238944954086e-13,7.065224694926969e-14,3.3358891608491255e-13,7.361307413709867e-11,3.2065847880511555e-06,1
460,23:35:30,7.812923907787934e-12,4.140746100916362e-13,2.5112415964159835e-13,6.526807192310604e-14,2.395190492698051e-13,9.816208435634923e-11,3.2392899823045485e-06,1
461,23:36:00,8.61832351818479e-12,5.461305992742334e-13,2.374325183194283e-13,6.703251713798068e-14,2.720277051920009e-13,6.251349825619944e-10,3.1659931635127032e-06,1
462,23:36:30,5.51377532745636e-12,4.819297249548702e-13,2.0380022005748921e-13,5.0419133352743495e-14,1.2276125448197827e-13,9.012499300289468e-11,3.190580833214781e-06,1
463,23:37:00,9.268275114124182e-12,7.284450190345944e-13,1.8571542542955693e-13,5.1431208226138097e-14,1.6030496542725244e-13,6.060758660101933e-11,3.1682309381068344e-06,1
464,23:37:30,1.188804329504312e-11,5.718006273127959e-13,2.343106318668299e-13,8.436875275414162e-14,2.692699145831364e-13,8.395492568209119e-11,3.227189980085695e-06,1
465,23:38:00,6.032341694686628e-12,6.134590493296767e-13,2.2696776887303187e-13,5.865186455301154e-14,1.6049410330654025e-13,7.990248695370128e-11,3.1714934175915905e-06,1
466,23:38:30,8.745215626840841e-12,6.484258075515588e-13,2.2885985417814603e-13,6.199511679933932e-14,2.139622761554485e-13,5.597422522727256e-11,3.145578901628327e-06,1
467,23:39:00,8.550377971660077e-12,5.485325346921455e-13,2.21981585281385e-13,6.040814958637892e-14,1.9412560668247373e-13,8.466681975416735e-11,3.196953013838844e-06,2
468,23:39:30,1.0161142662011883e-11,6.424047680855852e-13,2.8189779920765e-13,6.873900085603026e-14,1.9831583042083913e-13,1.4419017953057453e-10,3.1353826477967377e-06,2
469,23:40:00,6.19628668422058e-12,4.701356132719293e-13,2.0082623044598141e-13,6.667189891338697e-14,1.483647143416143e-13,5.2155215255944947e-11,3.2048196214233375e-06,5
470,23:40:30,9.547857486937467e-12,6.392504428057689e-13,2.145849394861747e-13,9.30972784007959e-14,2.4546601506192425e-13,8.109303231937044e-10,3.162675727375125e-06,5
471,23:41:00,9.716557265067479e-12,8.832851742458943e-13,2.435210494625235e-13,8.697615110334337e-14,1.7975107291158679e-13,1.5775686652613178e-09,3.1711038946163524e-06,5
472,23:41:30,4.343177061512707e-12,3.689712576532963e-13,3.0641672427335626e-13,9.697762302508032e-14,2.66151011437629e-13,6.990164280228245e-10,3.2446613916430224e-06,5
473,23:42:00,8.40213583140667e-12,7.336611698972394e-13,2.3361266424940685e-13,7.873502632363483e-14,1.917578016537843e-13,2.78086792508435e-09,3.1728720265702866e-06,5
474,23:42:30,2.1736018529068704e-12,2.3741903031851194e-13,1.3680722673903512e-13,6.377626870889863e-14,1.3486552459719323e-13,3.3704556954503216e-10,3.160614583595104e-06,5
475,23:43:00,1.230899439514617e-11,3.6752284978597314e-13,1.9812336825695877e-13,7.706013524190591e-14,1.552857939215282e-13,2.658773175292023e-09,3.142897930945365e-06,5
476,23:43:30,3.648624807451515e-12,3.317331611156951e-13,1.4236573104969028e-13,5.923465419336086e-14,8.907196922102544e-14,6.7933080133211215e-09,3.1994958447880348e-06,5
477,23:44:00,2.640989901676399e-12,2.604305229307966e-13,2.2204394579859166e-13,1.0652129165857727e-13,2.0447787877258043e-13,2.4690305131016122e-09,3.1553221635385064e-06,5
478,23:44:30,1.4286385511251424e-12,1.979168877561969e-13,1.7852715511387538e-13,8.426974270226441e-14,1.2398777695585443e-13,6.667741674009418e-10,3.2271765737245548e-06,1
479,23:45:00,1.3381664800632476e-12,4.0539832931399056e-13,3.1396388574762633e-13,1.0291363159058872e-13,1.893502279791838e-13,2.0151116220428184e-10,3.1572223761174486e-06,1
480,23:45:30,1.3664975002178394e-12,1.94341722981141e-13,2.526355026661096e-13,1.3397180533030955e-13,2.299851573275339e-13,4.031206779383837e-10,3.2188101591100598e-06,1
481,23:46:00,1.5545801399830107e-12,2.5505640456604417e-13,1.7482204682243917e-13,1.0961103300130602e-13,1.6759986653967893e-13,1.3278184105195708e-09,3.199356427259531e-06,1
482,23:46:30,3.6494452766124865e-12,4.2888048868446454e-13,2.0187773353248345e-13,8.423660947478422e-14,1.449687065213169e-13,4.4826948782444085e-10,3.162400799241934e-06,1
483,23:47:00,4.3379541704626224e-12,6.401910108162524e-13,3.5324139803949614e-13,9.760953568172721e-14,2.3090771931350217e-13,5.685999001913288e-10,3.2331976243561486e-06,1
484,23:47:30,1.0000591498180716e-11,6.078617403082657e-13,3.8281988194724824e-13,1.5646853428295465e-13,2.932007515724779e-13,1.0530267458294053e-08,3.3277999688501543e-06,0
485,23:48:00,1.5387463459315968e-12,3.355153791268443e-13,2.0839505418381403e-13,9.58367842629901e-14,1.0232143788218706e-13,6.595695565090873e-10,3.3047511570595852e-06,1
486,23:48:30,2.2195254025357033e-12,4.1876034994432775e-13,2.0991603340465685e-13,9.928372460283596e-14,2.0978471762138737e-13,6.576967485523428e-10,3.190000461161635e-06,1
487,23:49:00,3.787891281824602e-12,4.987276174885004e-13,2.1661650573440712e-13,1.0426353277790988e-13,1.7452864486131868e-13,2.8948212071860225e-09,3.23731797797043e-06,1
488,23:49:30,5.139314297518337e-12,3.856188952211987e-13,1.6968273765147152e-13,8.065990242416637e-14,1.143844672891605e-13,3.5435462158683007e-10,3.1955860230518322e-06,1
489,23:50:00,6.431979534611753e-12,5.116169259508935e-13,2.3079886744264406e-13,7.216056133290426e-14,1.875710257759621e-13,7.863351292333248e-10,3.2013314829588877e-06,1
490,23:50:30,3.8493630464704145e-12,4.4989517014585827e-13,2.5964688660925323e-13,7.297026125006274e-14,1.8968524303157617e-13,3.5129736055173877e-10,3.148935308119214e-06,1
491,23:51:00,3.725945589173362e-12,3.6637647302833623e-13,1.8130341050079175e-13,5.959129417725519e-14,1.177448997994416e-13,5.706864592136958e-10,3.137277180867477e-06,1
492,23:51:30,3.2338346103410986e-12,3.635809008155691e-13,2.073699935937683e-13,5.0410171029310705e-14,1.2443227941943594e-13,3.5645154465664746e-10,3.1311153245695675e-06,1
493,23:52:00,5.9627792876898785e-12,6.883165757679151e-13,2.3560067581804897e-13,5.987687866700957e-14,1.471560810531097e-13,2.497635139857752e-10,3.112138565938035e-06,1
494,23:52:30,8.34034347544821e-12,4.841643598009921e-13,2.38303132537286e-13,6.466834401056787e-14,2.1213441546775306e-13,1.4286624764315186e-09,3.1532734012101784e-06,1
495,23:53:00,4.684732261232308e-12,4.1850925013493795e-13,2.0970611094275391e-13,7.112246755688538e-14,2.0685002828902373e-13,7.151188048713221e-10,3.172360276782561e-06,1
496,23:53:30,5.554831832602979e-12,4.80102551191421e-13,2.0835110624387127e-13,5.354152978812943e-14,1.2405173964613586e-13,9.097981146449596e-10,3.139874023009799e-06,1
497,23:54:00,5.478332835846617e-12,5.441151650082254e-13,1.6651168419067497e-13,5.504196781207899e-14,1.6036750061842774e-13,3.9283216558295937e-10,3.1772571008291786e-06,1
498,23:54:30,4.941737046788661e-12,6.220023261738061e-13,2.039663012021775e-13,5.941197477783086e-14,1.2976408292456165e-13,4.663412524705355e-10,3.1239214479498825e-06,1
499,23:55:00,6.427505200486106e-12,6.382628987243158e-13,1.513139567234352e-13,4.9545141888944495e-14,1.1859202539591668e-13,8.208228927764078e-10,3.1947825512306494e-06,1
500,23:55:30,7.66746628853806e-12,5.415377010272925e-13,2.6375856497014893e-13,6.858768502393069e-14,2.371419329200832e-13,7.057224584830531e-10,3.1303995601758388e-06,2
501,23:56:00,3.5059285677454554e-12,3.93376011821068e-13,1.3374430750458147e-13,4.775941621637086e-14,1.402162256873069e-13,7.152196483512705e-10,3.1625017941428226e-06,2
502,23:56:30,5.9138041273543936e-12,4.642284534640535e-13,2.7796169813916117e-13,5.808857001424483e-14,1.7023894737385629e-13,3.0002970320879423e-10,3.1285157832361273e-06,2
503,23:57:00,6.6237102312730066e-12,5.354695777874754e-13,2.3055647368694813e-13,6.1187824058064e-14,2.297782268435959e-13,4.943897042401208e-10,3.1563915280382166e-06,2
504,23:57:30,5.659042295625896e-12,5.107170009074876e-13,3.008118862187042e-13,5.145618912104686e-14,1.8889973040776444e-13,3.2249862754858886e-10,3.1125927694703756e-06,2
505,23:58:00,1.0416521500967627e-11,5.053491617429751e-13,1.90424465769496e-13,5.578285829306168e-14,1.5970798106578526e-13,6.629357085430515e-10,3.1248514281408945e-06,2
506,23:58:30,4.154829422868348e-12,6.285199298337583e-13,2.3718406142451014e-13,5.261778391242935e-14,1.1019607472487389e-13,1.231950093808825e-09,3.1871662935820016e-06,2
507,23:59:00,3.881248396105463e-12,5.509901711449396e-13,1.7146736737418631e-13,4.848621194239856e-14,1.5091309226550206e-13,1.0598119483300246e-09,3.167988617323367e-06,2
508,23:59:30,3.840521341065337e-12,5.311751491432665e-13,2.0890167184769959e-13,6.788195117817651e-14,3.589861645574948e-13,1.7274457377373207e-10,3.1675645784508164e-06,2
509,00:00:00,6.046995935328325e-12,6.138199933110694e-13,2.6764974481084715e-13,5.0866278122468336e-14,2.004999214179589e-13,2.4893688652563005e-10,3.1999530169768912e-06,2
510,00:00:30,5.931827928940508e-12,6.78535121876183e-13,1.9584258665080046e-13,3.751489620600713e-14,9.676445943107805e-14,9.681789669603648e-10,3.184018590028947e-06,2
511,00:01:00,4.886297912753207e-12,5.97956582462496e-13,2.3523413293845083e-13,4.458961224299344e-14,1.350831059158749e-13,8.753955863465768e-10,3.2051955194630714e-06,2
512,00:01:30,5.8600022157085e-12,7.861063201755869e-13,2.1168076330987639e-13,4.535156476506731e-14,1.8385231638411057e-13,3.8673246335543977e-10,3.1686115773021536e-06,2
513,00:02:00,7.315920254376864e-12,6.180293728153201e-13,2.2052596702569962e-13,4.9116860094838834e-14,1.2631945085486385e-13,6.471176181869053e-10,3.1829861327651273e-06,2
514,00:02:30,5.334583360751829e-12,5.473446235755607e-13,1.7883071131944533e-13,3.5876907031837886e-14,7.467677655296956e-14,1.6499176973444964e-09,3.1056074371777792e-06,2
515,00:03:00,7.16983860491224e-12,7.210215324000862e-13,2.3052846130009197e-13,4.939641731789562e-14,2.282410570831563e-13,6.548941987927794e-10,3.2064580351248942e-06,2
516,00:03:30,5.5530533502192986e-12,4.936472485258426e-13,2.05444689494246e-13,3.840785830044241e-14,1.0875748826266866e-13,5.97111031710653e-10,3.1974955893703324e-06,2
517,00:04:00,5.215114855372353e-12,5.554669572210229e-13,1.7645741890104085e-13,4.354073633887026e-14,1.1860887763224004e-13,1.7736986711713046e-09,3.1984533976575015e-06,2
518,00:04:30,7.887173733474865e-12,7.495708369015607e-13,1.4703750424449626e-13,4.1933721077110235e-14,1.2505638630063404e-13,1.6457689197686208e-09,3.1552528700639248e-06,2
519,00:05:00,4.443864168228292e-12,5.675731907659562e-13,2.108563807711275e-13,3.826210000519589e-14,1.23083993195142e-13,1.3701889334028914e-09,3.151802801775785e-06,2
520,00:05:30,7.00490361850368e-12,5.633527781274978e-13,2.361360223871861e-13,4.413079964263494e-14,1.2626568840256978e-13,5.739998019103279e-10,3.2189204724036734e-06,2
521,00:06:00,6.275669093531385e-12,5.061026234213249e-13,2.459704103776426e-13,3.6699588369946005e-14,9.892706247746527e-14,2.5846168622091974e-09,3.16982178439967e-06,2
522,00:06:30,9.881624737141647e-12,5.867999438397245e-13,2.2333224783313753e-13,4.6329687294421825e-14,1.200212606968067e-13,9.643113989357262e-10,3.2103079988641383e-06,2
523,00:07:00,1.0532874124313486e-11,6.818012065486968e-13,1.7244529383587893e-13,4.3058232654033676e-14,1.2519175583046138e-13,1.1849459868272427e-09,3.153999081851209e-06,2
524,00:07:30,5.40510069054197e-12,5.379175058904809e-13,2.5942833780872607e-13,7.126319972985368e-14,2.0014150649775304e-13,5.347798527103454e-09,3.3115179924689755e-06,2
525,00:08:00,4.323241796676168e-12,6.637002200589617e-13,1.8900222256483223e-13,4.327336435551221e-14,1.3380172952526565e-13,1.253239681737041e-09,3.2277437080743743e-06,2
526,00:08:30,1.523115494665049e-11,2.0183470748856795e-12,8.33100478016861e-13,9.674978572972632e-13,6.849177646251649e-13,1.2113038250014407e-08,3.322520064487036e-06,1
527,00:09:00,7.812046291443461e-12,5.870415838065968e-13,2.282560817025949e-13,7.235232958210603e-14,1.8970537938797332e-13,1.1646051509138464e-10,3.042290357356127e-06,1
528,00:09:30,3.223755211915359e-12,6.094037623992973e-13,1.6994539467721829e-13,6.172665005096091e-14,1.6380486076255077e-13,1.0358275115218086e-10,3.012668900456927e-06,2
529,00:10:00,3.517062813837157e-12,5.770242928541106e-13,2.674409884092301e-13,6.241477564664148e-14,1.607744927380001e-13,9.733569242002083e-11,3.1010733794739013e-06,2
530,00:10:30,7.48231575968011e-12,4.912332624111088e-13,2.218785640281456e-13,5.745606922023214e-14,1.9061097824937395e-13,5.6595834993738246e-11,3.0103963538125344e-06,2
531,00:11:00,7.352258076575475e-12,6.241788457573343e-13,2.7645696317221327e-13,5.000520408622162e-14,1.6963999342401795e-13,6.753254898449873e-11,3.0353241638624977e-06,2
532,00:11:30,4.8113673758661284e-12,4.799867777323246e-13,1.4826666905956016e-13,5.624623426270501e-14,2.525537548339747e-13,4.7324191261647755e-11,2.95096461782168e-06,2
533,00:12:00,6.719647403619675e-12,6.442924545972017e-13,2.5317016128170656e-13,4.802141559706473e-14,1.416635369159094e-13,6.502153137165337e-11,2.994037472583599e-06,2
534,00:12:30,7.38818955505385e-12,5.340293187195182e-13,2.462358400330091e-13,5.159929423680439e-14,1.6568257595302254e-13,5.97320048089546e-11,2.9988527330370507e-06,2
535,00:13:00,6.922024962135759e-12,5.455543227550526e-13,2.302810207092871e-13,6.162458351084145e-14,1.2837372477380343e-13,2.1131231836637044e-10,3.1351095410013345e-06,2
536,00:13:30,3.5204954135155944e-12,3.952839625842049e-13,2.1512612625897154e-13,5.902621615210416e-14,1.194904227323541e-13,1.0655518999076516e-10,3.016224975048492e-06,2
537,00:14:00,4.725944657842057e-12,7.486059939778704e-13,2.4122171333870796e-13,5.247159644015412e-14,1.866360079385375e-13,5.609996712569857e-11,2.937358640598332e-06,2
538,00:14:30,5.524061865052766e-12,4.721155384933126e-13,2.152520565290641e-13,6.340056369483373e-14,1.4282505527179744e-13,1.373930156795809e-10,3.0199392480120606e-06,2
539,00:15:00,4.342966769346353e-12,4.380891540407963e-13,1.6582680555994112e-13,4.949627489844952e-14,1.8782747242092062e-13,5.017676955052215e-11,2.7872615178982908e-06,2
540,00:15:30,1.0717424088688816e-11,8.017970921619066e-13,2.0372171700416953e-13,4.358200080515035e-14,1.5633730917009458e-13,8.262846917814428e-11,2.8838318885594118e-06,2
541,00:16:00,1.290820890515128e-11,8.187307589519698e-13,2.347818422178543e-13,4.6402158318519124e-14,1.207934263323525e-13,1.232472932388418e-10,2.9082273015840358e-06,2
542,00:16:30,5.209644451808495e-12,5.542412987840691e-13,1.786373267131732e-13,5.001474218201239e-14,8.618892151767556e-14,6.527867407034892e-11,2.895907494734541e-06,2
543,00:17:00,5.491194430232037e-12,6.611127192789236e-13,1.7564407712835513e-13,3.8624414740630484e-14,1.0336666529843467e-13,6.655134426984544e-11,2.9042730299371193e-06,2
544,00:17:30,5.825600431098156e-12,5.220847647494347e-13,2.1310022540671694e-13,3.472095491733586e-14,1.2356188223330624e-13,5.882259115755212e-11,2.878884685328444e-06,2
545,00:18:00,6.744684420062192e-12,6.711800552534184e-13,2.2733901296249073e-13,3.694588943884424e-14,1.1222352859488473e-13,8.252581114030728e-11,2.891032693247481e-06,2
546,00:18:30,3.935797539473515e-12,5.927594945033916e-13,1.9012163818373835e-13,3.682874460574278e-14,1.1257252132091827e-13,8.184767524134821e-11,2.8591430359943974e-06,2
547,00:19:00,5.768006165817036e-12,5.771244190796185e-13,2.0964795962839538e-13,4.23403294623292e-14,1.1883211776582963e-13,7.622332551636523e-11,2.902394821376512e-06,2
548,00:19:30,8.555619667771029e-12,5.774003605670294e-13,2.0848099537752648e-13,3.6568783935903916e-14,1.1747488321452e-13,9.496794050494436e-11,2.8441502014046504e-06,2
549,00:20:00,3.832097707340938e-12,6.063825019978378e-13,2.288855363645433e-13,3.972786199683307e-14,1.5340543242738034e-13,9.838373281346841e-11,2.897546558169985e-06,2
550,00:20:30,5.1266843691262525e-12,6.793931089652276e-13,2.1046114874141804e-13,3.771685922130974e-14,1.134005110220188e-13,5.621544403938518e-11,2.8205231096902554e-06,2
551,00:21:00,1.2828961997625602e-11,5.587319622779197e-13,2.0577014930834587e-13,4.019090351945776e-14,1.1666582363238647e-13,7.772269226214387e-11,2.875057911483821e-06,2
552,00:21:30,4.592858419095512e-12,4.887711872844488e-13,2.54454415120852e-13,5.793250380347439e-14,1.9108716188908923e-13,1.3095268895752204e-10,2.935095432765753e-06,2
553,00:22:00,3.4122393037928327e-12,4.619916564021125e-13,1.7491998539771698e-13,4.391545482104384e-14,8.921320414787397e-14,6.886920722630841e-11,3.0094882557031542e-06,2
554,00:22:30,8.480452322097845e-12,5.557448519534369e-13,1.3276105326713712e-13,3.473905877171502e-14,9.669874909718716e-14,6.265241129170081e-11,2.9022310365627584e-06,2
555,00:23:00,5.745039482090639e-12,5.110221271960138e-13,1.813484844422073e-13,4.640299790382874e-14,1.6358829148187395e-13,5.5092912068769006e-11,2.8669615845686007e-06,2
556,00:23:30,9.697952929442367e-12,8.957766106203972e-13,2.3463193915869816e-13,5.3771394595066504e-14,1.8856032759254337e-13,8.445176515875618e-11,2.921357193016121e-06,2
557,00:24:00,3.482657597338078e-12,5.029666260807794e-13,1.5775608727488216e-13,3.792811039969856e-14,1.0361109125647444e-13,5.812818598520344e-11,2.919517071533254e-06,2
558,00:24:30,7.690986435027088e-12,7.236256766883053e-13,2.39237706919335e-13,4.279515357520233e-14,1.3551807460231365e-13,7.117777955531436e-11,2.9114349567488965e-06,2
559,00:25:00,4.565865846096409e-12,6.265424268894211e-13,1.7457600126705542e-13,4.063108253750103e-14,1.243023407298523e-13,6.401836835759608e-11,2.795821088874475e-06,2
560,00:25:30,7.233562330488646e-12,5.091496018570727e-13,4.1954627161330844e-13,9.340213902638232e-14,2.3598708914375875e-13,1.6882135377283877e-10,3.085145542162417e-06,2
561,00:26:00,3.3514597286060294e-12,5.005066574821221e-13,3.1098974579250813e-13,8.622621069781346e-14,1.8291197355493325e-13,2.450322482516424e-10,3.25140323308852e-06,2
562,00:26:30,4.998781664959973e-12,4.933277049769717e-13,3.0970300774934695e-13,9.245733253868935e-14,2.0563165667840628e-13,6.732961212416681e-10,3.2061400604933223e-06,2
563,00:27:00,4.071443876407417e-12,5.112975947202247e-13,2.310641359882736e-13,8.457685861015917e-14,2.0173770706520777e-13,1.3173733248570907e-10,3.2537524116619837e-06,2
564,00:27:30,3.5535732206120225e-12,6.521320908091514e-13,3.8703193126149816e-13,1.2309875062303736e-13,3.341290495660662e-13,2.4913413859676645e-10,3.333926264508849e-06,2
565,00:28:00,8.270072280974258e-11,2.7325960455954414e-12,2.8970037427416097e-12,2.6357594692640693e-12,2.8067657125215218e-12,1.0945292965471985e-08,3.454740243102045e-06,0
566,00:28:30,1.680430944452671e-11,8.029701519087381e-13,5.035789418996603e-13,4.101857039787931e-13,3.1272145540817014e-13,1.4162341094539732e-09,3.270403761651479e-06,0
567,00:29:00,2.302564613688814e-12,4.949889276000285e-13,2.9959588540747105e-13,1.3251863341561377e-13,1.8425495429845728e-13,7.090506221884452e-10,1.7924520161332199e-06,1
568,00:29:30,2.8999009269163658e-12,6.278486641542488e-13,2.4074801436092613e-13,9.309232707279152e-14,1.83944844206244e-13,2.1110616619919363e-10,1.4351791277799245e-06,1
569,00:30:00,9.915218970987617e-12,4.706449328625859e-13,2.575965749567465e-13,8.275595868880544e-14,2.2234324633597765e-13,2.692833503282444e-10,1.018327389004653e-06,1
570,00:30:30,7.006320963370614e-12,4.3912435181450624e-13,2.730733391448939e-13,8.816795760045858e-14,1.988334462570363e-13,1.536044510221175e-10,9.896455132877221e-07,1
571,00:31:00,6.335016874896248e-12,4.726391817568025e-13,2.3779248306475385e-13,8.700918697755683e-14,2.6293115740722435e-13,1.7021061856217049e-10,9.192325466716503e-07,1
572,00:31:30,4.626110429601694e-12,7.433993105989696e-13,1.3721077868655067e-13,4.713858461769618e-14,9.371911276785605e-14,6.480018784888286e-11,7.405274175852002e-07,1
573,00:32:00,2.8868533911637315e-12,3.8713700162925544e-13,1.817814179562158e-13,4.434307029183615e-14,8.208494342062971e-14,6.34681623158491e-11,6.689344446140912e-07,2
574,00:32:30,6.243282233030162e-12,5.881790992197456e-13,2.7091111438056164e-13,6.984953066913885e-14,1.749947112283367e-13,1.0307190551863625e-10,7.900727590814809e-07,2
575,00:33:00,5.038860625239271e-12,4.57413338393628e-13,1.9461691905003293e-13,4.831900143536475e-14,9.166084957478748e-14,3.9131071112878116e-11,7.217475732181076e-07,2
576,00:33:30,3.3055356849403e-12,3.8347366548340825e-13,1.5840863170316815e-13,4.1253689718405585e-14,1.1371539800002674e-13,6.027394780452278e-11,8.917336395793345e-07,2
577,00:34:00,4.100239240939934e-12,4.566661561488124e-13,1.4785053035239047e-13,4.944995991276445e-14,1.8348834311422502e-13,4.427598297023867e-11,4.260963561749046e-07,2
578,00:34:30,3.3163753455041952e-12,4.873815694996737e-13,1.753170287298285e-13,4.47357725639489e-14,1.0752176468744403e-13,3.568783465744466e-11,4.3185733975972644e-07,2
579,00:35:00,1.0373866274225876e-11,5.80881629273394e-13,2.713511830723818e-13,7.480995186440757e-14,3.129066181502662e-13,6.449422208746566e-11,4.716931753771715e-07,2
580,00:35:30,6.169615597307692e-12,4.4058061093384234e-13,1.1339091247140207e-13,4.887668547458008e-14,1.5230840444359604e-13,3.561535348692161e-11,4.1479024028245536e-07,2
581,00:36:00,3.0496512096392725e-12,4.79224730994953e-13,1.988179281768013e-13,4.5712525202419513e-14,1.3974180463769256e-13,3.4917229492624005e-11,4.2007420307790837e-07,2
582,00:36:30,4.129426829243158e-12,5.99872517198401e-13,1.8440936943450683e-13,5.959719359328709e-14,1.6439068691546766e-13,5.159440136919524e-11,6.927137679382433e-07,2
583,00:37:00,8.592330742941318e-12,5.641734449858486e-13,2.4206756855728444e-13,4.9824188700244764e-14,1.9396981589269675e-13,3.4895618606814225e-11,3.798357458287827e-07,2
584,00:37:30,7.057829333118918e-12,7.680417733470655e-13,2.819157623203527e-13,6.054798790215637e-14,1.7954776909079342e-13,4.062420340468282e-11,3.7698109444471064e-07,2
585,00:38:00,4.351325239622646e-12,4.656541448596455e-13,2.084966494647932e-13,4.627070810581819e-14,1.167972347074046e-13,3.3403905954736045e-11,3.7102746156788435e-07,2
586,00:38:30,1.0155668710680786e-11,7.158492273351698e-13,1.7172027415020557e-13,4.4473963731894973e-14,1.569769221944267e-13,4.676706654466776e-11,3.685537583436468e-07,2
587,00:39:00,3.660901834534762e-12,4.0307525776874366e-13,1.892557003387692e-13,5.5292180056756045e-14,1.4003207864061713e-13,6.92603220523093e-11,3.707704146769605e-07,2
588,00:39:30,6.890728077239279e-12,6.848376113417356e-13,1.6933178679088023e-13,4.240083106065054e-14,1.230301321804912e-13,4.958424038142981e-11,3.6549424054162347e-07,2
589,00:40:00,6.392391084038808e-12,7.583156013793287e-13,2.2650296378294727e-13,6.128253077523425e-14,1.9779537293451315e-13,6.087828401049512e-11,3.666880952892873e-07,2
590,00:40:30,1.1526994685306825e-11,7.989074405161899e-13,2.1132637658799634e-13,5.143795164384343e-14,1.6951600218163553e-13,4.2925668442276415e-10,3.3793232749782046e-07,2
591,00:41:00,3.690137681056218e-12,3.909922632614787e-13,2.734331365848762e-13,5.5841119312175534e-14,1.1842230843713625e-13,5.912501210922385e-10,3.6203029730897484e-07,5
592,00:41:30,3.1948696338136133e-12,4.659325273531537e-13,2.3158519298875143e-13,6.773383946138267e-14,1.655279920146341e-13,1.0357492331003696e-10,3.739846569620197e-07,5
593,00:42:00,1.204561725071521e-11,4.686617289331679e-13,1.9602106203488283e-13,6.586136470842389e-14,1.436433919892636e-13,1.47665639267375e-09,3.6903516940365326e-07,5
594,00:42:30,5.3183255029860835e-12,3.027399499390311e-13,1.5186150720081254e-13,5.78764870548997e-14,9.942962685715707e-14,6.631878944413157e-10,3.6585777531675056e-07,5
595,00:43:00,4.171701694299806e-12,3.5691743298551695e-13,1.9147008329403487e-13,5.301979459872532e-14,9.570343768867677e-14,3.6151127302180053e-10,3.63483254282794e-07,5
596,00:43:30,1.6889883948054598e-12,3.25352658430765e-13,3.6239334227904355e-13,1.1166851436175372e-13,1.290284606458083e-13,8.835173246488274e-11,1.1836153674959187e-06,5
597,00:44:00,1.195812202216424e-12,2.1629764170198136e-13,2.1578865429430647e-13,9.017773250017175e-14,1.2288993435780817e-13,7.275257655853057e-11,2.3321745405320594e-06,5
598,00:44:30,2.6527612866190252e-12,4.831504168474984e-13,1.928603489606968e-13,9.657584113497945e-14,1.8101980760751543e-13,5.5381668293967466e-11,4.65595531493704e-07,5
599,00:45:00,1.6650507836150997e-12,3.00249318640325e-13,1.632364335333352e-13,5.932218703838149e-14,7.225153704883308e-14,3.8451986749541464e-10,4.320569565007172e-07,5
600,00:45:30,5.9919950972885956e-12,3.471239095569938e-13,1.4562717652405255e-13,5.175842444204544e-14,7.50360345145172e-14,5.277610234771685e-09,4.3839639171831723e-07,5
601,00:46:00,6.4971623827822205e-12,2.9701342295451555e-13,1.568942632631475e-13,5.941057210893182e-14,1.0559476597519546e-13,6.2732213933714465e-09,3.6949026912755975e-07,5
602,00:46:30,4.643703536167782e-12,2.1720023945572794e-13,2.9144916869080424e-13,1.153121247461325e-13,2.0140590534232812e-13,5.151468941481791e-10,1.2283817499258052e-06,5
603,00:47:00,2.25728138845946e-12,2.6463907047667353e-13,2.146248267289586e-13,8.072440605313311e-14,1.0534613118218176e-13,3.53322293877599e-10,8.236815027403678e-07,5
604,00:47:30,1.0443915654528911e-11,6.486525312285752e-13,5.746983313576073e-13,3.0779735551989936e-13,2.279897745505116e-13,8.736500268827227e-09,3.0352895132320264e-06,1
605,00:48:00,4.2710363627555215e-12,3.6391830495983544e-13,2.4818934433076844e-13,8.193752173149715e-14,1.1018008386201133e-13,1.0705185655191311e-10,1.417823620196737e-06,1
606,00:48:30,2.0963670105493136e-12,5.550993537381177e-13,2.3082559945217396e-13,8.076242419188526e-14,1.9358737250804127e-13,7.073079880203516e-11,7.560555442877956e-07,5
607,00:49:00,7.077001457918782e-12,5.06834960925658e-13,1.9912280694205454e-13,5.374040695571227e-14,9.249611885851687e-14,4.800834286340253e-09,6.950018242115177e-07,5
608,00:49:30,2.9576871644027594e-12,2.1232947515896346e-13,2.0862902333426336e-13,6.858096151040431e-14,1.047102597098221e-13,2.9678332443385504e-09,6.817051965294083e-07,5
609,00:50:00,4.581173894328855e-12,3.1029468490137405e-13,1.674224869919239e-13,5.969158852396361e-14,1.0487832237698085e-13,7.9951768073459e-09,7.537802716856848e-07,5
610,00:50:30,1.7178002305751223e-12,2.5347933661072487e-13,1.2326360567780007e-13,5.9908268165637e-14,8.743696803890352e-14,1.2732334236223355e-09,7.202816853844189e-07,5
611,00:51:00,3.7338057922642774e-12,2.9606631700763e-13,1.0243090205218071e-13,5.364873106653691e-14,7.946795015472616e-14,2.2041924684161692e-09,7.820499822910051e-07,5
612,00:51:30,4.8948295507568725e-12,2.1529161960241317e-13,1.0064256705938844e-13,5.930672329379657e-14,6.605373887379328e-14,1.413946615826347e-09,8.947684764177155e-07,5
613,00:52:00,8.917122189677273e-12,4.204609707943529e-13,1.2350847756481134e-13,5.154926675596543e-14,6.320747684003757e-14,1.3193914357662437e-09,8.380286140428637e-07,5
614,00:52:30,1.0859715623954515e-12,2.2385450286788832e-13,2.3499347219135127e-13,1.3268992761668345e-13,1.9441642835997574e-13,2.2368620815479536e-10,2.1938883748435837e-06,5
615,00:53:00,8.504259983665572e-13,2.5423153111550065e-13,1.4437103764322472e-13,9.028741331495527e-14,7.558796722853609e-14,5.699818019114382e-10,1.8278789743210976e-06,5
616,00:53:30,4.076432892557922e-12,2.0630357526784787e-13,1.0279123501282164e-13,4.676358901410325e-14,8.873407182696144e-14,4.4749560684345e-10,1.6737217831956948e-06,5
617,00:54:00,1.338215389948612e-12,2.907403525091136e-13,1.9902929930638322e-13,9.108660226703339e-14,8.906322352645897e-14,1.1675610467239035e-10,1.632207299863625e-06,5
618,00:54:30,3.1660945500471797e-12,3.366727872734394e-13,1.901404136846313e-13,7.750426085761714e-14,1.013580242414347e-13,4.932058161635037e-11,1.16401706704348e-06,5
619,00:55:00,3.5417030163405203e-12,2.632731163049586e-13,1.7980620293160945e-13,5.5479015961814754e-14,1.096261331737798e-13,2.3946854145610377e-09,1.1005888772738808e-06,5
620,00:55:30,6.286147845757945e-11,1.4849684027159175e-12,2.0688604659685477e-13,4.8099444733492706e-14,1.0434084404255586e-13,1.1405934732371813e-08,1.0218732429320217e-06,5
621,00:56:00,2.6462230144429437e-11,4.0637811527881174e-13,1.3819392320797317e-13,4.447078090925623e-14,1.2611310236149662e-13,2.5300155174984977e-09,1.0059555665107252e-06,5
622,00:56:30,4.2787579926544365e-12,2.556215473354548e-13,1.5515990391554857e-13,5.27210000233858e-14,6.974444274060147e-14,3.617528871963028e-09,1.0151387610872915e-06,5
623,00:57:00,1.19670562139625e-11,3.4707812007365897e-13,1.5848155341775326e-13,6.723794692820929e-14,1.128870947766437e-13,2.38811788065646e-09,9.9890796713745e-07,5
624,00:57:30,3.1888395426320467e-12,3.381997621660471e-13,1.5850226054761298e-13,5.962061820742645e-14,5.987987084585473e-14,1.137013489243784e-09,1.0235956905736673e-06,5
625,00:58:00,1.2108221311467919e-11,4.687488872592325e-13,1.1158387429570356e-13,5.171772851922489e-14,8.252442087557191e-14,2.8484775447470327e-09,1.180188458953471e-06,5
626,00:58:30,2.0318530286564503e-12,2.1808979375862483e-13,1.2176092616604661e-13,6.068498236797374e-14,8.013985585664699e-14,6.827531673899485e-10,1.1090541317115846e-06,5
627,00:59:00,3.5436547282163368e-12,3.051663653855689e-13,1.5722694239524447e-13,5.219086650695574e-14,7.625810549889422e-14,2.5540381714123992e-09,1.1790548977625044e-06,5
628,00:59:30,1.8050226027956374e-12,2.6812430645142896e-13,1.4869515665152949e-13,7.038219547979028e-14,9.90666166506151e-14,2.4823972958662683e-10,1.1849649257683144e-06,5
629,01:00:00,5.329322438938794e-12,3.8619545408935977e-13,1.378484957130572e-13,4.2383358068501235e-14,6.634754889194097e-14,3.762821843803056e-09,1.1888061541092743e-06,5
630,01:00:30,1.1103688903030195e-11,2.685020248191031e-13,1.228867876673511e-13,6.055747638275521e-14,1.0237808166078488e-13,2.6286862356801466e-09,1.4721431555331867e-06,5
631,01:01:00,9.737728552384113e-11,2.2977284668904167e-12,1.6651267084222972e-12,1.8967378033853584e-12,1.5158332517672034e-12,1.6710719491201754e-08,2.882951469196594e-06,0
632,01:01:30,6.4410303709549425e-12,3.2639060167710675e-13,2.124907258121664e-13,1.1453771333274543e-13,1.3426026490866816e-13,4.7814557722839525e-09,2.9235314189214565e-06,1
633,01:02:00,1.0953187938862073e-12,1.7979706464130295e-13,1.6394603117252892e-13,8.975527217383201e-14,1.2740858709237548e-13,1.071116571956587e-10,2.2666767297031555e-06,1
634,01:02:30,9.878830685230534e-13,2.811245846697177e-13,1.7268168034032732e-13,1.0231536452225938e-13,1.026382496472334e-13,5.461987264166671e-10,1.3261652781530677e-06,1
635,01:03:00,2.459917665156678e-12,4.1071682671477896e-13,2.9370904984435133e-13,9.063948977907417e-14,1.5975187227734203e-13,3.626633567762447e-10,1.1007770074209782e-06,1
636,01:03:30,1.1129488773598855e-12,3.9995915762348934e-13,1.80849546048807e-13,9.299425927566294e-14,1.364374363288024e-13,1.2722177647135152e-10,1.0043832315776967e-06,1
637,01:04:00,2.0855249844663662e-12,4.5009663001442965e-13,2.343833864196618e-13,9.24751245847686e-14,1.4834942056104986e-13,8.800476834553175e-11,7.268480855010996e-07,1
638,01:04:30,5.212142975419863e-12,4.885625289380641e-13,2.3920629034682854e-13,7.536030815551354e-14,2.1820760535843228e-13,1.4234027535573503e-10,1.1088777483254051e-06,1
639,01:05:00,6.376775539671144e-12,3.2642013134071967e-13,1.8551014112072667e-13,8.611953045503773e-14,2.1628850755121276e-13,1.164245973067427e-10,6.165251753107448e-07,2
640,01:05:30,3.4971447028670525e-12,3.8012888543785956e-13,2.329613808275628e-13,7.045024712515457e-14,1.8473529121246074e-13,1.0532538015613079e-10,5.187642679204664e-07,2
641,01:06:00,3.286691733870746e-12,3.3002075964219814e-13,2.1840106672380268e-13,6.330177756520067e-14,1.0201596539488206e-13,7.635066194129393e-11,5.698672414867833e-07,2
642,01:06:30,3.3876458568307642e-12,3.58359611260241e-13,1.5432116427525605e-13,6.768612263901562e-14,1.5945247250002187e-13,5.857810191552659e-11,4.2108302099051843e-07,2
643,01:07:00,3.766301725349045e-12,3.5291792312082305e-13,2.627896193952535e-13,1.227913142443706e-13,2.1129918042015347e-13,2.390072059634774e-10,7.284967690026406e-07,2
644,01:07:30,3.590726926053214e-12,4.05812440119696e-13,1.9532529073782684e-13,5.1955499164160146e-14,1.0262965720280998e-13,6.276935859809485e-11,4.726814702906703e-07,2
645,01:08:00,3.4263213673191174e-12,3.473086136654564e-13,1.7484734634841933e-13,5.811770720327584e-14,9.855961035171396e-14,7.305638612342107e-11,5.063579271501458e-07,2
646,01:08:30,2.8495959978371735e-12,3.0065712019543295e-13,1.4706648453381236e-13,4.653818202780512e-14,7.202534869515955e-14,8.015623020218722e-11,4.6355980878233207e-07,2
647,01:09:00,7.134439487544943e-12,4.498973152984827e-13,3.3505780638141174e-13,5.760645982743336e-14,1.5517537395704188e-13,8.535564229296493e-11,4.627636677764008e-07,2
648,01:09:30,4.1839726700182485e-12,3.6489873005989547e-13,1.2770885197129505e-13,5.2747806384316915e-14,1.1468363913404025e-13,7.848246172106773e-11,4.024612793594953e-07,2
649,01:10:00,2.9860748918052126e-12,3.5235827964236665e-13,1.2063444474737075e-13,4.7183856515708894e-14,8.694567683822494e-14,7.693362470100397e-11,3.651757494233869e-07,2
650,01:10:30,4.9865109517217175e-12,3.434907426715256e-13,2.1406158564656477e-13,2.1129045239213987e-13,1.705986885535547e-13,1.1989087564605194e-09,3.75697731648102e-07,2
651,01:11:00,3.4385168224891473e-12,3.7436256025221e-13,2.7504748765108207e-13,5.542975862706233e-14,1.3957024905631185e-13,6.18009397476422e-11,3.6299606057176927e-07,2
652,01:11:30,6.626301627713962e-12,4.4898169481450556e-13,1.5598713700453173e-13,5.035346188807781e-14,1.2607431600571177e-13,7.049171961121422e-11,4.15230343168072e-07,2
653,01:12:00,5.525026769033297e-12,4.640683096645126e-13,2.503900175635506e-13,7.235686120116728e-14,1.6128667295657696e-13,7.388913459296688e-11,3.8273791099326624e-07,2
654,01:12:30,3.4456671736833884e-12,2.5368576661603344e-13,1.313329693442023e-13,6.60419950678009e-14,2.9219937951799947e-13,7.382669646006651e-11,3.6637538091456874e-07,2
655,01:13:00,6.318982672841975e-12,4.595462407313568e-13,2.856359395032808e-13,6.875264906935817e-14,2.467642809416554e-13,7.4281250374366e-11,5.487913100474886e-07,2
656,01:13:30,4.303844095687998e-12,2.680735434576468e-13,1.7381968825967796e-13,6.051259735395806e-14,1.697122303000848e-13,7.04148233200506e-11,4.186098951512542e-07,2
657,01:14:00,2.291347769269667e-12,3.15242716433572e-13,1.7946210801804144e-13,5.547226492523731e-14,1.5115699765886454e-13,7.603659383296136e-11,3.5578007145133586e-07,2
658,01:14:30,6.440673095121326e-12,3.3324370635432747e-13,1.7134794122062794e-13,5.299488718626951e-14,1.2674533479345653e-13,6.539220601763945e-11,3.792718421266074e-07,2
659,01:15:00,4.727282037322263e-12,4.660951630487248e-13,1.8870690335619447e-13,4.130120320374526e-14,1.2199381108434606e-13,5.5768198110109946e-11,3.8130988242798443e-07,2
660,01:15:30,8.533953393880417e-12,3.1191163888588343e-13,2.491776553629818e-13,6.22762246005939e-14,1.682329001307021e-13,7.131237421179807e-11,6.879218393912025e-07,2
661,01:16:00,4.112080356397351e-12,3.7248056326752947e-13,1.4611522985933605e-13,5.249076928125374e-14,1.756698552450753e-13,7.043355694496425e-11,3.314271374875557e-07,2
662,01:16:30,7.0872604973234464e-12,4.510704609140889e-13,1.673512135506484e-13,4.3321650118367454e-14,1.4521286142472067e-13,5.904196653080893e-11,3.2960163898529503e-07,2
663,01:17:00,3.963931299136431e-12,2.946564269211321e-13,1.9045638302670293e-13,5.6708298289938684e-14,1.0421258407022642e-13,5.612372551783647e-11,4.1882213076418655e-07,2
664,01:17:30,5.041823956701133e-12,3.6596911662241755e-13,1.5598329310514381e-13,4.167290966950414e-14,1.518688713639281e-13,5.78284545389391e-11,3.6080195927105474e-07,2
665,01:18:00,5.892816717459505e-12,4.367711218864788e-13,2.2684023117414604e-13,5.410338154155642e-14,1.5476788484613244e-13,5.800905105319386e-11,3.478274812615716e-07,2
666,01:18:30,3.7493011178033886e-12,4.587137331615634e-13,1.7907652066461233e-13,6.083502062813417e-14,2.376901110192039e-13,6.23895071023956e-11,3.4063629557947527e-07,2
667,01:19:00,4.5177737464843824e-12,4.91235894659951e-13,2.183555025286129e-13,6.768453083704454e-14,2.37540457848232e-13,5.649576888398291e-11,3.206904122480062e-07,2
668,01:19:30,5.795075788995829e-12,5.828566119060896e-13,2.6202245825610704e-13,7.609615732878934e-14,2.210747986527543e-13,6.699612440385754e-11,3.736646062441402e-07,2
669,01:20:00,3.216772814419412e-12,3.878809938530711e-13,1.2028627225357854e-13,3.252838996140203e-14,6.632606909351228e-14,5.1613866942049736e-11,3.3818576299991717e-07,2
670,01:20:30,4.2642151613075875e-12,5.30274364768996e-13,2.030836439849994e-13,5.10940964748173e-14,1.703489091569237e-13,5.7757422132801774e-11,3.3005867815028895e-07,2
671,01:21:00,3.98530697478844e-12,2.9375154145490744e-13,1.508894457068213e-13,3.537029760236844e-14,6.824077708411774e-14,5.3637342535683495e-11,3.336767801547503e-07,2
672,01:21:30,1.3556990718754273e-11,5.222415355781265e-13,3.2839079103768445e-13,8.116080284774836e-14,2.474838383904668e-13,9.473068142485475e-11,1.0766777032174417e-06,2
673,01:22:00,6.8767436103921105e-12,4.581761088766813e-13,2.807050631780271e-13,6.49355852745248e-14,1.2096143904466285e-13,8.222096116707225e-11,6.515263966220103e-07,2
674,01:22:30,4.28992097218891e-12,3.3750392433182595e-13,2.0606420734780172e-13,4.8541158683176276e-14,1.2225199006996706e-13,6.778415494388688e-11,7.850827773729676e-07,2
675,01:23:00,5.8147183455609146e-12,4.0422985426112197e-13,2.0772682266014215e-13,5.39264723211843e-14,2.467982022172921e-13,4.737756826607374e-11,5.169626947706087e-07,2
676,01:23:30,5.982624389206483e-12,7.051243293630177e-13,2.3617481659916455e-13,4.00655770144552e-14,1.142741655921312e-13,6.611782241304823e-11,4.993018015964463e-07,2
677,01:24:00,7.129630128199796e-12,5.174808219812731e-13,2.4069411554479404e-13,5.151550207842938e-14,2.2675976008067632e-13,5.2026407188919225e-11,4.936400814418871e-07,2
678,01:24:30,4.50663382163135e-12,5.408053601800459e-13,1.5882706468256826e-13,4.3144235869318496e-14,1.9141400251164712e-13,6.678757962788239e-11,4.935467639657341e-07,2
679,01:25:00,8.799836743201407e-12,4.764572757120788e-13,2.1464566909932207e-13,5.883541874870156e-14,2.0428514262492976e-13,6.746905042525642e-11,5.637869099337657e-07,2
680,01:25:30,3.6333176661959007e-12,4.109719485031246e-13,1.4939429414188493e-13,4.06314021858022e-14,1.1285876173045247e-13,6.385206974656854e-11,5.758339970777308e-07,2
681,01:26:00,4.7693003034666655e-12,4.825454386241894e-13,1.4536144006473533e-13,3.9359266109172406e-14,8.38249319319967e-14,6.42620361953873e-11,5.430536151768531e-07,2
682,01:26:30,6.5994280188737424e-12,5.998377420135825e-13,1.6022019755341075e-13,3.326699999398811e-14,1.0873657181752811e-13,5.71464480588442e-11,5.019443337872772e-07,2
683,01:27:00,6.1065005509017244e-12,4.616017774296851e-13,2.1394722374174951e-13,2.923709992466392e-14,6.988769104483225e-14,1.7393460401607993e-10,4.974348056913825e-07,2
684,01:27:30,4.5782791017393416e-12,5.896271641121742e-13,1.570418382118609e-13,2.5627874588821407e-14,6.614254495965769e-14,6.384158331446819e-11,5.268354363013867e-07,2
685,01:28:00,6.154967232573064e-12,5.883916631355604e-13,1.4627597047204045e-13,3.906763961720448e-14,1.717472709609908e-13,8.91248669772495e-11,5.039943891734067e-07,2
686,01:28:30,6.879046309169664e-12,6.378794281283021e-13,2.0545156063749957e-13,3.475889735225962e-14,9.604180735263444e-14,8.035194569073299e-11,5.245945911363477e-07,2
687,01:29:00,7.760066321333534e-12,5.628928124379719e-13,1.785573353982269e-13,3.591516300043599e-14,1.2168389966539042e-13,9.990767580180003e-11,5.211332654489773e-07,2
688,01:29:30,7.385581108205485e-12,6.266031836356195e-13,1.5896527149245873e-13,3.81155037200659e-14,1.5256069661085045e-13,8.763484963576631e-11,5.294364736121632e-07,2
689,01:30:00,9.111542591901113e-12,6.414530879254009e-13,1.588806468082338e-13,4.077106113161881e-14,1.4659766865672834e-13,6.796078864429106e-11,5.397969570798447e-07,2
690,01:30:30,9.157431821928574e-12,5.962908832146916e-13,1.993412488303868e-13,3.195369770123527e-14,8.562644041873871e-14,1.0767750428995332e-10,4.918047505518063e-07,2
691,01:31:00,4.8882153943364964e-12,4.522413124668265e-13,1.7238776384774107e-13,2.95103604731683e-14,8.592474481689592e-14,8.754655977237901e-11,5.107392153553875e-07,2
692,01:31:30,9.597078847787676e-12,4.667839788934198e-13,1.555429466407201e-13,3.311464560136611e-14,9.032791843177632e-14,1.0636733552259748e-10,5.15587339017379e-07,2
693,01:32:00,6.643911641649431e-12,5.139846307033732e-13,1.7691472955308053e-13,2.8412842535138346e-14,8.149685459982611e-14,6.072047489056558e-11,8.235751528415903e-07,2
694,01:32:30,8.205115260969177e-12,5.045720308846819e-13,1.4398203795140027e-13,3.0186350612181416e-14,7.664282579823363e-14,7.601514697812053e-11,4.86861560253249e-07,2
695,01:33:00,5.841593106154068e-12,6.438740648874612e-13,1.353380545351838e-13,3.069594108288061e-14,7.937967547122464e-14,6.094617492372355e-11,4.212128540643186e-07,2
696,01:33:30,1.044156262732588e-11,6.869593403332285e-13,1.7719592871921223e-13,3.165568973168556e-14,9.470446593206334e-14,9.995075100614046e-11,2.9956508474531444e-07,2
697,01:34:00,7.280661036372749e-12,6.93790479443036e-13,1.8995770750570124e-13,3.1090767233992834e-14,1.217840065514883e-13,8.232945260482992e-11,3.0401625137352935e-07,2
698,01:34:30,8.594156065885914e-12,6.079114611287557e-13,1.3099777942865018e-13,2.6859908942242245e-14,8.354849936527703e-14,1.0535705112678988e-10,3.5276206554184726e-07,2
699,01:35:00,8.768008908402535e-12,6.135259468051146e-13,1.857912191401455e-13,3.926855547814956e-14,1.6257180147768802e-13,8.440068089525522e-11,3.1320152631974816e-07,2
700,01:35:30,9.285743888804362e-12,5.505079833147385e-13,1.642279549876534e-13,2.6846962377629932e-14,6.690203031524863e-14,9.015995167280704e-11,3.77313027115507e-07,2
701,01:36:00,9.677598570132845e-12,7.589834983338142e-13,1.639766836125993e-13,2.4871813028073683e-14,6.312801092539396e-14,6.116869190094609e-11,3.165084737708653e-07,2
702,01:36:30,8.521387741841327e-12,5.706220577759839e-13,1.8636224099112037e-13,2.6098449598021214e-14,8.050028657495459e-14,8.730900916805546e-11,3.1717819554660455e-07,2
703,01:37:00,8.008363550666446e-12,5.401678366773134e-13,2.460663993323448e-13,2.8153303588460862e-14,9.736163493687747e-14,9.756572028313445e-11,3.447557501126045e-07,2
704,01:37:30,7.0622477797092e-12,7.123645876359278e-13,1.3413085818986084e-13,2.5417042916920754e-14,7.703418083383443e-14,9.352073299745612e-11,3.93847363078662e-07,2
705,01:38:00,9.904196833939943e-12,5.700057371687029e-13,3.351904068348961e-13,9.294034414829022e-14,1.6304298621128819e-13,7.16363797038181e-10,1.0813156103527318e-06,2
706,01:38:30,7.525925916636677e-12,5.832000188903198e-13,1.7470228888043404e-13,4.738618099735658e-14,1.0893302047958935e-13,7.27340581895584e-11,6.484668084559096e-07,2
707,01:39:00,5.06992359268862e-12,4.1543330191932894e-13,1.490963859980009e-13,4.5894215476635274e-14,1.2486906344341733e-13,8.999650819459806e-11,5.662326126839669e-07,2
708,01:39:30,9.094462578928555e-12,4.852564272331289e-13,1.5400746217415237e-13,3.452630253831623e-14,1.0619688143328736e-13,7.787743332550722e-11,5.261617272065078e-07,2
709,01:40:00,7.59097819601851e-12,6.42913706534622e-13,1.7044304526351587e-13,4.214112425561486e-14,9.39278041598509e-14,6.604842731806544e-11,5.135223693883093e-07,2
710,01:40:30,5.827478363027923e-12,5.111320508722677e-13,1.96114420987451e-13,4.036911535351209e-14,1.0632818451872238e-13,7.918373687022028e-11,5.26262240322859e-07,2
711,01:41:00,7.47983715140551e-12,6.15316603683303e-13,1.862921535242884e-13,4.3120580643597856e-14,1.8972902042674158e-13,5.62567927261555e-11,4.682826455001154e-07,2
712,01:41:30,5.965855899203634e-12,5.948912364427478e-13,1.3419115655037854e-13,2.8251310250399765e-14,7.512666977712947e-14,4.7019641724958934e-11,4.795939046795277e-07,2
713,01:42:00,1.0999775341121002e-11,7.727229309152694e-13,2.0248739294575269e-13,3.4887164489663763e-14,8.997149051924304e-14,9.284480568609319e-11,4.706385784328069e-07,2
714,01:42:30,6.074594810051795e-12,5.841386547328116e-13,1.5649598485819156e-13,2.352625691507327e-14,5.1296109103754766e-14,1.0019227453048806e-10,4.3208178273411006e-07,2
715,01:43:00,1.3076883830813852e-11,7.33945846434252e-13,2.8557368701967673e-13,3.5707000320728166e-14,1.0520021887496172e-13,8.934388963394749e-11,4.710711684898761e-07,2
716,01:43:30,6.893946442560556e-12,5.377140871917382e-13,1.5472474431443269e-13,2.5458227300877242e-14,5.464566487449705e-14,7.937527328946231e-11,4.4511279964689154e-07,2
717,01:44:00,5.173895574980478e-12,5.543181523845481e-13,1.683981704892919e-13,3.14600162031082e-14,9.965330065984025e-14,7.770642579293974e-11,4.457938618697269e-07,2
718,01:44:30,8.135050662875197e-12,6.509453039809608e-13,2.0734802355261668e-13,3.169893859968317e-14,1.0108390513528319e-13,1.0637912398521916e-10,4.209543313843672e-07,2
719,01:45:00,9.826722185965932e-12,4.650823429811054e-13,1.511479856687519e-13,2.870335803219347e-14,9.355310194045351e-14,7.482173819201531e-11,4.050691681778285e-07,2
720,01:45:30,8.890106793947959e-12,6.140187849772192e-13,1.4568695440268286e-13,3.292264400225779e-14,9.348728556367218e-14,9.810008895158541e-11,3.000886084703387e-07,2
721,01:46:00,5.965956801935838e-12,6.003746374986061e-13,1.4463519511606276e-13,3.381838346648097e-14,1.0125619844310292e-13,7.406369597253109e-11,2.7411848042634997e-07,2
722,01:46:30,9.70464505731176e-12,6.825819364690983e-13,1.8575604288966708e-13,2.6302713465534834e-14,9.922610386984304e-14,9.2797779134522e-11,3.0730649663716043e-07,2
723,01:47:00,1.192812225889536e-11,3.733403463556966e-13,1.583349187777686e-13,3.130536776323904e-14,9.460240770865368e-14,1.111431687319779e-10,4.436410433673425e-07,2
724,01:47:30,1.083107009881895e-11,7.097599837959285e-13,1.5939219375038036e-13,3.936586872962569e-14,1.1232273794004865e-13,7.722893194773015e-11,4.553725065257557e-07,2
725,01:48:00,6.847292732962223e-12,4.893713435475943e-13,1.5089283340903343e-13,2.7578978515523838e-14,7.7555493477633e-14,9.780933858957011e-11,2.8794519176725383e-07,2
726,01:48:30,7.499525331541869e-12,5.322465489289646e-13,2.0554750775991755e-13,2.5719659876725228e-14,7.952848983055293e-14,8.643684737171776e-11,2.532933195857029e-07,2
727,01:49:00,8.707710433211983e-12,5.547620958440641e-13,1.7877834677060932e-13,2.800448498873236e-14,7.935449652751907e-14,7.683437485910358e-11,2.7806637989105076e-07,2
728,01:49:30,1.1538785828226697e-11,7.380625235017242e-13,2.1101399290600593e-13,3.8146140767604986e-14,1.3364679529534197e-13,1.5005392337584371e-10,2.7380467029631037e-07,2
729,01:50:00,7.636158370638027e-12,5.759222377681872e-13,1.3963197606165904e-13,2.638924540793666e-14,7.77490445039746e-14,8.95070436980027e-11,2.7339182152218997e-07,2
730,01:50:30,6.774534833767466e-12,5.541783187298809e-13,1.5091670581176464e-13,2.572417794013415e-14,6.567499227426086e-14,1.1297251592275955e-10,2.7052327755035166e-07,2
731,01:51:00,1.7682602134352123e-11,7.202566268597402e-13,2.061867427684698e-13,2.6076655392870083e-14,8.526917621952494e-14,1.6124892483932007e-10,2.661929465700937e-07,2
732,01:51:30,6.085904168439143e-12,6.523808438472653e-13,1.7077851395606359e-13,2.3886103628389164e-14,5.8093306714874e-14,9.19877419853585e-11,2.6137663544700766e-07,2
733,01:52:00,1.0982655152431003e-11,5.728641398393118e-13,1.5445677285969976e-13,2.9588786069446266e-14,1.0427713402277959e-13,1.1461902072435255e-10,2.840460277560906e-07,2
734,01:52:30,1.0544677723472826e-11,6.967137365883468e-13,1.7270276132679972e-13,2.983587829960261e-14,9.250164989281193e-14,1.1794661479139142e-10,2.872728730047508e-07,2
735,01:53:00,5.73270917887696e-12,5.469180341224846e-13,1.5612996088096204e-13,2.99180377496484e-14,9.962350456219953e-14,1.2270631754844597e-10,2.5721014493573996e-07,2
736,01:53:30,9.912832902545747e-12,4.84597168215089e-13,1.8195790906150738e-13,3.0691023042827806e-14,1.0810876522098968e-13,1.3910741231062134e-10,2.718512826728278e-07,2
737,01:54:00,1.4338259916432656e-11,5.77429566617284e-13,1.4859346780441246e-13,2.3112790039690462e-14,6.783972630365508e-14,1.284057191601751e-10,2.5429630814489737e-07,2
738,01:54:30,7.549099339499777e-12,5.421510317803485e-13,1.2989145003627666e-13,2.4346873695742726e-14,6.405042645330666e-14,6.500656568358096e-11,2.4973102312799394e-07,2
739,01:55:00,1.2509452718494505e-11,6.933431868953816e-13,1.7409539548009397e-13,2.8293410557972378e-14,7.2384809576585e-14,1.172750341618846e-10,4.5205610582593097e-07,2
740,01:55:30,8.294092849565003e-12,6.222103735255074e-13,1.6353062651866182e-13,3.0904872957364674e-14,8.221406667575345e-14,9.261495012768393e-11,3.3989441811222053e-07,2
741,01:56:00,9.080824206379763e-12,6.428394504008336e-13,1.5135528990147976e-13,3.0861095875977723e-14,6.996200633070789e-14,8.859386816235734e-11,2.771077257989964e-07,2
742,01:56:30,7.000986842699214e-12,5.677121087594868e-13,1.760414373160184e-13,2.9198572059943725e-14,9.639663240250589e-14,6.940800398128731e-11,2.7803676261113366e-07,2
743,01:57:00,8.9219132351376e-12,5.456686012910451e-13,1.276239406192319e-13,3.12677339345494e-14,1.2927143299157272e-13,5.868793958443227e-11,2.79548014169601e-07,2
744,01:57:30,1.4503222309531832e-11,7.200624429433756e-13,2.3630169039083264e-13,3.774761251877767e-14,1.2259853508703006e-13,1.1130783050384255e-10,2.648889166393385e-07,2
745,01:58:00,8.250235311658609e-12,6.787577891352743e-13,3.0512463180513014e-13,5.126399540800636e-14,1.0833085266292178e-13,8.624444537537895e-11,1.1150065130535104e-06,2
746,01:58:30,6.177188016685985e-12,5.837291138539718e-13,1.32728169613645e-13,3.206534956422235e-14,9.459510704799035e-14,6.96056140997114e-11,4.389744078220664e-07,2
747,01:59:00,8.011496601075414e-12,6.1409952064686e-13,1.120509680755233e-13,3.452452151665938e-14,1.3702626816405642e-13,6.191440297850615e-11,3.5623228818895314e-07,2
748,01:59:30,1.1251040097276205e-11,6.621594786811665e-13,1.6578770162538595e-13,2.9700297776214644e-14,7.447721284057802e-14,8.642597934827733e-11,5.062879852183395e-07,2
749,02:00:00,8.301469633385625e-12,6.028108155878073e-13,1.6673484164685412e-13,3.245068346647246e-14,1.0234291569921572e-13,8.276189757110704e-11,4.1288823219436514e-07,2
750,02:00:30,8.14638558505695e-12,5.474873092798545e-13,1.6289735225956156e-13,3.114019167277945e-14,7.946312154841939e-14,4.9357876728058616e-11,4.83450498311274e-07,2
751,02:01:00,4.195541583774216e-11,6.120234825769346e-13,2.280747487456912e-13,5.826434338625803e-14,1.3317435499613608e-13,1.1203634131843093e-10,1.3539452301560934e-06,2
752,02:01:30,9.866944799524364e-12,6.90957128015617e-13,3.3073685953474054e-13,6.730432987881803e-14,1.7100619735430751e-13,1.1746340643262013e-10,1.927276143822151e-06,2
753,02:02:00,7.349973614774247e-12,4.879159499239014e-13,1.8501829772578664e-13,6.598573117213018e-14,1.9207487333087238e-13,5.1632085179882045e-11,2.00137488135654e-06,2
754,02:02:30,8.488212815647971e-12,6.748638788515308e-13,1.8900658047599625e-13,5.054046826469203e-14,1.1029562469223794e-13,6.840967307858196e-11,2.053981216168013e-06,2
755,02:03:00,9.92583274090513e-12,7.041426725953096e-13,2.30558023347203e-13,5.76431105139201e-14,1.2934344269818326e-13,5.6337999300292345e-11,1.7417686411476807e-06,2
756,02:03:30,9.76884673606907e-12,7.908954640392323e-13,3.1747034415046957e-13,7.79836350925198e-14,2.0363355268471246e-13,6.07036063544079e-11,1.6788742393311454e-06,2
757,02:04:00,1.6339262220068386e-11,6.585093248751664e-13,2.5835513652011454e-13,5.3289257079842695e-14,1.6166566237770877e-13,1.1236493055426125e-10,1.2630414817293032e-06,2
758,02:04:30,6.730267298584726e-12,5.7064965671559e-13,1.9533819338049823e-13,5.930387182819442e-14,1.3983598465509618e-13,5.1798704189924765e-11,1.0317081539956123e-06,2
759,02:05:00,6.926417201912548e-12,5.915321352046769e-13,1.4850959270211396e-13,4.67026590709157e-14,1.423169361685024e-13,4.1695441769633865e-11,7.555502975109644e-07,2
760,02:05:30,1.0583264849146083e-11,3.734122415173765e-13,1.7316634744588338e-13,5.5615495008720823e-14,1.4684210452462424e-13,4.910290166474541e-11,8.270873134263928e-07,2
761,02:06:00,9.584006905455326e-12,3.860362570625347e-13,1.0678900998859608e-13,4.4109524780656214e-14,1.1438064487127147e-13,6.350786799980129e-11,7.085997446976712e-07,2
762,02:06:30,7.674088889347009e-12,4.28580237152821e-13,1.1622282182842845e-13,2.9197631199149275e-14,6.178872785561313e-14,4.0416867704644696e-11,4.880019499334354e-07,2
763,02:07:00,1.2242161049538536e-11,4.896455730089813e-13,2.1752108799898314e-13,6.196486867213789e-14,1.5646108784729794e-13,5.44208010872702e-11,5.511462274583252e-07,2
764,02:07:30,9.105997798053054e-12,6.307613089247929e-13,1.4540923629447475e-13,6.165373281071931e-14,1.5890776031615033e-13,7.14830701466058e-11,6.43397313868064e-07,2
765,02:08:00,8.294880418100353e-12,4.144430551304129e-13,1.6082396237377623e-13,4.619776224935832e-14,1.3117558012912766e-13,4.1706323119896425e-11,5.697637971527564e-07,2
766,02:08:30,7.848322863665895e-12,3.995536083943793e-13,2.810144528453357e-13,3.1289762072523464e-14,8.207763920381885e-14,4.004056230972681e-11,4.658462323095631e-07,2
767,02:09:00,8.177309617458013e-12,6.982322233761307e-13,2.2193101939156063e-13,7.536812860090233e-14,2.5004220121557944e-13,6.19214342098577e-11,1.409450009141497e-06,2
768,02:09:30,4.560882743098436e-11,1.1833028447862114e-12,5.843429779837948e-13,6.336517737011753e-13,7.020482260270896e-13,1.5097735745243233e-08,3.051531142035221e-06,0
769,02:10:00,9.119836756365985e-12,5.167909545401918e-13,2.5817213315610895e-13,1.068484277167961e-13,1.4420871571347724e-13,3.7540195021129664e-10,2.620902704184028e-06,1
770,02:10:30,5.372540636594241e-12,3.73814618835402e-13,1.723946568525993e-13,8.000899617875578e-14,2.0363590430332283e-13,1.85716062837433e-10,2.2620711906608024e-06,1
771,02:11:00,4.756543529561387e-12,4.4364384060562357e-13,3.2877194506856864e-13,9.807791967109272e-14,2.491679740148111e-13,1.8683686690226838e-10,1.9171224241531476e-06,2
772,02:11:30,6.710787741768642e-12,6.636947873644976e-13,2.1594162739167164e-13,5.077975036379539e-14,1.3363780147746293e-13,4.0597956939277527e-10,1.3736697751472372e-06,2
773,02:12:00,6.20064123813427e-12,5.466357272862007e-13,2.2724370381168422e-13,5.5241518675786e-14,1.6094034114369663e-13,8.212850159092094e-11,1.1970398174383752e-06,2
774,02:12:30,8.199591983739599e-12,4.857556681070268e-13,1.5560275408205412e-13,6.341241795854743e-14,1.4981895465358728e-13,7.589728811709334e-11,9.470383943699678e-07,2
775,02:13:00,1.0104199955317334e-11,5.027283702412625e-13,2.0268989656044174e-13,6.024343436692365e-14,1.8666007716236698e-13,1.6135981621562817e-10,1.1583973034804103e-06,2
776,02:13:30,5.968117400194019e-12,3.553486562580776e-13,1.6722142605491618e-13,4.718677002146986e-14,1.1893720059077687e-13,5.0603237381549155e-11,9.71281627779499e-07,2
777,02:14:00,5.431279007201792e-12,4.387869650189491e-13,1.5056352068659494e-13,5.1475293987562106e-14,1.3729066284804467e-13,7.99609216259436e-11,9.676296417495114e-07,2
778,02:14:30,5.485466004290066e-12,3.940925399547131e-13,1.516613725629884e-13,5.2344453539244874e-14,1.4403195147943076e-13,7.040834923315641e-11,9.739194170298962e-07,2
779,02:15:00,5.4778578815071765e-12,5.633009114641677e-13,1.51989779823194e-13,6.381792968186999e-14,2.7864771521544636e-13,4.9061029539272015e-11,9.491962233005304e-07,2
780,02:15:30,9.295940161250726e-12,7.368024537348217e-13,2.220305622717632e-13,6.087133224093005e-14,2.1006252498042144e-13,7.205300471606627e-11,9.158686088911252e-07,2
781,02:16:00,7.187827790204271e-12,4.958508695119871e-13,1.7264298874630786e-13,5.423673693805084e-14,1.2634547518562334e-13,5.1222403758471414e-11,8.831280085818662e-07,2
782,02:16:30,7.9881820207625e-12,5.320214423276007e-13,1.9297706633712185e-13,5.05652613138626e-14,1.3704857080600736e-13,7.471054660127465e-11,9.60316710440755e-07,2
783,02:17:00,3.834582714609821e-12,4.2261862983406257e-13,1.461530826525354e-13,4.3882976537424687e-14,1.0987586801703424e-13,4.669204178355745e-11,9.102407773848889e-07,2
784,02:17:30,5.231550570676418e-12,3.799396330700818e-13,1.6398066647102356e-13,5.140404081322452e-14,1.2370245058377355e-13,5.365125307261437e-11,9.341028919700954e-07,2
785,02:18:00,1.0086276966105336e-11,6.120782600830098e-13,2.5135129236720986e-13,7.007527381186988e-14,1.3284999179267856e-13,9.107999393684337e-11,1.0854444755465117e-06,2
786,02:18:30,4.305475971449164e-12,4.0825044518658715e-13,1.1367772909124694e-13,4.5325484797103265e-14,1.5626355419652543e-13,6.434983499314361e-11,1.0628695869097566e-06,2
787,02:19:00,7.777548517517675e-12,4.992792225122034e-13,1.7910016070091741e-13,5.321528993491267e-14,1.4668599014279527e-13,4.533565323712467e-11,9.053438256406734e-07,2
788,02:19:30,7.723359480098001e-12,4.960996023633747e-13,1.865569158800083e-13,4.925699314287819e-14,1.5343927529796297e-13,5.555099156609664e-11,1.062217389120475e-06,2
789,02:20:00,5.581948867019624e-12,4.409776568275361e-13,1.898477538411471e-13,4.873262543551251e-14,1.3837039574739528e-13,5.113682423753318e-11,9.985294826535588e-07,2
790,02:20:30,9.563993476331545e-12,4.4154774941175184e-13,1.6715188803038062e-13,3.716166458924745e-14,9.928136253544077e-14,3.379852981629428e-11,9.364274340289385e-07,2
791,02:21:00,9.743131289139634e-12,4.723033058915259e-13,2.0730859446555677e-13,5.6359596082532864e-14,9.536434389256126e-14,6.700712658397401e-11,1.3880675139895228e-06,2
792,02:21:30,5.59720114323819e-12,4.297795030282434e-13,1.229815213511941e-13,5.092544433369089e-14,1.5578280812079318e-13,5.055836419455497e-11,1.4170237426500056e-06,2
793,02:22:00,5.556214576982898e-11,9.468058114895992e-13,5.524008490072075e-13,5.300995234825631e-13,5.588011032460976e-13,2.730862171284602e-09,2.8739818631617374e-06,0
794,02:22:30,5.271693536735232e-12,4.115479494993751e-13,2.089575547826529e-13,7.585172503181668e-14,1.192018753260094e-13,2.3645097421910515e-10,3.341888361660414e-06,1
795,02:23:00,7.261018991776305e-12,4.3290492075606754e-13,2.1210079716831687e-13,6.786692723599723e-14,1.8711975801764301e-13,1.2248562393036762e-10,2.970815485484894e-06,2
796,02:23:30,5.9555071005392005e-12,4.4646974767325693e-13,1.8172722497538243e-13,6.77790193906559e-14,1.6472048223246348e-13,9.584187004870811e-11,2.8850825683141116e-06,2
797,02:24:00,7.775507764481733e-12,4.179114963087858e-13,1.4072762283002746e-13,5.1222633539300985e-14,1.2730497180578273e-13,6.461456373545415e-11,1.8019916486178797e-06,2
798,02:24:30,1.1211460159072315e-11,8.097002542215269e-13,2.027063835983527e-13,5.4497428979072155e-14,1.748739130577215e-13,6.278605691186417e-11,8.726053336702659e-07,2
799,02:25:00,6.916083080346597e-12,4.882101327067397e-13,1.7852480492524917e-13,4.775363360807163e-14,1.1070592877946818e-13,3.4296503849749264e-11,7.6357207473805e-07,2
800,02:25:30,5.6496494035803995e-12,4.2675210331648436e-13,1.6272262773016355e-13,3.8557562060538e-14,7.482739775460155e-14,5.59101011403169e-11,7.237788552911898e-07,2
801,02:26:00,9.16813915601145e-12,3.9207228794574475e-13,1.6288846231120736e-13,5.234361689659204e-14,1.5580541078102437e-13,5.5554048988969336e-11,7.932732463664585e-07,2
802,02:26:30,3.408587669714259e-11,8.581296788567522e-13,3.517284313282963e-13,3.6318470836290107e-13,3.957748939820193e-13,8.819019830132189e-09,1.7436805124637761e-06,2
803,02:27:00,7.677725617889115e-12,5.332466300365861e-13,3.0683709046524334e-13,1.1431425541517284e-13,1.8549393859921817e-13,2.2745393294967284e-09,2.0284559956618447e-06,1
804,02:27:30,5.6780506890877324e-12,3.983525066023765e-13,2.101358521008365e-13,8.091400275836359e-14,2.481029445573964e-13,1.0831965432642077e-10,2.2542743842284765e-06,1
805,02:28:00,3.6691404309849884e-11,5.113422980302118e-13,2.3776065961703087e-13,1.0490275255561038e-13,1.9946217218310686e-13,6.085671299131841e-10,3.225695562154347e-06,1
806,02:28:30,7.532279005168683e-12,4.891633038421995e-13,1.5497530365721108e-13,5.078216144829161e-14,1.459967933864666e-13,7.564871947928783e-11,2.071394066485998e-06,1
807,02:29:00,1.1218573057587222e-11,5.394728761673899e-13,2.4863267958059923e-13,5.6320779171786414e-14,1.5197920776265275e-13,4.190550891292274e-11,1.5120240704957054e-06,2
808,02:29:30,4.960072970837334e-12,4.89064706320148e-13,1.3570298804972967e-13,4.6477665000769365e-14,1.084559992795893e-13,5.851331159852167e-11,1.2496366373737962e-06,2
809,02:30:00,7.427977829194192e-12,4.2496947160988483e-13,1.5966328766113137e-13,3.5412286259205976e-14,8.017438941240173e-14,5.3389468225310543e-11,1.0056589334760136e-06,2
810,02:30:30,8.561524603146023e-12,3.217053790414994e-13,1.765515755672944e-13,5.909228734198981e-14,1.6037265446987925e-13,3.3919560238872786e-11,1.0298071981482622e-06,2
811,02:31:00,4.965146750290332e-12,3.809728755965231e-13,1.8015500896190564e-13,4.241275553918754e-14,9.498034810263315e-14,2.717112596849645e-11,9.478135925254053e-07,2
812,02:31:30,7.286694292588846e-12,5.353971788863106e-13,2.0992403756905578e-13,4.4456111501871125e-14,7.23245609462877e-14,3.8852169961581983e-11,1.2827464465815982e-06,2
813,02:32:00,6.96559757972182e-12,3.083085997509052e-13,1.203369301713718e-13,5.2643773456508965e-14,1.8036831039728745e-13,2.7956180934552305e-11,9.978636009324432e-07,2
814,02:32:30,1.1807961639800855e-11,6.070347275536232e-13,2.6469562016293527e-13,6.972838481791739e-14,1.405557333414033e-13,6.006905149598143e-11,9.768848042936429e-07,2
815,02:33:00,7.936240815919232e-12,4.4782313247078903e-13,1.907450225667776e-13,4.940718852598705e-14,1.3623096438448363e-13,3.568294868351999e-11,1.0140195033271507e-06,2
816,02:33:30,6.615305060754023e-12,5.371059435362982e-13,1.5512529778698576e-13,5.048786313217302e-14,1.260006730171698e-13,4.0471282118880227e-11,1.0981077750848545e-06,2
817,02:34:00,8.542499855833346e-12,5.822116619675956e-13,1.892667839350095e-13,4.773048687838747e-14,1.176397100698833e-13,5.008855884290543e-11,9.940072746998348e-07,2
818,02:34:30,1.3330049715148904e-11,4.351555463699529e-13,1.6978435973210802e-13,4.6514263378141735e-14,1.287973964729149e-13,3.4352671546256e-11,1.006984124293446e-06,2
819,02:35:00,9.276295758929951e-12,5.170461243174012e-13,1.3491786426121164e-13,5.544591774202626e-14,1.819816931280293e-13,3.424030544602322e-11,8.686156825448528e-07,2
820,02:35:30,1.0184433353186328e-11,4.1887191934796496e-13,1.5385521802787469e-13,5.838597080807388e-14,2.0519373116923389e-13,3.434469722012564e-11,9.545033969108047e-07,2
821,02:36:00,1.2493625208938841e-11,5.766724429903931e-13,1.7648130220121063e-13,5.84182442856048e-14,1.584652133182293e-13,4.3189515823535195e-11,7.011566668985261e-07,2
822,02:36:30,6.4956480147864506e-12,4.2469430106305304e-13,1.6039659133044895e-13,4.82430053183894e-14,1.330856711975988e-13,4.1387753794099534e-11,7.252924992813134e-07,2
823,02:37:00,6.539392021050623e-12,4.4846426826296766e-13,1.5223967957636289e-13,4.9416341242110836e-14,1.5501372266494076e-13,4.1348476206543804e-11,7.270179193495688e-07,2
824,02:37:30,7.38881685386958e-12,3.493592415908102e-13,1.5808264916141302e-13,4.9386840849648147e-14,1.7348229594813789e-13,3.155269855551408e-11,6.343589475527037e-07,2
825,02:38:00,9.39337983079368e-12,7.663608980584407e-13,1.967134894642342e-13,4.690216052795514e-14,8.701703878606173e-14,2.8975332137109277e-11,5.347725242999545e-07,2
826,02:38:30,1.550137212552844e-11,5.781266463103394e-13,1.841866381645478e-13,4.70249907760236e-14,1.5074698421862188e-13,4.736152610394446e-11,5.66929673283925e-07,2
827,02:39:00,1.109906200098348e-11,3.6698150271197513e-13,1.3259414111467296e-13,4.883186361190104e-14,1.5119261008500377e-13,3.8543634788859675e-11,5.667501174519782e-07,2
828,02:39:30,1.219328236982281e-11,4.532360810041044e-13,2.2016920305975745e-13,5.445455229974987e-14,1.665250343701979e-13,2.993070880414915e-11,5.635728366409681e-07,2
829,02:40:00,1.1471554042635403e-11,7.747052000640636e-13,1.7160323553579435e-13,6.379571735483886e-14,2.305924279484679e-13,5.392938984736916e-11,5.576482494376664e-07,2
830,02:40:30,9.777613345740174e-12,5.353541264386746e-13,1.635181366910544e-13,3.807981840049026e-14,7.8265670951874e-14,3.4931297174999075e-11,5.419833219106924e-07,2
831,02:41:00,1.3146040003450485e-11,8.668190377862556e-13,1.5549246407303217e-13,5.763754373348312e-14,1.5171879075378425e-13,3.677650775414408e-11,5.676263428654763e-07,2
832,02:41:30,9.66169314499829e-12,4.858655743865629e-13,1.7856037539669797e-13,4.7776603581563335e-14,1.500537854803655e-13,2.875505076206189e-11,5.55300754335382e-07,2
833,02:42:00,8.384521193383515e-12,5.213912560133691e-13,2.726506419110172e-13,5.0174698272579806e-14,1.4456904916556474e-13,3.855657360610838e-11,5.535022786750514e-07,2
834,02:42:30,9.542437455956516e-12,5.057603228082162e-13,1.6986220617539012e-13,5.6647623329143525e-14,1.6464476311949092e-13,4.94428925244211e-11,5.346509563496473e-07,2
835,02:43:00,1.3053265385158505e-11,7.410580439699177e-13,2.1127033634357493e-13,4.658157509589783e-14,1.0559815545471597e-13,1.05970279516002e-10,5.568411009683462e-07,2
836,02:43:30,1.0133229739502902e-11,5.302360216271914e-13,3.2683546309619735e-13,8.209563664590497e-14,1.7080563388172009e-13,1.4602388506418168e-10,5.567419147637556e-07,2
837,02:44:00,6.686228994469245e-12,4.917450292108295e-13,1.3138906618684327e-13,7.060118977708243e-14,1.1686868010782446e-13,1.5608648598973213e-10,6.500811573943839e-07,2
838,02:44:30,5.636992331536574e-12,3.1623105076291423e-13,2.7766588479907796e-13,8.369032859940384e-14,1.5514394732774337e-13,9.207724628317587e-11,1.2116078255699307e-06,2
839,02:45:00,1.159085107974652e-11,4.709776961635101e-13,2.076365969083901e-13,6.287693456658875e-14,8.773609503357959e-14,1.6342432618848534e-09,6.026033858935387e-07,5
840,02:45:30,1.5841126839552308e-11,3.5598598956360665e-13,1.5870607336668212e-13,4.0301648042579325e-14,5.466676795250972e-14,3.7240884841265435e-09,6.967642132367264e-07,5
841,02:46:00,4.2167676688335215e-12,2.2832070737931023e-13,1.6464895969980114e-13,5.3442802911584764e-14,1.01201102842978e-13,9.232406691391057e-11,1.054444223204794e-06,5
842,02:46:30,1.8806314113427234e-11,2.5583169150606594e-13,2.3768771613736777e-13,1.1070340777243882e-13,2.10047354722342e-13,6.836987038619277e-09,3.399080080684556e-06,1
843,02:47:00,4.902306638326794e-12,2.5964147830240246e-13,1.999770548728379e-13,9.036365625344688e-14,1.4900005847199802e-13,7.222007139627544e-11,3.2848173726895816e-06,1
844,02:47:30,1.3931758394486254e-11,6.069444799132039e-13,2.7041885616364254e-13,1.1606032418205774e-13,1.3689425708424966e-13,9.806712083690647e-11,3.074196766001554e-06,1
845,02:48:00,1.1152950043462144e-11,8.91128961171262e-13,2.748553055874933e-13,1.0521720234698489e-13,1.8955399190667717e-13,4.4366053630232e-11,3.304676698574334e-06,2
846,02:48:30,5.174825114008129e-12,4.4363133232130967e-13,1.9223370544896693e-13,9.2224105566739e-14,1.4688358255251066e-13,5.412511866273706e-11,3.3051829908369266e-06,2
847,02:49:00,1.3332212660163416e-11,7.114522496806386e-13,3.682600462035912e-13,1.0959073621094521e-13,1.733575603097201e-13,4.9418483783363665e-11,3.3058088755251446e-06,2
848,02:49:30,2.0463916253493245e-11,5.467910481768534e-13,3.6304463342436206e-13,2.6690041196535313e-13,3.237416746917384e-13,2.9211811669181158e-09,3.239598040210886e-06,1
849,02:50:00,4.424178357979118e-12,3.080604167867535e-13,2.358728288680674e-13,6.987797826889702e-14,1.0191288041682997e-13,1.2480781080203225e-10,2.2408071657812437e-06,1
850,02:50:30,6.609763142958432e-12,6.090809753332959e-13,2.023118603419505e-13,7.23229070659677e-14,1.5544438049804127e-13,8.454430203047582e-11,1.6746605511753712e-06,2
851,02:51:00,5.878488283574812e-12,3.4371465794498463e-13,2.29625798712183e-13,6.285946152860876e-14,1.0661954269766775e-13,1.8857904412694842e-10,1.6443943574146616e-06,5
852,02:51:30,1.5995735447881928e-11,3.6572493178204985e-13,1.2461721548827966e-13,3.7844039876566755e-14,7.271782788821799e-14,3.6719658506184933e-09,1.7983642149664428e-06,5
853,02:52:00,1.3736680217804528e-11,3.699525236359723e-13,1.4406939919045066e-13,3.947212861399098e-14,6.126732039739242e-14,2.4173299311656152e-09,1.766587371791809e-06,5
854,02:52:30,2.4748816612399683e-11,6.217711518979239e-13,2.681104476996324e-13,1.1661154445930546e-13,1.2613105677046366e-13,3.439405466065015e-09,2.6185518072666506e-06,5
855,02:53:00,6.5009877423463685e-12,3.0194501240251243e-13,2.2204548062852643e-13,9.73051763785726e-14,1.1985872625265233e-13,2.092318602521141e-10,3.389983182741672e-06,5
856,02:53:30,5.975845070941548e-11,1.0158937771242452e-12,3.725951676742074e-13,2.8396155226028003e-13,3.875796370861686e-13,4.849263482413703e-09,3.254102723587385e-06,1
857,02:54:00,3.81880925928823e-12,2.6248964985851e-13,1.8608745720828108e-13,9.943247859038863e-14,1.3484052600287994e-13,3.2227116135056494e-10,3.3363933469308004e-06,1
858,02:54:30,4.781007128658287e-12,2.804337828772963e-13,2.4814844550650487e-13,9.427841502330524e-14,1.0335355013395585e-13,9.958554277271087e-11,3.0644261129504274e-06,1
859,02:55:00,5.90527730159056e-12,4.987549306420666e-13,2.408976523580545e-13,1.0747493531420278e-13,1.2761782548577724e-13,5.845141714443544e-11,3.083481697111069e-06,1
860,02:55:30,4.116169108090108e-11,3.090461779321147e-13,2.914358535562562e-13,1.619351796012826e-13,1.7806393483350981e-13,1.7598121294612985e-10,3.0609683929409605e-06,1
861,02:56:00,7.420823239928563e-12,3.135013076288227e-13,2.351428172472309e-13,1.01689625992414e-13,1.4113546636681652e-13,1.6807217536156888e-10,2.7612313138590967e-06,1
862,02:56:30,2.212919684371988e-11,7.954108792166966e-13,2.2600058073435904e-13,8.634126957267552e-14,1.6321068760193932e-13,1.0407992824167291e-10,2.1583397549693735e-06,1
863,02:57:00,8.464164272628145e-12,5.236178673791126e-13,2.0255608572171639e-13,5.960809549803883e-14,1.1677783010310802e-13,5.808079622220102e-11,1.491139404223003e-06,2
864,02:57:30,6.595969447832817e-12,4.2659451650671343e-13,2.297070908672564e-13,4.839209465471342e-14,9.413877932922345e-14,2.8845444930662228e-11,1.4504602157864285e-06,2
865,02:58:00,1.0758719597301363e-11,4.5401433612955376e-13,1.9316453898146993e-13,5.649439599884811e-14,1.6351251510275327e-13,8.951837149680636e-11,1.341990811312104e-06,2
866,02:58:30,1.0394484167017901e-11,4.0122651924938627e-13,1.803046089224773e-13,6.757972194352618e-14,1.203656610321357e-13,7.228750467476146e-10,1.299836694817011e-06,5
867,02:59:00,8.942356250544842e-12,2.7567255382839896e-13,2.0870687138925292e-13,7.62128238838106e-14,1.1420568575271928e-13,1.2649468786190292e-09,1.5169906468056844e-06,5
868,02:59:30,6.1093557081832276e-12,3.7811115010444877e-13,1.7383892205175432e-13,6.568423085261626e-14,8.421231549396351e-14,1.668399969619445e-10,1.4380703207275983e-06,5
869,03:00:00,6.095019020722544e-12,4.3163940500586056e-13,2.154843402406483e-13,7.731111171361821e-14,1.1628076740486614e-13,3.015996110174371e-11,1.3047671767777886e-06,5
870,03:00:30,6.923664455382784e-12,4.832674850105186e-13,1.8427976403573473e-13,5.4176265205477654e-14,8.293404520200816e-14,2.6462873572727647e-10,1.2368446099454595e-06,5
871,03:01:00,2.5343813973358743e-11,8.353780735013881e-13,2.190044669322702e-13,6.051423315174804e-14,1.0525256588481577e-13,6.691859784812824e-09,1.2423597762316806e-06,5
872,03:01:30,9.322533993048667e-12,2.9770206458850504e-13,1.2544516546620353e-13,5.1430395689700054e-14,1.0332183491471705e-13,2.0455238035259783e-09,1.2722764689909117e-06,5
873,03:02:00,6.719256222519115e-12,2.590085737472381e-13,1.0827286977216106e-13,5.067097689154524e-14,7.12963832483231e-14,2.079466638643224e-09,1.2651962391535554e-06,5
874,03:02:30,7.075936813053724e-12,3.626997268601719e-13,1.971358833414057e-13,6.546753459991642e-14,6.631515734841969e-14,8.235157816695721e-10,1.2401246102456653e-06,5
875,03:03:00,8.826127230793057e-12,4.845371255846168e-13,1.2938361141475602e-13,4.2177859682121976e-14,6.763868391060405e-14,5.340904502826474e-09,1.2720293402294394e-06,5
876,03:03:30,2.006116012187673e-11,5.198344486516089e-13,2.70771831706788e-13,7.145038616069884e-14,1.1109673786326527e-13,6.3367451736246255e-09,1.295188184416636e-06,5
877,03:04:00,2.2334106537756243e-11,3.3201981217880424e-13,1.8157691122378886e-13,5.109906344582571e-14,7.19810971614759e-14,5.135714944533145e-09,1.240446704969517e-06,5
878,03:04:30,2.0471108963984442e-11,3.6496216250432193e-13,1.2452885736276777e-13,4.339277579393867e-14,5.3008449000040845e-14,1.972055667019777e-09,1.2481800324751103e-06,5
879,03:05:00,1.8021797496653088e-11,4.3829160621384984e-13,1.2167086436589353e-13,4.095715547125503e-14,7.160273539749617e-14,3.4685751827853674e-09,1.2493046809378767e-06,5
880,03:05:30,9.367220188811116e-12,3.8322864160162267e-13,1.4894528894463284e-13,5.435606314822222e-14,7.334694896088506e-14,1.3051836789675503e-09,1.2192922380636015e-06,5
881,03:06:00,6.422592861920625e-12,2.6882584750931465e-13,1.9580628399331449e-13,4.7632515189586805e-14,8.895715952421292e-14,3.6194540255669876e-09,1.3238647440504812e-06,5
882,03:06:30,6.908241857395377e-11,1.0189361898100841e-12,3.1705775148020773e-13,7.61988199037495e-14,1.142135711579345e-13,4.4935418248992e-09,1.4718647055857013e-06,5
883,03:07:00,1.023791749556729e-11,2.8499118038276263e-13,1.8460673771583882e-13,1.0813177458277381e-13,1.6264025786166772e-13,1.6579563563209315e-10,1.147616257925527e-06,5
884,03:07:30,2.4584822010591268e-11,5.188966847548614e-13,2.1189682201756008e-13,5.863803909858208e-14,9.23294022569158e-14,2.182254906657982e-09,1.6494163358507562e-06,5
885,03:08:00,1.3824243413045618e-11,3.179497634506299e-13,2.6044851824665037e-13,8.114256806291799e-14,1.0134040753292387e-13,5.068719021114423e-10,1.3490499607304252e-06,5
886,03:08:30,9.153928024102269e-12,3.8375656646268764e-13,2.1900899772275922e-13,1.0098244689285715e-13,1.4168173379405044e-13,1.4537028961970535e-10,1.0333779005940052e-06,5
887,03:09:00,1.1057021273907401e-11,4.994042676434518e-13,3.0182514713786826e-13,9.346100619327857e-14,1.6094455017103637e-13,4.3538355804156705e-11,1.1936278381278049e-06,5
888,03:09:30,6.189321926733041e-12,4.460535856196493e-13,2.1203042337207198e-13,7.201121929354156e-14,9.448144956760155e-14,3.195791890651202e-11,1.0141298687517846e-06,5
889,03:10:00,1.3513955451352293e-10,2.203451821556746e-12,5.520367095390009e-13,3.965005359046376e-13,5.106437975004956e-13,1.1388193895735535e-08,2.814482408482321e-06,0
890,03:10:30,1.6501715289769122e-10,3.789685273201649e-12,2.151958944832707e-12,2.7271187360576154e-12,1.2807099644589193e-12,7.973701540386642e-09,3.2282034012280406e-06,0
891,03:11:00,6.195958627241054e-11,3.4653686504607665e-12,5.658462866954252e-13,2.0678748971315551e-13,2.54564669994172e-13,3.998889948889706e-09,3.0500331177600454e-06,0
892,03:11:30,5.097238838683333e-11,2.1422741465971824e-12,4.89209665578714e-13,1.2609260594942343e-13,2.380927021267533e-13,1.073921648370568e-09,3.285603492368149e-06,0
893,03:12:00,4.9493292456168745e-11,1.1178182027232167e-12,2.8287380974864755e-13,6.399911258703616e-14,9.950525299867508e-14,3.106305875845582e-10,3.3842427748047805e-06,0
894,03:12:30,7.032114059350846e-11,2.213496503414152e-12,5.291147536370522e-13,1.273082783641306e-13,2.5388807888965693e-13,2.172407494984275e-09,3.3383145000486963e-06,0
895,03:13:00,7.985237135432379e-11,2.1219906960214546e-12,4.989214182768919e-13,1.617713956942329e-13,3.726916587611773e-13,4.027067796078238e-09,3.3226596393938273e-06,0
896,03:13:30,7.701945395754324e-11,1.7936341202491367e-12,6.559612038644359e-13,2.7236560005046364e-13,3.958323233671911e-13,3.4227186293271633e-09,3.3752413282812864e-06,0
897,03:14:00,6.383186557152104e-11,1.5593819006978505e-12,4.2555353753511475e-13,1.3628912396277278e-13,2.1834719441487297e-13,5.382750410748105e-09,3.3365662833782884e-06,0
898,03:14:30,1.2372065563056832e-10,2.6292475398457486e-12,5.929120642394032e-13,1.6267522484619928e-13,2.922750946922012e-13,4.533556050992927e-09,3.216956025870156e-06,0
899,03:15:00,7.716314227547835e-11,2.337202130408329e-12,8.081398849533238e-13,3.6243006541164096e-13,2.9592335093024324e-13,5.747108013472822e-09,2.8365585975761117e-06,0
900,03:15:30,7.975983416682453e-11,4.674711681568897e-12,1.8875191532691595e-12,2.476352275117628e-12,9.011036321105517e-13,2.1365778531942136e-09,3.2290071202133976e-06,0
901,03:16:00,6.926183421424304e-11,1.8164814395050803e-12,4.662378798075393e-13,2.6673589894421597e-13,3.501613168493203e-13,4.188714635671254e-09,3.3570427123992584e-06,0
902,03:16:30,2.865740700178226e-11,1.0000758660793575e-12,3.5551909127861245e-13,1.779855341609537e-13,1.7802438984529442e-13,2.1227223567883324e-09,3.4065883277281983e-06,0
903,03:17:00,8.32059745701161e-11,2.3136383555059315e-12,4.0847207937702526e-13,2.0700266070050467e-13,2.966869639047458e-13,8.078560360994179e-09,3.4217666104271615e-06,0
904,03:17:30,3.440280186553334e-11,8.155098191033241e-13,3.1027097682414273e-13,1.998996126762683e-13,2.9348182354532047e-13,2.9698590891079872e-09,3.395466552302905e-06,0
905,03:18:00,1.6125531673226767e-11,4.560596087859387e-13,2.3404942086544875e-13,1.4603511492205275e-13,2.0633486691988036e-13,1.6620989326210675e-10,3.3635288485535954e-06,0
906,03:18:30,4.146329822946915e-11,1.1325463773483928e-12,2.753362215974682e-13,8.360341124300517e-14,1.414779043947531e-13,3.846705398688785e-09,3.3793698422134395e-06,0
907,03:19:00,2.4150092419429035e-11,8.555887577003035e-13,2.5946738352917633e-13,9.628830574395409e-14,1.135023905782026e-13,1.3216260799650144e-09,2.8108578892014038e-06,0
908,03:19:30,5.59335692317444e-12,3.7427733915019935e-13,2.5530549119325765e-13,8.886335493077652e-14,1.2803868478183756e-13,9.020782272843756e-11,2.398376700521442e-06,0
909,03:20:00,3.8583398138565885e-12,2.9665077269024894e-13,2.342399008706455e-13,9.054704569342258e-14,1.5151918517883657e-13,6.995681428829494e-11,2.49289815267711e-06,0
910,03:20:30,3.55072784512252e-12,2.4006338028970644e-13,3.0528842680645816e-13,1.0201809116353839e-13,1.6725944717520764e-13,4.780351040949645e-11,2.5723907678846486e-06,0
911,03:21:00,1.2019358144770703e-11,6.821695666500819e-13,3.455305504316354e-13,2.449749490891229e-13,1.1418589054879022e-13,1.801916051683556e-10,2.8265456813539344e-06,0
912,03:21:30,3.1346528604236307e-12,3.284196365260728e-13,1.9035508771487821e-13,8.358079328738633e-14,1.1037067106244581e-13,5.777799749676847e-11,2.776946512198501e-06,0
913,03:22:00,1.537894643399306e-11,4.05505742155398e-13,3.1744780562134786e-13,1.700882865684077e-13,2.0414152460639794e-13,1.9857855390531448e-10,2.895316975734323e-06,0
914,03:22:30,4.165325964959043e-12,4.064611182517723e-13,2.9018536468528137e-13,9.57085159856999e-14,1.6440672250182744e-13,2.0624017903718162e-10,2.8409259373860934e-06,0
915,03:23:00,2.3244416243135777e-12,3.8531153413853987e-13,2.1103878142395704e-13,6.663604535166212e-14,1.0550655869910935e-13,2.062646353105713e-10,2.6219017946952347e-06,0
916,03:23:30,3.3638007650777847e-12,3.012117910690365e-13,1.8460574251771576e-13,7.510944726928745e-14,1.4250047018912874e-13,1.5658431378907852e-10,2.5423022160316818e-06,0
917,03:24:00,3.3944743485411465e-12,3.58736832144135e-13,2.477602248982605e-13,8.326804971903596e-14,1.0144305950786723e-13,5.982287618884376e-11,2.644542620133302e-06,0
918,03:24:30,3.947400113563646e-12,2.775407769652128e-13,1.83934835277381e-13,9.4638209485912e-14,7.20092220147598e-14,1.0127124750535654e-10,2.725212839929684e-06,0
919,03:25:00,2.7855449499842075e-12,4.4454726576840057e-13,2.7902479335397456e-13,1.1128256029434929e-13,1.3123518545105752e-13,5.908904797222871e-11,2.7942644490209126e-06,0
920,03:25:30,6.197289720773794e-12,3.262281104387997e-13,2.3471239656240983e-13,1.1353081400264689e-13,1.2969112902823786e-13,6.261634816140509e-11,2.7713138163111234e-06,0
921,03:26:00,3.3710862646208606e-12,2.900819278524314e-13,2.070354438546647e-13,8.239111055753048e-14,9.493753112478091e-14,6.462151722700998e-11,2.747175233268488e-06,0
922,03:26:30,2.7951542508006057e-12,3.425562785772233e-13,2.3853958806507833e-13,1.1367467392195909e-13,1.876515559475203e-13,6.118443917937171e-11,2.7907361189886075e-06,0
923,03:27:00,3.2107434965098525e-12,2.553956656632675e-13,1.8024807059706392e-13,7.931642825168228e-14,1.0680258510334306e-13,4.221938244965233e-11,2.928489772640248e-06,0
924,03:27:30,2.363328661112943e-12,2.835491717595714e-13,1.6441703050997102e-13,1.0317464758897843e-13,1.729280100866837e-13,8.614366172730918e-11,2.9860136083567873e-06,0
925,03:28:00,2.4892516563440264e-12,3.2396653595505765e-13,1.850737670523418e-13,1.029986658870863e-13,1.5900770344956296e-13,7.393625601485304e-11,2.9282101958369876e-06,0
926,03:28:30,4.052176681926066e-12,3.0031697189621134e-13,2.406505397750723e-13,1.2348012026118197e-13,2.340290028993252e-13,4.542892258430518e-11,2.754250047738214e-06,0
927,03:29:00,2.6504701532385205e-12,3.666305819374384e-13,2.4890216065303087e-13,1.296880132206469e-13,1.8306507303966233e-13,1.155333560822215e-10,2.7806997018966326e-06,0
928,03:29:30,2.264505503875133e-12,4.97382710446553e-13,2.982894839638414e-13,1.1058521140260153e-13,1.5333480903309005e-13,1.9070202457677668e-10,2.794225973867265e-06,0
929,03:30:00,2.1906772484156367e-12,4.024287986720018e-13,3.5880900507413766e-13,1.3148488866310786e-13,2.24044673697849e-13,9.044333391251327e-11,2.7651800214388627e-06,0
930,03:30:30,3.412768984707184e-12,3.17111640228678e-13,2.2086732035546512e-13,1.043528095216327e-13,1.3008253384332157e-13,6.710182775937046e-11,2.8823817063867888e-06,0
931,03:31:00,3.80943187337605e-12,2.811517805651193e-13,1.7727863656866614e-13,1.0923108038981347e-13,1.163472251809735e-13,4.7119767139072716e-11,2.8852542706852933e-06,0
932,03:31:30,3.034856458841495e-12,3.055155892549795e-13,1.9676649210010052e-13,1.167375492440751e-13,1.2647114713283026e-13,4.423426579683666e-11,3.083435605018684e-06,0
933,03:32:00,2.649574862016891e-12,2.894867300018761e-13,2.3376980949796624e-13,1.0300559733307914e-13,1.0945131529965289e-13,4.42000713924088e-11,3.097552906600051e-06,0
934,03:32:30,2.2541516607304617e-12,3.310057652665308e-13,2.034123132766885e-13,1.0328569230806729e-13,1.1643954847136594e-13,6.087820904712067e-11,3.1081919379769958e-06,0
935,03:33:00,2.3331844043768453e-12,4.0072457485466526e-13,2.0861035711287142e-13,1.054116478415068e-13,1.0060530470770942e-13,4.94944790980592e-11,3.207941332529995e-06,0
936,03:33:30,3.465708684268316e-12,3.943132496094686e-13,2.8340460074401015e-13,1.2743448023789285e-13,1.5753098026861227e-13,1.196535334926613e-10,3.094377964189934e-06,0
937,03:34:00,5.376510066317124e-11,1.0079768138085332e-12,5.897521313132454e-13,3.6179329401134555e-13,2.6480648121161284e-13,5.1274116846685985e-09,3.17505421806439e-06,0
938,03:34:30,1.6875719128213148e-11,7.417390520122897e-13,3.305301228871189e-13,2.0893965184176725e-13,2.828131930770803e-13,4.201285860740161e-09,3.339432676020545e-06,0
939,03:35:00,5.368079034474232e-12,5.98558393757282e-13,2.3549180202015375e-13,1.1442839688851194e-13,1.8034624046497537e-13,5.434212487684966e-10,3.470869448257836e-06,0
940,03:35:30,7.400937979567568e-12,3.797390236327422e-13,2.2714055047659176e-13,1.1043561273867886e-13,1.0771706049675537e-13,1.4936794164353092e-10,3.433941625893315e-06,0
941,03:36:00,7.343550372178641e-12,3.0236090774861005e-13,1.67100060221976e-13,1.2624451484234717e-13,1.3373975003340156e-13,1.230998830104498e-10,3.399271163076075e-06,0
942,03:36:30,1.3611742060446245e-11,4.617473053125186e-13,2.5413401641295905e-13,1.0240900351009056e-13,1.5038533683814082e-13,1.1902402727868203e-10,3.4643677922427536e-06,0
943,03:37:00,7.714907520024263e-12,3.358850644889735e-13,2.5231465100481353e-13,1.4562165256980596e-13,1.985526871544605e-13,2.5502952978534965e-10,3.4378682586534664e-06,0
944,03:37:30,6.252666505498553e-12,4.584547835578512e-13,2.6023233427068586e-13,1.4211326572713422e-13,2.0208462370896087e-13,2.0165924118926645e-10,3.4370060589449127e-06,0
945,03:38:00,5.318814137667093e-12,3.9587059622490935e-13,3.634229043970811e-13,1.2572309797730825e-13,1.551357807649642e-13,2.923544265245728e-10,3.412662536453512e-06,0
946,03:38:30,5.451963909697409e-12,2.7971347236362904e-13,1.9691000305102905e-13,1.3971613817462352e-13,1.7642209303528242e-13,1.7934898574377778e-10,3.4074368750083283e-06,0
947,03:39:00,6.44382174009767e-12,2.6135837914672475e-13,3.119219420436046e-13,1.253872354537765e-13,1.90107358941155e-13,1.9663817593411247e-10,3.4646211693375815e-06,0
948,03:39:30,6.729420359105555e-12,3.3410482292353783e-13,1.8995620734122075e-13,1.612387203880188e-13,1.3351656843712778e-13,3.278815010594427e-10,3.4835021848649257e-06,0
949,03:40:00,5.892314893508684e-12,4.693250989000981e-13,2.610009487786945e-13,1.607668580011911e-13,2.1998425746517492e-13,4.836472731878206e-10,3.4751369557346544e-06,0
950,03:40:30,5.4360169470734955e-12,2.988244961535703e-13,2.687832718415604e-13,1.4201572955876264e-13,2.0284371728492687e-13,1.7415113197496933e-10,3.4889639262649733e-06,0
951,03:41:00,6.8191714008696305e-12,2.437876054495159e-13,2.9935450941325075e-13,1.5330576795239737e-13,1.6001032685098838e-13,2.0020110182841265e-10,3.462320136403833e-06,0
952,03:41:30,6.244557982530072e-12,3.5904623965821713e-13,2.5660523464056964e-13,1.6447133127669956e-13,1.9524533962289718e-13,3.8664248331783685e-10,3.461592086666982e-06,0
953,03:42:00,5.6019985688525825e-12,3.899385239326895e-13,3.112449254254469e-13,1.431388871157932e-13,2.1948307833124946e-13,3.322851411980415e-10,3.455682093177062e-06,0
954,03:42:30,4.764963111530237e-12,3.270935630225422e-13,3.335537755933964e-13,1.620508043096424e-13,2.0163695985189562e-13,1.886318876420263e-10,3.452956191009996e-06,0
955,03:43:00,4.737905933033503e-12,4.3668266313983297e-13,2.9367733208658797e-13,1.6245420530670528e-13,2.3066775793593725e-13,2.443056051911744e-10,3.3711599984922544e-06,0
956,03:43:30,4.441261017056455e-12,3.5002264592770995e-13,2.56654639445954e-13,1.4613699896194148e-13,1.9489852491825842e-13,2.886417465748042e-10,3.405965354165318e-06,0
957,03:44:00,5.003708217860586e-12,3.459615987018595e-13,3.1280967361808263e-13,1.414304848364502e-13,1.7404343921671145e-13,2.531607157661381e-10,3.430472999620928e-06,0
958,03:44:30,3.5202649021534437e-12,3.91971951533238e-13,3.302135418647766e-13,1.4946364608929362e-13,2.2871310077046605e-13,5.007607026123643e-10,3.4952424574613803e-06,0
959,03:45:00,3.6173700885521095e-12,2.956776469389528e-13,2.1495864136965268e-13,1.5457944507056223e-13,2.1710656253030756e-13,6.645707210428803e-10,3.4325368272718e-06,0
960,03:45:30,4.49491437098783e-12,3.290296539445414e-13,2.3447218409826705e-13,1.3717889043374972e-13,1.5432276098733526e-13,3.3807451704465317e-10,3.464681998393558e-06,0
961,03:46:00,4.891797590153962e-12,3.5466603177785687e-13,1.8750055779907849e-13,1.3375790283180684e-13,1.5327495068847992e-13,1.9194390545819009e-10,3.434203722343459e-06,0
962,03:46:30,3.812060192230013e-12,3.140313991978383e-13,1.8966681441937867e-13,1.5335560999764494e-13,1.2356925724148577e-13,1.2861549974902413e-10,3.488224929555931e-06,0
963,03:47:00,5.409566255594845e-12,3.671164697714045e-13,2.704369008728532e-13,1.4519488846086106e-13,1.8827847174532415e-13,1.489266557189865e-10,3.4718942486999703e-06,0
964,03:47:30,6.561503827517876e-12,4.5321662314977255e-13,2.4049525189191384e-13,1.517909851059839e-13,2.0148734457073698e-13,2.2139813805881973e-10,3.4791240216514197e-06,1
965,03:48:00,1.0678261318386186e-11,4.1063524824032556e-13,2.965729186571147e-13,1.4000322578739857e-13,3.8228440325604283e-13,1.22255178604551e-10,3.43104559068869e-06,1
966,03:48:30,7.338416790455793e-12,3.7423439538516373e-13,1.6670955787480603e-13,1.1240561614465209e-13,1.3854899629260772e-13,1.0951347963124575e-10,3.4368796422977127e-06,1
967,03:49:00,1.1363210888628757e-11,5.103333669442412e-13,2.9218879224408447e-13,9.681574286638923e-14,2.602684712498448e-13,8.927284434521542e-11,3.4151981998691344e-06,2
968,03:49:30,5.258448824141449e-12,2.4819598734913264e-13,1.8928104663886942e-13,1.2825477208708046e-13,1.2820411881880193e-13,1.3556925673072134e-10,3.437072152390778e-06,2
969,03:50:00,7.371771622975994e-12,3.77254602360295e-13,1.7886163499441345e-13,8.770823935233413e-14,2.728336083397777e-13,1.1321891353794875e-10,3.447896608631471e-06,2
970,03:50:30,5.362743611296701e-12,2.479164620602447e-13,1.6764104730393526e-13,8.390005553454939e-14,1.4832389115233167e-13,8.4978373285515e-11,3.395238647660523e-06,2
971,03:51:00,7.08439232735927e-12,3.2092496082757484e-13,1.3094225849884548e-13,6.593228541792936e-14,1.2946661202674504e-13,9.828797781961268e-11,3.4722361557782792e-06,2
972,03:51:30,3.2644192475627175e-12,2.615150285734633e-13,1.4681735485151386e-13,1.0856399907369532e-13,1.3953584810556438e-13,8.968343182394507e-11,3.4479854862688257e-06,2
973,03:52:00,4.873568915438801e-12,3.360163732804009e-13,2.1085960460894018e-13,9.635596315011871e-14,2.1361853648019492e-13,1.0501755713546563e-10,3.472398077840444e-06,2
974,03:52:30,4.783241053383412e-12,3.39522083860122e-13,2.064035000145976e-13,7.93899526369139e-14,1.4053779717182942e-13,1.0397413326425793e-10,3.4053305162406315e-06,2
975,03:53:00,5.5180501404788325e-12,2.760559095195363e-13,1.824180224714718e-13,1.0075437895347484e-13,1.7342112105778107e-13,1.0437871725949954e-10,3.4297263551671043e-06,2
976,03:53:30,5.053832770280278e-12,3.427867729695252e-13,1.5160717242466127e-13,8.455305539223254e-14,1.5292039762960954e-13,9.958699939436881e-11,3.4416683934632042e-06,2
977,03:54:00,5.9034182022365284e-12,2.58064797385738e-13,1.82791084925319e-13,9.124006123879607e-14,2.5528191649727826e-13,1.0147058886126692e-10,3.457169385483482e-06,2
978,03:54:30,3.745661621833315e-12,2.3138770764178124e-13,1.2006863779004715e-13,7.75627632866705e-14,1.3936902314307877e-13,8.952267880900881e-11,3.3801612443534307e-06,2
979,03:55:00,4.660751600749787e-12,3.200225722832352e-13,1.5347312812079583e-13,9.388974847970218e-14,2.9776158920385806e-13,9.014572331893276e-11,3.3770709027310304e-06,2
980,03:55:30,4.8497288592562116e-12,3.4197969426639764e-13,1.4611231604709538e-13,7.709980371584804e-14,1.7613296970395856e-13,9.34714180084129e-11,3.4397074683853194e-06,2
981,03:56:00,5.837265203339211e-12,3.234171087917537e-13,1.5549826618132312e-13,7.003541002113967e-14,1.474568460495938e-13,1.1124598038920407e-10,3.451523659586519e-06,2
982,03:56:30,5.478446984015872e-12,3.9501521829612627e-13,2.315813504195168e-13,8.741979512656536e-14,2.151268492881548e-13,8.637342238763927e-11,3.4570706196625667e-06,2
983,03:57:00,5.898059208267329e-12,2.402384366235033e-13,1.281937752916805e-13,6.875842679650397e-14,1.995134835559222e-13,8.782922133641479e-11,3.4628954237804506e-06,2
984,03:57:30,6.055459008008855e-12,3.6121170539172404e-13,3.3014352610385325e-13,9.160590834681753e-14,2.2291520810216537e-13,1.3393089700516713e-10,3.441995880706825e-06,2
985,03:58:00,5.519308633486183e-12,2.0184976569487862e-13,1.9366053884283373e-13,7.125455693855586e-14,1.6028591447016737e-13,9.26215282470833e-11,3.4687322427897394e-06,2
986,03:58:30,6.062842520885999e-12,2.699846111327358e-13,1.6853412986124978e-13,7.820778652522246e-14,2.785788423019113e-13,9.266595154277401e-11,3.439759425981969e-06,2
987,03:59:00,6.747118176941915e-12,3.057909555447412e-13,1.641582524322721e-13,8.763130994692156e-14,4.0952518914061937e-13,1.0243050744810702e-10,3.431623955229013e-06,2
988,03:59:30,5.1971899227122886e-12,3.609847175018557e-13,1.2877136146541437e-13,6.833848915670527e-14,1.8255965749560015e-13,9.232039404173379e-11,3.42991649960273e-06,2
989,04:00:00,5.956960048672666e-12,3.5839015628306424e-13,2.520554651492721e-13,6.442717969506419e-14,2.1596369324406158e-13,8.59281172878924e-11,3.4193707590678424e-06,2
990,04:00:30,8.04246858565083e-12,3.986724393974954e-13,2.0133044969728988e-13,5.747251350308919e-14,1.9036741429269398e-13,1.1020187404588268e-10,3.4271245474722056e-06,2
991,04:01:00,7.285161200986899e-12,2.5388275466405914e-13,1.5179385248633557e-13,6.522989728313584e-14,1.408390528853391e-13,8.206210722428836e-11,3.406926090708796e-06,2
992,04:01:30,6.201934802528159e-12,2.442313465475092e-13,1.5171843391641619e-13,5.984929759972235e-14,1.1705822931777808e-13,9.951560069497261e-11,3.4113855585723533e-06,2
993,04:02:00,7.861769415982502e-12,3.638217088230855e-13,2.0614292690418617e-13,7.4888221176624e-14,3.2843380157137313e-13,8.9903979096858e-11,3.4659238402215963e-06,2
994,04:02:30,1.0172261685750876e-11,3.437174301683447e-13,1.7126442421494208e-13,6.571511011205334e-14,2.4396964325097474e-13,1.1252954826432025e-10,3.4408529896046663e-06,2
995,04:03:00,8.68935313851536e-12,3.643680689542323e-13,1.590841001951234e-13,5.862662279320042e-14,1.3089476862769383e-13,1.0174507833468485e-10,3.4276479741410142e-06,2
996,04:03:30,8.332664667018172e-12,4.4353278337170123e-13,1.920501434326892e-13,6.388621205867848e-14,2.5206600502798183e-13,9.745146010830758e-11,3.4446055147142194e-06,2
997,04:04:00,5.301701931090494e-12,2.2451793317018085e-13,1.3107242789750895e-13,6.414251674050657e-14,2.3562714355107007e-13,9.397426940888658e-11,3.4388389887805023e-06,2
998,04:04:30,6.48243798657568e-12,3.640998112982314e-13,2.496126295510183e-13,6.253368321955068e-14,2.1413678901698164e-13,1.0274809580873888e-10,3.4805416535126656e-06,2
999,04:05:00,9.2423579326788e-12,4.3830390904333727e-13,2.0725525981389485e-13,4.667892584088598e-14,9.526814722662176e-14,1.012831790092023e-10,3.4506748347979654e-06,2
1000,04:05:30,8.393841809490609e-12,2.7185706802440977e-13,1.269461174649303e-13,6.666408893109495e-14,2.4861607795159066e-13,8.65024179186295e-11,3.4240247967345367e-06,2
1001,04:06:00,6.6568011426822445e-12,4.116652028134873e-13,1.9807132620979925e-13,6.469107521889147e-14,2.5097826491594397e-13,7.188664407978745e-11,3.3784942445192327e-06,2
1002,04:06:30,7.232127543287129e-12,4.4693373719334246e-13,1.8219740571410322e-13,4.6092564446314744e-14,9.072210521554958e-14,9.495138859186892e-11,3.4257989033585395e-06,2
1003,04:07:00,5.4803276531376255e-12,2.943467274660008e-13,1.1992365820443836e-13,4.5162175810584096e-14,1.0416060981469381e-13,9.317350931048005e-11,3.4639161278808013e-06,2
1004,04:07:30,7.91814536439758e-12,4.79670398667595e-13,1.6839100971566904e-13,5.4200109106401286e-14,2.2079309555453934e-13,9.412902024525281e-11,3.5030154236036286e-06,2
1005,04:08:00,9.58681483361638e-12,2.5941163048251496e-13,1.6137827177213246e-13,4.78493198409202e-14,1.348211007699937e-13,9.496906115186375e-11,3.4539671086063146e-06,2
1006,04:08:30,4.3798264077505614e-12,3.7536452560132336e-13,1.768329193511027e-13,5.756275876820883e-14,1.985798996667563e-13,1.0034790871304728e-10,3.4403843017527817e-06,2
1007,04:09:00,9.531496496682094e-12,3.583144859901253e-13,1.681886950974502e-13,4.812518941927577e-14,1.4931918869747952e-13,1.0355384546934785e-10,3.419290162938331e-06,2
1008,04:09:30,8.905387346102016e-12,3.506939022503626e-13,1.600664538623682e-13,5.272588312538803e-14,9.172549452734875e-14,1.3702358364870085e-10,3.470475540269226e-06,2
1009,04:10:00,7.167454043552842e-12,2.811878093914932e-13,1.466042511344253e-13,4.944241849778109e-14,1.4525643326116252e-13,1.0437846879755961e-10,3.4540046745921418e-06,2
1010,04:10:30,7.9263510836956e-12,5.785651339805955e-13,1.89667061199789e-13,5.705299741049776e-14,2.1247098399833433e-13,1.0999712408250673e-10,3.4106734193511884e-06,2
1011,04:11:00,1.1976771620137413e-11,3.967488243439152e-13,2.1670059608999272e-13,7.17249195358164e-14,1.7511417363590825e-13,1.0020403958787836e-10,3.377002032075107e-06,2
1012,04:11:30,6.904902181024535e-12,2.964104356500694e-13,1.7528139559399363e-13,6.697090495739317e-14,1.4565598719071004e-13,1.040653810991078e-10,3.4139892720188714e-06,2
1013,04:12:00,6.623142038228921e-12,3.083590287828388e-13,1.9494205338924644e-13,5.556678475527708e-14,1.5861308092383606e-13,8.099572004470341e-11,3.4299765915854443e-06,2
1014,04:12:30,6.968538307794834e-12,2.844358128952693e-13,2.1511163277893114e-13,5.439495880227293e-14,1.4913853112968707e-13,1.1617856462436595e-10,3.426602287987416e-06,2
1015,04:13:00,6.759317502702693e-12,4.422212114826542e-13,1.994751087244993e-13,5.690526376526338e-14,2.0453120966127955e-13,1.0076003713334898e-10,3.4098847101696425e-06,2
1016,04:13:30,1.0484413381133885e-11,3.8528725624476736e-13,2.334154704204705e-13,5.882243015223965e-14,2.319656354147894e-13,1.1417871185021921e-10,3.4573062308285933e-06,2
1017,04:14:00,1.0056785991779353e-11,3.262388488632312e-13,2.0023861997531942e-13,4.555287842245855e-14,1.30063898524103e-13,1.2348877247927004e-10,3.441232746232323e-06,2
1018,04:14:30,9.131150096977597e-12,5.045177527413225e-13,2.1088109268817303e-13,4.7705685532259126e-14,1.5729849318789716e-13,1.0269247756600255e-10,3.5122157325344565e-06,2
1019,04:15:00,9.201562521089167e-12,3.9025158793370637e-13,1.5198908663054929e-13,4.278669554779838e-14,1.303372362268723e-13,1.0725531922756468e-10,3.452816680064259e-06,2
1020,04:15:30,6.559275916047974e-12,3.8840071217128416e-13,1.8008815626946317e-13,4.811785135388286e-14,1.1532126369611683e-13,8.537815665402197e-11,3.4667478772221074e-06,2
1021,04:16:00,1.0479374678423433e-11,3.883192381912543e-13,1.4387976071421644e-13,4.5434367283117355e-14,1.6013754881024936e-13,1.0311192094014592e-10,3.398862592307853e-06,2
1022,04:16:30,8.486530623875536e-12,3.9252459192547883e-13,1.3401078310523692e-13,4.066594659661936e-14,9.093483442731315e-14,9.679799512786698e-11,3.4020603938267853e-06,2
1023,04:17:00,9.637817161447159e-12,5.108921791396294e-13,1.8076897391604808e-13,4.288154171986213e-14,1.5642893747323246e-13,1.0167689139942004e-10,3.47203354727386e-06,2
1024,04:17:30,1.2597697174989499e-11,3.689237695524536e-13,1.9085411511259588e-13,4.6806438879720026e-14,1.2193305087362136e-13,8.665593269224392e-11,3.4269690696839155e-06,2
1025,04:18:00,8.928980993219424e-12,4.899691396409319e-13,1.8449822715146283e-13,4.970441040012791e-14,1.328961503131887e-13,1.115947437683626e-10,3.444037572569947e-06,2
1026,04:18:30,7.83845672240874e-12,3.634221095060652e-13,1.6808673832549112e-13,4.1413242382911266e-14,1.6033376699108316e-13,1.216282686776348e-10,3.411450725442264e-06,2
1027,04:19:00,9.619870800166315e-12,3.79694701084541e-13,1.5203557489532908e-13,3.9187647381489135e-14,9.784250489286148e-14,1.098295034507247e-10,3.4871003771098056e-06,2
1028,04:19:30,8.767050007607923e-12,4.2996000474301735e-13,1.266180704376222e-13,3.442662068464589e-14,7.217638832401917e-14,1.1949889518464937e-10,3.4804391125370927e-06,2
1029,04:20:00,1.1511177900883956e-11,3.261885231400009e-13,1.21608518899227e-13,3.8398840472630404e-14,8.065381387397733e-14,2.380547579766556e-10,3.480271009960924e-06,2
1030,04:20:30,6.279054974538146e-12,3.66081438043501e-13,1.3900498210545827e-13,3.3354960258432134e-14,8.310959841323697e-14,7.93687713550627e-11,3.4543153018503622e-06,2
1031,04:21:00,6.658496316933122e-12,3.6784379877190306e-13,1.4838368500150917e-13,4.227544417473923e-14,1.2601294810506656e-13,9.079785625573805e-11,3.4300143259962577e-06,2
1032,04:21:30,9.123081796085825e-12,3.04936676766109e-13,1.5805454069575284e-13,4.306318993867971e-14,1.1483862065062462e-13,8.455117267362079e-11,3.42629854619937e-06,2
1033,04:22:00,1.010754911275913e-11,3.7509533486714164e-13,2.2692031433416508e-13,3.83165504277233e-14,8.712619609221118e-14,9.476720732904863e-11,3.4214042960033025e-06,2
1034,04:22:30,9.375657899363147e-12,5.409801909007622e-13,2.1487198917958984e-13,4.8839618448148323e-14,1.4110562469527547e-13,9.541667245817883e-11,3.431920407485519e-06,2
1035,04:23:00,1.230574268649409e-11,3.5359313413339193e-13,1.9040414156742152e-13,4.85719925477817e-14,1.5221081360765323e-13,8.457209303569516e-11,3.450866966013443e-06,2
1036,04:23:30,7.963855393275119e-12,3.6713202372062395e-13,1.4838015880392313e-13,4.2105033667337824e-14,1.4912540457733096e-13,9.739060628467958e-11,3.392510946842856e-06,2
1037,04:24:00,9.706179900918209e-12,4.162975186348574e-13,1.0563124766489185e-13,4.113088779849672e-14,1.2380228699157712e-13,9.362545960796433e-11,3.453770335841505e-06,2
1038,04:24:30,7.22890724353598e-12,4.166680194900421e-13,1.685715280195525e-13,3.8625603445215366e-14,1.2261650667406728e-13,9.05459583278886e-11,3.475715183552129e-06,2
1039,04:25:00,1.0164239948021074e-11,3.8736112949418326e-13,1.5027826293166231e-13,4.064719069038857e-14,1.3334049586040108e-13,1.0520831846118021e-10,3.5024920965567705e-06,2
1040,04:25:30,9.691250562238164e-12,4.0595056346182857e-13,1.6795912680383933e-13,3.8491050985011026e-14,1.481627461374204e-13,9.843114978539933e-11,3.471630652501499e-06,2
1041,04:26:00,8.949046821670813e-12,3.8359269391866793e-13,2.2617639275815485e-13,3.9891892538220006e-14,1.0983388555867591e-13,9.568208167357978e-11,3.4853422886825434e-06,2
1042,04:26:30,8.389593435555582e-12,3.5259741859708453e-13,1.9286130893921029e-13,3.98096144492105e-14,1.5892125980663236e-13,9.729722646369654e-11,3.4334834771604097e-06,2
1043,04:27:00,1.166526506588563e-11,4.99819179344837e-13,1.877463155154702e-13,3.812440940254573e-14,1.0295100044913081e-13,1.1164120370787989e-10,3.4573355459404243e-06,2
1044,04:27:30,1.0527113433260237e-11,4.604205082763829e-13,2.1688008524022757e-13,6.138717276816403e-14,1.0248232144002533e-13,3.998373087500892e-09,3.4001000864318046e-06,2
1045,04:28:00,3.5095666761614515e-11,6.023995542008571e-13,6.952344385425771e-13,2.4141875170939997e-13,4.118020420626354e-13,4.602849472901105e-09,3.4756536340660328e-06,1
1046,04:28:30,3.7392501221588705e-11,5.228284780594538e-13,4.181792372908766e-13,2.268769785060163e-13,2.971285832847122e-13,5.38116036719404e-09,3.3612832814105955e-06,0
1047,04:29:00,7.58404754717831e-12,5.0606804432066e-13,2.276846095308847e-13,9.047996364265669e-14,2.1326402418774566e-13,2.336451668566951e-10,3.480596731309173e-06,1
1048,04:29:30,2.884923381591909e-11,6.400324338625049e-13,3.036053248227171e-13,1.3505339153078494e-13,2.886257410983597e-13,3.6217406029755926e-09,3.138028874793994e-06,1
1049,04:30:00,6.438784269481367e-12,5.161007660722891e-13,2.676293531622778e-13,1.374419798596206e-13,3.7970405890865695e-13,5.041331128942328e-10,3.4371045372788305e-06,1
1050,04:30:30,7.41383711492467e-12,4.717866769559335e-13,3.694627129107458e-13,1.9919882768454986e-13,2.075048620931561e-13,9.048502304156158e-09,3.406470678940068e-06,1
1051,04:31:00,1.6240277109271055e-11,4.971068373069587e-13,2.8968688248497153e-13,1.2629914024495803e-13,1.9611558625330947e-13,9.620107667662104e-09,3.2708084918711874e-06,1
1052,04:31:30,5.628933034078423e-12,2.786838051721923e-13,3.141269633505122e-13,8.222667826143811e-14,2.1651503223183032e-13,9.869520952123936e-11,3.4817479091711063e-06,1
1053,04:32:00,2.969504577193289e-11,7.260830629435151e-13,3.8603062474242526e-13,2.422603605313098e-13,4.00774454501812e-13,5.382768121678242e-09,3.316858065161308e-06,1
1054,04:32:30,9.539172856500894e-12,3.134730994683803e-13,1.9825204866709185e-13,1.4894114792699729e-13,2.312951077679338e-13,3.115788809345834e-10,3.364500212854352e-06,1
1055,04:33:00,1.028138947518692e-11,2.9835074014797867e-13,1.314230174023777e-13,1.0761848124334019e-13,2.8479465739768857e-13,1.5805918119917352e-10,3.425821163052715e-06,1
1056,04:33:30,1.1017204526914723e-11,4.685235279428319e-13,2.642149215941688e-13,6.762323486813979e-14,1.7721420773256054e-13,7.500916314781165e-11,3.4135645110481525e-06,1
1057,04:34:00,1.0060374607627106e-11,4.645592532866676e-13,2.605561866314362e-13,6.649198834249387e-14,2.524622245222241e-13,5.328880374124194e-11,3.4662450150524926e-06,2
1058,04:34:30,1.4345908388300127e-11,4.3793194458702387e-13,1.9463620433976206e-13,6.555109742946327e-14,1.7632513191275227e-13,5.2824263122907456e-11,3.450733705361906e-06,2
1059,04:35:00,2.814704194137634e-11,6.063292954119681e-13,2.948247171891589e-13,1.73905634354587e-13,2.840137217333599e-13,2.717709846712303e-09,3.2451077740039663e-06,1
1060,04:35:30,7.207040754921839e-12,3.415806160794711e-13,1.337114222407274e-13,7.428062623494633e-14,1.2155585546206528e-13,5.294121667624938e-11,3.4717786702419853e-06,2
1061,04:36:00,7.486503446385711e-12,3.4912601777943176e-13,1.5647008534888182e-13,5.520681115645337e-14,1.0670677394102435e-13,4.816944181737565e-11,3.5125571527238177e-06,2
1062,04:36:30,1.0946560465607769e-11,4.419030998504135e-13,1.8139994669602125e-13,6.620458417147413e-14,2.400219297288694e-13,4.708678092212704e-11,3.487511323649182e-06,2
1063,04:37:00,7.833514746211274e-12,5.936779951173437e-13,2.285084425871298e-13,6.935590029657142e-14,1.9399455856782134e-13,5.561332177950206e-11,3.4897131675279156e-06,2
1064,04:37:30,6.766940703933463e-12,5.357967952073735e-13,1.6891814260658799e-13,5.921213787179819e-14,1.7205265657370997e-13,6.13837535762315e-11,3.4494117881249055e-06,2
1065,04:38:00,6.471440692491339e-12,3.585694484281306e-13,2.007762981987923e-13,6.51728369810837e-14,2.4958996088932276e-13,5.550261786715844e-11,3.3703750441560197e-06,2
1066,04:38:30,5.200544571591841e-12,4.4403266713571417e-13,2.0036866627310295e-13,6.63226185197114e-14,2.9233540497004803e-13,6.205020920970602e-11,3.4215365357349517e-06,2
1067,04:39:00,2.1185614899085405e-11,3.5165623045381274e-13,3.611575729966647e-13,1.5923248441568623e-13,3.224305825117267e-13,1.8414423201278062e-09,3.4312640982623618e-06,2
1068,04:39:30,5.790989772032125e-12,3.143594138554247e-13,2.1630256099380878e-13,7.475712718953309e-14,1.2063096218719028e-13,6.420061953563833e-11,3.4976465653460574e-06,2
1069,04:40:00,7.023187600673099e-12,3.0926984163502536e-13,2.0144105180794727e-13,1.1448177958299645e-13,5.746298017369779e-13,6.228928895581122e-11,3.448714839252424e-06,2
1070,04:40:30,8.273445731710657e-12,3.4189971737004577e-13,2.2266465900696024e-13,8.23986164516747e-14,2.5359384855625705e-13,9.410829059555587e-11,3.4774759987597806e-06,2
1071,04:41:00,7.556307910740973e-12,4.439630318958268e-13,2.726519189368849e-13,1.1466191133405597e-13,3.2321023301837445e-13,2.0411274579067608e-10,3.4582319221115993e-06,2
1072,04:41:30,6.254177977255621e-12,3.358499145952723e-13,1.5404267101925964e-13,9.19264360081825e-14,4.3273444795178186e-13,4.8882131750610396e-11,3.453922101947995e-06,2
1073,04:42:00,5.608183640128974e-12,5.413542314562623e-13,2.3982376180356545e-13,9.232058765013648e-14,2.2307292937574848e-13,5.840826156269907e-11,3.4331680866917164e-06,2
1074,04:42:30,6.739173677898937e-12,4.2501095234336836e-13,1.753399841979137e-13,8.512553938856087e-14,3.4883954837762104e-13,8.691172868779987e-11,3.4227024219503088e-06,2
1075,04:43:00,4.55341589044757e-12,4.4532367570204023e-13,1.7827737217763362e-13,5.705905418164435e-14,2.116772245935481e-13,6.427072061902306e-11,3.4875877172343474e-06,2
1076,04:43:30,5.619063095423389e-12,3.8532854671340625e-13,2.660605510182191e-13,8.823221673686046e-14,1.3905123434659624e-13,1.3381737066624756e-10,3.4440352291130715e-06,2
1077,04:44:00,6.055898909655474e-12,4.919273837026658e-13,1.7794788547246532e-13,8.541201472988588e-14,2.978083639582293e-13,6.31204846284661e-11,3.4674742938954096e-06,2
1078,04:44:30,5.049912176413334e-12,3.6587181946779984e-13,1.9320366894068961e-13,6.952571369991197e-14,1.2600524246958067e-13,1.0056442229007446e-10,3.4637623930399935e-06,2
1079,04:45:00,8.034239846118397e-12,6.372357416381976e-13,2.1246496498548932e-13,6.599792078833866e-14,2.0229894473923254e-13,6.747578935497607e-11,3.4813169986340915e-06,2
1080,04:45:30,1.4334615410151095e-11,4.702852761431741e-13,4.294119087941979e-13,1.7774446704112794e-13,4.879899478005736e-13,8.428203161041287e-09,3.4517456600548106e-06,1
1081,04:46:00,5.201017922095761e-12,3.4507201603017776e-13,1.9887407698230496e-13,9.178689397942591e-14,2.6363689843821576e-13,8.11996731751733e-11,3.5058388939412894e-06,1
1082,04:46:30,5.700015862125125e-12,4.2668340338195924e-13,1.5667111651839607e-13,6.591208064216886e-14,1.9699675046659725e-13,7.182193716647764e-11,3.4755607404462162e-06,2
1083,04:47:00,5.225363271690035e-12,4.409667474764901e-13,2.0177107618901803e-13,6.318140310340531e-14,1.4815026354100925e-13,5.834934459831701e-11,3.422781391419994e-06,2
1084,04:47:30,4.275208004369396e-12,2.9739775461539225e-13,2.69047660283187e-13,6.642443614771769e-14,3.033125064878162e-13,5.4407492922699225e-11,3.4567560776940523e-06,2
1085,04:48:00,4.292054499997707e-12,2.866277101581281e-13,3.7984848524448156e-13,1.255094944639039e-13,3.042825096980826e-13,3.0397476948049313e-10,3.424913400499406e-06,1
1086,04:48:30,4.111832280738338e-12,3.267943457359268e-13,1.5914336197649256e-13,7.711388675858625e-14,2.9790605489750304e-13,5.42472356655459e-11,3.414031642896785e-06,1
1087,04:49:00,3.377945834777921e-12,3.7781873753188945e-13,1.7272552652498963e-13,6.953606239457362e-14,1.5539779513783376e-13,7.919341339247037e-11,3.4033163360425258e-06,1
1088,04:49:30,5.849003206282401e-12,4.449893947345343e-13,1.9451560404498625e-13,7.081663809984939e-14,1.4419295591471095e-13,8.87666361125987e-11,3.4213562000741936e-06,2
1089,04:50:00,4.8428573628744744e-12,3.282279891775437e-13,2.0128343882736959e-13,6.614167709901722e-14,1.7204332960301696e-13,5.765383082871726e-11,3.448816439072663e-06,2
1090,04:50:30,4.2584716509593904e-12,5.051362982072098e-13,1.8380413443823524e-13,6.465645405763084e-14,2.2130402016723178e-13,6.005355770481825e-11,3.467172332875053e-06,2
1091,04:51:00,4.118817659345612e-12,4.419484013514212e-13,1.8820790551704469e-13,7.597335980471522e-14,2.7763847234677224e-13,6.40554237253272e-11,3.447184753467714e-06,2
1092,04:51:30,6.811628972498165e-12,5.349669057253465e-13,2.799942838273101e-13,6.681097704353811e-14,1.6941188501021093e-13,9.533172951511059e-11,3.432610899145935e-06,2
1093,04:52:00,3.812974316766147e-12,4.1354233750475923e-13,2.1582931113474444e-13,6.859354734762562e-14,2.1848879571188788e-13,8.883241428029338e-11,3.494323517707796e-06,2
1094,04:52:30,4.327039614166219e-12,3.755124530457109e-13,1.8306818529012087e-13,7.874891334350319e-14,1.9278600668409645e-13,1.076486046597187e-10,3.518426701916883e-06,2
1095,04:53:00,2.7160580721724593e-12,3.2243512425423695e-13,1.9101247358450505e-13,6.615380194409032e-14,2.3348307128902785e-13,9.826955373790701e-11,3.492842423776689e-06,2
1096,04:53:30,6.644523486700916e-12,6.486284014917164e-13,2.3782726459273453e-13,9.700036983567425e-14,3.5526120179839226e-13,1.6285276404200336e-10,3.471687221554932e-06,2
1097,04:54:00,2.503753096187547e-12,3.6390153160161756e-13,1.2880539340571106e-13,6.803701540187965e-14,1.3482854151200218e-13,8.887127698721796e-11,3.4583112860037677e-06,2
1098,04:54:30,4.406814820421001e-12,5.141412340041732e-13,3.3308356134077823e-13,9.146186588423059e-14,3.4113057455983304e-13,9.011883842656086e-11,3.4440909184471466e-06,2
1099,04:55:00,3.101354957968804e-12,3.518284084222562e-13,3.077616362757964e-13,1.4818692909894758e-13,3.332086868594292e-13,1.3979862434862538e-10,3.402742807075664e-06,2
1100,04:55:30,6.765667626272026e-12,4.668465618779953e-13,1.5028955562402345e-13,8.446831903947443e-14,3.598660206741279e-13,4.4813598219143817e-11,3.4382556220577345e-06,2
1101,04:56:00,6.223199617809248e-12,5.390858010577597e-13,2.9879774447512257e-13,1.0551292008400032e-13,2.6020035901106875e-13,1.2542770748880682e-10,3.420229068081475e-06,2
1102,04:56:30,4.858562517040971e-12,5.722147596502873e-13,2.1558354689021275e-13,1.100818475423021e-13,1.6162810021247965e-13,1.3464347638130666e-10,3.4770739375319413e-06,2
1103,04:57:00,7.605841931019307e-12,5.615593276714687e-13,2.3156567777360457e-13,1.0209226093236348e-13,2.314657570195508e-13,7.19957167724448e-10,3.4111839089219553e-06,5
1104,04:57:30,3.8887812288174626e-12,3.561567570680965e-13,3.3072241240702216e-13,1.1973080955281268e-13,2.605623833849594e-13,9.178994265382449e-11,3.4622826983314486e-06,5
1105,04:58:00,8.550372921149843e-12,7.200974917250428e-13,1.988499453461245e-13,9.502167837384624e-14,1.4110212776544507e-13,3.177689562826538e-09,3.4871057016866543e-06,5
1106,04:58:30,2.523027340017463e-12,2.7230538149354233e-13,2.8863007293795465e-13,1.3719324816384246e-13,2.2358804373166714e-13,4.5220007222723876e-10,3.524317218603814e-06,5
1107,04:59:00,3.985838076009508e-12,2.795776780803606e-13,2.5818763641516705e-13,1.3476919829039656e-13,1.792730804855265e-13,4.024545435368508e-10,3.4879355229678452e-06,5
1108,04:59:30,4.937715169474018e-12,4.54842149263567e-13,2.1628101299613186e-13,1.1382575267082905e-13,1.4134601561334563e-13,4.2552319811077855e-10,3.460228673257427e-06,5
1109,05:00:00,4.081429320332143e-12,2.937448800782026e-13,1.5584483687848715e-13,1.0292979586576498e-13,9.593777717422177e-14,1.8572968841358985e-09,3.455748329922644e-06,5
1110,05:00:30,2.3668796847939266e-12,2.873732955444247e-13,3.0615885163277493e-13,1.5725909175897862e-13,1.8857208488421708e-13,3.538196033468575e-10,3.4453858123603124e-06,5
1111,05:01:00,2.265146586887643e-12,3.677722834671617e-13,2.1257104834076222e-13,1.2867893958449576e-13,1.467879514991433e-13,4.256705704410202e-10,3.427884186746162e-06,5
1112,05:02:00,5.467515449389984e-12,3.6389990427919043e-13,2.2516848847700203e-13,1.2607338957044335e-13,1.587868935815073e-13,8.597010008151783e-11,3.4731888079926157e-06,5
1113,05:02:30,6.170771185902568e-12,4.546641323399663e-13,4.726271248314699e-13,2.2082936592511858e-13,4.1442165233816434e-13,1.0870837929228044e-10,3.37332544005231e-06,5
1114,05:03:00,4.5135908918816335e-12,3.9427748866020293e-13,2.0452617725683467e-13,1.1486512089343154e-13,1.6175020844249736e-13,1.5012024888722863e-10,3.461756576098201e-06,5
1115,05:03:30,2.8979037589865937e-12,3.2675213285674716e-13,2.314303702218477e-13,1.2318279799514508e-13,3.009685917729178e-13,8.229221901861715e-11,3.4599308099965757e-06,5
1116,05:04:00,7.1083513691401016e-12,6.292550671144842e-13,3.237504559038254e-13,1.1484295233337438e-13,1.6006267273263226e-13,3.3106000155387035e-10,3.4860821514930817e-06,5
1117,05:04:30,5.847003439402321e-12,3.275583901423595e-13,2.458732790530764e-13,1.3425322708906e-13,1.572222713603959e-13,1.2237033923110235e-09,3.4653473888979354e-06,5
1118,05:05:00,7.801502336664056e-12,3.0931444921061026e-13,1.3444641629224536e-13,9.939897577143075e-14,1.392625493113929e-13,4.915673459613706e-09,3.431829410154845e-06,5
1119,05:05:30,2.525380465801304e-12,1.8308164257554215e-13,2.1387816007737746e-13,1.2744122856799257e-13,1.6075455803196227e-13,6.398696367350151e-10,3.3890939709619654e-06,5
1120,05:06:00,1.6220785676561757e-12,2.301188378344317e-13,2.1204939540319075e-13,1.5141557545611687e-13,1.425722993945255e-13,2.670953222704516e-10,3.456744309274403e-06,5
1121,05:06:30,2.8388418780454907e-12,3.6695489008003157e-13,2.476887010504369e-13,1.4126047993587122e-13,3.3463910156406587e-13,3.6635326399119246e-11,3.457660316557574e-06,5
1122,05:07:00,4.174906136499179e-12,3.544802853606241e-13,1.7663999771440148e-13,1.1912732704004808e-13,1.3888918480195715e-13,3.8861506263945415e-10,3.5005101478786356e-06,5
1123,05:07:30,5.85220019627106e-12,5.088207449623893e-13,1.7160925405752094e-13,7.544144603980785e-14,1.5923233164584212e-13,2.799039829970648e-09,3.5065396633474087e-06,5
1124,05:08:00,4.838748107610996e-12,2.098786762846117e-13,1.330015641075164e-13,5.72863622481041e-14,7.574434019677427e-14,5.164905344231553e-10,3.508920372441497e-06,5
1125,05:08:30,7.337155346529003e-12,2.544175978002281e-13,1.9749288514922755e-13,7.085701498038968e-14,1.3271207954701964e-13,6.978818681510158e-09,3.4996660131446533e-06,5
1126,05:09:00,5.178428810548612e-12,3.0470300618612763e-13,1.433121637123768e-13,7.476278626867033e-14,1.1333981360045487e-13,6.0862214163003435e-09,3.533207988405719e-06,5
1127,05:09:30,2.1713528976917833e-12,2.086013137388698e-13,3.5035920505085466e-13,1.7688530118327314e-13,2.1073566225591065e-13,9.254880022216823e-10,3.5312144218329797e-06,5
1128,05:10:00,1.9506701962841212e-12,2.5712403687901317e-13,2.0139620795806787e-13,1.2770587350685656e-13,1.8493537487648132e-13,1.325692008546984e-09,3.3887095885411396e-06,5
1129,05:10:30,1.8702083201205656e-12,2.739395526589385e-13,2.688568652571383e-13,1.6986013594211934e-13,1.1809637216782332e-13,2.810760046796915e-10,3.4763937039344823e-06,5
1130,05:11:00,2.3770342808310486e-12,2.5265613247037953e-13,3.015668993409094e-13,1.5294640152091162e-13,2.1952748843164406e-13,4.3505673311040037e-10,3.167289999301708e-06,5
1131,05:11:30,2.0327930113851548e-12,3.035697739456655e-13,2.0035426451021276e-13,1.305644418582102e-13,1.8622539968930826e-13,6.116728800352819e-11,3.4165645605817463e-06,5
1132,05:12:00,6.725579416605396e-12,3.9701500072596903e-13,3.784491419459749e-13,1.826760542049285e-13,1.9716486975616606e-13,3.447040080282749e-09,3.2710329608534863e-06,5
1133,05:12:30,2.623760604225949e-12,2.8258415235395616e-13,3.6138608715743893e-13,1.6053765591522775e-13,1.983194098980822e-13,2.114776996644672e-09,3.2318143560828954e-06,1
1134,05:13:00,3.6413792121890794e-11,8.599288187905661e-13,4.55786122943293e-13,3.3074132353625505e-13,3.0493308686751966e-13,5.45882422597879e-09,3.3450069945650103e-06,0
1135,05:13:30,3.1807888422914424e-12,3.346090718900625e-13,2.2225317168734738e-13,1.8628851061056028e-13,1.7827904685444125e-13,1.2843215932538713e-10,2.9990408919472727e-06,1
1136,05:14:00,3.640331341184583e-12,4.584112387337762e-13,2.0574768753408978e-13,1.4665425911435323e-13,2.265887450006912e-13,5.680307340797489e-11,2.2684334922629695e-06,1
1137,05:14:30,3.6054970342905807e-12,4.5040472071113873e-13,3.8995534131560395e-13,1.4492507645594393e-13,2.1785438639128405e-13,5.474889612011351e-11,1.7219105574676266e-06,1
1138,05:15:00,3.694480784401888e-12,2.8572972937763304e-13,1.7933876492084023e-13,1.0025621622191471e-13,2.3544046792099097e-13,2.9462735085379214e-11,1.428308884842928e-06,1
1139,05:15:30,4.07828976913925e-12,3.7899243090366903e-13,2.2279493520890325e-13,1.066170335657835e-13,2.30634656269674e-13,2.544374312669613e-11,1.1682575088188497e-06,5
1140,05:16:00,5.823030732299452e-12,5.683055313349715e-13,2.530997152784372e-13,1.101277504247187e-13,2.144664781359799e-13,9.476769567378677e-11,1.2725558504297198e-06,5
1141,05:16:30,3.039039256459736e-12,3.069840154044099e-13,2.596391273979018e-13,1.1494531828843216e-13,2.338841966227594e-13,5.289632660861384e-11,1.0729193181423258e-06,5
1142,05:17:00,5.9126704249526245e-12,5.885377495973157e-13,1.9002884748809075e-13,8.631983152153804e-14,1.9042460699736134e-13,2.091855841116852e-10,9.857364738060846e-07,5
1143,05:17:30,4.287329673782681e-12,4.3057656398113505e-13,1.6855773065956222e-13,1.1157818882841223e-13,1.337496655718424e-13,1.0632517436889291e-09,9.27025196946818e-07,5
1144,05:18:00,2.9110754808528654e-12,3.5187212093135677e-13,1.6800040938242908e-13,1.2348977241212068e-13,1.0955365340864281e-13,1.9905895052673172e-10,9.22422704472208e-07,5
1145,05:18:30,5.7428315671277655e-12,4.535747738683308e-13,1.7571312868102108e-13,9.250417045259176e-14,1.1019463005022175e-13,3.5972128194965047e-09,8.844574357487981e-07,5
1146,05:19:00,3.0813966695343503e-12,2.1790926007667295e-13,1.6173003257509228e-13,1.00913061207702e-13,1.1183862408515242e-13,4.111209624971039e-10,8.546227814122991e-07,5
1147,05:19:30,7.36845375797782e-12,3.895177148743732e-13,1.0743615939063381e-13,8.289514847257017e-14,6.35985255437552e-14,1.594820425739041e-09,8.683359049634596e-07,5
1148,05:20:00,8.343264485063089e-12,2.867859071880501e-13,1.0998720937396386e-13,9.148482558749137e-14,1.0117608062869404e-13,7.373767910767094e-10,8.751519042818654e-07,5
1149,05:20:30,6.2414740147699815e-12,1.9061971441187181e-13,9.581692497866158e-14,7.175360615045666e-14,9.193702329943986e-14,6.974117838245565e-10,8.62877584569866e-07,5
1150,05:21:00,5.4353329680883705e-12,2.2404746653975042e-13,1.8720804119223534e-13,5.251445452029071e-14,8.599443418267911e-14,2.9555915510449684e-09,8.874946177524044e-07,5
1151,05:21:30,1.4541702102962128e-11,2.914167995679353e-13,1.2856402950059514e-13,6.405182952776057e-14,1.1601804405576887e-13,8.301114584657776e-09,9.028164241140038e-07,5
1152,05:22:00,5.942486432140604e-12,2.4716634500636417e-13,1.6780356371649676e-13,7.83436000484888e-14,6.715391278058473e-14,4.721323910142629e-09,8.481095244734075e-07,5
1153,05:22:30,2.1726240966328748e-11,5.227618419374299e-13,1.8962174660249236e-13,6.291257623631729e-14,1.0397859485298711e-13,6.635325813399367e-09,9.183806664013584e-07,5
1154,05:23:00,6.237091199522163e-11,1.310400370285319e-12,2.7473231379588077e-13,6.016900482637783e-14,1.480204966838947e-13,1.147626984038912e-08,9.680729501492106e-07,5
1155,05:23:30,2.4574636874236875e-11,4.5023826077231143e-13,1.2723715771178773e-13,5.252237472067726e-14,6.999109429090168e-14,2.178842486674032e-09,8.443888882214227e-07,5
1156,05:24:00,2.5364372294684283e-11,3.54277066604995e-13,1.3971347916830604e-13,6.965048884352452e-14,1.4027310042748917e-13,3.467638349724969e-09,9.091566732234912e-07,5
1157,05:24:30,4.150384714074035e-12,2.2566297812037593e-13,1.8347364255772298e-13,8.732220495778683e-14,7.64027394125397e-14,1.7043641550353666e-09,9.13364775229414e-07,5
1158,05:25:00,2.941200775287509e-12,2.8747452962303053e-13,1.7069398283991036e-13,8.830532370512954e-14,6.914044302275354e-14,4.6032960349978197e-10,9.131790467880371e-07,5
1159,05:25:30,1.1167383816774168e-11,2.862203974163638e-13,1.6418718026195095e-13,9.560973293641744e-14,1.029841966389301e-13,2.2837190866782548e-09,8.680056690552073e-07,5
1160,05:26:00,9.522364272308954e-12,2.5507546626323484e-13,1.2338604229096809e-13,9.465540278547454e-14,8.410613425792957e-14,1.1978130610447806e-09,8.612998937649646e-07,5
1161,05:26:30,4.207737456224644e-12,3.015668288728529e-13,1.6474898033413642e-13,8.420064908999097e-14,9.81918766963875e-14,3.948332530038831e-10,9.000206989060867e-07,5
1162,05:27:00,4.640701379800798e-12,2.1942473622501465e-13,1.2359074176661684e-13,5.76269086603007e-14,7.118074288676434e-14,1.5017625842212103e-09,8.764101370286456e-07,5
1163,05:27:30,4.3963167900384115e-12,2.1215658742894615e-13,1.564684786216931e-13,7.31502858551752e-14,8.26814912848603e-14,3.005665909381505e-09,8.744673081947004e-07,5
1164,05:28:00,5.7116894542875024e-12,2.097667905544522e-13,1.544432152828963e-13,5.6542373531679344e-14,6.085100746385886e-14,8.620727755980976e-10,8.684141317192428e-07,5
1165,05:28:30,1.5284775696123804e-11,2.483997635154163e-13,1.2480897052835828e-13,7.350461621009367e-14,1.3301087105997166e-13,5.4047844400409044e-09,8.581733553212036e-07,5
1166,05:29:00,6.805196625103545e-12,2.8999510372435074e-13,1.5701100081291493e-13,8.790948224017342e-14,8.228807982414951e-14,2.0384845982925412e-09,8.947318862617971e-07,5
1167,05:29:30,2.2546541818630253e-12,1.970083980528025e-13,1.1479986089032107e-13,7.779970765811384e-14,8.503522283172006e-14,2.7920237978875077e-10,8.848002372081699e-07,5
1168,05:30:00,3.2237840124756007e-12,2.6627418331782216e-13,1.1256980377310067e-13,7.355264945197457e-14,6.986696808918854e-14,1.6035896802615074e-09,8.720744537517999e-07,5
1169,05:30:30,1.3647598744593822e-11,3.892419339452156e-13,1.3560750490347377e-13,1.0431516862750941e-13,1.1982390346513695e-13,7.974397170932522e-10,8.820463096941732e-07,5
1170,05:31:00,6.342883305687323e-12,3.4645739437992886e-13,1.9376220056096816e-13,7.539136457524256e-14,7.479272016680096e-14,1.3909721988765197e-09,8.890799037011444e-07,5
1171,05:31:30,4.169537631652148e-12,1.6035500124768553e-13,1.5304979145392574e-13,7.794131167773405e-14,9.170370486460114e-14,1.9698229049847527e-09,9.415217641367809e-07,5
1172,05:32:00,2.5608182478412224e-12,3.624790574670478e-13,1.7973265670248638e-13,9.455194121153461e-14,9.870026698632512e-14,2.7350670346803217e-10,8.85936495859786e-07,5
1173,05:32:30,3.591264240075295e-12,3.327297432712522e-13,2.30173185825892e-13,1.2198355302762534e-13,2.288961099866261e-13,2.9228232908323424e-11,8.548058305892594e-07,5
1174,05:33:00,9.410453718411139e-12,3.1943733060951797e-13,1.715318554491695e-13,7.752665970227722e-14,1.0924346524793772e-13,7.836358076497075e-10,8.384151336341179e-07,5
1175,05:33:30,3.741130319401917e-12,2.062287277129741e-13,1.685579724578044e-13,9.241572600128813e-14,9.047728279269211e-14,8.569279046096582e-10,8.411593202956285e-07,5
1176,05:34:00,7.588858216719945e-12,2.609244009513531e-13,1.9135827583391233e-13,1.2331125165414885e-13,1.6566972783637782e-13,8.991091081849458e-10,1.2315968856728586e-06,5
1177,05:34:30,4.675062397180886e-12,2.3855005111196784e-13,1.5942865123081412e-13,1.0221619389704412e-13,1.2875224928334579e-13,4.42064362659957e-10,9.903141471461109e-07,5
1178,05:35:00,4.000244108032246e-12,3.118474474052067e-13,1.7720279918240112e-13,1.1196324373401986e-13,1.4543627624299655e-13,6.204367312532474e-10,9.381121537973388e-07,5
1179,05:35:30,4.324536393800285e-12,2.7458831238377146e-13,3.0799400475736523e-13,1.246935256979023e-13,1.3663042563968896e-13,3.2156056209031476e-10,9.180522596813882e-07,5
1180,05:36:00,5.4790986706939675e-12,2.749703494196624e-13,2.2764509378696215e-13,1.0124760226380186e-13,1.380168005541867e-13,2.8143339735664135e-09,1.0304024264568816e-06,5
1181,05:36:30,3.681759636745591e-12,2.785909731534237e-13,2.7697958320410687e-13,1.0159798920577161e-13,1.8707878019473256e-13,3.679004033962316e-10,1.0575252813765523e-06,5
1182,05:37:00,1.6874090970929013e-12,1.831576849882807e-13,1.413855154654891e-13,1.2044828682583745e-13,1.0560515456524337e-13,2.5922977232761156e-11,9.177096105150276e-07,5
1183,05:37:30,3.0395910235426836e-12,4.61366711591135e-13,3.0538399617762575e-13,1.5840237638427294e-13,2.465733661978437e-13,6.605595616740216e-11,8.52092448429169e-07,5
1184,05:38:00,2.754329013623516e-12,3.4089015943881273e-13,3.2452214400440443e-13,1.3944013787745105e-13,1.8642314836935835e-13,3.037989475779057e-11,8.389475519345845e-07,5
1185,05:38:30,1.7381156579754367e-12,1.8678219044478268e-13,2.695428362110641e-13,1.2229436752684706e-13,1.7511941049982765e-13,9.14198612180081e-11,1.2122553025045012e-06,5
1186,05:39:00,2.825983533054213e-12,4.435301792764779e-13,2.9063778275471155e-13,1.4874951029840124e-13,1.5613065444770228e-13,2.4284526079654363e-11,8.682208073605486e-07,5
1187,05:39:30,4.012354702946525e-12,2.8048090311336964e-13,2.7822728335289735e-13,9.783854027628469e-14,2.0342156537591706e-13,3.350277389988999e-11,1.058825886568052e-06,5
1188,05:40:00,5.092558120389966e-12,3.041570939229643e-13,2.576631262058978e-13,1.185335562500546e-13,2.0150705220617928e-13,2.2029100922921212e-11,9.076444635174879e-07,5
1189,05:40:30,4.8304008399473594e-12,4.0855473832191266e-13,1.890883867603965e-13,1.2943771799636503e-13,2.4161214426627934e-13,2.3933681050880387e-11,8.781063306504044e-07,5
1190,05:41:00,2.658285142496909e-12,3.701289587992354e-13,1.582276924731911e-13,1.1063465775520727e-13,1.3942020109055617e-13,4.2252498964048454e-11,1.3120361773034143e-06,5
1191,05:41:30,3.7400880564025805e-12,4.2016220982332544e-13,2.2002254878796057e-13,1.1944434466390238e-13,1.622038517168757e-13,3.430484599617019e-11,9.69716308515129e-07,5
1192,05:42:00,4.6461733143566e-12,2.967449942759653e-13,1.9107239482871852e-13,8.54853114001464e-14,1.2426060849149448e-13,1.0968895153816723e-10,8.858291880323683e-07,5
1193,05:42:30,5.101867533688707e-12,4.4630196384053145e-13,2.1622548883560765e-13,9.988618615160833e-14,1.5896755180179325e-13,2.859896835405196e-11,8.909281272576342e-07,5
1194,05:43:00,2.321342555630159e-12,2.793036194011699e-13,1.8337180517158674e-13,1.1686353082441377e-13,1.0839544350974632e-13,2.8451629674036238e-11,8.699559960755083e-07,5
1195,05:43:30,4.834159421437374e-12,4.700438232792998e-13,1.704325804718387e-13,9.173938144865709e-14,1.7265039892333535e-13,2.674152239175259e-11,8.682115933939804e-07,5
1196,05:44:00,4.171128812308507e-12,3.4923417073761995e-13,1.7616739396255187e-13,8.399183008371194e-14,1.3255626307881328e-13,1.8044772174061764e-09,8.590628890416393e-07,5
1197,05:44:30,2.9551344092158917e-12,3.131146305410514e-13,1.9138313598154346e-13,1.3799634726825004e-13,1.702479071686411e-13,2.7706649655962202e-11,9.189002254565188e-07,5
1198,05:45:00,4.223844334363696e-12,3.910689135359145e-13,2.0990503675621392e-13,1.210360645741257e-13,1.833146000107153e-13,3.5015329979409e-11,9.204683834618793e-07,5
1199,05:45:30,4.250831010662604e-12,3.4786062195771993e-13,1.823522094085774e-13,9.21701583448776e-14,1.508206922239715e-13,1.7926553787580218e-09,9.277963268858077e-07,5
1200,05:46:00,3.938996985746865e-12,1.9828660919241752e-13,9.644577920696888e-14,7.000231783429677e-14,8.483084434437132e-14,1.2209377015984428e-10,9.173589022193295e-07,5
1201,05:46:30,3.9190812981229194e-12,2.800856992967188e-13,2.253859659372896e-13,9.128767946626232e-14,1.1990906915772212e-13,4.2561287401919505e-11,9.244363736066743e-07,5
1202,05:47:00,4.272842928047226e-12,3.470005151576257e-13,1.983469985390312e-13,1.2085291598412763e-13,1.4629688303063775e-13,2.7467691822515212e-11,9.219706056102552e-07,5
1203,05:47:30,3.653346810304413e-12,4.001491562488535e-13,2.2581211906617743e-13,1.0739520584890535e-13,2.263044361834764e-13,2.587133079948035e-11,9.248248878462798e-07,5
1204,05:48:00,2.9024324587777014e-12,2.0643089329683515e-13,1.4481335078995383e-13,1.318449260015063e-13,2.3387081629734043e-13,3.046597395126574e-11,9.333068681245019e-07,5
1205,05:48:30,2.5386664124699574e-12,2.890388514290387e-13,1.8246230332649585e-13,1.1917539775437074e-13,1.7129908993860732e-13,2.744970319472238e-11,1.2369485872460785e-06,5
1206,05:49:00,3.967728959943229e-12,3.579054941602957e-13,2.0985047236651472e-13,8.788965276922053e-14,1.2668789253889597e-13,2.256534367573308e-11,9.344223127508859e-07,5
1207,05:49:30,4.254859999329243e-12,3.396399590536119e-13,2.296347339884308e-13,1.1839589910752524e-13,2.627355268717852e-13,2.413249058329546e-11,8.996870656605469e-07,5
1208,05:50:00,3.843424902179547e-12,4.5358933521581916e-13,1.869548474255554e-13,9.982267517426446e-14,1.2363677515599208e-13,2.511955418541676e-11,9.54856919565328e-07,5
1209,05:50:30,3.621206213686184e-12,3.3277245788156914e-13,1.710990384603162e-13,1.0626888309514655e-13,9.603106843875504e-14,2.1069172007793965e-11,9.254842565463528e-07,5
1210,05:51:00,2.9146978981449127e-12,2.0798162186286733e-13,2.0109861472771912e-13,9.506045409455613e-14,1.8470477638945314e-13,2.3946597934401016e-11,9.779607735392514e-07,5
1211,05:51:30,4.528843692679473e-12,3.6673701346452395e-13,2.0238839471975127e-13,1.1681899885261063e-13,2.721205169444768e-13,2.7841483862073547e-11,1.0272444747878313e-06,5
1212,05:52:00,7.333936762742247e-12,4.897590636670448e-13,2.019002236158296e-13,1.002804066981239e-13,1.347870815011944e-13,2.8658911150566865e-11,1.0209504407735364e-06,5
1213,05:52:30,4.325862350555166e-12,4.018119877354714e-13,1.8726832296350124e-13,9.813810025267759e-14,1.402260524459766e-13,1.1186131283375134e-10,1.003158641687383e-06,5
1214,05:53:00,5.5972292453767255e-12,4.242337999935545e-13,2.5545821617252453e-13,8.465434178442572e-14,1.1126702595616423e-13,5.944829967145406e-11,1.0449982099721523e-06,5
1215,05:53:30,3.885949186073214e-12,3.12325093065667e-13,2.1733407474145014e-13,1.275168744340021e-13,1.8886112978757253e-13,3.677185624899612e-11,1.0764902989019772e-06,5
1216,05:54:00,3.4495435152264373e-12,3.7136392104692293e-13,1.7861908008938048e-13,9.31890218743637e-14,9.746511491588009e-14,2.7223107238183065e-11,1.121083688916289e-06,5
1217,05:54:30,7.547456196219824e-12,5.333142285084065e-13,2.0116628171014013e-13,8.756536925289455e-14,1.8845762595756976e-13,5.042720161400728e-10,1.0984700285695389e-06,5
1218,05:55:00,9.039669479625986e-12,4.409055692648455e-13,2.1544846067555087e-13,1.2646291969188585e-13,2.3008628671041896e-13,1.395698489291491e-10,1.3039599040709853e-06,5
1219,05:55:30,4.472198268687234e-12,3.4412498433750455e-13,1.9636640855436756e-13,1.0639738724587208e-13,2.2187415085617095e-13,2.987359879026155e-11,1.3762939201354842e-06,5
1220,05:56:00,6.772688485894238e-12,3.6723503560925073e-13,2.3124527689135125e-13,1.0280412273488115e-13,1.7453081953088837e-13,4.478845716921078e-11,1.6057473351214124e-06,5
1221,05:56:30,4.584971948208942e-12,2.926239925169388e-13,2.621213595218606e-13,8.323205911866286e-14,1.1277836438828678e-13,3.534609701232354e-10,1.5789165668054936e-06,5
1222,05:57:00,3.8882709913659e-12,3.7103025352944293e-13,1.8279415815714295e-13,1.0886942685550566e-13,2.6628667175315466e-13,4.061172461267525e-11,1.6603682967768738e-06,5
1223,05:57:30,2.0577075667210347e-12,1.5295453660521266e-13,1.2827202277050558e-13,5.92990842686952e-14,9.00570627381946e-14,8.089631525350808e-10,1.768218282559482e-06,5
1224,05:58:00,2.8897110869750534e-12,2.0133949943742706e-13,1.6705518899943421e-13,6.485451181602032e-14,9.944888511572146e-14,1.11644802366316e-09,1.7130523190571534e-06,5
1225,05:58:30,8.08210564231937e-12,2.8654606718040487e-13,1.444077527982694e-13,6.609236319516517e-14,9.338154438262064e-14,4.191520823625493e-09,1.742652514662107e-06,5
1226,05:59:00,3.733325925463356e-12,2.1009382361668613e-13,1.9568181679108558e-13,7.98276998565451e-14,1.2102572304288759e-13,8.59350985325553e-10,1.7100048785676375e-06,5
1227,05:59:30,2.1910641901282135e-12,2.20320618942255e-13,1.704069662291243e-13,1.4889511310722149e-13,1.5620026016867354e-13,8.107336221866626e-10,2.4739108470733207e-06,5
1228,06:00:00,2.211474598980908e-12,2.1797209331753565e-13,1.3369677405192635e-13,8.889355348980283e-14,7.04440209043889e-14,2.6207539284924136e-11,2.1690332370751226e-06,5
1229,06:00:30,4.93134246115937e-12,3.0007804088003093e-13,2.1149753524599952e-13,8.986551333573841e-14,1.77489497729507e-13,2.8045757308265977e-11,2.088494000207634e-06,5
1230,06:01:00,5.659003819643874e-12,3.290970186203278e-13,1.9884478213265333e-13,9.657163685614841e-14,1.4892004230773228e-13,2.9755542025925845e-11,2.058293302463308e-06,5
1231,06:01:30,3.3675228396806127e-12,2.862012239283709e-13,2.2044285237631203e-13,7.279017217766422e-14,1.352704169698346e-13,6.007157292795048e-10,2.1086320296867905e-06,5
1232,06:02:00,3.642348927102681e-12,3.52690469650182e-13,1.9442837797535885e-13,1.1213509869501685e-13,1.2072680030640458e-13,3.750139356205844e-11,2.100447663726004e-06,5
1233,06:02:30,6.858187524070955e-12,4.338475056759304e-13,1.7484965593214496e-13,1.156663755477296e-13,1.4427126477237328e-13,1.1411786035878505e-10,2.082327074132927e-06,5
1234,06:03:00,1.2281224109920633e-11,4.61281652714582e-13,1.6089283806618673e-13,7.03322669893122e-14,8.945352639188469e-14,1.9454151128248164e-09,2.1329254593407275e-06,5
1235,06:03:30,1.1557543360526323e-11,3.64896757619341e-13,1.4138716613595596e-13,5.4642627875571185e-14,6.999021514525529e-14,1.956645664807928e-09,2.1430477995738885e-06,5
1236,06:04:00,4.954782416167462e-12,2.35317501572689e-13,8.357452925116698e-14,5.577999796814489e-14,1.129180547085029e-13,3.2405597657375075e-09,2.1245533204215395e-06,5
1237,06:04:30,6.401040751899115e-12,1.0369945939764111e-13,1.92388932722473e-13,6.703238722378833e-14,1.2420746109124004e-13,3.323021379604394e-09,2.2161408919876998e-06,5
1238,06:05:00,3.977023764348667e-12,2.4289635026609913e-13,2.57069693681136e-13,1.3150648213796996e-13,1.7691854479389634e-13,3.597148800358273e-10,2.155477160167004e-06,5
1239,06:05:30,2.9939085093571447e-12,1.7991883383433419e-13,1.8947762765959308e-13,1.0710998897804795e-13,1.480191575170767e-13,3.153435662533753e-10,2.138462532826645e-06,5
1240,06:06:00,3.5508374071265176e-12,2.704802117599694e-13,2.2351218773271702e-13,1.0331541794415055e-13,1.7406392652298174e-13,1.755195413982487e-10,2.1517614449468276e-06,5
1241,06:06:30,4.25675363708056e-12,3.707117953460236e-13,3.352525607403208e-13,1.7587934509001303e-13,2.599100952213066e-13,6.783875068619591e-11,2.0905521370180357e-06,5
1242,06:07:00,5.891818112009675e-12,4.0322726176712144e-13,2.54666278971838e-13,1.1332545662777352e-13,2.1537107955945002e-13,1.557074502066036e-10,2.104105409338431e-06,5
1243,06:07:30,1.901618234334212e-12,2.657467136493729e-13,2.589269420655873e-13,1.0848520291127171e-13,1.3636652799864205e-13,2.9712770839715064e-11,2.070719355932523e-06,5
1244,06:08:00,3.5528157319476234e-12,3.718245913264344e-13,2.1891205454119972e-13,1.1920857750530262e-13,2.629068945720416e-13,2.6235906092151785e-11,2.0791259275088972e-06,2
1245,06:08:30,1.9431760003821214e-12,2.4569789382028935e-13,1.7568430031621738e-13,6.659157639844859e-14,1.8324451925026965e-13,2.4960331311773802e-11,2.116101321683085e-06,2
1246,06:09:00,3.680302081172012e-12,2.9202264959527484e-13,2.7315422214291717e-13,1.1487837746665497e-13,1.9902882880797976e-13,3.748862549471818e-11,2.2836363467346634e-06,2
1247,06:09:30,1.64795146002278e-12,1.394444733728881e-13,2.2615647153975315e-13,8.996005776723727e-14,1.423859595546653e-13,1.8140271899858455e-10,2.3753815727417893e-06,2
1248,06:10:00,3.319367988907848e-12,1.6901891434948129e-13,1.5235074884581474e-13,8.26989829699419e-14,1.2516022331100695e-13,1.1342521540976078e-10,2.3983471848958564e-06,2
1249,06:10:30,2.8834374480875094e-12,2.3654505881230697e-13,3.324213326561516e-13,1.4368076561250067e-13,2.3701374478370026e-13,1.438394862887517e-10,2.637815631976799e-06,2
1250,06:11:00,3.6263587400690032e-12,2.582246994178564e-13,1.5678904138967863e-13,7.854396070890559e-14,1.0566873732893312e-13,3.273251545455821e-11,2.3338357564116014e-06,2
1251,06:11:30,3.432341716219903e-12,3.4210760793954985e-13,3.0982545482559085e-13,1.1923988734248878e-13,1.9657486897292472e-13,8.24120622434583e-11,2.238374278369288e-06,2
1252,06:12:00,3.505987237082896e-12,2.3475860912977195e-13,1.5073354330794523e-13,8.458799283987209e-14,9.031607436396298e-14,2.1241143611003006e-10,2.307187729185627e-06,2
1253,06:12:30,4.8749249351284005e-12,2.956008439665244e-13,1.9952187575460487e-13,7.475893970708934e-14,2.239881225914179e-13,4.10248534330909e-11,2.2272477591746075e-06,2
1254,06:13:00,3.1838261178788005e-12,2.897538983615932e-13,1.8173198253209406e-13,7.459592462428043e-14,2.1681428968757603e-13,3.6577562288143364e-11,2.23960831174545e-06,2
1255,06:13:30,4.325110520592414e-12,2.762448387992043e-13,2.378573558388161e-13,8.558689989687038e-14,2.8039047067358887e-13,3.023485220593382e-11,2.2932166354587863e-06,2
1256,06:14:00,3.4935168208652222e-12,2.4762060742612103e-13,1.8603974468691552e-13,7.001654861611581e-14,1.850807840991503e-13,3.985441103719055e-11,2.2805696486021496e-06,2
1257,06:14:30,6.373519740392823e-12,2.5077625401698154e-13,1.781452378504328e-13,7.720886180345744e-14,2.0616310932386e-13,3.6126754099314945e-11,2.361775032307937e-06,2
1258,06:15:00,3.8386681895126964e-12,3.0776455071543595e-13,1.6992340930373872e-13,6.699091069500019e-14,1.5738927474872585e-13,4.2735391366078585e-11,2.3562139881592023e-06,2
1259,06:15:30,2.731201097877893e-12,2.2636891894394836e-13,1.830700801749224e-13,8.836227697175058e-14,1.5110524410365804e-13,2.984323654129905e-11,2.345126036987754e-06,2
1260,06:16:00,3.065346296060138e-12,3.033672654556222e-13,1.4244629136937313e-13,7.588594270057464e-14,2.6715914486146726e-13,3.1223029486157104e-11,2.270485693635156e-06,2
1261,06:16:30,3.861487909518172e-12,4.5354555970673475e-13,3.5369277410802956e-13,1.1044112034362456e-13,1.9184256278737403e-13,3.154388938727042e-11,2.367179585187128e-06,2
1262,06:17:00,3.5070432791595515e-12,2.698383685687838e-13,1.4648260498468295e-13,6.217408104487717e-14,1.1706777743564263e-13,3.555773788671975e-11,2.4374378967676736e-06,2
1263,06:17:30,2.7581996226582556e-12,2.763231480571683e-13,2.669897821187457e-13,1.0735738537753923e-13,1.9102938317487619e-13,3.692579078974318e-11,2.4337175072396055e-06,2
1264,06:18:00,2.1238216111074215e-12,2.96349588959786e-13,1.5690700708493404e-13,8.969016663548055e-14,1.4584821444780643e-13,3.902148812509602e-11,2.3571999287791405e-06,2
1265,06:18:30,4.037697261346423e-12,3.6059264147001517e-13,2.310203256145508e-13,6.133284051074276e-14,2.198104242244684e-13,3.3818130045580636e-11,2.3490593975782436e-06,2
1266,06:19:00,3.573762252206579e-12,2.837463683588994e-13,2.212097853775959e-13,7.011274500406902e-14,2.299625977586741e-13,2.7194740292134354e-11,2.3424640580555606e-06,2
1267,06:19:30,4.122509614797119e-12,2.8286615828013295e-13,1.396918977338234e-13,7.392296443819443e-14,3.1877506730005246e-13,2.6838700384804615e-11,2.2683872544453694e-06,2
1268,06:20:00,3.2722950600455193e-12,2.5215900581085897e-13,1.9494712103977868e-13,5.759075681912773e-14,2.2199061601923706e-13,2.4074512993287715e-11,2.39315311075353e-06,2
1269,06:20:30,4.68617037353169e-12,3.395650662197818e-13,1.888562725309525e-13,4.372762080175523e-14,6.54284295691135e-14,2.969032655553104e-11,2.407693100020866e-06,2
1270,06:21:00,4.667810823173127e-12,3.331732567983588e-13,1.5446894465841455e-13,5.551153381038817e-14,1.8390866958322325e-13,2.445346851007719e-11,2.3881565936038805e-06,2
1271,06:21:30,6.615086215378756e-12,3.8827806794810715e-13,1.0331522277633392e-13,6.11494840487893e-14,2.0861128484651255e-13,3.1598383901259745e-11,2.347515756212613e-06,2
1272,06:22:00,5.3530885965788494e-12,3.813979504983747e-13,1.5469818197598213e-13,5.134933009953306e-14,1.5511304578947804e-13,2.71746030196807e-11,2.332852498227225e-06,2
1273,06:22:30,6.843829177334188e-12,4.131802801540273e-13,1.7426882366926552e-13,3.8867143033512685e-14,8.628898485825695e-14,2.7692309995358996e-11,2.3326660692976734e-06,2
1274,06:23:00,6.404683676012695e-12,4.3283395281563985e-13,1.849717178970063e-13,4.969824518620363e-14,1.5186768747869585e-13,4.8133861423447086e-11,2.3670096030504156e-06,2
1275,06:23:30,3.9098861170525995e-12,4.1224691387203083e-13,1.5738897737180135e-13,5.0441663315324694e-14,1.351532964312665e-13,3.6499115171347933e-11,2.3426329389626903e-06,2
1276,06:24:00,4.78239689859974e-12,4.756288585375968e-13,2.009990568348827e-13,4.336891603290945e-14,1.0683441890534636e-13,4.008665645574106e-11,2.3796600714843232e-06,2
1277,06:24:30,5.778555968648708e-12,3.5476506282509176e-13,1.9360451697472024e-13,5.748213875894921e-14,1.3202620216614118e-13,3.947588522712187e-11,2.5093649238515425e-06,2
1278,06:25:00,5.403944000017823e-12,5.050874627541034e-13,2.0282122031911897e-13,4.4559649676109093e-14,1.5753800339819484e-13,3.028525255358201e-11,2.464165401075127e-06,2
1279,06:25:30,7.591428797672919e-12,4.27339022270578e-13,1.559563361256029e-13,4.847232361985838e-14,1.5030948291855744e-13,2.7688260973627793e-11,2.520296469408221e-06,2
1280,06:26:00,4.593677125764974e-12,3.584283462900738e-13,1.811040275514641e-13,4.673955714648603e-14,1.2252155377681903e-13,3.77631196880523e-11,2.526829439236276e-06,2
1281,06:26:30,5.38643311653685e-12,3.1826958440483533e-13,2.004482608647473e-13,4.2455707389920673e-14,8.855776281301641e-14,3.105811853048301e-11,2.5664520543671873e-06,2
1282,06:27:00,6.5372011768180395e-12,4.1058607882686874e-13,1.5217468707808854e-13,4.2657411742079305e-14,1.2070541101376182e-13,4.137749977622415e-11,2.5772361623344566e-06,2
1283,06:27:30,5.753699651628615e-12,2.8134994449915747e-13,1.8411900013999808e-13,4.4409567367133915e-14,1.3879071359969739e-13,3.671647105906164e-11,2.5589199263938735e-06,2
1284,06:28:00,6.02536396384137e-12,4.0248103183147844e-13,1.8712666729868052e-13,5.033040952235526e-14,2.087361311289065e-13,3.87012577775069e-11,2.5912844050162174e-06,2
1285,06:28:30,5.143071475333509e-12,3.5419764011321223e-13,1.6137022445184684e-13,4.3207958475639733e-14,1.3200978449358471e-13,3.744713698737242e-11,2.6635512940645294e-06,2
1286,06:29:00,7.600621440750305e-12,3.638498115399932e-13,1.8451676391677122e-13,4.454702457242224e-14,1.482031049093518e-13,3.360680262914643e-11,2.6332079200103613e-06,2
1287,06:29:30,5.997999122292143e-12,3.8414912762834836e-13,1.9021557944003259e-13,3.76435149767414e-14,1.1166984909900679e-13,5.1647657571531535e-11,2.6166372868913446e-06,2
1288,06:30:00,7.743004014389233e-12,3.9385999022460207e-13,2.360705829822563e-13,4.950126455328188e-14,1.4701415582999493e-13,7.868120731250083e-11,2.6598836660629976e-06,2
1289,06:30:30,5.572519080969212e-12,3.182007233694448e-13,1.7446532692057983e-13,4.4113912856480715e-14,1.6254543140880077e-13,3.016168351021034e-11,2.6535023175102263e-06,2
1290,06:31:00,5.013559932585408e-12,3.427047579445038e-13,1.7020683828300219e-13,3.61384156662112e-14,1.0902644882731365e-13,4.642565735018352e-11,2.6378970534066796e-06,2
1291,06:31:30,8.560835863171094e-12,4.974687339969383e-13,1.7979373551774582e-13,4.216978227926944e-14,1.3450550297793816e-13,4.328053377070348e-11,2.6921268797114452e-06,2
1292,06:32:00,4.602825675055479e-12,3.5724238015447245e-13,1.5548183021134767e-13,3.6412933598834e-14,1.210571811229125e-13,4.8316076841183324e-11,2.7060899917882934e-06,2
1293,06:32:30,5.4221275870263275e-12,4.282645428943572e-13,1.425834993577652e-13,3.915261994027709e-14,1.5153065633351168e-13,4.427649008358463e-11,2.726811835984215e-06,2
1294,06:33:00,5.464246848247498e-12,4.3069894214223425e-13,2.2967155484153897e-13,3.697962498071115e-14,1.1395174201715954e-13,4.5809758182525516e-11,2.753494416740555e-06,2
1295,06:33:30,6.9558633836311896e-12,4.794576909547979e-13,1.6595355992928152e-13,3.3784657595333935e-14,9.069018533556668e-14,4.4803775768191485e-11,2.68128326771688e-06,2
1296,06:34:00,7.99739942977783e-12,4.977153969722328e-13,1.2742348195599938e-13,2.9668165997948574e-14,7.715542056070384e-14,7.692294411376381e-11,2.705579838052195e-06,2
1297,06:34:30,5.672134468681231e-12,3.45503156030576e-13,1.6023938286222364e-13,3.025417210386624e-14,7.835680160071957e-14,4.527024144598147e-11,2.76007095269955e-06,2
1298,06:35:00,5.427936217464428e-12,3.9408740496520893e-13,1.615546412353607e-13,2.884270547852543e-14,6.44087342986027e-14,5.1600040836089844e-11,2.7490965322629654e-06,2
1299,06:35:30,1.0218120616434223e-11,5.721982049805372e-13,1.6142434536024546e-13,3.689266169155961e-14,1.2686015307547116e-13,6.307237277381838e-11,2.75780936966865e-06,2
1300,06:36:00,7.623943171815663e-12,5.460354284207746e-13,1.6579016435585868e-13,3.3938481088010896e-14,8.19288254563938e-14,3.8861306469894015e-11,2.7951904547499416e-06,2
1301,06:36:30,4.599673950949319e-12,4.226785095141235e-13,1.8544308951630775e-13,3.7125997918295104e-14,9.069623687485058e-14,4.5355786650352755e-11,2.850373470130686e-06,2
1302,06:37:00,7.1818669842782295e-12,4.3395901151578703e-13,1.6512334397787944e-13,3.4196836756992e-14,9.040167447817851e-14,4.434665580205662e-11,2.8540552954889727e-06,2
1303,06:37:30,5.001536952332065e-12,3.944883032935825e-13,1.726536066711635e-13,2.920903813578591e-14,7.66033323696375e-14,5.570423960891915e-11,2.826904150626691e-06,2
1304,06:38:00,9.135719509357388e-12,4.813750291877023e-13,2.1519844610178143e-13,4.84437689925094e-14,1.5982313723951178e-13,7.054860462392167e-11,3.1250742773632383e-06,2
1305,06:38:30,4.498231090182486e-12,3.7053620015487607e-13,1.9182940220191842e-13,3.159242329134056e-14,4.803156647479926e-14,4.856532520244547e-11,3.366849424095669e-06,2
1306,06:39:00,3.843579578690649e-12,3.501033193657322e-13,1.478086043755702e-13,5.1138922449926075e-14,2.399183086131331e-13,4.042149463846436e-11,3.3865606047206634e-06,2
1307,06:39:30,5.144291312833106e-12,5.940680680976722e-13,1.7647972308755475e-13,3.7169282180444035e-14,1.1007888987746256e-13,7.326832124294405e-11,3.296669586734168e-06,2
1308,06:40:00,6.789293583831866e-12,4.099348353430073e-13,1.6497788180594616e-13,3.311313548171521e-14,9.35700056778576e-14,5.300123923934752e-11,3.325481168582231e-06,2
1309,06:40:30,4.994366187950079e-12,3.866566271481746e-13,1.7370078254517547e-13,3.2616441185065274e-14,1.0108976674830365e-13,5.692677330408126e-11,3.422319380301039e-06,2
1310,06:41:00,4.727527209129969e-12,4.149139744586856e-13,1.373861996255639e-13,4.047218838916721e-14,1.4189515008470004e-13,4.075782478668845e-11,3.421825207309052e-06,2
1311,06:41:30,4.78370138878048e-12,5.792740373628935e-13,2.1594314606607892e-13,3.832505068995615e-14,9.031365781775322e-14,7.522743916930023e-11,3.3312600820009864e-06,2
1312,06:42:00,7.1962833944200416e-12,7.837904609056595e-13,2.266261585136326e-13,4.211364737757928e-14,1.3858418618087045e-13,5.792613836818329e-11,3.4017834340360375e-06,2
1313,06:42:30,5.464412050327427e-12,4.798496098556266e-13,1.46191807346857e-13,3.577195163092797e-14,1.1613346686080328e-13,6.099331147710565e-11,3.377307799714214e-06,2
1314,06:43:00,6.505487687566672e-12,4.785735392248672e-13,1.6183002787619692e-13,2.9455307498426554e-14,7.306796685118309e-14,4.900599331772764e-11,3.3206997133877373e-06,2
1315,06:43:30,7.290082278073775e-12,4.425237890057173e-13,1.2554986870678807e-13,2.878919812907383e-14,6.637258475189557e-14,3.88000403199424e-11,3.3032163676292076e-06,2
1316,06:44:00,8.242921931487824e-12,3.4294598385658477e-13,1.2911190030893293e-13,2.983827462561721e-14,7.75130421367517e-14,5.1015685201354385e-11,3.345001407207438e-06,2
1317,06:44:30,4.9568662499496546e-12,4.3498659126828363e-13,1.536946890420542e-13,3.0833417429835177e-14,8.049407648976407e-14,5.5723289301630804e-11,3.3725390260547376e-06,2
1318,06:45:00,7.854740541067836e-12,4.165958779934741e-13,1.3646884687132483e-13,3.3361293454797797e-14,8.693520487562822e-14,4.635927603273095e-11,3.312024262270353e-06,2
1319,06:45:30,7.748465688452265e-12,4.5472428134326007e-13,1.6408188933192596e-13,3.2442701631086274e-14,1.0816450276337801e-13,5.171573397746537e-11,3.3109079251333626e-06,2
1320,06:46:00,5.9755402228725076e-12,5.601857750544078e-13,1.5276823946426972e-13,3.2072327879126245e-14,8.906083104069168e-14,6.482274882605309e-11,3.364505025751305e-06,2
1321,06:46:30,4.649620019265185e-12,4.1416398140219507e-13,1.3533495324669824e-13,3.416354859294604e-14,1.0415134381497948e-13,5.97055024241418e-11,3.35398359968631e-06,2
1322,06:47:00,5.451009319868743e-12,6.368823882853592e-13,2.0605209765425088e-13,3.548240961517928e-14,1.1400409122540338e-13,5.036241296007871e-11,3.4289813833285484e-06,2
1323,06:47:30,6.4999765119880826e-12,4.331056419910531e-13,1.2949547271606354e-13,3.3351953894177995e-14,1.0154038727195928e-13,7.631832107570951e-11,3.3726534255034262e-06,2
1324,06:48:00,8.09896977802623e-12,6.549016557346234e-13,2.521634106101477e-13,3.325036701042305e-14,8.715268944986635e-14,5.807718290426057e-11,3.4057429236395224e-06,2
1325,06:48:30,5.638723042043238e-12,5.01545614476688e-13,1.4975062049408242e-13,3.309183123218559e-14,7.932573333782851e-14,6.058827089938528e-11,3.390169349185676e-06,2
1326,06:49:00,6.8826059339051486e-12,4.786376166033588e-13,1.3751677932639463e-13,3.254613772409146e-14,7.666933435464231e-14,5.843200232456186e-11,3.3863254962599678e-06,2
1327,06:49:30,5.432229771626018e-12,4.779702359059351e-13,1.1351561457409082e-13,2.82074104237696e-14,8.584751016919119e-14,6.438487620606047e-11,3.4303545568255278e-06,2
1328,06:50:00,6.401180352239024e-12,4.432569324572209e-13,1.742946584041662e-13,3.361431158310625e-14,1.2337207710835696e-13,6.400210652501549e-11,3.3722377846107234e-06,2
1329,06:50:30,7.426585786273772e-12,5.036633894448854e-13,1.9878453373734276e-13,3.971861703126554e-14,1.0047803539924758e-13,8.484964542929992e-11,3.337041239400366e-06,2
1330,06:51:00,3.930605504136677e-12,4.1505902900146823e-13,4.209370662292542e-13,1.0272621609128522e-13,2.3982218741795815e-13,1.6435374002931742e-10,3.4103388336702347e-06,2
1331,06:51:30,4.675946440648383e-12,3.5083097298717587e-13,3.0492365069323033e-13,8.937344644616506e-14,2.1935531497378289e-13,6.104337668294167e-11,3.4293232915441503e-06,2
1332,06:52:00,6.41423791102967e-12,5.894926974863396e-13,2.890010370805344e-13,6.24245975644175e-14,1.420809672268064e-13,4.184333262431284e-11,3.414575343365896e-06,2
1333,06:52:30,5.970406755726745e-12,5.647318334182682e-13,4.1154720744414856e-13,1.6430859851037546e-13,2.7933394754028115e-13,1.8613002666654724e-10,3.387188264651703e-06,1
1334,06:53:00,2.4358036779593672e-11,8.882310798854632e-13,5.431127037211619e-13,3.7099201324759327e-13,6.138685904040995e-13,5.946131405067362e-09,3.3606021451521336e-06,1
1335,06:53:30,4.2330677402112413e-11,5.641340564508817e-13,3.90366104248985e-13,2.4491572437842646e-13,2.8126112733198224e-13,1.8319833967855736e-09,3.3666443739402324e-06,1
1336,06:54:00,8.86538515252424e-12,6.339055574446692e-13,3.7575976033692257e-13,1.7666853045552857e-13,2.2027883218087445e-13,2.850114059235243e-10,3.4632639425927043e-06,1
1337,06:54:30,3.1982464384574555e-12,5.591034581893285e-13,3.6251121264918734e-13,1.9997266265038612e-13,2.669953334499863e-13,1.1722750169082864e-10,3.402650001035252e-06,1
1338,06:55:00,2.2140640262990595e-12,3.2811452417194257e-13,3.6798031802807993e-13,1.2437135733021733e-13,1.898658897125894e-13,2.041120783390015e-10,3.3619645621377264e-06,1
1339,06:55:30,2.0298662212601666e-12,4.817876040220497e-13,3.11581707197043e-13,1.034264627088091e-13,2.2842085720098254e-13,1.9224267415261297e-10,3.4606271970020314e-06,1
1340,06:56:00,3.614504706786519e-12,5.421189006292886e-13,1.9624855928720134e-13,1.4406833781908473e-13,1.7608110587172045e-13,1.0421592754520828e-10,3.4438372439543292e-06,1
1341,06:56:30,1.3445523309177229e-12,2.729021899979113e-13,1.9600219760827772e-13,9.843349239782025e-14,1.6463334052877395e-13,6.614340191542908e-11,3.440230007243172e-06,1
1342,06:57:00,6.420652063556457e-12,6.191655724318204e-13,2.899888518114726e-13,1.0409536567901394e-13,2.5478900959814984e-13,9.191321875698739e-11,3.477051859651284e-06,2
1343,06:57:30,9.112825692434037e-12,6.848451577432513e-13,3.7293682239102106e-13,2.86150010999156e-13,3.024387531296165e-13,6.342892034977834e-11,3.497348893071161e-06,2
1344,06:58:00,3.3876420777313947e-12,5.287208822328459e-13,2.9261412678644674e-13,8.359378188994162e-14,1.13682938128586e-13,5.4969502586328025e-11,3.4530696521746756e-06,2
1345,06:58:30,2.5752435324899196e-12,3.182969092221708e-13,1.5723589394590766e-13,6.265231444828484e-14,1.2818121422376315e-13,6.047843145356996e-11,3.484931098638369e-06,2
1346,06:59:00,3.3005172966199593e-12,4.3051660410180057e-13,2.6363662585509694e-13,7.352660818029007e-14,1.9233620391106442e-13,7.075182100324191e-11,3.4623747573992235e-06,2
1347,06:59:30,5.157449129583436e-12,3.787433269062289e-13,1.8617618867148615e-13,6.665512344231511e-14,9.336403164000868e-14,4.891393898802568e-11,3.437140501870388e-06,2
1348,07:00:00,2.5750649188520546e-12,3.4203614042631895e-13,1.5744009884111516e-13,6.578417823202356e-14,1.1602234372135143e-13,6.800547114667204e-11,3.4513807995205365e-06,2
1349,07:00:30,1.792793798004692e-11,6.135686970595915e-13,3.17778082627024e-13,2.146231500097846e-13,3.7171246118603707e-13,1.5780653829086175e-09,3.4121861938126425e-06,1
1350,07:01:00,1.683054835069675e-12,2.994020137342534e-13,1.8809899687704443e-13,8.749188387871013e-14,1.696021977174259e-13,5.491733640698448e-11,3.4694429678471374e-06,1
1351,07:01:30,4.318990769124877e-12,4.030181462260947e-13,1.5052877668503064e-13,5.980862185968852e-14,1.3609892629610226e-13,4.843348206273832e-11,3.377241956242917e-06,2
1352,07:02:00,3.8521020657563206e-12,3.807036323457877e-13,3.207639604404845e-13,9.95489728223707e-14,2.34386432772389e-13,7.069563112312919e-11,3.4099927897089157e-06,2
1353,07:02:30,4.640999148175857e-12,2.7701269687555393e-13,1.7084522199362503e-13,6.416874086556167e-14,1.2019730102532305e-13,5.5873117515311536e-11,3.409049217492112e-06,2
1354,07:03:00,5.716630803754416e-12,3.5448916722752916e-13,2.3993338356264387e-13,7.369203964246263e-14,1.3717572336134057e-13,5.95678927685025e-11,3.482155704151299e-06,2
1355,07:03:30,3.5648551870750948e-12,2.796946057812897e-13,2.9090370618554425e-13,9.598931213978296e-14,2.1371523556100145e-13,6.331784908913575e-11,3.4435552348752705e-06,2
1356,07:04:00,4.52716102038268e-12,2.5264242570090825e-13,1.6364178058082663e-13,6.848973597902797e-14,1.9649867757838113e-13,4.7214007511830086e-11,3.455885966703902e-06,2
1357,07:04:30,1.1478768275504021e-12,2.6724888437669224e-13,2.560154236949745e-13,1.42809278873282e-13,2.7260006490387976e-13,5.92865581394869e-11,3.4315654473923122e-06,2
1358,07:05:00,4.649535996982959e-12,3.164584659366291e-13,1.296060522880172e-13,7.324896935879506e-14,1.7512256530683463e-13,3.7261376829301234e-11,3.4082220945257963e-06,2
1359,07:05:30,4.23629113853914e-12,3.2559023058270416e-13,1.8760509127367074e-13,6.536162244857551e-14,1.1261333321120544e-13,5.5164104369007595e-11,3.3969553396427978e-06,2
1360,07:06:00,2.8402814680887785e-12,3.0174813964736843e-13,1.380915425645368e-13,6.224462894858804e-14,1.2912303037193338e-13,3.6732650404166144e-11,3.4196685570660883e-06,2
1361,07:06:30,2.0939907941002976e-12,3.6872638126564915e-13,2.6873031920642855e-13,1.2591283680958488e-13,2.541585211748252e-13,8.84586802124113e-11,3.394601982077888e-06,2
1362,07:07:00,1.834212567467302e-12,1.0438600773960629e-13,1.7302817344454982e-13,9.396364172649007e-14,1.4408735648509934e-13,6.303486843100281e-11,3.440541424580386e-06,1
1363,07:07:30,1.3491420318872548e-12,2.671158006463767e-13,2.0798405332686737e-13,8.535124777479182e-14,1.2206199841429245e-13,4.5690902780609934e-11,3.4397587451408415e-06,1
1364,07:08:00,1.2580672220844387e-12,2.9948352099140174e-13,1.6931516152750388e-13,1.141143568832554e-13,2.693967961672568e-13,1.3242063266706147e-10,3.411485748978369e-06,1
1365,07:08:30,3.926682019189935e-12,4.275024482758418e-13,2.0442928580438896e-13,7.551647004162522e-14,1.398488462774398e-13,4.569620574524596e-11,3.4841749130022467e-06,1
1366,07:09:00,2.0576192175501907e-12,2.7112913661550147e-13,2.582525575550057e-13,1.1859005298894478e-13,1.6565110269696608e-13,1.5278404441148197e-10,3.4653178772523244e-06,2
1367,07:09:30,1.8070957715665522e-12,2.845994186552238e-13,2.016962392158709e-13,8.386172658457976e-14,1.3011183498579797e-13,1.1113518285593504e-10,3.4381664660412387e-06,2
1368,07:10:00,4.102197717577862e-12,2.495539398370357e-13,2.8186637377792417e-13,1.4904876978373802e-13,4.853277038368029e-13,1.5310758267067123e-10,3.412557437552943e-06,2
1369,07:10:30,1.2155424932927082e-12,2.8113378857092596e-13,2.1293559897880175e-13,1.1619871073515964e-13,1.8201019459195267e-13,5.078588081238921e-11,3.423125282556541e-06,2
1370,07:11:00,1.687225198987755e-12,3.3517747759947485e-13,2.2771280362951444e-13,1.1709883092715824e-13,2.2230954079542248e-13,1.9734805288060364e-10,3.4212046797481754e-06,2
1371,07:11:30,3.3352207434491694e-12,2.131455322819804e-13,2.1392581878545228e-13,1.5200837795357623e-13,1.8438310462096348e-13,2.184621438169323e-09,3.4030924275106984e-06,2
1372,07:12:00,7.7057680269404e-12,3.2211462117095587e-13,2.321554666348576e-13,1.2524639310951803e-13,1.774471720394046e-13,7.696014281146682e-10,3.3656536463671706e-06,1
1373,07:12:30,2.1520306013486604e-11,6.25846631645362e-13,2.5439833990111297e-13,1.895030647753169e-13,2.2132337305114636e-13,1.0799734435878016e-09,3.458975378990136e-06,1
1374,07:13:00,4.865304129056068e-11,3.23402250447458e-13,1.8924900771452338e-13,1.3420661080101078e-13,1.8346694551065906e-13,1.8245061937433082e-09,3.490703971765581e-06,1
1375,07:13:30,1.0285705806944309e-11,5.713106693631265e-13,2.636117222742004e-13,1.509395246852218e-13,1.5354534267768087e-13,5.009025970356653e-10,3.423821172723198e-06,1
1376,07:14:00,8.383686283532788e-11,9.479329475664908e-13,4.676325560518963e-13,3.217482452240061e-13,2.9938655069252337e-13,5.4851184436089e-09,3.39721224428841e-06,0
1377,07:14:30,6.295776899117058e-11,3.8720523030129204e-13,2.556790404637757e-13,1.6761279149542811e-13,1.5661286705812673e-13,3.2871973251678e-10,3.4867745742229883e-06,0
1378,07:15:00,3.4682254305908586e-11,1.1276429020003001e-12,6.026224779040185e-13,3.3615282063792393e-13,3.9404595126823995e-13,2.9953499488811245e-09,3.4749776343703073e-06,0
1379,07:15:30,9.967123436848357e-12,9.843737276081307e-13,5.207432507775068e-13,7.023826363578992e-13,4.0936139569811907e-13,6.766029090297827e-10,3.3755059408770828e-06,0
1380,07:16:00,6.446938577352077e-11,9.130887393372402e-13,5.648038177669674e-13,4.4855900308338913e-13,3.925179481478912e-13,9.50031958565708e-09,3.332175632567569e-06,0
1381,07:16:30,2.202766996855361e-11,1.7984331993469775e-12,8.330133812641664e-13,7.962032931445266e-13,1.5975120467234414e-12,3.6685031909583945e-09,3.392487980502641e-06,0
1382,07:17:00,5.373805149832795e-11,3.1949367175886562e-12,7.920479681271202e-13,3.2890305363988185e-13,5.356807832688803e-13,6.268723130019361e-09,3.4002158626117096e-06,0
1383,07:17:30,1.1131796638944246e-10,4.776220339467775e-12,9.885155008024992e-13,9.287929195940807e-13,9.706833560092834e-13,4.156279467161312e-09,3.4720751725429662e-06,0
1384,07:18:00,1.5439493324052615e-10,5.707797452121736e-12,3.83388174952234e-12,3.778591190913404e-12,3.44992731966379e-12,5.3968285986848145e-09,3.453069760763943e-06,0
1385,07:18:30,7.459028848072101e-11,4.433894976841591e-12,4.834141808587813e-13,2.2632170429783655e-13,3.9568423360292536e-13,5.009907819336699e-09,3.4671718160717186e-06,0
1386,07:19:00,6.76315210532716e-11,2.2487818723584786e-12,4.3504034670862697e-13,2.5785472343700574e-13,2.0146395740375827e-13,5.466127251453968e-10,3.488674214005887e-06,0
1387,07:19:30,5.240381540156657e-11,1.5664692916496946e-12,4.3297383121293743e-13,1.5092433950153829e-13,1.385881507402789e-13,1.9154176182896913e-09,3.4623414276248116e-06,0
1388,07:20:00,2.1568898706434203e-10,7.976032883494056e-12,8.877630838875132e-13,2.588520491793891e-13,4.2505128854762927e-13,1.85991301336559e-09,3.520208572604095e-06,0
1389,07:20:30,1.563654845460411e-10,4.6760772641750775e-12,8.20299984166478e-13,3.8501432757214024e-13,5.307401638818602e-13,1.496828471235742e-08,3.5191282015502225e-06,0
1390,07:21:00,1.0650772183234537e-10,6.422127150925826e-12,6.673489297509873e-13,1.8443346335169026e-13,2.95595041586496e-13,3.065298135412542e-09,3.517321702439716e-06,0
1391,07:21:30,1.3137401405033579e-10,3.4701941396652427e-12,6.47104917470597e-13,1.4879668102150649e-13,2.568333165513994e-13,2.6736313982030093e-09,3.4823899187472694e-06,0
1392,07:22:00,2.0372685595532242e-10,8.240196280734011e-12,7.228710291722707e-13,2.543628158841286e-13,3.4139725145051337e-13,1.6613244250184535e-08,3.4437685436532884e-06,0
1393,07:22:30,1.605197601321193e-10,5.164360006969277e-12,5.337061496680773e-13,2.2420531007127714e-13,3.920607330987339e-13,7.247728807965694e-09,3.4526960276915877e-06,0
1394,07:23:00,1.2229721731308845e-10,4.383622979304391e-12,6.737515465116807e-13,2.4541547604855643e-13,4.699310955675297e-13,8.189415369265436e-09,3.4405416612756484e-06,0
1395,07:23:30,9.475845596780524e-11,2.714157427933789e-12,6.262080393964e-13,1.3689399906968888e-13,2.657141761764614e-13,8.876003689239762e-09,3.468434214589147e-06,0
1396,07:24:00,7.905771038734748e-11,2.276488668926406e-12,5.275091163166802e-13,2.106555840699729e-13,3.9197398972306165e-13,3.766273797999181e-09,3.5045172502415223e-06,0
1397,07:24:30,7.335039805172856e-11,3.4505960037752252e-12,5.539716765714185e-13,1.7544315139849676e-13,2.689856499088568e-13,2.5606731653851518e-09,3.4934469046978948e-06,0
1398,07:25:00,4.5190092653513826e-11,2.29674423062243e-12,4.699167829523193e-13,1.621449463469294e-13,2.5408544301614194e-13,6.960272139747072e-09,3.4853314814132344e-06,0
1399,07:25:30,8.750643034458524e-11,5.284706527173857e-12,7.949240734144481e-13,1.908429443651608e-13,3.66431432842784e-13,7.0901768385366054e-09,3.4706769775055337e-06,0
1400,07:26:00,1.0008115618935863e-10,5.0998890472333485e-12,7.924225578263322e-13,6.090335153585659e-13,5.404155434677801e-13,5.089973859353957e-09,3.418721729171925e-06,0
1401,07:26:30,1.9033384052368742e-10,5.264689768548428e-12,9.895288917250268e-13,4.937055025153436e-13,5.497680746283666e-13,5.567893041197263e-09,3.5211685059044604e-06,0
1402,07:27:00,1.318351091288728e-10,1.0398989599231618e-11,8.995483630967741e-13,3.4474352772295096e-13,4.743512650003921e-13,5.114987500452998e-09,3.485408801763368e-06,0
1403,07:27:30,2.808668517944182e-10,1.1084862646605691e-11,1.8783115001764055e-12,1.0278800359454793e-12,1.2340415556329317e-12,5.6048507970639695e-09,3.4675026773841948e-06,0
1404,07:28:00,1.0195952554355318e-10,2.574411243540298e-12,8.790306438215909e-13,4.2840461815267615e-13,6.119663379348303e-13,1.3907991241039631e-09,3.431981961490348e-06,0
1405,07:28:30,1.3868308545336564e-10,1.0824831191375194e-11,1.2366432255573963e-12,8.779155611278522e-13,6.873685510104445e-13,7.152039894852037e-09,3.4332812492337297e-06,0
1406,07:29:00,9.260114876297921e-11,5.66311012833879e-12,1.0543833497058354e-12,3.86410573723366e-13,5.651649302712661e-13,6.98826996380787e-09,3.4608534642587473e-06,0
1407,07:29:30,1.2465359588613826e-10,5.005110754082828e-12,8.609444680634664e-13,2.7907947034427335e-13,4.4314372349260803e-13,7.501650392681345e-09,3.4806895972061113e-06,0
1408,07:30:00,1.0953759650511774e-10,7.832157262879441e-12,1.1328225249111613e-12,7.669158924838367e-13,8.634254841434403e-13,5.917232059249344e-09,3.4838069853202706e-06,0
1409,07:30:30,1.3229388811550568e-10,1.2466214249958496e-11,1.8052724222389495e-12,6.207635660824976e-13,7.360519617425035e-13,6.511012366394675e-09,3.4872198849525287e-06,0
1410,07:31:00,1.126883548986898e-10,3.8962157270863584e-12,1.0123966670954842e-12,5.898178761835687e-13,7.170078587789252e-13,3.905708213209572e-09,3.4877010472382655e-06,0
1411,07:31:30,5.891039591036992e-11,4.530370455522133e-12,8.784278635939249e-13,4.697060858433393e-13,5.759960482604111e-13,4.0191181130466515e-09,3.494518341917373e-06,0
1412,07:32:00,1.3074760659834548e-10,8.182181866986768e-12,4.303832571049583e-12,4.4768678012955054e-12,4.25521995154298e-12,1.0616798572386764e-08,3.4544214714394627e-06,0
1413,07:32:30,4.2553631852299005e-11,2.71483195250391e-12,5.839151362790368e-13,2.4172328516982316e-13,3.6963704383670426e-13,1.927795544383838e-09,3.4305119112340154e-06,0
1414,07:33:00,1.6281303251850506e-10,4.037838526800359e-12,1.481233525444591e-12,6.678682413112669e-13,8.5515741894456e-13,5.4767809566892116e-09,3.407845767678179e-06,0
1415,07:33:30,9.755272940621495e-11,3.2879128562114793e-12,8.825267680823475e-13,4.377015668176098e-13,6.275665277082532e-13,4.459677779314786e-09,3.3905825545249802e-06,0
1416,07:34:00,3.816913992228741e-11,2.5130924418541454e-12,4.4895140591758525e-13,1.7784989213251739e-13,2.4713100836673086e-13,5.251381309685424e-10,3.4366021358642583e-06,0
1417,07:34:30,1.8504807112905354e-10,5.7298063700983835e-12,1.1030373424260813e-12,4.5161716095193964e-13,5.043223013262354e-13,9.191951931755188e-09,3.4383166576107264e-06,0
1418,07:35:00,1.4312914044062598e-10,5.9457393437282565e-12,1.1833778419332138e-12,6.808551216202833e-13,6.709683084763955e-13,8.837804876811117e-09,3.4587003415840393e-06,0
1419,07:35:30,1.0190919342734687e-10,7.825886214702228e-12,1.4121721164053588e-12,8.026669268465534e-13,7.499646894752398e-13,6.6848892667147065e-09,3.4788904294378103e-06,0
1420,07:36:00,8.807386875826245e-11,2.344670032159138e-12,6.074958522034787e-13,2.514173941693531e-13,4.3645722101064897e-13,5.149177039147057e-09,3.500797914514921e-06,0
1421,07:36:30,1.764440907673139e-11,1.7663233347765094e-12,1.4615564304802186e-12,1.4969184694616364e-12,1.2258797260357332e-12,1.435308848012072e-09,3.4935337305862775e-06,0
1422,07:37:00,2.726457319085123e-11,1.455464243071042e-12,8.876971651337348e-13,7.130588861950767e-13,5.905119583299532e-13,1.5248580476690954e-09,3.485314203725272e-06,0
1423,07:37:30,8.113894161551554e-11,4.467211106468523e-12,1.3619223752772366e-12,1.0529731633835568e-12,1.2566030280117584e-12,7.594567530277554e-09,3.478431298456942e-06,0
1424,07:38:00,1.296006789648658e-10,4.834892165999339e-12,8.966006465517392e-13,4.801012988762956e-13,7.26739222718695e-13,8.16833127052276e-09,3.394698248922454e-06,0
1425,07:38:30,9.411936037869861e-11,4.910556802207441e-12,7.141713387716321e-13,5.283581291009673e-13,5.46425509140366e-13,4.9006202993062354e-09,3.366557761399416e-06,0
1426,07:39:00,6.480078444880804e-11,4.880471062995694e-12,1.8036156941620635e-12,1.5635741673017285e-12,1.2446460386972398e-12,2.4308807549560535e-09,3.363194512947076e-06,0
1427,07:39:30,3.769632158873754e-11,2.8068565520051032e-12,1.024998021781472e-12,5.062190544066403e-13,8.51660902956187e-13,4.8848235322541845e-09,3.4774137217031217e-06,0
1428,07:40:00,2.566537427354684e-10,1.1516597306514653e-11,2.599166114525276e-12,8.144084419750635e-13,1.258311839780245e-12,8.534930318428983e-09,3.479407060566384e-06,0
1429,07:40:30,1.6372952477917314e-10,7.755387983769583e-12,1.6041815538842732e-12,6.651744348325465e-13,8.975096630934792e-13,6.279736047695233e-09,3.4573662483173694e-06,0
1430,07:41:00,3.048580427729161e-10,8.340514415264355e-12,1.718166849135591e-12,6.926555958692597e-13,8.670367189804178e-13,3.91457202889251e-09,3.464417860307547e-06,0
1431,07:41:30,1.3830899554732523e-10,4.096308490353029e-12,1.560144073578426e-12,1.2072764424833547e-12,8.472902021180962e-13,7.673403974189088e-09,3.489471156659622e-06,0
1432,07:42:00,1.2835035846348994e-10,5.53026194260281e-12,1.1161382649970722e-12,5.646555485229824e-13,7.452120364866419e-13,5.295004595799933e-09,3.525459705247043e-06,0
1433,07:42:30,1.377488652856439e-10,4.673107909496093e-12,1.1299556327471039e-12,5.914413309050253e-13,6.739584120000349e-13,4.994079439174607e-09,3.5159058869856427e-06,0
1434,07:43:00,1.7689701994700666e-10,7.0725976068769225e-12,1.3674917462241976e-12,1.5064772772275214e-12,1.8366145566778347e-12,6.083740764851214e-09,3.4906710298894898e-06,0
1435,07:43:30,1.4985149535920305e-10,8.620067094601456e-12,1.198219844397442e-12,7.848956065703114e-13,8.810349557028374e-13,6.84652565136024e-09,3.5001147712409043e-06,0
1436,07:44:00,1.52884679899429e-10,2.040826878853159e-11,7.98878932753646e-12,9.550927556872366e-12,8.007657727963544e-12,1.0418434914709795e-08,3.476140501158366e-06,0
1437,07:44:30,3.618413903714622e-10,1.1692512776830523e-11,2.929979475054589e-12,1.3508286234961344e-12,1.5781820879731322e-12,1.7186366687757047e-08,3.397726477866998e-06,0
1438,07:45:00,1.463370708680321e-10,5.124111548484234e-12,1.2766383319458521e-12,4.194902348561782e-13,7.080267131423867e-13,1.1138007265225798e-08,3.42498546895242e-06,0
1439,07:45:30,1.8665769790963528e-10,4.975824175470864e-12,9.958492757719098e-13,2.733419618199327e-13,5.129277152100137e-13,6.281661817775774e-09,3.4290383912640483e-06,0
1440,07:46:00,1.213609185947445e-10,4.131098780667513e-12,8.921387834302443e-13,2.7969905871734034e-13,5.463533654090308e-13,3.8454993840061066e-09,3.4874052421756785e-06,0
1441,07:46:30,1.1461195853547378e-10,5.8611360736200595e-12,9.467841143063515e-13,2.949615620956593e-13,5.576445318449113e-13,2.249294556213012e-09,3.5063401028007204e-06,0
1442,07:47:00,1.460975496272876e-10,4.7749339612726065e-12,9.228967043882119e-13,2.796305238373394e-13,5.951997339880631e-13,2.1378347707567915e-09,3.4832795425676043e-06,0
1443,07:47:30,1.467733843399301e-10,3.937093256003599e-12,6.912020932432795e-13,2.220250740929669e-13,3.2168026610148855e-13,3.09519502129743e-09,3.3882852720206576e-06,0
1444,07:48:00,1.662123388984935e-10,5.5510708449389994e-12,7.245904676113611e-13,3.149639410552995e-13,4.1377015070634424e-13,9.218903347708372e-09,3.4576251618346708e-06,0
1445,07:48:30,3.903141567782184e-11,9.36361974140216e-13,3.9754950304170606e-13,1.8352752329833462e-13,2.6942327463941877e-13,1.2131714404506936e-09,3.4870610353698724e-06,0
1446,07:49:00,1.711724932105214e-10,4.437854965247152e-12,1.0143819426966096e-12,3.0478498382669476e-13,4.031078344084993e-13,4.0269085445796915e-09,3.489068727461067e-06,0
1447,07:49:30,1.7108345857113284e-10,3.0685979340398664e-12,6.07462377665847e-13,2.2294928959189533e-13,3.188870816193415e-13,1.1648603758273102e-09,3.398072351568307e-06,0
1448,07:50:00,1.0407101277798918e-10,5.1735576613707126e-12,6.799857508567984e-13,2.784677178442047e-13,3.8681855922631023e-13,3.8960272711466787e-10,3.4573029912565547e-06,0
1449,07:50:30,1.4922965429744986e-11,6.833534157851851e-13,4.83096617190768e-13,2.754460995444252e-13,3.87754478976104e-13,4.903330097854357e-10,3.3960196349339826e-06,0
1450,07:51:00,2.1270116524518145e-11,6.587673391263848e-13,4.150857632175668e-13,2.865205257660533e-13,3.205681029880974e-13,3.4124862582367147e-10,3.4924682873194206e-06,0
1451,07:51:30,7.785112189774614e-11,2.440248036403736e-12,4.44476200581208e-13,2.550875951799935e-13,3.8001445737640246e-13,1.4153557629016029e-09,3.5284883891015583e-06,0
1452,07:52:00,4.0750464071085974e-11,2.674772896573579e-12,7.331385946126225e-13,3.3397944349985247e-13,4.99899370902307e-13,1.781325326360989e-09,3.48152417338302e-06,0
1453,07:52:30,7.461578466016167e-11,5.330431999082285e-12,9.968437918648447e-13,3.607255776528628e-13,4.07073956736881e-13,2.8707513965063922e-09,3.4841407398660432e-06,0
1454,07:53:00,1.8612938734665922e-10,4.966617617639265e-12,5.474339241030994e-13,2.1593987585393652e-13,2.2251132421526706e-13,2.7810791651823354e-09,3.5339152487790416e-06,0
1455,07:53:30,1.003345132671276e-10,3.701175211113377e-12,4.427396110319053e-13,1.8950361585748727e-13,3.255260414203828e-13,2.8243565640680126e-09,3.5373460350155005e-06,0
1456,07:54:00,2.1984254657759173e-10,9.558118454354062e-12,9.097246599493168e-13,1.9593981578933673e-13,3.131721073084886e-13,6.9167304582066906e-09,3.509710343992891e-06,0
1457,07:54:30,2.421947677768818e-10,5.0039846944687314e-12,6.177982069989739e-13,2.4562902442320573e-13,3.6900873691022016e-13,5.459535387630933e-09,3.4483916079553588e-06,0
1458,07:55:00,1.8059219614897895e-10,4.496044641519228e-12,5.330840467940618e-13,2.150902364755449e-13,4.099324272960987e-13,4.5540431587742285e-09,3.460448058448768e-06,0
1459,07:55:30,2.0766552686065334e-10,6.2032157353113365e-12,5.717641368266392e-13,1.6966027192139056e-13,2.655670345664784e-13,5.72115988327928e-09,2.1654959989927886e-06,0
1460,07:56:00,1.770487734240617e-10,6.537081493499684e-12,7.307211372465404e-13,2.42503566083626e-13,4.482270701158872e-13,7.549834620524573e-09,2.108704327401317e-06,0
1461,07:56:30,1.0356840702892046e-10,3.769841164084549e-12,7.336209420038787e-13,2.878938757611256e-13,3.395079189691339e-13,3.914815835995592e-09,1.9181880658918185e-06,0
1462,07:57:00,2.1511154510524622e-10,1.1182621799225887e-11,8.454057345943217e-13,1.8419765933080758e-13,3.6831076098176977e-13,6.788671892184627e-09,1.4391381718637743e-06,0
1463,07:57:30,4.102027933235889e-10,1.4462005888728954e-11,1.0427566413108893e-12,1.9834193019693024e-13,4.348538460411739e-13,5.682032341081136e-09,1.0502144757747296e-06,0
1464,07:58:00,1.618973588120201e-10,4.9827099796388255e-12,6.360448278693599e-13,1.4554022832193945e-13,2.6093087865001314e-13,7.897599227967986e-09,1.731813856840629e-06,0
1465,07:58:30,3.1082528386981877e-10,8.614305109046476e-12,6.312517843127328e-13,2.0393310076531579e-13,2.8964592526366635e-13,4.777132210020949e-09,1.1691731123104584e-06,0
1466,07:59:00,3.156952903778025e-10,6.59069760594826e-12,5.957162246029988e-13,1.400115423413798e-13,3.234202756878477e-13,4.955636999832622e-09,9.401865527703224e-07,0
1467,07:59:30,1.7168035313114557e-10,3.788807576760502e-12,9.71442664224688e-13,2.638162770837107e-13,3.897234348673316e-13,5.922321883132667e-09,1.8530352526879863e-06,0
1468,08:00:00,2.0779325014594634e-10,5.565729993118363e-12,7.207779879931952e-13,1.8301416435559313e-13,4.725176670725933e-13,2.7942808846768463e-09,1.4263365762546955e-06,0
1469,08:00:30,2.735201033836882e-10,6.044888904572108e-12,1.2959343642484197e-12,3.2160523411597307e-13,5.581516127881884e-13,9.33996433471484e-09,1.8898493418699882e-06,0
1470,08:01:00,3.2153902305093966e-10,1.5450636412623533e-11,1.1638465424577867e-12,3.6797335219035797e-13,7.599720377888404e-13,5.083252868786264e-09,1.4244061702441653e-06,0
1471,08:01:30,2.981528175213276e-10,1.116475907102704e-11,1.102151222935667e-12,2.1968109619862726e-13,3.454541692819564e-13,8.136020237696008e-09,1.3056604130166447e-06,0
1472,08:02:00,1.6052623748893377e-10,4.480705463748165e-12,7.730401126040967e-13,4.213457579646187e-13,6.476234968235348e-13,1.0754050893723378e-08,1.143909972142495e-06,0
1473,08:02:30,1.3135145428905474e-10,4.213571927375781e-12,8.309691715179271e-13,4.604876087232277e-13,4.756210667351072e-13,2.964152338059264e-09,9.112113640246781e-07,0
1474,08:03:00,7.626701371722026e-11,4.163131475221349e-12,1.1023762214948571e-12,3.682798413784532e-13,4.3015568879541123e-13,2.7079946143751555e-09,9.070155503616739e-07,0
1475,08:03:30,8.135747782611115e-11,2.7444328436301687e-12,7.335307846328447e-13,2.723690951315932e-13,4.3986421999014833e-13,1.4526801880656723e-09,8.915198341207196e-07,0
1476,08:04:00,1.4139092453527776e-10,5.475518716015063e-12,1.0703703049873453e-12,2.758799449873927e-13,4.660936699380435e-13,4.2814884147261655e-09,8.807419479350776e-07,0
1477,08:04:30,2.6738589745395497e-11,1.902531998584476e-12,6.065763118238108e-13,1.0259604375298419e-13,1.8047665797406994e-13,3.3291537494545183e-10,9.267386425839792e-07,0
1478,08:05:00,7.629631802433239e-11,2.7136005034925936e-12,6.053948439130633e-13,2.2623269918054614e-13,4.32342421115012e-13,3.4361545932357783e-09,9.638164255724648e-07,0
1479,08:05:30,1.0626387445167029e-10,6.12227266704924e-12,9.387245502815622e-13,3.1705549211911077e-13,6.240939641031996e-13,4.929711540673588e-09,9.413751893707422e-07,0
1480,08:06:00,4.9978807984302795e-11,3.4016559701123897e-12,6.413797785817351e-13,3.500900287131633e-13,4.303054380736218e-13,4.128956068895486e-09,9.609684231778044e-07,0
1481,08:06:30,1.401370789222454e-10,2.693173498720463e-12,8.254907654442147e-13,3.7648775784422176e-13,4.64173716430706e-13,4.663447623223607e-09,8.907243149734415e-07,0
1482,08:07:00,1.254446735907825e-10,2.4718398688950303e-12,7.082390055117869e-13,2.977118307587612e-13,4.240085766091504e-13,1.0511407208857645e-09,9.24782662623119e-07,0
1483,08:07:30,1.0800908612687467e-10,2.3528869694663854e-12,6.565489102257633e-13,2.856711705208107e-13,4.498319141930025e-13,2.5651000725726155e-09,9.327120746940009e-07,0
1484,08:08:00,1.286187246707412e-10,2.6755779515264744e-12,8.649850329277458e-13,2.0756709666527e-13,3.3868501821638555e-13,1.6343009474508716e-09,9.236433171938514e-07,0
1485,08:08:30,9.916670017279719e-11,2.5091253128398944e-12,7.656260543783524e-13,2.8235114380463664e-13,4.4710376593158097e-13,3.1864579926685923e-09,8.804909415965661e-07,0
1486,08:09:00,5.236864068998049e-11,1.7623390949307398e-12,4.944098124646689e-13,1.6116549000623097e-13,3.679159283631816e-13,3.424322379795422e-09,8.832886601380504e-07,0
1487,08:09:30,1.8010536289144374e-10,1.1207191403518721e-11,2.300305637391025e-12,1.0017098411152816e-12,2.2071010220525466e-12,6.4532700620978324e-09,8.722028350783192e-07,0
1488,08:10:00,1.1901222584949233e-10,2.3847550746209453e-12,7.229761595101989e-13,2.199683825250643e-13,2.7324977879597247e-13,6.2192846829896295e-09,9.16742018836649e-07,0
1489,08:10:30,6.72669501512708e-11,2.057600498280346e-12,5.713555962818559e-13,2.311397113497812e-13,3.537420893025644e-13,2.895097522739478e-09,9.507098006579925e-07,0
1490,08:11:00,1.0136344003677647e-10,3.482279804969178e-12,1.0627356844526013e-12,1.0100506515760284e-12,5.639459365328083e-13,5.7290692937927475e-09,9.659223386432301e-07,0
1491,08:11:30,1.3047359244730872e-10,3.6444300841841545e-12,1.069826122696526e-12,8.545609902012223e-13,1.0809891003177483e-12,2.366015507199659e-09,9.512664964242357e-07,0
1492,08:12:00,1.1678558029457098e-10,3.712623580936498e-12,8.554865426388396e-13,3.171098262013058e-13,6.17158371994948e-13,3.877710359052367e-09,9.452058380139297e-07,0
1493,08:12:30,1.300391039391272e-10,5.985241671547936e-12,9.823266878708653e-13,5.459239660984872e-13,1.0222172335210804e-12,6.6181305747506836e-09,8.901168390406899e-07,0
1494,08:13:00,2.6574442194019876e-10,8.632204131154135e-12,1.737792611436013e-12,4.848874700049451e-13,9.53461302052269e-13,3.3749833413911232e-09,9.330015758306126e-07,0
1495,08:13:30,2.357885430271025e-10,1.3490554743195761e-11,2.0066778042678085e-12,1.453664977231298e-12,1.1480657002477292e-12,1.1429426410903817e-08,9.466031280444201e-07,0
1496,08:14:00,2.299759559616546e-10,5.775419272266989e-12,9.142875103340905e-13,2.267025522249594e-13,4.2222742085284754e-13,3.2563333550859315e-09,9.091967238908397e-07,0
1497,08:14:30,2.1629562960456795e-10,1.2522916616192667e-11,1.4524206632153549e-12,5.958707639401322e-13,8.635562894356677e-13,3.618447375978621e-09,1.657678558531315e-06,0
1498,08:15:00,2.0536815237201197e-10,7.592363096481649e-12,2.8157139577417463e-12,1.497886817510743e-12,1.7666375448584237e-12,4.262765755565976e-09,9.028176269438538e-07,0
1499,08:15:30,7.702438149625808e-11,1.0407836448566776e-12,4.67419736067899e-13,2.581243783204298e-13,3.167749407729156e-13,2.562685393224207e-09,8.994351066365589e-07,0
1500,08:16:00,7.293687913181605e-11,1.827852564502034e-12,7.885527811018219e-13,2.1821815469083684e-13,2.9509915973827077e-13,2.717029845613532e-09,9.219870158076278e-07,0
1501,08:16:30,1.3568042928405186e-10,3.2371448765735048e-12,7.791513047968596e-13,2.3938085001574957e-13,4.151105357165027e-13,3.2011863007199758e-09,9.849521646988039e-07,0
1502,08:17:00,1.0589053874410276e-10,2.5339926425748767e-12,7.925915305884499e-13,2.9202411595879177e-13,3.809420655740494e-13,4.736550272105106e-09,9.475734706155961e-07,0
1503,08:17:30,7.093221562245638e-11,2.015099962306838e-12,8.0033363988662e-13,2.356509210657038e-13,3.534175569615962e-13,1.0617907121022687e-09,9.275333469617381e-07,0
1504,08:18:00,7.49500450616792e-11,2.124325375399784e-12,7.33414420801567e-13,2.6479887439361426e-13,4.451232378487548e-13,1.1971476193603558e-09,9.127828355363236e-07,0
1505,08:18:30,7.748183889715421e-11,2.1946605737919918e-12,8.419370917709255e-13,3.7470725607448494e-13,5.851845927902701e-13,3.702879556900277e-09,9.063504482723838e-07,0
1506,08:19:00,1.5299614108407567e-10,2.673992690109102e-12,8.790306600221564e-13,3.215749872182798e-13,5.038210012204526e-13,7.829728022194235e-10,9.588751716498692e-07,0
1507,08:19:30,9.627028978642697e-11,2.1472560811670592e-12,7.77619347926464e-13,2.6127808333312773e-13,5.179836297778174e-13,2.379760953262766e-09,9.35428117205329e-07,0
1508,08:20:00,2.4536965834393715e-10,1.1265534931877062e-11,1.36017723047093e-12,4.1647913700303607e-13,4.267552387856399e-13,3.3075398626387394e-09,9.066057069667477e-07,0
1509,08:20:30,7.517643155964151e-11,3.900780274786031e-12,7.550022631138421e-13,3.0480971419231276e-13,5.768852613244641e-13,1.3285079226658847e-09,8.868490951740378e-07,0
1510,08:21:00,2.5760851358764406e-10,9.127685199387639e-12,1.349012035702861e-12,4.635815337038662e-13,8.667107926002027e-13,4.408870869526722e-09,1.4972409998814354e-06,0
1511,08:21:30,1.5186393724679406e-10,5.689064235840425e-12,1.3144352602280863e-12,6.824189966563122e-13,1.026440946052535e-12,4.094154593292335e-09,8.662938222368835e-07,0
1512,08:22:00,2.700833006971114e-10,9.216736315093739e-12,1.443386871014087e-12,4.2123683061666265e-13,7.607865476166415e-13,9.175035127485856e-09,9.322140929280988e-07,0
1513,08:22:30,1.9375278136489845e-10,6.494033238498921e-12,1.3145961392336283e-12,3.338880172824253e-13,5.162044374146113e-13,3.635600474743762e-09,9.802227434091247e-07,0
1514,08:23:00,1.7439445184910542e-10,8.229976215714442e-12,1.388995526532705e-12,8.782893821911561e-13,1.0766560328580017e-12,9.452798782095051e-09,9.399674500221225e-07,0
1515,08:23:30,8.920702473018922e-11,4.857754523618603e-12,1.3142277126829667e-12,8.435219732326426e-13,8.720104331326035e-13,1.520067671331855e-08,9.610933494322268e-07,0
1516,08:24:00,6.69157646092186e-11,2.652733586466929e-12,8.941265193075855e-13,5.655369144441574e-13,5.91551113571755e-13,7.493456211273308e-09,8.965871344427916e-07,0
1517,08:24:30,4.271287048126737e-11,1.850105109388317e-12,6.228956928187459e-13,5.353509641405583e-13,5.583151174580895e-13,4.748208449492568e-09,9.423087372592426e-07,0
1518,08:25:00,1.1294844203215967e-10,5.625248864591504e-12,1.2308249892726326e-12,1.2335977491467463e-12,7.547415720658538e-13,7.002403232777564e-09,9.539302242030652e-07,0
1519,08:25:30,8.160395521588089e-11,4.174092293362581e-12,9.642755027777929e-13,9.195758750950774e-13,1.1809080084289393e-12,2.725291611417889e-09,9.046817251906367e-07,0
1520,08:26:00,1.3751550545524566e-10,6.6991170506202055e-12,2.8092204923641596e-12,3.790975179476333e-12,3.510551175157902e-12,4.056519892083875e-09,8.942804895834449e-07,0
1521,08:26:30,1.919519861519828e-10,1.3210547678065648e-11,3.8961666490085655e-12,2.411123433923335e-12,2.869794706625102e-12,5.179135347577706e-09,9.116785743078833e-07,0
1522,08:27:00,1.8595350135992654e-10,6.8559349738686345e-12,3.175971416650521e-12,3.299915273953624e-12,4.3393398548944066e-12,6.2508771976196056e-09,8.978958952580509e-07,0
1523,08:27:30,2.494214174149464e-10,1.1586061783887171e-11,2.922647106412238e-12,3.395211076038304e-12,3.26537795525589e-12,4.498430603009356e-09,9.168390249118431e-07,0
1524,08:28:00,3.970941180106201e-10,1.7550588073324272e-11,3.459067106901209e-12,2.0857309206488377e-12,1.7278819472754781e-12,5.326964881522289e-09,9.610433945507184e-07,0
1525,08:28:30,1.8168898403511987e-10,8.212679625406784e-12,2.199150787193003e-12,2.1067103774161883e-12,1.7910932642046735e-12,7.637328623502898e-09,9.923326852124233e-07,0
1526,08:29:00,1.3326433577893894e-10,4.841089756636365e-12,1.767810828294612e-12,1.6187620905556264e-12,1.5227780575817279e-12,1.2313092708600806e-08,1.2011472144713294e-06,0
1527,08:29:30,1.7151617775242608e-10,6.158793846599154e-12,1.07701994060863e-12,7.998853298183251e-13,1.5457309162179346e-12,3.753622251867938e-09,9.108588622646967e-07,0
1528,08:30:00,2.6483449113636666e-10,1.2665976143319073e-11,2.7499374166323302e-12,1.1741301108631419e-12,1.4672414126653288e-12,4.711394389085878e-09,9.150445940472486e-07,0
1529,08:30:30,1.9873688673722141e-10,1.0548008365753348e-11,1.5198931659351382e-12,1.0381107073276377e-12,1.0555591506999223e-12,1.19594908838518e-08,9.69426605859493e-07,0
1530,08:31:00,1.626444249178063e-10,7.0133671407560196e-12,1.5200466037537557e-12,7.471333274873405e-13,1.130139531602177e-12,1.0676772281381803e-08,9.208859846654313e-07,0
1531,08:31:30,9.208844629181368e-11,5.82038149430505e-12,1.3454647252705457e-12,9.93356780071785e-13,1.2739476094270443e-12,4.48435062175438e-09,9.050065605827237e-07,0
1532,08:32:00,7.093173673722471e-11,4.587409201173982e-12,1.4457504346991358e-12,7.934769650640657e-13,7.366896051795233e-13,3.00534839784445e-09,8.939132017508695e-07,0
1533,08:32:30,2.6913365061482617e-11,1.8501503750247427e-12,7.169488455595155e-13,6.27426728310082e-13,9.498359685182111e-13,1.3927175121523227e-09,9.080742056573431e-07,0
1534,08:33:00,1.9468395152307188e-10,6.831708132510569e-12,2.370233597804277e-12,1.7612005626169476e-12,1.1646247086940596e-12,5.843685208590147e-09,8.861029680868854e-07,0
1535,08:33:30,1.6511768928217532e-10,7.1119719120475346e-12,1.514091460436434e-12,1.3188067994185313e-12,1.0719084265607857e-12,4.449386220892052e-09,9.024349793469094e-07,0
1536,08:34:00,1.1824757399972658e-10,1.0496152534754365e-11,3.886602339081474e-12,1.3164582835096852e-12,1.2869173483560426e-12,2.971723928735671e-09,9.71980712099241e-07,0
1537,08:34:30,2.4379439599014835e-10,1.3609953448961443e-11,2.7495302728308744e-12,2.1999431666162444e-12,2.893651240352368e-12,6.782075838353189e-09,9.466063393830716e-07,0
1538,08:35:00,2.2819480011713645e-10,8.941044983908814e-12,2.3165189144607764e-12,1.0582045255815204e-12,1.0143645887646048e-12,3.425451581396283e-09,9.419605841821975e-07,0
1539,08:35:30,1.723659243669697e-10,4.158619502620976e-12,9.306917780234344e-13,4.4296929906470554e-13,4.993251603436851e-13,1.2007432368377759e-09,8.959036280168735e-07,0
1540,08:36:00,1.7088886034660647e-10,5.665270341704745e-12,1.0747699740891504e-12,6.243516398103807e-13,6.150783469862981e-13,9.153055791443283e-10,9.401653499481869e-07,0
1541,08:36:30,2.083921946480697e-10,5.654676169449953e-12,1.7207486553121633e-12,1.3822708633571916e-12,1.4650316511473746e-12,3.358764673832099e-09,9.377801740910982e-07,0
1542,08:37:00,1.559791060518009e-10,7.671204714404118e-12,1.303372494222736e-12,6.440361978878333e-13,9.989380088115698e-13,3.03211625598021e-09,1.1506913474886394e-06,0
1543,08:37:30,2.870834311265801e-10,1.1984479814089071e-11,1.872295994606114e-12,1.3571179092880268e-12,1.1441464013646522e-12,5.068872950518792e-09,1.0689127042387656e-06,0
1544,08:38:00,1.8249056494157286e-10,8.51894765218016e-12,1.2302276452966774e-12,6.652807758795653e-13,8.366765431379866e-13,1.96399196711116e-09,9.004378567731494e-07,0
1545,08:38:30,1.6654698896799167e-10,9.120215743782726e-12,1.2607950320780379e-12,7.18355306935117e-13,9.033895469309351e-13,5.215379339063911e-09,8.64203451529518e-07,0
1546,08:39:00,2.1656932989018187e-10,8.120495709753398e-12,2.2892752368272843e-12,1.817493051964681e-12,1.971166619146814e-12,7.425387399406943e-09,8.734167484654049e-07,0
1547,08:39:30,1.967857743031209e-10,1.0754356237123844e-11,2.135534378665837e-12,1.22380356678409e-12,1.384154492390202e-12,1.1531498730022045e-08,9.249909624620786e-07,0
1548,08:40:00,1.6323200729230168e-10,6.537328710102147e-12,1.7514784919220446e-12,1.2956892859745857e-12,9.409743267926792e-13,6.407011365812793e-09,9.951616472950674e-07,0
1549,08:40:30,1.3220802568759716e-10,5.7755826548580546e-12,1.5123575385606532e-12,9.985703295246576e-13,9.563317713776008e-13,4.792515374789466e-09,9.87468232788534e-07,0
1550,08:41:00,1.1923371202278098e-10,7.998242206923295e-12,1.7468249608954783e-12,1.09844414690284e-12,9.164308127160044e-13,8.670243241760045e-09,9.874956581658387e-07,0
1551,08:41:30,1.6819749462328438e-10,1.0955686215731335e-11,1.6657576661812932e-12,8.33817440081193e-13,1.0679407231211612e-12,1.0221484740378353e-08,9.555061170326686e-07,0
1552,08:42:00,1.649803057957668e-10,9.902093581306876e-12,1.479880007629565e-12,1.2458609994509085e-12,1.017163506180209e-12,1.2968124290298901e-08,9.69345957849995e-07,0
1553,08:42:30,1.1316773690110786e-10,6.1477390560003226e-12,1.4508451856188011e-12,9.336501392361302e-13,1.3151139992835533e-12,7.1510999084434116e-09,9.561980953406638e-07,0
1554,08:43:00,1.30660686294107e-10,8.804448699694458e-12,1.3355834083885686e-12,7.308370713179779e-13,6.708852703812886e-13,9.94399962171e-09,9.241967382644607e-07,0
1555,08:43:30,1.6152311097643326e-10,1.1857188016208457e-11,1.138645784944502e-12,6.349593782768322e-13,7.187234144456948e-13,8.979767662045212e-09,9.200576963591297e-07,0
1556,08:44:00,1.5228158237739556e-10,6.906807657502122e-12,2.3558371799200672e-12,1.205571973562353e-12,1.5276963082084334e-12,7.027813413441079e-09,9.31213763180727e-07,0
1557,08:44:30,1.4119841208241575e-10,6.061847895805485e-12,1.0902307692888897e-12,4.4677896421977756e-13,6.607545665784058e-13,8.507935044431715e-09,8.989842721863294e-07,0
1558,08:45:00,1.3213601580392896e-10,7.51283372281891e-12,1.4663052714884133e-12,1.0511605943506721e-12,1.5383208839568782e-12,7.619552050021356e-09,9.346183760917542e-07,0
1559,08:45:30,1.0120542855565337e-10,4.0840970433058004e-12,1.3226215595386285e-12,6.359450414326548e-13,1.045202644255367e-12,5.874848254771803e-09,9.820010608444037e-07,0
1560,08:46:00,2.4936771955294405e-10,1.225911871482187e-11,3.1319116656720424e-12,2.9161398485717604e-12,2.1953269840442458e-12,8.864370902530273e-09,3.3967828609514436e-06,0
1561,08:46:30,2.6207231394263387e-10,1.718434264004712e-11,4.412666160873683e-12,2.3717688841746906e-12,3.3474703019527758e-12,1.6453793401258942e-08,3.597251398468863e-06,0
1562,08:47:00,1.300792643753526e-10,6.97089351829845e-12,2.870221258891019e-12,3.2724999508004802e-12,1.7129402646589159e-12,4.340452267532846e-09,3.638107316451471e-06,0
1563,08:47:30,1.394472945320807e-10,9.91447173990018e-12,1.854998672955882e-12,1.4088946376045524e-12,1.2710313451752773e-12,5.67892179083206e-09,3.611148017403819e-06,0
1564,08:48:00,9.158516689154573e-11,3.912214352130802e-12,1.2167045252472483e-12,8.292632377950509e-13,8.234539586959245e-13,4.206579078332832e-09,3.594752270632078e-06,0
1565,08:48:30,1.3889833939317914e-10,4.994659162961715e-12,1.2818686271640255e-12,8.818303020526753e-13,9.595883011698016e-13,4.419886002425837e-09,3.612939370437206e-06,0
1566,08:49:00,1.0493603256195757e-10,3.278640934439816e-12,7.360015651439673e-13,4.756784791438761e-13,5.312288794555207e-13,2.534234502772335e-09,3.585343074596358e-06,0
1567,08:49:30,6.53248687849908e-11,2.364825672407354e-12,9.423477987863102e-13,5.625300385585359e-13,8.307362049873766e-13,1.2407777445778634e-09,3.5512891743641557e-06,0
1568,08:50:00,1.4065213791899385e-10,4.433511382738204e-12,1.5698144889881604e-12,9.31374469872563e-13,1.0393769900645419e-12,6.889367712526314e-09,3.5318190630128537e-06,0
1569,08:50:30,1.0473007065498283e-10,6.0878528156482875e-12,8.810537318370759e-13,8.42221836857594e-13,8.56818062103198e-13,5.6229998124114034e-09,3.5232098124070633e-06,0
1570,08:51:00,9.703593959404302e-11,4.199183294882332e-12,1.6922106786323608e-12,1.0326869220651417e-12,1.0941740321512511e-12,2.6827825142668854e-09,3.55010405267397e-06,0
1571,08:51:30,8.38690021473291e-11,3.5832302385745504e-12,7.064988342001819e-13,3.68435950678537e-13,6.099469808584795e-13,2.6233677443246058e-09,1.9937912933014094e-06,0
1572,08:52:00,8.220421313196927e-11,3.2510336962228734e-12,8.691795009960384e-13,3.6341181047510967e-13,5.110651532968875e-13,2.6849932403737667e-09,9.445411964482708e-07,0
1573,08:52:30,9.775289628301915e-11,3.71530027628209e-12,1.41165430950675e-12,8.909271019778781e-13,8.534688435563361e-13,5.457388268891244e-09,1.0032499364547263e-06,0
1574,08:53:00,1.0727103175174434e-10,4.8387040143837405e-12,1.1069605299563706e-12,6.391053010852382e-13,7.674574533987566e-13,3.145982924038613e-09,9.62479086365786e-07,0
1575,08:53:30,1.9751777890024719e-10,6.7280706758001026e-12,1.1468601561320364e-12,4.959125803856077e-13,7.996515096838837e-13,2.7022570427180814e-09,1.1544337142388127e-06,0
1576,08:54:00,8.903670149515446e-11,3.711314534090764e-12,9.941985972477255e-13,5.145178600806865e-13,4.180872640053965e-13,3.2944471328107843e-09,9.825017009083742e-07,0
1577,08:54:30,9.801472499833751e-11,7.128379067408387e-12,1.3670857854178563e-12,6.437300722039379e-13,8.499011740927634e-13,5.146749372671671e-09,9.189701590753851e-07,0
1578,08:55:00,6.564894780375886e-11,2.5830135139666634e-12,1.0795584909285914e-12,7.892490671285638e-13,1.006379737902672e-12,2.881774717321727e-09,9.116570580475138e-07,0
1579,08:55:30,8.596367105123414e-11,3.095254356241647e-12,5.158741386326791e-13,1.83676926789938e-13,2.588319904826448e-13,1.2374858648393153e-09,9.436498356108396e-07,0
1580,08:56:00,1.7626647395129562e-11,7.684954235075252e-13,3.5988417909315797e-13,1.3076856995052272e-13,2.364125480081586e-13,6.673107230286671e-10,9.098125450677954e-07,0
1581,08:56:30,2.0838260423262566e-10,1.0363561568324128e-11,1.0942173056283336e-12,5.2944450656156e-13,8.26206436322039e-13,8.057016729186581e-09,9.177760663474168e-07,0
1582,08:57:00,1.2037629247857024e-10,8.41071061528704e-12,1.7565204889992186e-12,1.1304745722529117e-12,1.1949365178233475e-12,5.4866976655890534e-09,9.602393311333173e-07,0
1583,08:57:30,5.7901631248797775e-11,2.5670108564490632e-12,9.473890092122607e-13,7.832252231390372e-13,8.811465243515518e-13,3.3423833961377118e-09,1.0122382228023665e-06,0
1584,08:58:00,1.964088342659219e-10,7.604079586101145e-12,1.165027093934956e-12,4.4522990537026566e-13,6.330514374846031e-13,2.0221562159212527e-09,1.0317617504747418e-06,0
1585,08:58:30,2.785642186993862e-10,9.705777778272415e-12,1.202065803912443e-12,8.16949896562789e-13,9.021473314630036e-13,3.647784151632967e-09,9.801854890205161e-07,0
1586,08:59:00,3.1153878089568733e-10,1.2164420267088576e-11,1.738312493908364e-12,1.1544942703398554e-12,1.2502029808104132e-12,4.713325363762448e-09,1.0256543316949198e-06,0
1587,08:59:30,6.493902136485774e-11,3.3222830069089816e-12,7.904376137035398e-13,7.04012310314531e-13,5.545623602782653e-13,2.175872958080228e-09,9.742973927570577e-07,0
1588,09:00:00,6.133641149243194e-11,1.5497341804620908e-12,1.1523843883159158e-12,5.273584297323019e-13,1.23898053272997e-12,5.321234402122306e-09,9.897256707155552e-07,0
1589,09:00:30,9.464671670349945e-11,3.7848767020235564e-12,5.395249123796256e-13,3.082429823749884e-13,4.604157965781293e-13,6.057986180345228e-09,1.605204699230424e-06,0
1590,09:01:00,1.7711741034772349e-10,4.153917514683116e-12,1.0089387696609539e-12,4.87613800863109e-13,7.153062740491128e-13,8.413141863764928e-09,9.216652917727986e-07,0
1591,09:01:30,1.2180443330813778e-10,7.894938453489977e-12,1.2061037347181553e-12,1.2582630146738364e-12,7.909235324965301e-13,1.0750511820425192e-08,9.349740082352317e-07,0
1592,09:02:00,3.6438238416901565e-11,2.6570420833492935e-12,7.071674096305753e-13,7.228597206557684e-13,7.702128222910994e-13,5.0378029808896226e-09,9.20901562263684e-07,0
1593,09:02:30,8.041874478406821e-11,3.5910432501652587e-12,9.276299182943769e-13,7.768023531137855e-13,4.322133635772279e-13,3.085286682308223e-09,9.54982173501466e-07,0
1594,09:03:00,7.639738457660839e-11,3.0040980225428872e-12,6.289989062011473e-13,3.619514905399919e-13,3.4110327484864034e-13,8.201110688950378e-09,1.0059621839090437e-06,0
1595,09:03:30,1.0612922845752574e-10,5.106030541345176e-12,1.1059425033684764e-12,6.954011478301631e-13,6.359266775329003e-13,9.502234952598159e-09,1.0074302079829945e-06,0
1596,09:04:00,7.354270726189708e-11,3.8670822060180485e-12,9.654973739134253e-13,7.17105070116898e-13,9.151825497797e-13,1.0527174418489733e-08,1.1981302585795756e-06,0
1597,09:04:30,1.308054505958972e-10,1.039355267888189e-11,1.3662883085979433e-12,1.1673929749589468e-12,1.1149284255478998e-12,6.605133485194857e-09,2.4823200889577304e-06,0
1598,09:05:00,9.782437722807324e-11,6.958210954507873e-12,1.5047078554280807e-12,1.7071182502196923e-12,1.3303274468354634e-12,3.3224298583872814e-09,1.0116990379476043e-06,0
1599,09:05:30,1.0281857566595353e-10,3.7416853733440476e-12,1.6108251426327487e-12,1.113813369566064e-12,8.085255945858097e-13,9.90097549327603e-09,9.866539522818664e-07,0
1600,09:06:00,8.981576344223596e-11,5.313104999897375e-12,7.651215297626084e-13,3.508965433053819e-13,6.140538280868334e-13,5.002187424002078e-09,9.327500511558775e-07,0
1601,09:06:30,7.932755134945934e-11,4.332912286660485e-12,7.794545540028748e-13,5.458129568957709e-13,4.565704890586744e-13,8.881049978143383e-09,9.168815350950011e-07,0
1602,09:07:00,5.041915431560352e-11,3.4202071485891263e-12,5.728914750545194e-13,3.239066312176039e-13,5.529828676965217e-13,5.706126457107895e-09,9.220718756018832e-07,0
1603,09:07:30,1.3205848878351523e-10,6.303985918953841e-12,1.3397856834938708e-12,6.685700642123029e-13,7.46309737196501e-13,8.040823722090382e-09,9.20396955791426e-07,0
1604,09:08:00,9.279037145043272e-11,4.946036460279781e-12,1.1319893973219514e-12,4.850178268993795e-13,5.283069847272897e-13,8.722459218329261e-09,9.336895380499441e-07,0
1605,09:08:30,6.154854672144439e-11,3.7158505316501404e-12,7.365135170075648e-13,3.6605120901290046e-13,4.175591424398448e-13,7.014167890363212e-09,9.799408037020442e-07,0
1606,09:09:00,8.05853624032568e-11,3.2690814529901655e-12,1.111165823714266e-12,5.127912147554073e-13,6.678777943842278e-13,9.57555262300789e-09,1.1064917993382524e-06,0
1607,09:09:30,9.444791158630828e-11,5.365871806938716e-12,1.2577133613007632e-12,4.17992021494563e-13,6.950845369625203e-13,6.138551982744414e-09,9.749131809589458e-07,0
1608,09:10:00,1.3876489483743658e-10,5.661971579205822e-12,2.073422598379157e-12,1.5255355449849472e-12,1.2891751464837247e-12,7.829803697054387e-09,9.7199392627147e-07,0
1609,09:10:30,4.900160011563942e-11,3.418383319690804e-12,6.531459017366444e-13,2.8257281441652274e-13,3.922597224692201e-13,8.216053654374581e-09,8.864051405637612e-07,0
1610,09:11:00,2.1188471113716767e-10,6.448867727751502e-12,1.536540880735349e-12,5.057756753061556e-13,7.340861566948855e-13,1.4308296588240751e-08,9.408828705187492e-07,0
1611,09:11:30,3.9659296643553796e-11,2.866258431850181e-12,5.839965962672976e-13,3.5123823039892946e-13,5.613670966714095e-13,3.400330436321475e-09,9.797178838216316e-07,0
1612,09:12:00,3.587699554420185e-11,2.4173970973675414e-12,1.1594566574130007e-12,6.076150246586008e-13,7.831299546502471e-13,1.3571216879848884e-09,9.189348039012228e-07,0
1613,09:12:30,3.696664906686921e-11,2.4451491407264017e-12,9.175346228285837e-13,5.226734799887761e-13,6.112558328680529e-13,1.8728875699583373e-09,8.900413412695267e-07,0
1614,09:13:00,6.473173552129043e-11,4.850156636164995e-12,1.4838802187216247e-12,8.757224613766963e-13,1.077162547331458e-12,3.8668764182098694e-09,9.277541595073978e-07,0
1615,09:13:30,4.8155733098983454e-11,3.0095367479739268e-12,6.764581890423109e-13,2.6280311097305713e-13,4.55148827279814e-13,7.336176761030281e-09,9.182015332327884e-07,0
1616,09:14:00,2.083436553873374e-11,2.1036514661492606e-12,5.88986269147685e-13,4.390773586902692e-13,5.643323164917915e-13,2.380902047941802e-09,8.942122461112642e-07,0
1617,09:14:30,4.236160648986799e-11,2.2946052440099786e-12,7.01722406084298e-13,4.4740433621955457e-13,5.08517835965125e-13,8.488505823816266e-09,9.775266671017314e-07,0
1618,09:15:00,6.571362670203369e-11,3.826735839480338e-12,8.444996615784133e-13,3.8327741626805203e-13,5.346786408134033e-13,7.818097172954801e-09,1.0241256852190933e-06,0
1619,09:15:30,4.908487741092248e-11,2.919690196777716e-12,7.537442463980564e-13,4.248786808785318e-13,5.245738497960415e-13,3.339994190565563e-09,9.694751373191272e-07,0
1620,09:16:00,5.419214889658485e-11,2.8356757886205126e-12,7.755355106735402e-13,3.5174567999503915e-13,4.2990350470467124e-13,9.3989203778927e-09,9.55657569685434e-07,0
1621,09:16:30,5.920536608798906e-11,3.8669529790982e-12,1.1662988493073398e-12,6.614283481846679e-13,8.000127548777898e-13,9.092493788959688e-09,9.516035740337541e-07,0
1622,09:17:00,6.402258199236987e-11,1.609764040609692e-12,5.95292567341023e-13,2.932778166691977e-13,3.7894173011379537e-13,3.5388626906424696e-09,9.708417869378658e-07,0
1623,09:17:30,4.539786772437991e-11,3.5302140701007236e-12,6.599279775039025e-13,3.321314111799632e-13,5.576377147625268e-13,6.945728637958701e-09,8.89726379849766e-07,0
1624,09:18:00,4.4016492524925764e-11,3.664460680351263e-12,5.178936891426705e-13,2.301766038906636e-13,3.668242835916993e-13,5.8767461438355444e-09,9.299151049933949e-07,0
1625,09:18:30,4.7627434108552185e-11,3.404561242451763e-12,6.784375349528153e-13,2.743864059141498e-13,3.651944557328167e-13,5.787616516073206e-09,9.482326008967615e-07,0
1626,09:19:00,9.57740840776383e-11,3.922416361581588e-12,1.1860302210016372e-12,7.662914921916368e-13,7.952262311107966e-13,8.5265815978867e-09,8.84015113237162e-07,0
1627,09:19:30,8.390065998052856e-11,2.2186572487760423e-12,7.261312353474657e-13,5.027099404422831e-13,3.5155522561498065e-13,6.9370178795229175e-09,9.303385082299221e-07,0
1628,09:20:00,9.798722246929423e-11,5.191114734367402e-12,1.2588064476263888e-12,5.64228449740713e-13,9.906756123405212e-13,1.300641361483852e-08,9.350297768052629e-07,0
1629,09:20:30,1.5199571818927367e-10,8.897218459156632e-12,2.503845731534526e-12,9.07966639990716e-13,1.4284148657749425e-12,5.8929761149552154e-09,1.0205113480346397e-06,0
1630,09:21:00,4.826675215774297e-11,1.7743753056075485e-12,6.591107201001005e-13,4.651913527474168e-13,5.150560210667159e-13,3.316182541364651e-10,1.014534239964014e-06,0
1631,09:21:30,1.2642734645597013e-10,4.83438575580907e-12,7.964338853775398e-13,4.313535009201276e-13,4.857495425121393e-13,7.279554415988807e-10,1.0025050072835928e-06,0
1632,09:22:00,6.522916656922978e-11,2.806359113894242e-12,8.391588044565379e-13,4.0767509519884055e-13,5.511157777793233e-13,3.676001203583525e-10,9.552053956529747e-07,0
1633,09:22:30,7.983836936838843e-11,3.5189688146176817e-12,7.669783367282947e-13,3.8105753937817355e-13,4.942148372083785e-13,1.584038254769514e-09,9.764210885141606e-07,0
1634,09:23:00,8.645509366471909e-11,2.6904315966687385e-12,8.32807967702247e-13,3.8523678172188947e-13,5.370855945015817e-13,4.0841645876759865e-09,9.91561787400747e-07,0
1635,09:23:30,7.378563611830471e-11,3.6123727208347674e-12,9.585621981878536e-13,4.971690167531392e-13,4.452927729276053e-13,5.675210308769251e-09,9.771127543821108e-07,0
1636,09:24:00,9.155127979963135e-11,6.3748137376469596e-12,1.0580062777095132e-12,5.651688846843073e-13,7.453937999913436e-13,3.8412239514779035e-09,9.346580003522053e-07,0
1637,09:24:30,8.220156457903028e-11,2.950808259348625e-12,7.716463966175034e-13,5.162733731782092e-13,5.107220560085925e-13,4.5822220160525846e-10,9.424477950201457e-07,0
1638,09:25:00,8.140847762532808e-11,3.264693534806166e-12,1.0347906724688207e-12,5.197844491670344e-13,7.437237551467508e-13,7.712974052450984e-10,9.36950587852188e-07,0
1639,09:25:30,1.4324553106734448e-10,4.62011449095695e-12,9.360039224485976e-13,5.211497809617173e-13,5.820688595253852e-13,4.833448003198475e-09,9.607287806927764e-07,0
1640,09:26:00,1.0639946881310978e-10,9.09491007342074e-12,1.5179796489693967e-12,1.2877433104314465e-12,1.1267176474860373e-12,4.985814371233606e-09,9.906520733293277e-07,0
1641,09:26:30,2.740502452202413e-10,9.869262891499396e-12,1.7361266631807707e-12,1.2766138504205128e-12,1.7092657934036775e-12,4.855361776662466e-09,1.1809414972234338e-06,0
1642,09:27:00,1.8897922465052686e-10,9.694824634449062e-12,3.021757865223111e-12,2.752290180373002e-12,1.8693008397912053e-12,4.352334588075235e-09,1.2317644135335257e-06,0
1643,09:27:30,1.66070545121636e-10,5.9643052119782055e-12,1.1185385426971931e-12,1.832275425029288e-12,2.151100244741158e-12,4.5117003918854556e-09,1.0405087364508076e-06,0
1644,09:28:00,1.6756476486266826e-10,8.391748810189564e-12,1.7402025131285436e-12,8.690038453303503e-13,1.0685603289756637e-12,7.606850492491323e-09,9.472563972201486e-07,0
1645,09:28:30,4.3764154071403936e-11,3.5786986701073552e-12,1.0588658886925218e-12,5.660702830002526e-13,6.86446157378503e-13,6.049759355913679e-09,9.479684303723161e-07,0
1646,09:29:00,5.6076968544969086e-11,3.2023578249966324e-12,7.914445414792339e-13,5.515514472261481e-13,5.755786824145147e-13,4.3822325645384e-09,9.005524197116228e-07,0
1647,09:29:30,2.142281745439846e-11,1.7005828902111419e-12,5.470466878177927e-13,2.2472518189302947e-13,3.5578376780906815e-13,2.56238392495985e-09,8.996971764458022e-07,0
1648,09:30:00,1.0054439594172702e-11,1.3043384153892926e-12,4.3424449869764386e-13,1.5289495814100238e-13,3.295529851288688e-13,2.8418514186915986e-10,9.097142432209105e-07,0
1649,09:30:30,7.958735923429971e-12,1.2027644356862855e-12,6.213026378514105e-13,2.635803978532214e-13,3.334883874798029e-13,4.024130349282151e-10,8.653354226809028e-07,0
1650,09:31:00,7.362600179767619e-11,5.633406066699068e-12,8.617985558529226e-13,4.5116081153626414e-13,5.121429409421835e-13,5.332156990570072e-09,8.715523458864514e-07,0
1651,09:31:30,1.4136557869902973e-10,6.235339052939394e-12,1.4092917724742034e-12,9.42067618418575e-13,6.856930887808405e-13,1.052522454760102e-08,9.284517294376414e-07,0
1652,09:32:00,7.317013328039949e-11,3.5927952308847134e-12,7.8051679681988e-13,3.724190549928685e-13,5.098138651123196e-13,4.980554424552119e-09,9.81243652985667e-07,0
1653,09:32:30,7.745512793308296e-12,7.942197908198306e-13,3.3497951789075693e-13,1.5140804798405462e-13,1.3887691172710452e-13,9.119624569695592e-10,9.396417551068907e-07,0
1654,09:33:00,1.3880078611582238e-11,1.0312003693293664e-12,3.448720040147222e-13,1.9162508883563822e-13,2.380272034788668e-13,7.764879088550434e-10,9.167612696832814e-07,0
1655,09:33:30,1.2866210755426996e-11,1.7400669910971348e-12,3.3281631310078877e-13,1.2426919579906511e-13,2.1722002469784337e-13,2.923640800025263e-10,9.712968956172335e-07,0
1656,09:34:00,2.7919110241107706e-11,2.065424177467162e-12,3.6851872231146944e-13,1.3033022945890792e-13,2.0340484232444998e-13,8.712855356828612e-10,9.43163573889751e-07,0
1657,09:34:30,2.047695487882596e-11,1.4421264711996514e-12,3.240123693759368e-13,1.3589943642871862e-13,2.5260532453390033e-13,9.678601016680598e-10,9.712010037782484e-07,0
1658,09:35:00,5.78147875689543e-12,4.881960629402799e-13,2.8093714445207563e-13,1.181936833535979e-13,1.769239509806081e-13,2.5081162523349374e-10,9.044752204422044e-07,0
1659,09:35:30,9.617591645143565e-12,1.306607559326172e-12,3.401763572256926e-13,1.1909350759713805e-13,1.7873252231887707e-13,1.3218495247944632e-09,9.298908489808707e-07,0
1660,09:36:00,7.147527410284737e-12,1.2157884379839943e-12,4.972273898754935e-13,3.166442246346379e-13,4.927498258008079e-13,4.1429250117071187e-10,9.484828780906763e-07,0
1661,09:36:30,9.079128868483703e-12,1.1575552943309137e-12,2.0672437421302176e-13,1.1104527654639239e-13,1.6723606912244817e-13,1.8859851852882255e-10,8.777524706502568e-07,0
1662,09:37:00,1.5942048805237797e-11,1.7316210132617306e-12,4.2899007841515926e-13,1.7303392044402807e-13,3.130603694575841e-13,2.3888036129828497e-09,8.875854777225469e-07,0
1663,09:37:30,8.22269747022003e-12,1.0645629257975604e-12,4.3528785302351066e-13,1.4122951449827786e-13,2.0363679599169906e-13,2.279684923631853e-10,9.75038682580065e-07,0
1664,09:38:00,1.8859326700915523e-11,1.5679860285584938e-12,3.5147218900939335e-13,3.307834293584673e-13,4.4659239591341303e-13,2.7603325777885505e-09,1.0101805985413286e-06,0
1665,09:38:30,4.048754265565256e-12,6.082362188901236e-13,1.9935675038064777e-13,1.125654722777044e-13,1.8105647853546225e-13,2.2334379478426427e-10,9.449981371230288e-07,0
1666,09:39:00,1.9526079404990327e-11,1.3524245930608487e-12,3.906454028601619e-13,1.511623773895121e-13,2.6827045984413393e-13,1.3979667434024832e-09,9.752104209016129e-07,0
1667,09:39:30,2.0798085646075115e-11,2.3844475853953187e-12,4.12211712928006e-13,1.7621941583570224e-13,3.035039884471461e-13,1.8104506096794771e-09,9.282192657223705e-07,0
1668,09:40:00,4.120646592783641e-11,1.84910178014708e-12,4.5202747839626395e-13,1.8530179956076243e-13,2.873345456338188e-13,6.759032859873337e-09,9.147968051488637e-07,0
1669,09:40:30,7.555334951657548e-11,4.75224730642938e-12,1.081020944697993e-12,5.754017371938153e-13,6.038666241590821e-13,6.969389467291547e-09,9.492251128390832e-07,0
1670,09:41:00,6.311261766095775e-11,3.2578756211286652e-12,8.702769126292453e-13,3.532833105947755e-13,3.896278453459549e-13,8.634111096433663e-09,9.447000012934166e-07,0
1671,09:41:30,7.772521404282299e-11,4.567089293866153e-12,9.967512399354969e-13,3.5334236595615203e-13,6.417747898215045e-13,6.392659081460625e-09,9.07324443405932e-07,0
1672,09:42:00,3.163822624037503e-11,2.0546882094506465e-12,5.853320035043484e-13,1.960094543723728e-13,2.658490384261881e-13,1.0318396510084965e-08,8.849491361450921e-07,0
1673,09:42:30,7.762976771779399e-11,2.9304521507119686e-12,5.967580547320348e-13,2.425872960796507e-13,4.340767347824109e-13,5.2351421970043555e-09,9.084215917288343e-07,0
1674,09:43:00,7.438475605731417e-11,5.137813135542215e-12,6.904470378904546e-13,3.698307580774235e-13,5.490968598760067e-13,7.2133699672391275e-09,9.432744379044816e-07,0
1675,09:43:30,6.701766109435446e-11,3.83606264990134e-12,1.1390754447558218e-12,4.914151024409423e-13,6.466118250689365e-13,1.1851543356572865e-08,9.472214202779261e-07,0
1676,09:44:00,1.713829894093892e-10,7.934717722782955e-12,1.0665517549622296e-12,4.925801602574623e-13,6.947782196655559e-13,9.073748804790373e-09,9.863376262861227e-07,0
1677,09:44:30,1.0251620652967756e-10,7.930374669128608e-12,2.831850965498552e-12,2.759099063916318e-12,1.8883445484569974e-12,8.36590597469398e-09,9.896269755364716e-07,0
1678,09:45:00,8.8665295819011e-11,5.2203073844896475e-12,2.938275148554394e-12,2.5191136925661346e-12,2.0383390984409147e-12,4.714997920474501e-09,9.80819461793881e-07,0
1679,09:45:30,9.218838504747783e-11,4.038025525233247e-12,1.1392975784832923e-12,1.115140245730421e-12,1.2465797024401381e-12,5.041886229092915e-09,9.483807416896635e-07,0
1680,09:46:00,1.031146426891697e-10,4.294182206013956e-12,8.220517364867015e-13,4.059245198000291e-13,3.7445355211252984e-13,2.1465512337387866e-09,9.857711182534725e-07,0
1681,09:46:30,9.398518110239213e-11,8.361552118146716e-12,1.4151020309273493e-12,9.853978565785832e-13,9.61696257626986e-13,5.1285721436921705e-09,1.1805376618201669e-06,0
1682,09:47:00,4.203669908875073e-11,2.4241768495338963e-12,9.044338622495388e-13,6.437630809840226e-13,6.036416207548303e-13,6.0541525627053526e-09,9.500699398635459e-07,0
1683,09:47:30,3.1347092508690934e-11,1.6402958303177832e-12,7.473028664525146e-13,4.684680202740013e-13,6.177191503986526e-13,3.450372489913669e-09,9.504073100730346e-07,0
1684,09:48:00,1.1710644561442883e-12,3.8067142179164065e-13,4.531652829538427e-13,3.6497414577610957e-13,4.1875765864561167e-13,3.2894907090009267e-09,9.597696395116566e-07,0
1685,09:48:30,2.174371888363592e-11,8.594297530465596e-13,3.491817167660391e-13,3.256281739593527e-13,3.9468568182433965e-13,2.1999419841154422e-09,9.428343686086173e-07,0
1686,09:49:00,2.7906002335579568e-11,9.64522114848352e-13,5.128839470460149e-13,3.0390141410904305e-13,3.5564080674865485e-13,3.3568095513980717e-09,9.574184821231762e-07,0
1687,09:49:30,9.286567371855821e-12,6.188713007793969e-13,3.537578210988702e-13,3.0763260331940533e-13,3.6626807726352054e-13,2.8355166612516696e-09,1.0260820390187418e-06,0
1688,09:50:00,2.105043311970317e-12,3.2164747464920146e-13,3.2426340363419855e-13,1.7514468717296182e-13,1.5422744144437054e-13,1.452134615510099e-09,1.0100902130985087e-06,0
1689,09:50:30,8.663306830724417e-12,5.161820950764984e-13,4.0859986188251343e-13,2.72240292766142e-13,2.9477803279697674e-13,9.381900893540748e-10,9.781501400454662e-07,0
1690,09:51:00,1.2343888958775455e-11,5.25764607946196e-13,3.860948403226152e-13,2.327898809395846e-13,2.9303338749508483e-13,1.5326865301945358e-09,9.736233531322532e-07,0
1691,09:51:30,4.381016003554022e-11,1.3298394656204641e-12,5.198537016922543e-13,2.0483439325768083e-13,2.523819683074616e-13,1.2733827933100424e-09,9.579407715597274e-07,0
1692,09:52:00,4.367743857524792e-11,1.1586013448308867e-12,4.300105005473954e-13,2.1686346297804744e-13,2.0056551905316532e-13,1.1518109632521023e-09,1.0084336368337464e-06,0
1693,09:52:30,4.602987529907868e-11,1.1290011950340024e-12,5.814521009480012e-13,3.686270994886363e-13,4.7127341482397e-13,7.28964815994851e-10,9.74500593368556e-07,0
1694,09:53:00,3.8700790044226016e-11,1.5662088198640866e-12,5.272138477184603e-13,2.2461812732544309e-13,3.192587032943532e-13,1.6000998904677452e-10,9.449891263271672e-07,0
1695,09:53:30,1.6469824573637595e-10,5.487066503873868e-12,8.430817387258637e-13,3.7405450078549794e-13,5.838486297202549e-13,1.3180796586735714e-09,9.432311971137983e-07,0
1696,09:54:00,2.969512963426124e-11,9.438331479594432e-13,4.2161330203804423e-13,2.5024437318714695e-13,3.013957600095052e-13,1.5112473035156267e-09,9.409342528868001e-07,0
1697,09:54:30,5.868807829850047e-12,3.9728555701667044e-13,3.1897486682461983e-13,1.7921292179239828e-13,2.4094706544171787e-13,7.476978888171399e-10,9.365695900206717e-07,0
1698,09:55:00,2.579832715932061e-11,8.534717850919778e-13,2.909989480328716e-13,1.8002307191447223e-13,3.0725864064033785e-13,6.078282309240444e-10,9.53638886422651e-07,0
1699,09:55:30,9.945924465763069e-12,4.555361949076398e-13,2.525884758571351e-13,1.9365913630032168e-13,2.7730516823943316e-13,9.251139833207415e-10,1.0127025741407058e-06,0
1700,09:56:00,3.505291051053688e-11,1.0626050612349787e-12,6.152551211638287e-13,5.61812106112401e-13,6.127817940182114e-13,1.456281705243953e-09,9.847883250368199e-07,0
1701,09:56:30,5.173451719211142e-11,1.3091171223664568e-12,5.185189347420143e-13,3.215993471848551e-13,2.6543971428578703e-13,1.762156512516142e-09,9.923889526359523e-07,0
1702,09:57:00,4.069934197922117e-12,3.5681960755913107e-13,2.542091404269746e-13,2.407523871393257e-13,2.664385331974435e-13,7.571770581564837e-10,9.518859690995188e-07,0
1703,09:57:30,1.2912853271332877e-10,4.587224618288726e-12,1.3441669559864488e-12,5.31958818580065e-13,7.428182371435264e-13,2.0464842109573128e-09,9.757271165660676e-07,0
1704,09:58:00,9.945646126403505e-11,2.7143298763578086e-12,8.698685637845614e-13,2.9180006660508005e-13,3.492250315798269e-13,1.2209315332510593e-09,9.989229476058545e-07,0
1705,09:58:30,1.196870057140169e-10,3.8927718631283326e-12,7.892021572482517e-13,2.893289314654894e-13,3.6791620470797736e-13,1.310996459379172e-09,9.415085008633919e-07,0
1706,09:59:00,3.803327395088498e-11,9.847933567048684e-13,3.4082912479395597e-13,2.304466948520134e-13,2.5347930968271447e-13,1.7627628368618609e-09,9.050672576342974e-07,0
1707,09:59:30,7.154618074709638e-11,2.296489546305702e-12,7.87442016861584e-13,3.507077789244747e-13,4.617948633655723e-13,2.297747774216509e-09,9.429158022473068e-07,0
1708,10:00:00,1.0394945466919067e-10,2.3798663041485777e-12,7.845369161413544e-13,2.661364604596766e-13,3.701393485955743e-13,2.4726217757067334e-09,9.395827182239904e-07,0
1709,10:00:30,4.44065340658306e-12,3.3375917773747226e-13,3.0976857667577855e-13,2.8713186791943294e-13,3.48585373431766e-13,1.413684802659546e-09,9.404852809287532e-07,0
1710,10:01:00,3.498426036503219e-11,1.3413869852166062e-12,4.819341518977109e-13,5.012556540647124e-13,7.915332958974294e-13,1.92689532288023e-09,9.895157209921524e-07,0
1711,10:01:30,1.4442532888201475e-11,7.359696314405355e-13,5.049129416673833e-13,5.042746272811668e-13,3.83654182312361e-13,1.2829189907866103e-09,1.018206656566522e-06,0
1712,10:02:00,5.34151639123167e-12,3.8700364274711636e-13,2.6903586011187784e-13,2.0310814376925888e-13,2.7140361763565827e-13,1.2030886449473542e-09,9.90594760214783e-07,0
1713,10:02:30,4.078322122938768e-12,3.160964167200482e-13,2.939986359061519e-13,1.322998950505712e-13,1.2545508371923045e-13,6.596799099260091e-10,9.785180970805248e-07,0
1714,10:03:00,3.943337456188289e-12,4.791781065754679e-13,3.45238063499098e-13,2.3543124848366975e-13,3.2728942867142967e-13,6.063565190000216e-10,9.505381637264993e-07,0
1715,10:03:30,6.6050901481963954e-12,4.076015981990715e-13,3.287071990938667e-13,2.0652560976616388e-13,2.4588303260411864e-13,7.039250497711204e-10,9.866253068746667e-07,0
1716,10:04:00,3.380227179915721e-11,1.3133688650768068e-12,6.309630067648215e-13,4.575460121178233e-13,5.903235496362211e-13,1.6869908376145342e-09,9.887786908722436e-07,0
1717,10:04:30,2.394570472036599e-11,7.037926890493597e-13,4.0822841487370575e-13,2.2643703449830183e-13,2.970788595078101e-13,7.838539117274264e-10,9.507044849900553e-07,0
1718,10:05:00,1.180606280321696e-10,5.698434048601294e-12,1.4468182569484487e-12,7.590500183618764e-13,9.2131252638332e-13,9.243262611411648e-09,9.399613715933698e-07,0
1719,10:05:30,1.0814443563098316e-10,4.313279363529667e-12,5.399017490045735e-13,2.200990550070307e-13,4.010907659862379e-13,2.065694699329731e-09,9.483318659202845e-07,0
1720,10:06:00,1.6036653741526545e-10,6.3458017186764555e-12,1.3325357166698587e-12,1.0512523506306878e-12,5.206247932650314e-13,7.76318087245836e-09,9.273882475947715e-07,0
1721,10:06:30,6.776660296298293e-11,2.918934180407527e-12,7.51329835556577e-13,4.15256363957001e-13,6.384235867734061e-13,6.719947228309631e-09,9.307108245482157e-07,0
1722,10:07:00,7.86472333554784e-12,1.2513648355274085e-12,7.688641425425775e-13,8.098855517708875e-13,6.451788151139271e-13,1.2870822224949383e-09,9.829305143480453e-07,0
1723,10:07:30,1.3436557790253154e-11,2.086647281002047e-12,9.200924565795343e-13,6.344612217068825e-13,5.626606670923576e-13,1.145828221185807e-09,1.0028719960819608e-06,0
1724,10:08:00,1.0722881105805734e-10,6.604485922783345e-12,1.0423878150574368e-12,2.9694885487096946e-13,6.187335890906582e-13,4.010980958359863e-09,9.775012746906621e-07,0
1725,10:08:30,5.427356122459305e-11,3.397826649975511e-12,1.338334392731672e-12,6.947411490960002e-13,5.634075212796991e-13,1.1491219042516197e-08,9.408134386875528e-07,0
1726,10:09:00,1.0484758556337027e-10,5.942894214109534e-12,9.635238746494793e-13,2.87813469998961e-13,5.223850710590432e-13,8.624735541886927e-09,9.558173663378759e-07,0
1727,10:09:30,1.1967343371773125e-10,5.843383008440083e-12,9.961118560819744e-13,3.255305955387031e-13,7.712827461280997e-13,5.978772581009639e-09,9.90137324236387e-07,0
1728,10:10:00,4.6256102897722946e-11,3.15100493483971e-12,7.94207611825247e-13,3.620362651164656e-13,4.1169283990745733e-13,5.061234751385908e-09,9.70078235822982e-07,0
1729,10:10:30,3.6729414277059574e-11,3.2435393532442288e-12,8.376774682504185e-13,2.5156397977112074e-13,4.848709199689571e-13,2.022631156874864e-09,9.25873970778369e-07,0
1730,10:11:00,4.241167709562914e-11,3.243827539312875e-12,8.185763734676935e-13,3.091565369649855e-13,4.004265092845806e-13,1.8327360805675246e-09,9.381235399914341e-07,0
1731,10:11:30,8.217091945495203e-11,5.7515928810097044e-12,1.2688511756516389e-12,4.3459595901682875e-13,7.332681854024367e-13,7.625057910054634e-09,9.371304750352811e-07,0
1732,10:12:00,1.7144028504432545e-11,2.0569348981400915e-12,6.597667213243753e-13,5.656462554927511e-13,6.047851187566086e-13,8.385985479566129e-10,9.198917442100763e-07,0
1733,10:12:30,3.465550874978866e-11,1.8116167756474406e-12,6.585693954992884e-13,4.579953533032185e-13,7.232019094852802e-13,4.0200571875674735e-09,9.382040191815739e-07,0
1734,10:13:00,1.3096244324006286e-10,7.539681544155049e-12,1.291877309123489e-12,8.167362519642952e-13,6.482612372754284e-13,9.403468611580306e-09,1.0139068246733145e-06,0
1735,10:13:30,4.754667907620654e-11,3.3181856696301627e-12,1.1463551906577303e-12,5.664736735579192e-13,6.680797286427729e-13,9.150246368347446e-09,9.77231264262568e-07,0
1736,10:14:00,1.948856070791104e-11,2.7426056728188197e-12,1.0566471037172068e-12,7.511998847519878e-13,7.734383813657119e-13,1.3024439519585264e-09,9.93671333230424e-07,0
1737,10:14:30,2.1705054598652016e-11,3.6039441665862073e-12,1.0121289916479429e-12,5.430090088524397e-13,5.435400149900476e-13,1.9110395243641817e-09,9.67947613938529e-07,0
1738,10:15:00,6.42176523863108e-11,1.0655568071796585e-11,4.058535945799252e-12,1.6009137731081265e-12,1.8620574554806176e-12,3.809043781464271e-09,9.833441819700554e-07,0
1739,10:15:30,5.697380029363092e-11,3.5249244798591962e-12,1.1154516359242417e-12,3.3602322818091e-13,5.004093402582083e-13,6.7092232712868536e-09,9.88990912731195e-07,0
1740,10:16:00,1.8442070139471084e-11,1.9611902797272667e-12,1.7737991399172304e-12,1.0271686319528902e-12,1.1342477500935955e-12,1.415550147929073e-09,9.523533096203743e-07,0
1741,10:16:30,3.332773852096003e-11,3.131377370451217e-12,3.9452286433197227e-13,1.713082912677201e-13,3.4455317621752464e-13,6.87802182628204e-10,9.361966311479762e-07,0
1742,10:17:00,1.8270343355630274e-11,1.7442949102271917e-12,6.157510312653386e-13,3.6876231229309404e-13,4.937070221599049e-13,8.555913062274911e-10,9.220906573351045e-07,0
1743,10:17:30,3.2471826759715115e-11,3.206086559414022e-12,5.814805454341429e-13,2.0030200982639786e-13,2.8229112700097893e-13,3.440764452203428e-09,8.993120442945025e-07,0
1744,10:18:00,1.694947618744954e-11,2.739717183960517e-12,9.790694584209312e-13,2.493065066726998e-13,3.7383592762988305e-13,2.010132719104689e-09,9.260155069890917e-07,0
1745,10:18:30,2.9116368859556845e-11,3.149066487268263e-12,6.95239651956071e-13,2.149761215541304e-13,4.687819652649407e-13,2.4929687377936745e-09,9.826742591465107e-07,0
1746,10:19:00,1.1912061719412911e-11,2.564522839008165e-12,6.559296623525163e-13,2.3860907643419704e-13,3.62885438813489e-13,2.0572933798195574e-09,9.938522072048366e-07,0
1747,10:19:30,2.1384253026653977e-11,2.374749251919351e-12,8.644213870709224e-13,2.251894622739827e-13,4.1810674303597234e-13,2.245387468469118e-09,9.55926466615194e-07,0
1748,10:20:00,4.810153977674149e-11,3.974116785541885e-12,9.562312280215207e-13,3.5717307109611947e-13,6.529264899558022e-13,4.904041091199843e-09,9.684245605130068e-07,0
1749,10:20:30,3.3881781061224785e-11,2.6542436560883295e-12,8.524224748823658e-13,2.6585431939168566e-13,3.5392878484258564e-13,4.0931833143115054e-09,9.443886792175189e-07,0
1750,10:21:00,3.416310365695543e-11,3.937136110576087e-12,1.0033249365641169e-12,4.66088687588757e-13,6.750671925740281e-13,4.221455103545978e-09,9.745534425014573e-07,0
1751,10:21:30,2.0717440021174372e-11,2.538286996373653e-12,1.678411706860433e-12,7.028941506677837e-13,1.0301223970143655e-12,1.1354406052781195e-09,9.682368246340057e-07,0
1752,10:22:00,6.346921277529697e-11,2.8996816444882607e-12,9.21313615744164e-13,3.1319454170439794e-13,4.085368058253287e-13,7.043276463762489e-09,9.244980790180463e-07,0
1753,10:22:30,9.35385853633874e-11,5.591505942342505e-12,1.5434140412681475e-12,7.961918328011186e-13,9.75529216277614e-13,1.0614070109901905e-08,9.317595013964629e-07,0
1754,10:23:00,3.6953309420155583e-11,3.971644062467053e-12,1.2462154547212948e-12,6.514583726040443e-13,8.240307033313385e-13,5.9169171651834455e-09,9.306703117606304e-07,0
1755,10:23:30,7.47387623359631e-11,5.348201283757837e-12,1.0914171985512907e-12,3.496584254126334e-13,5.880392599513523e-13,1.0898741573858533e-08,9.077878266012219e-07,0
1756,10:24:00,7.28796369526893e-11,4.948739685430368e-12,1.2816808231664592e-12,3.806904602982012e-13,5.003103416921064e-13,9.67552716291904e-09,9.413487257698455e-07,0
1757,10:24:30,3.3023418842894487e-11,3.1238298066728013e-12,8.836121014140415e-13,3.3549886687077216e-13,4.221364193192853e-13,7.419310607291567e-09,1.0012844487834347e-06,0
1758,10:25:00,5.3200746675752385e-11,3.347687587783812e-12,8.092784867034988e-13,2.934710073922209e-13,4.3761957279022083e-13,5.888726962253897e-09,9.841406598432184e-07,0
1759,10:25:30,1.1430429694550502e-10,6.825435456794451e-12,1.1821129735978909e-12,3.3076267236484064e-13,5.812213439715871e-13,6.889511786107145e-09,9.865696185120186e-07,0
1760,10:26:00,4.683363944198501e-11,2.6837172079159094e-12,7.707854779622287e-13,2.5282096690903753e-13,4.5446467128407763e-13,7.3558477306154865e-09,9.446614390943141e-07,0
1761,10:26:30,6.331314372165975e-11,6.225063516357962e-12,1.2685473988395126e-12,7.239069457103908e-13,1.4809200353294267e-12,1.1443306633784404e-08,9.562218785773804e-07,0
1762,10:27:00,5.968052582505296e-11,4.6542114966268684e-12,9.89395931307799e-13,3.882078046411933e-13,6.669897206821691e-13,5.89044120079551e-09,9.788181197594055e-07,0
1763,10:27:30,7.359779692871103e-11,5.1835178689759805e-12,1.3803846093439952e-12,2.829236699639202e-13,3.9511934828252376e-13,1.1543396257828923e-08,9.534099519754314e-07,0
1764,10:28:00,3.5900258398498035e-11,2.64912460352093e-12,7.398922874709174e-13,2.0742638436789895e-13,3.621807635295741e-13,7.271141400304254e-09,9.353326504850376e-07,0
1765,10:28:30,8.66618447443955e-11,5.611209361629643e-12,1.0218917481286923e-12,4.944413778944721e-13,6.197607700043929e-13,9.579807553580704e-09,9.317926704464687e-07,0
1766,10:29:00,4.285263726702853e-11,2.750066551484778e-12,7.748140832495814e-13,3.69530987615457e-13,6.786306494005914e-13,4.221094076186527e-09,9.180982789009908e-07,0
1767,10:29:30,5.0152784003077306e-11,3.505346784708074e-12,6.906876048946596e-13,2.640689949109971e-13,4.2242921038832553e-13,9.572388204494407e-09,9.272885844871761e-07,0
1768,10:30:00,5.475447377437323e-11,3.762089772829624e-12,1.1176339916981216e-12,1.018622811210844e-12,1.0203183467933672e-12,3.878354935375623e-09,9.675209177201917e-07,0
1769,10:30:30,7.015039596617463e-11,4.887435006957777e-12,1.0657852658144307e-12,3.2755328045627247e-13,4.009374085230727e-13,8.156736108597239e-09,1.0286629275163952e-06,0
1770,10:31:00,7.476447811380503e-11,5.117949441939603e-12,1.4619536428123182e-12,6.677059296481818e-13,7.926791925304875e-13,9.826826711763433e-09,9.685435865070632e-07,0
1771,10:31:30,5.930230848378637e-11,2.6902144340424657e-12,9.485043539176564e-13,9.093714440267794e-13,1.6081873544321532e-12,1.0377671225094097e-08,1.0016722847016738e-06,0
1772,10:32:00,5.435658983348615e-11,2.472524227863218e-12,9.738762986077841e-13,6.932882103636274e-13,6.606439217420619e-13,7.652775281250051e-09,9.433459161441883e-07,0
1773,10:32:30,8.782063943487638e-11,5.7478640518699226e-12,1.0995643616406544e-12,1.0447498536109205e-12,1.1034790224095816e-12,5.030413040906864e-09,9.82277729339175e-07,0
1774,10:33:00,9.663304905471379e-11,5.5837250712194704e-12,1.5098920095250392e-12,8.666061698963781e-13,9.466442502588079e-13,8.054184542934576e-09,9.889458466074393e-07,0
1775,10:33:30,1.4610233510463153e-10,9.373694915804762e-12,1.7988939023897218e-12,9.54675944630025e-13,1.085926922127158e-12,7.83656841495225e-09,9.374844518243496e-07,0
1776,10:34:00,7.643587795093964e-11,4.487191761754963e-12,1.1513736984879143e-12,4.015100996512215e-13,6.687060627443059e-13,8.893240290457321e-09,9.196386016209633e-07,0
1777,10:34:30,1.156403461284645e-10,4.767179449550203e-12,1.0843786217664596e-12,5.453481064086109e-13,7.862319531232863e-13,1.3576293558404743e-08,9.157300574385528e-07,0
1778,10:35:00,7.457783709736292e-11,6.291930936426103e-12,1.2721579007621836e-12,6.740006289175584e-13,1.133908524805809e-12,6.82783494281186e-09,8.92328333375385e-07,0
1779,10:35:30,3.9086477907732106e-11,3.0940721177130695e-12,1.146562770127321e-12,1.0265496463092727e-12,8.916560676404828e-13,2.999837796461032e-09,9.330714666927455e-07,0
1780,10:36:00,8.880523601508992e-11,5.533637327850564e-12,2.7011499222038133e-12,4.029742114559703e-12,4.0561980021242096e-12,4.802200720062153e-09,9.747477954171574e-07,0
1781,10:36:30,1.6815043918140855e-10,1.304292082772427e-11,3.0063013282050435e-12,3.3238490520981518e-12,3.115076208269061e-12,6.633226167687553e-09,1.0091100894691977e-06,0
1782,10:37:00,1.278708386560565e-10,1.1077986328902624e-11,3.7970374892237365e-12,3.7796240660406734e-12,1.9401156395333306e-12,5.590160484698676e-09,9.76266333935831e-07,0
1783,10:37:30,1.7452871492457207e-10,9.096702968067826e-12,1.6469453098311905e-12,1.5772722033223546e-12,1.4716024659154188e-12,5.171593705574549e-09,9.659551538832038e-07,0
1784,10:38:00,1.5756655142190583e-10,1.0263746486037761e-11,1.8950227343653814e-12,1.9387161584173744e-12,2.1169658225053937e-12,6.395855400915742e-09,9.396371350885442e-07,0
1785,10:38:30,1.3062941871541e-10,7.528114698981322e-12,2.9091912788248104e-12,2.06588347151265e-12,2.5958140044687272e-12,6.353119673963624e-09,9.816588333459688e-07,0
1786,10:39:00,7.476678070536933e-11,3.897911789818184e-12,1.1071400134885912e-12,1.4368928664330045e-12,1.404776894920642e-12,3.914826829291161e-09,9.529291681438399e-07,0
1787,10:39:30,1.0526451377680767e-10,5.4410320500841404e-12,1.7004530982603304e-12,1.6500426970356459e-12,9.681394978501431e-13,2.504263798731259e-09,1.1101554050265832e-06,0
1788,10:40:00,8.540839220089868e-11,2.481486384506972e-12,8.676643828352403e-13,8.328354190665448e-13,1.003084459218122e-12,2.3372079632235916e-09,9.387858743564162e-07,0
1789,10:40:30,5.864326366252555e-11,3.47537872100518e-12,1.165636555026718e-12,2.0872311849230473e-12,1.3815601983451042e-12,3.0475273046807658e-09,9.340148978117447e-07,0
1790,10:41:00,9.34681844149907e-11,8.73961311151942e-12,1.853751339212833e-12,2.2002405372304064e-12,1.4397110770534318e-12,1.906322427374159e-09,9.159345445828119e-07,0
1791,10:41:30,5.467018113276079e-11,6.101746794024212e-12,1.8745159327157982e-12,2.487186289229598e-12,2.0868312179785745e-12,2.3993959830740733e-09,9.277169857237883e-07,0
1792,10:42:00,3.4113300763531136e-11,2.993210025788538e-12,1.429673528807553e-12,1.547166343413425e-12,1.38325392000641e-12,1.4407890000779566e-09,1.0188987824194862e-06,0
1793,10:42:30,5.123549224397005e-11,2.4527456687434566e-12,1.1946891341567027e-12,9.749579643805862e-13,8.915807815550637e-13,3.3965552288935696e-09,9.914225434347976e-07,0
1794,10:43:00,7.85336319534031e-11,3.358586729188237e-12,9.598308649790347e-13,7.2285598587195e-13,8.150814909018884e-13,6.973856033241442e-09,1.0588587251667025e-06,0
1795,10:43:30,6.144357317683146e-11,2.8059309360783004e-12,9.281599662103093e-13,4.478139362936343e-13,4.764566007694083e-13,4.103476338129388e-09,9.601623185799019e-07,0
1796,10:44:00,8.233264947573054e-11,3.4326752394190747e-12,7.398677074817285e-13,3.591705046708296e-13,4.735800818501162e-13,7.292174566709202e-10,9.686051783686057e-07,0
1797,10:44:30,5.026450288699e-11,2.9565234929535788e-12,7.231173470881872e-13,6.255389622813565e-13,8.180457177316725e-13,1.2285884702290176e-09,9.85530953109859e-07,0
1798,10:45:00,7.456526265796087e-11,2.058343240233378e-12,5.767945998043603e-13,3.5792358104847247e-13,5.07633112816957e-13,8.368938775179992e-10,9.418027311664523e-07,0
1799,10:45:30,1.1177174291502539e-10,3.246632735788776e-12,7.779721876057287e-13,1.0909899268521312e-12,6.687468042267262e-13,1.4225333843132955e-09,9.217699153741721e-07,0
1800,10:46:00,9.089344668831408e-11,4.193741116091733e-12,9.11062664042844e-13,3.673826702786236e-13,3.9328985514685025e-13,3.429868219101205e-10,9.374732484899245e-07,0
1801,10:46:30,7.834966902596187e-11,3.694079889776447e-12,5.888460514321561e-13,5.391713615051068e-13,6.090928622128381e-13,1.5665393230545777e-09,9.082233276192966e-07,0
1802,10:47:00,1.4281674695705854e-10,2.2531963487803133e-12,9.928680606438633e-13,6.144594244451243e-13,5.174360226990183e-13,7.799762303106501e-10,9.138651454234888e-07,0
1803,10:47:30,1.0078600153130494e-10,2.457163467714925e-12,7.624291109284801e-13,4.257282102600938e-13,5.219180717477134e-13,7.612536135464129e-10,9.434197682998583e-07,0
1804,10:48:00,1.3570825911452326e-10,3.1853334740410397e-12,1.0033335963376671e-12,6.09065885238955e-13,7.821774541382479e-13,8.039386225282889e-10,1.0009614354704156e-06,0
1805,10:48:30,1.6185725339845991e-10,2.77909434938499e-12,7.962815018965743e-13,4.0250818923538174e-13,6.16999315293784e-13,4.316607216651309e-10,9.71891753269499e-07,0
1806,10:49:00,8.882063925105177e-11,2.6467896480698517e-12,8.574154533530257e-13,3.997722729037256e-13,6.317994968282301e-13,1.3966219203165152e-09,9.807790988784773e-07,0
1807,10:49:30,1.0841010224609585e-10,2.933316454993536e-12,8.098495566045077e-13,3.2824982658784623e-13,6.86255440302175e-13,1.594133153720469e-09,9.288679541197635e-07,0
1808,10:50:00,9.92144938549735e-11,1.4917990255348957e-12,4.40710596300598e-13,2.46359968690564e-13,2.7449047174251185e-13,2.6116090870295627e-10,9.557470427997765e-07,0
1809,10:50:30,1.0385878119394564e-10,3.342791603484398e-12,6.254701782635302e-13,4.966192509686065e-13,6.606337298903536e-13,8.866698199877285e-10,9.699418234698816e-07,0
1810,10:51:00,1.0075713227914847e-10,3.0438457967509325e-12,7.955794459146733e-13,2.85106236902455e-13,3.442244082703726e-13,2.255697232413675e-10,9.254143626796915e-07,0
1811,10:51:30,1.4650539449019955e-10,3.785846811126162e-12,9.069000835048836e-13,3.5831182117924514e-13,5.535642368346459e-13,3.34660778260597e-10,9.097575804307751e-07,0
1812,10:52:00,6.094416686147162e-11,3.3083476532429115e-12,7.062481565901812e-13,4.863069471723398e-13,6.373262397211593e-13,1.343858249034124e-09,9.315779264300056e-07,0
1813,10:52:30,8.943421047544714e-11,3.3377613862271065e-12,9.107603391683094e-13,8.044398887638623e-13,6.95478386969154e-13,6.244933270616846e-10,9.042295417450733e-07,0
1814,10:53:00,7.258104022007323e-11,4.148963977919405e-12,7.841893598777033e-13,5.788864695318842e-13,5.234376445389387e-13,1.1875231610062386e-09,9.241085349120134e-07,0
1815,10:53:30,7.001628512232616e-11,2.8146038780332196e-12,1.3550413850117093e-12,1.0347018942402213e-12,1.2291747303533417e-12,1.0087940559292846e-09,9.703672076673351e-07,0
1816,10:54:00,5.435524551621328e-11,2.608846559383844e-12,1.003631164710871e-12,1.1093977879127733e-12,8.004515830081823e-13,9.509672600244155e-10,9.889926035975529e-07,0
1817,10:54:30,1.1661277114263673e-10,2.3869249447285437e-12,7.823586918865669e-13,4.649260243314541e-13,6.939834416530778e-13,1.135638510252483e-09,9.719881805375441e-07,0
1818,10:55:00,1.826842894635587e-11,1.1153841286051274e-12,2.733257171538087e-13,2.2655782426097176e-13,2.624967285615699e-13,1.545467049617634e-10,9.57596955253079e-07,0
1819,10:55:30,7.931036656405229e-11,2.279860286110277e-12,3.9557383988678027e-13,2.943088001157127e-13,2.5389676474616655e-13,1.4142598210229472e-09,9.278431595439124e-07,0
1820,10:56:00,5.83689167188366e-11,1.2677082516756309e-12,5.153393162143292e-13,2.9284092527425073e-13,3.622776794499647e-13,2.721864372729609e-10,9.575148474002062e-07,0
1821,10:56:30,1.154390391894456e-10,3.726573191193387e-12,1.2522998814111572e-12,1.1149191658647173e-12,1.0727747566496296e-12,6.6067785166885e-09,9.364820291656321e-07,0
1822,10:57:00,1.166510215315823e-10,3.6515862110776315e-12,1.4516791465788521e-12,1.6581931672021256e-12,1.1076444428950443e-12,2.9913873893507167e-09,9.327020076652251e-07,0
1823,10:57:30,5.863890674145387e-11,3.9786946034591955e-12,1.7005032049316085e-12,1.4613861407728028e-12,1.4139763175576376e-12,5.461035936299249e-09,9.086730721177017e-07,0
1824,10:58:00,9.81634412700459e-11,4.142015134600609e-12,1.297232528084405e-12,1.0961387866294709e-12,1.0792531640146647e-12,9.776998021926097e-10,9.292751114352131e-07,0
1825,10:58:30,1.95736183617238e-10,5.943774250596288e-12,1.1694951569124974e-12,7.067468898705158e-13,7.307659574492621e-13,1.6049972512179334e-09,9.059192280026913e-07,0
1826,10:59:00,1.9902975741360038e-11,1.4669802367300942e-12,6.454884154165264e-13,4.4010100768688945e-13,4.620471845471634e-13,2.4779522350205317e-09,9.485820791259217e-07,0
1827,10:59:30,7.416740657970928e-11,3.15598726750324e-12,5.023566780676914e-13,4.199260125670264e-13,6.616402017191995e-13,3.1479429103462513e-09,9.941309176357283e-07,0
1828,11:00:00,5.272750254293298e-11,1.4248948983803846e-12,6.509982867257148e-13,4.1621545093714764e-13,6.128587162943282e-13,1.9005573946062417e-09,9.7164364199828e-07,0
1829,11:00:30,9.948864776874826e-11,3.2165661825233823e-12,8.689367849807304e-13,1.073802227010006e-12,1.0000848528755148e-12,2.664198847170252e-09,1.445277637263309e-06,0
1830,11:01:00,7.435060658366604e-11,1.862199280239304e-12,6.156445400702012e-13,4.2486879851203637e-13,4.694054409395235e-13,1.3601328636752208e-09,9.345011988476106e-07,0
1831,11:01:30,6.018719914695363e-11,1.7731188745552347e-12,5.087706283162986e-13,2.9908702354723657e-13,4.057665004242277e-13,1.937920674869841e-09,9.245484220126682e-07,0
1832,11:02:00,3.884999195435703e-11,9.414369515885248e-13,5.481373535613336e-13,4.564079997720402e-13,9.854043099811039e-13,1.5081348773775155e-09,9.507639024276019e-07,0
1833,11:02:30,7.011981569727848e-11,1.3377222916672735e-12,7.082066928943128e-13,2.795569387497651e-13,3.245938546208973e-13,1.3782781509274586e-09,9.245732221808866e-07,0
1834,11:03:00,5.769497217301111e-11,1.852327544716732e-12,5.071062902863603e-13,2.541778010686806e-13,3.1916225310180155e-13,1.48018975168049e-09,9.26093674740372e-07,0
1835,11:03:30,4.443651099722769e-11,3.512893404670094e-12,1.2210199971040055e-12,9.103489061788728e-13,1.2568475098317642e-12,3.173901300360389e-09,9.358954047648663e-07,0
1836,11:04:00,9.173316873991082e-11,4.74472634047939e-12,9.42705588396961e-13,1.1899863346971924e-12,1.268558202462335e-12,1.7244720583937108e-09,9.014174043521473e-07,0
1837,11:04:30,9.896391898210229e-11,3.805574932040784e-12,1.615892955327157e-12,1.1670491452241916e-12,1.111784844835413e-12,8.525743962693598e-09,9.260060963225427e-07,0
1838,11:05:00,9.250699840718109e-11,4.624797504638689e-12,1.2280065014923664e-12,9.93712922110815e-13,9.804439657458744e-13,1.0276637785539551e-08,1.1618254576000942e-06,0
1839,11:05:30,4.583335150087187e-11,2.8891108786910302e-12,1.0067817367560044e-12,7.198894988247234e-13,8.936120817319134e-13,3.552658435186328e-09,7.969317190874007e-07,0
1840,11:06:00,1.424031487842211e-10,8.990443253713857e-12,2.199153875874267e-12,1.3244784301460973e-12,1.3290623564269564e-12,1.2192678494288935e-08,9.671986128711137e-07,0
1841,11:06:30,1.5993239089225298e-10,1.3869969262562007e-11,2.705557635563603e-12,2.861837655371374e-12,2.551009205502002e-12,9.441162573085401e-09,9.457663903738671e-07,0
1842,11:07:00,1.0764082011888448e-10,4.458256130638829e-12,2.7986303420869794e-12,2.1976601092005343e-12,2.5246017246539737e-12,8.676479744732866e-09,9.231200430325643e-07,0
1843,11:07:30,1.7346012160004276e-10,8.374068436052074e-12,2.168772745523442e-12,1.8614050306589823e-12,1.905884238387931e-12,1.2296463361135988e-08,9.636419304756008e-07,0
1844,11:08:00,7.15059044424214e-11,1.0332471054905438e-11,2.4774677107313463e-12,2.323301770182516e-12,1.7025435849748787e-12,9.05575609810152e-09,9.413758787145215e-07,0
1845,11:08:30,4.8775328406562815e-11,4.445117934806767e-12,2.0600075778261523e-12,1.798329435662176e-12,2.2847658539847e-12,5.714630091851172e-09,9.258592137196545e-07,0
1846,11:09:00,5.087695247174144e-11,3.1302217817079826e-12,6.628516559890933e-13,2.723282677903059e-13,5.19625640237446e-13,3.437108369462538e-09,9.196066021763843e-07,0
1847,11:09:30,6.769601100917135e-11,5.965486005379958e-12,2.116053467598198e-12,2.7757820495363217e-12,2.339083782145031e-12,9.068773676785666e-09,9.479522029782779e-07,0
1848,11:10:00,3.429128081328684e-11,2.374748714594175e-12,8.869851910569035e-13,4.838262628603952e-13,4.662817964543909e-13,2.264772533991174e-09,9.086980279816966e-07,0
1849,11:10:30,3.735146764819389e-11,3.5027333699506297e-12,8.699681084665861e-13,6.58074895574248e-13,9.66481508898412e-13,5.420889319444483e-09,9.295040904345466e-07,0
1850,11:11:00,5.823751729416271e-11,5.026653595099601e-12,1.0966224689870812e-12,1.052586474953519e-12,9.032006516980262e-13,3.4630651507626595e-09,1.0044983543432214e-06,0
1851,11:11:30,6.784010438748554e-11,8.91144224161822e-12,1.903230569596591e-12,1.3417314767675337e-12,1.1519346541259856e-12,4.7279089361675815e-09,9.951193698030546e-07,0
1852,11:12:00,6.351273443077128e-11,2.5651170612002595e-12,7.772593386419689e-13,2.8803174965666975e-13,3.7400292588783934e-13,2.5651477126299954e-09,9.639056506752805e-07,0
1853,11:12:30,2.196727387376688e-11,1.972779447660529e-12,7.164548710052418e-13,2.286610309158815e-13,3.6229940622457787e-13,3.763100670102034e-09,9.479742187494676e-07,0
1854,11:13:00,1.078829519730365e-11,1.5274472636059879e-12,6.835212867279053e-13,2.7982001814999227e-13,5.619110314178371e-13,3.155015159740547e-09,9.332758784887008e-07,0
1855,11:13:30,8.712826187603005e-11,6.343568132870641e-12,1.0822636326288181e-12,1.2617084804959643e-12,7.864703549559163e-13,8.01256507512896e-09,9.818695019762854e-07,0
1856,11:14:00,8.339740996176484e-11,8.065734920530771e-12,1.794490431973638e-12,1.5943153363606192e-12,1.5281104801397801e-12,6.964611524612809e-09,9.655973752091731e-07,0
1857,11:14:30,9.517125303481863e-11,5.337613973639098e-12,1.342577801593541e-12,8.40812773223446e-13,1.0243494532170561e-12,1.3224855620563954e-08,9.260972268037456e-07,0
1858,11:15:00,4.28355087355089e-11,3.103369287084214e-12,8.605607753619206e-13,2.9766473139529886e-13,5.422349162363763e-13,4.5930248814390215e-09,9.261870610626531e-07,0
1859,11:15:30,7.895714160262779e-11,4.338529152666279e-12,1.1016588079532094e-12,3.817829552690943e-13,4.97738292985312e-13,6.210369390457222e-09,9.25219393952242e-07,0
1860,11:16:00,7.375552770194767e-11,4.40050417548401e-12,1.1858091338738224e-12,4.084050602648146e-13,6.865462893954653e-13,4.512612142006418e-09,9.146083327539344e-07,0
1861,11:16:30,1.7582734098900458e-10,8.769571657743898e-12,2.1427147172654785e-12,7.407883462044925e-13,9.41458213967502e-13,1.8102281294620723e-08,9.439817685531779e-07,0
1862,11:17:00,2.195930137616768e-10,8.222178027762041e-12,1.7947985671956426e-12,8.531600111220231e-13,1.3851835731032203e-12,1.1546473952352852e-08,9.974787860112872e-07,0
1863,11:17:30,2.0361460550254218e-10,1.0250978275621707e-11,3.0434969133617953e-12,1.6565632920799985e-12,2.044503482782785e-12,1.7598682212115773e-08,9.7580543112086e-07,0
1864,11:18:00,2.014706127689121e-10,6.5591192592972726e-12,1.4461031147997267e-12,9.083470703251425e-13,9.524067345659644e-13,1.780205246967094e-08,9.800883546997007e-07,0
1865,11:18:30,2.2002197252412636e-10,1.2195395004868678e-11,2.9064839875266833e-12,1.978992553090531e-12,2.6806616618983377e-12,1.5646409795711887e-08,9.331246516696573e-07,0
1866,11:19:00,1.2269868509055907e-10,5.542057615151422e-12,1.4686465984314098e-12,4.953196395461497e-13,7.000788645310397e-13,1.4206790871708809e-08,9.5573805697995e-07,0
1867,11:19:30,1.2434799040700743e-10,7.856554796824073e-12,1.6194733377729458e-12,4.907414380508936e-13,7.746589161301413e-13,1.685093369653383e-08,9.869643679483864e-07,0
1868,11:20:00,1.4706026651115664e-10,6.557853789700078e-12,1.1876967350924492e-12,3.5053219619637417e-13,5.500773573811108e-13,1.0376114133218298e-08,9.554799644040645e-07,0
1869,11:20:30,1.0252920865104306e-10,5.126520187268293e-12,1.2107786029637928e-12,4.691980221329913e-13,8.15098755990675e-13,2.0036755085900378e-08,9.199737056291227e-07,0
1870,11:21:00,1.66383295465193e-10,9.817815907278599e-12,1.7893003770927694e-12,7.243908588419176e-13,1.3323151105009914e-12,9.294560657324029e-09,9.33357008545123e-07,0
1871,11:21:30,1.6861839560117778e-10,8.53600808019682e-12,1.900207073077386e-12,5.439198942572791e-13,1.2821095507913911e-12,1.229239001209617e-08,9.402169199652368e-07,0
1872,11:22:00,1.0887756471149944e-10,4.8356866026932815e-12,1.6160965721090094e-12,7.327499707862255e-13,7.471851622785693e-13,1.927189106052143e-08,9.321774059734259e-07,0
1873,11:22:30,9.694141078091816e-11,1.0571070899891103e-11,4.457636501249973e-12,4.584999388608935e-12,2.9732628027815804e-12,1.2535318616256192e-08,9.745392408755102e-07,0
1874,11:23:00,7.17718298898913e-11,5.280374512348819e-12,2.4941177544317597e-12,2.3329223047113007e-12,2.4170013069635572e-12,6.511304624936493e-09,1.0018126013727995e-06,0
1875,11:23:30,6.566433485254028e-11,2.41563544697189e-12,9.377507724313947e-13,5.281393359773886e-13,5.461661161101876e-13,6.377564149645189e-09,9.721492390125962e-07,0
1876,11:24:00,1.3703720153495311e-10,5.663666516272435e-12,1.752557841096289e-12,8.855892172891618e-13,7.993339573737057e-13,1.2000939087111537e-08,9.723462349315065e-07,0
1877,11:24:30,1.9851713434353836e-10,7.519713155257416e-12,2.7757877450140006e-12,1.842594897348362e-12,1.4705702013847367e-12,1.778079224808938e-08,9.347746853748589e-07,0
1878,11:25:00,1.1840705083112962e-10,9.264134009987257e-12,1.5508781216034551e-12,7.484665780360382e-13,9.828875055201226e-13,1.2652266631887054e-08,9.774930687439435e-07,0
1879,11:25:30,9.664046700697527e-11,7.024551114883133e-12,1.0416687688899485e-12,4.832104885264538e-13,7.490423792217178e-13,8.458117988465861e-09,9.668277391842118e-07,0
1880,11:26:00,9.004604770856445e-11,6.071921469173265e-12,1.010398180631404e-12,3.75057752168616e-13,6.074791596907105e-13,6.878620471740617e-09,9.291436938964617e-07,0
1881,11:26:30,2.001951321243755e-10,9.117109357329492e-12,1.9100560055963572e-12,1.4378582252034823e-12,2.0571347201253936e-12,7.311704221560104e-09,9.172936514969816e-07,0
1882,11:27:00,8.703880534548596e-11,2.8112497287721258e-12,1.1293875837432923e-12,1.1481649783945415e-12,1.1934380113265224e-12,5.197531987246542e-09,9.48656249235381e-07,0
1883,11:27:30,5.970765298328511e-11,2.5827076930214834e-12,1.1344639299642233e-12,5.935292286299628e-13,6.809852453286242e-13,6.085266563377413e-09,9.079210236810413e-07,0
1884,11:28:00,5.900007897506612e-11,5.72902073297034e-12,8.217681914870158e-13,5.451050689407891e-13,4.726247928384013e-13,2.054615206542201e-09,9.20353349317539e-07,0
1885,11:28:30,8.736086415701614e-11,4.887806729841806e-12,1.0004201576019526e-12,6.0752731548287e-13,5.69876099205453e-13,4.824330809338684e-09,9.742752187176157e-07,0
1886,11:29:00,1.8947985385544528e-11,1.1574526572264237e-12,5.85330107379856e-13,4.2319009936837454e-13,4.412097143531425e-13,2.486401605248557e-09,9.622541414239094e-07,0
1887,11:29:30,4.584733534850647e-11,3.732773925423641e-12,5.962554965320809e-13,3.8259234162299586e-13,4.466166368341942e-13,1.8212671778432419e-09,9.570310835826453e-07,0
1888,11:30:00,5.026909595004758e-11,1.6691729868589245e-12,6.289354598840334e-13,3.234915957943259e-13,3.8807736276978224e-13,2.2279435556508574e-09,9.416193137559303e-07,0
1889,11:30:30,2.0247614864522447e-11,6.629378153605359e-13,4.1967495100438694e-13,3.2628626628799943e-13,3.084313665094445e-13,1.3785328891342728e-09,9.288038102298552e-07,0
1890,11:31:00,2.4624926305490174e-12,3.4869761104401117e-13,3.071350650314953e-13,1.545450094907346e-13,2.027911620927227e-13,9.867349035777628e-10,9.67080583084787e-07,0
1891,11:31:30,8.774885260816038e-12,5.518703410552399e-13,2.6641337122277117e-13,1.692692455131503e-13,2.6672800081614486e-13,1.3198763008711184e-09,9.45842283916719e-07,0
1892,11:32:00,1.2275485173434781e-11,5.621422330178623e-13,3.9383274174499075e-13,2.017508007949694e-13,2.615734645331479e-13,7.89412520266646e-10,9.144987166908273e-07,0
1893,11:32:30,5.4052559087843984e-11,2.339128006575745e-12,5.301347918427961e-13,2.2716966769347454e-13,3.493969813922605e-13,1.788079342265405e-09,9.116267766731693e-07,0
1894,11:33:00,4.4889381287741385e-11,7.520757922304738e-13,4.085882593180119e-13,1.6162474198605462e-13,2.5247501065478785e-13,1.0274992669476116e-09,9.240240358592752e-07,0
1895,11:33:30,8.355689233245817e-11,1.4157648043086565e-12,4.146435964416124e-13,1.8696821325236917e-13,2.449073509279256e-13,1.8220838825680981e-09,9.105279284716069e-07,0
1896,11:34:00,8.244210659414603e-12,4.362607329821275e-13,3.31760760866849e-13,2.5275673406840686e-13,2.662839337627312e-13,1.1253892210389933e-09,9.432409840444246e-07,0
1897,11:34:30,9.340703464310351e-12,4.912664460906083e-13,4.124357228045983e-13,3.3869029407449503e-13,4.0004892454987035e-13,1.827407517799336e-09,9.897404167847452e-07,0
1898,11:35:00,4.302973395428007e-11,1.1446060251487593e-12,3.59018884073885e-13,2.380446961745661e-13,2.930445465533443e-13,1.7240221415194045e-09,9.590880504146486e-07,0
1899,11:35:30,2.7397872234862425e-12,3.4836482752688935e-13,2.461289354888824e-13,2.3615334980754704e-13,2.3588818678264466e-13,1.2378283748293069e-09,9.851772025106275e-07,0
1900,11:36:00,8.348785081393723e-11,1.9435462695162215e-12,4.815051300958958e-13,2.450308395898088e-13,3.289400059991464e-13,1.4770189022256996e-09,9.396165989391897e-07,0
1901,11:36:30,1.3614035711084046e-11,4.395424711741135e-13,2.6202391786478393e-13,1.6255728879658147e-13,2.5908489421059424e-13,1.2991490263747824e-09,9.572672734196994e-07,0
1902,11:37:00,1.1556045892614904e-11,5.717722209271065e-13,3.48975244770301e-13,3.3212770379854e-13,3.8262239171651814e-13,1.8009255281052413e-09,9.753187574878359e-07,0
1903,11:37:30,1.719980745058432e-12,2.7912081423380913e-13,2.0583197607923777e-13,1.798397466561418e-13,2.628747679382697e-13,1.0479101657130716e-09,9.506143652854193e-07,0
1904,11:38:00,4.473768868539022e-11,1.2299965364754862e-12,5.050631832944392e-13,5.277330137496943e-13,4.297892645456607e-13,1.1578225890119737e-09,9.294442584728611e-07,0
1905,11:38:30,6.636273800743684e-11,1.4118430009276343e-12,4.667499272976702e-13,2.180333654290401e-13,2.6551632309978717e-13,1.058887867372544e-09,9.362893518673777e-07,0
1906,11:39:00,7.018508864693998e-12,4.2291811841011137e-13,2.6584482297216164e-13,2.1997031172569238e-13,2.980838535831187e-13,1.544637755071683e-09,9.066523143772968e-07,0
1907,11:39:30,5.3025117173407916e-11,1.5091915455132011e-12,4.2242976535448843e-13,2.5831386922362017e-13,3.668919706273521e-13,2.02863954949216e-09,9.140247052123195e-07,0
1908,11:40:00,2.7425926175470343e-11,6.374811805284358e-13,3.6288682584829115e-13,1.7193068007991122e-13,1.7796000088592968e-13,1.1952018804806057e-09,9.79877106846468e-07,0
1909,11:40:30,2.4404275274259154e-11,8.801773041390271e-13,3.1119941321778364e-13,1.8985873058133157e-13,2.8097972740838525e-13,1.0813396839874882e-09,9.978065884518575e-07,0
1910,11:41:00,1.3294941660134652e-12,3.255925294580111e-13,2.364259816216031e-13,1.4018576381258017e-13,1.212808372059262e-13,1.6857590760668e-09,9.61434926633737e-07,0
1911,11:41:30,2.8165302871348794e-11,6.447385910414709e-13,2.8493354250672336e-13,1.5151296788171002e-13,2.4855166110858264e-13,1.515717832501487e-09,9.647877568678788e-07,0
1912,11:42:00,4.1331533706598553e-11,1.0067719935721262e-12,3.884170441264289e-13,1.414834870104067e-13,2.2207606699303688e-13,1.692944368730477e-09,9.249581337314664e-07,0
1913,11:42:30,3.059754861916057e-11,8.76198738103123e-13,5.503839236673232e-13,3.3363845307185026e-13,3.3002588524222254e-13,2.44068496923512e-09,9.650847430990278e-07,0
1914,11:43:00,1.487327059632422e-11,4.138802186555321e-13,2.4302536585596623e-13,1.6221705111437811e-13,1.943846378608401e-13,1.1592407703399457e-09,9.631311903371253e-07,0
1915,11:43:30,2.9419962890927284e-11,9.056987660572237e-13,3.36863250790004e-13,2.959203690656335e-13,3.911027216702293e-13,1.3043066016006368e-09,9.297882159637779e-07,0
1916,11:44:00,1.1938230994092342e-11,4.64061709165778e-13,3.150661850920389e-13,1.885262860671295e-13,2.2304387547981132e-13,1.6870603485418126e-09,9.190316627840469e-07,0
1917,11:44:30,2.675116230587467e-11,9.592211402275068e-13,3.8774005156693065e-13,1.5665059646325145e-13,2.4298808713119833e-13,1.626001550143604e-09,9.275207559566938e-07,0
1918,11:45:00,9.785928689179666e-12,5.539958984405868e-13,2.9900614919687967e-13,2.558756211318209e-13,3.1655083694471834e-13,6.965287003643194e-10,8.975377108115144e-07,0
1919,11:45:30,3.778396297188688e-11,8.341881883063515e-13,3.516151045912049e-13,1.973272567076041e-13,3.2241974679424186e-13,8.753735983394654e-10,9.357784886119915e-07,0
1920,11:46:00,1.683673247193684e-11,5.85134677209332e-13,3.250036887172187e-13,1.8259863461770425e-13,2.488787013731703e-13,7.697948246251082e-10,9.998133993312332e-07,0
1921,11:46:30,2.3570463303826184e-11,8.149504504761426e-13,4.0811161768604827e-13,2.355274556035992e-13,3.253973477692877e-13,1.530906613797329e-09,9.936833439837218e-07,0
1922,11:47:00,1.2369293348901776e-11,4.644369828217771e-13,2.7174375765596496e-13,2.056578559981028e-13,3.118859000701043e-13,4.977938538203759e-10,9.77907628226261e-07,0
1923,11:47:30,4.944230556422004e-11,1.682006651661292e-12,6.539099846339708e-13,3.001926643141449e-13,3.9013907532178413e-13,2.431626556794825e-09,9.596265715033896e-07,0
1924,11:48:00,5.557025906974714e-11,1.2876681133334346e-12,4.373314208352283e-13,2.7546983037053666e-13,3.0162829780131125e-13,1.2942113435751189e-09,9.330525308720624e-07,0
1925,11:48:30,7.579519233085314e-11,1.8862452956350976e-12,4.87362813128368e-13,3.047172627592116e-13,3.128920341255719e-13,1.867976209103868e-09,9.61542330061885e-07,0
1926,11:49:00,4.254697240734595e-11,1.0844192635990578e-12,3.2120893956673893e-13,1.501074629579205e-13,1.4554543240089496e-13,8.252380105572664e-10,9.613879720404848e-07,0
1927,11:49:30,9.550677276762913e-11,2.2419182151502846e-12,6.515523188443625e-13,4.262069480650577e-13,4.576773173351369e-13,2.086393963428038e-09,9.208755804599826e-07,0
1928,11:50:00,2.130499624961348e-11,8.141417739916014e-13,4.017912627335647e-13,3.927588683974885e-13,5.405512237433477e-13,7.866775621498618e-10,9.233742224261426e-07,0
1929,11:50:30,4.0360016550150784e-12,3.2294778280668907e-13,3.3925891065891385e-13,2.016919343184024e-13,2.486375503096236e-13,1.1438107547950891e-09,9.196656601879213e-07,0
1930,11:51:00,4.1809496888975666e-11,8.04745852352378e-13,4.414359758524153e-13,2.3082421206035257e-13,3.390273418727276e-13,1.1730048135113316e-09,9.213399958465272e-07,0
1931,11:51:30,1.3230226850152937e-12,2.6200464708067575e-13,1.820748796154401e-13,1.6218571874235973e-13,2.4475646481545235e-13,3.9271213458874744e-10,9.526818243729402e-07,0
1932,11:52:00,1.5532133965600396e-11,4.42650971112785e-13,3.2880768748630635e-13,2.122161019334532e-13,2.5245177145876873e-13,8.34368853859331e-10,1.016667571236202e-06,0
1933,11:52:30,3.010626086793645e-11,6.059961080370195e-13,4.147313161222158e-13,2.476600583671273e-13,3.4651886186415526e-13,8.607503283852933e-10,9.858044767417246e-07,0
1934,11:53:00,1.8479753972939588e-11,5.826993418504576e-13,5.138125608456645e-13,4.0478720559559885e-13,4.5039101287353636e-13,9.151407643361228e-10,9.8653829578578e-07,0
1935,11:53:30,1.7327241621005567e-11,7.752112425155272e-13,3.3544811402881256e-13,2.5819427934620245e-13,2.4499496759925443e-13,1.0194514876216362e-09,9.387699704108342e-07,0
1936,11:54:00,1.0843852769847652e-11,4.078572637146411e-13,2.6775723071035955e-13,1.9256689114989694e-13,3.9703503001304303e-13,3.1554431553251444e-10,9.77910840280525e-07,0
1937,11:54:30,2.357055055200031e-12,8.050037771859388e-13,3.619609605583669e-13,3.057604291353415e-13,2.7433324237626773e-13,2.396252905633781e-10,9.676896705770919e-07,0
1938,11:55:00,1.6471951709427265e-12,2.8628645446740963e-13,2.3249051008519735e-13,1.8880245202459461e-13,2.7082268305327856e-13,4.906044051039276e-10,9.391751522617715e-07,0
1939,11:55:30,3.8418916921701445e-11,1.2140342816432164e-12,6.013280129942976e-13,3.9792665093160483e-13,2.5156598446460153e-13,1.3027803926083172e-09,9.18510610618233e-07,0
1940,11:56:00,1.0177907336418368e-12,3.5049884975572677e-13,3.31106753864937e-13,2.0777420460720016e-13,2.691665492465892e-13,2.6313030616249933e-10,9.301245417095537e-07,0
1941,11:56:30,4.160149604457704e-11,2.05237877241107e-12,4.842523553327866e-13,2.361446877612503e-13,2.8477209024243866e-13,3.839614816418223e-09,9.066129586546742e-07,0
1942,11:57:00,1.3875673376668826e-10,3.203896510247923e-12,7.472783571703035e-13,2.5673038815593356e-13,3.7511480232737166e-13,6.193449928875088e-09,9.262495257108019e-07,0
1943,11:57:30,7.588110365636381e-11,2.645795961217313e-12,4.822088799514048e-13,1.9412280721442122e-13,2.84221834679147e-13,4.470674118007475e-10,9.752299308407307e-07,0
1944,11:58:00,9.273514485107466e-11,3.3257749307697684e-12,7.362479114420385e-13,6.390627118898008e-13,6.724170442957873e-13,6.51267302156047e-09,1.0089538756581093e-06,0
1945,11:58:30,7.391737415011122e-11,5.932273883851588e-12,1.0177429768110428e-12,4.021954032109443e-13,6.696386476837451e-13,4.597465071692208e-09,9.7696946283893e-07,0
1946,11:59:00,8.763300655544285e-11,4.1231898030767886e-12,7.373185403391744e-13,4.882889507802396e-13,6.953019955181692e-13,6.021882147450355e-09,9.755470527125178e-07,0
1947,11:59:30,5.2759248853668195e-12,7.326558567371246e-13,4.624871303104274e-13,4.147724149998056e-13,5.071617875382089e-13,7.746846483077528e-10,9.378672452532298e-07,0
1948,12:00:00,9.446270014044708e-11,5.696156368887144e-12,2.765552312327413e-12,3.267074807555622e-12,2.967008330382432e-12,4.274818567059991e-09,9.733657456877766e-07,0
1949,12:00:30,5.6805627421004195e-11,6.130870801622766e-12,3.406576637727177e-12,6.0239785830249056e-12,3.769745647860546e-12,6.6073349709275075e-09,9.702757005385114e-07,0
1950,12:01:00,6.078279866893924e-11,4.543062424788516e-12,4.632273056242852e-12,3.816464164658794e-12,2.4491895303679067e-12,4.626331391784806e-09,9.434362824240549e-07,0
1951,12:01:30,9.200246546408071e-11,5.302841555285968e-12,3.089822541596744e-12,4.5001099466977854e-12,3.707508800535222e-12,4.315673290615043e-09,9.250532423704742e-07,0
1952,12:02:00,1.3609025244355622e-10,6.892977785309597e-12,3.2684767706398926e-12,5.47734191573681e-12,3.923622197488007e-12,5.249320442249565e-09,9.128995921963896e-07,0
1953,12:02:30,1.4156721420194776e-10,9.051828754528156e-12,4.527721300311323e-12,5.949501827256014e-12,4.586222592367508e-12,5.8074099148697935e-09,9.148370997866791e-07,0
1954,12:03:00,1.1634194831919993e-10,5.823312001015207e-12,3.795067491106775e-12,4.9479828363956595e-12,3.815447585968556e-12,6.148438739084014e-09,9.460766821481266e-07,0
1955,12:03:30,1.1568869276106794e-10,8.6796029537968e-12,4.053679046443076e-12,5.288241581646438e-12,2.71396512549549e-12,4.4628620117587e-09,1.0227660627571084e-06,0
1956,12:04:00,1.387354378355125e-10,7.653972107652317e-12,3.4544031070636176e-12,4.701945640368987e-12,2.375742598463964e-12,6.278845177261774e-09,1.0047026793187344e-06,0
1957,12:04:30,9.615214321684801e-11,8.701991919291367e-12,3.6752820219924295e-12,5.428479258092157e-12,2.818927441772468e-12,6.790969852920462e-09,9.841943778487658e-07,0
1958,12:05:00,1.3107956124734474e-10,6.971230744062012e-12,4.3402988118370815e-12,6.618419942992834e-12,5.2012001014057435e-12,6.7916338605832974e-09,9.572045845601815e-07,0
1959,12:05:30,1.5653063656332024e-10,5.5562424794583124e-12,2.6271009025377607e-12,3.725396189490292e-12,2.603850601698033e-12,5.142486801193156e-09,9.447044676843928e-07,0
1960,12:06:00,9.730574833947217e-11,7.179088110517168e-12,1.0303829438543932e-12,9.244163626856535e-13,6.568726817107423e-13,5.7685496005262785e-09,9.767632840403445e-07,0
1961,12:06:30,2.5839382417402617e-11,1.3816558476556015e-12,1.0816069794887925e-12,6.722992442307806e-13,5.493733890890556e-13,2.2357558195448324e-09,9.592116492904214e-07,0
1962,12:07:00,1.266350118668983e-10,7.084244485171082e-12,3.450091053974395e-12,4.934825350151337e-12,3.7672048500978245e-12,5.485696847818046e-09,9.329800559170081e-07,0
1963,12:07:30,1.1436127143517584e-10,7.547193415049904e-12,4.336059902877903e-12,5.9085156963779836e-12,4.241025048495107e-12,5.172431133091342e-09,9.146958119510498e-07,0
1964,12:08:00,1.0003603288457735e-10,6.528650126510531e-12,3.615123851346264e-12,6.102986439194232e-12,4.29839264899848e-12,6.444133584076555e-09,9.142248632766808e-07,0
1965,12:08:30,1.4045637707570954e-10,1.1983854310676125e-11,4.461982126716015e-12,6.835746024356769e-12,3.2906215894377333e-12,5.573788901267871e-09,9.123128293532991e-07,0
1966,12:09:00,1.1434006357382613e-10,8.84978656987024e-12,5.607952786284963e-12,6.565380817102726e-12,4.9912015438573374e-12,6.7885664370411755e-09,9.752076034609667e-07,0
1967,12:09:30,1.3319923592644013e-10,8.54282330459688e-12,3.35375331987858e-12,4.755368065182302e-12,2.3329304367772357e-12,6.807039317127177e-09,1.0164949128318186e-06,0
1968,12:10:00,1.433896241127429e-10,7.468128223930112e-12,3.68062041510904e-12,7.374389643652927e-12,3.2015432853920877e-12,8.31512941063517e-09,9.71214073621513e-07,0
1969,12:10:30,1.9949566043124788e-10,8.024196882814406e-12,2.6757249203767367e-12,3.0219982178295623e-12,1.9128153721850027e-12,9.552761283721191e-09,9.808894668463633e-07,0
1970,12:11:00,5.7098057538687614e-11,3.0606629536077172e-12,1.0458677581512734e-12,6.274417902053863e-13,4.2471329352879653e-13,2.744641646721656e-09,9.332593064988683e-07,0
1971,12:11:30,3.6280270805158755e-11,2.2414761027372917e-12,7.510030596349881e-13,4.2228700646427416e-13,5.535101031939077e-13,2.205287213074206e-09,9.71787250135493e-07,0
1972,12:12:00,2.4640030444115552e-11,1.8085690089517472e-12,3.86546670329654e-13,3.0926915738352514e-13,4.2821519998958716e-13,9.489318109752105e-10,9.647648126678252e-07,0
1973,12:12:30,8.955176073849964e-12,6.281870397481998e-13,3.4937818044783426e-13,1.1203617474954436e-13,1.8490916313028582e-13,1.104177015553306e-09,9.427401712638681e-07,0
1974,12:13:00,3.9266739984944675e-11,2.773158032745161e-12,9.471436627054654e-13,6.020095613672254e-13,4.620550113028672e-13,3.926942292674749e-09,9.213663171830987e-07,0
1975,12:13:30,4.990425342451787e-11,3.4909429430865656e-12,2.003940391615086e-12,2.8176955323088017e-12,2.4478271689751566e-12,3.42845806915482e-09,9.19659753626204e-07,0
1976,12:14:00,1.1317790261500497e-10,1.0138056783891824e-11,4.563601673719978e-12,5.254585187572441e-12,4.107206785144549e-12,5.653309279245498e-09,9.032287324500105e-07,0
1977,12:14:30,1.5541968457331776e-10,8.962141633349661e-12,4.194027510828257e-12,4.8598923172798255e-12,3.3915112132633506e-12,7.529382764297864e-09,9.203410006127008e-07,0
1978,12:15:00,1.210549429320605e-10,5.82561793188009e-12,2.7015960304015603e-12,3.380227813729515e-12,2.7970512803996073e-12,4.04712308372687e-09,9.848563451337315e-07,0
1979,12:15:30,1.671211758555837e-10,9.311979369198678e-12,2.152870870092214e-12,4.26374965874646e-12,2.8895691741654977e-12,4.861712393881411e-09,1.0190559360049803e-06,0
1980,12:16:00,1.116872669607735e-10,6.830722798793301e-12,2.2553577645836426e-12,4.649757095347727e-12,2.1228003916013574e-12,4.908532333204638e-09,9.678078274280248e-07,0
1981,12:16:30,1.9524877804280396e-10,8.101967840123144e-12,3.661609385144037e-12,6.7702280910493044e-12,3.770405934518137e-12,6.0399190823357786e-09,9.822209517352767e-07,0
1982,12:17:00,9.813196491142902e-11,5.7865663814758205e-12,2.4119550491000256e-12,2.858446600709842e-12,1.303298781122185e-12,5.219793876406138e-09,9.469556041338726e-07,0
1983,12:17:30,2.0241796891721124e-10,1.2511867216306112e-11,3.77813421883564e-12,4.481256750173996e-12,2.9684793006943283e-12,9.13398020763149e-09,9.797675715674711e-07,0
1984,12:18:00,1.487211423319952e-10,7.920478917303228e-12,2.723441457328786e-12,4.47375150405827e-12,4.046591758002013e-12,6.401497594256035e-09,9.568505394709778e-07,0
1985,12:18:30,2.5004980631326533e-10,6.773100009488252e-12,1.5163607679607324e-12,8.145582389033618e-13,9.74896713054757e-13,4.574680731236024e-09,9.38956667072087e-07,0
1986,12:19:00,1.2624817880807734e-10,7.543292128268962e-12,2.210052084654977e-12,2.5279204780922926e-12,2.7150076770297595e-12,3.3504648828005307e-09,9.205352242099783e-07,0
1987,12:19:30,7.534981178390396e-11,4.146083781332658e-12,1.2893060120585768e-12,8.603233752974646e-13,1.0191549216953623e-12,4.912898568479596e-09,9.449226609989053e-07,0
1988,12:20:00,1.328100112567394e-10,7.507316794289902e-12,1.8252945923989873e-12,1.298353847602523e-12,9.318707953625428e-13,1.1979107819781186e-08,9.189006385658e-07,0
1989,12:20:30,2.1190701588950506e-10,1.50715729965901e-11,1.8855814097295703e-12,1.1245043796804187e-12,1.2078879779977333e-12,9.780143119712622e-09,8.900445437290283e-07,0
1990,12:21:00,1.8366047276085743e-10,9.385791644068467e-12,2.1548133615507805e-12,8.651031108561543e-13,1.2628208932502662e-12,1.2162857933141132e-08,9.281241052693727e-07,0
1991,12:21:30,4.22039151103074e-11,3.3207777559461343e-12,8.286572481999306e-13,5.138115867145303e-13,5.750835163867163e-13,3.321963201941586e-09,9.555120467571141e-07,0
1992,12:22:00,1.2417451553759856e-10,5.807547571386999e-12,1.6502508771310047e-12,6.967003706058156e-13,1.191549896921888e-12,8.300903651048935e-09,9.289819363814983e-07,0
1993,12:22:30,3.515556420817326e-11,1.9306019498346105e-12,4.638806694902017e-13,1.7803805282251436e-13,2.7957161725766845e-13,8.519862956449048e-10,8.873716665563404e-07,0
1994,12:23:00,1.3361075693208833e-10,3.7255393999543725e-12,1.0308686711262175e-12,6.572454971639585e-13,7.906143784708481e-13,2.7086655527628926e-09,8.897793787167677e-07,0
1995,12:23:30,4.6157334167902127e-11,3.2755735575406673e-12,1.5718286098659053e-12,1.4948586476843161e-12,1.3933150557720566e-12,5.189329233027004e-09,9.09858575431451e-07,0
1996,12:24:00,5.960713817592938e-11,2.6314070266954334e-12,9.595161426644465e-13,5.82575062437436e-13,5.190788439551712e-13,4.040372121108459e-09,8.90159415840389e-07,0
1997,12:24:30,5.815645155717747e-11,3.000430564840166e-12,8.641607650870659e-13,4.4718526932421706e-13,5.612696187726704e-13,4.936745271609434e-09,8.871774234321392e-07,0
1998,12:25:00,8.322654303914926e-11,9.103599204331395e-12,2.210912659523064e-12,2.1704840163051186e-12,2.5487849890353636e-12,7.347671074228417e-09,9.413831061914718e-07,0
1999,12:25:30,1.2120820725439355e-10,6.389945733278458e-12,1.6400490867230819e-12,1.7592464764275243e-12,1.5257841733288726e-12,2.452415630680582e-09,9.031325663639269e-07,0
2000,12:26:00,1.0025588035474916e-10,2.9574288245303597e-12,1.7570094811297637e-12,1.7528249541625241e-12,1.4715701126345041e-12,8.589626291350728e-09,1.5721069205750156e-06,0
2001,12:26:30,5.069124862628176e-11,9.094595540043905e-13,3.613920659459364e-13,4.330325805137017e-13,4.3069462645839727e-13,9.249142539016533e-09,3.1978058399334703e-06,0
2002,12:27:00,5.350723925769897e-11,1.1629892741379937e-12,5.036698336499754e-13,2.668066337256545e-13,2.865128982124248e-13,4.2164967674204385e-09,3.627561842109337e-06,0
2003,12:27:30,6.784683114971126e-12,6.757683691089386e-13,3.730415017243222e-13,1.5415258033560859e-13,1.920452154282548e-13,1.1077638360232075e-09,3.5971391300629e-06,0
2004,12:28:00,1.5934216538897733e-11,7.383042197841194e-13,2.673608463721362e-13,1.3951556038769453e-13,1.708940125870364e-13,5.678183869282029e-09,3.5448513794929288e-06,0
2005,12:28:30,3.75914725339278e-11,1.2075291085493968e-12,3.685070924107091e-13,2.5293324505901283e-13,3.174996847343813e-13,1.2278577599057309e-09,3.555680677032333e-06,0
2006,12:29:00,1.1332634069033395e-11,7.401493632154414e-13,3.009167313936488e-13,1.7129626164560427e-13,1.8801271010548002e-13,3.660357939893995e-10,3.5286582965460962e-06,0
2007,12:29:30,1.8316634330393065e-11,1.1132819284984649e-12,3.3110263739368147e-13,1.1714759951995516e-13,1.6061407704722005e-13,4.70653708271039e-09,3.5577529894956304e-06,0
2008,12:30:00,5.442908285985021e-12,6.401686494574188e-13,2.2395290060682713e-13,1.6065279670093573e-13,1.6466492787396088e-13,2.6517946931683e-10,3.585748230871639e-06,0
2009,12:30:30,4.482049170907086e-12,4.556850537034181e-13,2.994160643405438e-13,1.441058109978707e-13,1.9082096911327574e-13,3.2494623517003057e-10,3.4931679301982805e-06,0
2010,12:31:00,2.957796103414479e-12,3.805679647163824e-13,3.2164953948800535e-13,1.2994401036748029e-13,1.5711907991581943e-13,2.163176702709668e-10,3.525209054514342e-06,0
2011,12:31:30,4.49965850184932e-12,5.188539504723569e-13,3.241654842491245e-13,1.5103640845500568e-13,1.9564593348472397e-13,9.005013708706784e-10,3.532729784152849e-06,0
2012,12:32:00,1.305503914541205e-12,3.326629511424933e-13,3.2608040242902096e-13,1.6026423134957352e-13,2.3851302583282097e-13,1.0145305423110462e-09,3.529481940534044e-06,0
2013,12:32:30,2.4961819727617857e-12,3.0236127039232425e-13,2.975714034229901e-13,1.4669801657312375e-13,1.7252266199733814e-13,3.2925724389976528e-09,3.5632321502698507e-06,0
2014,12:33:00,3.221700654568195e-12,8.371841948348787e-13,3.653634534562877e-13,1.5992784789366626e-13,1.9636440220381771e-13,5.120952979842371e-10,3.628042099639743e-06,1
2015,12:33:30,4.505346913584661e-12,6.575452067819161e-13,2.9163273302806557e-13,1.190907379549562e-13,1.87673492978428e-13,3.6228790513086904e-10,3.5685756539983737e-06,1
2016,12:34:00,7.93047087187601e-12,8.484775304401153e-13,3.216441945032067e-13,8.554526891974375e-14,1.582185667201114e-13,3.780813491953535e-10,3.602079738073136e-06,1
2017,12:34:30,7.51219429891931e-12,5.361686923279888e-13,3.322001908681676e-13,1.358865172345844e-13,2.4639947373358693e-13,3.0256441446763334e-10,3.6056378868099476e-06,2
2018,12:35:00,7.714984707001716e-12,8.223405985178058e-13,2.482361368338472e-13,8.978243495669616e-14,1.714730905034573e-13,1.3497173513971262e-10,3.5119983610455944e-06,2
2019,12:35:30,8.384353761880733e-12,7.384987841150889e-13,3.640156377283675e-13,1.0670178411290776e-13,1.6377052050037258e-13,1.6331441657139873e-10,3.6090810445426416e-06,2
2020,12:36:00,5.197102319496464e-12,6.070765640238913e-13,2.3624922649858736e-13,7.908614479986866e-14,1.5261973445108157e-13,1.3680837421227514e-10,3.6306442802942746e-06,2
2021,12:36:30,4.7083648339694565e-12,5.762364512232514e-13,2.121136498339548e-13,8.807041033067632e-14,2.8339130845769923e-13,1.316663215413082e-10,3.5496568076842923e-06,2
2022,12:37:00,5.008088439445882e-12,4.71309261430626e-13,1.9033597084416766e-13,6.788474388351352e-14,1.5286945332193194e-13,1.4026196463674987e-10,3.630746983211741e-06,2
2023,12:37:30,4.583219029590463e-12,7.050909834114159e-13,2.0072844230972205e-13,7.87751061262662e-14,1.6212790276247496e-13,1.6193274687681538e-10,3.597869146891375e-06,2
2024,12:38:00,8.159196616121591e-12,9.117681658111487e-13,4.995919816882773e-13,2.0208575174964974e-13,5.168118840031478e-13,3.448414481112083e-10,3.5676997457105734e-06,1
2025,12:38:30,3.660353308655621e-12,3.9166689094272774e-13,1.7640107381833516e-13,6.992420981487219e-14,1.0764712497775254e-13,1.4055368877299912e-10,3.623470335318139e-06,1
2026,12:39:00,6.0541378340935045e-12,5.3383188172653e-13,3.0597321089710547e-13,9.949345216361442e-14,2.251546763140513e-13,2.645480062811358e-10,3.6281582909449084e-06,2
2027,12:39:30,4.0983228846508635e-12,4.873000540842976e-13,2.2621082075028263e-13,6.82881827507939e-14,1.9244735070802562e-13,1.1405462855809891e-10,3.5103059998220005e-06,2
2028,12:40:00,4.493586593541354e-12,4.2662235796032446e-13,1.798605742673082e-13,8.992077359122663e-14,3.1390345650441527e-13,1.6341900472177799e-10,3.530441690437083e-06,2
2029,12:40:30,6.6794844135742465e-12,6.759916126824591e-13,2.4890357069578116e-13,8.035911755727868e-14,1.5774562142561387e-13,2.0457597460548636e-10,3.5536290579915486e-06,2
2030,12:41:00,2.7703725553867406e-12,3.9659847628711477e-13,2.0025784916802813e-13,6.49070910259179e-14,1.200965146792723e-13,3.159757256432896e-10,3.5008049832231453e-06,2
2031,12:41:30,7.719144328628877e-12,7.092782472083558e-13,2.7156147460080346e-13,7.810354717088594e-14,2.0699975912414379e-13,1.5741342159293431e-10,3.58911970784589e-06,2
2032,12:42:00,6.85198992567357e-12,6.429683897106643e-13,3.2275467490849086e-13,8.590095312986481e-14,1.381878170359243e-13,1.474355215898095e-10,3.557189984734294e-06,2
2033,12:42:30,4.668746734804335e-12,5.787956806884411e-13,2.365228891145978e-13,7.006808560403068e-14,2.381683369954303e-13,1.3141462407107482e-10,3.5454255035914664e-06,2
2034,12:43:00,4.9878428896726266e-12,5.465830553904602e-13,3.0636132095434427e-13,7.702140113552262e-14,2.3051163937993983e-13,1.5204036817307465e-10,3.6330136270373086e-06,2
2035,12:43:30,5.951288157865658e-12,9.161481123566817e-13,3.0522000810974026e-13,9.15783492866244e-14,2.951660934757633e-13,1.5498099544302646e-10,3.654468607480102e-06,2
2036,12:44:00,6.7835680289087204e-12,5.686228389031119e-13,3.007013155773911e-13,1.520605605149206e-13,4.2990049404137134e-13,2.8321182160788023e-10,3.552330331289553e-06,2
2037,12:44:30,6.091360884559797e-12,6.540794048872632e-13,3.5343932061084903e-13,7.42635455979051e-14,1.1330483409625584e-13,2.8900601623902164e-10,3.63421249839449e-06,2
2038,12:45:00,5.556885024137912e-12,5.17633036329541e-13,2.195347368881363e-13,7.61137941735586e-14,1.3800398927641307e-13,2.6196625864219426e-10,3.6137387868538407e-06,2
2039,12:45:30,7.258736319716099e-12,7.626571797264289e-13,4.155692565242609e-13,1.2805444230753319e-13,3.1501404923970046e-13,2.982736069790985e-10,3.517017662421613e-06,2
2040,12:46:00,3.750731977867199e-12,4.3063308737944874e-13,2.4124362783316046e-13,7.052636655691828e-14,1.4839823750925206e-13,1.486297932043545e-10,3.5545810102665873e-06,2
2041,12:46:30,6.301228877907901e-12,4.5040259358342813e-13,2.499285702029672e-13,1.0002970132259937e-13,2.712085810968479e-13,1.4827260494142103e-10,3.5909967268705193e-06,2
2042,12:47:00,5.974739866457866e-12,6.395221960610729e-13,2.3226023057892357e-13,6.944923266875021e-14,2.114310024574101e-13,9.192213803809884e-11,3.5682983829615277e-06,2
2043,12:47:30,5.79945303638495e-12,7.63876324631356e-13,3.2384787462898987e-13,7.533948050955861e-14,2.16824148022598e-13,1.6146283255063078e-10,3.6001292010439695e-06,2
2044,12:48:00,6.753248872500204e-12,8.371401459451829e-13,2.592003657356996e-13,6.94719317033356e-14,1.8267127815311563e-13,2.0885996986677994e-10,3.5858611362191404e-06,2
2045,12:48:30,4.91277894660015e-12,4.230156409120476e-13,3.1312591795836934e-13,9.510725422486912e-14,3.9563000730053534e-13,1.5493301488534087e-10,3.588293428209389e-06,2
2046,12:49:00,9.003278161921502e-12,7.195619074433329e-13,2.6054455233396837e-13,7.824241808823695e-14,2.0928886517191112e-13,3.368807668697879e-10,3.625869839294243e-06,2
2047,12:49:30,4.200656510671519e-12,5.506685187548247e-13,2.874969432854433e-13,7.253028415174374e-14,1.6318194435389713e-13,2.0348617372646488e-10,3.5845987716737904e-06,2
2048,12:50:00,6.89122412250869e-12,4.124549869590061e-13,2.679784758832995e-13,5.775005774721572e-14,1.6670262644195863e-13,2.014004998549647e-10,3.6261199191351185e-06,2
2049,12:50:30,4.5833574941383394e-12,5.620000189970386e-13,2.068147455986421e-13,5.946350452666341e-14,1.759945910061202e-13,2.1820689967675114e-10,3.54539399037478e-06,2
2050,12:51:00,5.1654859402538625e-12,5.477469122081558e-13,2.929126580101581e-13,6.83475711207871e-14,2.6255836435595117e-13,2.425542796028635e-10,3.5679858302805166e-06,2
2051,12:51:30,8.327304303647367e-12,7.908425224529706e-13,1.905193786879958e-13,6.808069954067689e-14,1.66872933784927e-13,2.3129490339711874e-10,3.58441205772893e-06,2
2052,12:52:00,5.4619851091759e-12,6.435940474255374e-13,2.832249081261038e-13,6.945288418575382e-14,1.953475336610118e-13,2.1138762468436233e-10,3.522027225773574e-06,2
2053,12:52:30,6.463502430297129e-12,4.4661063920972544e-13,2.3974702351973047e-13,6.32557757168097e-14,1.75484323726766e-13,2.2189101724817748e-10,3.5573372507933e-06,2
2054,12:53:00,7.082746542942889e-12,6.271040182674455e-13,2.7847018789353373e-13,6.0070804763032e-14,1.7314694715804014e-13,2.386448709096046e-10,3.615226943347845e-06,2
2055,12:53:30,6.653211348040285e-12,8.306514485330707e-13,2.5958177450320747e-13,5.572019898142042e-14,1.6942476996067352e-13,2.9439587256044e-10,3.571085839656518e-06,2
2056,12:54:00,9.21751959023018e-12,7.460664661288857e-13,2.00501857825863e-13,5.923308917105123e-14,1.667963317514135e-13,3.028896250208853e-10,3.56506513061061e-06,2
2057,12:54:30,7.593905726430423e-12,7.390393044811185e-13,2.4185559634375216e-13,6.078590565836515e-14,1.1847071756475912e-13,3.2064725498006515e-10,3.6321595882230298e-06,2
2058,12:55:00,7.362190812521762e-12,5.919983436215626e-13,2.616697854142675e-13,6.326459785065998e-14,1.8440345534238511e-13,2.746232770442418e-10,3.520422151439714e-06,2
2059,12:55:30,7.742004884844959e-12,7.130907229216244e-13,2.2138379631663532e-13,5.382096213303564e-14,1.6278670605111837e-13,3.049251884586468e-10,3.6080604378362716e-06,2
2060,12:56:00,9.451146586810135e-12,6.425807538657408e-13,2.312926254273477e-13,7.450829904651807e-14,3.440785719283081e-13,3.468376775445338e-10,3.676307370439143e-06,2
2061,12:56:30,6.8647448372469656e-12,6.551879574061845e-13,2.4485176060856294e-13,4.945445827377993e-14,1.8642887748968203e-13,4.034086761172814e-10,3.483482013203106e-06,2
2062,12:57:00,9.738832684778329e-12,7.633872742394373e-13,2.2560816343148876e-13,4.440207139792206e-14,1.1715064145454722e-13,2.902302325565335e-10,3.5876934588703964e-06,2
2063,12:57:30,8.93399783558347e-12,7.121519395445968e-13,2.791261206517219e-13,6.413042600465774e-14,2.2490738137786612e-13,3.343139850577397e-10,3.6007937525512936e-06,2
2064,12:58:00,8.084752963703097e-12,4.231055245854673e-13,3.0358323316776635e-13,1.1483311530402147e-13,2.758753554053182e-13,5.67905429495438e-10,3.5362982175558918e-06,2
2065,12:58:30,6.072872129813864e-12,4.0818248140850364e-13,2.1276436079894234e-13,5.5254332300107914e-14,1.296586448451485e-13,1.7950522676873516e-10,3.6061209370480256e-06,2
2066,12:59:00,8.99587904366844e-12,7.422144522169247e-13,2.360942795167836e-13,9.229172578023572e-14,4.391523024141199e-13,1.0215626177224127e-10,3.692291418403551e-06,2
2067,12:59:30,6.0735675579147486e-12,7.285439638330202e-13,2.3249043845992685e-13,6.673031655106232e-14,2.6278751722541335e-13,1.0277151195142615e-10,3.5431056566397756e-06,2
2068,13:00:00,7.580304935533796e-12,8.467038951752119e-13,2.256533229142978e-13,4.640995392619216e-14,9.24122897896243e-14,1.4459157674947627e-10,3.5923718642347464e-06,2
2069,13:00:30,7.056425389381994e-12,7.279400154382951e-13,2.2038324681818366e-13,5.628417326344707e-14,1.8158705489122892e-13,1.420081170581194e-10,3.6494558892167667e-06,2
2070,13:01:00,9.448647416665849e-12,6.519314186193537e-13,2.853472134830706e-13,5.97409093388586e-14,1.4942311691892607e-13,1.7167353581086876e-10,3.577076559545709e-06,2
2071,13:01:30,8.342600882152891e-12,5.574072883411611e-13,2.7514931245042793e-13,5.1773260302414034e-14,1.233553826630101e-13,1.4153424858051856e-10,3.567926904441381e-06,2
2072,13:02:00,7.052463247538929e-12,5.910052104579651e-13,2.624554319511709e-13,4.555932812755842e-14,1.3015965052116834e-13,1.3662544483780792e-10,3.563638269106385e-06,2
2073,13:02:30,7.440885158447812e-12,6.500123689133388e-13,2.170413962673004e-13,5.2115642622081345e-14,1.4366301223265187e-13,1.6827629696528177e-10,3.553345096583935e-06,2
2074,13:03:00,1.1581040617732562e-11,7.650901890020132e-13,2.1497269092855563e-13,5.087586681825716e-14,1.3439599545361045e-13,2.554450667625227e-10,3.5962337321052772e-06,2
2075,13:03:30,8.027523952250606e-12,9.469733358757839e-13,2.33264965035113e-13,4.041792816380392e-14,9.96176000105701e-14,3.5370813744569486e-10,3.5874570749039725e-06,2
2076,13:04:00,5.753275092497943e-12,7.622329738552556e-13,2.189172848248633e-13,5.3219052468410964e-14,1.5368996249600774e-13,2.10652443545424e-10,3.5960944877156448e-06,2
2077,13:04:30,1.0839649973569553e-11,1.0494396872009448e-12,2.1629023577014026e-13,4.540484241009022e-14,1.4259840350228272e-13,2.6039300929948957e-10,3.6159098280456234e-06,2
2078,13:05:00,7.492393404036692e-12,5.191787114300044e-13,2.49614360055828e-13,5.1790580323781416e-14,1.3877046568495127e-13,2.6513398753829223e-10,3.6213961798703496e-06,2
2079,13:05:30,8.443980634502473e-12,5.166237516370819e-13,1.812890846019313e-13,4.471077887975411e-14,1.1578004276861645e-13,2.945949680364822e-10,3.6673488363168476e-06,2
2080,13:06:00,1.0258624054388897e-11,6.471665440258614e-13,3.3177920701494766e-13,8.271313705276326e-14,2.3740010494712484e-13,3.243273456300736e-10,3.6340939148307193e-06,2
2081,13:06:30,1.9652040099783818e-11,5.908646066410135e-13,7.047479995014866e-13,1.4469583109204033e-13,3.4329568974621905e-13,2.0234301200456567e-09,3.609030796598794e-06,1
2082,13:07:00,7.1520372549818196e-12,4.72909226343025e-13,4.724680250154734e-13,1.4561314413324581e-13,2.6845192512019886e-13,1.2485831235023595e-09,3.653693251466642e-06,1
2083,13:07:30,5.914321173928255e-12,3.981144937026967e-13,2.895471556920491e-13,1.186836513854914e-13,2.765523871865811e-13,5.727298266441423e-10,3.6023805948843567e-06,1
2084,13:08:00,5.530320647188325e-12,5.944451417362257e-13,6.236632344007023e-13,1.8304776751867329e-13,4.666581748962821e-13,2.962064768252967e-10,3.5694944594227175e-06,1
2085,13:08:30,4.950869136261319e-12,4.59126370233256e-13,3.4691632908250357e-13,7.65608071063142e-14,1.2997301078003286e-13,2.2161515980423298e-10,3.601505273899869e-06,2
2086,13:09:00,1.041109704142445e-11,6.818184942240768e-13,3.0745277597702567e-13,1.0056006731277281e-13,3.1649735542716386e-13,1.741447621149298e-10,3.5761649755095478e-06,2
2087,13:09:30,5.6709558999372756e-12,5.098020921598498e-13,2.8667226459568114e-13,1.0260239473296691e-13,2.487366756970927e-13,3.470962985209732e-10,3.5892922720691255e-06,2
2088,13:10:00,6.982035459547231e-12,7.145280411699085e-13,5.607036345266763e-13,1.0649724282433019e-13,3.047725753249126e-13,2.0255989073374252e-10,3.6584586680108668e-06,2
2089,13:10:30,3.482672749733153e-12,5.614241709107667e-13,3.382759889760877e-13,8.996483427217152e-14,1.6741102613396307e-13,3.40617612318346e-10,3.543224477116263e-06,2
2090,13:11:00,3.475726019865923e-12,4.826784527552379e-13,2.9129599825392194e-13,7.16753787674832e-14,1.313966629243424e-13,1.7074807375038912e-10,3.5642171850358728e-06,2
2091,13:11:30,5.425951327331483e-12,4.493815548610563e-13,2.7185292685831044e-13,8.856648526555522e-14,3.1424419561702427e-13,1.3323572706757814e-10,3.6241945887828277e-06,2
2092,13:12:00,5.335491247743463e-12,5.512849979059529e-13,1.826778717977174e-13,9.514041423478973e-14,1.493358591297114e-13,1.7130907898809312e-10,3.5810081191153972e-06,2
2093,13:12:30,7.427980694781655e-12,7.538303579277384e-13,4.752235955678379e-13,9.157104004324058e-14,3.2764924711762755e-13,1.4432269353695447e-10,3.5349987661493103e-06,2
2094,13:13:00,4.896616159412923e-12,5.559153040262079e-13,8.88560597226161e-13,3.393810549131646e-13,7.813793408089324e-13,1.842454697806435e-09,3.5687003844687835e-06,1
2095,13:13:30,1.242913342881237e-12,2.2406570839605938e-13,2.953265845323487e-13,9.514570973391673e-14,1.7536619837705906e-13,7.643318381724577e-10,3.553474397614966e-06,1
2096,13:14:00,2.6669394235408962e-12,3.5269947383012963e-13,2.627581756974204e-13,8.994406680117379e-14,1.9838869541396128e-13,9.408518291049587e-10,3.596381716758707e-06,1
2097,13:14:30,1.497341841102856e-11,8.171291621858923e-13,4.3348791904680473e-13,2.808372105702517e-13,3.2592792928472274e-13,3.6412785503027406e-10,3.623419169253306e-06,1
2098,13:15:00,3.04586890748667e-12,4.5405983517392944e-13,2.6110505970462815e-13,1.3219342811433006e-13,2.5033889317227926e-13,1.4990639434716174e-09,3.610181350128244e-06,1
2099,13:15:30,1.8204273963627288e-12,3.316879964769814e-13,2.987926209811516e-13,9.928411202671734e-14,1.550270283810342e-13,1.7373236682501507e-09,3.6041400265766707e-06,1
2100,13:16:00,3.9517374071146455e-12,4.924504537889434e-13,3.0383770661254203e-13,8.955415354126767e-14,1.5901743844008662e-13,4.4061707685738875e-10,3.568322115933492e-06,1
2101,13:16:30,2.434316092121521e-12,4.461813252117264e-13,4.366745864928331e-13,1.6330865470640304e-13,2.9414597066902773e-13,4.702011160371916e-10,3.5919367945443416e-06,1
2102,13:17:00,2.8260820444079997e-12,3.217023171189684e-13,2.393494145480802e-13,8.213160657691168e-14,8.134118567633063e-14,2.3764651302008446e-10,3.6484560563243117e-06,1
2103,13:17:30,9.990207156077568e-12,5.392388631247992e-13,4.892902138632045e-13,1.2738681320867127e-13,2.919514827620217e-13,3.893942859547347e-10,3.6525531051933726e-06,2
2104,13:18:00,5.0068130382038215e-12,4.782827728436672e-13,3.845544227852503e-13,1.1391244161369572e-13,2.301920517080665e-13,1.670460147225674e-10,3.5821753950871703e-06,2
2105,13:18:30,6.061876495756832e-12,5.708838972816283e-13,3.8012578299221964e-13,1.20248562580289e-13,3.3399994236240655e-13,1.9807156627571735e-10,3.5792878833570726e-06,2
2106,13:19:00,5.222776160280505e-12,6.954455754203563e-13,3.3927479564207025e-13,9.536427987456513e-14,1.8660813863138066e-13,2.5087679297720685e-10,3.657773589660237e-06,2
2107,13:19:30,4.4945522862600266e-12,5.711349586766885e-13,2.096443555077401e-13,6.658386221753505e-14,1.8107289863598067e-13,1.2395969972722852e-10,3.6083792105945305e-06,2
2108,13:20:00,4.28994094488137e-12,5.54813799046367e-13,2.700243230545557e-13,1.1198958669483949e-13,2.920676086095125e-13,2.2054529052037703e-10,3.6484111278610716e-06,2
2109,13:20:30,3.099872574339596e-12,4.0673994288196605e-13,2.986092455960838e-13,8.919028657456586e-14,2.2226703877899215e-13,2.902165923597422e-10,3.686585876852368e-06,2
2110,13:21:00,3.4278163678558157e-12,4.515762487704481e-13,2.363290616516564e-13,5.364045557245089e-14,1.1238726724816106e-13,1.8398884283274045e-10,3.6227234767159445e-06,2
2111,13:21:30,4.729789022534442e-12,4.3339723427841063e-13,3.0220106434897977e-13,9.679391400580006e-14,3.4605617648110885e-13,2.5878556599658445e-10,3.6549801692569653e-06,2
2112,13:22:00,4.0321876795011856e-12,4.971548332402684e-13,1.7091810069645135e-13,5.4559500367002445e-14,1.231217491380489e-13,1.8319065236775277e-10,3.6930911555801448e-06,2
2113,13:22:30,3.209175352459876e-12,3.41442443775067e-13,2.4519690532161127e-13,7.339303944203074e-14,1.5293552046506115e-13,3.322442278541272e-10,3.6727686557213533e-06,2
2114,13:23:00,5.490003229568931e-12,4.935589716288451e-13,1.9770858279653534e-13,6.727486029881861e-14,1.744474138228797e-13,1.4663624543304629e-10,3.606700354961251e-06,2
2115,13:23:30,4.137687058089745e-12,3.5535462439513583e-13,2.8289859245217137e-13,8.146584953174817e-14,1.792512786868859e-13,1.9943741186829841e-10,3.6267377104296203e-06,2
2116,13:24:00,3.941778905575618e-12,5.33414419747153e-13,2.4049216847395503e-13,8.120432324800735e-14,2.1285425526697736e-13,1.7908998820132076e-10,3.6218150258936447e-06,2
2117,13:24:30,3.281076301312459e-12,3.768757821658324e-13,3.350423587846673e-13,7.616011523910197e-14,1.6066970645764802e-13,3.1386082060909033e-10,3.5389250169187756e-06,2
2118,13:25:00,5.1064263224826495e-12,5.894216746511014e-13,1.9986412056182627e-13,6.694410349917356e-14,1.862722848633511e-13,1.3972246422556294e-10,3.6205192130003774e-06,2
2119,13:25:30,5.396477651834572e-12,3.9601914236620335e-13,3.1658928841721795e-13,1.149753673099209e-13,3.1945251355609553e-13,2.5070634667043594e-10,3.706427342058273e-06,2
2120,13:26:00,3.9454956030230915e-12,4.732087312234831e-13,2.7878914311254796e-13,7.453557026466174e-14,1.7545293258772122e-13,2.3921802787688994e-10,3.576865387790997e-06,2
2121,13:26:30,5.925498364883975e-12,6.553236605257664e-13,2.682553694494176e-13,8.231948573142496e-14,2.098149686309988e-13,1.7830796672538617e-10,3.6608950653952876e-06,2
2122,13:27:00,7.368032740219424e-12,5.715440753340998e-13,4.75048819858409e-13,1.7394829782944448e-13,5.288964386050126e-13,2.0951843690331873e-10,3.671019436319453e-06,2
2123,13:27:30,5.607187331892179e-12,4.529097915054796e-13,1.601212360569886e-13,1.011701301065952e-13,2.2015360411981142e-13,2.3394522039559164e-10,3.568793099516553e-06,2
2124,13:28:00,2.766046673722647e-12,3.9750292936820207e-13,4.3634852140693523e-13,1.6265995057174074e-13,3.4216166071398153e-13,1.852418217363328e-10,3.657596636959972e-06,2
2125,13:28:30,3.160298930769702e-12,3.3552675658126315e-13,2.0227932061961038e-13,8.854312205612571e-14,1.917486523903777e-13,1.3437705610433409e-10,3.640205329663356e-06,2
2126,13:29:00,3.0670460878750587e-12,5.212908276717088e-13,3.4545181426908593e-13,1.4319435393979038e-13,3.374579045875729e-13,2.777737583393854e-10,3.534266191999623e-06,2
2127,13:29:30,1.6805975540543994e-12,3.5613835119764337e-13,3.770019230969181e-13,1.307756356713878e-13,2.739566270258088e-13,5.877083297609141e-10,3.601671629017562e-06,2
2128,13:30:00,2.1197997660378036e-12,3.508145244880558e-13,4.3181381998458937e-13,2.1279844678787472e-13,4.527615009792656e-13,6.840898781616487e-10,3.6204546523800236e-06,1
2129,13:30:30,3.506145626826911e-12,3.356328174409923e-13,2.594770992950997e-13,1.217148953239673e-13,1.8138480140571325e-13,7.439926070583227e-10,3.5980574635332948e-06,1
2130,13:31:00,1.5495116794012296e-12,3.440402497702606e-13,2.8988069259067393e-13,1.1701531875030273e-13,2.0664886246744964e-13,3.8724282775188464e-10,3.6019793273403747e-06,1
2131,13:31:30,4.9600968467870544e-12,4.0812876654441104e-13,3.0641889896880127e-13,1.5949240878799006e-13,2.3582389982802446e-13,3.200738584631522e-10,3.6221600469095054e-06,1
2132,13:32:00,1.4725764697083311e-12,2.878755377615514e-13,3.4306056104369035e-13,1.3163623359350817e-13,2.2072695010034262e-13,3.9274403197656146e-10,3.646748869838491e-06,1
2133,13:32:30,1.5869054702600628e-12,2.7285110679564206e-13,2.7384331516525587e-13,1.3438137908226407e-13,2.2471528828939287e-13,8.881737711047885e-10,3.6626593149555994e-06,1
2134,13:33:00,1.6026877076744488e-11,5.186731118311266e-13,2.586022450758191e-13,1.273806713558753e-13,2.9218223589658793e-13,1.6310527411521565e-10,3.605612651196229e-06,2
2135,13:33:30,3.5766893870945284e-11,2.1702902577096474e-12,1.3289030527754643e-12,5.815063152718025e-13,9.847393109093257e-13,4.1679734224850755e-09,3.597099472446891e-06,2
2136,13:34:00,5.9322159024452885e-12,5.876965694856734e-13,2.9026570733037803e-13,1.919171444131839e-13,1.9471564745581808e-13,1.1209380171390705e-09,3.6736807759357456e-06,0
2137,13:34:30,9.553913917004184e-11,8.471891514476576e-13,2.9103354260784916e-13,2.7620083554913295e-13,1.874968639873857e-13,1.4207226871771473e-09,3.5942921666229743e-06,0
2138,13:35:00,9.287647081444022e-11,2.436359954373412e-12,9.742266229357413e-13,1.0068146398317675e-12,6.615723500001766e-13,5.262374208530975e-09,3.1415066814310037e-06,0
2139,13:35:30,2.7546412206792136e-11,7.357285892353137e-13,5.83038870966851e-13,3.35838806319536e-13,6.184662404243937e-13,2.5078842856968477e-09,3.6362714587543458e-06,0
2140,13:36:00,1.093006902229128e-12,3.0901308412407703e-13,2.7601752261325087e-13,1.0169930340135331e-13,1.5868343577649677e-13,1.4979285404006678e-10,3.6958947516406777e-06,0
2141,13:36:30,6.507168914840797e-12,3.4894366082702415e-13,3.768494030098924e-13,2.675896279845758e-13,4.736055808906675e-13,1.931008144412378e-09,3.6428082849931644e-06,0
2142,13:37:00,2.3347996931758108e-12,4.3184386553534937e-13,3.010952479814906e-13,1.0532313062953418e-13,1.6542161473610854e-13,2.397243056033312e-10,3.6447664976834825e-06,0
2143,13:37:30,1.0648463071704488e-12,3.944730470133985e-13,2.411663870326856e-13,1.1120884297508736e-13,1.488176707173653e-13,1.3261181900734486e-10,3.724925728023923e-06,0
2144,13:38:00,1.2615771374004355e-12,3.0163120275711984e-13,3.535100045920078e-13,1.2147939512007018e-13,1.8648864732110945e-13,1.2898893421328643e-10,3.716519594664685e-06,0
2145,13:38:30,1.0029644025109646e-12,2.95803714258939e-13,3.1182210472058493e-13,1.2547478743565556e-13,1.9266118321011567e-13,1.2704147944965974e-10,3.7096084177490456e-06,0
2146,13:39:00,8.081657376952793e-13,3.7495986208594256e-13,3.4588180450869153e-13,1.387689470779501e-13,2.103324251169503e-13,8.362400791726559e-11,3.681212431910253e-06,0
2147,13:39:30,1.3347067968295547e-12,2.884063046220748e-13,3.0647118657787616e-13,1.161480447454766e-13,1.7839366112644534e-13,7.255643816549615e-11,3.676662684127786e-06,0
2148,13:40:00,1.3152154455017419e-12,4.500419452871847e-13,3.502147974218569e-13,1.4397591696701456e-13,2.2477172480591103e-13,1.0070694611142007e-09,3.6516937827919214e-06,0
2149,13:40:30,1.83255489919733e-12,4.714498688581081e-13,2.796652200712485e-13,9.822933060103667e-14,1.3110202796576157e-13,1.2300528047852485e-09,3.6232365790503774e-06,1
2150,13:41:00,3.2314307882117778e-12,3.0497921894834546e-13,2.5833398651646615e-13,1.1327025430724913e-13,2.134849600640146e-13,8.961975729234589e-10,3.6247690049161354e-06,1
2151,13:41:30,1.6000606712920233e-12,3.11796159514563e-13,1.877761738480937e-13,9.985235985314538e-14,1.762492155437215e-13,1.612275661636189e-10,3.7051975597892228e-06,0
2152,13:42:00,1.4675511573166831e-12,3.3862101001806245e-13,2.6869223007239916e-13,1.4472310927990333e-13,1.924008140833971e-13,1.0152525640183014e-10,3.7287441920656973e-06,0
2153,13:42:30,8.682924282107883e-13,3.590548081474356e-13,2.7243272104456533e-13,1.3607143882701797e-13,2.384584382150258e-13,3.499523257914128e-10,3.7004176687888154e-06,0
2154,13:43:00,1.644226443245385e-11,6.394718387105257e-13,4.3674399478940005e-13,3.0370494259053253e-13,2.1807873537272703e-13,1.3404503580596152e-09,2.7742257838103404e-06,0
2155,13:43:30,1.104110794505815e-10,6.570550604832389e-12,1.0398904415535186e-12,7.821252266840391e-13,5.35769880268665e-13,7.050535441924947e-09,9.136861473050745e-07,0
2156,13:44:00,1.112235625968492e-10,5.601444766577121e-12,1.270512197674673e-12,1.0766362005211757e-12,1.0727114869120148e-12,4.313187980969591e-09,9.23647259576675e-07,0
2157,13:44:30,3.9620793456385885e-11,2.884967192222953e-12,1.015137576344907e-12,5.150187659260693e-13,6.042765930421512e-13,1.1938867470277822e-09,8.856515501170438e-07,0
2158,13:45:00,8.006283652769759e-11,4.2336376415949346e-12,1.1481011265243093e-12,7.182046009595153e-13,7.687625465235333e-13,1.4366182950487173e-09,9.085892396885445e-07,0
2159,13:45:30,8.29565366076829e-11,4.411715702394905e-12,1.157114930501239e-12,5.669835138219243e-13,5.940093352695236e-13,1.6600911322299632e-09,9.025567805539346e-07,0
2160,13:46:00,6.569053487529461e-11,3.6616478781925785e-12,8.815873399627863e-13,6.353923673154104e-13,8.207132664190461e-13,4.1956788082307814e-09,8.755332747397588e-07,0
2161,13:46:30,1.6389241643919495e-10,7.33318677195552e-12,1.4354950816885738e-12,1.0556162232379695e-12,1.1985518834867483e-12,7.236155967245603e-09,8.58480097982043e-07,0
2162,13:47:00,1.2113978375983159e-10,4.430759243142786e-12,9.616382058088663e-13,5.367927198699379e-13,7.699524150597328e-13,2.519961691730031e-09,8.696062973876792e-07,0
2163,13:47:30,1.8288524633565998e-10,6.006829017403659e-12,1.0158551673206013e-12,6.421095662452975e-13,7.308798474938994e-13,1.8982025784543504e-09,8.492067898273439e-07,0
2164,13:48:00,1.235096054682449e-10,5.119925342841548e-12,9.437265673174521e-13,7.359539394261308e-13,6.600796250002032e-13,5.9790783917356926e-09,8.903790411206202e-07,0
2165,13:48:30,4.5397098178938855e-11,2.4458984870931352e-12,8.232003437181351e-13,6.143295873285444e-13,5.737508790064194e-13,1.7776179469603702e-09,9.212107314543555e-07,0
2166,13:49:00,9.907356340250223e-11,6.074389020917423e-12,8.326276354719882e-13,5.086199699713691e-13,4.2874308312265866e-13,2.2030470451297794e-09,9.22852097603989e-07,0
2167,13:49:30,5.636550609265015e-12,4.677900237656289e-13,2.36224736093509e-13,7.91161012090256e-14,1.1026974926983426e-13,5.808369114391288e-10,9.01642797264762e-07,0
2168,13:50:00,1.1457164932870396e-10,2.681251112324941e-12,8.211416906214979e-13,8.59001569677799e-13,9.00986609385983e-13,2.556139658002575e-09,1.076725285533066e-06,0
2169,13:50:30,1.7986822909830152e-10,9.324388056032449e-12,1.902108447880375e-12,1.111274945738473e-12,1.6074435628043678e-12,1.0452367030258845e-08,9.664546856186625e-07,0
2170,13:51:00,1.0027153472736134e-10,3.977584165579335e-12,1.159083032753791e-12,7.285816755249196e-13,6.767234251293073e-13,6.7803427194527976e-09,9.444172741843485e-07,0
2171,13:51:30,9.619422544603746e-11,5.427540406593495e-12,1.2736790464770359e-12,8.231118919104303e-13,8.846135353885767e-13,2.8163917887435436e-09,9.113264044610429e-07,0
2172,13:52:00,1.3780274830074177e-10,1.0171495804107187e-11,1.9513483099692454e-12,7.49750185436813e-13,1.01739766521609e-12,1.1726235624494318e-08,8.824055208627808e-07,0
2173,13:52:30,2.2295100938471697e-10,1.114445635905594e-11,2.4641321753537946e-12,1.258753525249148e-12,1.564481857958146e-12,7.693826060932774e-09,8.863262507701345e-07,0
2174,13:53:00,1.9193777944556482e-10,1.2214181382186043e-11,1.9235205434091e-12,8.928128612163543e-13,1.203691604669871e-12,1.3099058675560344e-08,8.76574101173962e-07,0
2175,13:53:30,1.1319480946475363e-10,3.4549269263047905e-12,1.2480537264335341e-12,1.0405472079193933e-12,1.2537820776306736e-12,1.8836338740655647e-08,8.86270882481219e-07,0
2176,13:54:00,1.725992805780522e-10,7.20632671387692e-12,1.8100986703860792e-12,8.276058215524701e-13,1.0374928354058722e-12,7.544538061508896e-09,9.049732785849503e-07,0
2177,13:54:30,1.1290305329478299e-10,5.926114913579324e-12,1.4779240541678113e-12,1.0585258390928483e-12,1.3604627286341425e-12,1.2751221580505109e-08,9.869131122986532e-07,0
2178,13:55:00,1.4816899729466448e-10,9.988042001930667e-12,2.056674001244288e-12,1.6881474160763343e-12,1.5779668836387577e-12,1.175818571408718e-08,9.52614709195063e-07,0
2179,13:55:30,9.107722359735613e-11,6.2256725548605354e-12,1.5593644983121653e-12,2.03356885284156e-12,1.9939648622405538e-12,6.552042503329689e-09,9.517825369941957e-07,0
2180,13:56:00,1.0053391160318755e-10,5.3595594535823156e-12,1.543403387518075e-12,9.510126440029441e-13,7.261866514773453e-13,7.076079477883959e-09,9.092191417866012e-07,0
2181,13:56:30,8.987434032514236e-11,2.3704899349248186e-12,8.652889700225652e-13,6.285621596826086e-13,7.873808795230906e-13,1.926744495543589e-09,9.121729798358319e-07,0
2182,13:57:00,5.060123033819763e-11,1.3721920851700045e-12,1.0051106047623234e-12,5.318905163433054e-13,5.044305145602794e-13,1.608990722867537e-09,9.331686824784881e-07,0
2183,13:57:30,6.786791904281398e-11,2.837393426700085e-12,7.297854132047739e-13,3.2302142629128355e-13,4.349237866427709e-13,8.443045550354909e-10,9.115193325620319e-07,0
2184,13:58:00,1.4677598943433673e-10,4.635260756750354e-12,1.0791727509585823e-12,3.6029153424604126e-13,4.2683409789161714e-13,3.4600048227260428e-09,8.84918660513413e-07,0
2185,13:58:30,1.6757349294509885e-10,9.313885444185147e-12,1.2356013804675892e-12,4.106579838048592e-13,5.634613312493296e-13,2.9211545035008684e-09,8.969331250416238e-07,0
2186,13:59:00,1.3644378823276135e-10,6.303892367524437e-12,9.26931778140258e-13,3.225094908226087e-13,4.561961552137695e-13,2.1339820721894644e-09,8.828920054904092e-07,0
2187,13:59:30,1.8726712773439454e-10,6.354777403726686e-12,1.3277415007891331e-12,3.711376928994323e-13,6.479868931127496e-13,5.5645660804596815e-09,9.067695687241606e-07,0
2188,14:00:00,1.0415730458848909e-10,5.670419798091765e-12,1.138616501180812e-12,3.244358124868732e-13,4.1937991435790796e-13,8.606510085359303e-09,1.331440141568719e-06,0
2189,14:00:30,1.1524928926798754e-10,4.6453431465526285e-12,7.217189614387614e-13,2.6491080795057004e-13,5.721659215504426e-13,1.2511367358598436e-08,9.884347630015572e-07,0
2190,14:01:00,1.0909023097461801e-10,4.689504751593889e-12,8.413642440637832e-13,4.4557552922424276e-13,5.73120080150172e-13,6.6489068007580595e-09,9.367184113399498e-07,0
2191,14:01:30,6.585144370147079e-11,1.8937834222472306e-12,7.931201717510114e-13,3.0037209994721974e-13,3.3117780655225753e-13,2.3653718209970647e-10,9.62312545546152e-07,0
2192,14:02:00,1.0898788079685405e-10,2.8259798058663774e-12,1.1656865819830564e-12,2.9633418701838853e-13,4.732877981408392e-13,2.1730688598827556e-10,9.253621285640028e-07,0
2193,14:02:30,7.700720974973191e-11,1.6274976863111803e-12,7.567699758108888e-13,5.750101557025211e-13,1.0212483886742733e-12,3.7238568331675522e-09,1.1528997591111725e-06,0
2194,14:03:00,8.173138537714153e-11,4.919083379692948e-12,7.634929329187759e-13,3.500144198246194e-13,5.18708775089359e-13,8.16924619376007e-09,9.055887685992164e-07,0
2195,14:03:30,1.9116118168885177e-11,9.778529009050042e-13,6.619057658767843e-13,4.090864019061839e-13,4.1565333417232314e-13,8.425146033191123e-10,8.952414563119621e-07,0
2196,14:04:00,1.7296875747808167e-11,8.793555602322364e-13,4.954268864966181e-13,2.8890713787751474e-13,3.1861476470248e-13,1.2239123979729303e-09,8.957567436228473e-07,0
2197,14:04:30,2.0334248229623783e-11,1.1818096933942055e-12,5.779922377713903e-13,2.332225309238516e-13,2.67316951692372e-13,8.420491851573053e-10,9.023589340980222e-07,0
2198,14:05:00,3.068502845279127e-11,1.802379261199205e-12,5.301749004378397e-13,2.779669639599414e-13,3.2285225459425555e-13,1.6706078131069374e-09,8.928410354065987e-07,0
2199,14:05:30,4.703554423876147e-11,1.4908786621169579e-12,5.242555483583343e-13,2.1581001292140096e-13,2.9072469941201644e-13,1.5611322406217059e-09,9.2276242926295e-07,0
2200,14:06:00,9.248477991992227e-11,3.449163161268679e-12,1.0496584220044645e-12,4.922014405265885e-13,6.77160737837673e-13,1.4174410058891794e-08,9.612698893173398e-07,0
2201,14:06:30,6.799426055200624e-11,2.5577663063853527e-12,8.906118133221523e-13,3.053333236765635e-13,4.872144856210314e-13,9.026196657792102e-09,9.634106747902169e-07,0
2202,14:07:00,9.498118024251918e-11,4.318024768223145e-12,7.639600229019826e-13,2.7525724695094457e-13,5.000264406327055e-13,5.568451112535076e-09,9.474687935085306e-07,0
2203,14:07:30,9.248597057562282e-11,4.008116175959987e-12,1.0093050748109388e-12,3.7439571023346984e-13,4.636418332993094e-13,1.121627509181318e-08,9.430732685325275e-07,0
2204,14:08:00,7.913076186908242e-11,3.0939940628527123e-12,5.199951944521692e-13,2.0357532171674883e-13,3.4991310450504326e-13,9.788848453160058e-10,1.24198158416939e-06,0
2205,14:08:30,9.18036929712941e-12,4.675094094255384e-13,4.3696264678813114e-13,2.2299041869641838e-13,2.762792431827184e-13,1.2765008945365328e-09,9.444921947996987e-07,0
2206,14:09:00,8.867362209338618e-11,2.2830221491047787e-12,8.564174406486207e-13,3.0607756328238447e-13,3.3094995187572225e-13,3.731113281371651e-09,9.46838921838404e-07,0
2207,14:09:30,1.0988918185271067e-10,6.203746055384924e-12,2.674040533357862e-12,2.4758154487515224e-12,2.157623331054906e-12,6.023122608719806e-09,9.154662784916955e-07,0
2208,14:10:00,1.792567936948219e-10,6.752360195019116e-12,3.6000022983289555e-12,3.9543229264030414e-12,2.0241866611827865e-12,5.541943930066319e-09,8.903074559080729e-07,0
2209,14:10:30,1.2104593766036753e-10,6.890344351938745e-12,4.18262688216433e-12,5.740215170493627e-12,4.772852328393738e-12,5.377390280930705e-09,9.03478499603148e-07,0
2210,14:11:00,1.1388769205279346e-10,8.644086110385885e-12,5.959396940170437e-12,5.788225151225859e-12,4.783469442395607e-12,8.104753381289449e-09,9.178150240729674e-07,0
