index,start_time,eeg_delta_power,eeg_theta_power,eeg_alpha_power,eeg_beta_power,eeg_spindle_power,eog_var,emg_rms,label
1,01:24:30,9.972167311439229e-12,3.867955643827663e-12,4.759803698928797e-12,7.793983689709161e-12,4.318792947139254e-12,7.346171352340523e-09,3.402267867577471e-06,0
2,01:25:00,1.3298854779735771e-11,7.0859552995793895e-12,4.552790042054058e-12,5.1859987096388755e-12,4.0693565699011565e-12,8.696144232001752e-09,3.392770357255441e-06,0
3,01:25:30,4.4722234897986755e-11,8.536659261107763e-12,4.5433570488740105e-12,7.267441058648652e-12,4.763301232403404e-12,6.090651846353447e-09,3.3912497825246105e-06,0
4,01:26:00,1.585734277915825e-11,5.408900199304172e-12,5.199287681950271e-12,5.609425953036365e-12,4.9997274966933616e-12,8.522811515044074e-09,3.386847394514297e-06,0
5,01:26:30,1.4279315878078325e-11,5.930876272229368e-12,4.3685521357763075e-12,6.6925213011695395e-12,5.453459654810987e-12,7.172632051612356e-09,3.4060169895044714e-06,0
6,01:27:00,3.34434372494205e-11,6.952107887902793e-12,4.3546563151172405e-12,6.776664276513867e-12,5.4419866601159334e-12,5.505436827265992e-09,3.3597156390584845e-06,0
7,01:27:30,1.5035392817608675e-11,6.654143512305261e-12,4.930565762251124e-12,8.05810178147929e-12,6.267558992461824e-12,7.765194209028724e-09,3.3510011054566374e-06,0
8,01:28:00,1.460342953975379e-11,9.192816917567786e-12,6.8230317848470214e-12,9.173059359352619e-12,7.04716905921573e-12,5.632363174685991e-09,3.3869613165676173e-06,0
9,01:28:30,2.820309452583045e-11,6.891569095553105e-12,5.55812070353168e-12,7.696224646271932e-12,4.030747236011001e-12,5.975599311156428e-09,3.404144745198274e-06,0
10,01:29:00,1.797397569566821e-11,5.868272682975251e-12,4.841235253250047e-12,8.31807579577051e-12,4.6520760564162084e-12,6.899058833226605e-09,3.4093360941329426e-06,0
11,01:29:30,1.3310082539911933e-11,6.370174619115159e-12,4.2572598391363025e-12,6.3022277083423735e-12,4.152054370899651e-12,6.7605883969907e-09,3.4728476409057247e-06,0
12,01:30:00,5.1742235197275104e-11,8.837942131316042e-12,6.614891138126021e-12,9.978755706286445e-12,4.5710157030062e-12,5.263640864989822e-09,3.4342258873786577e-06,0
13,01:30:30,1.910526576402514e-11,6.278710466295095e-12,5.161967606914523e-12,8.596745540730128e-12,4.830625332760191e-12,6.364088758312815e-09,3.4612195183147882e-06,0
14,01:31:00,1.1016489612920295e-11,6.496249341303655e-12,5.073600017249377e-12,7.630354504296285e-12,4.003027891610013e-12,6.1083569515962746e-09,3.395971995955273e-06,0
15,01:31:30,4.074219685997348e-11,5.9041977373616336e-12,4.862550436950927e-12,9.623733375692407e-12,7.105489253591181e-12,6.858216514774018e-09,3.4283286066017463e-06,0
16,01:32:00,1.7538211855540157e-11,5.409885546861883e-12,4.018104142180228e-12,6.2319456763129895e-12,2.976377715360166e-12,5.580742725062069e-09,3.3599037530626688e-06,0
17,01:32:30,3.1952392285524486e-11,1.0295787830059725e-11,4.60911720957948e-12,6.840365834998213e-12,4.0973761726697965e-12,5.746886783884733e-09,3.4417898301973637e-06,0
18,01:33:00,1.6224402611570898e-11,7.629158197352175e-12,6.921172391455144e-12,1.1335163775264584e-11,1.168173978146869e-11,7.196298215589065e-09,3.3657666322657614e-06,0
19,01:33:30,1.4730233397040874e-11,5.883267705596841e-12,5.923338348838434e-12,9.028609310924977e-12,4.327225329592616e-12,6.287843454675721e-09,3.399509222279807e-06,0
20,01:34:00,1.3452773273068506e-11,6.467269447619628e-12,6.307167982985188e-12,9.080798209776006e-12,5.6985003478988124e-12,5.084678749917302e-09,3.4033845360707485e-06,0
21,01:34:30,1.7036358490043978e-11,6.467573973248464e-12,6.5892642209522104e-12,1.0399663907698666e-11,5.231672264753028e-12,5.206376609628349e-09,3.452392795106092e-06,0
22,01:35:00,1.7543205654949583e-11,9.121508238299769e-12,7.49870792347088e-12,1.0205774562477889e-11,6.136502052609416e-12,5.87181282856533e-09,3.4500938605929463e-06,0
23,01:35:30,4.7032012491965485e-11,1.251520634319323e-11,8.53925640778193e-12,1.4600420162278897e-11,1.0041671314711601e-11,3.9542750696917436e-09,3.4239200368456084e-06,0
24,01:36:00,1.5605349981204908e-11,1.0669410549988569e-11,9.777319080433334e-12,1.3484454425305551e-11,9.269106798492026e-12,5.1823665031745354e-09,3.4607443658038805e-06,0
25,01:36:30,1.249717672445432e-11,6.504928629026201e-12,4.681993845157639e-12,8.211834892465189e-12,4.5863390111956136e-12,5.3456495898573565e-09,3.3951221103698458e-06,0
26,01:37:00,2.8108501100715325e-11,8.033259328957194e-12,5.623618819157897e-12,7.810225625517043e-12,5.5766893012448084e-12,4.215009512739918e-09,3.4109251826020824e-06,0
27,01:37:30,1.6468581303952024e-11,7.36508355044888e-12,6.566398584066298e-12,7.360268292346645e-12,5.899933804090476e-12,4.83802178345791e-09,3.3928348628278303e-06,0
28,01:38:00,2.475783626286084e-11,6.628337952211906e-12,5.837233050811852e-12,6.328722183297802e-12,4.701878909131189e-12,4.081499385090054e-09,3.420849036665852e-06,0
29,01:38:30,1.1312414881524329e-11,5.853585159720927e-12,6.870858857794248e-12,9.070640275989241e-12,5.589561070924935e-12,4.053952951681084e-09,3.354232266054915e-06,0
30,01:39:00,1.2602062020457068e-11,8.670150962456153e-12,8.287344340682106e-12,1.0460373833939968e-11,8.416175113214558e-12,4.637569207271463e-09,3.393781092030156e-06,0
31,01:39:30,1.5412803376930464e-11,7.568252854021874e-12,5.7967269787520084e-12,9.08314654614884e-12,9.649037822767638e-12,4.376585017084331e-09,3.465465766111647e-06,0
32,01:40:00,1.830424631688212e-11,6.291802666858496e-12,7.2466008648907324e-12,8.277827746229451e-12,4.981983778352088e-12,4.701369521189926e-09,3.4350297507029415e-06,0
33,01:40:30,1.25381959499675e-11,6.163501018577806e-12,5.3636873177520914e-12,9.632699654222491e-12,7.282813164292177e-12,5.23040198009779e-09,3.4212631724065025e-06,0
34,01:41:00,3.2345732539133384e-11,8.640898853262134e-12,7.54610299653603e-12,9.127882119830728e-12,7.813857575544322e-12,3.764681673720831e-09,3.405681314494172e-06,0
35,01:41:30,1.310550969615569e-11,9.496048015513302e-12,5.842302868533927e-12,1.25177775033116e-11,8.717138228449768e-12,4.7204496983626585e-09,3.4248687576687826e-06,0
36,01:42:00,1.0737786201435103e-11,5.72868511053789e-12,7.064403194339228e-12,1.0378886180982367e-11,6.493676653017104e-12,5.278042353292749e-09,3.3731864811238423e-06,0
37,01:42:30,1.2638505226439876e-11,7.54974718967568e-12,7.913786255021605e-12,1.0264502986762963e-11,7.353504672807847e-12,4.165597617741281e-09,3.4258771304300276e-06,0
38,01:43:00,1.3715851014704127e-11,5.4833799452791385e-12,5.654124071475378e-12,9.86760530715129e-12,8.715020909587597e-12,4.7172101082410194e-09,3.436577891706679e-06,0
39,01:43:30,1.6426374846811918e-11,7.555299675604935e-12,4.243758530912085e-12,1.0525616175966738e-11,9.242622984726594e-12,5.0045138145113615e-09,3.4066144828927773e-06,0
40,01:44:00,2.4896230433928633e-11,9.26592475175231e-12,7.192566258924291e-12,1.1453916133443152e-11,5.870391936206697e-12,4.222724869771783e-09,3.433059645867591e-06,0
41,01:44:30,1.5039883599369373e-11,8.661164868623733e-12,1.0147045480711002e-11,1.0258396504498015e-11,6.18089336348034e-12,4.7920707704885104e-09,3.44527753113249e-06,0
42,01:45:00,2.3000478130949595e-11,7.287330867045386e-12,6.935496808993853e-12,9.493722206178914e-12,7.1743710122337016e-12,4.0335224262398894e-09,3.489010883976425e-06,0
43,01:45:30,1.4627941372045828e-11,7.335956628414456e-12,6.773356994957347e-12,9.221236174590321e-12,5.864117117732632e-12,4.543666008033759e-09,3.4530983233609914e-06,0
44,01:46:00,3.3949026103363827e-11,1.2510604757167283e-11,1.0127455923981523e-11,1.3725491046470073e-11,8.096704251811245e-12,3.856541034635067e-09,3.51489771621115e-06,0
45,01:46:30,1.3659879722942746e-11,7.008562204393443e-12,8.28621543061265e-12,1.0533981125678317e-11,9.38949443363065e-12,3.6592599743814803e-09,3.4533669611674463e-06,0
46,01:47:00,1.2212445141384795e-10,1.114491729792582e-11,6.868406076015746e-12,1.026469551833256e-11,7.566163984625864e-12,6.006250335173831e-09,3.4880660685170787e-06,0
47,01:47:30,2.9094709448646425e-10,7.185773377093678e-12,2.0133729032211245e-12,1.8142135657193815e-12,2.054120098490441e-12,9.801749368500264e-09,2.211353076686493e-06,0
48,01:48:00,1.0748909337983627e-10,2.8142410345663483e-12,1.4221583500748378e-12,1.6558117342214345e-12,1.3087288692887738e-12,1.2016123171794663e-08,2.205940926292631e-06,0
49,01:48:30,5.070490654126097e-11,2.965247952748748e-12,1.5754379873458613e-12,1.5388530827765588e-12,1.570663995949824e-12,2.3214704452285956e-09,2.239925192059565e-06,0
50,01:49:00,2.0045017136303937e-11,2.2028094406334135e-12,1.6226712853403747e-12,1.6084687372971915e-12,1.3613006443135661e-12,2.8350214340544195e-09,2.506209379766337e-06,0
51,01:49:30,3.2121603733483166e-11,2.1127999690733483e-12,1.4272023271305737e-12,1.4970025202076021e-12,9.2494205781982e-13,3.8849301214097485e-09,2.560295550604282e-06,0
52,01:50:00,5.2319399578229837e-11,1.9179115716733013e-12,8.647553675920647e-13,1.4460200524910792e-12,1.1109725294127698e-12,2.4953254136893715e-09,2.9841930090737796e-06,0
53,01:50:30,2.2785471255411733e-11,1.7502038053927302e-12,1.0273826125041085e-12,1.3656034009272817e-12,8.792742452621359e-13,2.661241750939838e-09,2.70836537548638e-06,0
54,01:51:00,3.420541530192394e-11,1.4283529330223443e-12,1.125247048305424e-12,1.2445109494835177e-12,6.341662333048942e-13,2.563053195189101e-09,2.799089091230508e-06,0
55,01:51:30,1.665945721052961e-11,1.344815421494662e-12,8.677931775534859e-13,1.6044951654749267e-12,5.453118116263263e-13,2.2407192022998544e-09,2.895581169916692e-06,0
56,01:52:00,2.5283750340534075e-11,1.6359086124683351e-12,1.1009267966097433e-12,1.5720489281417246e-12,9.522648434783608e-13,1.024976538723985e-09,2.737207848181169e-06,0
57,01:52:30,1.1025569638297756e-11,1.0518710464960935e-12,5.858928280560652e-13,1.7406429059442051e-12,3.2989801166717306e-13,1.8602096359765385e-09,2.8298269945081786e-06,0
58,01:53:00,4.9982881034577606e-12,1.354646640651573e-12,8.382167471305548e-13,2.1391993779144813e-12,1.0052320517322185e-12,1.1783392142671382e-09,2.5922288828263047e-06,0
59,01:53:30,7.184470410538006e-12,1.4955886658377567e-12,1.4271338762111376e-12,2.407564131356327e-12,8.767086611882677e-13,4.6502008750176416e-10,3.189316259544314e-06,0
60,01:54:00,7.562005624539358e-12,1.277923284739572e-12,1.7302498916793516e-12,2.4417134476122277e-12,8.414086449380177e-13,2.0162531468698692e-10,3.184527015872919e-06,0
61,01:54:30,1.5338100498969043e-11,1.7237164332656954e-12,1.2851787077138375e-12,1.9484355459100466e-12,7.932412810984705e-13,2.023640958858466e-10,3.313666528759834e-06,1
62,01:55:00,2.7315715982450986e-11,1.4435463072083767e-12,1.6254213806570815e-12,1.6872786558089749e-12,1.7871657882121802e-12,2.3229294073113437e-10,3.3506858836311027e-06,1
63,01:55:30,1.976124777709627e-11,2.017842292053628e-12,1.5755201744930595e-12,1.414102060337058e-12,1.2757580509025939e-12,1.711156064233106e-10,3.360426154933532e-06,1
64,01:56:00,1.6498012948253925e-11,2.692688149493299e-12,3.1986262189646062e-12,2.3185445105758298e-12,2.3553219441252474e-12,2.153614048162106e-10,3.4539819379706933e-06,1
65,01:56:30,2.3085348347193915e-11,2.279412457319103e-12,2.18439831594335e-12,1.1995858432114577e-12,1.1005547583985157e-12,2.3256929801798707e-10,3.4570068614724114e-06,1
66,01:57:00,3.1639244286284486e-11,3.4085025997635493e-12,2.2180122330018644e-12,7.649396994684346e-13,1.1213969961462806e-12,1.3135479978672766e-10,3.4426327934437992e-06,1
67,01:57:30,3.712849993211629e-11,3.887145651474104e-12,2.040456057778123e-12,8.268347816883672e-13,7.040963156897953e-13,1.314795719394514e-10,3.3727655044357645e-06,1
68,01:58:00,2.92724357099726e-11,3.3668757239513105e-12,2.8308505063234263e-12,1.1047374176180636e-12,2.148138944173921e-12,1.1356630417446875e-10,3.4056766414121545e-06,1
69,01:58:30,3.2710311961310625e-11,3.557509115014365e-12,1.7222808480920357e-12,1.107274654065611e-12,2.6107175126669784e-12,1.0948666429981968e-10,3.4199205182149437e-06,1
70,01:59:00,1.888227967646942e-11,3.1326018050311722e-12,1.8302594640946814e-12,1.1204442339785359e-12,1.3258700772700174e-12,1.0509264365827327e-10,3.363768872561429e-06,1
71,01:59:30,2.078438700877235e-11,3.8139242559788594e-12,1.6102377646540627e-12,7.894026039241713e-13,1.195188795663491e-12,1.2046957583535977e-10,3.4070742523715312e-06,1
72,02:00:00,3.693491197473121e-11,3.829909847734526e-12,2.136498370458618e-12,9.93438896312514e-13,1.8168079594203923e-12,1.4837238714984944e-10,3.3764546914885185e-06,1
73,02:00:30,3.0427627431652744e-11,3.782625731985289e-12,3.4828163377084727e-12,1.3899942571093373e-12,2.5901456795336814e-12,2.0205208498299541e-10,3.3638486124651245e-06,1
74,02:01:00,3.028165582965754e-11,2.8678914226948446e-12,1.8234468799851604e-12,1.0198012249169666e-12,2.5758629941746448e-12,1.3189679413988534e-10,3.3897428109434554e-06,2
75,02:01:30,2.2376655000396742e-11,4.637610385171001e-12,2.1598150290692192e-12,7.602981683899798e-13,1.6646450422403767e-12,1.6061789409878028e-10,3.4607306484480143e-06,2
76,02:02:00,3.893369918383559e-11,3.995794717909449e-12,2.2984105928991747e-12,1.2385364948483796e-12,3.868288421840791e-12,1.2686769755196804e-10,3.4236828804115365e-06,2
77,02:02:30,2.615648970313008e-11,3.291504346732113e-12,2.407318388207949e-12,8.824770670482249e-13,2.0199788617766776e-12,1.7437039735932912e-10,3.4754656796225435e-06,2
78,02:03:00,3.031838035117133e-11,5.670733338030469e-12,3.2399015170122844e-12,6.647631707287464e-13,1.6667693164332135e-12,1.2326210385575637e-10,3.424500104061121e-06,2
79,02:03:30,4.197164023438537e-11,6.056417092673913e-12,2.1191285888554684e-12,9.768482062843821e-13,3.1075798697904564e-12,1.545069974277016e-10,3.448937016440597e-06,2
80,02:04:00,4.019499047940546e-11,5.412711727534685e-12,2.61512609933887e-12,1.0559594232040075e-12,2.7201412404666256e-12,1.5475417982067e-10,3.3995760777206763e-06,2
81,02:04:30,3.782737149912399e-11,3.5650107304914832e-12,3.662819117739739e-12,1.128320135493454e-12,2.1861960217373374e-12,1.4584757950634602e-10,3.408427008387326e-06,2
82,02:05:00,3.05830015014375e-11,5.519126759926868e-12,2.40491072776313e-12,6.822258621097776e-13,1.3732497333411405e-12,1.4659308809658733e-10,3.384175535738845e-06,2
83,02:05:30,6.369481293909414e-11,5.790445396158414e-12,2.5717847816782933e-12,9.835750460651193e-13,2.3431888293601037e-12,1.5792189965710204e-10,3.40486553133015e-06,2
84,02:06:00,3.728673186249891e-11,4.89097350292363e-12,2.1123506137579898e-12,9.315497428640258e-13,2.809586853470914e-12,2.127850439412447e-10,3.364285859412852e-06,2
85,02:06:30,4.987086110349166e-11,5.247192805104099e-12,2.3028944351685343e-12,8.269519583466459e-13,2.0429391276579774e-12,1.761707093884053e-10,3.4017849117964826e-06,2
86,02:07:00,5.153114369171086e-11,4.266008553466376e-12,3.0995957497750766e-12,7.192791960161909e-13,1.1849541100343592e-12,1.854376678702829e-10,3.4538642035273754e-06,2
87,02:07:30,8.724132585440244e-11,7.600667882254812e-12,2.355335546539945e-12,9.187359149602525e-13,2.4254113026560986e-12,1.8959257997561004e-10,3.446497797391526e-06,2
88,02:08:00,9.664580613563055e-11,7.743801420633558e-12,3.2544570279397984e-12,9.653919689162238e-13,1.895644270910276e-12,2.8348324861743454e-10,3.4848884223844856e-06,2
89,02:08:30,4.805957257812899e-11,4.846104568896141e-12,2.061954426790949e-12,6.606032631927987e-13,1.4081776178158372e-12,1.7639400036110767e-10,3.4312733035684577e-06,2
90,02:09:00,4.279186102793947e-11,6.507431911785968e-12,2.0187167075528507e-12,8.236443868411247e-13,1.8864168764913272e-12,2.0393809159942066e-10,3.4416057850613408e-06,2
91,02:09:30,4.8822973362208234e-11,4.742720333704007e-12,2.241277138455851e-12,7.78728896472051e-13,1.5619631428074494e-12,1.9393282489983168e-10,3.3624346915170674e-06,2
92,02:10:00,5.560517196929762e-11,5.49508311558576e-12,2.5443694354072767e-12,7.16454256363793e-13,2.2138493783414934e-12,2.076264346042367e-10,3.4158670153105977e-06,2
93,02:10:30,5.532984049120885e-11,4.090717373802409e-12,2.199124818987966e-12,5.476316420952775e-13,1.1200360723003526e-12,1.724353792938528e-10,3.362695927821822e-06,2
94,02:11:00,5.541155077250026e-11,5.700483702701676e-12,2.4848895283361063e-12,7.307491709793349e-13,2.444739634800747e-12,1.77007119105917e-10,3.4173156355613143e-06,2
95,02:11:30,9.341407657233331e-11,4.6066947858865805e-12,1.844977155810908e-12,6.387955120409023e-13,1.4641644410668566e-12,1.6881577192024558e-10,3.3384979770088033e-06,2
96,02:12:00,6.41055984743132e-11,5.300597435437904e-12,2.1427289957244265e-12,6.296877945125204e-13,1.7034416388752354e-12,2.0034481408096747e-10,3.363395709657255e-06,2
97,02:12:30,9.541305748229224e-11,7.631152984430398e-12,2.4428575602734872e-12,5.860930015880416e-13,1.628158305596277e-12,2.4822536966214737e-10,3.343982870228626e-06,2
98,02:13:00,8.468965302382007e-11,6.445086129187555e-12,3.1219728839582254e-12,7.330396192505254e-13,2.79036992742734e-12,2.694099221983102e-10,3.431979894120573e-06,2
99,02:13:30,9.213566318339127e-11,5.434570924788564e-12,1.9918228721880507e-12,6.095510544257247e-13,1.949142757764728e-12,3.1254591938428955e-10,3.42569117794783e-06,3
100,02:14:00,6.902840364512992e-11,5.6838338416342505e-12,2.1410305538954852e-12,6.200252140018364e-13,1.9535587189289694e-12,2.203459173099673e-10,3.362749574860115e-06,3
101,02:14:30,8.038786614289199e-11,4.9121996747217e-12,2.0301993037587644e-12,5.449993531098883e-13,1.7086985590479426e-12,2.875096653629758e-10,3.3265689183632824e-06,2
102,02:15:00,9.227142145885762e-11,6.792565243057262e-12,1.922287508244807e-12,5.257509243943896e-13,9.831836595358394e-13,2.650854097695468e-10,3.330549400269049e-06,2
103,02:15:30,1.2122790403056002e-10,5.619354535085196e-12,2.0131158779784773e-12,4.325338464483005e-13,8.545448173130803e-13,2.485068721384681e-10,3.3642048054495944e-06,3
104,02:16:00,7.683676206767594e-11,5.758908095657744e-12,2.765153277837136e-12,6.688070993864791e-13,2.251091915737686e-12,3.3150973117579817e-10,3.3229914304713953e-06,3
105,02:16:30,5.5096579450672114e-11,4.634488333825033e-12,1.6821707310802685e-12,4.872985900580523e-13,1.5296079882506135e-12,2.63434688562155e-10,3.313216291287831e-06,2
106,02:17:00,5.871234857302018e-11,5.747329256001066e-12,2.2009647818884228e-12,6.887728625988826e-13,1.9460951333702176e-12,1.8112745896267672e-10,3.3343992193397424e-06,2
107,02:17:30,8.514637901449397e-11,7.585169108367513e-12,2.286536173659163e-12,5.763401779491395e-13,1.7837200356621372e-12,2.5902196147049546e-10,3.371876868023918e-06,2
108,02:18:00,1.05267074530187e-10,5.200929470208838e-12,1.688860911741973e-12,5.065879227113542e-13,1.0799565444224445e-12,2.761030880471584e-10,3.3020978825642733e-06,2
109,02:18:30,9.349802663206584e-11,6.155057916307093e-12,1.7909356899404687e-12,5.032555664368695e-13,1.5402838406993344e-12,2.452002107537271e-10,3.3625831492306534e-06,2
110,02:19:00,1.653647125046419e-10,5.708754964282253e-12,1.8859419002696078e-12,4.1017252360713887e-13,1.0018068917506483e-12,2.435035473336485e-10,3.2655133351324142e-06,2
111,02:19:30,8.63250182043722e-11,6.306050467009208e-12,2.0827074994978552e-12,4.775881579119625e-13,1.3321334922040579e-12,2.4404140968236605e-10,3.272548376406767e-06,2
112,02:20:00,6.376551242766231e-11,4.829675933538056e-12,2.159439944974286e-12,4.943245529833947e-13,1.4674007468340288e-12,2.5326549169197366e-10,3.2916332824546214e-06,2
113,02:20:30,1.091563439459148e-10,7.500255309930811e-12,2.2189935557499005e-12,4.936561119757749e-13,1.5366508044501533e-12,2.3793026514174646e-10,3.2864706605848124e-06,3
114,02:21:00,8.404788533536828e-11,5.441609642501292e-12,2.2683826574893716e-12,5.933215162098878e-13,2.0535934631789213e-12,3.862308576605229e-10,3.2687028742460116e-06,2
115,02:21:30,1.5110566619695623e-10,7.261555038758033e-12,2.617492235833962e-12,5.650345775069003e-13,1.961351173829338e-12,3.965892490007565e-10,3.222133978855973e-06,3
116,02:22:00,9.292580976456785e-11,4.976173519050531e-12,1.850705118521458e-12,4.64852823636209e-13,1.3518916350127377e-12,2.562266231195022e-10,3.2232877640489786e-06,2
117,02:22:30,1.083265920001606e-10,6.278663510231321e-12,1.874486349639409e-12,4.458640388545335e-13,1.1974521675067964e-12,2.2081518729278033e-10,3.23332271505567e-06,2
118,02:23:00,8.920742894936276e-11,6.400025890481156e-12,1.718383592263185e-12,4.3668184918026676e-13,1.0419928274379918e-12,4.0418111851497626e-10,3.2958166229720328e-06,2
119,02:23:30,1.1526814963685213e-10,7.525750165012832e-12,2.2097332507997366e-12,5.762334212539185e-13,1.7075174020227368e-12,3.167126691566888e-10,3.3514940523455103e-06,3
120,02:24:00,9.822026632504817e-11,4.639420997263793e-12,1.547193054294047e-12,4.3793758061270956e-13,1.1712776713589986e-12,4.420141476505857e-10,3.2750795893389285e-06,2
121,02:24:30,1.2631526883489143e-10,4.668223806658604e-12,1.6913512548724264e-12,4.3788141215093817e-13,1.1481093217665543e-12,2.3906261763283045e-10,3.09007278363781e-06,2
122,02:25:00,8.460165076677869e-11,5.869918836519244e-12,2.0544566025652722e-12,4.2864444507066723e-13,1.1726583231610464e-12,3.1540478504432254e-10,3.068948856688537e-06,3
123,02:25:30,2.015829549588615e-10,6.164698048754302e-12,2.15710406192085e-12,6.073686369135848e-13,2.231919279519841e-12,3.8266935951692924e-10,3.059422357346307e-06,3
124,02:26:00,1.4211152540423772e-10,7.00446366004925e-12,2.518654238884826e-12,4.4473270228869895e-13,1.4640638121648716e-12,4.508966996839875e-10,2.9306749364179115e-06,3
125,02:26:30,8.189199079545321e-11,7.1018476553986625e-12,1.5459987217964884e-12,4.0983050291056985e-13,9.61744944234775e-13,4.760709150173174e-10,2.8275607299901235e-06,2
126,02:27:00,8.654645492705759e-11,6.098306353946816e-12,2.1419914994397417e-12,4.4244238454220473e-13,1.3767410730983011e-12,3.0818834790389325e-10,2.9278157318019434e-06,2
127,02:27:30,9.122574222774146e-11,7.617970351587143e-12,2.288069650445088e-12,6.798688276452693e-13,2.2449358967754112e-12,3.3003258136844564e-10,2.901557835534562e-06,3
128,02:28:00,1.0988147600059055e-10,5.221965750795165e-12,1.8526740464709336e-12,4.382436140360514e-13,1.0359706760217834e-12,2.887236489621117e-10,2.885369653336621e-06,3
129,02:28:30,1.3932271698279056e-10,6.719769774519214e-12,1.5629065066244035e-12,3.465658088845419e-13,8.965298002900947e-13,3.6981161843503236e-10,2.7709440627284513e-06,3
130,02:29:00,1.4424695026981034e-10,6.4416918370483146e-12,1.870574615466571e-12,5.358172139292698e-13,1.7865303095023868e-12,3.998443557145271e-10,2.6613642728930214e-06,3
131,02:29:30,1.6093835432526588e-10,9.418506679703769e-12,2.353118015654488e-12,4.160419873835127e-13,8.757291655135451e-13,4.726469491895533e-10,2.6790675748251615e-06,3
132,02:30:00,8.915068581691527e-11,5.16035727649664e-12,1.645597589223033e-12,4.4940782028522384e-13,1.268348164943778e-12,2.9657891665095464e-10,2.500203471723011e-06,3
133,02:30:30,9.391019542297502e-11,4.8630044159511125e-12,1.5452174995729671e-12,3.6445954642728166e-13,8.898307674709334e-13,3.98290130887143e-10,2.4799670773153405e-06,2
134,02:31:00,1.2684459746271251e-10,5.167415073908699e-12,1.3884399007207603e-12,5.046081116823853e-13,1.7815943219503769e-12,3.6848302490021207e-10,2.489407655890639e-06,3
135,02:31:30,1.4887699314898699e-10,4.304697088230235e-12,2.5103709988349437e-12,4.3153137354344037e-13,1.0506154528118636e-12,4.2286611996117244e-10,2.533735882836952e-06,3
136,02:32:00,1.0984570388921974e-10,5.8601320732690914e-12,1.676449341214535e-12,3.839075649372341e-13,9.96535387177847e-13,3.6269702229303845e-10,2.467285354933835e-06,3
137,02:32:30,1.3971727632669096e-10,6.612342712856605e-12,1.6299995589428246e-12,4.4490412198296844e-13,1.4344641062011855e-12,5.151293483731486e-10,2.5215078260121157e-06,3
138,02:33:00,1.2033297610550391e-10,5.898942549519961e-12,1.3009307612247626e-12,4.472151328171568e-13,1.461789661195166e-12,3.726827395850012e-10,2.573753844072026e-06,3
139,02:33:30,1.1724331913362693e-10,5.013069346257642e-12,1.6999730464969447e-12,3.5788274807652887e-13,8.994551012902569e-13,2.7928890480495413e-10,2.5925872895163415e-06,3
140,02:34:00,1.0818634577489769e-10,5.725411845186976e-12,1.5453976347230082e-12,4.1460301283155805e-13,9.972184117497778e-13,3.0353634814927105e-10,2.55120169162453e-06,3
141,02:34:30,1.1333460619554556e-10,6.664492878014063e-12,1.8078087580946532e-12,5.246260666204013e-13,1.4211086677856456e-12,3.751170935825294e-10,2.664383121264807e-06,3
142,02:35:00,1.246788896650399e-10,5.1215182170033194e-12,1.4877669853872693e-12,3.930222600785266e-13,1.1173782837564936e-12,3.2586278724260327e-10,2.7482375919833615e-06,3
143,02:35:30,1.1078257748524316e-10,5.670320478571105e-12,2.6469002600349845e-12,3.9562905081779795e-13,9.760637744773038e-13,4.977971244677201e-10,2.678623792712376e-06,3
144,02:36:00,1.3065454370454724e-10,5.8689008691945785e-12,2.244217087808584e-12,4.719183475530736e-13,1.693187369929853e-12,3.886304009081685e-10,2.6387505114274435e-06,3
145,02:36:30,1.584354007148043e-10,5.651691207677245e-12,1.5154370469795277e-12,3.740536964390603e-13,8.6519408246558e-13,4.2292830512336825e-10,2.5703793735322887e-06,3
146,02:37:00,1.1152169217023884e-10,6.8116930393842526e-12,2.1082046708740495e-12,3.8742503175486735e-13,1.2023720009511973e-12,4.3932376751798696e-10,2.5871187988472726e-06,3
147,02:37:30,1.3070769986898924e-10,4.418459435723888e-12,1.9608036726482257e-12,5.337282445216013e-13,1.4260896012555911e-12,3.5628654694861835e-10,2.534711022438051e-06,3
148,02:38:00,9.480746437372888e-11,5.7858750574691125e-12,1.8275368546101743e-12,4.189325208631595e-13,1.1578327859044125e-12,3.1094833548391893e-10,1.3523089400029964e-06,3
149,02:38:30,1.0144176616862707e-10,6.9160736989953986e-12,1.5942587871038005e-12,4.625138940945341e-13,1.2548456675436915e-12,3.622171221845892e-10,1.606439733060979e-06,3
150,02:39:00,8.839137555460042e-11,5.5784460130333175e-12,1.794446842394851e-12,4.2687908105477944e-13,1.2311628783900107e-12,3.838058616749861e-10,1.5825051318567278e-06,3
151,02:39:30,7.006853687005023e-11,5.270632190270229e-12,1.3520755963852105e-12,5.122018945190075e-13,1.429987709765942e-12,3.4654779342722666e-10,1.5530606869920817e-06,2
152,02:40:00,1.595437169754426e-10,5.33357651218652e-12,1.7258589894998405e-12,5.370182329778183e-13,1.255723464754045e-12,5.672623658852122e-10,1.6019504183892114e-06,3
153,02:40:30,1.2998196580731366e-10,7.348363469291086e-12,2.045962710013123e-12,3.932609296486179e-13,9.15876930261558e-13,3.788340209402743e-10,1.586066548606072e-06,3
154,02:41:00,1.1089966146663505e-10,5.412159998758076e-12,2.0217805838375127e-12,3.8608332154116674e-13,9.53090864661883e-13,4.0360035104092785e-10,1.5945340671628511e-06,3
155,02:41:30,2.0210091453777868e-10,5.5117317834268025e-12,1.594505878644552e-12,3.97762375552831e-13,1.2384426998447094e-12,5.869851252836872e-10,1.6375590878620522e-06,3
156,02:42:00,1.1211929479983916e-10,7.052610436323809e-12,1.7711767673766347e-12,3.0150876273743495e-13,6.401051411374704e-13,4.61258858353341e-10,1.5520702338489774e-06,3
157,02:42:30,1.5919974377811396e-10,5.308802418538627e-12,1.94798690945083e-12,5.621782415340353e-13,1.6709217665830036e-12,5.165659206479545e-10,1.8313447219449416e-06,3
158,02:43:00,1.2459169772381188e-10,6.151280179154047e-12,1.849414303003844e-12,3.791519595800391e-13,9.784125293365977e-13,4.526888760945734e-10,1.7141500306997983e-06,3
159,02:43:30,1.0683219938469256e-10,6.190253962822648e-12,1.420758608599693e-12,3.4272162534124336e-13,8.914947611846026e-13,4.799420748098124e-10,1.7719588135369271e-06,3
160,02:44:00,1.6605163786998873e-10,8.32633580525307e-12,1.7566685453053417e-12,3.753658704829965e-13,1.041209707347726e-12,5.182948477116101e-10,1.7510290169834288e-06,3
161,02:44:30,1.1995573790458053e-10,6.9349535314372945e-12,1.7263725130652728e-12,3.417245922594576e-13,1.017932029607289e-12,4.870346393528236e-10,1.8020654008240901e-06,3
162,02:45:00,1.6536445672804893e-10,5.39483127717047e-12,1.3086871497364332e-12,4.200728636691734e-13,1.035496026320998e-12,4.894066053546461e-10,1.989821569765847e-06,3
163,02:45:30,1.2515188545982748e-10,7.17785131914517e-12,1.350256951824445e-12,3.7195462267640906e-13,7.830137405732509e-13,4.795780386997212e-10,1.9568658901348858e-06,3
164,02:46:00,9.82025556269895e-11,4.814027061164268e-12,1.6048225091130638e-12,4.224201947640751e-13,1.2723745028351748e-12,5.324620828240252e-10,2.0220849038396134e-06,3
165,02:46:30,1.3061236391170738e-10,7.1425255573442625e-12,1.217370678026829e-12,3.2583281815702005e-13,1.0993523729330925e-12,4.518862545051428e-10,2.0994490360648346e-06,3
166,02:47:00,1.1540725993979085e-10,5.4039354243598445e-12,1.7504402608436111e-12,3.121516043551166e-13,6.613825598238694e-13,6.093366687311635e-10,2.201247144935719e-06,3
167,02:47:30,1.8165667811295666e-10,5.648944664431438e-12,1.3031969207800086e-12,3.49612118552395e-13,1.0326912310757697e-12,5.231978171814852e-10,2.0112053952053412e-06,3
168,02:48:00,1.1851581870572472e-10,5.286556943753247e-12,1.8059504138063886e-12,3.668198662389569e-13,1.0269686274808498e-12,5.039828150644345e-10,2.0401070940115945e-06,3
169,02:48:30,1.3461994546454314e-10,7.45253525620218e-12,1.7201546708889503e-12,6.483615224780443e-13,2.507017639749935e-12,4.0322628864446623e-10,2.181986649920094e-06,3
170,02:49:00,1.0288771633484719e-10,4.867065379288353e-12,2.1858292831527553e-12,3.5953812278107254e-13,1.0190338434374267e-12,3.977945911657654e-10,2.231721596947001e-06,3
171,02:49:30,1.1596495635009936e-10,5.319603975698756e-12,1.268297521754466e-12,3.1356380774714723e-13,9.00181794271439e-13,3.817798807661968e-10,2.077207329563855e-06,3
172,02:50:00,1.0087698327328392e-10,5.2173049373538455e-12,1.6265208718283017e-12,4.197339983659846e-13,1.21538556779069e-12,4.40480757208646e-10,2.1712105976605166e-06,3
173,02:50:30,1.1000815047168108e-10,6.685899423435432e-12,1.9253565476453337e-12,4.781374481736139e-13,1.2032877061508962e-12,3.728333453739612e-10,2.139268002659498e-06,3
174,02:51:00,1.7162719115101102e-10,8.457950575341926e-12,2.1319843724668822e-12,3.279670701170174e-13,9.89213097515939e-13,1.0071843451760239e-09,2.242398433545128e-06,3
175,02:51:30,1.290726236616281e-10,5.69151949365295e-12,1.944069843701355e-12,2.989860734665386e-13,6.008151727786337e-13,5.391327484569645e-10,2.187134726783712e-06,3
176,02:52:00,1.4770538702945136e-10,4.508288554747036e-12,1.5632950673980533e-12,4.2518938143716645e-13,1.197486488088131e-12,3.0416964842844414e-10,2.212534062127893e-06,3
177,02:52:30,1.6235683910093298e-10,6.9010656550229086e-12,1.8282945568483966e-12,4.0382625887056616e-13,1.3986859315444087e-12,4.242030091511963e-10,2.13953222953558e-06,3
178,02:53:00,9.578107301190164e-11,5.043357980142249e-12,1.498985489945317e-12,4.0798522356806583e-13,1.0516173633088271e-12,4.1106757377670215e-10,2.1954132799680987e-06,3
179,02:53:30,1.4120637728242205e-10,5.053727602700195e-12,1.7114519577939575e-12,3.2367705065838276e-13,7.031578200954731e-13,5.098406990387408e-10,2.329955688348151e-06,3
180,02:54:00,1.3835949454999053e-10,4.724760905856684e-12,1.7175921575989845e-12,2.908197786829095e-13,5.486480967798997e-13,5.095085221162217e-10,2.222778069405128e-06,3
181,02:54:30,9.192897033139858e-11,3.856963348479687e-12,1.3321714013757528e-12,3.014461817237425e-13,6.080701231530691e-13,8.032906177459545e-10,2.2416017649773366e-06,3
182,02:55:00,1.3983991111059217e-10,6.257163581418819e-12,1.2844399228587471e-12,2.971092984657594e-13,8.124970772340062e-13,6.17678538968368e-10,2.1638100679318757e-06,3
183,02:55:30,1.4883534630211907e-10,7.980288405743296e-12,1.499879793103501e-12,2.8278073281219723e-13,6.856889505186482e-13,5.653443168524309e-10,2.2247482363509547e-06,3
184,02:56:00,1.329026703676597e-10,9.409596957511016e-12,8.615741795099421e-12,5.224156046666685e-12,3.344071132517903e-12,7.59741862479005e-10,2.4093598195685054e-06,3
185,02:56:30,1.260618704774312e-10,1.3788079066608576e-11,1.0900219883789698e-11,1.2548155852976431e-11,9.910812061814761e-12,2.26605198163843e-09,3.488434493243632e-06,2
186,02:57:00,5.771164068416412e-11,4.569945590920319e-12,2.1249766249089958e-12,5.914668954444047e-13,7.821076036989694e-13,1.873648846258283e-10,3.4068599288646435e-06,2
187,02:57:30,3.371272753812631e-11,7.30684414424233e-12,2.574306398757044e-12,6.737736316956468e-13,1.8488649101767876e-12,2.9213899556529824e-10,3.5021023586263285e-06,2
188,02:58:00,2.956139782825692e-11,4.6061778645969506e-12,1.609054711174145e-12,3.7061127841761757e-13,6.367450531305245e-13,1.5039965872594016e-10,3.436961712244118e-06,2
189,02:58:30,9.753334676783276e-11,6.049843706854297e-12,1.9487227636556874e-12,4.874061928268146e-13,9.491068200493725e-13,2.5554621403220737e-10,3.474563940792948e-06,2
190,02:59:00,1.1014285327694204e-10,5.618669399245723e-12,1.7690716259561592e-12,4.595742055743442e-13,9.403712095753275e-13,2.5208085022097436e-10,3.3860396260572533e-06,2
191,02:59:30,1.0445132618109911e-10,7.089029412197801e-12,3.5471977199106695e-12,8.93778002677382e-13,2.15476053701816e-12,4.92596728845715e-10,3.455651191497644e-06,2
192,03:00:00,7.779857864691205e-11,7.43798557439852e-12,4.1393273412125364e-12,1.3757479550926054e-12,3.3417005726203655e-12,3.5929253670797616e-10,3.2607229084934577e-06,2
193,03:00:30,7.376366301046612e-11,6.077024037866867e-12,3.1982839275073834e-12,1.3829493406240187e-12,2.738815527359631e-12,2.932779880719228e-10,3.4424897696550793e-06,2
194,03:01:00,4.1127462502923544e-11,6.038350203327953e-12,2.3488189467787106e-12,1.5034387410383715e-12,1.4462961615045178e-12,4.1161215848994865e-10,3.3794543112955234e-06,2
195,03:01:30,3.744057247707804e-11,2.699334709753269e-12,1.4031026376833706e-12,4.3800686145539996e-13,7.463597089242311e-13,1.5761657124669745e-10,3.2964533667099044e-06,2
196,03:02:00,2.7173793213469797e-11,5.994436462333432e-12,3.3111394057721516e-12,1.048281906540798e-12,2.2144256106202843e-12,1.5718985505790438e-10,3.0588863789940376e-06,2
197,03:02:30,6.397370206363828e-11,3.775208499820551e-12,2.874627291779821e-12,4.630637013782293e-13,1.0731499677449773e-12,1.9310532840923733e-10,2.7953531060200237e-06,2
198,03:03:00,2.989620455944757e-11,6.287533603347183e-12,3.0452451260964196e-12,1.0601879353972978e-12,2.240396265601412e-12,1.2016075083755618e-10,2.725366031069333e-06,2
199,03:03:30,3.1565943280838e-11,3.296844532376693e-12,1.7992576824346073e-12,4.3265920760637157e-13,1.0374771357125658e-12,1.457631635675505e-10,2.6140276801238704e-06,2
200,03:04:00,5.933017858959784e-11,4.2153996644057734e-12,2.1110142768021813e-12,6.811523651684684e-13,1.8337187886334564e-12,1.253059839249509e-10,2.7940637575129803e-06,2
201,03:04:30,5.4450705564841234e-11,3.8135821205407024e-12,1.2846302897462178e-12,5.399680262984566e-13,1.1760735804085072e-12,1.9799229137447877e-10,2.5339758959497845e-06,2
202,03:05:00,3.235706512406528e-11,4.420056368731504e-12,1.2207101952697362e-12,5.414834322677507e-13,1.2767705780766033e-12,1.4134656374280788e-10,2.632344853186876e-06,2
203,03:05:30,6.35273622671037e-11,7.33182025496445e-12,1.7217400617251555e-12,5.892087151531384e-13,1.519410729920013e-12,1.9871138415038345e-10,2.74102776246099e-06,2
204,03:06:00,7.939386073696916e-11,1.0091501296961011e-11,5.913298855875538e-12,5.586296755142919e-12,5.777162636238192e-12,2.99811353355439e-10,2.71758048960388e-06,1
205,03:06:30,6.31190389610218e-11,6.167835477989715e-12,2.2689189186913105e-12,5.519440805990331e-13,1.2263866016797232e-12,1.9866138010355157e-10,2.578820530794256e-06,2
206,03:07:00,5.3733777032425216e-11,5.94519807962604e-12,1.584349897066382e-12,4.662029417565237e-13,1.0367905066417639e-12,2.2274382424848377e-10,2.6876101741356e-06,2
207,03:07:30,7.495743046117844e-11,5.2781224862616645e-12,3.055663680380231e-12,8.120765362880664e-13,2.0298639588608672e-12,1.9534511212894906e-10,2.7119713645398047e-06,2
208,03:08:00,4.7659585364655244e-11,4.489150524348833e-12,1.5957897117183756e-12,5.040656587576039e-13,1.0335289281007533e-12,1.5494349121074814e-10,2.7578593366425403e-06,2
209,03:08:30,3.3689114742379666e-11,5.787814923833058e-12,1.4489899848651958e-12,5.859813484475588e-13,1.2959349760018673e-12,1.9278249533212424e-10,2.8010770604391057e-06,2
210,03:09:00,3.2384217409647124e-11,6.479009552676533e-12,1.9219312061176145e-12,5.418430807305254e-13,8.43396384331069e-13,1.5541944432578902e-10,2.7408060110809856e-06,2
211,03:09:30,1.2537282436562534e-10,7.225366690884589e-12,2.302967374018056e-12,5.506810473693646e-13,1.6130323646336031e-12,2.47881424283179e-10,2.7145474639427133e-06,2
212,03:10:00,4.7562806555939585e-11,4.9419386267880315e-12,1.7700935410876073e-12,4.600874735995685e-13,1.2409450558929212e-12,1.7445602721452384e-10,2.55333903149014e-06,2
213,03:10:30,7.25078602152334e-11,5.322786643271988e-12,3.4851517355773735e-12,7.52369526140921e-13,1.9610486944190016e-12,2.956062175298134e-10,2.8000135633637033e-06,2
214,03:11:00,1.2240530235292724e-10,8.632427006608594e-12,4.922618676638741e-12,8.178698712891318e-13,1.2436778632018559e-12,2.054631851751423e-10,2.610684579246812e-06,2
215,03:11:30,6.292019730555075e-11,5.869611810735347e-12,3.0134312636220757e-12,7.158475095296973e-13,1.5189276135291483e-12,1.6879110960925578e-10,2.519998281115862e-06,2
216,03:12:00,6.598021689786416e-11,5.354374922609983e-12,1.7168205497052802e-12,5.832580436821545e-13,1.2164444985223963e-12,1.7580505931583044e-10,2.2737400397288016e-06,2
217,03:12:30,6.32428987848426e-11,8.610020519915243e-12,2.3238331685254853e-12,7.378521181812239e-13,1.1339016150636088e-12,2.1610437886727844e-10,2.0258490801071496e-06,2
218,03:13:00,4.5575196146868016e-11,9.775806727748194e-12,3.4859406514462186e-12,9.331954818590831e-13,1.4673782676300202e-12,1.6170930152583104e-10,1.8506581028477542e-06,2
219,03:13:30,1.5210835440473633e-11,4.981616030949156e-12,2.135762531990989e-12,1.1985855313867254e-12,1.494805780731424e-12,3.462496603168005e-10,2.1522559504187797e-06,2
220,03:14:00,1.3836251403559084e-11,4.9163250249785756e-12,2.4887697743990125e-12,1.2734806820338101e-12,1.6781300477283876e-12,1.9717843239274643e-10,2.056998014413826e-06,4
221,03:14:30,1.550454167994454e-11,6.452064743039373e-12,2.8564930972001534e-12,1.56853986265001e-12,1.7585581908743428e-12,1.7277963048826502e-10,1.907178793344183e-06,4
222,03:15:00,1.699393214766165e-11,5.5902443369193486e-12,1.7680166840480482e-12,7.909466558116228e-13,1.1611656097124053e-12,6.416976411123336e-10,1.7828557447461465e-06,4
223,03:15:30,1.0919436674860867e-11,2.6021555223080664e-12,1.413513766345508e-12,8.414868824486365e-13,6.727055960080018e-13,2.809970280784195e-10,1.911908429012103e-06,4
224,03:16:00,1.4185976585200365e-11,3.2783925135954403e-12,1.8208653245169284e-12,5.969200344012007e-13,7.251576004803375e-13,3.4811388375216784e-10,1.6035669417618448e-06,4
225,03:16:30,1.0958136216646425e-11,4.347810912394951e-12,2.0661657475813706e-12,7.083489223248605e-13,1.197933577379975e-12,1.077771078020777e-10,2.0834095799935065e-06,4
226,03:17:00,2.4686716686358844e-11,4.683063633104295e-12,2.119454632871518e-12,8.177122356175338e-13,1.2970775513520198e-12,6.290492502836569e-10,1.9549467121702263e-06,4
227,03:17:30,1.3456665233416939e-11,5.149718614359783e-12,2.184380849325669e-12,8.437045936307894e-13,1.4874631315107721e-12,1.1127808992709301e-10,2.005562822841799e-06,4
228,03:18:00,2.4875199436028537e-11,3.89254911922692e-12,1.373854460461358e-12,6.060490659926933e-13,7.255813475059757e-13,1.31794766773168e-09,1.978395125683781e-06,4
229,03:18:30,1.2484962899979458e-11,6.694404214569962e-12,3.1941987785966047e-12,1.6280274702605718e-12,1.7602111809335183e-12,1.5653203068334378e-10,2.063158386069923e-06,4
230,03:19:00,1.8691242127660534e-11,3.2266346272665425e-12,1.300736382998551e-12,4.953165335752379e-13,7.793279831174824e-13,1.9787025776203918e-09,1.4487271116549244e-06,4
231,03:19:30,1.1715418101342255e-11,2.5139695690290753e-12,1.1117115778927286e-12,4.2081239181428384e-13,6.268703179140462e-13,1.0327162015258818e-09,1.55815372579182e-06,4
232,03:20:00,1.2980505252516992e-11,2.7297097270994413e-12,1.7311706426732467e-12,8.480206276247379e-13,1.4666849070049483e-12,2.2943033372167048e-10,2.1023180746906587e-06,4
233,03:20:30,1.1687107347472518e-11,3.874524983287972e-12,2.4628630836222387e-12,1.2401214382314698e-12,1.7363505155863244e-12,1.2048749718246535e-10,1.994744972211295e-06,4
234,03:21:00,1.4051335539544883e-11,4.316401618485065e-12,1.4284669567643441e-12,5.633099946089818e-13,1.2033309759512382e-12,5.870716948861605e-10,1.4015150922007357e-06,4
235,03:21:30,1.0224767845149653e-11,2.805679988823844e-12,1.1497707626517605e-12,5.814794976380636e-13,4.317090427704638e-13,2.4529374019382465e-10,1.5374755052229656e-06,4
236,03:22:00,1.2287097353194893e-11,4.027369551867149e-12,1.4688291443939866e-12,7.881817225159431e-13,1.022637738925658e-12,1.5769141498387437e-10,1.918570898908783e-06,4
237,03:22:30,1.0530337608240282e-11,3.864755060360703e-12,1.526014730454215e-12,6.314773654158994e-13,8.421262720271608e-13,8.210592554617718e-10,1.7640084447452567e-06,4
238,03:23:00,1.4206771515919408e-11,4.238758761212635e-12,2.3024153880568565e-12,8.934021430797004e-13,1.3791226845475353e-12,2.7375323215461936e-10,1.8938853834010434e-06,4
239,03:23:30,1.1562005597961019e-11,4.11240252449082e-12,1.5128743472192889e-12,7.242540526008514e-13,1.065801025499103e-12,1.5850509909967782e-10,1.6141584376691766e-06,4
240,03:24:00,1.4853515301843355e-11,3.2106544509996458e-12,1.7621911067280236e-12,8.477599671510113e-13,1.0403951818005393e-12,1.383766421091592e-10,1.5582785171711016e-06,4
241,03:24:30,2.5495884846238445e-11,5.159703634504575e-12,3.0290228220450697e-12,1.0616534590490126e-12,1.8890665957136997e-12,1.7068417915948602e-10,2.2129572495550264e-06,4
242,03:25:00,1.4404275705789159e-11,5.135015207095472e-12,1.6997246405543632e-12,7.964284939103531e-13,6.782072165606275e-13,1.0797991971927949e-10,1.6201981629086235e-06,4
243,03:25:30,1.922316665383586e-11,4.011365564783537e-12,2.549059077345902e-12,1.844621398781733e-12,2.228873132815077e-12,1.5197012250420045e-10,2.1245634893945327e-06,4
244,03:26:00,1.768400893817432e-11,4.502844490690516e-12,2.321895038939916e-12,1.067096875340391e-12,1.4485551795789339e-12,1.0904452871994878e-10,1.4166983704916191e-06,4
245,03:26:30,2.33824594322972e-11,4.2488251389928395e-12,1.822511037056998e-12,5.705383676623523e-13,8.670905471126416e-13,1.0003452494709762e-10,1.7713063043101645e-06,4
246,03:27:00,1.6833334308964548e-11,8.06390929898565e-12,1.5920026989926055e-12,8.952445848074007e-13,1.4533501907703044e-12,1.2638942936557634e-10,1.678641561183757e-06,4
247,03:27:30,1.713480083610439e-11,4.446078496776844e-12,1.7260682520634854e-12,7.981713371696945e-13,1.139357122998696e-12,1.6772163717421703e-10,1.357050188969557e-06,4
248,03:28:00,1.2469286148644834e-11,5.717701356805569e-12,2.2437057160932438e-12,9.600925805375051e-13,1.7113091527104193e-12,1.1060610573081685e-10,1.744349037355158e-06,4
249,03:28:30,2.541438699967893e-11,4.675302681204799e-12,2.8379458326043845e-12,9.839801358935091e-13,1.2151243879476363e-12,1.1513406697902973e-10,1.7025051416306905e-06,4
250,03:29:00,1.466110724434514e-11,4.58557167580555e-12,2.046905029469505e-12,6.143836976958116e-13,7.400343156003976e-13,1.3377435107376792e-10,1.5172008362027957e-06,4
251,03:29:30,1.5127402580726288e-11,3.103395826792628e-12,2.086663804507268e-12,1.0538903134741438e-12,1.2558803882163945e-12,1.2312511226934085e-10,2.1217179234510195e-06,4
252,03:30:00,2.0564925885143867e-11,3.806025172259691e-12,1.5257532240131948e-12,8.315254983795812e-13,8.760447708161456e-13,9.81036196469249e-11,1.487467512252664e-06,4
253,03:30:30,2.6529855893594855e-11,5.583262206065769e-12,1.6778677908269434e-12,8.623782738539885e-13,1.0734685162459874e-12,8.564010026345449e-11,1.5885436274981999e-06,4
254,03:31:00,9.422517357103085e-12,4.750173907223043e-12,2.0497004260416388e-12,1.0100693458611283e-12,1.503758823998341e-12,8.672453793627142e-11,2.0732973616358217e-06,4
255,03:31:30,1.8039196805571144e-11,4.482475285086654e-12,1.6472854243138447e-12,6.092621901214536e-13,1.200612536194462e-12,1.0399014708537915e-10,1.7757960773304333e-06,4
256,03:32:00,1.6789742867239775e-11,4.269025399283703e-12,1.434050266541676e-12,7.15856781826176e-13,8.21018015009829e-13,3.664170817456568e-10,1.1319885270620044e-06,4
257,03:32:30,1.46935804696348e-11,3.703977050484068e-12,3.326362353336969e-12,1.6115099529629788e-12,2.31639832045129e-12,9.389136415260582e-11,2.1163018356802432e-06,4
258,03:33:00,1.5091753062477556e-11,2.925568140365153e-12,1.1732606855124877e-12,7.526197631252625e-13,1.2032289490856121e-12,7.39881961716751e-11,1.8463286453638653e-06,4
259,03:33:30,1.4576366953956467e-11,5.005518735600395e-12,1.912903287871177e-12,6.772257067014336e-13,8.455160924918875e-13,2.6846875517657007e-10,1.2305723688633145e-06,4
260,03:34:00,1.309128325726061e-11,2.8606809400244983e-12,1.0110479572759924e-12,4.77207021566465e-13,4.540108644789873e-13,4.1320241634646964e-10,1.6175655260141995e-06,4
261,03:34:30,1.2356357864454932e-11,3.4030281418359616e-12,2.6662549208460378e-12,1.6638841209683438e-12,2.1353862145648065e-12,2.778465647421137e-10,2.9103797444610954e-06,1
262,03:35:00,6.33572264804594e-11,5.22579428045515e-12,2.1307380008755023e-12,1.0085834175932559e-12,1.2612979764232866e-12,1.031156673437359e-10,2.167366167641742e-06,1
263,03:35:30,2.5031501841652645e-11,2.748760060223335e-12,2.0352807319165937e-12,5.724774335166411e-13,7.340909007162478e-13,1.0046547100401483e-10,2.1072739826716637e-06,2
264,03:36:00,2.0225339305718143e-11,5.163231832518531e-12,2.7372203083460917e-12,7.31439353716453e-13,8.730450979975449e-13,1.1431299946755634e-10,1.4585419998907541e-06,2
265,03:36:30,4.237513765655162e-11,5.213171026885509e-12,1.974849337407875e-12,7.438088781714641e-13,1.1481745466314737e-12,1.2728317150440117e-10,1.6050334000018149e-06,2
266,03:37:00,2.764749351934229e-11,4.037561706953144e-12,2.183173714003116e-12,8.810317263117758e-13,1.6084222137137807e-12,1.0939080027504276e-10,1.0289174197417666e-06,2
267,03:37:30,2.4301669173848103e-11,6.5772724968296555e-12,2.4922069500848254e-12,9.058927472265112e-13,2.1599869829001026e-12,1.003882578826277e-10,1.1249758687097566e-06,2
268,03:38:00,2.8509334533577704e-11,4.378723317960831e-12,2.387909188665852e-12,9.274028312732607e-13,1.161621752999843e-12,5.977592957291673e-10,7.701661073212777e-07,2
269,03:38:30,1.6650111883449488e-11,3.473605695630819e-12,2.1663971467473866e-12,7.177623950538406e-13,1.011886869684315e-12,8.489398406380756e-11,1.491117774224787e-06,2
270,03:39:00,1.3005978757230073e-11,4.131852291164973e-12,1.870437574911613e-12,5.994079412040261e-13,1.0805823038797545e-12,9.077698208037444e-11,8.902963361871856e-07,2
271,03:39:30,1.3291556115226182e-11,3.434546948990414e-12,2.459481694821209e-12,6.165163393726344e-13,5.284356692340387e-13,4.9715156658504805e-09,6.434113564419669e-07,4
272,03:40:00,1.3255620001240462e-11,3.4045183444094097e-12,1.3626247229757178e-12,6.789294381619305e-13,6.891592648183535e-13,4.2501375744787796e-10,7.271140639150035e-07,4
273,03:40:30,1.2198874177234297e-11,3.646578882401441e-12,2.367041084772276e-12,8.652360089016303e-13,8.316171983940704e-13,1.527565467513862e-10,1.3662471375515986e-06,4
274,03:41:00,2.2175766360162814e-11,4.2403327514271535e-12,3.5161135579631067e-12,1.293028028600091e-12,1.3760284889874382e-12,2.616981642787913e-10,1.4816779052605922e-06,4
275,03:41:30,1.3459216490920891e-11,3.5949331571865045e-12,1.372067762850781e-12,7.315337450282836e-13,9.82336398647482e-13,1.3537805713244502e-10,1.5324429854161989e-06,4
276,03:42:00,1.8138140887834646e-11,5.655417723230232e-12,2.2353196862046602e-12,8.993169831562941e-13,8.516441510204983e-13,1.2260546940579764e-10,4.707101040719371e-07,4
277,03:42:30,1.4446932553645576e-11,4.028303401749842e-12,1.6019237855881203e-12,7.893050090148736e-13,1.0573950105244904e-12,1.0608457869422166e-10,1.4726528754334367e-06,4
278,03:43:00,2.126578112427429e-11,3.832414023275638e-12,1.7633306673506411e-12,7.61295264569188e-13,1.166597942240943e-12,2.5214948558931954e-10,7.55659118589616e-07,4
279,03:43:30,1.2824739331495154e-11,2.3063995709304326e-12,9.328724319492314e-13,5.748297193962205e-13,7.373013241291628e-13,1.419563957484726e-10,9.381250990701073e-07,4
280,03:44:00,1.9703977189842728e-11,4.277871426370608e-12,2.137591178898803e-12,7.457293632679682e-13,1.3983168448017804e-12,9.300415262672551e-11,6.438376427985913e-07,4
281,03:44:30,1.6146311393951436e-11,3.419887078831842e-12,1.2323088648673685e-12,6.872044521067972e-13,1.0115537324168287e-12,8.442467544277613e-11,1.3699895814800835e-06,4
282,03:45:00,1.5165447382385147e-11,2.702906226239669e-12,1.6705868418601161e-12,6.79689246040469e-13,9.241118290262625e-13,1.0793492639360367e-10,1.622447619685207e-06,4
283,03:45:30,1.2610402796257596e-11,3.0202403175915708e-12,1.5804526939577208e-12,8.622158925734988e-13,1.4374393456179546e-12,7.38830440081605e-11,1.51516716422619e-06,2
284,03:46:00,2.1232651955234084e-11,2.8742865418232133e-12,1.9671374458263425e-12,6.307556810962698e-13,1.0207632823800928e-12,1.1814820254767942e-10,1.4101957048071027e-06,2
285,03:46:30,2.2213043404457844e-11,3.1735899007133035e-12,1.2654433504397804e-12,6.360533996798872e-13,1.1736759762784246e-12,9.645110431007592e-11,1.3781572839014526e-06,2
286,03:47:00,2.7508222745035718e-11,3.668921819533742e-12,2.8066961899378147e-12,7.385786428409669e-13,2.5329060119409185e-12,1.0623293117357215e-10,1.271759633857475e-06,2
287,03:47:30,1.957046646694721e-11,2.5089424433932994e-12,1.273367013687139e-12,4.936221065616642e-13,7.205506340575051e-13,9.47951613222591e-11,1.422729739645455e-06,2
288,03:48:00,2.8039545695138508e-11,2.6917035492138985e-12,1.3120681171561777e-12,4.638275126769198e-13,6.996818225189563e-13,1.0657167798703569e-10,1.350063588626277e-06,2
289,03:48:30,2.106214959062778e-11,3.468222287819854e-12,1.6234668474330438e-12,4.66467258958327e-13,8.977748290803222e-13,1.2875136697889016e-10,1.4858330926805982e-06,2
290,03:49:00,4.9760663343342535e-11,6.654286110890022e-12,4.618094754917726e-12,1.886799367848586e-12,4.350399416385084e-12,3.56010189204779e-10,3.367116659723655e-06,1
291,03:49:30,2.6261995615687257e-11,4.312976245221693e-12,2.906802569585861e-12,1.448927302649126e-12,1.855766128573935e-12,4.2738383883689335e-10,3.4753978950651067e-06,1
292,03:50:00,1.6652109312327416e-11,2.0777711996590508e-12,9.946925314251403e-13,4.537494888571951e-13,6.282363231699318e-13,1.2600964960955326e-10,3.2995518962896443e-06,2
293,03:50:30,1.3159366258585263e-11,2.645370845128785e-12,1.0881240963062946e-12,5.242997738965451e-13,1.2088434515220088e-12,1.432969683648736e-10,3.2813859070499024e-06,2
294,03:51:00,2.8382642066032726e-11,2.3224121471826184e-12,1.3771852470890807e-12,8.4476529728999e-13,2.232515492783687e-12,9.859566390052081e-11,3.2926418379389306e-06,2
295,03:51:30,3.0409453837497166e-11,3.187198673584594e-12,1.7680437929549952e-12,4.6238127477956e-13,7.930001033223353e-13,1.508811891798431e-10,3.2342321606736615e-06,2
296,03:52:00,1.978818646014508e-11,3.2344831288580232e-12,1.5693194794509497e-12,4.927586512541681e-13,1.0524931590716836e-12,1.0436670769057824e-10,3.085438008414061e-06,2
297,03:52:30,3.156464715542956e-11,4.307929229451672e-12,1.8309818768652053e-12,5.45064602850272e-13,8.542783251561106e-13,1.0515581310109346e-10,3.1227187962682335e-06,2
298,03:53:00,1.699859204618731e-11,2.7626905835417406e-12,1.660636303696729e-12,4.3601656943144646e-13,6.185924018374321e-13,1.1405701898544869e-10,3.0008146999779916e-06,2
299,03:53:30,3.1452662178471834e-11,4.110708949321776e-12,1.6905309400373973e-12,5.187932088070331e-13,1.0273413182391218e-12,1.1364390653420666e-10,3.1392323716971223e-06,2
300,03:54:00,2.6216302312884604e-11,4.184003115936349e-12,1.5468197891120853e-12,4.761750375764753e-13,1.5519594839959047e-12,1.3647398763023318e-10,3.0371121307467903e-06,2
301,03:54:30,2.275137874490471e-11,4.164242911495287e-12,1.7814037114799395e-12,4.5098318654537636e-13,1.0141820638723898e-12,9.853998739306255e-11,3.114633995148427e-06,2
302,03:55:00,2.967096572547641e-11,3.951084987552682e-12,1.4834862870810042e-12,4.837883169257e-13,1.1695580144030388e-12,2.1514292232523706e-10,3.159878433391058e-06,2
303,03:55:30,3.6543262971220073e-11,4.857990450533722e-12,2.7498306459678727e-12,8.763032849586085e-13,1.6312750587609187e-12,3.5051231330057913e-10,2.8630281243579437e-06,1
304,03:56:00,2.5751586638493363e-11,4.090203320407772e-12,1.307051678581967e-12,4.821988659505047e-13,5.004223851749729e-13,1.1465333926781764e-10,2.6505175031826465e-06,2
305,03:56:30,3.525028509332557e-11,4.68442031249309e-12,1.6717736064634194e-12,4.9362121812928e-13,9.040139502824363e-13,1.431157461177469e-10,2.4196979422456254e-06,2
306,03:57:00,2.3734020913826585e-11,2.9612774568484276e-12,1.2686629923864884e-12,4.2295133084234606e-13,6.150384165390671e-13,1.1681062691805868e-10,2.407483708120145e-06,2
307,03:57:30,3.580759041852245e-11,6.059276566916738e-12,2.058529105164463e-12,5.355151642025103e-13,1.3096878519686145e-12,9.611761119755257e-11,2.536975204679989e-06,2
308,03:58:00,2.992322583151738e-11,3.900507722508161e-12,1.7067339371634197e-12,4.2460208475070233e-13,9.151995647635096e-13,1.278395514535124e-10,2.34075704130072e-06,2
309,03:58:30,2.99203163055171e-11,4.4019585311672465e-12,1.7096828166765947e-12,5.88125835788323e-13,1.91458946614844e-12,1.3486907732042376e-10,2.445537716931817e-06,2
310,03:59:00,2.7558483834009473e-11,4.771734804625081e-12,1.6564167407025663e-12,4.854171105198097e-13,1.2377607471907759e-12,1.48749461705047e-10,2.307054686266008e-06,2
311,03:59:30,3.433047344271845e-11,5.5241019851247385e-12,1.6153642475239402e-12,4.939932613962328e-13,9.96475474360415e-13,1.0238139872777075e-10,2.366225438402976e-06,2
312,04:00:00,3.564830599995222e-11,4.29191204035871e-12,2.0497195845401515e-12,3.9817455769048593e-13,1.167194738148281e-12,1.7229104964483975e-10,2.4301183061693794e-06,2
313,04:00:30,4.588969144342575e-11,5.265764848970476e-12,1.6714523010644912e-12,4.852097302755621e-13,1.0378363914180081e-12,1.3264680900660593e-10,2.4391098586588502e-06,2
314,04:01:00,3.827806251899295e-11,4.907859927782799e-12,2.021649106773622e-12,4.4895159536118237e-13,9.778332881004273e-13,1.302638814496034e-10,2.3941781722185657e-06,2
315,04:01:30,3.252639067635222e-11,5.607990948526561e-12,1.5432210172148844e-12,5.066008914301997e-13,1.2564953835939955e-12,1.9228660325121576e-10,2.5250891283254433e-06,2
316,04:02:00,5.868333059108292e-11,4.626402183762304e-12,1.4317826537758298e-12,3.956069677562296e-13,1.022233401905416e-12,1.678412534211366e-10,2.435517938899993e-06,2
317,04:02:30,9.26361997919469e-11,5.626065168374125e-12,1.6259569168489735e-12,4.0604208435916684e-13,1.2051229515349068e-12,4.375570446678683e-10,2.505440294233054e-06,2
318,04:03:00,4.795151513037144e-11,4.777046861682713e-12,1.5248151343035162e-12,4.123486778926207e-13,9.071187409807705e-13,1.9207448541849695e-10,2.465202597476933e-06,2
319,04:03:30,5.1664398811136034e-11,5.258580602726803e-12,1.1461929477907996e-12,3.817166083203445e-13,8.645324105126672e-13,1.8455693687161393e-10,2.430746800685269e-06,2
320,04:04:00,8.663235802549251e-11,4.992546261345399e-12,1.6943302156371152e-12,3.9704764054132355e-13,9.57787601523423e-13,2.832029669351617e-10,2.469724293699217e-06,2
321,04:04:30,1.2088924195006122e-10,8.107784408830543e-12,2.5015867641104938e-12,4.24216614934668e-13,1.2789285512164023e-12,4.1307208159270216e-10,2.551892104153031e-06,2
322,04:05:00,8.886209735533595e-11,5.4192552860974395e-12,1.6744647627961836e-12,4.484941666927166e-13,8.628946939685514e-13,2.612991111579078e-10,2.7784214715221158e-06,2
323,04:05:30,4.772678329337337e-11,5.38853936266104e-12,1.4527101194902354e-12,4.93259431724872e-13,1.0239344879224597e-12,1.652882459560929e-10,2.665943887084167e-06,2
324,04:06:00,6.591018827920044e-11,4.4991387663865475e-12,1.2762092684034324e-12,3.6418557622619116e-13,5.827890500407318e-13,2.440644875293584e-10,2.7402812328222584e-06,2
325,04:06:30,9.777851053783421e-11,9.258214679705302e-12,4.1322148024876e-12,1.3623447257431292e-12,2.5133532530006912e-12,6.367756868646465e-10,3.2363544233085254e-06,1
326,04:07:00,8.26177926735364e-11,5.522416024389723e-12,3.0189851151212536e-12,1.0899926843354794e-12,1.6000322068622046e-12,2.951080857803458e-10,3.426169222415439e-06,2
327,04:07:30,2.924441416470558e-11,5.90835800388774e-12,2.293409867613201e-12,6.603894127153493e-13,8.333001547977793e-13,2.2121368919640675e-10,3.4167637002749953e-06,1
328,04:08:00,7.936319854937099e-11,4.7358630708925564e-12,2.3186940668434127e-12,8.343999991968496e-13,1.5889320116012248e-12,2.0126222474483608e-10,3.4179193400992746e-06,1
329,04:08:30,3.4350063976974085e-11,4.754454659498694e-12,1.810229619310104e-12,6.437816838038352e-13,8.066230751503889e-13,1.68995134208993e-10,3.421176963622895e-06,2
330,04:09:00,6.793297750525551e-11,5.46365301355778e-12,2.2538670302315412e-12,6.183508135864952e-13,1.6338779394359972e-12,2.033901266247185e-10,3.4032877943330416e-06,2
331,04:09:30,2.6097876139096227e-11,5.982400742876471e-12,1.3787172083851036e-12,5.379944277751027e-13,1.0546341002652175e-12,1.3307247830760816e-10,3.397223757461312e-06,2
332,04:10:00,3.894431305158603e-11,4.395421382323672e-12,2.23058303972631e-12,4.97704282586893e-13,9.89108966321512e-13,1.6180175796135262e-10,3.4202572606200223e-06,2
333,04:10:30,3.470654398156241e-11,4.094665161207166e-12,1.677388368609889e-12,4.0195179873758486e-13,8.877440884430812e-13,1.7002203962024928e-10,3.3483326522715427e-06,2
334,04:11:00,3.3992776503771757e-11,5.923440267946985e-12,2.070805344909095e-12,5.851710222850767e-13,1.371728923827655e-12,1.3437845294709524e-10,3.3101405128474872e-06,2
335,04:11:30,5.54322940921894e-11,5.5038973161908864e-12,1.5766899831761646e-12,4.162766355292209e-13,9.28053917928909e-13,2.8486028602392807e-10,3.3531968973299642e-06,2
336,04:12:00,7.572790798086159e-11,6.751080336774664e-12,1.8358953702102907e-12,4.838077667854303e-13,1.3172494474622601e-12,1.986354656720814e-10,3.3414628047351313e-06,2
337,04:12:30,1.1997140640672946e-10,5.1143905234696556e-12,1.4643846053684625e-12,3.869903592125148e-13,1.1249656001262873e-12,2.2893921980142883e-10,3.339631955747541e-06,2
338,04:13:00,1.0774293876175296e-10,4.92697008089315e-12,1.5992871483940116e-12,4.114794902128238e-13,7.490662009882056e-13,2.629241452389727e-10,3.3306273962065378e-06,3
339,04:13:30,8.094212071857243e-11,6.965519224738248e-12,1.6536822954759105e-12,4.317176450165105e-13,1.0018490290421423e-12,2.5244473166394534e-10,3.1814201813567194e-06,2
340,04:14:00,7.182600828416572e-11,7.666021544532403e-12,1.984112935558531e-12,3.8159973824956317e-13,9.969745322973406e-13,3.006244159008957e-10,3.072009403288092e-06,3
341,04:14:30,7.635988932378836e-11,4.850241642734792e-12,1.4926952878996522e-12,4.481561916587458e-13,1.0401279655260417e-12,3.1589068447307575e-10,3.045903980659211e-06,3
342,04:15:00,8.821720749421788e-11,6.849274943672994e-12,1.0767202637342264e-12,4.1812046709738917e-13,1.0061377874761555e-12,2.2151169567584135e-10,3.084888694645955e-06,3
343,04:15:30,1.2544926146361294e-10,5.335701819876496e-12,3.704173010782806e-12,1.5275100046934214e-12,3.4369490850273436e-12,1.5941094866705955e-09,3.338692315084202e-06,0
344,04:16:00,4.640362826429491e-11,2.345374203464809e-12,1.4980766873408757e-12,1.2454719100104907e-12,2.0816627376101538e-12,1.5230443908604267e-09,3.4645750702681933e-06,0
345,04:16:30,1.0293076359938533e-11,1.5444662492077478e-12,1.8858406586694037e-12,1.3611062769027696e-12,1.2312310579717068e-12,1.3095971228374213e-09,3.454437940899696e-06,0
346,04:17:00,7.559560447895629e-12,1.2137276847984013e-12,1.4530939183477023e-12,1.2897181943769605e-12,1.2564894326747123e-12,5.778099414589978e-10,3.3289738488513878e-06,0
347,04:17:30,8.070571208938397e-12,1.832128352376801e-12,1.7512508440857878e-12,1.4124045067270795e-12,1.5427128173043969e-12,4.388268027980917e-10,3.160723485719288e-06,1
348,04:18:00,1.253105500042063e-11,3.20005278377309e-12,2.8352540780915524e-12,1.247349466301216e-12,1.5757682776036034e-12,2.678320176040116e-10,2.9696229044974413e-06,1
349,04:18:30,1.752805816588486e-11,2.7727323586494926e-12,2.254168746915882e-12,1.4872634054479654e-12,1.7248272790762706e-12,5.300722807487998e-10,1.989578510348102e-06,1
350,04:19:00,1.866788706562231e-11,3.4145132236034412e-12,2.9046933961615424e-12,1.3997808211749575e-12,2.172996459511135e-12,2.574814379930038e-10,2.4590421383126084e-06,1
351,04:19:30,1.6269174502231056e-11,2.6151515927752635e-12,1.6336447049952124e-12,6.090832916929057e-13,1.0830342432486659e-12,2.2282336973816519e-10,2.6842464310492156e-06,1
352,04:20:00,3.340044344738809e-11,4.245358749831747e-12,2.7672706767192644e-12,1.1780511161598251e-12,2.173961124999974e-12,2.0326144223241862e-10,2.7381101783207747e-06,0
353,04:20:30,3.403161509627236e-11,3.881328405236513e-12,1.6276536703197795e-12,5.092282842751645e-13,6.862698990305014e-13,1.5973943951039432e-10,2.5797380543496796e-06,1
354,04:21:00,3.46870498045627e-11,3.1591602654258212e-12,1.4759298314284005e-12,4.3185042926963977e-13,6.161008732703119e-13,9.692334260375899e-11,2.636813331363518e-06,1
355,04:21:30,5.2368459307423185e-11,8.179979290526328e-12,3.700742953873926e-12,1.0321906969875212e-12,1.6808354042261172e-12,2.205783558751733e-10,2.7902296901203967e-06,2
356,04:22:00,3.774268061907959e-11,3.3787839464178917e-12,1.9702481997079723e-12,9.030745415685268e-13,2.013264264094749e-12,1.2967600698824022e-10,3.4130695700394865e-06,2
357,04:22:30,4.122540630678146e-11,3.3271231955800047e-12,1.9910515986958054e-12,7.278005584944347e-13,1.3436114283147112e-12,1.951868262457582e-10,3.4313007727717426e-06,2
358,04:23:00,5.2115502334248536e-11,4.507340149382345e-12,1.6821287683665393e-12,8.825325317366526e-13,1.191964332714754e-12,1.7359895119124545e-10,3.403839469354104e-06,2
359,04:23:30,3.234745940252042e-11,2.723257362735392e-12,1.9103258234327193e-12,8.263855673557982e-13,1.5453420749189278e-12,2.0392078405388926e-10,3.4456050054828883e-06,2
360,04:24:00,2.3094594247704815e-11,2.457724707830248e-12,1.6519236651924699e-12,9.488052098774458e-13,1.2999671293735704e-12,2.03180334671084e-10,3.4051551773027943e-06,2
361,04:24:30,5.642259483864447e-11,2.945514802308186e-12,1.7768698899535407e-12,8.148112846478809e-13,1.7673212020415753e-12,1.3344981409920514e-10,3.4355131270010836e-06,2
362,04:25:00,2.9062360289068786e-11,3.00857702022058e-12,1.906213838776744e-12,8.003466886593912e-13,1.7034301564461745e-12,1.2887255596810042e-10,3.4573071088977718e-06,2
363,04:25:30,5.632537102846971e-11,4.5969540012560794e-12,3.2659798357631187e-12,1.036873020715844e-12,2.6439448973083447e-12,1.6753598398485487e-10,3.3800863688298485e-06,1
364,04:26:00,3.4412837918057644e-11,3.71857080679947e-12,1.4164904433880322e-12,5.7234150334843e-13,8.670659729828238e-13,1.2762507218815045e-10,3.3936140331479267e-06,2
365,04:26:30,3.577023362712517e-11,3.670845307888247e-12,2.85343348682577e-12,8.696220769727323e-13,2.0759065076313326e-12,1.3871210152084756e-10,3.3795786195446255e-06,2
366,04:27:00,5.345189668447786e-11,3.3475168770129837e-12,2.0851695361792775e-12,4.528715898417114e-13,1.0110158851946354e-12,1.3757941277901104e-10,3.2993686317764687e-06,2
367,04:27:30,1.6523177084864702e-11,3.381520851906706e-12,1.0750244766774766e-12,5.04209208628626e-13,8.410130695777267e-13,8.8568704503224e-11,3.34878596319684e-06,2
368,04:28:00,5.628369612707877e-11,4.017243769289901e-12,1.4049629006307383e-12,4.162312421278393e-13,4.992599403317592e-13,1.573206797241742e-10,3.321278551218934e-06,2
369,04:28:30,2.0817949296974346e-11,3.320068568470114e-12,1.1445178100757265e-12,4.31973454127535e-13,1.0425844339639197e-12,1.234252339341802e-10,3.314796076986359e-06,2
370,04:29:00,2.8125227650937102e-11,4.014120376570032e-12,1.584622488090388e-12,5.282935980221262e-13,1.33525908243944e-12,1.214851936543344e-10,3.2869506861038006e-06,2
371,04:29:30,3.460406055571622e-11,3.659086596456121e-12,1.4421692824917361e-12,4.903154585270904e-13,7.792995726680391e-13,1.212778610198763e-10,3.3213296843562053e-06,2
372,04:30:00,4.471115095487659e-11,4.908198805934542e-12,1.5074941053294373e-12,3.8094466340199346e-13,5.99871274865243e-13,1.1834769774741457e-10,3.3197538967448473e-06,2
373,04:30:30,2.7185164647980808e-11,6.3104106659988516e-12,2.0705475645574216e-12,6.67013309761522e-13,2.1975567702088446e-12,1.505022306744689e-10,3.3808039463958676e-06,2
374,04:31:00,5.219346528114156e-11,4.53833550643941e-12,2.0135990891983324e-12,4.569411604556849e-13,1.1138383990217262e-12,1.2301197223110914e-10,3.3246620429746442e-06,2
375,04:31:30,4.006535834411351e-11,5.764569064957341e-12,1.4490369387838288e-12,4.3382485036673953e-13,7.331723937414289e-13,1.4056285036308168e-10,3.28049316727888e-06,2
376,04:32:00,5.837735718102423e-11,6.288252312462804e-12,2.173340178985901e-12,4.819521725542183e-13,1.2404515858653212e-12,1.3154550270105361e-10,3.3021964936382438e-06,2
377,04:32:30,7.077863113554279e-11,4.719077410165928e-12,1.1307098030988274e-12,3.7040403587232724e-13,7.339169271142089e-13,1.417955180199865e-10,3.238231235934204e-06,2
378,04:33:00,5.882728365023593e-11,5.439496313608877e-12,1.7057304431138926e-12,4.827868145046587e-13,1.2788205640075695e-12,1.7988867792160841e-10,3.259617832308908e-06,2
379,04:33:30,4.891089688187202e-11,5.539641328521693e-12,1.4692065729535663e-12,3.0683618090581163e-13,7.070918909932221e-13,1.8009416266213397e-10,3.1809160890118294e-06,2
380,04:34:00,4.7054402629175303e-11,4.668265626512212e-12,1.319376485830195e-12,4.261647296170021e-13,1.1417727383233911e-12,1.8512808761069793e-10,3.1867860199172748e-06,2
381,04:34:30,3.4720403712096826e-11,5.178843754191926e-12,1.524969729970386e-12,4.0139702782937824e-13,1.1114038508574613e-12,1.4452751121680544e-10,3.1740258452543675e-06,2
382,04:35:00,8.494978677463979e-11,5.845560253324964e-12,1.8567884574332814e-12,6.058750336342565e-13,1.7505722179854189e-12,1.6743202958326264e-10,3.1677559752502907e-06,2
383,04:35:30,4.0402772929313354e-11,5.065487396018787e-12,1.3975467847153308e-12,3.655438039194437e-13,6.969791328386936e-13,2.413536451126679e-10,3.2475956587691167e-06,2
384,04:36:00,4.451826386853419e-11,4.687230525237361e-12,1.462608787278736e-12,6.504423896863465e-13,1.969252645275608e-12,2.480829674455875e-10,3.2035637646711995e-06,2
385,04:36:30,4.640324809069287e-11,5.3195618696251434e-12,1.9228618982989273e-12,5.479859964761487e-13,1.457459579229989e-12,2.2779041245614162e-10,3.265342442371825e-06,2
386,04:37:00,1.2084729958982656e-10,5.664988674176026e-12,2.0613622797716993e-12,4.2560612911798527e-13,9.530165009879613e-13,2.8738897019350354e-10,3.1515109555265143e-06,2
387,04:37:30,4.5252371831928504e-11,5.922335164818172e-12,1.3845134869400612e-12,4.5109931748116883e-13,1.1363512910764992e-12,2.0580994588871078e-10,3.206756500345157e-06,2
388,04:38:00,7.478384761720387e-11,5.058150299853146e-12,1.5733276402778999e-12,5.214840084815872e-13,1.7628571828949006e-12,2.4990147988064685e-10,3.1684405807150972e-06,3
389,04:38:30,9.071080248344426e-11,1.3167408642188006e-11,1.0818725664789294e-11,1.2137429153429134e-11,6.160824911588865e-12,4.661291936777395e-10,3.1795846959006612e-06,2
390,04:39:00,1.436730642071913e-10,6.6179455695618904e-12,3.778902675001044e-12,1.606724401658788e-12,2.9325499415118745e-12,7.197392574144289e-10,2.919924477899549e-06,0
391,04:39:30,2.5894551553280805e-11,3.096176385170508e-12,1.4644591480550463e-12,5.076243129748613e-13,1.0606843647733617e-12,1.516773991556441e-10,3.1305783398826723e-06,0
392,04:40:00,3.661480653553333e-11,5.030149719502405e-12,2.0246169374082724e-12,6.115745777568305e-13,1.5801765252498954e-12,1.2589988565134965e-10,3.060292243322583e-06,1
393,04:40:30,6.702372637478407e-11,5.245887796913914e-12,1.1415839285698045e-12,4.237140409259103e-13,7.624953446335817e-13,1.6033062134384789e-10,3.0111794385379996e-06,1
394,04:41:00,2.8840330390832772e-11,3.5416502937808673e-12,9.888728724931949e-13,4.1485141565286126e-13,8.868628862516301e-13,1.0839365586585602e-10,3.1146217296578013e-06,2
395,04:41:30,2.623180764574772e-11,3.6516352685903e-12,1.5063111475807731e-12,4.549386255700767e-13,1.2060617237520995e-12,1.423705005690021e-10,3.1199274326641975e-06,2
396,04:42:00,5.7040123046046105e-11,5.54002745433807e-12,2.003214074787672e-12,3.7632494770290827e-13,6.920800748807178e-13,2.119248143447218e-10,3.0605403353976155e-06,2
397,04:42:30,6.351735677424332e-11,6.796452758496352e-12,2.3304895076579345e-12,4.555177688850382e-13,1.0088419526389827e-12,1.819915899453436e-10,3.146074188051513e-06,2
398,04:43:00,6.146726195461445e-11,4.7694588559606064e-12,1.1508610243815625e-12,4.848583761384415e-13,1.4197289704501581e-12,1.4299496199582974e-10,3.0516182460922597e-06,2
399,04:43:30,5.2608077352523233e-11,4.55625802166097e-12,1.3992058574044486e-12,4.790912231303597e-13,1.1980803893204017e-12,2.620972302409987e-10,2.9321098758567795e-06,2
400,04:44:00,3.339980689886078e-11,4.094046692385819e-12,1.6742893182992574e-12,4.1659255453511616e-13,9.151093251869603e-13,1.3876512348444676e-10,3.056351723797853e-06,2
401,04:44:30,4.922006467636248e-11,3.6100003599637895e-12,1.4717046372499353e-12,4.058505965715962e-13,8.950017850016714e-13,1.4730405114912905e-10,2.977430347986421e-06,2
402,04:45:00,5.0590416950119146e-11,4.419274895957949e-12,1.2999078018139449e-12,3.2659006662539933e-13,7.109872566287961e-13,1.9884519565833068e-10,3.1215359161052743e-06,2
403,04:45:30,5.942112080503664e-11,5.8502634841640954e-12,2.490947710088536e-12,4.147230714424269e-13,1.4321432664147153e-12,2.565227052968419e-10,3.0604957210318863e-06,2
404,04:46:00,6.682715827601447e-11,4.506115144795693e-12,1.3288806484584282e-12,4.0181396111055013e-13,1.1482104560607379e-12,2.4139194059114684e-10,3.1175160561200115e-06,2
405,04:46:30,6.495692958518527e-11,6.85173146067814e-12,2.33465004747988e-12,4.4261986881704546e-13,1.0774871516768505e-12,3.2852171561404813e-10,3.1013718618379764e-06,2
406,04:47:00,7.081796931479365e-11,6.058636372178484e-12,2.407242151812345e-12,3.813851963928951e-13,8.136160560404136e-13,2.2029146829141089e-10,3.1528039494618764e-06,2
407,04:47:30,1.0129228187928553e-10,5.014915198587792e-12,1.1470734745394919e-12,4.0315577640713126e-13,1.3044803377436634e-12,4.1685428487307707e-10,3.059557745817771e-06,2
408,04:48:00,6.765870266264388e-11,4.179466145213317e-12,1.7620880003037565e-12,3.209454131407599e-13,7.180421924209667e-13,2.0267643837818686e-10,2.9486847240374184e-06,2
409,04:48:30,1.3123098967408783e-10,5.5627900283010294e-12,1.7730689056753454e-12,3.920691268681328e-13,1.0865581059910681e-12,2.6222873298401044e-10,2.975018652628182e-06,2
410,04:49:00,7.740927309313198e-11,5.023183363590469e-12,1.5471273104798486e-12,3.7619180705066395e-13,9.955848986215254e-13,3.6928662391546766e-10,2.6920462763279944e-06,2
411,04:49:30,1.1376744915002233e-10,7.93598464037933e-12,5.361550768547513e-12,1.7617005994340663e-12,3.545764672934886e-12,7.805067640451129e-10,3.415691187303511e-06,1
412,04:50:00,6.228445897691643e-11,6.1610937281853725e-12,1.737767720081617e-12,5.590600506805146e-13,9.57050086677427e-13,2.117871761907917e-10,3.4412227703175035e-06,2
413,04:50:30,6.30862810830718e-11,4.1035005659411505e-12,3.4814234112943668e-12,8.970596820040117e-13,2.4044966334252612e-12,3.569566988113563e-10,3.393412152740919e-06,2
414,04:51:00,4.787115947271165e-11,4.076416348454947e-12,1.4948597222110679e-12,6.970076516055032e-13,1.2457105422940905e-12,1.7195750151112774e-10,3.4349760779407504e-06,2
415,04:51:30,3.980245145041138e-11,6.569963922682688e-12,1.8425764055847664e-12,4.933197496438435e-13,1.165460885626735e-12,1.5302321523648505e-10,3.2133807228227453e-06,2
416,04:52:00,7.549230156521172e-11,3.837546960713937e-12,1.3240824505297425e-12,5.434918467506361e-13,1.20049754918682e-12,1.3881499308581602e-10,3.1322666166014142e-06,2
417,04:52:30,3.9956207477748106e-11,3.4156457239316008e-12,1.3747494630903235e-12,5.875034508832275e-13,1.3237889884781653e-12,1.1562451395015364e-10,3.1724927782456078e-06,2
418,04:53:00,7.931772663359947e-11,6.748175401171908e-12,2.5591325098812197e-12,6.489124498327086e-13,1.6008290201972793e-12,3.3246443970493673e-09,3.1914453442067898e-06,2
419,04:53:30,4.521701614789633e-11,4.052003057183372e-12,1.7597556069159855e-12,4.715004463281291e-13,1.467583941884396e-12,2.752458114067552e-10,3.1130431558223284e-06,2
420,04:54:00,4.819639614553688e-11,3.2244773193118773e-12,1.5459130527265161e-12,4.630485337477296e-13,1.1823793246037927e-12,2.3247347786392536e-10,3.138905083013052e-06,2
421,04:54:30,5.551543143232706e-11,4.344467730789644e-12,1.475725093489974e-12,5.555001695951372e-13,1.1299130606186877e-12,3.1807648235301636e-10,3.1527245504905513e-06,2
422,04:55:00,6.333933707622665e-11,4.114943513279701e-12,1.1622788482224817e-12,4.847008641577048e-13,1.091007398094671e-12,2.287107808744895e-10,3.052121330716787e-06,2
423,04:55:30,6.715911770320171e-11,4.333651038832487e-12,1.3633710050390787e-12,4.109601686763592e-13,9.31142133909461e-13,3.189210537829542e-10,3.0718480637533608e-06,2
424,04:56:00,8.901894800989809e-11,4.519874304814154e-12,1.6869183729924283e-12,4.208553060513932e-13,8.860845258746192e-13,2.581215747919626e-10,3.1054864724884003e-06,2
425,04:56:30,5.168455680058862e-11,5.488037528006293e-12,1.4194909124809653e-12,3.662521326202673e-13,7.696316707373013e-13,3.810915588642366e-10,3.0226718767381934e-06,2
426,04:57:00,8.236995655413887e-11,6.0015310330769126e-12,1.506190073890073e-12,3.364795051184963e-13,6.53727690955459e-13,5.644131254600946e-10,3.0702436966950295e-06,2
427,04:57:30,7.953023104948459e-11,5.751172659452433e-12,1.9783528301433557e-12,4.2905225315456243e-13,1.1653890578373695e-12,3.336081154903818e-10,3.101203379623294e-06,2
428,04:58:00,7.968223319817012e-11,6.0898958330486545e-12,1.6695925643653072e-12,3.6292037412180015e-13,5.76317082052381e-13,4.3752350587168516e-10,3.0729031283458967e-06,2
429,04:58:30,1.0304139798417551e-10,6.918254203587598e-12,2.188780346831359e-12,3.873596166154464e-13,1.0092108995026865e-12,4.1891934432976214e-10,3.010631905959392e-06,3
430,04:59:00,7.030710006564603e-11,4.582869264541184e-12,1.6983587430026358e-12,3.4283651855398873e-13,8.420531727291971e-13,2.922936818791561e-10,3.039321400433919e-06,2
431,04:59:30,1.1629316061934154e-10,5.6506748773687236e-12,1.515389310450184e-12,3.0200065395735337e-13,7.390546759033349e-13,4.687429602325429e-10,3.034035752818489e-06,3
432,05:00:00,8.86480692960396e-11,5.3684105533325645e-12,1.550237014856431e-12,3.6220906107480814e-13,8.619185790336044e-13,2.5691434568351466e-10,3.0367634612079388e-06,3
433,05:00:30,1.181712355482732e-10,4.7100568791103425e-12,1.9427222168114835e-12,4.898003691649268e-13,1.3376605540110142e-12,4.613726652721426e-10,2.8892990073565152e-06,2
434,05:01:00,1.0648568386527823e-10,5.393245279415886e-12,1.357144340873298e-12,3.7709068768145634e-13,9.795639560765823e-13,4.052857534196472e-10,2.9344861832277553e-06,2
435,05:01:30,6.090534852003655e-11,5.977349555514014e-12,1.8030484601829568e-12,4.759835112492265e-13,1.414757643280118e-12,3.311060926512028e-10,2.963317256774447e-06,2
436,05:02:00,8.410071602026056e-11,6.909443679059065e-12,3.5659340417883517e-12,7.527097343018791e-13,2.4653166553024498e-12,3.3986711469198095e-10,3.1126530293850388e-06,2
437,05:02:30,9.972725683225789e-11,4.664708590856845e-12,2.236229661618618e-12,5.802741666309655e-13,1.0337850634399766e-12,2.3310808201731315e-10,3.143674180387131e-06,2
438,05:03:00,5.807260016411116e-11,7.097187679213948e-12,1.339020206355775e-12,7.281591052341956e-13,1.4835401063953984e-12,2.421766366063456e-10,3.1664697017900045e-06,2
439,05:03:30,6.815506772550395e-11,4.7389189997686374e-12,1.2388584766069657e-12,3.612412204728665e-13,7.383187811790708e-13,2.901910785727298e-10,3.231382034600507e-06,2
440,05:04:00,1.0324263213592822e-10,5.813777256198968e-12,1.7561308987056764e-12,4.5294340270200575e-13,9.080085968315332e-13,4.028630747675449e-10,3.185619542526336e-06,2
441,05:04:30,1.1267612634969478e-10,6.2293550883483444e-12,2.120425464333141e-12,5.340598422708708e-13,1.22516775197848e-12,1.861798133360667e-10,3.1702753424531297e-06,2
442,05:05:00,5.86116537981358e-11,4.883697438164747e-12,1.624375527010716e-12,4.2782549803351257e-13,8.575114245372742e-13,3.0316712958245307e-10,3.1607510183060693e-06,2
443,05:05:30,8.918023692113187e-11,8.579626791847202e-12,2.408337205668542e-12,3.74051612950184e-13,8.419331819285061e-13,3.474048449788717e-10,3.1492861613535432e-06,2
444,05:06:00,6.685954507635013e-11,4.1909431790836474e-12,1.2143227746446938e-12,4.1826534253742384e-13,1.1202969325100643e-12,3.110483519404378e-10,3.13093965459345e-06,2
445,05:06:30,1.5343702340654162e-10,3.732264835478968e-12,2.0181523966390917e-12,3.97311914031125e-13,1.0111297031817256e-12,4.754546979260963e-10,3.1514224172750396e-06,2
446,05:07:00,9.691496540787143e-11,5.656477643185138e-12,1.282382380661888e-12,3.8573603032533275e-13,7.546619192368625e-13,2.6450507700401753e-10,3.0155448757180226e-06,2
447,05:07:30,1.265358158418086e-10,5.910712039549822e-12,1.73512941685017e-12,4.169189918420059e-13,9.687425063209952e-13,4.1705438212983037e-10,3.091291719572567e-06,3
448,05:08:00,1.208484054815711e-10,5.088539813766895e-12,1.5712172245197912e-12,2.847970141974562e-13,8.220178248215943e-13,4.034812431459207e-10,3.0496153236505444e-06,3
449,05:08:30,1.3891216413559106e-10,6.329897337493912e-12,1.2761569029913619e-12,3.813994224664624e-13,6.078133457225555e-13,6.164525712836479e-10,3.226852377594086e-06,3
450,05:09:00,1.0646513430298922e-10,6.365834833905378e-12,4.125903143733217e-12,1.2325148692737646e-12,3.177009430450934e-12,4.747980722274312e-10,3.5127447183948025e-06,2
451,05:09:30,1.4820266992328165e-10,5.434895652744695e-12,2.5569117176204766e-12,1.0956591335451393e-12,2.3069294202691015e-12,2.680064585353359e-10,3.465500328275087e-06,2
452,05:10:00,7.476844591039946e-11,7.341325528809408e-12,3.2266695166370798e-12,1.0984908863151001e-12,2.1551923620193333e-12,3.8740654724353724e-10,3.4277959619572926e-06,2
453,05:10:30,1.0040082397658375e-10,4.964994620462784e-12,2.5594895570196217e-12,1.0474537175412075e-12,2.834759210351761e-12,2.9496831486987555e-10,3.374057133921337e-06,2
454,05:11:00,4.2293717565233926e-11,4.877522816346186e-12,1.7702576707299988e-12,4.88501543856475e-13,1.0059229385656234e-12,1.9908273147510864e-10,3.3984301771900797e-06,2
455,05:11:30,5.348156089900968e-11,4.376984655853413e-12,1.426077817031964e-12,6.607074788557582e-13,1.185493022436738e-12,1.3107167647027485e-10,3.379383003770613e-06,2
456,05:12:00,1.0003891408009027e-10,4.352192122719992e-12,1.33956609165172e-12,4.5441449574815705e-13,1.3097606638936326e-12,1.7971362094947553e-10,3.4179327479073593e-06,2
457,05:12:30,6.344593561353458e-11,4.983622046659784e-12,1.681100864755531e-12,5.15038473254147e-13,1.1746493096879418e-12,2.0745772940333588e-10,3.4075571532821773e-06,2
458,05:13:00,8.611662305385985e-11,4.91048351461417e-12,1.2513438858071822e-12,4.575320516870918e-13,1.0606843878311574e-12,1.7359405981214432e-10,3.3978460283505158e-06,2
459,05:13:30,1.0642605035546556e-10,8.190552002408438e-12,4.11509394965118e-12,9.688900490736772e-13,2.144916683716684e-12,3.363323180707567e-10,3.4190543551640226e-06,2
460,05:14:00,9.45217917781222e-11,5.308414739079916e-12,2.147459008301343e-12,5.666759987002639e-13,1.2231108340533752e-12,1.9648089279653554e-10,3.440235721131568e-06,3
461,05:14:30,9.928412602817329e-11,5.890657724250462e-12,2.3143829139658692e-12,6.159668995845243e-13,1.572796794572306e-12,1.7172165796149005e-10,3.4654583912652078e-06,2
462,05:15:00,5.90847447358663e-11,6.729918504452013e-12,1.5433501738150597e-12,6.206898243392159e-13,1.504749593266447e-12,1.8861594793624816e-10,3.4861548227851292e-06,2
463,05:15:30,6.389668370169474e-11,4.107066267804818e-12,1.1571414381699412e-12,5.110019229263372e-13,1.0020566896612882e-12,2.262083858654098e-10,3.4030318000905995e-06,2
464,05:16:00,8.623695632141304e-11,5.4060904739477826e-12,2.117141008297531e-12,7.091966463874556e-13,1.1423707617492186e-12,2.0721852378030984e-10,3.425688068309112e-06,2
465,05:16:30,1.1063207707532976e-10,4.652948036918215e-12,2.164115645785847e-12,5.232318707286176e-13,1.2385827426960099e-12,4.716906692319606e-10,3.419006381197178e-06,2
466,05:17:00,6.090464060705456e-11,5.025923242132279e-12,1.4648222561234663e-12,4.68485372077726e-13,1.1140317273243026e-12,1.7577960449865003e-10,3.365328292695303e-06,2
467,05:17:30,1.4239173425021292e-10,4.342353893945767e-12,1.5055910577876127e-12,3.81426566990301e-13,7.370991587614383e-13,2.455100211746216e-10,3.388921837267126e-06,2
468,05:18:00,7.488038572627929e-11,3.982678795724562e-12,1.2578908058194104e-12,4.790934434911076e-13,8.985240510270084e-13,2.361931515055926e-10,3.398849927667257e-06,2
469,05:18:30,9.262630761804115e-11,4.479677681776875e-12,1.5477097036690633e-12,3.791849824418229e-13,6.865903911928258e-13,2.4321022853153063e-10,3.3932940056684334e-06,3
470,05:19:00,1.3908446720706052e-10,4.81741833879911e-12,1.936057832508783e-12,4.3845214507241163e-13,1.1344467043705966e-12,3.378829604886551e-10,3.361045360053342e-06,3
471,05:19:30,1.1514538562037123e-10,6.2292758840653425e-12,1.627770684193486e-12,4.4346031110261537e-13,1.160624975467546e-12,2.8596790495980866e-10,3.3798911848936738e-06,3
472,05:20:00,1.282455906597679e-10,5.2457387740760275e-12,1.96719640017212e-12,3.9491917461885525e-13,6.072452461840026e-13,2.913529105621274e-10,3.3506470576538786e-06,3
473,05:20:30,7.051788419669862e-11,4.675908465563875e-12,1.9798823257377235e-12,4.4755412937352075e-13,1.1196528837579694e-12,3.072140523228559e-10,3.361708459898118e-06,2
474,05:21:00,1.2734159825347872e-10,4.049412277494872e-12,1.5312865464958061e-12,3.9310690857253304e-13,7.983487444749676e-13,5.144885114935424e-10,3.291411327289061e-06,2
475,05:21:30,7.051969875732305e-11,4.980642969080751e-12,1.4622631018023404e-12,4.857088534706777e-13,1.451608982048546e-12,3.0069175470681207e-10,3.285667775378704e-06,2
476,05:22:00,1.5610571378500657e-10,5.787689615492274e-12,1.2543859869331355e-12,5.870599242209184e-13,1.4684495854629838e-12,2.818547416208775e-10,3.2475419408764236e-06,2
477,05:22:30,1.0845917368544349e-10,4.700803072463258e-12,1.9545860547240747e-12,4.728584002002849e-13,1.3446961716997084e-12,3.652095913779602e-10,3.3238501138217844e-06,2
478,05:23:00,1.0421253379946497e-10,8.697086802901281e-12,6.335250623969158e-12,1.1998183207810276e-12,4.103340372412226e-12,4.643271835777929e-10,3.4014655504688727e-06,1
479,05:23:30,9.50836657846845e-11,4.555794555243114e-12,2.0865010155385347e-12,6.25397721692208e-13,1.3977785145172014e-12,3.6574157811265087e-10,3.344060078905603e-06,1
480,05:24:00,6.571400262780589e-11,6.8302201606714e-12,3.67815882727944e-12,1.3112291717356177e-12,2.3266520781130332e-12,3.868384744921112e-10,3.333390230359226e-06,2
481,05:24:30,3.948115777752156e-11,4.345689313728459e-12,1.6316488401441228e-12,5.851034623202006e-13,1.3077765046225935e-12,2.1032797514974178e-10,3.0973872257381358e-06,2
482,05:25:00,8.236477429970708e-11,9.449321984401923e-12,3.906706601093644e-12,1.1241929952548338e-12,2.3587513834057034e-12,4.596089424249159e-10,3.235202171644373e-06,2
483,05:25:30,6.033423623408714e-11,4.785212004822797e-12,1.5803800309847565e-12,5.529546203504e-13,1.0971047933124962e-12,1.8937625839155224e-10,3.12381517357611e-06,2
484,05:26:00,5.7934505016557736e-11,5.0528361103238565e-12,1.6337719909725011e-12,6.010061635982284e-13,1.1709624739998093e-12,1.8886324788902366e-10,3.2328076811621556e-06,2
485,05:26:30,6.090140207337816e-11,3.774634065396827e-12,1.8117050983347357e-12,4.966774673852777e-13,8.87292221748844e-13,2.3696834795719554e-10,3.1965818687787285e-06,2
486,05:27:00,8.593520897525352e-11,4.383417530915895e-12,2.5272569179142866e-12,4.994233944650469e-13,1.2409659921098598e-12,2.870247779082359e-10,3.1253944560157027e-06,2
487,05:27:30,1.2867500269048228e-10,6.9377159693283236e-12,1.6446693502683512e-12,4.2841509496447275e-13,8.79218632629768e-13,2.2849006262219244e-10,3.0331304058795665e-06,2
488,05:28:00,7.220486120969427e-11,5.2971821821866275e-12,2.130529133744288e-12,6.473666701754115e-13,1.996346063846475e-12,2.1055653499533997e-10,2.9721962538827646e-06,2
489,05:28:30,6.804033879031746e-11,7.222584119782283e-12,3.009137136567833e-12,6.984440335267053e-13,1.5925944265375291e-12,2.622237570395359e-10,2.7627751870810313e-06,2
490,05:29:00,6.232226726932532e-11,8.716022343435186e-12,4.207271028809768e-12,8.865531443878076e-13,2.6256533302664826e-12,1.437318100727528e-10,2.655597847412459e-06,2
491,05:29:30,4.310738817542226e-11,3.6018385877779395e-12,1.4346789938372626e-12,5.740790454704383e-13,9.414566314510178e-13,1.6542953854059941e-10,2.7634872721590693e-06,2
492,05:30:00,4.747046064224262e-11,4.416419890532919e-12,1.5243998692702382e-12,4.4786295830347593e-13,6.277792644717595e-13,2.3739124538302485e-10,2.782909468623109e-06,2
493,05:30:30,1.2932782626868634e-10,7.601285072419387e-12,2.9722481858954345e-12,6.729578194777907e-13,1.9205824619339892e-12,2.8279413756813527e-10,2.8504201644134814e-06,2
494,05:31:00,9.844458088822126e-11,8.896323567538102e-12,3.9423200266739184e-12,1.3980940756236749e-12,3.0124225982604873e-12,4.463585498734568e-10,2.8784597797365845e-06,1
495,05:31:30,6.674570160982896e-11,7.987164006021674e-12,2.791683090248152e-12,6.313735047964777e-13,1.2196650202757467e-12,1.9711120545715392e-10,2.4228045348393555e-06,1
496,05:32:00,4.6432415571956606e-11,8.511251404289377e-12,3.761481479310602e-12,8.392159290801938e-13,1.9423347187209893e-12,1.8531302020071356e-10,1.7125257011081397e-06,2
497,05:32:30,6.447291612724672e-11,4.7275355406544716e-12,2.4469615096876097e-12,1.3052444496002356e-12,2.851750730098313e-12,3.545307650435833e-10,2.2487788958600736e-06,1
498,05:33:00,2.280719943462947e-11,7.158310385860474e-12,1.916722176791313e-12,6.689796138085531e-13,1.034704765038372e-12,9.647803437145237e-11,1.145494300649867e-06,2
499,05:33:30,4.090362963843259e-11,7.685834963436676e-12,2.1300379613852575e-12,7.376903614530596e-13,1.1007811314815287e-12,8.959358361525746e-10,1.8229812335785478e-06,4
500,05:34:00,1.2335300426077461e-11,4.278569875688618e-12,1.5158427173119157e-12,7.369070624063598e-13,1.1393878226429412e-12,1.0175038235346127e-10,1.206021612978726e-06,4
501,05:34:30,5.970641748509313e-11,5.074194774927252e-12,1.524739027348192e-12,6.837509709891541e-13,1.1290824918879295e-12,2.425273849828464e-09,1.5168125901010857e-06,4
502,05:35:00,1.4029323740544324e-10,5.1579761510215e-12,2.9020305432419564e-12,1.3297520501344872e-12,1.253469376552538e-12,1.4943732307645934e-09,2.0408735489988475e-06,1
503,05:35:30,1.5071295330092146e-11,4.513240702631963e-12,1.7535493085465508e-12,8.213447645752399e-13,7.180967813748621e-13,3.9019079402665797e-10,1.2380245187510455e-06,4
504,05:36:00,6.301341727167398e-11,4.595775060686556e-12,1.7364642599090677e-12,6.254233641829533e-13,8.455554498756356e-13,1.1143516119560907e-08,1.052447833287871e-06,4
505,05:36:30,7.329765767195899e-11,6.010235028021511e-12,1.6238916910078977e-12,1.162133774723475e-12,1.073804965819686e-12,5.617262826803858e-09,1.958753758199808e-06,4
506,05:37:00,1.5085028738750487e-11,3.986161551590786e-12,8.281388213544777e-13,6.867657725001822e-13,7.169169834617291e-13,1.4472766651314402e-09,1.1700811708678311e-06,4
507,05:37:30,1.8908321016718893e-11,2.115893622026796e-12,1.0583597939277071e-12,7.85630706237725e-13,7.923584217297651e-13,1.1822868199461898e-09,1.6175849970264127e-06,4
508,05:38:00,6.033316392583314e-11,3.97987020802969e-12,1.5029309213892919e-12,6.339734070207357e-13,9.554076979479553e-13,3.870372771948918e-09,1.2396873508076832e-06,4
509,05:38:30,6.769754031549335e-11,4.402030611238441e-12,1.327030899890498e-12,8.563972727993652e-13,1.0479985492205286e-12,7.1208701395877e-10,2.0819140373782073e-06,4
510,05:39:00,1.5867084961755657e-11,3.201795528079182e-12,1.7545015314830122e-12,7.399568297673987e-13,9.017492627214784e-13,3.9438601982330866e-10,1.4274048248166334e-06,4
511,05:39:30,1.928859654357318e-11,3.733482658499445e-12,1.9110014641016715e-12,1.0205986789842452e-12,1.3178530413165962e-12,5.774470955477003e-10,2.107622848115795e-06,4
512,05:40:00,5.470341066633025e-11,4.7806729428682315e-12,1.8265457973599066e-12,1.0091525160851977e-12,8.868228001059589e-13,5.694468350308661e-10,1.7194289431292268e-06,4
513,05:40:30,5.619973974066438e-11,2.557408486344082e-12,1.1947395941645625e-12,3.5771209106775614e-13,5.186422971929744e-13,5.721101621726886e-10,1.3652318163093344e-06,4
514,05:41:00,1.4621057759572787e-10,2.532917706933129e-12,2.1116966862943775e-12,1.3037667502205534e-12,1.7410522575885552e-12,9.630744780234926e-10,3.2193614597617707e-06,1
515,05:41:30,1.2295920609260102e-11,3.514695719503846e-12,1.907211071800264e-12,2.2883153096929664e-12,1.9756794575296858e-12,1.708703585003893e-10,2.6810471652594777e-06,1
516,05:42:00,1.715010714929769e-11,6.150483537273902e-12,2.4565574278082127e-12,1.2640925658463161e-12,8.802369694620035e-13,1.2129646204317686e-10,2.2721582458050863e-06,1
517,05:42:30,1.580379371561717e-11,5.507511832311955e-12,3.0088737939292464e-12,1.0363609421699685e-12,1.4382481239028952e-12,2.1756105140137816e-10,1.7827810294617666e-06,1
518,05:43:00,3.762437215199096e-11,6.635038731599026e-12,2.754690288727903e-12,1.1781303805824834e-12,1.5619046258489081e-12,2.8815930072015983e-10,1.979977413641214e-06,2
519,05:43:30,1.4008695364441236e-11,4.40023180998941e-12,1.2616202955085205e-12,6.769984165622766e-13,1.1230331377588242e-12,2.5547658524350545e-10,1.8489644158865663e-06,2
520,05:44:00,4.670326431576925e-11,4.1038977119646096e-12,2.4558502609732993e-12,1.5457209050941198e-12,1.8479389676735847e-12,2.4535079618393344e-10,2.5896883950829104e-06,1
521,05:44:30,2.4947478090271202e-11,4.6382590062736854e-12,1.7461653892007185e-12,8.308315514835595e-13,1.150391839856e-12,3.9985094831770624e-10,1.8958986854259868e-06,4
522,05:45:00,2.4212935295983487e-11,8.687780179160069e-12,1.8219562600183615e-12,7.946764229790245e-13,1.0212479342472344e-12,1.857211504924631e-10,1.6392628982824453e-06,4
523,05:45:30,3.16975263906495e-11,4.5330545442831465e-12,1.6652193236471906e-12,9.999692119828685e-13,1.0860888368556194e-12,2.557188727157265e-10,2.0834200503377852e-06,4
524,05:46:00,3.5559419779667253e-11,4.6840980420899625e-12,1.6767654705798882e-12,7.702363836195929e-13,8.624048240336749e-13,2.063304713762055e-10,1.9773074727148955e-06,4
525,05:46:30,1.3147243245147308e-10,7.114502910130979e-12,2.039322473444519e-12,8.703847393282543e-13,1.1464919451270566e-12,4.0261306719191475e-10,2.0745500858591685e-06,4
526,05:47:00,5.1541804439162684e-11,3.2372989197648896e-12,1.941062908451876e-12,1.1990595703053418e-12,1.3411818772465557e-12,1.4700188053909515e-10,2.3974821873636797e-06,4
527,05:47:30,1.3234740449095388e-11,5.044081442757318e-12,1.5377722072898202e-12,8.406091333739585e-13,1.4350321056491173e-12,1.4706807164597292e-10,1.6047842559339307e-06,4
528,05:48:00,7.110566847382294e-11,5.818405704519521e-12,2.705378603497622e-12,1.7141083212349468e-12,2.2789238574705593e-12,1.369908285260348e-10,1.950345085239159e-06,4
529,05:48:30,1.1192765509209174e-10,5.5043562987072674e-12,1.821055857841697e-12,9.388755963106935e-13,9.404243162650479e-13,1.6734890474590594e-10,1.850969153983754e-06,4
530,05:49:00,2.6065517007779444e-11,6.4645360327374135e-12,2.6186191695104004e-12,1.3497017626445169e-12,2.836413680247726e-12,1.190879005630908e-10,2.1051321454951213e-06,4
531,05:49:30,2.6147865295028593e-11,7.452490191665616e-12,1.762144519829013e-12,1.0559212065861729e-12,1.3370077315548341e-12,1.0940825752938976e-10,1.8363753131056814e-06,4
532,05:50:00,2.8895294622922312e-11,6.204878008022392e-12,2.3234792186832854e-12,1.263061362639439e-12,1.4368499998883806e-12,2.018375450526601e-10,2.016653713669393e-06,4
533,05:50:30,4.493161339298974e-11,3.211701627504354e-12,1.1675071850904155e-12,6.654201398553388e-13,7.053150750264957e-13,4.767981208594228e-10,1.2637075294994318e-06,4
534,05:51:00,8.976689386584885e-11,3.5247418062107556e-12,2.025375813205903e-12,1.3125859703772822e-12,1.6517277011935543e-12,1.1257849415335018e-09,2.517827271768084e-06,4
535,05:51:30,2.0192803132523242e-11,2.606956144443486e-12,1.9771248736899607e-12,8.951492772185522e-13,1.4043660013421106e-12,1.9269999939974948e-10,1.417343552654369e-06,1
536,05:52:00,3.7641097812747544e-11,5.2896293917164926e-12,1.8681589028484027e-12,9.64424841376628e-13,2.1709406837536393e-12,1.555285637500684e-10,2.258306684231466e-06,2
537,05:52:30,1.2639467296463102e-10,8.469105479424798e-12,2.6988808111226905e-12,8.587186966755898e-13,1.238872557720794e-12,2.0752478250121934e-10,1.955012011740819e-06,2
538,05:53:00,6.970759861550629e-11,4.7500921130822794e-12,2.2345063591399122e-12,1.1788631275732305e-12,2.779337632620114e-12,1.7002459143351692e-10,2.081427031133164e-06,1
539,05:53:30,4.017773163283752e-11,6.977416100826367e-12,3.1740861459061422e-12,1.0937172421704967e-12,2.6899571362286658e-12,1.331995777332254e-10,2.072933889314582e-06,2
540,05:54:00,5.6600499946553503e-11,6.0538519300340815e-12,2.9932510025047794e-12,1.3296029133737105e-12,2.0816982223863844e-12,1.8131149661295156e-10,2.265390421206977e-06,2
541,05:54:30,3.831502396264351e-11,6.345127743480182e-12,2.5184512338806982e-12,7.886181070757984e-13,1.6333209388062613e-12,1.194177866802486e-10,2.231330615478156e-06,2
542,05:55:00,8.89970599724227e-11,5.1590121105812765e-12,2.545161063732407e-12,1.1272851228431792e-12,1.8012221794237122e-12,2.0323414429681574e-10,2.6121112575361816e-06,2
543,05:55:30,2.636583864758175e-11,2.7092528678522823e-12,1.5557472754650102e-12,7.666438623164661e-13,1.337116815429173e-12,1.0026241930593524e-10,2.2109850391321394e-06,1
544,05:56:00,4.9996709763882906e-11,5.875192046577819e-12,1.8214761817196912e-12,8.73001293837511e-13,1.4661713084345543e-12,2.1909518764547632e-10,2.0944654749233433e-06,2
545,05:56:30,7.903430214408066e-11,4.532843378280372e-12,2.178322600225759e-12,7.819519466013973e-13,1.685043453821604e-12,1.3496101080331047e-10,2.252621549085347e-06,1
546,05:57:00,3.591846012792046e-11,3.749774504553229e-12,1.8930892405040105e-12,7.33574604587478e-13,1.746435988445209e-12,1.3975402170723128e-10,2.3271043913643687e-06,2
547,05:57:30,2.1272554514325055e-11,2.589394671558378e-12,1.935551585571148e-12,5.316463066968048e-13,9.985081118032319e-13,1.2786773208161476e-10,2.3202346766240306e-06,2
548,05:58:00,1.275175077998267e-10,5.1566037210840395e-12,1.7094793274261009e-12,4.3834897157002815e-13,6.76337332732996e-13,1.7152903981625353e-10,2.3540010743862806e-06,2
549,05:58:30,1.0348372955406875e-10,7.794134687193937e-12,3.728537190867155e-12,1.1348423902339095e-12,2.9721371198711133e-12,1.738304976500277e-10,2.4290524749655527e-06,2
550,05:59:00,2.7286236145931364e-11,4.264838548335275e-12,2.1542701906364366e-12,7.909097964378347e-13,1.718493915900254e-12,1.0085046065881086e-10,2.0495911402667665e-06,2
551,05:59:30,1.0496884030862498e-10,5.947875721298514e-12,3.643153145885664e-12,1.956321324456447e-12,4.241145004634637e-12,2.2839475404179877e-10,2.564782062988667e-06,1
552,06:00:00,1.797874513125852e-10,4.024133624692602e-12,3.1617550821513892e-12,3.3278017622545885e-12,6.64861320849618e-12,3.4342428169921625e-09,3.3328576934692127e-06,0
553,06:00:30,1.0370331325745078e-11,2.3374534580930506e-12,1.5877716382314184e-12,1.3718443277028676e-12,1.3682628134446143e-12,2.393679654880156e-10,3.1416317345748286e-06,0
554,06:01:00,1.776083674107862e-11,3.332592337006539e-12,1.2419564861413507e-12,8.299012789778581e-13,1.0923214644983532e-12,8.198697721718698e-11,2.309603066661533e-06,1
555,06:01:30,3.841761507424571e-11,3.018858000334283e-12,2.5618678061914596e-12,7.734108966023858e-13,1.7282191784130526e-12,1.1310384432046436e-10,2.312380968673369e-06,1
556,06:02:00,2.068128674588194e-11,4.118737728884222e-12,2.124122844938674e-12,7.469461120503281e-13,1.7111646804905757e-12,1.0230119380640143e-10,2.036987276635091e-06,1
557,06:02:30,2.0558191689999203e-11,3.155667073981979e-12,1.260182968083098e-12,5.552217526305064e-13,1.018995253659318e-12,9.224763824499968e-11,1.8295355267644476e-06,1
558,06:03:00,2.675973273669128e-11,3.870506435439869e-12,1.1180354295240537e-12,5.956456994896468e-13,1.0930883798229408e-12,1.0331922033328464e-10,1.6689903721227904e-06,1
559,06:03:30,2.5133025696219445e-11,3.1860133011248363e-12,2.254916438854393e-12,4.903961775676627e-13,8.958740329478054e-13,1.4419314765902393e-10,1.7771016123910533e-06,2
560,06:04:00,2.1402509377451075e-11,2.976936665273666e-12,1.4292712906914819e-12,6.622661489423522e-13,9.921852499581738e-13,8.593731112918944e-11,1.774383926360428e-06,2
561,06:04:30,3.616559573474326e-11,3.70366306091527e-12,2.3525341889327114e-12,6.568648190064161e-13,1.4423502279987815e-12,1.2161979120211169e-10,1.8247850162335098e-06,2
562,06:05:00,1.8577182579184137e-11,3.2226857600332556e-12,1.3100958311406761e-12,5.206794895921769e-13,8.283813407747101e-13,1.0011749788210293e-10,1.8445622511052797e-06,2
563,06:05:30,4.0455921932595604e-11,6.388250789040423e-12,4.674244079179843e-12,1.4429555475287628e-12,3.72377001101651e-12,2.4016553950031937e-10,2.4833635219396127e-06,2
564,06:06:00,3.745992334521389e-11,4.917818960448253e-12,2.6965025169329925e-12,9.462452228049028e-13,2.237472989899851e-12,2.219010713053898e-10,2.171728952996043e-06,2
565,06:06:30,1.2024376481910682e-11,3.155291414405341e-12,2.0805875492525615e-12,6.69658946630073e-13,7.401670521493971e-13,9.2506285815249e-11,2.2429595235075965e-06,1
566,06:07:00,2.521997434371471e-11,2.349936154314881e-12,1.016046432762042e-12,5.528629736924042e-13,9.184081218337033e-13,9.930136328981409e-11,2.1261160367914193e-06,2
567,06:07:30,3.1213366592866976e-11,4.12364233667332e-12,2.242962090202608e-12,7.7363835191458e-13,1.6325331765464444e-12,1.1398759760012284e-10,2.6208483887041556e-06,2
568,06:08:00,2.727607818033399e-11,4.062228834752145e-12,2.328939884810915e-12,7.937235158836745e-13,1.4011135494417962e-12,1.115611151970672e-10,2.635250754187621e-06,2
569,06:08:30,2.322569106884598e-11,2.7787219022656642e-12,1.3646058743418454e-12,5.172496767550753e-13,7.60289814357255e-13,7.694617994393584e-11,2.484721267481465e-06,2
570,06:09:00,1.564368789777983e-11,4.42691479670617e-12,2.7764255976748123e-12,9.629759928136149e-13,2.099000753199577e-12,1.0918307499768357e-10,2.211553382376708e-06,2
571,06:09:30,1.742780967107422e-11,2.624637916329826e-12,1.2422647748088424e-12,4.625379416738613e-13,7.637579373474536e-13,8.563527302242503e-11,2.292094983978655e-06,2
572,06:10:00,1.9429871729314555e-11,4.000496645975794e-12,2.0569547761239223e-12,5.694298944352082e-13,1.36607879763099e-12,1.1123524681484605e-10,2.330821715110691e-06,2
573,06:10:30,1.8270628446587338e-11,4.072223291013967e-12,1.180795778638742e-12,4.218315417842697e-13,5.781639860204479e-13,8.499927707059742e-11,2.426610293703113e-06,2
574,06:11:00,2.3845670440695437e-11,3.5561978156260546e-12,1.8530353614952192e-12,5.206631086304443e-13,1.1500491640666337e-12,9.290013239621116e-11,2.4086904429593035e-06,2
575,06:11:30,2.6016027376732106e-11,3.861939847241192e-12,1.2369878312954274e-12,4.821065755976085e-13,6.140743196002681e-13,1.3426469919868663e-10,2.4794887467749333e-06,2
576,06:12:00,3.316236909536649e-11,3.764395595302285e-12,2.0021843864372247e-12,3.68904738605107e-13,7.730586437793281e-13,1.3300230746423092e-10,2.417957968708647e-06,2
577,06:12:30,2.5111589352360983e-11,3.6981056966510925e-12,3.0564383538762844e-12,8.134853977734447e-13,2.295102319150418e-12,1.248367358089475e-10,2.5563717958426204e-06,2
578,06:13:00,1.9864726216813e-11,4.452856193764656e-12,1.885205973264163e-12,5.713712265417507e-13,1.290505567517236e-12,1.2163963557174963e-10,2.539967733104662e-06,2
579,06:13:30,4.2185759906459075e-11,7.0020226700092e-12,5.326194414581488e-12,1.247588646758068e-12,3.5154496955158456e-12,1.5027375964421968e-10,2.550771426415949e-06,1
580,06:14:00,6.51937685717331e-11,5.619464456137732e-12,3.794383294505729e-12,1.535509999531108e-12,3.96438774484014e-12,2.720563336377758e-10,2.910978235005e-06,1
581,06:14:30,1.5664336938852796e-11,3.2676386037240943e-12,1.979687563255389e-12,7.764853310243682e-13,1.852998475601554e-12,1.0663360664264354e-10,2.0905651856175096e-06,1
582,06:15:00,4.5551797453891745e-11,4.688328078615498e-12,4.739344355596638e-12,3.023297396527704e-12,3.6804322475301045e-12,2.2541603758646518e-10,2.753741682689821e-06,1
583,06:15:30,3.9530603908401817e-11,4.036056815554843e-12,2.7753828948745085e-12,9.519690023443396e-13,1.4844868071854506e-12,1.1217760376118803e-10,2.519239625996384e-06,1
584,06:16:00,2.075324472221755e-11,3.6278474462345675e-12,2.3715877029307594e-12,6.442004475636483e-13,1.7880119650625055e-12,8.458244415421289e-11,2.2226980080304554e-06,2
585,06:16:30,2.5359967481421078e-11,3.872094122433472e-12,1.6635284566096358e-12,5.262513399009092e-13,8.310035017432642e-13,7.135872230137595e-11,2.0497111817502495e-06,2
586,06:17:00,2.5484748114493723e-11,3.249029909373704e-12,1.6397785316028451e-12,5.839801135472889e-13,1.1836797152572635e-12,1.2662106198918516e-10,2.0441947153974976e-06,2
587,06:17:30,1.8307856909353852e-11,3.962898615809556e-12,1.2831143168346274e-12,6.163523612392014e-13,1.1071817232197727e-12,1.1495573142496334e-10,1.9774275487375403e-06,2
588,06:18:00,2.780682514942448e-11,5.534997307984594e-12,1.4441590822489422e-12,5.252110415454895e-13,1.052314351458634e-12,1.1747050828077833e-10,1.9201059249987505e-06,2
589,06:18:30,3.76488795722297e-11,3.94424447564549e-12,1.6688596771441398e-12,4.919500517388937e-13,8.054460026043216e-13,1.6220398133549206e-10,1.8415922767189669e-06,2
590,06:19:00,2.575874273668402e-11,3.983804333696937e-12,1.31137339536489e-12,5.007808037284886e-13,8.039865501029538e-13,1.0020305429954836e-10,1.64348724218835e-06,2
591,06:19:30,3.231692247252396e-11,5.194456180908762e-12,2.2078342603967547e-12,6.022587682966179e-13,1.059834629905578e-12,1.0088276492849829e-10,1.5969372535041488e-06,2
592,06:20:00,2.8989769068664764e-11,5.702460737178764e-12,2.1876504318228273e-12,6.006330238993117e-13,1.2650656641726e-12,1.3683671454221572e-10,1.6530553574286826e-06,2
593,06:20:30,4.171699713302061e-11,3.2485399604337608e-12,1.5716324152884212e-12,5.325730017020812e-13,1.1399814911820935e-12,1.3349986811752358e-10,1.5474262140595998e-06,2
594,06:21:00,3.069928129324828e-11,5.347575190759233e-12,1.5852546482766076e-12,4.1037220218383725e-13,9.858494699200443e-13,1.1501023674427097e-10,1.479978298602241e-06,2
595,06:21:30,4.03113618585144e-11,5.1365488713303345e-12,1.820300713294017e-12,4.572519541527854e-13,1.0084272650086496e-12,1.2399142013060571e-10,1.5056992149289746e-06,2
596,06:22:00,4.3543151097793566e-11,3.7643637070693194e-12,1.7693630530026444e-12,4.559936926843419e-13,8.926188668826653e-13,1.8254882843521165e-10,1.6164081340460322e-06,2
597,06:22:30,5.944736056817837e-11,4.676777255479026e-12,2.165381428730497e-12,6.902034859311371e-13,1.6456123187513957e-12,2.7864734437843764e-10,1.5456494006662635e-06,2
598,06:23:00,6.722756100826051e-11,3.65445466999251e-12,1.4607345087883796e-12,5.818342969519059e-13,1.1685593113788086e-12,1.582451771080012e-10,1.4966927842970888e-06,2
599,06:23:30,4.987838400107121e-11,4.860004232547975e-12,1.1395770393450996e-12,4.323060111884756e-13,9.675381165760614e-13,1.382393545325121e-10,1.6249567451493571e-06,2
600,06:24:00,4.232895463860017e-11,4.848527275033204e-12,1.5929732140930532e-12,4.388713248339693e-13,1.1160606416226819e-12,1.335667270874923e-10,1.5750316405383887e-06,2
601,06:24:30,6.599086676685408e-11,4.173715732473704e-12,9.691211018481085e-13,4.2163001093741725e-13,7.175206654918843e-13,2.8503816255778727e-10,1.6502358579703955e-06,2
602,06:25:00,8.895500564575398e-11,5.191343197799982e-12,1.5026330342180294e-12,4.184775375356018e-13,7.055728098133069e-13,1.696823021740474e-10,1.6140764156804703e-06,2
603,06:25:30,4.639361920837741e-11,5.461341106944732e-12,2.3820611805650514e-12,5.743981252876418e-13,8.688079597113693e-13,1.7500061743445897e-10,1.91048363829135e-06,2
604,06:26:00,9.145162848521399e-11,4.3925655961880545e-12,2.2560013656812297e-12,4.4652921960951424e-13,9.733163555086257e-13,3.21515129172883e-10,1.6208253220035384e-06,2
605,06:26:30,5.380670479112086e-11,5.290202005025305e-12,1.2917108596006906e-12,4.0203472407384464e-13,7.096580942791162e-13,1.8161230748215683e-10,1.5943955812785981e-06,2
606,06:27:00,6.396085561181867e-11,5.188309481388863e-12,1.6468064435930983e-12,4.4843751602140287e-13,9.433917592058539e-13,1.8762199681244287e-10,1.6295846264326561e-06,2
607,06:27:30,8.665439441703183e-11,4.37404615289994e-12,1.7865690087688077e-12,4.978427099075099e-13,1.256365691936823e-12,3.32050403489523e-10,1.5166363964091274e-06,2
608,06:28:00,6.98653077731265e-11,4.82942286559284e-12,1.1904222334287475e-12,4.338979475187083e-13,1.0738538609375856e-12,4.447348727684516e-10,1.6893982951908466e-06,2
609,06:28:30,5.114948017142001e-11,4.6177467720238025e-12,1.614840652148603e-12,4.1546638411606433e-13,8.404888366354286e-13,2.2376706172520917e-10,1.7607854274140885e-06,2
610,06:29:00,3.129968145305445e-11,5.177254554497264e-12,1.6045873591209973e-12,3.855935169585145e-13,7.287439225214385e-13,1.9935560174843197e-10,1.823204788147941e-06,2
611,06:29:30,7.566293328432424e-11,6.247034639567936e-12,1.6455134667203426e-12,4.0430501611419375e-13,8.487693513745259e-13,2.626177218200865e-10,1.8715152738290566e-06,2
612,06:30:00,8.807253163198865e-11,4.799084268083546e-12,1.6301259491029878e-12,4.557591842551369e-13,7.583825052030419e-13,2.2485907198615532e-10,1.704497710045604e-06,2
613,06:30:30,6.151608113686237e-11,5.467147275573703e-12,2.1131975067759765e-12,5.643258896138821e-13,1.7004082255038873e-12,1.5088040135776528e-10,1.6825354401024387e-06,2
614,06:31:00,3.806850355034638e-11,4.211955268790623e-12,2.0331840272899667e-12,4.202185491358307e-13,7.308193202172266e-13,1.53866041868671e-10,1.613528849133186e-06,2
615,06:31:30,5.812509447370534e-11,4.091769625024737e-12,1.6024529778018037e-12,4.1734730963660495e-13,8.941100255189564e-13,3.52238709389557e-10,1.71586374454267e-06,2
616,06:32:00,3.6535435963078095e-11,5.414559073843319e-12,1.729091017178133e-12,4.554089939675036e-13,1.1120727242440255e-12,1.3652613126555508e-10,1.763663325487694e-06,2
617,06:32:30,6.168804819841003e-11,5.956642839390495e-12,1.4159059177361335e-12,4.2428899580379063e-13,6.776258592755583e-13,1.812536841271975e-10,1.626984250036203e-06,2
618,06:33:00,7.18639640303875e-11,8.346905878137952e-12,3.9241511278591876e-12,9.765861975608619e-13,2.569796935662175e-12,3.2375126264344597e-10,1.7342843859590694e-06,2
619,06:33:30,2.6519502504202488e-11,4.259496643635663e-12,1.2477101488542099e-12,4.956628086684692e-13,1.1898346915591387e-12,1.3441915023298485e-10,1.6350566124444771e-06,2
620,06:34:00,6.271603240946164e-11,4.554705523548126e-12,1.6835828755622748e-12,5.025987921462053e-13,1.5048563397517628e-12,2.5306846684764167e-10,1.6116837977653999e-06,2
621,06:34:30,4.6073744311250246e-11,3.741049126103167e-12,1.6362336158901334e-12,3.7447095091471e-13,7.043951066048148e-13,1.7770946512741698e-10,1.5670491082190728e-06,2
622,06:35:00,4.69712080181034e-11,4.523601587180908e-12,1.7868624867055416e-12,4.485689134366456e-13,1.0793996017383225e-12,1.7408175170235352e-10,1.5839051327958395e-06,2
623,06:35:30,7.159548991661382e-11,5.741962353991622e-12,1.5379660409149672e-12,3.875327517815972e-13,9.179349654125766e-13,3.3185039772149034e-10,1.7432074497201255e-06,2
624,06:36:00,1.1244951820305887e-10,6.320511315422854e-12,4.565675995047911e-12,2.457992408943788e-12,2.9761198675785703e-12,3.105916098938417e-09,3.2605347232013866e-06,0
625,06:36:30,6.590293881454225e-11,3.5585858726638316e-12,1.9084318683816064e-12,9.710356682328384e-13,8.266596564833185e-13,3.7248856955662807e-09,3.4415926377790544e-06,0
626,06:37:00,1.0820286756738384e-10,2.2484933208202214e-12,1.9995193304627746e-12,1.7756834508539924e-12,2.8086614703548505e-12,4.551663656963476e-09,3.494348375017935e-06,0
627,06:37:30,2.3019739495442732e-11,2.66677810579757e-12,2.8350468827437752e-12,1.6290077038571467e-12,2.617019321111057e-12,4.659304158098966e-10,2.0055048553581887e-06,0
628,06:38:00,8.0810540005059e-12,1.5476087080207214e-12,2.1183358313184527e-12,1.4049816316991838e-12,1.7540870582373602e-12,1.4760664282663158e-10,3.023425268203423e-06,0
629,06:38:30,4.72598636120846e-12,1.6703266074900729e-12,2.0176975458592918e-12,1.3502972812237011e-12,1.9516024640953124e-12,1.186605627811017e-10,3.1450127030130307e-06,0
630,06:39:00,3.86596268555873e-12,1.3709496747837803e-12,1.6400475403871696e-12,1.3769234818567943e-12,1.527858593638456e-12,2.2262718408120676e-10,2.9951200105482127e-06,0
631,06:39:30,8.849127770973923e-12,1.6158815822320184e-12,1.5279575033233763e-12,1.2347111166990371e-12,1.251713207351202e-12,1.8573295123501664e-10,3.082500800000078e-06,0
632,06:40:00,4.824215500728455e-12,1.2854449494579558e-12,1.781946847041985e-12,1.5940419999129133e-12,1.5414808994257989e-12,3.155892551867314e-10,3.0783254718305615e-06,0
633,06:40:30,7.687501358399898e-12,1.0771553120601782e-12,1.1742719898730597e-12,1.1181969525452114e-12,1.0403792619035232e-12,3.856532815296629e-10,3.2145201799589784e-06,0
634,06:41:00,6.189439358102622e-12,1.6666566830026721e-12,1.1891967751245173e-12,1.6659899924597518e-12,9.134794809290957e-13,3.0922629502578205e-10,3.2740581839265555e-06,0
635,06:41:30,7.393587270390892e-12,1.6678818917706923e-12,1.5241693327786243e-12,1.52233459406621e-12,1.4360901551789228e-12,3.6102205175346226e-10,3.2552062573133005e-06,0
636,06:42:00,6.5257859610452356e-12,1.4682020454287119e-12,1.574790153311719e-12,1.3716244610507884e-12,1.3387877413725934e-12,1.7294815344290313e-10,3.137481504318889e-06,0
637,06:42:30,5.6815105937866155e-12,2.2391880173406694e-12,1.027790611442854e-12,1.3721761762267072e-12,1.2756562157263712e-12,4.936831435797317e-10,3.0742100789914263e-06,1
638,06:43:00,6.4284955712248484e-12,1.8543427720736106e-12,1.799006410233281e-12,1.7171746823291138e-12,1.08794705552761e-12,2.6786256745637884e-10,3.167921946256064e-06,1
639,06:43:30,1.0833027867244521e-11,2.508437175463621e-12,1.872551393933695e-12,1.0400983745255506e-12,8.853281444608837e-13,1.0636107771775849e-09,3.1996452364934327e-06,1
640,06:44:00,6.74565653612155e-11,4.457827426004869e-12,3.545395868670343e-12,4.461788321071258e-12,6.80146077951304e-12,3.3382813370544507e-09,2.6376588725489943e-06,0
641,06:44:30,4.834618401915018e-12,1.4379142524896647e-12,1.463361514063961e-12,1.6476164145741382e-12,1.3377002228843666e-12,3.233918155472607e-10,2.265445672067081e-06,0
642,06:45:00,5.773955052682075e-12,1.237751905400494e-12,1.1410880253771911e-12,1.410129070970285e-12,1.1902376968503768e-12,2.2403513791188208e-10,2.394843361680875e-06,0
643,06:45:30,7.123512756513479e-12,1.248863793705049e-12,1.2485536566061118e-12,1.7040410719630957e-12,1.1142224577631856e-12,3.129945185600176e-10,3.0281671090579486e-06,0
644,06:46:00,1.0843740017841072e-10,1.1480660612891992e-11,2.0471612503134835e-12,1.2103506961486353e-12,1.4017912124705552e-12,1.2172812123319325e-08,2.7971407599717395e-06,0
645,06:46:30,1.9479453277387568e-10,1.507610803655608e-11,2.242122763943994e-12,1.104809532843715e-12,1.600866227267249e-12,2.4520220091581925e-08,2.9756310033705043e-06,0
646,06:47:00,5.2568705363793744e-11,3.129794517679937e-12,3.08309152078993e-12,2.4797000400094435e-12,2.551880122713624e-12,4.704423717781999e-09,3.2304834707998953e-06,0
647,06:47:30,2.7882164732248955e-10,1.7318402601499336e-11,3.283321058252903e-12,1.8944225008263415e-12,2.2590106660540413e-12,1.1304589608020955e-08,2.3616868649001415e-06,0
648,06:48:00,4.964087496498156e-11,4.0567253947241e-12,1.9753246809375533e-12,1.918928457484775e-12,1.9895159638324404e-12,1.9142716133967475e-09,3.326805117714512e-06,0
649,06:48:30,3.928631230240097e-11,3.957921052957905e-12,1.6237089911617997e-12,2.493282144503169e-12,3.307629220178498e-12,2.2716777845024617e-09,3.283135761735491e-06,0
650,06:49:00,4.655564706696402e-11,3.55481126074752e-12,2.2562027876149115e-12,2.6547628803802387e-12,2.5897135838741696e-12,3.7938041366166134e-09,2.987096396697967e-06,0
651,06:49:30,5.058030443419044e-11,2.979423473495043e-12,1.745927334273974e-12,2.0940938619968737e-12,1.5763082738586771e-12,1.099365207279879e-09,2.8428333846169285e-06,0
652,06:50:00,7.826522378007535e-11,4.646321573584661e-12,2.15199333361906e-12,1.868510388987636e-12,1.4466884647397895e-12,1.8267040808171607e-09,2.916694039723493e-06,0
653,06:50:30,2.390296909730949e-11,2.892636033011924e-12,1.3702164140765058e-12,2.154922945279821e-12,2.036932733058106e-12,6.791585349868934e-10,2.761773271313111e-06,0
654,06:51:00,5.1206926543125517e-11,5.735985059319974e-12,1.8804220354646786e-12,1.935693293052862e-12,1.9839186840299405e-12,1.751004672051094e-09,2.7385948643938457e-06,0
655,06:51:30,1.2029805133206153e-10,1.0385117404885823e-11,2.537934006021503e-12,2.859137249606299e-12,2.8942659392720293e-12,3.863918301931676e-09,3.062492172948782e-06,0
656,06:52:00,1.637775185331142e-10,6.058297929183386e-12,2.4617559435799086e-12,2.3137642431883216e-12,2.4219155624342324e-12,4.985197683929409e-09,2.585589193879556e-06,0
657,06:52:30,7.1528938920633766e-12,1.5535253174240372e-12,9.904579388407368e-13,1.3296424560604645e-12,1.4036061671864307e-12,1.119800692648167e-09,3.113088338199731e-06,0
658,06:53:00,3.7767422881372795e-11,7.1147741637038406e-12,5.423929201267759e-12,4.814831081742907e-12,3.771587002681093e-12,3.1033681364228274e-09,2.876820094619998e-06,0
659,06:53:30,9.781951666369206e-11,3.3349091000345597e-12,2.1802523477572834e-12,1.5987333828007947e-12,1.770338961410342e-12,4.825794364267761e-09,3.1104442469072728e-06,0
660,06:54:00,7.0827163515221e-11,7.554666989093502e-12,1.6103220582243944e-12,1.3937328623749002e-12,1.4502823511293963e-12,5.995773557132019e-09,3.556347505065477e-06,0
661,06:54:30,1.067229963442562e-10,9.895773115243009e-12,2.7506016854541325e-12,2.380822116416048e-12,2.4276295134379537e-12,4.578843705579638e-09,2.781424764830359e-06,0
662,06:55:00,2.1226977171776122e-10,1.962893198575495e-11,4.625217170044842e-12,2.098315799642927e-12,1.8524386157294534e-12,1.6902914516740432e-08,1.2126892252006312e-06,0
663,06:55:30,2.0429053727721453e-10,1.8685312502386346e-11,5.862817140834569e-12,2.0259223367179715e-12,2.5140757742797984e-12,2.0046170288895027e-08,3.339883864584077e-06,0
664,06:56:00,1.4127852332636694e-10,1.115593782931958e-11,4.188136419059863e-12,2.991002276702849e-12,3.2408183491739073e-12,2.2809374049331665e-08,3.4680124247827205e-06,0
665,06:56:30,2.2891928607910283e-10,1.1745363830616928e-11,3.331064265652221e-12,1.4579357529838843e-12,1.72065799631768e-12,2.2810203908328823e-08,3.3614256568518674e-06,0
666,06:57:00,1.4147473819945466e-10,1.0427506938672542e-11,2.796143620660804e-12,1.4704272961312588e-12,2.354364686174974e-12,2.3975283067679427e-08,3.4204190743517536e-06,0
667,06:57:30,1.0145607404360273e-10,1.3048174903735402e-11,3.4975632216717497e-12,1.7447033812693462e-12,1.6813279118418882e-12,1.5656792759993095e-08,3.019846187316063e-06,0
668,06:58:00,1.1444394055032207e-10,9.880662123242368e-12,2.661682701889342e-12,1.6476024846002774e-12,2.0734578829702066e-12,1.0618435552889408e-08,3.3658507855468567e-06,0
669,06:58:30,1.8815592363298265e-10,1.04259997987634e-11,3.296481255017057e-12,1.8030841481577745e-12,2.7618635909139955e-12,1.4638023565879616e-08,3.5004167713544138e-06,0
670,06:59:00,1.745083334404919e-10,1.3933550372152745e-11,2.7411181651387357e-12,1.4481834869649543e-12,1.8551771678051133e-12,2.293591020286473e-08,3.538206054848505e-06,0
671,06:59:30,1.4586150993384557e-10,1.9545809816018777e-11,6.154606247969484e-12,3.2378669079314803e-12,3.0228860592255494e-12,1.195949585306912e-08,3.4099889883912914e-06,0
672,07:00:00,4.197606324448684e-11,9.953431507653571e-12,4.086990967593053e-12,3.906963265249097e-12,4.358000895480254e-12,7.045804546147572e-10,3.367358343599703e-06,0
673,07:00:30,6.049875360903713e-11,7.845374313814035e-12,2.553588099330559e-12,2.300795664777552e-12,1.8242842125985904e-12,2.470247386544275e-09,3.4434371479452813e-06,0
674,07:01:00,1.2556040511769906e-10,1.5291426767665816e-11,4.413214115661392e-12,3.1604222712316855e-12,3.199156446467082e-12,1.353495327542112e-08,3.450470283779284e-06,0
675,07:01:30,7.114716484162859e-11,8.875095459643802e-12,4.0444201824612406e-12,3.2273042506379055e-12,3.0692250948680566e-12,6.449075146532876e-09,3.444748079978901e-06,0
676,07:02:00,9.855885118685179e-11,9.526081146703638e-12,3.672538768915952e-12,2.585302064691214e-12,1.9452945020846315e-12,5.763903766060478e-09,3.4683579700451336e-06,0
677,07:02:30,8.886617581216363e-11,1.6156395386159687e-11,4.257209722818394e-12,2.9441398821352668e-12,2.9067720509976135e-12,1.2007550438590708e-08,3.4818850864196065e-06,0
678,07:03:00,1.8758041989919605e-10,1.7072434029697692e-11,6.257413937455844e-12,3.863618166203095e-12,5.058661605394624e-12,2.891608409839211e-08,3.468055562696081e-06,0
679,07:03:30,2.079422482944163e-10,2.0201314502196803e-11,3.999937938836801e-12,1.5905547395594301e-12,2.5607415846760995e-12,1.9866127176916173e-08,3.454463994740404e-06,0
680,07:04:00,2.2563580841030494e-10,2.355542045277388e-11,4.231522774156136e-12,1.190500443000497e-12,1.3539215341442513e-12,2.1866565223107052e-08,3.479365961368299e-06,0
681,07:04:30,2.4427764451713426e-10,1.4342735549353141e-11,3.9888631604026075e-12,1.187343384338761e-12,1.7059552309229959e-12,1.9452282885119464e-08,3.5036843995422263e-06,0
682,07:05:00,1.7407719083193672e-10,1.6276613928675613e-11,5.203025526076354e-12,1.5332548156374091e-12,2.22854847567821e-12,2.4615965305962137e-08,3.520380724493277e-06,0
683,07:05:30,6.145265718138365e-11,4.50019030825351e-12,1.83087425217636e-12,1.0790926724059228e-12,9.217783983480317e-13,8.652993782431224e-09,3.4534969306775503e-06,0
684,07:06:00,5.901293181268534e-11,7.164330098637047e-12,1.833365400328434e-12,8.98805529886302e-13,9.583522338078478e-13,8.585251726246194e-09,3.412857256226016e-06,0
685,07:06:30,1.3568401756550042e-11,2.9515699025403872e-12,1.8429478404619075e-12,1.6334461289625498e-12,1.731096681173387e-12,3.413175385715937e-09,2.529886599795539e-06,0
686,07:07:00,2.995946656788884e-11,2.979183361194235e-12,1.5516091056716941e-12,1.5597587879852264e-12,1.579199157174457e-12,6.16109646444907e-09,2.981952425108198e-06,0
687,07:07:30,9.496996007393184e-11,8.87341164844382e-12,2.4934790227264285e-12,1.6033919122908342e-12,1.8830909693285027e-12,9.575108766337936e-09,1.7221157809457456e-06,0
688,07:08:00,8.738612045817114e-12,2.6158201197365344e-12,1.744299519964594e-12,2.0470671148088336e-12,2.1668987563495786e-12,3.3872071181376652e-09,2.330366973772189e-06,0
689,07:08:30,1.0467510826458519e-11,2.072636778669193e-12,2.4873523015564344e-12,2.4679698661167107e-12,2.1824443233494417e-12,3.492072579376551e-09,2.397880602593049e-06,0
690,07:09:00,7.727128289710844e-12,2.116174927004898e-12,2.4932578219596223e-12,2.252789804484573e-12,1.5935799787126695e-12,2.934976822880447e-09,2.915852836291274e-06,0
691,07:09:30,4.6454567047273054e-11,7.679644706398775e-12,2.932000962671182e-12,2.564083689059209e-12,3.0783291960029524e-12,5.4376974140173604e-09,2.846333708811258e-06,0
692,07:10:00,3.273203995948289e-11,5.3879230199046975e-12,2.67594953458534e-12,1.981903840175474e-12,1.504924238367213e-12,6.7496761383508694e-09,3.4577920197202153e-06,0
693,07:10:30,4.3030347662340395e-11,7.176995589139765e-12,2.892360809100995e-12,2.468163938603562e-12,2.1132423426734595e-12,6.906642962118717e-09,3.470454186980116e-06,0
694,07:11:00,2.4696021465456495e-11,6.496179113489196e-12,3.856511895514444e-12,3.660032254260652e-12,3.0599584294251676e-12,2.630049727337743e-09,2.211925569663303e-06,0
695,07:11:30,9.215184381219012e-12,2.935407708127708e-12,2.7011144404304434e-12,2.3597862205675776e-12,1.647906815107567e-12,3.2630384608431755e-09,3.3585994109161048e-06,0
696,07:12:00,7.40261779542532e-11,9.384617348777316e-12,3.0699159230748914e-12,3.0469956935926975e-12,2.453967008306416e-12,4.6727249690713016e-09,2.9602564554349865e-06,0
697,07:12:30,1.0804448038403921e-11,3.028350967592308e-12,1.4231103494945524e-12,1.7184787289190101e-12,2.1674752482555743e-12,2.364701023358028e-09,2.8567574994276055e-06,0
698,07:13:00,3.893739047655784e-11,4.416257384992283e-12,2.836006286048962e-12,2.0213156888935352e-12,1.9956539479059007e-12,6.239672228918306e-09,3.3800914686631065e-06,0
699,07:13:30,1.63519428083817e-10,1.6537754602083114e-11,2.948804596731644e-12,2.0120059974982934e-12,1.9695098458474403e-12,1.1082904806020355e-08,1.7642039158091277e-06,0
