index,start_time,eeg_delta_power,eeg_theta_power,eeg_alpha_power,eeg_beta_power,eeg_spindle_power,eog_var,emg_rms,label
1,00:22:00,9.699725655354904e-11,7.0625218197394e-12,4.20475079337711e-12,3.647213327559472e-12,4.264306693442999e-12,7.010613228494679e-09,3.5114399964575378e-06,0
2,00:22:30,2.5163248450967898e-11,4.8298105661498055e-12,2.719229982678865e-12,2.7600696973673557e-12,2.012183910872309e-12,1.5049605327012923e-09,3.429478368378041e-06,0
3,00:23:00,1.4129280545011995e-11,3.730266252639695e-12,2.840069038277798e-12,3.4011250723037612e-12,2.3044482098309092e-12,1.2314187742813892e-09,3.3427678750098616e-06,0
4,00:23:30,2.426591997893483e-11,5.3262552806746966e-12,2.752993488838641e-12,3.873689084354489e-12,2.8123051534827565e-12,2.1555972611966326e-09,3.4195054037566717e-06,0
5,00:24:00,5.0353811627996576e-11,5.33780181941296e-12,2.6366399972958165e-12,3.10653819796542e-12,2.7600395536177404e-12,6.722819819137797e-09,3.4907656949704642e-06,0
6,00:24:30,4.005221546872692e-11,4.1712126882120566e-12,2.899408282869985e-12,2.4583072907572017e-12,2.260562051977617e-12,6.6185927241176274e-09,3.5242002372135357e-06,0
7,00:25:00,1.5031048999606046e-10,1.4765619178699087e-11,4.191174038184656e-12,2.141239266195934e-12,2.6750218730493364e-12,2.1584724764916993e-08,3.4975133577303457e-06,0
8,00:25:30,1.1333841370703403e-10,1.2644669568240544e-11,3.104633289863846e-12,1.4607996517823923e-12,2.1646256129128707e-12,1.9148858922715876e-08,3.537271670314009e-06,0
9,00:26:00,2.1588647454658625e-10,2.031206373948076e-11,5.6908869790369815e-12,4.2646018373915885e-12,5.613707011671794e-12,2.7268869045864116e-08,3.535636777909769e-06,0
10,00:26:30,2.0976370974177232e-10,1.872785173955753e-11,4.056433264131792e-12,1.8836194190565462e-12,2.3616645601043747e-12,2.096230161371265e-08,3.524777799641816e-06,0
11,00:27:00,1.8323594104473417e-10,1.5296796493758202e-11,4.662882177508765e-12,1.8938864112394778e-12,1.5436311513726776e-12,1.7694385304606875e-08,3.488549992316793e-06,0
12,00:27:30,6.765404793127258e-11,6.821924985274398e-12,4.0606020386902716e-12,3.876766346357381e-12,3.4795892930366205e-12,1.5999949678331325e-08,3.4466896356341174e-06,0
13,00:28:00,1.333744443252469e-10,1.635859255663796e-11,3.4414331236303497e-12,1.8321287083430812e-12,2.4933110477728003e-12,1.872775266310312e-08,3.435470215154794e-06,0
14,00:28:30,8.302165047452118e-11,7.734687862301595e-12,2.3166520099279548e-12,1.3972560739550815e-12,2.061799431909945e-12,1.0906651226789256e-08,1.8775561408914539e-06,0
15,00:29:00,1.3449593004865917e-10,8.355464567515913e-12,2.5457185254053663e-12,1.0727617430833665e-12,2.098227775937169e-12,1.2560989916682675e-08,3.4704927492648214e-06,0
16,00:29:30,1.6178003337935257e-10,1.1039316799790707e-11,2.7489993816361204e-12,9.07517618633648e-13,1.218712112770222e-12,1.2051657602833038e-08,3.453128696105938e-06,0
17,00:30:00,1.6757687229993877e-10,1.1384174838955363e-11,2.930753315104613e-12,1.1137610967104272e-12,1.858665194084466e-12,1.1414495669200892e-08,3.496103877735677e-06,0
18,00:30:30,1.595771865506876e-10,2.4124149305489078e-11,4.675237691052376e-12,2.783312090134738e-12,3.663688363721506e-12,1.3816739567609212e-08,3.4415102220195754e-06,0
19,00:31:00,1.4904107875330325e-10,1.0311926250812656e-11,2.101424297667372e-12,1.3433621267401284e-12,2.4073089284816973e-12,7.45801222635817e-09,3.1476345383029293e-06,0
20,00:31:30,1.3269099397220982e-11,2.0143866820080433e-12,1.7183030367910725e-12,1.0010531845787643e-12,9.98608420625246e-13,3.3726890264456838e-09,3.51720383388175e-06,0
21,00:32:00,2.2117312716931503e-10,1.2390161978694584e-11,3.878425304923173e-12,2.698604697023289e-12,3.1270697162516924e-12,6.6503579969029e-09,3.560333227542909e-06,0
22,00:32:30,2.4143129096475674e-10,1.900391636222102e-11,3.6972717494678444e-12,1.0051327668198875e-12,1.7647424701538053e-12,1.4794051003369075e-08,3.5188170802209136e-06,0
23,00:33:00,1.458106868210856e-10,1.525155599618299e-11,5.585272159668607e-12,5.902314928003088e-12,5.068288714499207e-12,6.1359676537601645e-09,3.4760281938144018e-06,0
24,00:33:30,1.929773815187431e-10,1.752102987615959e-11,2.9731700054293263e-12,1.235280373729485e-12,1.926220806448496e-12,1.5508971023811427e-08,3.4557249965568008e-06,0
25,00:34:00,2.899333531454462e-10,2.1832501075944618e-11,3.880838423997606e-12,2.2042056628822333e-12,2.4928777504953302e-12,1.784211507311964e-08,3.516947143840184e-06,0
26,00:34:30,3.983849476637371e-10,2.5746435959492645e-11,4.994357775494164e-12,2.4978322424632858e-12,3.6112010956680055e-12,1.8310336190093534e-08,3.4017866173332188e-06,0
27,00:35:00,2.030488492108618e-10,1.6795827310202318e-11,2.9823462458805157e-12,1.6178889912957827e-12,1.795067133482244e-12,7.527807031639001e-09,3.4514963877721286e-06,0
28,00:35:30,9.521615816432925e-11,1.0941099921471983e-11,3.281698002396537e-12,1.9694344836630268e-12,2.716672487605535e-12,1.2299672937875079e-08,2.135620776729e-06,0
29,00:36:00,2.557115081207399e-10,2.273981261821533e-11,4.396032126572859e-12,1.3150839328468299e-12,2.452846105052215e-12,2.4656074562755246e-08,3.2163073493730163e-06,0
30,00:36:30,1.6883607904446458e-10,1.6848214247072427e-11,3.2470979065416526e-12,1.2703650079057588e-12,1.7045779892048706e-12,1.1079921159121548e-08,2.3595440968445654e-06,0
31,00:37:00,9.824516343594693e-11,7.412118372578184e-12,2.2832696120015122e-12,1.2817257709580664e-12,1.9451554369178183e-12,7.987544749087874e-09,2.6537588988773843e-06,0
32,00:37:30,9.530045532246543e-11,1.1436143306038633e-11,2.408172590730495e-12,1.9296990207791873e-12,2.4360376930006954e-12,3.747061622053025e-09,1.727972701243328e-06,0
33,00:38:00,3.094256789552693e-11,7.027922676482469e-12,2.7189743414811962e-12,2.64339586028787e-12,2.592797944278107e-12,3.141264505284457e-09,1.2189560423596738e-06,0
34,00:38:30,1.236509703832242e-10,8.492536476291886e-12,3.0867113112049335e-12,1.9728994599970754e-12,2.0185566655057893e-12,1.3315392305685301e-08,2.2051689212928895e-06,0
35,00:39:00,1.308563704327496e-10,1.0710470303165148e-11,3.581059573185887e-12,2.781485291164921e-12,3.3395934051375916e-12,1.1689062318020627e-08,3.364134113466091e-06,0
36,00:39:30,1.4584358216904307e-10,7.984839907959686e-12,2.7696947630570904e-12,1.5968775275259854e-12,2.3578399636602973e-12,1.3280300675085509e-08,3.3023243215719494e-06,0
37,00:40:00,2.303366245886583e-10,1.5372022236906187e-11,2.1830428634411684e-12,1.1479638253156581e-12,1.4498202701560935e-12,1.0587413513780376e-08,3.202670281658175e-06,0
38,00:40:30,1.5885492371988472e-10,1.3371128994330711e-11,4.175024706905692e-12,3.833344721954996e-12,4.884381099757675e-12,6.6522259600215246e-09,3.5070213317235695e-06,0
39,00:41:00,1.7817985683533144e-10,1.4003706719035878e-11,3.1059345595355088e-12,1.4478215609698852e-12,1.5250133190588157e-12,5.0571592299252295e-09,3.2791639768662056e-06,0
40,00:41:30,4.5397329807164195e-11,6.2280354994038645e-12,3.458973618234996e-12,3.1848460251987675e-12,2.769821333818338e-12,1.5019923598787048e-09,3.5318499149316823e-06,0
41,00:42:00,5.3347296769650813e-11,8.218677510496369e-12,3.893733600948655e-12,3.177224934296962e-12,2.884857336109067e-12,1.6941877000824474e-09,3.5257097250794474e-06,0
42,00:42:30,5.961920947355839e-11,6.808357698734538e-12,3.6476337662353574e-12,3.2149897283392256e-12,3.4184430001498395e-12,5.5322428605535905e-09,3.5667689119127655e-06,0
43,00:43:00,1.9767747589946297e-10,1.1426678605814165e-11,2.5085456498954604e-12,1.5013289777668348e-12,1.8246056296475863e-12,3.386970511977569e-09,3.4956376304546093e-06,0
44,00:43:30,6.059309857260903e-11,4.495429145390464e-12,2.2783190776920817e-12,1.4744585794373296e-12,7.887809761880832e-13,1.529480017370834e-09,3.4953178301872632e-06,0
45,00:44:00,6.599351669691741e-11,7.231075474321554e-12,2.833382907271737e-12,2.6437609501199656e-12,2.025375708854686e-12,2.004908808126967e-09,3.498384825650397e-06,0
46,00:44:30,2.991831340298583e-11,7.03002309572849e-12,3.2449887280095403e-12,3.5142032747116144e-12,1.7811771167770572e-12,2.7828863391074907e-09,3.4962946668673078e-06,0
47,00:45:00,4.25455559405661e-11,5.67455112760773e-12,3.4491422218068353e-12,2.7938985527994777e-12,1.4931510127267954e-12,1.783329156386251e-09,3.4849762821321137e-06,0
48,00:45:30,3.6052157247542554e-11,4.535850601213238e-12,2.578891148661495e-12,2.1030129662389525e-12,1.1555386419653842e-12,2.612662151845969e-09,3.4883154838745654e-06,0
49,00:46:00,3.906569508783075e-11,5.061328635323802e-12,2.477403425585616e-12,2.1795333036498314e-12,2.091773054918964e-12,8.698218829419115e-10,3.500033442113363e-06,0
50,00:46:30,9.298734228557238e-11,7.741221449975275e-12,2.748788850268022e-12,2.1357876455951202e-12,1.8814689028550775e-12,8.648942850404161e-09,3.443430673871193e-06,0
51,00:47:00,2.2012245410428353e-10,1.944806720553541e-11,6.577980905155075e-12,3.4581776262644033e-12,4.203968860955494e-12,1.526042681153547e-08,3.1100678267713273e-06,0
52,00:47:30,1.7516494764825745e-10,5.048334247812819e-12,1.7744447072251247e-12,1.3865306127895517e-12,1.3634353531261648e-12,6.818422820028569e-09,2.692628048271744e-06,0
53,00:48:00,5.3588364957783596e-11,3.61505627973121e-12,1.963357751409844e-12,1.106010178512033e-12,1.2331618177445105e-12,6.623044078461289e-09,1.9125928757553673e-06,0
54,00:48:30,2.914237563596626e-11,2.3176591365047316e-12,1.5759384811022093e-12,1.3464787351889479e-12,1.0411345429416204e-12,7.408136197922458e-09,1.777404118311725e-06,0
55,00:49:00,6.487914787259985e-11,2.81828938447466e-12,1.212452370469056e-12,8.786763578796716e-13,5.903647775597457e-13,5.935227412260359e-09,1.6675673137978587e-06,0
56,00:49:30,2.289425048467962e-11,2.1978529060700343e-12,1.75328888377375e-12,1.3630361028426144e-12,1.0398198650469994e-12,6.233364259130048e-09,1.6294211724077089e-06,0
57,00:50:00,1.9229935384722574e-11,1.9475844677810726e-12,2.2275062988734603e-12,1.8322892809409457e-12,1.2017267296660962e-12,4.722098563323546e-09,1.6792642244202511e-06,0
58,00:50:30,1.7473719625811903e-11,1.5086064601033606e-12,1.4018949957665723e-12,1.5573746968297224e-12,1.029540871056241e-12,1.908752763751325e-09,1.7131626434831576e-06,0
59,00:51:00,1.7623240174055838e-11,1.984291131873873e-12,1.4516693116825325e-12,1.3757623021727756e-12,6.263454258995614e-13,4.177295254875913e-09,1.728277034321985e-06,0
60,00:51:30,1.887728965564288e-11,1.6951272274250703e-12,1.248779928041407e-12,1.4851136438319797e-12,8.700010599426654e-13,2.4605561530992977e-09,1.827563303628193e-06,0
61,00:52:00,1.0462118122115643e-11,1.4073792878611443e-12,1.2715000029140452e-12,1.3549136289605763e-12,7.039661830170767e-13,2.0202453614126114e-09,1.7093443414845218e-06,1
62,00:52:30,6.708245938264673e-12,1.4290619058783017e-12,1.4172029144443203e-12,1.4700510779342716e-12,9.787238567805452e-13,1.0696817579615748e-09,2.0553225413753436e-06,1
63,00:53:00,8.808706005955197e-12,1.3962074341851136e-12,1.529840815579701e-12,1.4855922909423766e-12,7.010969095471979e-13,2.114439215300528e-09,1.506520592808431e-06,1
64,00:53:30,9.28229993763084e-12,1.5302030361316417e-12,1.2555863954866375e-12,1.115514651715947e-12,6.328477294319159e-13,1.6021863596644167e-09,1.7831641259971953e-06,1
65,00:54:00,6.518712674264932e-12,1.3017763747199053e-12,9.515564478990408e-13,1.3835927695739476e-12,7.158233215884538e-13,8.119180435259967e-10,1.5887432341656238e-06,1
66,00:54:30,4.5564544881390025e-12,1.5594872973895437e-12,1.0119898909063937e-12,1.7936970537026638e-12,5.350837865917765e-13,1.1174303748316903e-09,1.3905981952907574e-06,1
67,00:55:00,5.252879725381642e-12,1.2502212384232632e-12,1.0259849693514563e-12,1.5685238793940612e-12,9.55886616703065e-13,5.177524821169572e-10,1.5003216223745587e-06,1
68,00:55:30,4.0522623052848525e-12,1.1859918233939682e-12,9.49739792064613e-13,1.8647740804889842e-12,8.739605852330708e-13,4.824873008079796e-10,1.4731635841142457e-06,1
69,00:56:00,3.5370223503992257e-12,1.2431613066150622e-12,9.969049952613133e-13,1.6864516304779177e-12,1.0157697830003676e-12,3.425240710643741e-10,1.3808301876274628e-06,1
70,00:56:30,7.177691625332486e-12,1.9155846996789248e-12,8.718412852145209e-13,1.9195947251639787e-12,5.470779531988146e-13,1.729532721207762e-10,2.2430204339393463e-06,1
71,00:57:00,6.743491985255586e-12,1.7395157661817203e-12,1.3765474478845643e-12,2.036753095129964e-12,8.569820310846247e-13,1.950712821564745e-10,2.483943748407526e-06,1
72,00:57:30,9.005929852235364e-12,1.9793601365716928e-12,1.7802443679022756e-12,2.321033191146323e-12,1.3239184017871497e-12,3.048168970343111e-10,2.6263738067590406e-06,1
73,00:58:00,1.82201713976825e-11,2.3359331414242582e-12,1.6116122143359495e-12,2.6125645744623687e-12,1.1545536716556137e-12,3.2215829465403223e-10,3.25518374549004e-06,1
74,00:58:30,1.8524909744637724e-11,2.4292028799302443e-12,1.9400780981244755e-12,2.222970199923851e-12,1.573865192645447e-12,1.4743103093670074e-10,3.4500699885001393e-06,1
75,00:59:00,1.7072870140160806e-11,1.694587971604481e-12,1.3178870212115821e-12,2.2500458175949912e-12,1.0883375283008226e-12,1.9461705888349883e-10,3.4804360571176702e-06,1
76,00:59:30,1.9761094881532892e-11,2.323483819390063e-12,2.066660343634924e-12,1.9705371327189394e-12,1.861534472205579e-12,1.6527138101704114e-10,3.5276138820722876e-06,1
77,01:00:00,1.3843904652702558e-11,2.6691641017654157e-12,1.7572465077635242e-12,1.968392541800758e-12,1.0301375350522325e-12,1.918342875858687e-10,3.490830753257903e-06,1
78,01:00:30,1.1500825428357563e-11,2.494616813496212e-12,1.9359184503206072e-12,2.9959092237727898e-12,2.0053798060015645e-12,2.0787682522500794e-10,3.4844042302952388e-06,1
79,01:01:00,2.156784838646106e-11,3.715140902261838e-12,2.4614629404014386e-12,3.0602918990751826e-12,2.8146827330429245e-12,2.547183536690811e-10,3.485689447063367e-06,1
80,01:01:30,2.256089526939067e-11,3.277637135344514e-12,1.892139635034764e-12,2.3278541090870717e-12,2.7336066785384583e-12,1.8530200846761592e-10,3.4827337466182633e-06,1
81,01:02:00,2.5733079162247104e-11,3.7967215872650505e-12,2.610872951099817e-12,2.420784941075619e-12,3.0559741378977393e-12,1.7033126776301196e-10,3.476475577086214e-06,2
82,01:02:30,1.0149519481019038e-11,2.297795987513358e-12,2.473942399437576e-12,3.1851338763269067e-12,2.1799169682116306e-12,2.1913171663924934e-10,3.4897502840665176e-06,2
83,01:03:00,2.1398075311909936e-11,3.287608886678855e-12,2.6456761849581817e-12,1.9743431049601316e-12,2.0665933955373157e-12,2.3427219980923885e-10,3.5302138896080697e-06,2
84,01:03:30,2.8327292629848297e-11,3.87318901450901e-12,2.947948156416851e-12,2.645147900263517e-12,2.4139293191055897e-12,1.7328687555866048e-10,3.5146492987023158e-06,2
85,01:04:00,2.2097274445499525e-11,4.388472595966441e-12,4.1179758000273315e-12,2.9581998698489197e-12,4.018826005303909e-12,1.5229920919958057e-10,3.4583540385683237e-06,2
86,01:04:30,2.1387367456243227e-11,3.008311194412159e-12,3.054475683365494e-12,2.0317966295330584e-12,1.6866074109586123e-12,1.6412551523501595e-10,3.542150194096032e-06,2
87,01:05:00,2.6017221787881264e-11,5.605100395207328e-12,2.8364540554067926e-12,1.8193217114907118e-12,3.301643899681304e-12,1.5487493778036586e-10,3.5174352543269155e-06,2
88,01:05:30,2.0543455081193818e-11,4.278226387396709e-12,3.748154290754475e-12,3.950301942194834e-12,6.353802026169862e-12,2.256424593254103e-10,3.5222383263440396e-06,2
89,01:06:00,2.793033644239656e-11,4.513258832710959e-12,2.4446618499435628e-12,2.7987642137329504e-12,2.472935181462821e-12,1.7550271538646138e-10,3.4615568582725917e-06,2
90,01:06:30,2.7974586866453183e-11,4.36436142001442e-12,3.0253455009609065e-12,1.4475246451145697e-12,2.8569610274444857e-12,1.685708024557871e-10,3.447768410647495e-06,2
91,01:07:00,1.9278439458911326e-11,3.753230835292324e-12,2.4521042270043326e-12,2.2686178618079112e-12,4.116485105182861e-12,1.9283606208673283e-10,3.483731521497231e-06,2
92,01:07:30,3.525660752540034e-11,5.225742890976614e-12,2.8552207683856325e-12,1.9948408969618162e-12,2.8391443492203116e-12,2.80788709375768e-10,3.438510610197965e-06,2
93,01:08:00,5.940036582044266e-11,1.84819218700009e-12,2.0091478109241314e-12,1.889521310956846e-12,2.223702417518146e-12,6.261473077308667e-10,3.277060242922322e-06,2
94,01:08:30,5.293321684648986e-12,1.686092980298474e-12,1.4236266241674554e-12,1.4689492459930328e-12,8.674008940270443e-13,4.6244159409537256e-10,1.5812004994888939e-06,2
95,01:09:00,1.3418384283630443e-11,1.0366531026703484e-12,1.183736368074318e-12,1.5010244084387418e-12,1.0919906325074309e-12,2.9204576368376265e-10,2.267454353491591e-06,2
96,01:09:30,7.529640192354599e-12,1.089427925377277e-12,1.1358171205538324e-12,1.4343509994164812e-12,6.939150284519497e-13,2.7678188455477414e-10,1.441312028477225e-06,2
97,01:10:00,2.065030730985722e-11,1.6840884786412106e-12,1.5931617270119606e-12,1.3655332932054098e-12,1.0820983811119595e-12,2.2939043507405254e-10,1.6870664457161338e-06,2
98,01:10:30,1.7516041371646068e-11,2.75535559487748e-12,2.307758334874875e-12,2.281468894745615e-12,1.3027836265168288e-12,3.002909282681504e-10,2.164609259660266e-06,2
99,01:11:00,2.6925517710008884e-11,3.0374818275812627e-12,1.9652057426417783e-12,9.562356684016817e-13,1.1329832154298308e-12,1.4334701853473142e-10,2.29862207725471e-06,2
100,01:11:30,2.303286133439205e-11,4.510450480002556e-12,3.508256050525434e-12,1.7280595684211692e-12,3.9566859919507506e-12,1.9185566172247125e-10,2.399239034418009e-06,2
101,01:12:00,2.2171805673928477e-11,3.3862731014565964e-12,1.8558197430619615e-12,1.0473216222265193e-12,2.036778542531782e-12,1.3928737684357766e-10,2.4899000038520916e-06,2
102,01:12:30,1.8204513298311146e-11,3.4817854538026883e-12,3.719339304844495e-12,1.788484028162768e-12,3.5569125520965554e-12,1.7668260732941288e-10,2.7663162240902828e-06,2
103,01:13:00,1.0438450229002027e-11,2.1464336612438595e-12,2.6204488988382547e-12,1.637918267746363e-12,2.2546455146479882e-12,2.93513241141463e-10,2.7791717853497577e-06,2
104,01:13:30,1.9561048246967792e-11,2.3358786397559513e-12,1.6095537970434912e-12,1.1839209718298325e-12,8.838806060679739e-13,2.1304057485017745e-10,1.8908702795840204e-06,2
105,01:14:00,3.2645745753410504e-11,3.809075047067942e-12,2.131090326179028e-12,1.2294649683748798e-12,2.1966191085636945e-12,1.4197634145516493e-10,2.077014316888763e-06,2
106,01:14:30,2.1092251265827753e-11,3.3150048260099737e-12,4.967127205856381e-12,1.9480243950449875e-12,3.1013998227231005e-12,9.904203364032443e-11,2.2523861781446833e-06,2
107,01:15:00,3.291057989250652e-11,3.1502160682398313e-12,1.843150504994892e-12,7.137263411166687e-13,1.1013013351509429e-12,1.0405101592146762e-10,2.3913485309885416e-06,2
108,01:15:30,2.2901612009085425e-11,4.839519566382233e-12,3.183609216499744e-12,9.312961943129684e-13,3.0899481393112593e-12,1.3757882978223838e-10,2.7714277631438214e-06,2
109,01:16:00,1.801817073197197e-11,4.863044349938081e-12,1.7641226948552439e-12,9.670384678390603e-13,2.112164750717233e-12,1.283952886694307e-10,2.9250045758878927e-06,2
110,01:16:30,2.3116661096098478e-11,3.4855989297352647e-12,1.4582704865195443e-12,7.819122001552111e-13,2.019721339331223e-12,1.2920437149933665e-10,3.0372095459912536e-06,2
111,01:17:00,4.16825182083903e-11,5.564770063792269e-12,3.637649091244417e-12,1.2656310516267922e-12,2.719343018248203e-12,1.6281272476351218e-10,3.1619669749609273e-06,2
112,01:17:30,1.7390719630677314e-11,3.7184172382915495e-12,1.8173712503735378e-12,8.736057940712306e-13,1.4843680459908979e-12,1.2123913843181286e-10,3.0929101199887564e-06,2
113,01:18:00,2.924841524870878e-11,3.450456471962499e-12,2.0786562337676494e-12,7.224773860051708e-13,1.543348165614574e-12,1.488000156556084e-10,3.167575031957534e-06,2
114,01:18:30,3.681956655651079e-11,4.327172961922872e-12,1.9936571438450034e-12,7.278462922396294e-13,1.3591838012011925e-12,1.3502925133435934e-10,3.1222179132972412e-06,2
115,01:19:00,2.749594595492745e-11,4.313593777929786e-12,2.424548721590481e-12,1.2161775906163826e-12,2.433620931846791e-12,1.6056677969887932e-10,3.141461935348745e-06,2
116,01:19:30,4.342897013159646e-11,4.40024874460181e-12,2.4150633101497063e-12,7.493750987632155e-13,1.9939148635012483e-12,1.65585589439441e-10,3.0476027877876427e-06,2
117,01:20:00,4.302071604547283e-11,7.242528564006352e-12,3.025721997158452e-12,9.417129080047719e-13,2.1882443804358005e-12,1.5560279312693825e-10,3.0856184748472647e-06,2
118,01:20:30,3.008279898141035e-11,5.1998164794221176e-12,3.037342682572967e-12,9.644486488711115e-13,2.409954570398589e-12,1.890622946130604e-10,3.0309274765690247e-06,2
119,01:21:00,4.3097085433747595e-11,4.928640147305464e-12,3.2081060385224246e-12,1.0232946805153286e-12,3.1151677467671163e-12,1.512710184071856e-10,3.056105189757858e-06,2
120,01:21:30,5.893768070822952e-11,5.034820015414342e-12,2.5649021208083654e-12,6.392511393915823e-13,2.35707681515877e-12,1.7868449763793645e-10,2.9860394212781923e-06,2
121,01:22:00,2.724463251693053e-11,6.2468682751643895e-12,2.4570614423228928e-12,8.440585967731703e-13,1.5216038094693402e-12,1.7055622555774443e-10,3.110440745399256e-06,2
122,01:22:30,2.4570925897518565e-11,3.5254187997510674e-12,2.85046446545644e-12,5.975956746697054e-13,1.1955121002105787e-12,1.620179573692751e-10,3.093782061689325e-06,2
123,01:23:00,3.3951605007127595e-11,3.74346703250293e-12,2.1104015713013145e-12,8.636741133244123e-13,2.2758531830417934e-12,1.1426669210662697e-10,3.0130431527083817e-06,2
124,01:23:30,7.444733020370435e-11,5.966383662910049e-12,2.9718130845954326e-12,5.491689200986024e-13,1.4102026711125344e-12,1.67428293769407e-10,3.0093606044779474e-06,3
125,01:24:00,4.978436408810456e-11,5.814849353563074e-12,2.660916285261631e-12,6.089180831438207e-13,1.6947051742197312e-12,2.246789431573882e-10,2.892340739143279e-06,3
126,01:24:30,6.293331158467477e-11,6.578060068579323e-12,4.6584914455671156e-12,9.048180317132243e-13,2.5534421957268226e-12,2.1524291099729344e-10,2.86978463859494e-06,3
127,01:25:00,2.4773522298329318e-11,4.522832559926218e-12,1.847983962679594e-12,6.492528717266187e-13,1.2272391111339534e-12,1.6496842634149023e-10,2.83095880570437e-06,2
128,01:25:30,4.944987831342018e-11,5.608531585104779e-12,2.86248960588172e-12,7.612085803257932e-13,1.6982468537171035e-12,1.6226682097787834e-10,2.8691256402711768e-06,2
129,01:26:00,3.512982646805864e-11,5.51952384000402e-12,2.254816636047266e-12,6.388360492052506e-13,2.155701984233465e-12,1.5079363474382016e-10,2.8873778816408044e-06,2
130,01:26:30,5.129898888698391e-11,4.9845222944701005e-12,3.041803192451158e-12,7.346354308889551e-13,1.922104118729616e-12,2.839436387903078e-10,3.0704317366470597e-06,3
131,01:27:00,4.90176116134254e-11,5.4086375264191706e-12,2.4648710435590854e-12,6.985531940832507e-13,2.288870816543164e-12,1.6138929458340252e-10,2.8765108025530544e-06,3
132,01:27:30,6.510701274554586e-11,5.700513810363215e-12,2.0927267356238003e-12,5.337189942309717e-13,1.3277080297882849e-12,2.0762617950433342e-10,2.8618902264457634e-06,3
133,01:28:00,4.479488351048403e-11,4.480346651869921e-12,2.0597626374283806e-12,5.185699839768359e-13,1.488804712683038e-12,1.4385423476484356e-10,2.8381391287493777e-06,3
134,01:28:30,6.053259056718767e-11,5.169626812539741e-12,2.3352459732618462e-12,5.770566507740455e-13,1.221796217427484e-12,1.711125825221462e-10,2.886793202792683e-06,3
135,01:29:00,7.185788672568429e-11,5.861204175120582e-12,2.3320313055473192e-12,5.433509801109832e-13,1.6727823007702673e-12,2.3246238851794353e-10,2.9316622494708914e-06,2
136,01:29:30,7.894443723056698e-11,6.117646921868528e-12,2.202697443126552e-12,4.554378057563691e-13,1.2095859773428942e-12,2.2279584127692507e-10,2.922288941810308e-06,3
137,01:30:00,1.0238993192566193e-10,4.62107626082366e-12,2.489550058196976e-12,5.096227102349041e-13,7.779822537570558e-13,3.1348133553371563e-10,2.935174412199506e-06,3
138,01:30:30,7.751330976386592e-11,5.478228645324975e-12,2.2969715411128278e-12,4.996216017252298e-13,1.5759126834593397e-12,2.2675271177262688e-10,2.828141860930472e-06,3
139,01:31:00,9.668450873128955e-11,5.391086044004632e-12,2.8039995203429092e-12,4.3846009346305717e-13,1.0908732158388067e-12,3.1123823271100265e-10,2.8160351716354636e-06,3
140,01:31:30,7.605295458799061e-11,7.709114281584419e-12,2.370785980821389e-12,6.18698277089665e-13,1.5584745636886017e-12,3.829683057031315e-10,2.991421818051877e-06,3
141,01:32:00,7.058428400551783e-11,5.234038285493261e-12,1.756857650649229e-12,4.658212954499911e-13,1.3430103004597752e-12,2.5880411071553634e-10,2.8062239666311364e-06,3
142,01:32:30,7.146728376174576e-11,6.533668078900434e-12,2.249064024470371e-12,4.575607042536438e-13,1.5445965412519294e-12,1.7651408543199783e-10,2.8127615497676653e-06,3
143,01:33:00,1.299559829009104e-10,5.44088814887894e-12,2.0362438857506524e-12,5.494079647396286e-13,1.5681410787949906e-12,2.08055132502861e-10,2.7925692644745507e-06,3
144,01:33:30,9.04455020457467e-11,6.143112544319968e-12,1.7894112888792513e-12,4.345262394610119e-13,1.0149889020396471e-12,2.0795513260643088e-10,2.6522064334384947e-06,3
145,01:34:00,9.221316913041094e-11,6.232201295412917e-12,2.0915445753285935e-12,5.765795187624775e-13,2.0349758370543366e-12,2.801497576280314e-10,2.7068000937290945e-06,3
146,01:34:30,9.70844770295364e-11,5.990240785424158e-12,1.6748122794892882e-12,5.133201877073857e-13,1.4272294560006992e-12,2.6792616041159197e-10,2.7336028079884524e-06,3
147,01:35:00,7.754814094637988e-11,5.780346641699814e-12,1.7850509246328304e-12,3.9874905007086243e-13,1.0774703678208478e-12,2.3429571525570355e-10,2.6568342398569288e-06,3
148,01:35:30,6.449432263914394e-11,5.8116872129951636e-12,1.976796416862948e-12,5.112942858426056e-13,1.6253822823969285e-12,3.3644694791645764e-10,2.6858237903528103e-06,3
149,01:36:00,1.0623960303310307e-10,6.3355017546807005e-12,1.5219877989242882e-12,3.1206243990765243e-13,8.130587725001631e-13,2.7830831509105427e-10,2.702853295662812e-06,3
150,01:36:30,1.18884080517883e-10,5.706124321969187e-12,1.6681010244583941e-12,3.6184774049444933e-13,9.226581531513879e-13,4.078206125847174e-10,2.505752982928651e-06,3
151,01:37:00,8.908357735108515e-11,5.815178974719372e-12,2.07655992234107e-12,4.470101944459757e-13,1.5305805793334303e-12,2.537961099997325e-10,2.5919466619429906e-06,3
152,01:37:30,1.0465669635850798e-10,5.5951860162188496e-12,1.7286106146527184e-12,4.754613710369609e-13,1.3627701334193439e-12,3.361842983286618e-10,2.690344674326365e-06,3
153,01:38:00,1.3687202031479722e-10,7.703851561220649e-12,1.5242545111089545e-12,3.5187398261222487e-13,1.1072481336098068e-12,2.515207605662782e-10,2.576678067176641e-06,3
154,01:38:30,1.1723137644383874e-10,5.156507845131844e-12,1.5102175595427788e-12,5.264436731245715e-13,1.7255921899049517e-12,2.418769094591763e-10,2.6637651252886335e-06,3
155,01:39:00,1.2402487445870059e-10,8.753501930565766e-12,2.059404231516065e-12,4.720578153827788e-13,1.4117617804189885e-12,4.3326644199099877e-10,2.589498135177171e-06,3
156,01:39:30,1.2632356573631797e-10,4.749577948133104e-12,1.4927506839420929e-12,3.718524294877441e-13,1.071311178506336e-12,3.163425206377903e-10,2.44954432523705e-06,3
157,01:40:00,1.2550001144594976e-10,8.440349341769183e-12,1.853679324894552e-12,3.631330090067556e-13,9.009403278963664e-13,2.71202197807285e-10,2.4652571997331754e-06,3
158,01:40:30,8.959513323881499e-11,6.696661570108742e-12,1.1708489599759896e-12,4.1095619374075846e-13,1.204689960843428e-12,2.7446363996664067e-10,2.3135036864154434e-06,3
159,01:41:00,1.3029204947993684e-10,8.00341191532178e-12,1.916329295605261e-12,4.0606661798719314e-13,1.322184184111626e-12,3.7972134287611276e-10,2.4338460022447227e-06,3
160,01:41:30,1.2611889301240763e-10,7.341670151343049e-12,1.6738555135068284e-12,5.16237851613255e-13,1.1061349775164307e-12,4.573309747871366e-10,2.4339301528501397e-06,3
161,01:42:00,1.0155902267480522e-10,6.848901304870234e-12,1.6915719412825709e-12,4.1839968351009243e-13,1.2425542797438148e-12,2.026528924102622e-10,1.5749589477916213e-06,3
162,01:42:30,1.267799826005082e-10,6.902637917660494e-12,1.8750860868596657e-12,6.232386509131568e-13,1.8922889842472815e-12,2.6867675072600556e-10,2.023425056795601e-06,3
163,01:43:00,1.3745117277954504e-10,4.85641304252052e-12,1.567148062184803e-12,5.555686365772381e-13,1.6107954638237155e-12,5.054376437086407e-10,2.092966904010683e-06,3
164,01:43:30,1.0622878112996444e-10,5.183966852403109e-12,2.0564797455712362e-12,5.323141312779834e-13,1.1524102339646495e-12,3.7717398635211426e-10,2.1671195055923004e-06,3
165,01:44:00,8.996712007273689e-11,7.304934683690999e-12,2.302596602939972e-12,6.423885960777419e-13,1.2409070929938078e-12,2.538559577103139e-10,1.7407628551128823e-06,3
166,01:44:30,7.862542903413005e-11,7.757882111334279e-12,2.281926563110018e-12,5.938912944411788e-13,1.5221520433252505e-12,2.1536307325816486e-10,2.0249791166167155e-06,3
167,01:45:00,6.573182517981278e-11,4.0480004695889205e-12,1.7386976208179585e-12,4.576118974862093e-13,9.639572054966354e-13,2.4831841700063707e-10,2.0079871076626474e-06,2
168,01:45:30,6.630076675360104e-11,4.402800812593964e-12,1.8905618116845278e-12,4.825130747883102e-13,1.3906417098564673e-12,2.4667855615718664e-10,2.0808894334256853e-06,2
169,01:46:00,8.495362251694325e-11,6.121528408281497e-12,2.334337709637232e-12,5.054357316453727e-13,1.8548712573850884e-12,2.5134579601615855e-10,1.7744484811743898e-06,3
170,01:46:30,7.398009691427715e-11,6.034422986123192e-12,1.8187282385483037e-12,4.446180464512079e-13,1.252927935054544e-12,2.1645875015286948e-10,2.0873910835612856e-06,3
171,01:47:00,1.0691338254957135e-10,5.9609397208054625e-12,2.2367766484395595e-12,4.637060035783103e-13,1.2138938384751785e-12,2.513078631923043e-10,2.1548475600862515e-06,3
172,01:47:30,5.447277488610288e-11,3.830017242711467e-12,2.036094999268125e-12,3.3983904208509353e-13,6.654493183297343e-13,2.905304555122687e-10,2.0251687277353426e-06,2
173,01:48:00,6.905883772330315e-11,4.9445603728640915e-12,2.1970187118050983e-12,3.342099176786105e-13,9.521321141579023e-13,2.523373884285103e-10,2.2508480231515396e-06,3
174,01:48:30,8.743475695554111e-11,5.034141293367769e-12,1.638852498635095e-12,4.0007741289212165e-13,1.0616510732779568e-12,2.9242180000531465e-10,2.0428300938812213e-06,3
175,01:49:00,4.9404847347421885e-11,5.743772920760527e-12,4.233994620497438e-12,1.6634419982051612e-12,3.6095599555986886e-12,1.8319158069371938e-09,2.501294576368261e-06,2
176,01:49:30,8.831922401097747e-11,3.916738174631536e-12,1.7259213585640066e-12,6.630341965651677e-13,1.1171686506355296e-12,2.0001598603029096e-10,2.1302659898191354e-06,2
177,01:50:00,7.787072879151744e-11,1.1738100192917618e-11,9.506780488765586e-12,1.0595488076288248e-11,8.402453634941003e-12,7.020273050763136e-10,2.268697988325724e-06,2
178,01:50:30,3.690401675665616e-11,3.4442870466571963e-12,2.644477018662829e-12,1.998616755676117e-12,2.1357521769258854e-12,1.146486059501422e-09,3.2257510644502328e-06,1
179,01:51:00,2.0450907508911503e-11,2.3330508645068223e-12,1.2307294999801627e-12,4.724828380467848e-13,6.106036992867917e-13,1.479208718783425e-10,3.360861997733921e-06,1
180,01:51:30,4.496144380731536e-11,4.055938705850939e-12,2.6862682998088884e-12,7.332722105956388e-13,2.1068061873407494e-12,1.5123347345289835e-10,3.2884893542854184e-06,2
181,01:52:00,3.988028765738652e-11,4.239998469845578e-12,1.5438676338063445e-12,4.99009076151324e-13,8.844558151488959e-13,1.2915456888040432e-10,2.991966383442835e-06,2
182,01:52:30,2.819487015148637e-11,4.167090765785509e-12,1.8066569403184545e-12,5.115463812751848e-13,8.812318598428526e-13,1.1024315507735225e-10,2.671861818344711e-06,2
183,01:53:00,4.343316109626554e-11,4.740831781548947e-12,2.049041581524589e-12,5.177574835107863e-13,8.405006298404875e-13,1.4619157008043086e-10,2.214926215295633e-06,2
184,01:53:30,4.259816546775889e-11,5.434072776946732e-12,2.3346888864485555e-12,5.429001531941758e-13,1.2148238138821215e-12,1.1794243338232842e-10,1.3119304242074595e-06,2
185,01:54:00,3.1304573649404165e-11,4.510801794288014e-12,1.9211356362653044e-12,4.638000712452145e-13,5.05465645840986e-13,1.491981788813177e-10,5.364460757272148e-07,2
186,01:54:30,7.101604975476702e-11,5.508976008442057e-12,2.0563290325656647e-12,5.537804763648492e-13,1.3324226403901228e-12,1.8390112384656284e-10,4.6790398687104046e-07,2
187,01:55:00,1.981050100859699e-11,3.655077342097849e-12,1.399437094810234e-12,5.862867884377921e-13,1.388662846111043e-12,9.810132733261604e-11,4.0955640085311913e-07,2
188,01:55:30,6.582019012510032e-11,8.025971031129958e-12,1.7296425625266337e-12,5.585305301277583e-13,1.863654330286389e-12,1.0846095583796048e-10,4.0797951434797147e-07,2
189,01:56:00,8.8802410484022e-11,6.556403584506105e-12,1.5512462038038362e-12,4.3523674280092305e-13,9.274376071167203e-13,1.6156408866134617e-10,5.480359302342596e-07,2
190,01:56:30,8.222550403955433e-11,5.533617013578174e-12,2.296821358373574e-12,6.169562243096226e-13,1.3311751239685211e-12,1.7341172037103728e-10,6.363294696518027e-07,2
191,01:57:00,6.740692518935886e-11,6.5700947823485274e-12,3.022268821936574e-12,8.140375410199422e-13,2.014490898551066e-12,1.7439924004618968e-10,6.345801557556089e-07,2
192,01:57:30,2.4687556836085117e-11,8.588416758755897e-12,2.9237061738475242e-12,9.039302515420689e-13,1.5656151533908233e-12,1.2339797861924324e-10,7.380696563789137e-07,2
193,01:58:00,1.9218164142208428e-11,6.777399163061807e-12,2.306140729487965e-12,1.0184158315146758e-12,1.5552184835804764e-12,1.1784422593304536e-09,7.785795110057873e-07,5
194,01:58:30,1.4771240590493614e-11,3.758632608394377e-12,1.670273333859659e-12,8.524665357704499e-13,9.742025042501427e-13,1.7861978005927194e-10,8.030822435172331e-07,5
195,01:59:00,1.2935534855853576e-11,5.523440530026339e-12,2.4456751260974535e-12,9.441292395259324e-13,1.356310611689659e-12,7.900481010141217e-11,6.898428521911688e-07,5
196,01:59:30,2.2170114924548337e-11,5.364848481511956e-12,2.3493734211320858e-12,1.0069601045603207e-12,1.4880821248588283e-12,6.465764008698374e-09,5.689548265758466e-07,5
197,02:00:00,1.05831597570752e-11,2.5474004434248715e-12,2.2508360316608544e-12,1.3306724641908158e-12,1.7600400265115614e-12,3.840867682397859e-09,7.79999653358937e-07,5
198,02:00:30,9.807687162923628e-12,2.2266684399017162e-12,1.4143164904179083e-12,8.889770875622217e-13,8.728386925492668e-13,2.6402218099535297e-10,8.698529930565456e-07,5
199,02:01:00,9.703291687894228e-12,3.861094259176862e-12,1.978397427479519e-12,9.408849639492347e-13,1.4358901933767598e-12,2.1856211429633635e-10,8.598590994167213e-07,5
200,02:01:30,9.642575792447509e-12,5.44595147768741e-12,2.1121556405549776e-12,8.788845542278881e-13,1.2524409346452658e-12,1.4410759858270364e-10,8.989865657138932e-07,5
201,02:02:00,9.763331382956059e-12,3.1337327547930785e-12,1.42716466278695e-12,6.388813576872312e-13,7.801130701477444e-13,4.0089987522066557e-10,8.825242993670254e-07,5
202,02:02:30,1.0308346589093641e-11,4.901536556042396e-12,1.7869142271142596e-12,9.197013931127737e-13,1.5242278470692607e-12,8.874057158640939e-11,8.692279497875077e-07,5
203,02:03:00,1.0760692851587125e-11,4.0014198845175955e-12,2.1535911329848687e-12,1.1333815169116772e-12,1.647226475503413e-12,7.797382888124517e-11,8.492994935195395e-07,5
204,02:03:30,9.530000784807263e-12,2.352188568903597e-12,1.9400463128530788e-12,1.448146471195687e-12,2.1196551704939234e-12,3.852551221604588e-10,1.0276923123330963e-06,5
205,02:04:00,1.1792048166050046e-11,2.3807318048769744e-12,1.9082809335080673e-12,7.156909966396794e-13,9.845716778785072e-13,5.685964989199923e-10,8.972040497657837e-07,5
206,02:04:30,1.0529634550314203e-11,2.4864387074687803e-12,1.0571740264513392e-12,7.87770478819035e-13,1.045506181109999e-12,7.881147855668346e-11,9.10352740738183e-07,5
207,02:05:00,7.670813548177558e-12,3.5086667355279424e-12,1.4986222034546302e-12,9.279936880290536e-13,9.099534607439317e-13,1.239888810602483e-10,9.166284834719351e-07,5
208,02:05:30,8.935572295405994e-12,3.3623146703463937e-12,8.835702325812642e-13,5.90053170430973e-13,6.212851722800047e-13,2.439102643626858e-10,9.556115295410059e-07,5
209,02:06:00,9.679409703137087e-12,2.924099417725382e-12,1.2381705772684577e-12,8.211563512284792e-13,8.322698335266432e-13,7.783308609206143e-11,9.367027018650604e-07,5
210,02:06:30,1.1437915870376853e-11,3.170709101208924e-12,1.2857229901756264e-12,1.7541586894432982e-12,1.5030836253377425e-12,2.9798177077567964e-10,7.272271224342703e-07,5
211,02:07:00,1.170538122628807e-11,2.2323510338332308e-12,1.0918005063273664e-12,6.053664846756948e-13,6.00180169883171e-13,6.048718672808663e-10,9.20055141393265e-07,5
212,02:07:30,1.0023602733252086e-11,3.9487374686629634e-12,2.007805030327524e-12,7.419911185472737e-13,1.2053971514179044e-12,3.169640255777341e-10,9.057635353792456e-07,5
213,02:08:00,1.1589817840886703e-11,1.7938345786302243e-12,1.7332465543803153e-12,1.2602410058018275e-12,1.5349329295649506e-12,1.525142544567896e-09,8.901312023289575e-07,5
214,02:08:30,1.05625156428938e-11,3.6975267027681975e-12,1.865887928139149e-12,1.3674518758670435e-12,1.05422839855448e-12,1.1320002500757447e-10,8.924577290254306e-07,5
215,02:09:00,9.380168072535569e-12,3.6144027794606385e-12,1.7196655241638473e-12,1.0690514656640798e-12,1.4453226508572526e-12,1.4265285816125002e-10,9.224821051657342e-07,5
216,02:09:30,9.224691463982925e-12,3.2178716080998257e-12,2.6217664398095586e-12,1.7825694141724932e-12,2.1385332435240163e-12,1.6935472937811361e-10,9.111141742159344e-07,5
217,02:10:00,1.5413836451518963e-11,5.054274562582327e-12,2.154863220759625e-12,1.2668203339999436e-12,1.912330162428734e-12,1.7988672261013718e-10,9.254301788221482e-07,5
218,02:10:30,1.5534907311908308e-11,2.8082138329647573e-12,1.9210146296221544e-12,9.450819357714413e-13,7.142475053019492e-13,1.7804093767609158e-10,9.491877132108779e-07,5
219,02:11:00,1.6258858418818392e-11,3.867725135352376e-12,1.3265387378218e-12,9.011299494459478e-13,1.0617138921253999e-12,2.0108009668717553e-10,9.557012110551068e-07,5
220,02:11:30,1.1647025995795314e-11,2.6736186901055775e-12,1.1928443295656188e-12,7.209836276415877e-13,7.598987886830657e-13,1.3676503604928664e-10,9.740169319681144e-07,5
221,02:12:00,1.337135683310785e-11,4.726241761407321e-12,2.434978165335063e-12,1.0171030591502262e-12,1.627467106504581e-12,1.3002830466539597e-10,9.309068007909547e-07,5
222,02:12:30,1.8876424681440656e-11,3.9978316144138914e-12,1.5757478420788122e-12,7.399676674080842e-13,8.994475426268682e-13,1.5286954135981798e-10,9.047659803783204e-07,5
223,02:13:00,1.6736708792857313e-11,4.199046922517211e-12,1.3449512283876034e-12,7.628501289222898e-13,8.085448531598225e-13,1.145118502030652e-10,9.014682103400315e-07,5
224,02:13:30,1.597628091462987e-11,3.5097251582990884e-12,2.425058809825863e-12,7.471346409403051e-13,8.133097809323279e-13,8.537408611610128e-11,8.990951169334269e-07,5
225,02:14:00,1.596223859247868e-11,4.702460435064585e-12,1.6716977040256733e-12,9.75360341245982e-13,1.2102867631371432e-12,1.1842955656836934e-10,9.109950014646467e-07,5
226,02:14:30,8.979468142174402e-12,2.4208301913589054e-12,1.0582594387016415e-12,1.0050423010435575e-12,8.62201727317319e-13,1.7155628658373778e-10,8.9487865547011e-07,5
227,02:15:00,8.035646218373594e-12,3.5003895618654793e-12,1.3405432770155941e-12,7.050952610082192e-13,7.627875235008024e-13,1.0161238409615844e-09,9.302815083447904e-07,5
228,02:15:30,1.0618133392513427e-11,3.2729397590473657e-12,1.6579441592358515e-12,1.0185355440086711e-12,1.0280712485123928e-12,2.9004700169658363e-09,9.384372339951222e-07,5
229,02:16:00,2.8808489357411158e-11,2.041847444541979e-12,8.544101288366812e-13,5.052513628514588e-13,5.419138646658956e-13,3.762720161882339e-09,9.475996797372175e-07,5
230,02:16:30,7.962492286613363e-12,3.035321044938559e-12,2.200058830531967e-12,2.1347192601821087e-12,2.103657968255208e-12,1.3452675305248001e-10,9.323762615107968e-07,5
231,02:17:00,8.336037997797206e-12,2.7016404297451624e-12,1.893470746778305e-12,1.02349408816854e-12,1.3662514273131482e-12,1.699345149623878e-10,9.365942998724316e-07,5
232,02:17:30,7.740767251239407e-12,3.876276500963778e-12,1.5095042495450018e-12,7.147392442318484e-13,9.127594886675048e-13,9.653891371730498e-11,9.250743135919105e-07,5
233,02:18:00,8.334782113582373e-12,3.6076648396264713e-12,1.2189329979328987e-12,8.248367059017601e-13,8.846166786689885e-13,3.634034174387333e-10,9.246846754279198e-07,5
234,02:18:30,1.0305170852542661e-11,2.4629167325524598e-12,8.554100113777217e-13,6.634535076512298e-13,5.629804847719698e-13,2.3824254596499554e-09,8.959691251353321e-07,5
235,02:19:00,3.127216457783913e-11,1.783288172194467e-12,8.412021813447975e-13,7.160505289547241e-13,4.690569358863597e-13,1.2729991011704572e-09,9.25700165838005e-07,5
236,02:19:30,8.800077620483544e-12,2.6466060064730634e-12,7.298784600627679e-13,8.002704990552349e-13,4.751017915276757e-13,3.5153415984442475e-10,9.218257939495401e-07,5
237,02:20:00,7.756590388871484e-12,2.789731109825636e-12,1.1860807927360644e-12,9.488024449710979e-13,4.74157580997343e-13,5.120182968313487e-10,9.332488319521987e-07,5
238,02:20:30,1.5859325831537953e-11,2.4117554294874896e-12,9.58329278806101e-13,5.078475788279295e-13,8.328639352007111e-13,3.04094267933403e-09,9.459093377806375e-07,5
239,02:21:00,6.869093544872484e-12,2.3621302260904214e-12,1.498145058321502e-12,1.5458556449021228e-12,1.2277752817923004e-12,6.744372666280439e-11,9.315705470197126e-07,5
240,02:21:30,9.598179217755193e-12,2.605447293891428e-12,1.008395909484735e-12,1.2105685339724068e-12,1.0623597670991943e-12,7.174596556762575e-11,9.641224913501892e-07,5
241,02:22:00,1.9676046236904268e-11,2.2574169983137513e-12,7.073122583212403e-13,3.1307380983526126e-13,3.3323791696808717e-13,6.058795811091977e-10,9.470647129296193e-07,5
242,02:22:30,8.727822219912756e-12,3.0053065414478025e-12,9.080598735554807e-13,7.426605292793296e-13,7.539693885375641e-13,5.352048143610813e-10,9.582317773928778e-07,5
243,02:23:00,1.3435679926971069e-11,1.7716082150214203e-12,6.314450584895293e-13,4.417271502063796e-13,4.2672474904769776e-13,1.6168090053871422e-09,9.462778594040467e-07,5
244,02:23:30,5.4611897618857234e-12,1.732738719296877e-12,7.54718210906782e-13,4.926351048812849e-13,5.372376222869743e-13,1.208639247553959e-09,9.454699493407097e-07,5
245,02:24:00,1.2798925650391026e-11,1.9744108276709625e-12,1.2036809227473512e-12,8.370533291573344e-13,1.0477715616468587e-12,4.580093625240923e-10,9.44977297731496e-07,5
246,02:24:30,1.4552089352008724e-11,2.6613323914452186e-12,9.685577441689728e-13,5.06019641351492e-13,8.007158341220597e-13,4.924517944953983e-09,9.683510221921449e-07,5
247,02:25:00,1.0701633102967916e-11,1.758974259619555e-12,1.2529827632067929e-12,4.445066433799695e-13,5.762318547554604e-13,1.5950203281891196e-10,9.788210830709293e-07,5
248,02:25:30,8.580413167560229e-12,1.3299735373488092e-12,1.3036990577483616e-12,9.595952339628488e-13,1.3006157996347139e-12,6.573243981150827e-10,1.6958376877038826e-06,5
249,02:26:00,1.0445567634491309e-11,2.2288367907586637e-12,1.310011752828022e-12,1.6299458592204282e-12,9.472576800332163e-13,8.099784149293513e-11,9.389946906217936e-07,5
250,02:26:30,1.6483879669709132e-11,2.9204528469070814e-12,1.4455664778577552e-12,8.081950398832055e-13,1.2015048432578861e-12,7.629516874133758e-11,9.50207458397199e-07,5
251,02:27:00,1.8956168592981398e-11,3.923569190138486e-12,1.8199769631289933e-12,6.462195324364717e-13,6.968917120538392e-13,6.922441208365472e-11,9.440451818336523e-07,5
252,02:27:30,1.12791664079785e-11,2.2226874805680535e-12,1.926953794723154e-12,8.413260027547272e-13,1.1136487259576795e-12,7.484865541170634e-11,9.359338217535822e-07,5
253,02:28:00,1.956845084028705e-11,2.2691131790477417e-12,8.723427987519017e-13,6.373995365302109e-13,8.779534962211987e-13,7.44593494804697e-11,9.199570686077015e-07,5
254,02:28:30,1.6181322617236867e-11,7.47875576048486e-12,1.3472524142247913e-12,6.579732360882606e-13,1.121812386930124e-12,7.195554585407702e-11,9.308377185798245e-07,5
255,02:29:00,1.6660699974897366e-11,3.5824704067924215e-12,1.4904558831846577e-12,6.619794040964156e-13,1.17553065241897e-12,9.391692818940409e-11,9.264348470806535e-07,5
256,02:29:30,2.111673987351792e-11,4.532452154863093e-12,1.8535590624791495e-12,5.921064503096476e-13,1.087036451110195e-12,6.211826546628878e-11,9.31345604491446e-07,5
257,02:30:00,1.5906169435289747e-11,3.592557176684051e-12,1.8277473159921997e-12,6.600956995758651e-13,1.093685494418542e-12,9.54748107247299e-11,9.232030019353306e-07,5
258,02:30:30,2.69482372899466e-11,3.996463659407883e-12,2.096490116703843e-12,1.3681105993608296e-12,1.7074252131995943e-12,6.67693244521728e-11,9.120465791353602e-07,5
259,02:31:00,1.9338998399914198e-11,2.1124141327564434e-12,1.202970713415196e-12,7.537835999047167e-13,1.0212519649552488e-12,6.302833323785952e-11,9.258032743484308e-07,5
260,02:31:30,1.766999733899147e-11,2.526376187714443e-12,1.4067718602400514e-12,4.701624393408287e-13,6.24088645099498e-13,7.433415010304615e-11,9.355812917872642e-07,5
261,02:32:00,1.741464986727692e-11,3.0789485863244672e-12,1.4220717943628954e-12,5.283233901603047e-13,7.432951320408205e-13,7.547023575649995e-11,9.326217889989314e-07,5
262,02:32:30,2.9219215672632794e-11,4.1198410067232236e-12,1.2304039335715843e-12,4.300904560608575e-13,1.0113203094402661e-12,1.0004953192863212e-10,9.322808349507248e-07,5
263,02:33:00,2.434078126841231e-11,3.8663662214872665e-12,1.8058844572756027e-12,5.897562696193055e-13,1.5758336079400167e-12,8.535927028001512e-11,9.468270100180125e-07,5
264,02:33:30,1.7340106037457056e-11,3.4693813851729247e-12,1.840163595807547e-12,5.13184256514441e-13,8.437592763010243e-13,1.2018293680858193e-10,9.421894522409173e-07,5
265,02:34:00,4.642809728344569e-11,4.63470978255838e-12,1.797734399186625e-12,4.383062368805892e-13,6.844709170110971e-13,1.024940882651668e-10,9.352747129677383e-07,5
266,02:34:30,2.4280968897593977e-11,2.5962918605448584e-12,1.4491228901516452e-12,4.430356988646824e-13,8.054266817819327e-13,7.982302998376122e-11,9.263586468850628e-07,5
267,02:35:00,3.596216705494222e-11,3.539582370650215e-12,1.441621497510886e-12,3.7714877471211844e-13,9.403352757803194e-13,8.914927552199765e-11,9.210629401710914e-07,5
268,02:35:30,3.6999367844277516e-11,3.804126219636481e-12,1.088361663113129e-12,4.873693218226632e-13,7.390533122048612e-13,9.981478988496133e-11,9.04075109307222e-07,5
269,02:36:00,4.064212187656564e-11,4.368999974482084e-12,1.4740062910765601e-12,3.971878486053053e-13,8.304507996157753e-13,1.27976837781697e-10,9.263573113140456e-07,5
270,02:36:30,4.982127353886894e-11,4.0065220706830185e-12,1.4390015344177739e-12,6.201511848039169e-13,9.175821760886358e-13,1.0997880258246628e-10,9.511159349527716e-07,5
271,02:37:00,3.2875115803659284e-11,4.4492022305175545e-12,1.4726917985150485e-12,4.3207876592037073e-13,9.108055962765e-13,1.267646557186373e-10,9.428059056558461e-07,5
272,02:37:30,2.889305415178598e-11,4.403264346201274e-12,1.8759346001342923e-12,4.2058383080338134e-13,1.31929701788967e-12,1.1571078379200124e-10,9.178895167710534e-07,5
273,02:38:00,3.366636226015121e-11,6.13759678390216e-12,1.5713874719198116e-12,5.277059137210671e-13,1.2873842521328728e-12,1.0106975117735079e-10,9.607359302878075e-07,2
274,02:38:30,6.24610793124547e-11,5.154642699736245e-12,1.6652055452259982e-12,3.649781417970979e-13,6.19074479861412e-13,1.4892880022194293e-10,9.583240430210292e-07,2
275,02:39:00,4.054760088090235e-11,5.7108682322127484e-12,1.842251824201197e-12,4.2385094796675234e-13,1.2361619435165173e-12,1.5902356778339162e-10,9.354223080221868e-07,2
276,02:39:30,5.348775856568917e-11,4.440240987651279e-12,1.710998054857209e-12,4.300118609273187e-13,1.0795051257476623e-12,1.8377916952496226e-10,9.308069373430136e-07,2
277,02:40:00,4.7938401068086134e-11,5.863008102190177e-12,1.3632395116857044e-12,4.214047666574253e-13,8.997229883148368e-13,1.2137295029413586e-10,9.325360659476357e-07,2
278,02:40:30,4.7278729782643477e-11,3.964152473684178e-12,1.6784630722391977e-12,4.0373698179560203e-13,9.377717737363455e-13,1.2917923779477073e-10,9.226212044196689e-07,2
279,02:41:00,6.973744393206094e-11,5.171876849738513e-12,2.098754608205107e-12,4.880611620538991e-13,1.5736045362858514e-12,1.6249663010971715e-10,8.99732087388344e-07,2
280,02:41:30,4.6914597512964664e-11,4.1703429538553065e-12,1.633603094283347e-12,3.926868065538932e-13,9.632256712913097e-13,1.5609230808991313e-10,9.197555667414456e-07,2
281,02:42:00,4.604953870838418e-11,3.5041245566512167e-12,1.3735509854451199e-12,4.162864802408453e-13,9.79093269015948e-13,2.470258070829664e-10,9.460599769782944e-07,2
282,02:42:30,1.1507848034985943e-10,4.907019964848191e-12,1.5891671208378628e-12,3.7001854556407437e-13,8.201254322507158e-13,1.209735669914843e-10,9.429959356279365e-07,2
283,02:43:00,4.890376687129213e-11,4.246657248800732e-12,1.5093776791483157e-12,3.8131872327869516e-13,9.351030647267832e-13,2.0144521926687232e-10,9.401904838742399e-07,2
284,02:43:30,7.240161912856415e-11,5.424048305201804e-12,1.9482971163349766e-12,3.9390980113766684e-13,9.608439045374221e-13,2.817552035443283e-10,9.504442801924175e-07,2
285,02:44:00,6.570722607706255e-11,5.309931568099748e-12,1.6273795697854436e-12,3.8072227776159646e-13,9.070172055964671e-13,2.599180285600503e-10,9.422813158459333e-07,2
286,02:44:30,7.131279119163341e-11,5.188365326630478e-12,1.4413015724187365e-12,3.6099576523484364e-13,9.563178713107528e-13,1.920443595196262e-10,9.286937988853777e-07,2
287,02:45:00,5.953987258588612e-11,3.8703484304170575e-12,1.463503386008986e-12,3.1809280225833556e-13,8.10938457065849e-13,2.2620979787895288e-10,9.088077653371911e-07,3
288,02:45:30,1.4779357030222222e-10,4.352852499985324e-12,1.3522246416117443e-12,3.9749845622496006e-13,9.827250702376813e-13,4.5354703741526014e-10,9.152786762749937e-07,3
289,02:46:00,4.3543387858447144e-11,3.558317756361391e-12,1.3262835095259936e-12,3.4102324264391316e-13,8.739272254707416e-13,2.5748339923356104e-10,9.257241468923756e-07,3
290,02:46:30,9.227583596265528e-11,5.906377084479739e-12,1.649000198619915e-12,4.233689431283696e-13,9.519016043449719e-13,2.4971821025817923e-10,9.285592340552835e-07,3
291,02:47:00,7.441863540782963e-11,5.125777764953352e-12,1.6006737662669595e-12,3.6030441312914675e-13,9.08209528917532e-13,2.351901782796893e-10,9.346471511213138e-07,2
292,02:47:30,8.825616037323118e-11,5.271303754956066e-12,1.4364890210880528e-12,3.7471417038660083e-13,1.0056545994340664e-12,2.799965365958028e-10,9.48221590397942e-07,3
293,02:48:00,1.1998580907650823e-10,7.198310349794743e-12,2.064926140284781e-12,3.71316625679993e-13,1.0267891758570442e-12,2.4966632523141773e-10,9.383837423589984e-07,3
294,02:48:30,1.4077845775042108e-10,6.1118988286519495e-12,1.5829407150043708e-12,2.8137174031829314e-13,7.927374317164059e-13,3.0086299777149815e-10,9.13330324771157e-07,3
295,02:49:00,1.207349812655324e-10,4.956076353241435e-12,1.6584608389172066e-12,3.5010708368520906e-13,1.0271858290026095e-12,4.817535686012646e-10,9.386215863615764e-07,3
296,02:49:30,7.515741571604373e-11,5.48240392093577e-12,1.3299494319794332e-12,2.7889071738892095e-13,5.875109693982558e-13,2.611480017270558e-10,9.23264065589495e-07,3
297,02:50:00,1.1049263037122676e-10,6.182340507994013e-12,1.3489451236099054e-12,3.368208529345815e-13,8.944906234385692e-13,3.4748203780157496e-10,9.212305433022053e-07,3
298,02:50:30,1.4780345369165944e-10,4.4983057813867415e-12,1.4607589237299004e-12,3.739589281544245e-13,8.876191158537063e-13,4.1915464640583187e-10,9.133754851356139e-07,3
299,02:51:00,1.2451558894727316e-10,5.074000485296957e-12,9.476950638421172e-13,2.889966260822807e-13,6.812321763097474e-13,3.255917574787536e-10,9.300982552849591e-07,3
300,02:51:30,1.4071732561144649e-10,6.083803272248413e-12,1.2783965571951238e-12,2.7688199887668214e-13,7.66712617292558e-13,4.817242747778318e-10,9.219934019633392e-07,3
301,02:52:00,8.035790183019226e-11,5.678485953596425e-12,1.317394396840534e-12,3.2609231765317805e-13,8.584588468262967e-13,3.222913893163203e-10,9.326368826986765e-07,3
302,02:52:30,1.2905928133119974e-10,5.2912035396711075e-12,1.1342989171517181e-12,3.207966098537957e-13,8.3099807271071e-13,3.746728964890498e-10,9.239780372196843e-07,3
303,02:53:00,1.1522185299030285e-10,4.695435910077788e-12,1.4548132424857667e-12,2.9860573112787094e-13,7.131622746465962e-13,3.1264021243165077e-10,9.61012656646518e-07,3
304,02:53:30,1.7575235780277441e-10,6.8536584911766094e-12,2.0090402037271827e-12,3.585342572441819e-13,9.961231993020555e-13,4.830440431868075e-10,9.497085587635951e-07,3
305,02:54:00,8.090855310706935e-11,5.630401518734502e-12,1.4086862432870288e-12,3.358585347737427e-13,8.710923074223073e-13,2.8868610958968823e-10,9.315581938965678e-07,3
306,02:54:30,1.4215625960740673e-10,6.478522633869852e-12,1.0216703507821468e-12,3.070285117343845e-13,8.791778511568068e-13,2.688505821325205e-10,9.161004283524728e-07,3
307,02:55:00,7.840286213776343e-11,5.76233856723584e-12,1.5106166725780945e-12,2.5705371368260294e-13,6.268452376138607e-13,3.259756400677479e-10,9.327245927704805e-07,3
308,02:55:30,1.3882750043357484e-10,7.150201698163818e-12,1.6043735842048132e-12,4.595715934706884e-13,1.3560991992877704e-12,4.87205089541978e-10,9.33996363517738e-07,3
309,02:56:00,8.928521748501846e-11,6.096289185492204e-12,1.4517621823172105e-12,3.265757567567784e-13,7.825896252345959e-13,2.599033831107438e-10,9.305405565998573e-07,3
310,02:56:30,2.2247957960714104e-10,6.2544162086957024e-12,1.5133288743618368e-12,2.1899379200656444e-13,5.509674632772134e-13,3.5432793734665206e-10,9.29567718680008e-07,3
311,02:57:00,1.1299373891295272e-10,6.053044592012446e-12,2.478437736003415e-12,1.2293785975340336e-12,1.5112590237291876e-12,8.45473028858296e-10,9.177810433569315e-07,3
312,02:57:30,7.893532496018185e-11,3.191696684279831e-12,2.615482994350478e-12,1.0971143215159078e-12,2.1138990365532683e-12,7.018398535940852e-10,9.050192710744784e-07,2
313,02:58:00,8.54805948540167e-12,1.8844008658506825e-12,1.9272666434147297e-12,1.55411746664565e-12,1.8455169848886767e-12,2.733592609850675e-10,9.408007691475489e-07,0
314,02:58:30,1.9200435172577717e-11,3.665894310462892e-12,2.7655329080008943e-12,1.4186693306701955e-12,2.295258815975858e-12,1.786940560352593e-10,9.481111527277672e-07,0
315,02:59:00,1.4645876661100982e-11,3.4602464688873973e-12,2.1190052905034334e-12,1.2889598566440965e-12,2.1507530911019904e-12,1.8233625528247453e-10,9.5913327148196e-07,0
316,02:59:30,4.021912271437579e-11,3.972967683522207e-12,2.2361142603089907e-12,1.2117361575153404e-12,2.3978491542064217e-12,2.2932967430723792e-10,9.673618748426513e-07,0
317,03:00:00,3.81615647494162e-11,3.786519827642662e-12,1.9521741924745464e-12,6.76656627832175e-13,1.013589683448126e-12,1.0199035336083029e-10,9.80311514215683e-07,1
318,03:00:30,3.97317324366809e-11,3.5526080762515108e-12,2.2538982171290276e-12,1.4199213851857672e-12,1.9179130769312604e-12,2.4046532907008343e-10,9.69824697113204e-07,1
319,03:01:00,6.622632640979657e-11,3.5882797009099875e-12,1.7425689895689747e-12,4.787099157484078e-13,1.0461031001363106e-12,1.9783452455871845e-10,9.630557759335651e-07,2
320,03:01:30,2.710690250425484e-11,4.700367580443196e-12,2.3944937988857223e-12,1.3602661756259187e-12,2.5261267309744998e-12,1.9211205221670691e-10,9.98369567872745e-07,2
321,03:02:00,4.021459832801154e-11,4.864541926732246e-12,2.291095944490704e-12,9.593527024854508e-13,1.100167891263512e-12,1.9842430963306784e-10,9.58798871096012e-07,2
322,03:02:30,9.651163332507631e-11,5.843899315580583e-12,4.260651145222975e-12,1.287593012084825e-12,2.4837317353612855e-12,4.810124388414711e-10,9.25465270088904e-07,2
323,03:03:00,1.9223895594228472e-11,2.8200826027466113e-12,1.771470379622455e-12,7.054353142781219e-13,7.63489855796291e-13,1.186901264383164e-10,9.501693629490446e-07,2
324,03:03:30,2.327251062045183e-11,3.0140767783733736e-12,1.1742503637221006e-12,5.355018257338257e-13,8.998007375771235e-13,1.2645011373865737e-10,9.408997809831047e-07,2
325,03:04:00,2.4755423143223245e-11,4.11421961553663e-12,1.898468403480397e-12,5.022762353473474e-13,9.099333965133276e-13,1.3122803325031053e-10,9.432164093847724e-07,2
326,03:04:30,4.0779281118979506e-11,3.3949552713952236e-12,1.7276770738898191e-12,7.572148197129505e-13,2.0822759909376536e-12,9.503912355219999e-11,9.560130459386e-07,2
327,03:05:00,2.6668482090408453e-11,5.00501322831887e-12,1.0320963771784786e-12,5.234341228617914e-13,7.898250581357236e-13,7.882845062561876e-11,9.368976431486754e-07,2
328,03:05:30,2.5071260221763866e-11,6.695578523538312e-12,1.6704639862239465e-12,5.295739433514654e-13,9.294343781470108e-13,1.5717727926792006e-10,9.465585831534456e-07,2
329,03:06:00,2.6203741118730663e-11,4.345742484892985e-12,1.426471186096456e-12,4.906264049761976e-13,1.2735223531478301e-12,9.896442635834622e-11,9.519422769169416e-07,2
330,03:06:30,3.162579306636524e-11,5.390915419148987e-12,1.4218284487223349e-12,5.264278947763551e-13,8.859303769644312e-13,1.0285566476741492e-10,9.511219808426613e-07,2
331,03:07:00,3.233648790112782e-11,5.09991235674704e-12,1.414058423568864e-12,4.663323467483415e-13,7.300708767940121e-13,1.0596563009069782e-10,9.602747106422349e-07,2
332,03:07:30,4.949547113273235e-11,4.202174499638241e-12,1.7692335855798498e-12,5.296197594727391e-13,1.2484135043876927e-12,1.1083204784674653e-10,9.268297155556654e-07,2
333,03:08:00,2.4700508243698325e-11,5.769307769896186e-12,1.3376603053141757e-12,4.4172039728194473e-13,1.0492486224275105e-12,1.2570152741700695e-10,8.985619440985628e-07,2
334,03:08:30,8.747516295187852e-11,5.170862169277148e-12,1.6049430410000562e-12,3.9562677456099106e-13,9.793327560301004e-13,1.9725327795210713e-10,9.158879051249634e-07,2
335,03:09:00,4.6238286228663986e-11,4.727679632864115e-12,1.2354405741543712e-12,4.2350485496409073e-13,1.0777975070078936e-12,9.978658095627683e-11,9.361480462977312e-07,2
336,03:09:30,4.327646095243555e-11,4.811312573731447e-12,1.2722200510599847e-12,5.358472414288631e-13,9.191886396724595e-13,1.451509861636592e-10,9.32522034201361e-07,2
337,03:10:00,3.2765406558272956e-11,5.664614839260686e-12,1.2801895204215748e-12,4.3073565256393436e-13,7.9170458655723e-13,1.2387003550212617e-10,9.252627515635491e-07,2
338,03:10:30,1.1222427565889854e-10,6.645289866639965e-12,1.5365768021009076e-12,3.841142802088905e-13,1.162382241203702e-12,2.2083729524307644e-10,9.334260039668803e-07,3
339,03:11:00,4.953993223894509e-11,5.297015530177402e-12,1.295212847877044e-12,4.008762318380291e-13,1.079480608179009e-12,2.025403892283499e-10,9.582129264421733e-07,3
340,03:11:30,1.5945182546084172e-10,6.502188138224619e-12,4.107166243016423e-12,1.5859927374094816e-12,2.302009121883913e-12,2.903369386577733e-09,9.421482013441408e-07,0
341,03:12:00,2.696887167974773e-11,5.37343212421777e-12,3.569996245033639e-12,2.3987407274395975e-12,3.8210886876057675e-12,6.836376556437035e-10,9.013165041323184e-07,0
342,03:12:30,4.423391759064205e-11,6.71960037175436e-12,1.744676619519651e-12,8.847373651995578e-13,1.0690557835340782e-12,1.5230523475586665e-10,9.357884319457805e-07,1
343,03:13:00,3.5754153463674625e-11,4.571953598415635e-12,1.5948770288466726e-12,7.182420149172608e-13,1.7571145107625497e-12,1.1721173391511962e-10,9.005924607259702e-07,1
344,03:13:30,6.378818158175705e-11,3.1039957387350603e-12,1.491735239405804e-12,6.644857944837971e-13,2.0175610617512775e-12,1.5429880491205245e-10,9.398317359983981e-07,2
345,03:14:00,3.357930119556417e-11,3.1716704553766936e-12,1.3062431739872081e-12,4.986148117355475e-13,8.697046120519212e-13,1.1668839392063226e-10,9.264559665815292e-07,2
346,03:14:30,4.179120596273814e-11,3.951444739912492e-12,1.7317319699556798e-12,3.5655334287557476e-13,8.373935031324034e-13,1.1572856823504298e-10,9.395048533273966e-07,2
347,03:15:00,2.0189619542440902e-11,4.7292279914059615e-12,1.4334869985979108e-12,3.8899032286388036e-13,8.614944643246192e-13,1.0753591499453955e-10,9.439153436279439e-07,2
348,03:15:30,5.836254891081842e-11,5.75609581959689e-12,1.8398247872314232e-12,5.69978938222822e-13,1.4284303658291726e-12,1.294157531760526e-10,9.44509306430853e-07,2
349,03:16:00,4.240446056148493e-11,4.789695789192382e-12,1.5417370532059961e-12,4.014988384513643e-13,8.422294253628267e-13,1.2069551216298948e-10,9.285789682457365e-07,2
350,03:16:30,4.0948355748191396e-11,5.553954252034149e-12,1.6689516149288596e-12,5.013376750035077e-13,1.2603796029320706e-12,1.2275819090669834e-10,9.521333095494583e-07,2
351,03:17:00,4.260635432754811e-11,3.850791504648288e-12,1.5500404673005802e-12,3.707573853141402e-13,7.146958824456914e-13,1.3797046327246218e-10,9.626659049900685e-07,2
352,03:17:30,3.930017627047729e-11,5.630713639087422e-12,1.6557972922168047e-12,4.845738109537586e-13,8.474538419139446e-13,1.3128605894744358e-10,9.181647944176855e-07,2
353,03:18:00,5.60575539781257e-11,5.855105029637953e-12,1.2880625253553693e-12,3.7377274090228226e-13,7.311944729430415e-13,1.5654924924658393e-10,9.255966593129852e-07,2
354,03:18:30,4.714554198507402e-11,5.801683610487086e-12,1.4826620011264586e-12,3.420270421362648e-13,9.01277136148323e-13,1.5835154061203767e-10,9.170993453855729e-07,2
355,03:19:00,8.006893886843017e-11,4.660891547401872e-12,1.1682497910979688e-12,3.5734848320215454e-13,7.017261438273414e-13,2.464848967550745e-10,9.353079933662597e-07,2
356,03:19:30,7.649167489777158e-11,7.0739868450611506e-12,1.6223328051810535e-12,3.2962072986925045e-13,7.294705808870329e-13,2.9297004877076167e-10,9.245140781209476e-07,2
357,03:20:00,4.5245990653260645e-11,4.286290053708192e-12,1.454174327375678e-12,3.767109361531008e-13,1.0798899105452303e-12,2.2473233243831604e-10,9.437374558125356e-07,2
358,03:20:30,5.872164893569583e-11,6.956828024480864e-12,1.5786573248712306e-12,3.358399176529538e-13,8.529061746138763e-13,3.8894143288186253e-10,9.367548245213703e-07,2
359,03:21:00,7.661239813188305e-11,4.58444071033658e-12,1.0187926694959797e-12,3.1072867426652094e-13,6.716247288573837e-13,2.5984658011648637e-10,9.445962364499503e-07,2
360,03:21:30,6.912313553073203e-11,6.005717847342589e-12,1.6744089619222735e-12,4.377279825959483e-13,1.3516839050828901e-12,2.910672423989641e-10,9.344892247264269e-07,2
361,03:22:00,4.312442035755091e-11,4.302481431672353e-12,1.0019119841414428e-12,4.957833642722854e-13,1.496765726256588e-12,2.519770534803502e-10,9.478153137101356e-07,3
362,03:22:30,1.0987317467494573e-10,7.231546608759684e-12,1.6973039548410446e-12,3.8860197078944006e-13,1.1073218929345403e-12,3.157833964947335e-10,9.475261062886322e-07,3
363,03:23:00,7.203337770106164e-11,4.079559530161296e-12,1.105557609639409e-12,3.241013829448998e-13,1.0989414658041645e-12,2.4039858168765256e-10,9.333990373703145e-07,3
364,03:23:30,1.2092025774540597e-10,6.5717836949706985e-12,1.543224366977235e-12,4.374184682146677e-13,1.6262120570035603e-12,3.968486645047757e-10,9.105995595669319e-07,3
365,03:24:00,1.1198951909604916e-10,6.130089896929796e-12,1.2762300336604733e-12,2.9062209857363187e-13,7.21951153071294e-13,3.0714289640920134e-10,9.150902981705339e-07,3
366,03:24:30,9.614943123143972e-11,5.937206936580935e-12,1.45435765707485e-12,4.204376111650738e-13,1.1269037465535927e-12,2.573294559202232e-10,9.410436502483995e-07,3
367,03:25:00,8.106346931408003e-11,7.568494015503907e-12,1.6530644102864285e-12,3.601979852713126e-13,8.682627907801471e-13,4.0215156752494534e-10,9.160345776482869e-07,3
368,03:25:30,1.4543287957667105e-10,5.319973607505385e-12,1.3790643085470735e-12,3.2895536037799566e-13,9.32060409580832e-13,4.287578676634077e-10,9.640947202352993e-07,3
369,03:26:00,1.522886338893016e-10,5.274570429550401e-12,1.2590322650536786e-12,3.84490151611877e-13,9.478111275741314e-13,4.788222709918707e-10,9.581019570916415e-07,3
370,03:26:30,1.5116124645983387e-10,5.97431269173166e-12,1.924970645204557e-12,2.949729867861335e-13,7.788048982155264e-13,4.670246499476185e-10,9.48259033345822e-07,3
371,03:27:00,1.4606745355675574e-10,5.342956880971264e-12,1.150912697714766e-12,2.9822383813662035e-13,5.416592569935452e-13,3.6966938912945723e-10,9.179149511966336e-07,3
372,03:27:30,1.1359221955853011e-10,5.146449497257356e-12,1.4119895035293047e-12,3.3248867015963534e-13,9.834953806007753e-13,5.059756247545299e-10,9.314533776873926e-07,3
373,03:28:00,1.5072300833885563e-10,6.80789500713374e-12,1.4137049195097179e-12,3.7210444320426056e-13,7.460818240676079e-13,2.793008850978217e-10,9.397340880120877e-07,3
374,03:28:30,1.3918106333414178e-10,5.204950881034974e-12,1.3923133758729596e-12,3.3217099517403475e-13,9.25074998777041e-13,3.1660777730770406e-10,9.209463720966531e-07,3
375,03:29:00,8.844253343055807e-11,5.282311166851891e-12,1.5581968202698627e-12,3.139234761523809e-13,9.404375415412218e-13,2.8122837319341657e-10,9.228156614057686e-07,3
376,03:29:30,1.1300574834177447e-10,4.056426334122042e-12,9.427928641823397e-13,4.2603285407012305e-13,1.0961470923468731e-12,3.346399574753326e-10,9.064654473886711e-07,3
377,03:30:00,1.3451962424661548e-10,7.1194437941820785e-12,1.2879472505848413e-12,2.5873743768796533e-13,8.123383543815453e-13,6.443573788057974e-10,9.321533190008735e-07,3
378,03:30:30,1.1268050711645719e-10,5.95947452518895e-12,1.2028460033002511e-12,2.889836077316249e-13,7.281021994408107e-13,6.386259447938007e-10,9.418058299284078e-07,3
379,03:31:00,7.895320550299372e-11,4.60583038889308e-12,1.533400371273333e-12,3.020204117424583e-13,9.008873317311382e-13,3.9730985109112314e-10,9.102253759531386e-07,2
380,03:31:30,1.336418188914414e-10,5.311859374328656e-12,1.121904875315121e-12,2.347733377923784e-13,5.173519516171986e-13,5.854657111141915e-10,9.260695067635963e-07,3
381,03:32:00,1.741511923630724e-10,5.119796341199741e-12,1.3654414558717948e-12,3.09952031187444e-13,8.558154883183712e-13,4.97931935395949e-10,9.414789944405031e-07,3
382,03:32:30,1.617046214363332e-10,5.8810407465787905e-12,1.110230652202711e-12,3.676179891237286e-13,1.032239722755611e-12,5.306454613359247e-10,9.286372949745694e-07,3
383,03:33:00,1.7402168367379026e-10,6.695399515996027e-12,2.64353272203358e-12,1.2800218850943905e-12,2.412048149530624e-12,6.198331204669983e-10,1.4156984500844868e-06,2
384,03:33:30,8.239091925794697e-11,5.928569687550856e-12,5.5261887823905805e-12,2.980754733201339e-12,4.332010580592716e-12,6.345016213049926e-10,9.363052497977084e-07,2
385,03:34:00,8.134719708141467e-11,5.79662217833284e-12,2.4873110141816517e-12,8.561003737088566e-13,1.2607439063864103e-12,2.443231237416988e-10,9.316299347165693e-07,2
386,03:34:30,5.268763718368901e-11,5.590046760536353e-12,2.6405963869377815e-12,1.2484846441476344e-12,2.1834288409264372e-12,3.223290138598714e-10,9.274588510941336e-07,2
387,03:35:00,7.800644896976051e-11,6.9127924575617724e-12,3.706111220697098e-12,1.2857072661669434e-12,3.865853497300785e-12,1.269622819880025e-10,9.421212277683753e-07,3
388,03:35:30,4.8470075056594973e-11,4.127339216106984e-12,2.0453950890243228e-12,4.751892487439609e-13,7.47728832321719e-13,1.6613834496830366e-10,9.312152615295949e-07,3
389,03:36:00,2.7111816939755876e-11,4.594211849104162e-12,1.5845929438359752e-12,5.564736329572479e-13,1.1368535860081582e-12,9.238467950287293e-11,9.309781758654296e-07,2
390,03:36:30,2.786687575094166e-11,3.938005067096805e-12,1.3517824162323345e-12,4.0376133297171535e-13,8.109973980810259e-13,1.2659179706030345e-10,9.405707526705019e-07,2
391,03:37:00,3.705414375108536e-11,4.5340496000580644e-12,1.1890933571041612e-12,3.6142417660368765e-13,5.571851211162652e-13,1.3803043267263702e-10,9.467949144703401e-07,2
392,03:37:30,3.89554066898157e-11,4.772529222071277e-12,1.468460532195665e-12,4.582624852826572e-13,7.959576830914054e-13,1.8909686634899692e-10,9.299678850886191e-07,2
393,03:38:00,7.753518032374163e-11,5.63145109437818e-12,1.4322248513196084e-12,6.000126131915507e-13,1.3328394357658006e-12,1.9943242209088812e-10,9.328859036128362e-07,2
394,03:38:30,6.282067577444346e-11,6.891024843570759e-12,1.2050812350196449e-12,4.4237562947927816e-13,1.019492917550288e-12,2.40900425023331e-10,9.598914041007589e-07,2
395,03:39:00,5.210760860435989e-11,6.730051259508419e-12,1.5941505484144823e-12,4.881752170027367e-13,1.0476837382187216e-12,2.903041589825659e-10,9.479839517214907e-07,2
396,03:39:30,5.917984695023355e-11,5.710853861807054e-12,1.422291017508032e-12,5.336354308009759e-13,1.4889574255241133e-12,3.376461608577321e-10,9.555996480595426e-07,2
397,03:40:00,1.0710070813634665e-10,5.0828992320375945e-12,1.2323324700899719e-12,3.989287926538039e-13,8.325408564296413e-13,2.775773321724891e-10,9.473358120252277e-07,2
398,03:40:30,6.610365327780947e-11,3.930674472520831e-12,1.1398011724735094e-12,3.7728135229262463e-13,1.0667844125689122e-12,2.1618224131593666e-10,9.28850120281974e-07,2
399,03:41:00,7.384827085614644e-11,6.301594868733365e-12,1.1201799793303232e-12,3.6153862964646596e-13,8.761099381913899e-13,2.262359779005312e-10,9.332612895473005e-07,2
400,03:41:30,6.84797783538808e-11,4.965890701070132e-12,1.6092389733092722e-12,4.438231586873221e-13,1.1686125195481471e-12,3.599866585388608e-10,9.315050210685771e-07,2
401,03:42:00,1.231067920091255e-10,5.5198925865573175e-12,1.5568490056155238e-12,3.896286014911497e-13,9.949268767804692e-13,2.8106747640861973e-10,9.358861775334597e-07,3
402,03:42:30,9.027503629081667e-11,3.978452391847329e-12,1.465719959796324e-12,3.2233473853196467e-13,7.502925080078034e-13,3.121895928785627e-10,9.465764910417103e-07,3
403,03:43:00,1.2560997307027892e-10,7.379754978900504e-12,1.2526403530782476e-12,3.357962752101449e-13,6.851268905214976e-13,4.2183500784070613e-10,9.392865976142453e-07,3
404,03:43:30,9.195155736085853e-11,5.060493482950404e-12,1.3738004654586648e-12,4.0773049954844537e-13,9.857060963088192e-13,4.715428097644787e-10,9.36966282685418e-07,3
405,03:44:00,1.019033833790105e-10,4.86639697308021e-12,1.0924436132145504e-12,3.5316139579666726e-13,8.522070334016987e-13,2.889629007037796e-10,9.647995386405529e-07,3
406,03:44:30,8.345908235632998e-11,4.678019857816201e-12,1.4128910110015125e-12,3.593488912027412e-13,7.369230002254843e-13,3.674165145896992e-10,9.44624623284055e-07,3
407,03:45:00,8.580693319223049e-11,4.429458544406565e-12,1.2196311044819862e-12,3.8990659709972964e-13,1.5914605265615006e-12,4.067973193501251e-10,9.385902936509665e-07,3
408,03:45:30,1.3681160565100914e-10,4.9591811515981894e-12,1.5059729492162657e-12,3.1326345936785183e-13,8.229827279129863e-13,3.471444706774463e-10,9.200870435443765e-07,3
409,03:46:00,1.2332828902209595e-10,5.834068369369349e-12,1.2368502595560724e-12,2.8444726714929207e-13,8.357387066697107e-13,6.30739023740444e-10,9.335719725045717e-07,3
410,03:46:30,9.738890666813997e-11,5.126690622438541e-12,1.1805205298477083e-12,3.992645267526384e-13,7.615300358129088e-13,4.5799821172236954e-10,9.320724857547685e-07,3
411,03:47:00,1.4022149126285967e-10,6.806477223542695e-12,1.384939925147728e-12,3.246329979785473e-13,7.678486639404676e-13,4.70671893826252e-10,9.453368414589083e-07,3
412,03:47:30,1.1080647966740002e-10,4.134254220201048e-12,1.3718712958938718e-12,3.280205239455567e-13,6.695954452185508e-13,3.448684448846925e-10,9.459881529976946e-07,3
413,03:48:00,1.2800733753969113e-10,4.606338301609157e-12,1.406876680719888e-12,3.264938853774432e-13,7.644313281224329e-13,6.476942307679148e-10,9.43746709375647e-07,3
414,03:48:30,9.282760234379632e-11,5.18993077016369e-12,1.5215413187878297e-12,4.4525716380550405e-13,1.3140768650056983e-12,3.587716590628281e-10,9.265005416556251e-07,3
415,03:49:00,1.02882348515454e-10,3.723398265324596e-12,1.513044157445324e-12,3.1176473945164737e-13,7.581301105668801e-13,4.098337827072817e-10,9.292659581335133e-07,3
416,03:49:30,9.576481352266177e-11,5.445749699646628e-12,1.7130022708873513e-12,3.09897687055156e-13,6.533340773525353e-13,3.703496590628374e-10,9.472209602970058e-07,3
417,03:50:00,9.806809544138645e-11,4.16454665684116e-12,1.2842011723292963e-12,3.11421101167383e-13,6.446253340785515e-13,5.047801731104918e-10,9.215004136756318e-07,3
418,03:50:30,1.429697658953443e-10,6.763755395752853e-12,1.5760168315181874e-12,3.136919819424426e-13,8.254938921100972e-13,4.093733465400933e-10,9.451590393022935e-07,3
419,03:51:00,5.3805123309814064e-11,8.683421962481287e-12,5.205954309645974e-12,3.509746368188228e-12,3.876270175222641e-12,7.861191589846153e-10,8.811721465061442e-07,2
420,03:51:30,4.46157438457012e-11,5.641014984431597e-12,4.162880541983955e-12,2.722238010796938e-12,3.2846444462909837e-12,6.471266238567952e-10,9.18859381201378e-07,1
421,03:52:00,5.2143593774303195e-11,5.700055011392117e-12,3.026181158201008e-12,1.0629922201999185e-12,1.7959001998688781e-12,2.466676224539682e-10,1.7541081538705204e-06,1
422,03:52:30,5.205777279352874e-11,6.391638367269037e-12,3.4255645004217542e-12,1.281838244032162e-12,3.02695256749507e-12,3.0826727334617047e-10,9.452272259594424e-07,1
423,03:53:00,2.1750151695770347e-11,5.966359696194004e-12,2.29846497461017e-12,8.445056975240077e-13,1.5380489649577314e-12,1.5948448780548246e-10,9.339967167075968e-07,2
424,03:53:30,3.32674605545749e-11,6.173691337937726e-12,1.6963523495162038e-12,5.921660050950988e-13,1.0369135918544984e-12,1.2426622573389512e-10,9.725028284400701e-07,2
425,03:54:00,7.166792824588072e-11,6.859765738072761e-12,3.490959744954183e-12,1.455126240932509e-12,3.4681879970464757e-12,1.7909189381816294e-09,9.537234866839174e-07,1
426,03:54:30,4.4821794485622456e-11,4.934166533904798e-12,2.2359790183910654e-12,5.628711195924012e-13,8.832285534668659e-13,1.3410625293334322e-10,9.68454675775732e-07,1
427,03:55:00,3.0197190243615324e-11,4.838924646911143e-12,1.6476237513503141e-12,8.306778344982083e-13,1.8705541159800267e-12,1.0162530996476537e-10,9.700131127562905e-07,2
428,03:55:30,1.9824595732172133e-11,4.935460949390098e-12,1.3051908752167083e-12,5.188594067855926e-13,8.974696528791675e-13,9.034947478944993e-11,9.648133677381479e-07,2
429,03:56:00,3.614675202951409e-11,4.802168373522803e-12,2.412364358113282e-12,4.026079766604656e-13,7.896126781898815e-13,1.7335742834546813e-10,9.6456247503549e-07,2
430,03:56:30,6.491966057581319e-11,4.155822353334656e-12,1.8440803275831745e-12,6.957734798756221e-13,1.5237872340738332e-12,1.1235035000921822e-10,9.624487481259393e-07,2
431,03:57:00,2.403311486084998e-11,3.2467053452838614e-12,1.3032274268154658e-12,4.655946220687686e-13,9.466619464210708e-13,1.239060357457945e-10,1.01848396628544e-06,2
432,03:57:30,2.36056746406619e-11,4.482912006286266e-12,1.1505491264854307e-12,5.314888327815475e-13,1.3816870290776077e-12,8.67129922844913e-11,9.444505503116944e-07,2
433,03:58:00,4.7889283861798246e-11,4.914931639019849e-12,1.855873548393221e-12,5.274283828338645e-13,9.294511089242885e-13,1.2364015406105004e-10,9.57245698783962e-07,2
434,03:58:30,5.800452944972091e-11,3.7796153617942786e-12,1.2418598333833592e-12,5.100528948093607e-13,9.297153544040571e-13,1.119758499013626e-10,9.313780291538906e-07,2
435,03:59:00,3.6116253102337366e-11,3.747049177453435e-12,1.0559286207859073e-12,3.6441181882343146e-13,9.129952924301216e-13,1.1140853064736253e-10,9.177020958057681e-07,2
436,03:59:30,3.2609229556109854e-11,4.159260477568364e-12,1.4395015276043682e-12,4.201172970237263e-13,8.538617668687799e-13,1.2382305768293874e-10,9.177648277901482e-07,2
437,04:00:00,2.972956174019304e-11,3.743949823125302e-12,1.4431295271035002e-12,3.851868836984698e-13,7.127772909840659e-13,1.0825664377154354e-10,9.293718099066507e-07,2
438,04:00:30,3.9934958798037066e-11,5.6263710355992135e-12,1.2953441358590372e-12,3.956552347172083e-13,6.812464184158888e-13,1.4402270269185643e-10,9.365283355086827e-07,2
439,04:01:00,4.1987003514591047e-11,5.352386006186305e-12,1.3049016284960316e-12,3.536517513959436e-13,8.668765103339668e-13,1.6785123455480562e-10,9.313016075285369e-07,2
440,04:01:30,1.0015739291587604e-10,7.74208928840291e-12,1.738503635552103e-12,3.883302885271482e-13,8.39739893014459e-13,2.4262495812631453e-10,9.495794882021347e-07,2
441,04:02:00,5.821239818978199e-11,5.709013212723291e-12,1.0271124056845888e-12,3.111731237766445e-13,5.753374091262592e-13,2.967143499420144e-10,9.298306169074673e-07,2
442,04:02:30,3.439656882701311e-11,6.5910769787504576e-12,1.6986237063918756e-12,4.063291967534259e-13,1.2373199153793894e-12,2.2730892715011937e-10,9.471921661430549e-07,2
443,04:03:00,5.144373353813998e-11,4.3516122592544975e-12,1.413961903108328e-12,4.5205036206956335e-13,1.1192455826162996e-12,1.9988318297469688e-10,9.488637928102298e-07,2
444,04:03:30,5.276901850572658e-11,5.0909259586219815e-12,1.1094307132577456e-12,4.57646159894487e-13,1.281367475106029e-12,1.3586927705248066e-10,8.96634609715318e-07,2
445,04:04:00,5.097359133374987e-11,5.627820281315934e-12,1.2614264556863818e-12,3.9142289779256263e-13,8.174589264506117e-13,1.9340554905937168e-10,9.208585473968279e-07,2
446,04:04:30,8.398713790560749e-11,6.869553492177531e-12,2.154663667824694e-12,4.124533861989575e-13,9.892591498353134e-13,3.46338467298771e-10,9.458763277995845e-07,2
447,04:05:00,9.082940955407768e-11,4.370477572559705e-12,1.821157444165422e-12,5.513932609847231e-13,1.1364328919650336e-12,3.5529678958199397e-10,9.436065031521187e-07,3
448,04:05:30,4.896958661722681e-11,4.545590487271353e-12,1.260742309030699e-12,4.2005468475202365e-13,9.02571344672205e-13,2.7314116750815515e-10,9.468114572995474e-07,2
449,04:06:00,1.1020180012760752e-10,5.613790812911833e-12,1.6119469030985881e-12,4.815429485101524e-13,1.5045641930331535e-12,3.4323605612385923e-10,9.626671599864553e-07,3
450,04:06:30,8.598318505250254e-11,4.040140335683269e-12,1.2073004182932234e-12,4.1634094776906977e-13,6.753795521185389e-13,2.5088909983985336e-10,9.640636822409986e-07,2
451,04:07:00,3.7510933579958646e-11,4.835900631835733e-12,1.7034571421261684e-12,4.477341723234358e-13,1.2655061169590856e-12,2.2930763408022962e-10,9.3314756811166e-07,2
452,04:07:30,5.484091002818945e-11,5.737069557905061e-12,1.4357390178808963e-12,3.7440915613617783e-13,1.0627977679233554e-12,3.1987490565882365e-10,9.354443865841689e-07,2
453,04:08:00,7.463856289628581e-11,5.573513144115006e-12,1.1939017276315662e-12,4.017615278527247e-13,7.484251093672409e-13,3.125191226612385e-10,9.421499447936313e-07,2
454,04:08:30,8.607784066539244e-11,7.202093892885985e-12,1.6149117212748796e-12,3.0280187180818533e-13,6.206770561435465e-13,3.3852525621534926e-10,9.42728585873641e-07,2
455,04:09:00,7.550247020980118e-11,6.7752970320686815e-12,1.8917177297173083e-12,3.405610839986297e-13,8.621085508156521e-13,5.437106907439103e-10,9.270106424450155e-07,3
456,04:09:30,4.7688518095148127e-11,5.5174904615935466e-12,9.842542652805808e-13,2.662142921823447e-13,5.699731599063992e-13,1.9273741736404273e-10,9.262590725600433e-07,2
457,04:10:00,1.0312226842471589e-10,7.205073922802497e-12,1.2663428054304747e-12,3.245357795140549e-13,7.505840567794664e-13,2.6045522534853377e-10,9.361101519883611e-07,2
458,04:10:30,5.770843097393428e-11,4.104001809901212e-12,1.5001497979398874e-12,3.7121302279853607e-13,8.699668468264156e-13,4.761677900513827e-10,9.350295197920056e-07,2
459,04:11:00,7.343051191673823e-11,6.495008281301133e-12,3.964782437892924e-12,1.1506453593525116e-12,2.672340313640247e-12,6.439531277699679e-10,9.355984398624892e-07,1
460,04:11:30,6.58074394137363e-11,5.689859363695001e-12,1.5474163528426478e-12,4.581637845273163e-13,1.03266156411631e-12,2.2633280069516907e-10,9.5508144007522e-07,2
461,04:12:00,4.476465664782207e-11,5.276676392487639e-12,1.4387745530210732e-12,4.660558773087062e-13,8.407066152874024e-13,1.4257122007160953e-10,9.569417794102237e-07,2
462,04:12:30,7.027149876464786e-11,5.23831690494145e-12,2.523034846333254e-12,4.681257967755403e-13,1.0493497486953524e-12,1.6848842474960761e-10,9.385523668403481e-07,2
463,04:13:00,4.051449243697359e-11,5.087786494164109e-12,1.5058629299183187e-12,4.3890169379714803e-13,1.1868858661320508e-12,1.453577340287542e-10,9.29984939970441e-07,2
464,04:13:30,3.456572327790692e-11,3.798107578569872e-12,1.2787391712668361e-12,3.4327448405779085e-13,5.372993900343427e-13,1.9292025950066318e-10,9.126145556121415e-07,2
465,04:14:00,6.42725711271339e-11,5.507239910134181e-12,1.3409180000597888e-12,5.940478689900842e-13,1.5359834206861996e-12,1.759808797205918e-10,9.163296747854339e-07,2
466,04:14:30,8.304438766184181e-11,3.652794252757037e-12,1.0074721451454484e-12,3.9755753596212086e-13,1.2628839212807452e-12,1.8845655780499246e-10,9.125327839372609e-07,2
467,04:15:00,6.337597962281347e-11,5.57931714932777e-12,1.7194902567630522e-12,4.045870657411649e-13,9.578696146692004e-13,2.0973545349222747e-10,9.086641405577739e-07,2
468,04:15:30,6.501968278802654e-11,5.207974157587953e-12,1.4352192169539623e-12,3.349454184381809e-13,8.502592623138258e-13,3.1304962483551204e-10,9.453388781878323e-07,2
469,04:16:00,7.299575536499675e-11,4.82259483752688e-12,1.3064842293735451e-12,4.131548850001107e-13,1.1276297254071744e-12,2.3742055866890675e-10,9.436627707471992e-07,2
470,04:16:30,9.237446003608278e-11,5.178386815214562e-12,1.3254013417168348e-12,3.9721269464796875e-13,8.697435118062961e-13,4.015474079847998e-10,9.453943820303156e-07,2
471,04:17:00,9.753960750088846e-11,6.348851061430497e-12,1.3481853981681048e-12,3.5634560254243405e-13,9.068659891930675e-13,2.4528851873299527e-10,9.512133023193005e-07,3
472,04:17:30,1.215635956033547e-10,4.9452864256088415e-12,1.3619917930416203e-12,3.2085232360298466e-13,5.339404777128615e-13,2.4588026992689046e-10,9.426784716060794e-07,3
473,04:18:00,7.092038254506852e-11,4.901066080131022e-12,1.540451879787168e-12,2.94601297947543e-13,7.337640959424766e-13,3.5633455273399147e-10,9.325895792044571e-07,3
474,04:18:30,5.855038612234957e-11,5.944456765023233e-12,1.158956278668978e-12,3.689439211277627e-13,1.0208222823662063e-12,4.2144563700835304e-10,9.284675901317761e-07,3
475,04:19:00,1.389820723361934e-10,5.962287353771536e-12,1.4390958003555019e-12,4.1946732868027195e-13,6.468576803064527e-13,5.213273710713015e-10,9.101565067844288e-07,3
476,04:19:30,7.505019547640281e-11,4.724238494795124e-12,1.7033434430039726e-12,4.947059426343882e-13,8.359506460711515e-13,4.2207556385021383e-10,9.167879993497634e-07,3
477,04:20:00,9.932636767077039e-11,4.974337135175486e-12,1.2932566435883746e-12,3.705404583965729e-13,1.0090381275398587e-12,4.0615347576613164e-10,9.27258005969359e-07,2
478,04:20:30,1.0353108801738594e-10,3.822425424624484e-12,1.5569589467166238e-12,3.5004160401109225e-13,9.718769794062972e-13,3.6091653440871284e-10,9.273056891215058e-07,3
479,04:21:00,7.503812694240887e-11,4.734117016461695e-12,1.4689054791560667e-12,3.4443183445160844e-13,9.768466605036916e-13,2.463610984945497e-10,9.225960232773328e-07,2
480,04:21:30,9.042734699684001e-11,5.353010157480766e-12,1.2510317885663608e-12,3.903356912016509e-13,1.4209481206266455e-12,3.0980407345833294e-10,9.378954678094711e-07,3
481,04:22:00,1.0233846328348822e-10,5.384911763342548e-12,1.6477518881453844e-12,3.626207447457641e-13,6.899755681235485e-13,2.7480302583781284e-10,9.265071401701901e-07,3
482,04:22:30,1.4195196929817892e-10,4.3814676383594905e-12,1.3056001358250882e-12,4.0921389485765447e-13,1.3267099515749758e-12,3.2161710924361216e-10,9.206870073094218e-07,3
483,04:23:00,6.344214456998298e-11,4.6318546339151965e-12,1.1940832245775881e-12,4.103462479576647e-13,1.4294925718448755e-12,4.009268971207394e-10,9.39299604572665e-07,2
484,04:23:30,7.871592316997584e-11,5.253699753361372e-12,1.2983752905002443e-12,3.186427703876821e-13,7.953791436858961e-13,2.8814947724877644e-10,9.392552399547674e-07,3
485,04:24:00,1.1233276198696425e-10,4.69355322753146e-12,1.3005016072425605e-12,3.947000299779986e-13,8.305283686081909e-13,3.203561160969665e-10,9.144306883962553e-07,3
486,04:24:30,1.178320439808435e-10,5.264104193727925e-12,1.4577474519093611e-12,3.613953970708651e-13,9.808351865543467e-13,4.346865417190796e-10,9.314930187274419e-07,3
487,04:25:00,1.285238704749787e-10,5.629417809868962e-12,1.2868401174012063e-12,3.6505295368307553e-13,1.079965875310637e-12,5.317340913784192e-10,9.425793001687946e-07,3
488,04:25:30,1.0091048046240394e-10,5.041613418491581e-12,1.419285496651736e-12,4.014993376784418e-13,8.488651917503187e-13,6.070834993173683e-10,9.443257332375253e-07,3
489,04:26:00,1.0174869295997433e-10,6.307042439011096e-12,1.6960757045610017e-12,3.2063844866898965e-13,9.694287881038054e-13,1.2471713910543887e-09,9.314771546662352e-07,3
490,04:26:30,1.0005929006450822e-10,5.147596390993163e-12,1.35502228814992e-12,3.403704545755421e-13,8.193779408508438e-13,3.0800789407012557e-10,9.25568365176827e-07,3
491,04:27:00,1.5119392295659674e-10,4.423425614785165e-12,1.1429019251601217e-12,2.701728047117688e-13,5.978272428649635e-13,4.505574425274495e-10,9.295324103351383e-07,3
492,04:27:30,8.989032724069267e-11,6.18169946341758e-12,1.5396486187762678e-12,3.2935838317318427e-13,8.546558696757914e-13,7.252399335207447e-10,9.148722178752681e-07,3
493,04:28:00,1.3972985127948586e-10,4.845874314281001e-12,1.224297001138215e-12,3.5108470096390386e-13,6.928381117242613e-13,4.5090124901861467e-10,9.401287135766341e-07,3
494,04:28:30,1.1239160101929187e-10,4.316630074181618e-12,1.2797564354699277e-12,3.1063483798796737e-13,6.796520822280609e-13,5.288418511968637e-10,9.483018786319967e-07,3
495,04:29:00,9.862918303979615e-11,4.297687104428946e-12,1.5386570871056469e-12,3.4514443656932126e-13,7.870570599050362e-13,3.333800662599784e-10,9.62440636696034e-07,3
496,04:29:30,7.892948063946534e-11,4.6105841876988036e-12,1.3211690939512498e-12,3.572703773001811e-13,8.334050763139256e-13,4.926229899110447e-10,9.64312749519504e-07,3
497,04:30:00,9.696450961309498e-11,5.076618923660436e-12,1.1625643266301796e-12,3.298796307200427e-13,9.002890354933314e-13,3.335497871841709e-10,9.695244157377462e-07,3
498,04:30:30,8.594515203552032e-11,5.044963876487278e-12,1.1980174827436533e-12,2.697593416366179e-13,4.946088807522629e-13,4.281212011394891e-10,9.66527900190397e-07,3
499,04:31:00,9.099953318175552e-11,5.316844119759374e-12,1.2650098485842458e-12,3.546882008495167e-13,7.917449077857141e-13,3.093064099893941e-10,9.5649396739759e-07,3
500,04:31:30,1.6668372230564086e-10,4.351573996118942e-12,1.3132234215458237e-12,3.1986125699346597e-13,7.336571211295667e-13,2.8845908375503824e-10,9.609165682775883e-07,3
501,04:32:00,1.3127899379860495e-10,7.0740801190826716e-12,1.5321954195604494e-12,4.005382731269419e-13,1.2955889943586851e-12,3.638243069645689e-10,9.723416140807756e-07,3
502,04:32:30,8.77514518400213e-11,4.699725201094255e-12,1.3620469897302436e-12,3.2721145746446155e-13,7.309461661891225e-13,2.2820014426431996e-10,9.654611619577687e-07,3
503,04:33:00,1.4902831179870623e-10,9.241489018947155e-12,3.0406185575867984e-12,9.837744399506485e-13,1.4272045308803676e-12,7.363700244432403e-10,9.833983633542352e-07,3
504,04:33:30,5.810569652332693e-11,8.062527855669172e-12,4.017495534101603e-12,1.213041775710131e-12,2.362465154238258e-12,1.876621194636856e-10,9.852817310642712e-07,2
505,04:34:00,1.023831621215261e-10,7.455913195728215e-12,3.856265582964626e-12,7.458646782866444e-13,1.6095353052261553e-12,1.805771076387062e-10,9.678130500841857e-07,2
506,04:34:30,6.518664567607279e-11,7.031750111641644e-12,2.1263503324375706e-12,6.851156148834e-13,1.2049358531683981e-12,1.48548371119561e-10,9.523214394568176e-07,2
507,04:35:00,9.503555977275247e-11,8.129893465211871e-12,2.573781337928644e-12,8.824068484552998e-13,1.80218539615895e-12,1.4829399659490638e-10,9.267057777653052e-07,2
508,04:35:30,7.324181066753483e-11,7.913286272476882e-12,2.4233863943250133e-12,5.117945113365004e-13,1.3708498288340204e-12,1.7067244951639353e-10,9.395846145913747e-07,2
509,04:36:00,5.941045782946547e-11,8.384849738027578e-12,3.9625385603257895e-12,1.6206432021104995e-12,3.2958763353638915e-12,4.142911394008092e-10,8.956815461308313e-07,2
510,04:36:30,5.3402452990290527e-11,5.013080971753918e-12,1.919722847526962e-12,6.820288114976937e-13,1.2167763415917823e-12,1.538446618474631e-10,8.947088711022092e-07,2
511,04:37:00,4.495606480271023e-11,4.671793273754799e-12,2.508038758157604e-12,6.821339929985902e-13,1.612998927697719e-12,1.6641853557725628e-10,8.990022635948892e-07,2
512,04:37:30,2.838531354541211e-11,4.620732422707845e-12,1.9685831356028426e-12,8.759107565981388e-13,1.8487115206809182e-12,1.0520705604229955e-10,9.326062477865614e-07,2
513,04:38:00,5.0613190325848325e-11,7.94998619047304e-12,3.228161646765579e-12,8.049027491238611e-13,6.757584994794015e-13,1.125637858062701e-10,9.133833822570058e-07,2
514,04:38:30,7.093361562086212e-11,6.0098497652758305e-12,3.0641384790771496e-12,7.176831008581058e-13,1.691183935002125e-12,1.4109192935111943e-10,9.44645928454861e-07,2
515,04:39:00,7.532306087150339e-11,8.567997449878983e-12,4.333696975817141e-12,7.916846779451825e-13,1.780162980067969e-12,2.1257095261312385e-10,9.695589615377307e-07,2
516,04:39:30,2.8311056824457805e-11,5.824768475985329e-12,2.403389074254144e-12,7.294303519903256e-13,1.1474096820295094e-12,1.41951961863144e-10,9.663909685106728e-07,2
517,04:40:00,1.9736390830499334e-11,5.943967074514984e-12,1.690618181381628e-12,9.037751422529243e-13,1.4038564933230454e-12,9.846022008616744e-10,9.58063395817481e-07,5
518,04:40:30,2.5001201302706825e-11,5.082323922123545e-12,1.571124510605887e-12,7.930040921330758e-13,1.3407559915032134e-12,3.954310680383756e-10,9.403732730957383e-07,5
519,04:41:00,3.622177993353166e-11,5.321179527336256e-12,2.676741108157691e-12,8.061455033458844e-13,1.3347951168885366e-12,5.690238926670618e-09,9.32788120009914e-07,5
520,04:41:30,6.344111920543515e-11,4.4711588526775645e-12,1.8238582180771207e-12,6.07733232781009e-13,1.0953615598995622e-12,5.6491394065518276e-09,9.2813202084537e-07,5
521,04:42:00,1.6914245545716412e-11,3.2667992926409345e-12,1.6135851422911422e-12,6.96768251066219e-13,7.599266116637013e-13,9.640738426072526e-11,9.134203119392826e-07,5
522,04:42:30,2.489945523383949e-11,5.601031415647861e-12,1.6594170200217263e-12,8.432709033381641e-13,1.3375226379604367e-12,5.093011142177301e-09,9.223660815375918e-07,5
523,04:43:00,2.5107407225421102e-11,4.82595804814083e-12,1.2834491030898585e-12,7.303955040113268e-13,7.435825510052709e-13,7.651331726443077e-09,9.258627077063208e-07,5
524,04:43:30,1.2956594967453303e-11,2.359139144063597e-12,1.3336504917450123e-12,6.489041624119825e-13,1.0022769079226603e-12,9.930169370122908e-10,9.420828147011707e-07,5
525,04:44:00,1.8566573195537522e-11,4.98111728145867e-12,1.964163413750728e-12,9.701577416378837e-13,1.5544409286609953e-12,3.615647692342697e-09,9.391112428624732e-07,5
526,04:44:30,1.634392660119488e-11,4.235943233195128e-12,1.7056657718009857e-12,7.818383878901783e-13,8.04639419688677e-13,1.3660779761660017e-10,9.449875462208553e-07,5
527,04:45:00,3.9586085446510845e-11,3.183480058897792e-12,1.2754532592270764e-12,4.370759870092807e-13,5.607376788028386e-13,3.839332455454602e-09,9.30118854140992e-07,5
528,04:45:30,3.333223322827337e-11,3.239228252583581e-12,1.7466829476033295e-12,5.863095251964063e-13,6.09336543816678e-13,3.3116356367008877e-09,9.139174903969892e-07,5
529,04:46:00,2.7389330169258857e-11,4.2162401333002545e-12,1.3916372686069536e-12,6.160860528522213e-13,1.0919045156000672e-12,4.465264380995394e-09,9.329274946651146e-07,5
530,04:46:30,8.835293678369961e-12,3.0760340110356214e-12,1.1050446353510063e-12,6.515990605079478e-13,6.704793287013941e-13,1.149644074473021e-09,9.11117652845873e-07,5
531,04:47:00,1.0089397384240534e-11,2.2538631115916075e-12,9.159021865782011e-13,3.8122546110332516e-13,5.78963671118966e-13,8.522798528288409e-10,9.296104780003553e-07,5
532,04:47:30,1.471873441263674e-11,2.6690829702148004e-12,6.566527921362739e-13,4.4480349948043524e-13,7.755171553154053e-13,5.065755892914583e-10,9.294552851432529e-07,5
533,04:48:00,7.0912452938920125e-12,4.449727140282934e-12,2.668535560523333e-12,1.010162366332658e-12,1.0451147060262839e-12,2.521200108279917e-10,9.284713843808588e-07,5
534,04:48:30,9.654604626403913e-12,3.7069716792509224e-12,1.3945084586561753e-12,7.227247426246787e-13,1.432154247176785e-12,1.3608658646412885e-09,9.475065400223782e-07,5
535,04:49:00,1.5204670815185057e-11,3.0845269068245125e-12,1.3606010783593399e-12,5.16844257853959e-13,7.288926712043752e-13,4.0514598000555166e-09,9.338386776022566e-07,5
536,04:49:30,1.2284209426475934e-11,4.280970854646679e-12,1.914139570480548e-12,5.960466653378959e-13,1.0446584729059713e-12,8.53016654708921e-10,9.475397446357129e-07,5
537,04:50:00,1.4162799269242415e-11,3.756586570317027e-12,1.718750935606516e-12,5.585339611336405e-13,8.186946908081383e-13,2.5138784068013486e-09,9.354495303889911e-07,5
538,04:50:30,1.188483182102903e-11,3.3962125332550024e-12,1.0766815704934474e-12,6.347389581081935e-13,9.807969073814733e-13,5.295638914887974e-10,9.368988905548338e-07,5
539,04:51:00,1.034547102714944e-11,4.0045770802903506e-12,1.2479868701734474e-12,6.949557005358907e-13,7.107985363998624e-13,2.808726076126307e-09,9.452894204448452e-07,5
540,04:51:30,1.4676229913291687e-11,6.635736198330846e-12,2.1168638869671844e-12,7.55552844246383e-13,8.892032132732144e-13,7.027602432264084e-10,9.381839959684145e-07,5
541,04:52:00,1.1102082930944548e-11,4.6106963250321845e-12,1.6320676267059824e-12,6.589611376297793e-13,9.187270660079043e-13,4.844317006827885e-10,9.401127885829436e-07,5
542,04:52:30,3.488389677259214e-11,1.127776794955601e-11,1.170475879727188e-11,6.956149125811385e-12,8.41866080832034e-12,2.397753448059085e-10,9.322793652289298e-07,5
543,04:53:00,1.0538693790961312e-11,3.1684260840783006e-12,1.5782126314810161e-12,6.947197441474827e-13,8.623810872353722e-13,3.97645722118509e-10,9.248947626442196e-07,5
544,04:53:30,1.537462111973846e-11,6.664825064914588e-12,3.813134335917744e-12,1.5255900909606775e-12,2.6891943593876876e-12,1.4388973840822568e-10,9.1815915935076e-07,5
545,04:54:00,9.591872146733353e-12,4.705802984923048e-12,3.5751731807567738e-12,1.9724943233988416e-12,2.479803500933578e-12,2.2483525331196785e-10,9.311315920301801e-07,5
546,04:54:30,2.0838989064353767e-11,9.363183945141412e-12,2.3643241535128585e-12,9.83955112383469e-13,1.5832747663617536e-12,7.635692618861992e-11,9.28123849207555e-07,5
547,04:55:00,1.2586982051287119e-11,5.764421049666042e-12,1.4482086681218486e-12,6.399742626176153e-13,1.1730206951107957e-12,2.99780424945933e-10,9.144493344871615e-07,5
548,04:55:30,1.3172369167803763e-11,6.90061222216886e-12,3.6855754185239625e-12,1.4472274210292085e-12,2.6367586914053594e-12,7.39011754342504e-11,9.528046171549123e-07,5
549,04:56:00,1.4737912568257547e-11,5.403907212788311e-12,1.4220735743242212e-12,5.169601380666225e-13,6.992972680310923e-13,3.988332101820668e-10,9.206091702549477e-07,5
550,04:56:30,1.8125247026911597e-11,6.146175244831534e-12,2.0105777857897807e-12,8.744425900826298e-13,1.1120169809603951e-12,2.9643535549906645e-10,9.4542318809832e-07,5
551,04:57:00,1.0859254767298342e-11,5.789798148195203e-12,1.491007011622965e-12,8.631973918763951e-13,1.2000504000913523e-12,1.2621893092345094e-10,9.431117632851435e-07,5
552,04:57:30,1.9561123125851592e-11,4.434987486785371e-12,1.7979761073937779e-12,5.678346225264105e-13,6.013250722975985e-13,8.835590239161374e-11,9.208367638656238e-07,5
553,04:58:00,2.5531623178191103e-11,6.413978286228019e-12,3.4518674845496476e-12,1.1183702081369189e-12,1.645739390506546e-12,8.96728943137481e-11,9.213006140009886e-07,5
554,04:58:30,2.0919678672413322e-11,7.514014470757945e-12,2.573294670414864e-12,7.141809364000827e-13,1.2998567832748705e-12,7.050021756514218e-11,9.096708023563644e-07,5
555,04:59:00,1.1453379297068301e-11,5.751892890114158e-12,1.5892167834724258e-12,6.486381011832398e-13,1.0297794180384285e-12,1.1251142981943326e-10,9.163805510498815e-07,5
556,04:59:30,1.4021286945450147e-11,4.085548398367477e-12,2.2854019230608474e-12,1.108286295190001e-12,1.4840691069410854e-12,1.1485973077641993e-10,9.235729735670365e-07,5
557,05:00:00,2.4057399738476626e-11,4.8358266779722475e-12,3.1588452972306802e-12,8.791333948022165e-13,1.5570801562799796e-12,8.845707894955505e-10,9.271986482406364e-07,5
558,05:00:30,1.975975752756886e-11,7.495182059943796e-12,3.16910669251863e-12,1.6063057756027352e-12,2.0171545216367635e-12,1.246205827555029e-10,9.197328653303764e-07,5
559,05:01:00,4.3805017009389095e-11,6.165890959862668e-12,2.657630434459052e-12,1.4983062371302456e-12,3.0661927741541285e-12,1.2528654506696705e-10,9.370224528117933e-07,5
560,05:01:30,1.7751876013683894e-11,8.431081412379956e-12,2.390064099342065e-12,8.941276400641985e-13,1.622935272339533e-12,8.865770379140442e-11,9.526289218110643e-07,5
561,05:02:00,3.299856185941095e-11,7.292768219093699e-12,2.697442326374287e-12,1.213735898265678e-12,2.042511316561965e-12,1.8873591355928744e-10,9.618776429808873e-07,5
562,05:02:30,1.652183634935266e-11,3.700921693288523e-12,2.6838882063656467e-12,1.2397788951005157e-12,1.7188232102739317e-12,1.8960951104512367e-10,9.461701407530025e-07,5
563,05:03:00,1.716757685548717e-11,4.2741787575004145e-12,2.1298549360077935e-12,1.1443804582739834e-12,1.041264892844281e-12,1.0962616219538884e-10,9.421824184021778e-07,5
564,05:03:30,2.0745164873009575e-11,5.7777014826356836e-12,2.1262942933665776e-12,6.563158540298957e-13,1.3974339911428044e-12,9.456663949614625e-11,9.168022580166192e-07,5
565,05:04:00,1.6357440964352595e-11,6.440764489705983e-12,1.5861900527789966e-12,5.294315015801513e-13,7.007485347884296e-13,8.82393342670408e-10,9.081375403368873e-07,5
566,05:04:30,1.4469753439853561e-11,3.986703300724617e-12,1.6004369036316242e-12,7.047049052785627e-13,1.1216390604710951e-12,8.027637008917583e-11,9.045087822199788e-07,5
567,05:05:00,2.7981266092667368e-11,4.809352550827358e-12,2.9061199329973442e-12,8.51329659342107e-13,1.6102074523910114e-12,7.612269882788189e-11,9.228391498864223e-07,5
568,05:05:30,1.5119983593848512e-11,7.1745171238451755e-12,1.565881530631856e-12,8.150520350770141e-13,8.483881551339744e-13,6.115592390172935e-11,9.313669177555541e-07,5
569,05:06:00,2.678830558941365e-11,5.971128649221515e-12,2.7060819602569887e-12,1.3310208586970882e-12,2.132174507409201e-12,9.892195925214892e-11,9.228951061549365e-07,5
570,05:06:30,2.075750346300655e-11,6.116104999921761e-12,2.7141522074690683e-12,6.332873660355585e-13,1.3908783611764721e-12,3.3849688640021293e-10,9.345226997631139e-07,5
571,05:07:00,1.980613146091946e-11,6.6701158104420714e-12,3.4802555714950764e-12,1.535220938492534e-12,3.210653624089084e-12,8.077057432860735e-11,9.474809028751511e-07,5
572,05:07:30,2.942061936788219e-11,4.317689623841746e-12,1.5016852663414663e-12,5.266873745022544e-13,8.330593776489861e-13,9.097810134598215e-11,9.465680304266926e-07,5
573,05:08:00,3.463443208497452e-11,4.358069627972627e-12,1.8265146725823033e-12,5.700266249468467e-13,1.0139960868331328e-12,9.288580700485568e-11,9.150285848194378e-07,5
574,05:08:30,3.2177546716837133e-11,5.59176765445355e-12,2.4593112247724977e-12,7.450968810676823e-13,1.0901230072528873e-12,7.209451434494237e-11,9.102129584846683e-07,5
575,05:09:00,2.253229739926719e-11,7.27537474089389e-12,2.0565243682690713e-12,7.913773728133859e-13,1.906491029386959e-12,8.575955987125054e-11,9.001625065256044e-07,2
576,05:09:30,1.9862216010976906e-11,6.2585223854702725e-12,2.2018548650327817e-12,6.660001499594152e-13,1.6356879021970518e-12,9.14062920979761e-11,9.192494556436731e-07,2
577,05:10:00,1.7989917093746157e-11,3.696100924610318e-12,2.093309028158385e-12,7.922355220876093e-13,2.1207102287747053e-12,1.587668787226712e-10,9.120746788076671e-07,2
578,05:10:30,3.797164005574155e-11,3.1765287643328183e-12,2.0293110103456026e-12,7.449384645948521e-13,1.4827345199861662e-12,1.3640377115779372e-10,9.462021713737762e-07,2
579,05:11:00,2.037245157019947e-11,3.4761655000335795e-12,1.628096026391729e-12,4.85954149543573e-13,7.931279558799727e-13,1.0961386616649828e-10,9.40822357148237e-07,2
580,05:11:30,1.836971179931311e-11,3.858350777123756e-12,1.731498636615575e-12,4.965897944085056e-13,8.659873942897852e-13,1.082347564037437e-10,9.229539853532252e-07,2
581,05:12:00,3.862050080521599e-11,5.203576735964998e-12,1.9404259124121114e-12,5.076063958288413e-13,9.406804865676845e-13,8.457606446459998e-11,9.432520140978855e-07,2
582,05:12:30,1.0273434307632561e-11,2.2897102880308073e-12,1.1933316655701427e-12,3.9674865530322366e-13,6.358053485702496e-13,7.321178332871602e-11,9.741650252603214e-07,2
583,05:13:00,3.15833892917154e-11,3.7556021698744936e-12,1.3675836884458952e-12,4.257227752378699e-13,9.63510897968987e-13,9.058816290639768e-11,9.502272954813836e-07,2
584,05:13:30,2.26808157877588e-11,3.5751564551914343e-12,1.3957059912216253e-12,4.701263128600514e-13,7.442292357507902e-13,9.42777005796287e-11,9.483075478590364e-07,2
585,05:14:00,2.1651812347446754e-11,4.438317499518443e-12,1.7754963061210672e-12,5.072524970612546e-13,9.438958205285985e-13,8.127170499024973e-11,9.242238656362478e-07,2
586,05:14:30,2.3504886515780295e-11,3.1338263251829888e-12,1.5984694446555384e-12,4.5146610907844734e-13,8.065578260316593e-13,7.454380837758241e-11,9.231176791839856e-07,2
587,05:15:00,2.2078753604753475e-11,2.8998874996355266e-12,1.3384337909537377e-12,4.253200634523802e-13,7.349951981787323e-13,8.97080817990271e-11,9.284171005298237e-07,2
588,05:15:30,1.698102573474782e-11,2.9568549794322954e-12,1.2261503118866554e-12,4.090112303030763e-13,8.090263855000365e-13,8.526610338234663e-11,9.385194861986832e-07,2
589,05:16:00,1.859391472448247e-11,4.107731937402078e-12,2.040173196681019e-12,4.4103988068425187e-13,8.389810571235933e-13,1.0624589275269914e-10,9.468786561107334e-07,2
590,05:16:30,1.9154297326386825e-11,3.5460184603571476e-12,1.322657969583484e-12,4.06456997686134e-13,9.268270362156077e-13,9.154623820460624e-11,9.329029294572137e-07,2
591,05:17:00,1.9361906297490215e-11,2.9574816137135044e-12,1.1940999156134172e-12,5.437020512180619e-13,1.1152245329805535e-12,1.1814209353312877e-10,9.487201109085404e-07,2
592,05:17:30,4.20876561694702e-11,5.608565646658979e-12,2.1307033087260754e-12,7.294356574493914e-13,1.4885357991748759e-12,9.875368534531575e-11,9.430432008611102e-07,2
593,05:18:00,2.4956289197096923e-11,3.1533867228302684e-12,1.0951008058471726e-12,4.4020796051847025e-13,6.169494845999266e-13,8.37346545380287e-11,9.451792941456169e-07,2
594,05:18:30,1.64810132183949e-11,3.109511138711425e-12,1.662053680496543e-12,4.607068936447629e-13,7.88056906984988e-13,1.0389176839359472e-10,9.242654191369271e-07,2
595,05:19:00,3.9748204474453114e-11,5.122316981424855e-12,2.2980858763943894e-12,5.580497483503499e-13,1.5528077409472716e-12,1.0976881194589676e-10,9.379875845928963e-07,2
596,05:19:30,2.2110597818673028e-11,4.729287301902981e-12,1.311840693230012e-12,5.701174026929015e-13,1.2707618058876777e-12,9.674209588517302e-11,9.309118795306618e-07,2
597,05:20:00,5.000116117756375e-11,3.580944378656078e-12,1.4420752388491063e-12,4.966661257650924e-13,7.57055029856102e-13,1.1572675612755445e-10,9.253400742649352e-07,2
598,05:20:30,2.923338515084287e-11,3.9062699913341195e-12,1.6569556259596401e-12,4.736883239512514e-13,9.110256531584186e-13,9.888563273092701e-11,9.15036286885167e-07,2
599,05:21:00,2.223164894338869e-11,3.5990998145441892e-12,1.5277274942405823e-12,4.0372210875250163e-13,8.378929386597175e-13,9.910251817176211e-11,9.255070909337133e-07,2
600,05:21:30,5.545596329655189e-11,4.995193627894558e-12,2.1970544028964504e-12,5.272786741322079e-13,1.3231470886032695e-12,1.0472363631891471e-10,9.344427456491322e-07,2
601,05:22:00,2.1880056183160044e-11,4.3564273826634365e-12,1.6293874684988527e-12,4.37238556407087e-13,6.463630588347579e-13,1.000462660361349e-10,9.439412660038348e-07,2
602,05:22:30,4.38662074574359e-11,4.230735201177403e-12,1.9904642617018665e-12,5.122425721310046e-13,1.3601244380500161e-12,9.31370778257571e-11,9.546181489128863e-07,2
603,05:23:00,4.739598770636839e-11,2.8271744556187904e-12,1.189725449978765e-12,4.510638104077947e-13,7.135479958424927e-13,1.2038607800762018e-10,9.564896717222466e-07,2
604,05:23:30,2.4018404429467092e-11,4.077904916466815e-12,2.098482272780913e-12,5.407204127260316e-13,1.142012104329599e-12,1.1941167175249188e-10,9.657200239993583e-07,2
605,05:24:00,7.193975824179333e-11,4.799308471344e-12,1.6253400524975362e-12,6.558155231211033e-13,1.4003129195310855e-12,1.2668528370271576e-10,9.838384700770258e-07,2
606,05:24:30,2.1428394383295263e-11,3.692136562956493e-12,1.7183615776971436e-12,4.302799541565146e-13,8.640751165048113e-13,1.0087988791412722e-10,9.62546699288917e-07,2
607,05:25:00,2.7454455452762442e-11,5.515235376056512e-12,1.8825922652856293e-12,4.1238231394901003e-13,8.639661059087201e-13,1.343624698170923e-10,9.759167796989583e-07,2
608,05:25:30,3.190707630250277e-11,7.151968087250069e-12,2.1718222827866033e-12,4.57601767331117e-13,7.71029027201841e-13,1.334566429491993e-10,9.72393476265917e-07,2
609,05:26:00,4.1275511060217746e-11,3.898840568455811e-12,1.3220820377585488e-12,3.6518145795466505e-13,6.143762672614391e-13,1.387664601799223e-10,9.323013079716422e-07,2
610,05:26:30,1.85506189552437e-11,4.602971216980334e-12,1.7418170613908803e-12,5.137996967036991e-13,9.150370968151986e-13,9.547556272371876e-11,9.86665985850246e-07,2
611,05:27:00,2.6194654083833095e-11,3.541088440417479e-12,1.2866820450931718e-12,4.2120460424871284e-13,7.915647011185497e-13,1.1650126128648753e-10,9.527128848090583e-07,2
612,05:27:30,1.8500405224468534e-11,3.209462479784439e-12,1.304096531513741e-12,4.3034570328921355e-13,8.992523816433965e-13,1.252345841443276e-10,9.447846541538941e-07,2
613,05:28:00,5.777887193294456e-11,5.89504572127759e-12,2.1307421873649207e-12,8.737470821897648e-13,1.951705099826444e-12,1.3417055789888998e-10,9.607630704043236e-07,2
614,05:28:30,3.0184637533369136e-11,3.4001195835860802e-12,1.57127370043011e-12,4.616538469680923e-13,6.839399908010365e-13,9.295319759150907e-11,9.573938848745475e-07,2
615,05:29:00,5.527858259832738e-11,5.428537091981169e-12,2.3048377383270005e-12,5.454293559090392e-13,9.642697982300756e-13,1.3174495424684233e-10,9.63493663837815e-07,2
616,05:29:30,3.7531141541365514e-11,4.914281993557627e-12,9.425303311387444e-13,4.2663796013958077e-13,1.0380875311980115e-12,8.752184544130158e-11,9.545531239305695e-07,2
617,05:30:00,2.9188247803634097e-11,3.856721083839529e-12,2.1226483995032824e-12,3.680767388091782e-13,6.771960578404839e-13,1.1671604743239379e-10,9.483233844838639e-07,2
618,05:30:30,1.9065764618519455e-11,3.876989865653018e-12,1.2739601341790391e-12,5.121048713389545e-13,7.49248776063066e-13,1.0279590919933959e-10,9.311628985633019e-07,2
619,05:31:00,2.709153142812514e-11,3.720585837200861e-12,1.249096985891787e-12,3.6957559412371035e-13,5.656310835089521e-13,1.1585772999641882e-10,9.347474170430677e-07,2
620,05:31:30,2.430174065725882e-11,4.004016466333107e-12,1.3257365530400931e-12,4.0057642489669744e-13,8.472318740075894e-13,8.44941110708184e-11,9.165281739145452e-07,2
621,05:32:00,2.814649399186021e-11,5.114308793182358e-12,1.6398727495869791e-12,3.7235516379360246e-13,8.167177906962593e-13,1.2357648879848144e-10,9.163700172043142e-07,2
622,05:32:30,2.3960560871300424e-11,8.376779254406396e-12,1.5214447486967827e-12,4.938397094437339e-13,1.1032417567432487e-12,1.0966874176838927e-10,9.369528839488371e-07,2
623,05:33:00,3.485533261451585e-11,6.84186052868149e-12,2.406581738727175e-12,7.931164998550491e-13,2.303727741581532e-12,1.3213012281730086e-10,9.380306936194211e-07,2
624,05:33:30,3.895092451413956e-11,3.302537654406019e-12,2.1078465698808225e-12,5.428883282092904e-13,7.766963959706128e-13,1.7652394367674855e-10,9.388848515375787e-07,2
625,05:34:00,2.344159352979136e-11,3.91031245342662e-12,1.7020717085362838e-12,4.610816127885407e-13,1.306862750863938e-12,1.0834818135230216e-10,9.50079837278107e-07,2
626,05:34:30,3.1372905829871735e-11,5.20352741862005e-12,2.023422099414323e-12,7.052948889105714e-13,1.872693802834668e-12,1.244132471937191e-10,9.603554541696297e-07,2
627,05:35:00,3.2388619068556576e-11,3.972658955642148e-12,1.335714498653142e-12,4.738668068473983e-13,1.1730425191879397e-12,1.0511121748163238e-10,9.504163710895714e-07,2
628,05:35:30,4.086413408164984e-11,4.6844442004562525e-12,1.7965743045834893e-12,6.226555415991117e-13,1.6918351093535867e-12,3.2375136300941103e-10,9.712273684754579e-07,2
629,05:36:00,2.8345667324116707e-11,3.725080026834642e-12,2.091518567775765e-12,5.79466332041535e-13,1.314915236283296e-12,1.2264541567382322e-10,9.268151091693553e-07,2
630,05:36:30,7.295297837923853e-11,4.022190856366785e-12,1.37773485182826e-12,5.67517226880727e-13,1.0587156006748506e-12,1.1538965693193584e-10,9.184028037440173e-07,2
631,05:37:00,3.750990480351667e-11,3.946916006048136e-12,1.3543192140094295e-12,4.363803596400155e-13,9.257194340364537e-13,1.1863334607405351e-10,9.213517116499532e-07,2
632,05:37:30,3.930975296958575e-11,5.3417179075430034e-12,1.6935379406796004e-12,3.838748387812927e-13,9.024936248823667e-13,1.3505373271865767e-10,9.377142724486164e-07,2
633,05:38:00,2.9786081875881744e-11,3.905046398786155e-12,1.6804755530674195e-12,5.918785991723899e-13,1.5190749204224137e-12,1.2162457933077187e-10,9.249243302935733e-07,2
634,05:38:30,3.933197191928576e-11,5.39158187093338e-12,1.342480333769245e-12,4.888010197924376e-13,1.1307597199569508e-12,1.1086856990393083e-10,9.174931628207144e-07,2
635,05:39:00,4.434611340155639e-11,5.351981635196131e-12,1.2629029520485016e-12,4.4797905525317136e-13,7.761645759960279e-13,1.9402924334454346e-10,9.344489875918461e-07,2
636,05:39:30,4.7807824893412064e-11,3.8404707857711955e-12,1.2936660402525588e-12,4.5325318404943055e-13,8.745544193717566e-13,1.9220454503942436e-10,9.57225781476434e-07,2
637,05:40:00,4.6534845130876735e-11,3.888739998653362e-12,1.8295114375074252e-12,4.399576037893832e-13,9.128035553382641e-13,1.447356091123558e-10,9.589232184707112e-07,2
638,05:40:30,9.489083281214872e-11,6.446518169115495e-12,5.382430971029099e-12,4.395114888130444e-12,4.663269699088639e-12,2.2401443657583137e-09,1.222852762582418e-06,0
639,05:41:00,6.13619008488485e-11,2.5577896542714665e-12,2.781039357664942e-12,1.5502458091967524e-12,1.3372219483305701e-12,1.5331209241464735e-09,8.637782255127419e-07,0
640,05:41:30,1.1130640316724968e-11,9.131142671055546e-13,1.492274527460386e-12,1.1693177401138372e-12,1.4400490215944069e-12,5.898362848315147e-10,1.980869494817682e-06,0
641,05:42:00,8.810043516714841e-11,1.697597617932259e-12,1.10457588192199e-12,6.738740811089387e-13,8.678237574082699e-13,4.0280793012867204e-10,9.1374034593739e-07,0
642,05:42:30,2.172972818136286e-11,1.49795754150375e-12,1.339296632822683e-12,8.959244776179635e-13,1.3502315638739186e-12,1.414711539101289e-09,8.994218828085415e-07,0
643,05:43:00,1.7007152126916016e-11,1.0036235504670702e-12,8.491656227420784e-13,9.117714942431918e-13,2.0535860832468935e-12,1.2192832851340806e-09,9.019110393272277e-07,0
644,05:43:30,2.4878791342147184e-11,1.7328340424562016e-12,1.4474691255986944e-12,8.240903935951443e-13,1.052025224396672e-12,5.749558118447388e-10,9.411835635403013e-07,0
645,05:44:00,1.5776565178538493e-11,1.699405094774044e-12,1.275543798877376e-12,9.906006533720254e-13,9.309513606943269e-13,9.485067797060417e-10,9.504795718189021e-07,0
646,05:44:30,1.7155783443012007e-11,1.2998549114247645e-12,1.1365119843695436e-12,7.959969213119362e-13,9.058370483575774e-13,6.865026181421994e-10,9.296446076125146e-07,0
647,05:45:00,8.541008098531256e-12,1.1444042106340672e-12,1.209992086794063e-12,1.488577933944425e-12,1.4609367478554456e-12,5.489454327328572e-10,9.764521014644234e-07,0
648,05:45:30,6.302598845919789e-11,2.9979550279292334e-12,2.3480338980853886e-12,1.8725463289266692e-12,1.5762865961530013e-12,2.4623544207449747e-09,9.52402933205006e-07,0
649,05:46:00,4.111129504940002e-11,2.971223555008963e-12,1.6277279188194747e-12,1.2560278689396078e-12,1.4945204134161928e-12,6.851785071013157e-10,9.301563429810211e-07,0
650,05:46:30,2.6709024664752955e-11,1.7185619643006725e-12,1.885006101156543e-12,1.3967819162916486e-12,1.5584923698676209e-12,9.403843879018406e-10,9.328574811983362e-07,0
651,05:47:00,8.99429852540583e-12,1.8472968094124835e-12,1.3581256948080467e-12,1.1536143430118872e-12,1.093336278914396e-12,1.0334325933837731e-09,9.173115991426061e-07,0
652,05:47:30,1.2213017161391675e-10,5.785359604429388e-12,2.083853077876185e-12,1.1527730640449505e-12,1.3656591213409734e-12,6.69553376479499e-09,9.68188936447466e-07,0
653,05:48:00,3.865971591976062e-11,2.8810504296972045e-12,2.812420713777193e-12,2.8886401412657686e-12,1.9632607221257423e-12,1.983891656592906e-09,1.0593744723739143e-06,0
654,05:48:30,1.0959940461809047e-11,1.0891328232190392e-12,1.0631494511419205e-12,1.3397216082837691e-12,1.2903249599429175e-12,8.011558934501333e-10,9.383002556477958e-07,0
655,05:49:00,2.0792753773558978e-11,9.910227722638553e-13,8.404899369133514e-13,1.5507749093605233e-12,8.775688404925353e-13,1.2635588970000738e-09,9.597162583950483e-07,0
656,05:49:30,2.293427655630823e-11,1.3996558602805938e-12,1.4017772607313042e-12,1.4216289513917248e-12,1.7264005016799799e-12,9.048833807218964e-10,9.149966559270508e-07,0
657,05:50:00,6.8444832090522734e-12,9.679871131965896e-13,7.462483859331083e-13,1.1028321344318747e-12,7.19307750925001e-13,6.277183769348121e-10,9.27744466542832e-07,0
658,05:50:30,4.8762428212539626e-12,1.7637770828515858e-12,1.2166012696138738e-12,1.4208152255680954e-12,1.2006405978976574e-12,2.4037246411204983e-10,9.352731207468984e-07,0
659,05:51:00,7.0378098280419145e-12,1.4046699087486532e-12,9.613217290893067e-13,1.1441752993669037e-12,6.243215213357032e-13,3.6932935870907216e-10,9.410817707874277e-07,0
660,05:51:30,5.5206387387493205e-12,1.3859938695725962e-12,8.500482385433963e-13,1.1010140228541783e-12,5.73850645187696e-13,2.6549799745660356e-10,9.28442407460723e-07,1
661,05:52:00,1.0256847555672239e-11,1.5825000148539127e-12,8.879235200274109e-13,1.0019868935040267e-12,6.40249627009421e-13,2.323773304170033e-10,9.355511933539143e-07,1
662,05:52:30,7.165651460379679e-12,1.6471179897469465e-12,1.0861561713623447e-12,1.0474452434421228e-12,6.518638951899142e-13,2.157645677258179e-10,9.204216044499439e-07,2
663,05:53:00,1.165283492857786e-11,1.8090300971074092e-12,1.542643825915315e-12,9.495366979775567e-13,9.873233578373848e-13,2.3692662882883365e-10,9.159064294315044e-07,2
664,05:53:30,1.0758284581362615e-11,1.9874262703469427e-12,1.3951048137342681e-12,1.0411542264060956e-12,1.1758279199157241e-12,1.1774740986122378e-10,9.065853050318814e-07,2
665,05:54:00,1.526465301842962e-11,2.3467902732709184e-12,1.1399935306258148e-12,9.523355512138882e-13,7.614147682331634e-13,1.1697390479860668e-10,9.248642949319624e-07,2
666,05:54:30,1.8129143929234615e-11,2.1820874130654993e-12,1.2665366789715838e-12,6.798633166862171e-13,7.022150481962071e-13,1.1907700532398606e-10,9.326448455716176e-07,2
667,05:55:00,1.3722558227188586e-11,2.9133840625235155e-12,2.065238967789874e-12,1.1863701302769696e-12,1.1349638485313384e-12,1.3509032217479747e-10,9.458528410944462e-07,2
668,05:55:30,1.9508354013515532e-11,2.086801277035665e-12,6.74127540355519e-13,4.1624292785302017e-13,5.208651105971893e-13,7.243321926676897e-11,9.29604206231321e-07,2
669,05:56:00,3.4351840283227694e-11,2.9690961460788446e-12,1.7699360138181028e-12,5.852656079710772e-13,7.57467930421316e-13,7.473511379058164e-11,9.419849341415573e-07,2
670,05:56:30,1.8549082506641863e-11,2.4511441289273065e-12,1.4336146247299149e-12,5.7639330291931e-13,7.239249075121515e-13,8.947104731555884e-11,9.460391029540696e-07,2
671,05:57:00,1.294097893096629e-11,1.8077950107963456e-12,1.1934597390658498e-12,5.074851033249933e-13,7.448110358423005e-13,7.283650763116968e-11,9.392561400099876e-07,2
672,05:57:30,2.3512149211832752e-11,3.632026710936378e-12,1.961627041401914e-12,7.596133154271988e-13,1.310406661258376e-12,9.411713891089275e-11,9.466411473007262e-07,2
673,05:58:00,1.3718470238191347e-11,2.3069100217619885e-12,1.5946083665651998e-12,4.889252715206526e-13,9.692773593534334e-13,8.428816821440703e-11,9.252158707447464e-07,2
674,05:58:30,1.6077239000331845e-11,2.2037224771865797e-12,2.023598866665666e-12,9.830113117724567e-13,1.75841778283846e-12,8.823737179604791e-11,9.409824524494848e-07,2
675,05:59:00,3.8589258134905226e-11,2.852976182988216e-12,1.509258197398645e-12,7.252058736977485e-13,2.000888605743188e-12,8.514337468795128e-11,9.510797789240626e-07,2
676,05:59:30,1.9275135985768048e-11,1.7795469069948804e-12,9.779344441307226e-13,4.2460173346314967e-13,6.276420881050016e-13,8.012740650613988e-11,9.501343659847607e-07,2
677,06:00:00,1.7139237337413076e-11,2.586527679689419e-12,1.4824947317952217e-12,5.522832285073013e-13,1.0180546619998126e-12,6.402469432379027e-11,9.541492236415028e-07,2
678,06:00:30,1.0362078095680548e-11,1.54611634250164e-12,9.093415364529442e-13,4.4957223442052447e-13,6.260478272305963e-13,6.0172834410945e-11,9.674223062363381e-07,2
679,06:01:00,1.461754726865007e-11,3.143141287934691e-12,1.0554201131022204e-12,6.195142282920268e-13,1.1808533565950396e-12,7.052162229493547e-11,9.64323208974059e-07,2
680,06:01:30,1.8498065324640178e-11,2.8854849472619364e-12,1.4709906044035656e-12,8.299472339938104e-13,1.2926929044947992e-12,7.209024207950802e-11,1.0066213844425278e-06,2
681,06:02:00,1.4839744995650534e-11,1.959390841457023e-12,1.328933783953009e-12,4.581727593028168e-13,8.424609590339311e-13,7.707002934062851e-11,1.0046028482064626e-06,2
682,06:02:30,1.539891236154239e-11,2.6096472718495327e-12,1.75781284808046e-12,6.888353407280999e-13,1.091872670383279e-12,1.3193859697534523e-10,1.0230575261433466e-06,2
683,06:03:00,1.846769293647364e-11,3.0935399825236743e-12,1.6089753067674814e-12,5.507294129673566e-13,8.421357656173141e-13,1.5369909035116761e-10,1.008831676956345e-06,2
684,06:03:30,2.67201914380307e-11,3.291439280785558e-12,2.1714748983727982e-12,8.533822940454753e-13,1.7388347947722671e-12,1.7517460779219822e-10,9.748153781523313e-07,2
685,06:04:00,1.0414829696626483e-11,2.7192629167504194e-12,1.3622197823538902e-12,3.8374881034326835e-13,6.179882561568593e-13,1.3782883955736775e-10,9.422550879314934e-07,2
686,06:04:30,2.4279944912343757e-11,4.792068713464029e-12,2.087716389196062e-12,7.375033273432573e-13,1.5337914468265223e-12,9.360247295062026e-11,9.274463875286623e-07,2
687,06:05:00,1.4183188461905646e-11,2.5763062387729734e-12,1.175431666469079e-12,4.830627185551676e-13,8.949975986260922e-13,8.31642004320093e-11,9.321123160772742e-07,2
688,06:05:30,1.9573992426106487e-11,2.6145009479173345e-12,1.401621925724555e-12,4.945321527958139e-13,1.0468674150053353e-12,7.93679673728271e-11,9.249163011531353e-07,2
689,06:06:00,2.4922136660358098e-11,2.8672350919562055e-12,1.6469248852010072e-12,6.017313560305418e-13,1.0940633103567057e-12,9.058186465867724e-11,9.550948749739924e-07,2
690,06:06:30,1.7262456806677364e-11,3.0765142795977132e-12,1.3204853856949135e-12,3.65214497916605e-13,4.526233167032373e-13,8.294315365541129e-11,9.485442592591996e-07,2
691,06:07:00,4.474487004560707e-11,5.7753493409283284e-12,2.2176724475546404e-12,9.9144083155021e-13,1.9707011314034276e-12,1.357489735462848e-10,9.774428313678948e-07,2
692,06:07:30,1.7443928649534518e-11,3.1245402678000306e-12,2.2094833521741173e-12,1.087570004525502e-12,1.8003012113553713e-12,1.254024496011081e-10,9.620723695769166e-07,2
693,06:08:00,1.2175395703663405e-11,2.79779021681193e-12,1.3977474021571627e-12,5.722446816627408e-13,1.0260571717267718e-12,7.13466965250976e-11,9.554914328705352e-07,2
694,06:08:30,1.717542598979472e-11,3.0002034581352967e-12,1.8388990543903504e-12,6.260316477533423e-13,1.6719710082200255e-12,6.813508732167642e-11,9.551301269302848e-07,2
695,06:09:00,2.0593424956882344e-11,2.959575198557212e-12,1.5443599201782352e-12,7.550424300101943e-13,9.854276461719433e-13,9.460227379572338e-11,9.373887565574745e-07,2
696,06:09:30,1.778453559435904e-11,1.7645813515726215e-12,1.0006515505487787e-12,3.679329345961052e-13,6.507794311787768e-13,8.56633805156748e-11,9.22426018206475e-07,2
697,06:10:00,2.2105958718602748e-11,3.675426124127007e-12,1.1551742967361237e-12,4.0118540679113405e-13,9.237224447527847e-13,9.572399533767103e-11,9.09860188968014e-07,2
698,06:10:30,2.6109467427034447e-11,3.0234666155976758e-12,1.2550548372446378e-12,3.9901090973640725e-13,7.025336346169454e-13,1.1645791299819094e-10,9.273513283382221e-07,2
699,06:11:00,3.019335734199709e-11,2.2786639870170616e-12,1.9032184084646894e-12,5.175304801173668e-13,1.1041373189542563e-12,9.490620008795564e-11,9.14998414512538e-07,2
700,06:11:30,1.9684779406065495e-11,3.3807244009096154e-12,1.420216299881823e-12,4.027165571086287e-13,6.905034216626244e-13,1.0234371005128255e-10,9.408093471504836e-07,2
701,06:12:00,3.367523449839111e-11,4.165005591740864e-12,3.5802028081027927e-12,2.028681148326978e-12,2.895823987948436e-12,2.758491960754857e-10,9.215706696355694e-07,2
702,06:12:30,3.415139748686038e-11,3.4448166698278965e-12,1.8944124957908055e-12,9.471702646131882e-13,1.4857863736194921e-12,7.615502265814235e-11,9.748683011314028e-07,0
703,06:13:00,2.6172060060815077e-11,4.310475862040451e-12,2.18666459398467e-12,6.359264729055611e-13,1.1994704194429487e-12,1.199988005565087e-10,9.5451784179914e-07,0
704,06:13:30,1.2390025407740202e-11,2.2421892848179018e-12,1.2181905486105359e-12,4.693316255411035e-13,7.869745572267078e-13,7.473422005524007e-11,9.404950659735228e-07,1
705,06:14:00,2.082892464857322e-11,3.86197840981506e-12,1.5598400665742539e-12,4.4392731578046287e-13,9.463619952012478e-13,8.54624936270281e-11,9.159747548469576e-07,2
706,06:14:30,1.401466750207253e-11,2.879929489598743e-12,1.6584844690181499e-12,5.744888506125925e-13,1.9650557349096052e-12,7.998765689617945e-11,9.242782777441721e-07,2
707,06:15:00,2.5296050396943293e-11,2.4034226134458824e-12,2.1712675172912863e-12,9.452910478123794e-13,1.719088031890045e-12,1.1875757182798493e-10,9.345459772700238e-07,2
708,06:15:30,2.817581609935737e-11,2.3279121303774716e-12,1.4604384535930606e-12,5.097607886647013e-13,8.611042984591096e-13,7.548265904708631e-11,9.06962570372348e-07,2
709,06:16:00,2.045278055372125e-11,3.2100915862596837e-12,2.2374309764543817e-12,7.521418538482054e-13,2.004967553500136e-12,1.9764801414267874e-10,9.111340372633478e-07,2
710,06:16:30,1.7253546253299793e-11,2.7748796423712066e-12,1.4797956339654257e-12,5.114689555724878e-13,8.932943459461243e-13,8.729035842346081e-11,9.269850852878992e-07,2
711,06:17:00,1.3501042171674905e-11,3.901063313092992e-12,1.8861935737901544e-12,6.723626480117316e-13,1.7470801650209718e-12,8.760462670860096e-11,9.557501376227656e-07,2
712,06:17:30,2.923323338387186e-11,3.812871646185395e-12,1.359858990358663e-12,5.566265955670667e-13,1.1198054444309834e-12,8.260728907543902e-11,9.375349387871199e-07,2
713,06:18:00,2.023161366832836e-11,3.121660167752534e-12,1.586597613698159e-12,5.452495755458495e-13,1.1850605363861931e-12,7.919946945039688e-11,9.62130989490371e-07,2
714,06:18:30,2.2604790724103466e-11,3.5114442988561004e-12,2.127485240991711e-12,6.106002182274569e-13,1.2231713304186836e-12,7.649085705055584e-11,9.514821810104882e-07,2
715,06:19:00,3.065904579187501e-11,2.6566783888625347e-12,9.312530980186598e-13,3.436891742941777e-13,5.85511036470382e-13,7.212268170702365e-11,9.483518003485181e-07,2
716,06:19:30,2.5743614122448424e-11,2.0317696061812425e-12,1.4678518655454184e-12,4.158842193827208e-13,8.925986322773678e-13,8.661622593674549e-11,9.194426833748297e-07,2
717,06:20:00,3.082767657474408e-11,2.4529918814368868e-12,2.3215554374940052e-12,5.739662302256794e-13,1.592994815448723e-12,8.325407073724454e-11,9.144167493249323e-07,2
718,06:20:30,3.6655980462106076e-11,3.226861611856196e-12,1.876120485338796e-12,4.639963409777518e-13,6.283933301667874e-13,1.0418803379219854e-10,9.31449688299013e-07,2
719,06:21:00,1.2212367787544457e-11,3.913473363785924e-12,2.3618029248588283e-12,5.227072647550326e-13,1.2935937672846426e-12,9.230189881199794e-11,9.273844633617779e-07,2
720,06:21:30,1.5168180440025745e-11,3.209642368916846e-12,1.739627814536441e-12,6.174661164326917e-13,7.885774602446096e-13,7.738605693705292e-11,9.497927359677314e-07,2
721,06:22:00,3.164277531771211e-11,3.78127235353162e-12,2.585875691351856e-12,5.260605898415649e-13,9.969197309003878e-13,8.578233657648731e-11,9.590658763533372e-07,2
722,06:22:30,1.7779996313397495e-11,4.08195483871628e-12,1.4117660608759533e-12,3.9825249146507635e-13,8.23847844781123e-13,1.1413453498793411e-10,9.761517143016187e-07,2
723,06:23:00,3.187863384564066e-11,5.31693018643315e-12,2.8081446440562974e-12,5.608349249726809e-13,1.6281494009482702e-12,1.3352730421053747e-10,9.536380581805906e-07,2
724,06:23:30,2.4087083183564688e-11,4.396045768546073e-12,1.716864504492736e-12,7.253067552204239e-13,1.9422584409493736e-12,8.204909124637638e-11,9.570223798751467e-07,2
725,06:24:00,2.5248089611118945e-11,4.279988600555359e-12,1.6056528566183258e-12,5.400664767238909e-13,1.2651613245639054e-12,1.0705599685718012e-10,9.649551626219795e-07,2
726,06:24:30,2.254286312151562e-11,4.864656517041602e-12,2.614204218918143e-12,1.1297647136904966e-12,2.8147860129147403e-12,1.799097683134224e-10,9.535544513943943e-07,2
727,06:25:00,1.8439717459248306e-11,2.6330613500139777e-12,1.317661507410163e-12,5.475187088988941e-13,8.474244842843346e-13,9.295161596838018e-11,9.573088925883453e-07,2
728,06:25:30,1.8069430495403457e-11,2.8884434935421878e-12,1.1427172630067195e-12,4.327262526963232e-13,4.867355361924409e-13,7.5997250008141e-11,9.591189948709588e-07,2
729,06:26:00,1.801024293261451e-11,4.0359205840761475e-12,2.5393647344274914e-12,5.5711090448845e-13,1.479915884896374e-12,1.0517254957041331e-10,9.385586769442436e-07,2
730,06:26:30,1.609639743819483e-11,3.164150533183739e-12,2.1365754347797588e-12,6.218620501246678e-13,1.639771695535681e-12,8.358081811939158e-11,9.521609087809587e-07,2
731,06:27:00,1.873173513717129e-11,3.621668476568192e-12,1.9169946422742447e-12,5.771309827942307e-13,9.340708285554466e-13,1.340797795757977e-10,9.402643590433628e-07,2
732,06:27:30,3.3897326451867696e-11,3.301301869345021e-12,1.501945198103233e-12,3.4657241604733254e-13,7.711569812606551e-13,9.204151657886423e-11,9.288181063113894e-07,2
733,06:28:00,3.262009597229331e-11,3.5040411260525444e-12,1.166089990598718e-12,5.189014748518468e-13,1.2851419785215181e-12,9.624573191164794e-11,9.410742802845794e-07,2
734,06:28:30,1.6098748077181963e-11,3.946803752944529e-12,1.957623225665882e-12,4.105355726627923e-13,7.727779224333819e-13,1.015963535417419e-10,9.323410777608535e-07,2
735,06:29:00,2.5845719268386437e-11,3.770847785545036e-12,1.5516679344028282e-12,7.179541945757436e-13,1.2381702904812655e-12,1.0589073847211333e-10,9.722933100015485e-07,2
736,06:29:30,2.1199625301464273e-11,3.4757090814480476e-12,1.9567140744419164e-12,5.308754166331829e-13,1.1237557252500466e-12,9.269735764661266e-11,9.561428975432659e-07,2
737,06:30:00,5.2136043850728335e-11,6.134852575908071e-12,4.580531148427879e-12,2.028688358136965e-12,5.316247405808344e-12,4.395016283708562e-10,9.453343821953546e-07,1
738,06:30:30,1.4343840875528445e-11,3.972776236388206e-12,1.9905140726155954e-12,5.138633246268937e-13,1.2019867279940129e-12,1.0141491102758658e-10,9.59446742248603e-07,2
739,06:31:00,2.7135962781896947e-11,4.665483038866534e-12,2.3171104435784994e-12,1.0263093542009728e-12,2.5899911295369938e-12,7.956936621172798e-11,9.382176942213142e-07,2
740,06:31:30,3.957185390323624e-11,3.1360482568205835e-12,1.598061055063496e-12,8.391403752129475e-13,2.683539209306214e-12,1.5013034027387448e-10,9.445972663354588e-07,2
741,06:32:00,1.9535454927834955e-11,3.2207003726024586e-12,1.889002406104863e-12,4.881702923539963e-13,1.0134732570149235e-12,1.0039765485641912e-10,9.193285071522723e-07,2
742,06:32:30,4.748108229578279e-11,6.975558219971457e-12,4.3091299263951905e-12,2.8178961293000266e-12,6.453409694750553e-12,2.8459340400340485e-10,9.394260465382117e-07,2
743,06:33:00,9.608995212328749e-12,2.0398851498251112e-12,1.4031362279424501e-12,4.55094377102855e-13,6.562522189159897e-13,8.546759656270597e-11,9.379555419456618e-07,1
744,06:33:30,4.3179699429724594e-11,3.4853812846630962e-12,2.2978684746706287e-12,9.264268082424233e-13,1.6201764031260157e-12,8.336825528505418e-11,9.403962107637717e-07,2
745,06:34:00,1.9335581247433783e-11,3.6295547963551017e-12,3.0218072540993666e-12,7.218521492916425e-13,1.2714127961115097e-12,8.995084237563652e-11,9.477174679682923e-07,2
746,06:34:30,1.88051571513786e-11,4.72494814579053e-12,3.1424270471594875e-12,7.973062019975826e-13,2.023777315022818e-12,8.7961365259598e-11,9.711902471720102e-07,2
747,06:35:00,4.515838102710115e-11,6.373042612964224e-12,2.7597926195783176e-12,8.579309137581054e-13,2.918544010230644e-12,1.058400233093251e-10,9.72119807344382e-07,2
748,06:35:30,2.1202400314893362e-11,3.5891496318805325e-12,2.2056811568225564e-12,5.789226088298919e-13,1.2577628292307549e-12,1.1679002396658522e-10,9.57275643835693e-07,2
749,06:36:00,3.764525027391943e-11,3.5456201114948407e-12,1.4914637814103373e-12,6.521376661161125e-13,1.0313760643164758e-12,8.1712471251567e-11,9.517927268680029e-07,2
750,06:36:30,1.3182764770353482e-11,4.709157845444843e-12,1.4149178465672402e-12,5.669161281417983e-13,1.3837063214505489e-12,9.434552149911252e-11,9.456283562147699e-07,2
751,06:37:00,1.739289287910848e-11,3.9706560543229025e-12,1.7831971297940364e-12,5.182990186799158e-13,1.0291877063361983e-12,9.340066617404392e-11,9.304868388862726e-07,2
752,06:37:30,3.18931640871889e-11,4.971039964584634e-12,2.4383719909344254e-12,6.812316980482695e-13,1.8306988145947686e-12,1.5526355385970245e-10,9.46813928376556e-07,2
753,06:38:00,1.4262757289432693e-11,2.6190929326665147e-12,1.199206218151758e-12,4.495599274698792e-13,7.486874708843185e-13,9.173769660490829e-11,9.366049870823114e-07,2
754,06:38:30,2.7852975721857713e-11,3.1215828256243325e-12,1.777084732313361e-12,5.691257562637311e-13,1.3017303165909947e-12,1.2329754508087978e-10,9.294463168264684e-07,2
755,06:39:00,3.849363545175014e-11,5.562860394153751e-12,2.4519135221900216e-12,8.720885496671164e-13,1.9802843330899566e-12,1.1264266275903719e-10,9.634621843527126e-07,2
756,06:39:30,2.3126674629657015e-11,3.4941846533496083e-12,1.62855470445881e-12,3.732541954406465e-13,7.940819473186632e-13,9.326959565802356e-11,9.510308954746324e-07,2
757,06:40:00,3.1934490623847165e-11,6.446710472762482e-12,2.1730375955079735e-12,5.858440643175327e-13,1.5167149128214618e-12,9.680989818828398e-11,9.80845216606448e-07,2
758,06:40:30,1.8820910339034477e-11,3.5493163382149316e-12,2.3356658080702413e-12,7.362315888040115e-13,1.8813401588622635e-12,7.740529260321716e-11,9.674029647395021e-07,2
759,06:41:00,5.6613101468516856e-11,5.127398503994554e-12,3.8884569468988135e-12,5.576351693747162e-13,1.0233143536838891e-12,1.2042937078838298e-10,9.748704734091871e-07,2
760,06:41:30,4.6913637334525826e-11,5.605615814425588e-12,2.2926037008415043e-12,6.531333143637434e-13,1.3309830274469483e-12,1.2959655562429586e-10,9.221478765778919e-07,2
761,06:42:00,1.9881919123768773e-11,3.959402947729336e-12,2.2892235615347596e-12,5.885237111254158e-13,1.4501838071352434e-12,7.257070083889772e-11,9.24220662905362e-07,2
762,06:42:30,2.601836735444888e-11,4.188642141739599e-12,2.4017112449371992e-12,5.553530744410528e-13,1.0905233672007665e-12,1.049840190003785e-10,9.325017572823361e-07,2
763,06:43:00,1.883908044852975e-11,4.852280190199727e-12,3.062484349845795e-12,6.792375893515259e-13,1.394897381344352e-12,9.224173131397455e-11,9.222479367193594e-07,2
764,06:43:30,3.0522361758446965e-11,6.7171872413675645e-12,1.9065632915681803e-12,3.7823127458692554e-13,7.327431116346023e-13,8.810612969770088e-11,9.185276144903415e-07,2
765,06:44:00,2.435538601235954e-11,5.299072604198212e-12,1.483323907096698e-12,4.6105729223824e-13,7.760959809263679e-13,9.537698811131367e-11,9.20807609540908e-07,2
766,06:44:30,5.251135373832522e-11,6.753552451456388e-12,3.101949218326198e-12,1.1624827665003344e-12,2.6653470798472684e-12,1.5697734651108154e-10,9.64073706926535e-07,2
767,06:45:00,1.377604369630051e-11,4.109404008726871e-12,1.6270359228379676e-12,8.45240824536959e-13,1.3107484153161006e-12,8.940682994517023e-11,9.457472920461451e-07,2
768,06:45:30,1.610634310600762e-11,4.273628941484566e-12,1.4373152800978615e-12,5.621737753127401e-13,1.1984983082872239e-12,2.5622930836334895e-10,9.767595396030127e-07,2
769,06:46:00,1.0112384839655091e-10,7.334952712005436e-12,2.167415115207171e-12,5.010798480424838e-13,8.914508304466173e-13,6.455065599695561e-09,9.528128200567558e-07,2
770,06:46:30,1.7077828766437186e-11,3.678026252001445e-12,2.0632701760206682e-12,7.167958356630185e-13,1.3519051700738328e-12,1.224082510572117e-09,9.385445283925241e-07,5
771,06:47:00,7.693854537772103e-12,2.806103334146795e-12,1.5273443777121588e-12,1.038199220860479e-12,9.693827472832134e-13,3.511897360240874e-10,9.192233132491399e-07,5
772,06:47:30,2.5887117515307062e-11,3.3425480940646667e-12,1.0114117636225481e-12,3.359341581604763e-13,4.461639170015463e-13,1.543803108275804e-09,9.291993744838928e-07,5
773,06:48:00,1.346340748458338e-11,3.734414040998344e-12,2.3633799266142425e-12,1.2421340549131917e-12,2.408982117503487e-12,4.680505214004111e-10,9.507254201204552e-07,5
774,06:48:30,8.032426067877777e-12,2.7012672200691496e-12,1.968130472013594e-12,1.3848263950809423e-12,1.026869243614522e-12,8.36587145102248e-11,9.519269708458306e-07,5
775,06:49:00,6.645981324773215e-12,2.8837381989410793e-12,1.2871562759018916e-12,1.269561209983909e-12,1.351074649538366e-12,7.24433517187367e-11,9.380439273272102e-07,5
776,06:49:30,8.414973686884512e-12,2.0717891634179765e-12,1.1801020781516023e-12,6.835073683424565e-13,7.74633914522233e-13,6.674199529655022e-11,9.333506354118917e-07,5
777,06:50:00,1.1626214203472486e-11,3.739007692807659e-12,1.2822787207572468e-12,8.534257886963045e-13,7.712423322250419e-13,6.743801824667786e-11,9.712339324947466e-07,5
778,06:50:30,2.2096796378264277e-11,5.702384523948838e-12,1.8406782617112263e-12,8.275793648975539e-13,1.0480891963987026e-12,8.330091975760449e-11,9.719567419591817e-07,5
779,06:51:00,1.105995206497361e-11,3.5584086978849053e-12,1.705646150033849e-12,1.08277990423146e-12,1.1552989177758235e-12,8.163940386673229e-11,9.471724726142394e-07,5
780,06:51:30,1.7484727515642996e-11,5.6467927257355594e-12,9.622472607344313e-13,4.932404739791579e-13,5.644120831685323e-13,2.4744373620201713e-09,9.637755900591214e-07,5
781,06:52:00,6.6134311508650664e-12,3.327679954097764e-12,2.8197392996340104e-12,1.0409105137014824e-12,8.667081099016738e-13,1.1714689949309648e-10,9.483267011949022e-07,5
782,06:52:30,1.0630966794872523e-11,2.730984919013426e-12,6.236830388683421e-13,2.594039396148973e-13,2.1354448440260196e-13,7.314031078420796e-10,9.446750771097294e-07,5
783,06:53:00,5.426398220820635e-12,2.260049966394804e-12,1.2347815217064927e-12,7.835342567332987e-13,1.0029101029324739e-12,3.570300874740101e-10,9.375573272200643e-07,5
784,06:53:30,3.5729215798066506e-11,2.3352095408822315e-12,7.975481446942589e-13,4.655663883108721e-13,5.189175780304792e-13,6.464810430022781e-09,9.501720512727834e-07,5
785,06:54:00,1.3637833095263002e-11,2.542493492033602e-12,8.949183234453697e-13,5.937971994540764e-13,4.432532124384111e-13,6.850417260556127e-10,9.522535739012453e-07,5
786,06:54:30,6.341805708902753e-12,2.0559255097731776e-12,1.9811742755903353e-12,9.625164272241636e-13,1.1505322260591024e-12,2.6742587818260404e-10,9.419809186424475e-07,5
787,06:55:00,7.88755847642894e-11,5.713494746640652e-12,1.4128378273108957e-12,5.548779385596868e-13,9.993878450698836e-13,3.933624914142481e-09,9.557222904066e-07,5
788,06:55:30,5.892075867927118e-12,2.7623342906586248e-12,1.6533345719610218e-12,1.7899816067613757e-12,2.4707029486819814e-12,9.7674395491489e-11,9.633186058860625e-07,5
789,06:56:00,1.1088341662414523e-11,3.6053235080849673e-12,1.882417197721177e-12,9.886296001302005e-13,9.782467504815784e-13,7.912506715207204e-11,9.806631215867185e-07,5
790,06:56:30,4.1464093057222224e-11,3.963801865377125e-12,1.4470884776204443e-12,4.925068699669644e-13,8.775169494775229e-13,1.8397951732657547e-09,9.961511501606459e-07,5
791,06:57:00,8.975093157561042e-12,1.4715103754365751e-12,1.4554336187488162e-12,1.0075081566326914e-12,1.06476141281445e-12,3.6898254744565824e-10,9.746164165256672e-07,5
792,06:57:30,1.0010653693947336e-11,2.755643309903939e-12,7.401530715080042e-13,5.145391742972266e-13,4.69011424936255e-13,4.396769627719433e-10,1.0025661394508223e-06,5
793,06:58:00,1.52662438087361e-11,2.949534625603172e-12,1.0969779625259236e-12,3.597757885451845e-13,4.741550606281731e-13,1.7314084128111124e-09,9.66973900156973e-07,5
794,06:58:30,1.0889323222633514e-11,3.2413518549932156e-12,9.47853639679037e-13,4.997456506658478e-13,4.612420212811586e-13,2.2827463014418133e-10,9.880406035251544e-07,5
795,06:59:00,2.0403543755484318e-11,2.1333348684076805e-12,9.44376810165827e-13,4.189455848525116e-13,7.199716271261713e-13,1.057247784800885e-09,9.475495075520132e-07,5
796,06:59:30,8.347135622647568e-12,1.6826568780149706e-12,6.187288479636632e-13,2.512944121007441e-13,4.585974585877754e-13,1.7684794703542188e-09,9.739717140733742e-07,5
797,07:00:00,1.1899969816962152e-11,1.9848054018061077e-12,7.516404524567656e-13,4.531980335383816e-13,5.749331800075914e-13,5.872466934576497e-10,9.457310458562923e-07,5
798,07:00:30,6.061213051281885e-12,1.9782549611848915e-12,1.0654244938616317e-12,6.870538087420175e-13,6.26572764480632e-13,3.99836643589626e-10,9.436779705295027e-07,5
799,07:01:00,3.010847096654718e-11,2.424193212757102e-12,8.399898446160624e-13,3.0451347691021905e-13,3.2887873900358114e-13,3.875741896029481e-09,9.586417363226423e-07,5
800,07:01:30,2.6111492020269918e-11,2.6479272827424356e-12,8.0438582054995e-13,4.0011457286323896e-13,6.476794956580945e-13,3.6061717940953916e-09,9.575261341096233e-07,5
801,07:02:00,1.0526497303583497e-11,2.037574620154759e-12,6.818097871173713e-13,4.659020214596988e-13,6.268403382984771e-13,1.6757699206699451e-09,9.73248761916655e-07,5
802,07:02:30,4.331313743041493e-11,2.663623455182294e-12,1.240237915982549e-12,7.809212902252351e-13,7.45288413142704e-13,4.2961396309224075e-09,9.665363320235275e-07,5
803,07:03:00,3.389890658126938e-11,3.8180016254806156e-12,1.4190760148122804e-12,4.571604927140282e-13,6.671914534958067e-13,5.9588040437188795e-09,9.612634974245173e-07,5
804,07:03:30,1.1200022842965084e-11,1.7861587823311073e-12,6.940578430900778e-13,3.912048276055305e-13,3.1213938008831295e-13,1.644595840160401e-09,9.555938547761163e-07,5
805,07:04:00,1.3651752041823292e-11,1.8178763248506675e-12,6.549539770644201e-13,3.30055369500249e-13,4.020504831611045e-13,4.290804942943386e-10,9.431064995680807e-07,5
806,07:04:30,1.949225138161357e-11,2.495559790211024e-12,1.0162985534203294e-12,4.4838441595397154e-13,4.829517292292632e-13,3.615640222544428e-10,9.460282969665571e-07,5
807,07:05:00,2.848560846685202e-11,1.9044768904225957e-12,9.778855255182137e-13,4.994384963107452e-13,3.7902953140693357e-13,2.7439966660737073e-09,8.748595849180376e-07,5
808,07:05:30,9.693224807802193e-12,2.350859928529968e-12,9.989738499180485e-13,8.005315452651484e-13,6.969716102286125e-13,2.4622526293428903e-10,9.203799983289489e-07,5
809,07:06:00,9.761109165298829e-12,2.1593671449982524e-12,1.0998332645424392e-12,4.53261345289052e-13,5.063825936400718e-13,5.199787100729662e-10,9.236342927039516e-07,5
810,07:06:30,8.304319422893112e-12,1.9866343711998035e-12,9.3224109371883e-13,4.289239768183951e-13,4.578309921437653e-13,2.470724540132052e-10,9.348119656190221e-07,5
811,07:07:00,1.2838938948767759e-11,2.7607606857871412e-12,1.1020880277792453e-12,4.931280276175123e-13,7.22057840129333e-13,1.0902574798338935e-10,9.421857089745536e-07,5
812,07:07:30,1.2926096392851745e-11,3.2830536672724475e-12,9.945154506382723e-13,5.278526287682286e-13,5.558526022377893e-13,1.4346894500435945e-09,9.580971528181996e-07,5
813,07:08:00,1.4169497461781552e-11,2.512984604534172e-12,1.010626448921236e-12,4.746775830320364e-13,5.293388945470283e-13,4.4073164116170124e-10,9.552511951197697e-07,5
814,07:08:30,1.0301748062264599e-11,3.61091065352661e-12,1.4127569592030921e-12,5.183485958917206e-13,6.050113811274015e-13,3.27006451827684e-09,9.640577842161242e-07,5
815,07:09:00,1.9051764279187753e-11,2.404136812334015e-12,9.110189886811954e-13,4.468452142051969e-13,4.785866274693371e-13,1.0349192388524938e-09,9.531507387605128e-07,5
816,07:09:30,5.889575425039225e-12,2.272259949246161e-12,9.696468186643066e-13,4.2340002910275844e-13,5.375541355204093e-13,9.675841657319903e-11,9.362745243359611e-07,5
817,07:10:00,1.2840992325595374e-11,2.0875023132081008e-12,1.2075809941346692e-12,5.980793801210883e-13,8.468894289430016e-13,5.811279338524302e-11,9.586052638929018e-07,5
818,07:10:30,1.6176123843365248e-11,3.542157009048888e-12,1.0383269838644994e-12,5.270587896262359e-13,6.544611421486067e-13,4.874607295743564e-10,9.455334757031752e-07,5
819,07:11:00,3.328299689218325e-11,4.767446282576695e-12,1.2914183318886828e-12,5.370938064292065e-13,7.109094467129665e-13,1.8615045233876085e-09,9.447805191115602e-07,5
820,07:11:30,1.150274498277107e-11,2.8673150061607514e-12,1.1119247821501931e-12,5.953035734782202e-13,8.136881638604272e-13,1.5667208912683933e-10,9.516513365195925e-07,5
821,07:12:00,1.4971232721285004e-11,3.7220854000574104e-12,1.535389054520451e-12,7.166017949578229e-13,1.0316532182594815e-12,6.93838942162542e-11,9.721725503521494e-07,5
822,07:12:30,1.5406179634640854e-11,3.3234646237816158e-12,1.2793201713754211e-12,4.567475893604448e-13,4.993169517133024e-13,1.1060868749479007e-10,9.654850238977822e-07,5
823,07:13:00,1.943556478652248e-11,4.339435227131715e-12,1.144349959981684e-12,6.645503873206556e-13,6.977833880946064e-13,7.816316155649263e-11,9.800654139981366e-07,5
824,07:13:30,1.3516576448001527e-11,4.348628287086145e-12,1.519448634101587e-12,7.149656219134998e-13,7.439967481491398e-13,3.316216695690954e-10,9.767125035106737e-07,5
825,07:14:00,1.7843776639433395e-11,3.617373780476066e-12,1.1954265140804381e-12,4.893272588422062e-13,5.707598695909864e-13,1.3487442075444258e-10,9.565134494745378e-07,5
826,07:14:30,9.494137916672029e-12,2.8529270868658525e-12,1.603938501592829e-12,5.152596854877134e-13,7.729034338002125e-13,6.926660466239919e-11,9.308751823842474e-07,5
827,07:15:00,9.515004590384746e-12,2.986601032919893e-12,9.625693037354826e-13,4.031063277330595e-13,3.8731032176153684e-13,7.795820991519184e-11,9.448434432970846e-07,5
828,07:15:30,5.6715425563808205e-12,2.2931754660884536e-12,1.5280118150844167e-12,1.007211856003908e-12,1.4732453623205123e-12,7.798676134670902e-11,9.448468974443772e-07,5
829,07:16:00,1.957249273579892e-11,2.896147133627337e-12,2.1130499976651197e-12,2.433073627320277e-12,2.020160401727441e-12,1.0525483043729533e-10,9.383291884121366e-07,1
830,07:16:30,1.7214938213087473e-11,3.68330019412805e-12,1.0920747987384485e-12,5.737441916252574e-13,1.0828106844145603e-12,5.5546038771496674e-11,9.419102138154905e-07,1
831,07:17:00,2.1302813149500584e-11,4.828894736784096e-12,2.2183072348364555e-12,1.0344602070202333e-12,1.3809498936866494e-12,6.443106583280764e-11,9.487879125633812e-07,1
832,07:17:30,2.547552561874037e-11,3.0254762217234427e-12,1.2799882778224286e-12,9.051939214853565e-13,2.779959201002689e-12,6.883115497671782e-11,9.596398209488018e-07,2
833,07:18:00,2.4788687765199052e-11,4.070960303149089e-12,1.769427174613719e-12,4.509143600164786e-13,8.906639480775066e-13,6.591923716093461e-11,9.61105022191182e-07,2
834,07:18:30,1.618867963328962e-11,3.9173294956934004e-12,1.6805061893044142e-12,5.159677497963927e-13,6.509213766518828e-13,6.40947375087394e-11,9.633402571656167e-07,2
835,07:19:00,4.980330483806417e-11,4.488409087893255e-12,1.5528459377533154e-12,6.947292118651398e-13,1.0526852504705966e-12,8.135628162738126e-11,9.649527302418801e-07,2
836,07:19:30,1.9209574861180072e-11,2.6699466120928094e-12,1.3932102988634626e-12,7.522443517127366e-13,8.663921303679624e-13,6.335240312871682e-11,9.455457799800859e-07,2
837,07:20:00,2.3218804469697198e-11,3.885013008871411e-12,2.523513118294701e-12,6.942551932205642e-13,1.3916648060887094e-12,6.691188754688083e-11,9.280056975097456e-07,2
838,07:20:30,2.7863943434636356e-11,2.8188370046767185e-12,1.1107921384986683e-12,5.889547500040851e-13,1.1147070643105343e-12,9.586301897313632e-11,9.281050970124304e-07,2
839,07:21:00,3.4162180470000024e-11,3.829256090380174e-12,1.9210595143957804e-12,5.737400759307241e-13,8.605959413637884e-13,8.916653127712884e-11,9.286973147195417e-07,2
840,07:21:30,1.75097797746307e-11,2.7351438441551973e-12,1.6570435061504293e-12,6.070757841951413e-13,1.0822038707303958e-12,8.940794607358094e-11,9.371805313832735e-07,2
841,07:22:00,3.725543024558047e-11,3.0461682744630483e-12,9.927349097191256e-13,4.155394172207751e-13,8.075046513193973e-13,8.165699601886746e-11,9.381991969200254e-07,2
842,07:22:30,2.133628191112014e-11,4.822407688559475e-12,1.72381432008604e-12,4.600486981246117e-13,8.301792797772528e-13,7.271405322938754e-11,9.482636965212624e-07,2
843,07:23:00,4.526719453027591e-11,4.7831221712968065e-12,2.5961934979793707e-12,1.230269354306572e-12,2.818558734285442e-12,7.338138454877701e-11,9.608714081474678e-07,2
844,07:23:30,3.07503375437485e-11,3.875536646895743e-12,2.9432948088276085e-12,6.156817244613847e-13,1.1886687507759339e-12,7.47095960379289e-11,9.488378751572889e-07,2
845,07:24:00,1.0605020424044131e-11,2.8570630978736233e-12,1.6333835922347193e-12,6.139866090395468e-13,1.138996712641546e-12,7.691827787035768e-11,9.607223856758785e-07,2
846,07:24:30,3.239590048233911e-11,3.5084883136271103e-12,1.535582323780002e-12,6.330980560876634e-13,1.1343934464907278e-12,5.1980736074987286e-11,9.70565376713991e-07,2
847,07:25:00,1.446942800920984e-11,2.8580452871034077e-12,2.3543506751336094e-12,5.306954307976831e-13,9.257928600631993e-13,8.724779338916445e-11,9.649558586506073e-07,2
848,07:25:30,2.7306456722838748e-11,2.369464243657708e-12,1.5358518883729405e-12,3.574130772360709e-13,6.286496754171058e-13,7.66337920457404e-11,9.374367696290918e-07,2
849,07:26:00,2.100562444368029e-11,3.7775584189198055e-12,1.943187325127295e-12,5.85940863582502e-13,1.434293899614486e-12,8.090084976325297e-11,9.367070108712687e-07,2
850,07:26:30,2.370772287675894e-11,2.6985000140589494e-12,2.035111240045184e-12,4.1760639714596917e-13,8.669227209151477e-13,9.681209662820786e-11,9.506159481789449e-07,2
851,07:27:00,4.102080624432495e-11,2.8433451237078894e-12,1.4908908567511117e-12,5.275495789721338e-13,1.0657621452936482e-12,1.0854529558601698e-10,9.29391423964793e-07,2
852,07:27:30,1.54126070921925e-11,3.7357779776981465e-12,1.3814409388405835e-12,5.314498076699546e-13,1.2861165830112214e-12,1.017100002001998e-10,9.466713786488431e-07,2
853,07:28:00,4.03427377329195e-11,3.111197650319517e-12,1.617281521161511e-12,4.601355408957746e-13,9.104900124753644e-13,9.272600506346523e-11,9.524541545120926e-07,2
854,07:28:30,2.3414644181270255e-11,2.9479477846324178e-12,1.343409902777781e-12,3.269564155032304e-13,5.953010513336208e-13,1.1216648548787206e-10,9.276879034183511e-07,2
855,07:29:00,1.968974913113347e-11,3.4956198557277406e-12,1.8581393830887727e-12,5.195497218074991e-13,1.1511272423038583e-12,1.14905614157833e-10,9.325492396338561e-07,2
856,07:29:30,1.5665935817320214e-11,4.136466050368254e-12,1.6104210470312424e-12,4.25077663111679e-13,6.384639172077908e-13,1.1222340822895918e-10,9.549666307872488e-07,2
857,07:30:00,1.7446839719587236e-11,3.816541626747341e-12,1.3877964357805207e-12,5.100332830739757e-13,1.2782444162901562e-12,8.290488750881643e-11,9.62665603402527e-07,2
858,07:30:30,1.9795089614933694e-11,3.1265551139637518e-12,1.8914391135873727e-12,5.439841402650087e-13,1.1842302735275582e-12,8.969149634006481e-11,9.716080489696856e-07,2
859,07:31:00,2.5281431522446717e-11,3.0300249189073205e-12,1.5091537832799944e-12,4.0278384059599473e-13,6.787163114065708e-13,9.680781827829386e-11,9.81100228400625e-07,2
860,07:31:30,2.8081944439271944e-11,3.0644221349302015e-12,1.374467546820792e-12,4.4359113836712366e-13,1.0121020116888269e-12,1.0842470514856939e-10,9.659041978032354e-07,2
861,07:32:00,3.071914000096824e-11,3.0082917779368306e-12,2.692291649867719e-12,5.392703573018448e-13,1.1433029447244192e-12,9.354779600165318e-11,9.797567257134202e-07,2
862,07:32:30,2.584424784565257e-11,3.732661934016729e-12,1.2653205835442699e-12,4.5318712208554495e-13,7.444257946581498e-13,1.0941126061516133e-10,9.748876331846563e-07,2
863,07:33:00,1.855526510861855e-11,3.2652264812932917e-12,1.2799665648409279e-12,4.66463974538274e-13,6.616157219683999e-13,1.1422036295701929e-10,9.82824221754723e-07,2
864,07:33:30,2.5032894768248853e-11,3.3539436662025095e-12,1.3926623695632779e-12,5.216781880107436e-13,1.3045710754350097e-12,1.3040847832637704e-10,9.755520888104459e-07,2
865,07:34:00,3.291293655411322e-11,2.657302015843281e-12,1.548588825642256e-12,4.2422639775942176e-13,8.462672086180091e-13,8.025301091776786e-11,9.799069409292827e-07,2
866,07:34:30,1.9759045969901082e-11,3.369261212966387e-12,1.5548296390824861e-12,5.827744763731874e-13,1.127940826120162e-12,1.0593284018929478e-10,9.908799992731786e-07,2
867,07:35:00,2.743160327926239e-11,3.4454700770342042e-12,1.8460954021502137e-12,4.0538012214041603e-13,9.154476575038864e-13,1.2235812191521173e-10,9.960023486907743e-07,2
868,07:35:30,3.62324511287545e-11,4.9854153942960494e-12,2.548223770521191e-12,8.457955787707007e-13,1.2625434298337926e-12,1.5892484018368373e-10,1.002912068789777e-06,2
869,07:36:00,2.230992748126583e-11,3.847848700934429e-12,1.4161555994331082e-12,4.387975212912912e-13,8.131081537357955e-13,1.1657876844141437e-10,9.995919741805085e-07,2
870,07:36:30,2.4804740565493347e-11,3.530650370341742e-12,1.8843696879227937e-12,4.571895488793925e-13,9.286592420314662e-13,1.2266224417038741e-10,9.5922274052342e-07,2
871,07:37:00,3.332877740436026e-11,4.138070735924404e-12,1.2363964746440335e-12,4.301539386186514e-13,7.694142907618142e-13,1.2326587068876492e-10,9.441835963067368e-07,2
872,07:37:30,2.3117239132180275e-11,3.498260068950671e-12,1.6222467551716013e-12,4.618596627579045e-13,1.0493964314186632e-12,1.5416461280177375e-10,9.417311504641755e-07,2
873,07:38:00,2.4460121420401054e-11,4.6325153884528445e-12,1.9873659671311427e-12,4.388109984209793e-13,1.067336175209239e-12,6.255009006168201e-11,9.343820301109781e-07,2
874,07:38:30,2.5847995033474183e-11,3.6532376851603715e-12,1.8604104520963107e-12,4.734500787970202e-13,1.0004472378058424e-12,1.3376314017960543e-10,9.39299180339681e-07,2
875,07:39:00,2.080176826201202e-11,3.700000040600422e-12,1.9909012438389183e-12,4.61719292889558e-13,1.0905135962281e-12,1.0839247395184326e-10,9.376437958847006e-07,2
876,07:39:30,4.5563816494231396e-11,3.70488134331522e-12,1.1619658632654343e-12,3.4031687623278807e-13,7.836569753351713e-13,1.4212558003533283e-10,9.386276973559534e-07,2
877,07:40:00,4.4853226215193705e-11,2.950478444784383e-12,1.2292744213053627e-12,4.2427039897164466e-13,7.701918132192877e-13,1.4212317937719346e-10,9.64452455075907e-07,2
878,07:40:30,3.268813093809982e-11,5.2231371961403105e-12,2.420626141214712e-12,4.882893891446207e-13,1.167597375402525e-12,1.1882733625836904e-10,9.78706121092872e-07,2
879,07:41:00,3.405738643611546e-11,4.191316954361092e-12,1.0733459856446064e-12,3.974546728499924e-13,7.643445207464857e-13,1.0918680742660929e-10,9.901547933316467e-07,2
880,07:41:30,3.5854392192134165e-11,4.3713188338856886e-12,2.0977371914253164e-12,5.283020403537766e-13,1.3014305841421352e-12,1.2638645266050285e-10,9.68222175578064e-07,2
881,07:42:00,1.9077059148417394e-11,3.7170216791417265e-12,1.1005585352093891e-12,4.2789550818927275e-13,8.829866051925129e-13,1.1258901020160664e-10,9.457221279136103e-07,2
882,07:42:30,3.979488670585226e-11,3.527324961433364e-12,1.3196123241131093e-12,3.754599321722071e-13,7.911817760614269e-13,1.3324957314040816e-10,9.353949143428244e-07,2
883,07:43:00,4.999432396926285e-11,3.4613623034913737e-12,1.5510071710002964e-12,4.0103360925011473e-13,8.800781072187042e-13,1.5725614736083078e-10,9.430498101709106e-07,2
884,07:43:30,2.819552113571282e-11,3.175657023594567e-12,1.2634532759591758e-12,4.2595869979507013e-13,1.0192362641667369e-12,1.321121143586621e-10,9.440825985728103e-07,2
885,07:44:00,3.8763179959812565e-11,3.92913979274404e-12,1.2592824644670077e-12,4.002668188357476e-13,8.235578480963908e-13,1.6574378591081206e-10,9.526637313435296e-07,2
886,07:44:30,3.129564100195783e-11,3.872031421101324e-12,1.3104924029399608e-12,3.6814807950924465e-13,8.339886230238187e-13,1.2356979132349856e-10,9.48385567015035e-07,2
887,07:45:00,4.753255448603653e-11,3.721864000966751e-12,1.2315507517607395e-12,3.858088162346976e-13,7.388512740563358e-13,1.7869031141163194e-10,9.308143164678091e-07,2
888,07:45:30,5.0082681130852883e-11,8.631319668004922e-12,3.2323785342909403e-12,1.2528675960720365e-12,3.6371792666805143e-12,2.2245741463998433e-10,9.509007825088849e-07,2
889,07:46:00,2.2991245500389283e-11,3.3372856298742317e-12,1.6287870492678562e-12,4.2300747956256745e-13,8.740243375455139e-13,8.096812974047074e-11,9.65474505469158e-07,1
890,07:46:30,3.398146947075802e-11,5.090063445930484e-12,1.453248040430122e-12,5.08574203991907e-13,1.0388587998700737e-12,8.531260084787608e-11,9.752852807162015e-07,2
891,07:47:00,2.4767466996459768e-11,3.4209917961837204e-12,1.0796755333764121e-12,3.7064559191683717e-13,6.338768440632263e-13,1.1150835360285406e-10,9.44695955738265e-07,2
892,07:47:30,2.6340664011643696e-11,3.4836344220618637e-12,1.2965482182171856e-12,3.5178274497822206e-13,9.760156506570375e-13,1.0923736966614189e-10,9.53917197837184e-07,2
893,07:48:00,3.009872194764134e-11,3.6766964841726065e-12,1.3696207217461538e-12,3.991728393057374e-13,5.271865101212376e-13,1.1157437005780976e-10,9.442004155182815e-07,2
894,07:48:30,2.7523674877983668e-11,2.9963082695631317e-12,1.078754467807905e-12,3.6560007277390816e-13,9.862932616986014e-13,1.760024321217741e-10,9.280475683238048e-07,2
895,07:49:00,4.188710217937297e-11,4.1544038656311035e-12,1.7978921312949787e-12,3.1617768594077096e-13,6.968409364512624e-13,1.2048029596179048e-10,9.343481210438424e-07,2
896,07:49:30,6.555604987216313e-11,4.176355075077801e-12,1.2014008036802945e-12,3.8257744938417823e-13,4.735282251629368e-13,1.2366782644537304e-10,9.371009462474555e-07,2
897,07:50:00,2.7094342923200203e-11,4.426198467887196e-12,1.2917407861127088e-12,4.304413013364934e-13,7.109114012697152e-13,1.331800555904552e-10,9.473236564756814e-07,2
898,07:50:30,3.0980791151420546e-11,3.6318611938324312e-12,1.6223341693546955e-12,4.740258997594352e-13,9.339170348529829e-13,1.213811521727285e-10,9.547063532391612e-07,2
899,07:51:00,5.42159118304858e-11,4.1732719801819606e-12,1.6900930875384464e-12,4.1432224493917197e-13,9.073682212703898e-13,1.753090801728246e-10,9.322921021488504e-07,2
900,07:51:30,4.268687746776481e-11,4.9005910088363375e-12,2.4260129665896146e-12,1.1557905651798091e-12,2.8062605961645333e-12,3.3356949289240123e-10,9.566604601888297e-07,2
901,07:52:00,1.9839671538020908e-11,3.0113997372325954e-12,1.615685750176986e-12,6.720610445081494e-13,1.4250852893246518e-12,7.660899870910205e-11,9.485231899677123e-07,2
902,07:52:30,2.0032569572996832e-11,3.5746091676783847e-12,1.586824164995858e-12,4.3202218627327213e-13,9.71622573427278e-13,1.1825292124148192e-10,9.56786944743279e-07,2
903,07:53:00,1.3691841529833871e-10,3.154076998448788e-12,2.1344254427899154e-12,1.2255317134367133e-12,1.3875972711611387e-12,1.5733965366326702e-09,9.241858960770966e-07,0
904,07:53:30,5.722885055500027e-12,1.843449338344211e-12,2.466046090912227e-12,1.4700084527801488e-12,1.7353965621506572e-12,2.6725930553898414e-10,9.418970527953284e-07,0
905,07:54:00,6.846467421536001e-11,5.100217501988733e-12,3.5960870710143217e-12,3.7984481604285325e-12,3.5216966897042194e-12,2.1657671172149197e-09,9.427591276036167e-07,0
906,07:54:30,7.93438082632561e-11,5.516089577554325e-12,1.4925257745754099e-12,1.0572179368669001e-12,1.552505785263941e-12,5.494749857731355e-09,9.385471251901486e-07,0
907,07:55:00,2.2050772310411625e-10,1.5784731896072537e-11,5.582672152900139e-12,5.437165139989196e-12,5.7208038816107825e-12,1.2795907400453715e-08,9.082394028106178e-07,0
908,07:55:30,1.8781323990603355e-10,1.4977464315247258e-11,2.377261468763781e-12,9.503647840902617e-13,1.252304140108162e-12,1.04180544497122e-08,9.505544991523541e-07,0
909,07:56:00,8.396048948270015e-11,3.304333577747196e-12,2.2227338795057182e-12,1.023597302051774e-12,1.1708683786150268e-12,8.95321300207323e-09,9.545668940201635e-07,0
910,07:56:30,1.8593172795870987e-10,1.2206001153594293e-11,3.033021646773914e-12,8.769847352593418e-13,1.5537486650361097e-12,1.899297711719143e-08,9.204722111102591e-07,0
911,07:57:00,1.9404728611492293e-10,1.427100197873614e-11,6.0130248168227955e-12,3.4567530470497516e-12,3.4909919669563432e-12,1.1489365486134e-08,9.257557860324505e-07,0
912,07:57:30,2.00998235398432e-10,8.956490763139456e-12,2.824020831170081e-12,8.932208958891991e-13,1.3929936614828932e-12,1.0105533336785638e-08,9.061899719473396e-07,0
913,07:58:00,2.0694170770420938e-10,1.2616721874098098e-11,3.1348896230601395e-12,2.043061094293911e-12,1.5731118223054929e-12,2.1220398894161224e-08,9.30868638584593e-07,0
914,07:58:30,1.8581894770592072e-10,7.632422683454281e-12,2.51249415473905e-12,2.0498294222475036e-12,1.986522152790831e-12,1.607457844750087e-08,9.027306493742646e-07,0
915,07:59:00,1.3706240133221778e-10,1.106123204163356e-11,3.4395098603186376e-12,1.1710330468224386e-12,1.6105666391421261e-12,7.338798268662343e-09,8.885399223027149e-07,0
916,07:59:30,1.6594671570472575e-10,1.1492807396923999e-11,2.822759568450487e-12,2.2036895365645015e-12,2.7250658681596427e-12,2.118167346473899e-08,9.013774699682476e-07,0
917,08:00:00,8.37556361505188e-11,9.487678899434146e-12,1.5766462154408684e-12,9.462650268576864e-13,1.2785236304220255e-12,3.384674469335509e-09,9.236109637773494e-07,0
918,08:00:30,1.0025804813303614e-10,8.78623030711706e-12,3.502517310541694e-12,2.0712876843052306e-12,2.4409350181161265e-12,1.7508447676615524e-08,9.37245957572426e-07,0
919,08:01:00,2.2072935084931495e-10,1.6724116093380306e-11,4.46390621118519e-12,1.2272456889748913e-12,2.4327839462527518e-12,2.470016870294428e-08,8.957362464511951e-07,0
920,08:01:30,1.618286130715531e-10,1.2533610156934025e-11,4.413830549716508e-12,9.913515931088772e-13,1.5534893343564415e-12,1.9278614763613165e-08,9.301417158058555e-07,0
921,08:02:00,1.9382060784267025e-10,1.830792864603088e-11,3.1040734085877815e-12,1.1449730522052698e-12,2.2750832767762887e-12,1.526148899046613e-08,9.014948541230431e-07,0
922,08:02:30,2.819589944231996e-10,1.8337505416371535e-11,4.111674421651276e-12,1.289393190271238e-12,2.7366958240494877e-12,2.5322154630805096e-08,9.003480986903607e-07,0
923,08:03:00,2.2137038820500562e-10,1.576188144725305e-11,4.170343164891412e-12,1.4065333791991575e-12,2.8070992368971226e-12,3.621786597149855e-08,9.190416576315408e-07,0
924,08:03:30,2.1951257180562803e-10,2.280642144226246e-11,5.949246699626258e-12,1.3895219682669686e-12,2.8055157427110063e-12,3.234932025934125e-08,9.228955072252083e-07,0
925,08:04:00,2.728656330551091e-10,1.922410400750682e-11,3.1572950269757773e-12,9.272095499451712e-13,1.6042720055096765e-12,1.5743875484234087e-08,9.431185478694555e-07,0
926,08:04:30,2.4722440617252576e-10,3.069117208916854e-11,5.0246624672962964e-12,1.6862673434331352e-12,2.9423160288756167e-12,3.168223641813504e-08,8.927382577310469e-07,0
927,08:05:00,2.1859658018189807e-10,1.9998524217394196e-11,4.913335355829742e-12,1.0932962520356752e-12,2.2902607274519653e-12,2.097484894790284e-08,9.195049125002e-07,0
928,08:05:30,2.649679537399872e-10,1.7033594693755225e-11,5.1036265325160354e-12,2.3274517031515237e-12,3.279528333653081e-12,2.343416508302102e-08,8.907083503872388e-07,0
929,08:06:00,3.250950530841746e-10,1.5170749120828282e-11,3.8324092125463316e-12,1.3753690671808068e-12,2.476866580745385e-12,2.3971248406099537e-08,8.983581854534448e-07,0
930,08:06:30,2.6480395546855506e-10,2.5617630343333572e-11,7.0185745380567445e-12,1.6615202379633505e-12,3.2058213504047334e-12,2.416827845689642e-08,9.293068484174375e-07,0
931,08:07:00,1.9758979183350224e-10,7.9970339752416e-12,2.302038090552115e-12,1.0661273276710117e-12,1.6290898589644336e-12,1.199126034134343e-08,9.181666310830152e-07,0
932,08:07:30,1.672353397547959e-10,1.3244493824524372e-11,3.76912257489057e-12,1.1100105116701522e-12,1.915774909187399e-12,1.7442119814318348e-08,9.143749939183893e-07,0
933,08:08:00,3.3068217414986514e-10,1.9704679211718264e-11,5.326071907462942e-12,1.2593401173109297e-12,2.375053925473386e-12,2.787339578047209e-08,8.771238291991916e-07,0
934,08:08:30,1.808509717789955e-10,1.1313727243558039e-11,3.6187593568172585e-12,1.1886183136858214e-12,1.6372099883535737e-12,2.145374092551186e-08,9.162315263184951e-07,0
935,08:09:00,2.353698961425618e-10,1.8049978202538157e-11,4.2476333823360626e-12,1.2918169454778903e-12,1.927697837723146e-12,1.9651398859135162e-08,9.031444377211983e-07,0
936,08:09:30,1.6854179313325568e-10,1.3387051943844543e-11,3.089400342812432e-12,1.1783832809940712e-12,1.3936096947575494e-12,1.2720168898963892e-08,9.360656335327012e-07,0
937,08:10:00,1.447907337373835e-10,9.34919556001118e-12,2.7507037435614015e-12,1.6596444399333227e-12,1.6520175545223308e-12,1.2100398628908863e-08,9.327479072870375e-07,0
938,08:10:30,1.390884310197045e-10,1.6342006262705654e-11,2.4512571059691968e-12,1.150543413766025e-12,2.1190941852857247e-12,8.496518308438281e-09,9.072552104282324e-07,0
939,08:11:00,7.126796598582947e-11,6.5591986489308495e-12,1.96388446318013e-12,1.5192790323919642e-12,1.308351874594623e-12,1.0143845110317101e-08,9.050136345588384e-07,0
940,08:11:30,7.2964774491392e-12,1.900909235491984e-12,1.4731076772430628e-12,1.594003773494419e-12,1.5364526492705047e-12,2.776919082832517e-09,9.37257064682306e-07,0
941,08:12:00,8.11203194288559e-11,1.0316690720992925e-11,3.065978203300093e-12,2.6715344871094203e-12,1.980198647613701e-12,8.159841970066235e-09,9.439056652789288e-07,0
942,08:12:30,2.740518832286107e-11,4.724917896078703e-12,1.925856604392042e-12,1.7971251164125191e-12,1.8802507313125034e-12,5.528702415326269e-09,9.268576089928327e-07,0
943,08:13:00,1.5856622460232652e-11,2.7185027690919632e-12,1.7905479246391718e-12,2.078403462977885e-12,1.3316474647721937e-12,3.738102587714889e-09,9.328336220533428e-07,0
944,08:13:30,3.2073481327428826e-11,3.928259007523217e-12,2.2944615591117713e-12,2.066322533236118e-12,1.8706254595676208e-12,6.021763584719461e-09,9.628420633669848e-07,0
945,08:14:00,3.432504390717638e-11,4.143795290099725e-12,2.852413394408346e-12,3.27134125862859e-12,2.4373952339763812e-12,6.109187202897424e-09,9.79152450226066e-07,0
946,08:14:30,2.5352526815988684e-11,4.044941863781147e-12,3.2452826983864433e-12,3.222850128839664e-12,2.7154650005884428e-12,4.227497094324373e-09,9.656804597483855e-07,0
947,08:15:00,3.396876071747415e-11,4.465135376210472e-12,2.8834458887343007e-12,3.079944875153779e-12,2.4268023830921103e-12,2.867226347622397e-09,9.63225151884567e-07,0
948,08:15:30,3.197924395440621e-11,4.294393225799674e-12,3.740880943758657e-12,2.402105328299669e-12,2.908879933502833e-12,6.367194011616636e-09,9.377177971676417e-07,0
949,08:16:00,9.660270238096551e-12,2.986916181645479e-12,2.8534634990023283e-12,3.5644520759902893e-12,2.7628585194075427e-12,1.6785526073826332e-09,9.496038610477752e-07,0
950,08:16:30,5.1748381367378296e-11,7.466165363810303e-12,3.259552489900279e-12,3.0724695942196327e-12,2.372743853475395e-12,3.705691232342501e-09,9.253368452460045e-07,0
951,08:17:00,2.0554834073697335e-11,2.4455619080286544e-12,2.188849694592541e-12,2.3418708043972805e-12,1.9650409307283493e-12,2.1268580069799266e-09,9.374339253672534e-07,0
952,08:17:30,1.7247138780956627e-11,3.5456331706867244e-12,2.5592479169779613e-12,3.0198678793132147e-12,2.5880366393828703e-12,3.972206232428937e-09,9.520909856132948e-07,0
953,08:18:00,1.0967197649938092e-11,3.0765290597701964e-12,2.460759843180277e-12,2.7877986808674756e-12,2.231144731180594e-12,3.834454212138709e-09,9.742065406355696e-07,0
954,08:18:30,5.488129660165655e-11,7.75628862561604e-12,3.5556685363575605e-12,2.5906791496706278e-12,2.571199002453754e-12,6.845211443607098e-09,9.284899804594573e-07,0
955,08:19:00,1.9029437006498954e-11,5.4239431156197216e-12,4.1638835532944676e-12,3.931721082173197e-12,3.0840186390761967e-12,1.440752232393169e-09,9.713177258631164e-07,0
956,08:19:30,1.1534774545180204e-11,4.0240739148070456e-12,2.340363421491237e-12,2.9475096182989998e-12,2.1609594628725817e-12,1.4315645999481384e-09,9.615946428941245e-07,0
957,08:20:00,1.2411443886330894e-11,6.116664104672338e-12,3.680292339198528e-12,4.68307747281507e-12,2.903497236666168e-12,1.711334929872396e-09,9.70600503634478e-07,0
958,08:20:30,1.0788397781492827e-11,3.458939311613277e-12,2.688502793841511e-12,3.753611735700435e-12,2.814148274389972e-12,2.6211073773669007e-09,9.580310817669974e-07,0
959,08:21:00,1.3703638747345155e-11,4.874830087133923e-12,2.9818704297803393e-12,4.0304623934713275e-12,3.3677604159610974e-12,2.5085148064423965e-09,9.433696531950407e-07,0
960,08:21:30,1.9394495777505894e-11,3.7224869618443286e-12,3.2979535616901285e-12,2.972824755061985e-12,2.4893117158821656e-12,2.855456421805952e-09,9.441646703576117e-07,0
961,08:22:00,9.480683773435976e-12,3.2877642950547623e-12,2.5129943511897033e-12,3.1020761144370464e-12,2.1178231408001337e-12,2.8223573522353825e-09,9.33096020866629e-07,0
962,08:22:30,2.641641617169261e-11,5.09390595559497e-12,3.5694505278322537e-12,3.3384037157781294e-12,3.680694281139707e-12,2.231276058270706e-09,9.559150073625339e-07,0
