index,start_time,eeg_delta_power,eeg_theta_power,eeg_alpha_power,eeg_beta_power,eeg_spindle_power,eog_var,emg_rms,label
1,23:41:00,0.0,0.0,0.0,0.0,0.0,1.1754943508222875e-38,30.999991577691475,0
2,23:41:30,4.528755438885615e-09,1.5722501603751331e-09,1.0217841126805026e-09,1.381467483636665e-09,1.1801927288908283e-09,1.0294533695934766e-07,29.277282403819665,0
3,23:42:00,2.2434691853718717e-10,1.7924574092750594e-11,2.6265855523245115e-12,1.648778057909972e-12,1.5211479989374072e-12,2.4477154243354095e-08,1.0008032531144049,0
4,23:42:30,9.930922390020541e-11,1.0495683051250742e-11,6.080044795759788e-12,7.395100179633085e-12,8.895765191726382e-12,8.022937599704896e-08,1.0000383141545277,0
5,23:43:00,2.9309679562381365e-10,1.5336049943455122e-11,5.503084582183137e-12,5.236551610207326e-12,4.253385483611492e-12,6.528128256883447e-08,1.000013416728061,0
6,23:43:30,6.030534543069889e-11,3.3610214507146043e-12,5.917420343697112e-13,3.693763375018643e-13,6.311308598683348e-13,6.422181377758104e-09,1.0000067809165176,0
7,23:44:00,8.741649593238809e-11,3.00779452228433e-12,7.585033271937894e-13,7.394256533068983e-13,7.550017429493861e-13,1.1304464826296875e-08,1.000004066737846,0
8,23:44:30,5.193417130425356e-11,3.761191604923621e-12,6.700148656549365e-13,4.2531144642655154e-13,5.293309763749638e-13,1.1621446572169028e-09,1.0000026964986377,0
9,23:45:00,5.0539579646259336e-11,1.1805656717418436e-11,9.816272499331289e-12,1.1722687155033878e-11,1.2196411625164327e-11,7.507571566900359e-09,1.0000019104172961,0
10,23:45:30,8.427541009759554e-11,5.446098913099564e-12,6.424727481014703e-13,5.058645916196234e-13,8.101398555746825e-13,6.564963682848944e-09,1.0000014187120847,0
11,23:46:00,9.572994863932965e-11,9.489972456018244e-12,1.788456247578669e-12,5.273651031363074e-12,2.567867538243909e-12,1.0929024184716717e-08,1.0000010912641597,0
12,23:46:30,2.3012106497408858e-11,2.6107453043517157e-12,1.0980091197820118e-12,5.92016083964559e-13,6.327853687847559e-13,6.800425781665696e-09,1.0000008625896455,0
13,23:47:00,1.7468699918787435e-11,1.2265928121770602e-12,5.655833634470069e-13,5.582037501098346e-13,4.772547506579752e-13,3.6136502339587208e-09,1.0000006968210344,0
14,23:47:30,8.188150572741896e-12,1.290660911150403e-12,6.86628867577874e-13,7.193076366699378e-13,9.607394151914846e-13,7.669570005597075e-09,1.0000005729812638,0
15,23:48:00,1.801698978813181e-11,1.5989351574222685e-12,6.665537413891191e-13,6.752321770662126e-13,7.117110359579875e-13,8.570047546729309e-09,1.0000004781421692,0
16,23:48:30,6.1255702562322835e-12,1.1651515944549613e-12,6.387818104312321e-13,5.710035676927707e-13,5.10894272711408e-13,1.2236554390108957e-08,1.0000004039872032,0
17,23:49:00,6.740086752086242e-12,1.037744750605759e-12,6.632112745010756e-13,5.334166611164383e-13,5.523622915978432e-13,1.6760805994220123e-08,1.0000003449717134,0
18,23:49:30,9.098925269374028e-12,1.1888696231371032e-12,6.154961586984742e-13,5.896713353673908e-13,6.093060125097823e-13,1.7769978814243547e-08,1.0000002972853808,0
19,23:50:00,4.143939341571052e-12,1.0597214628965013e-12,5.635268160825008e-13,5.275864165768221e-13,6.352158473369496e-13,1.1286290770641273e-08,1.0000002582407561,0
20,23:50:30,4.439823777405546e-12,1.8392728578202945e-12,6.652094593329484e-13,6.578883929965813e-13,7.046851058587075e-13,1.9996322236905754e-08,1.0000002258990834,0
21,23:51:00,6.542885909612196e-12,2.2979079352832544e-12,1.1790308703481341e-12,7.444234764357351e-13,1.0466528947208956e-12,2.421105282489923e-08,1.0000001988337754,1
22,23:51:30,4.209641206688728e-12,1.3039665928668908e-12,8.013616480214097e-13,6.125321331878468e-13,7.356177895647453e-13,2.2445138045528293e-08,1.0000001759765933,1
23,23:52:00,7.225214486663963e-12,9.454285011162514e-13,3.75670322220906e-13,3.16358584237409e-13,3.8079284070182653e-13,3.6682281483252944e-09,1.0000001565150949,0
24,23:52:30,7.471189475658052e-12,1.1037583075648726e-12,4.34827931581971e-13,3.1749734215050804e-13,3.735182992957909e-13,2.8966160285227247e-09,1.0000001398226934,0
25,23:53:00,6.8169393274868e-12,1.32374186160115e-12,4.5274915772274145e-13,4.0430985200406176e-13,4.1075338172660484e-13,5.667563559037219e-09,1.0000001254100332,0
26,23:53:30,3.0396667186760683e-12,1.5434073663024805e-12,6.836794515925859e-13,5.145613913131136e-13,6.938125356710984e-13,2.7256130948285692e-08,1.0000001128905573,0
27,23:54:00,4.278491208501336e-12,1.105391854024663e-12,5.180281411549731e-13,4.854241141918639e-13,5.211272062888359e-13,1.4503432122082797e-08,1.0000001019557287,0
28,23:54:30,4.581417823415123e-12,1.2321695958608126e-12,4.876036135263706e-13,3.6805127791920703e-13,4.849623488193047e-13,4.940531696327378e-09,1.0000000923569359,1
29,23:55:00,9.846359630265402e-12,1.7965788659038074e-12,2.474316300477346e-12,8.220468554956082e-13,1.635512245464048e-12,9.871723380535876e-09,1.0000000838921197,1
30,23:55:30,1.6346718653449567e-11,2.457268168377911e-12,1.6561962015199312e-12,1.0006671212415477e-12,2.359929660837046e-12,2.8043722029312452e-08,1.000000076395721,1
31,23:56:00,9.030948339659039e-12,1.6438357779525957e-12,1.0536211159070367e-12,6.229409342029342e-13,1.2201656034007705e-12,3.537340425198199e-08,1.0000000697310882,1
32,23:56:30,2.3612425715992818e-11,2.883136632903174e-12,2.256780097734119e-12,9.323761250208042e-13,2.2535372162313424e-12,1.9581035374783445e-08,1.0000000637846558,1
33,23:57:00,5.257627426169757e-11,5.066615031728985e-12,2.3705287466498794e-12,9.254466182771586e-13,3.641297894388745e-12,3.705313509487231e-08,1.0000000584614337,2
34,23:57:30,1.6986731775578565e-10,6.4692531512878054e-12,3.053012546181569e-12,8.821893412251019e-13,1.870060826382512e-12,2.3840887400945525e-09,1.000000053681512,2
35,23:58:00,7.263953546525084e-11,4.878040513761676e-12,3.5669732205247052e-12,8.120142638549058e-13,2.076072987413352e-12,1.1028827191980928e-08,1.0000000493772776,2
36,23:58:30,1.2227219415953511e-10,5.545092111556042e-12,3.4940289355159802e-12,7.787101155910007e-13,1.5134118063177692e-12,2.3194077602165894e-08,1.0000000454912314,2
37,23:59:00,9.888510355027919e-11,9.131993575029433e-12,1.8379354954161055e-12,6.846929137721042e-13,1.3510001371677847e-12,2.1765456478120454e-09,1.000000041974246,2
38,23:59:30,1.0683839162994197e-10,1.045434776868736e-11,3.450302587297355e-12,1.625584080183125e-12,3.7036898591672395e-12,1.215081719602295e-09,1.0000000387841381,2
39,00:00:00,7.645041056396091e-11,7.704866295381429e-12,3.1604713519720847e-12,1.222042784496465e-12,2.8765866082091428e-12,4.106352356849896e-10,1.0000000358845484,2
40,00:00:30,1.1404911706314264e-10,1.384476699982041e-11,4.482610647443894e-12,9.29887965852165e-13,2.3974045593662433e-12,8.113344329571898e-10,1.0000000332440022,2
41,00:01:00,8.262699427364779e-11,1.0596597152653068e-11,2.9589268233822783e-12,1.2146386768479227e-12,3.313900757052153e-12,3.379602782206105e-09,1.0000000308351504,2
42,00:01:30,7.607718166256393e-11,8.946190055474929e-12,2.597913961849845e-12,1.0445081276430833e-12,3.558121132246552e-12,1.547162590699678e-09,1.0000000286341422,2
43,00:02:00,1.4993027016907883e-10,9.489700206783271e-12,4.32080029561895e-12,1.665609010757615e-12,4.1168656490924515e-12,6.031325464701286e-10,1.0000000266201121,3
44,00:02:30,9.970148941075264e-11,9.310966817083183e-12,3.975531228231431e-12,1.2341108288266508e-12,1.872320371514196e-12,6.766825716265457e-10,1.000000024774745,3
45,00:03:00,8.551726131293824e-11,8.253366178420407e-12,3.847174070039459e-12,8.513926401553435e-13,1.9489375273738074e-12,4.093963572458842e-09,1.0000000230819084,2
46,00:03:30,1.0897880330319973e-10,1.3876279670489719e-11,3.3527248577439076e-12,9.996825364322331e-13,2.311238556012301e-12,1.8369178648579034e-09,1.000000021527361,2
47,00:04:00,1.4561911751388992e-10,1.136865234771603e-11,3.4727245457166976e-12,1.3484407287456518e-12,3.6220871521147385e-12,1.5464106299471539e-09,1.0000000200984986,3
48,00:04:30,1.4310292615183047e-10,1.2695283474070478e-11,2.6220974242426564e-12,9.266428674158338e-13,1.8401007248501695e-12,9.861541960930203e-10,1.0000000187841265,3
49,00:05:00,2.1400125298050685e-10,1.115653270057611e-11,4.214364047812927e-12,1.8251756339430256e-12,4.1179343163901655e-12,2.307118934356131e-09,1.0000000175742767,3
50,00:05:30,8.261163318850998e-11,7.894893844004208e-12,3.1538269361738125e-12,8.785755769932381e-13,2.3062611012930357e-12,2.83273057251673e-09,1.0000000164600742,3
51,00:06:00,1.8122442531447717e-10,1.0466657849533918e-11,5.937358719899322e-12,1.0437891349375825e-12,2.8981765857668697e-12,1.901484919787819e-09,1.0000000154335722,3
52,00:06:30,1.2585061826403354e-10,1.4405625517271651e-11,4.957689683044101e-12,1.7466085959398704e-12,5.1355432184225106e-12,6.627396061594598e-10,1.0000000144876557,3
53,00:07:00,1.491050161682204e-10,1.3106408478513564e-11,3.53790929852864e-12,1.1924367369122616e-12,4.063705216609414e-12,8.754078371249104e-10,1.0000000136159397,3
54,00:07:30,1.726965526153789e-10,1.8309634771435093e-11,4.367147993285693e-12,1.2449490709280899e-12,3.2617650251379127e-12,4.3411883044137453e-10,1.0000000128126862,3
55,00:08:00,1.955669814582895e-10,1.331814751681787e-11,4.173385204008997e-12,6.624962016927179e-13,1.7018495415282197e-12,1.391298611855561e-09,1.0000000120727235,3
56,00:08:30,1.6866077734721e-10,1.0106358823465478e-11,4.7081227517900765e-12,7.828063038335114e-13,2.885658774916486e-12,9.600420371198292e-10,1.0000000113913805,3
57,00:09:00,1.4154568784388802e-10,1.283542016156846e-11,5.9546868479133866e-12,8.915043264447134e-13,3.3553856717378737e-12,1.1850326130823523e-09,1.0000000107644464,3
58,00:09:30,1.8352033775599457e-10,1.510555909616701e-11,5.6805536914106395e-12,6.59645155626492e-13,2.095894199281162e-12,3.8050051166216136e-10,1.0000000101881061,3
59,00:10:00,1.4150812795237775e-10,2.2944245568549868e-11,4.878721344605776e-12,1.24806921489126e-12,3.320457131714218e-12,2.6688840591161136e-09,1.0000000096589021,3
60,00:10:30,2.6508668001039146e-10,1.8885707091635743e-11,4.8330715973753166e-12,8.0419329683178e-13,2.882061975156431e-12,1.1683807799108895e-09,1.0000000091736987,3
61,00:11:00,2.7002581249762393e-10,1.2953469261786991e-11,4.633532911839145e-12,2.021488180534568e-12,5.046355048251654e-12,3.329764851946025e-10,1.0000000087296494,3
62,00:11:30,2.0611907706526133e-10,1.5979437939087122e-11,5.539133053229713e-12,1.4973710318168309e-12,4.623079702434388e-12,8.427619757416066e-10,1.0000000083241694,3
63,00:12:00,2.864432346819096e-10,1.1097115366148963e-11,4.215659563179254e-12,1.1928836884947069e-12,3.6131241396374955e-12,3.32984303283191e-10,1.0000000079548998,3
64,00:12:30,1.6592371597685544e-10,1.7443582695864436e-11,4.608117179324865e-12,1.4108419846475115e-12,4.266759983805142e-12,3.0026844309447283e-09,1.0000000076197049,3
65,00:13:00,1.8662793659543555e-10,1.5060186638717147e-11,3.663012308380906e-12,5.492885657761854e-13,1.948923893228216e-12,7.62584467251742e-10,1.000000007316629,3
66,00:13:30,2.591750518640159e-10,1.7714814894356677e-11,8.785515330466423e-12,1.3207682462401867e-12,5.8545901575402655e-12,5.5515515749546e-10,1.0000000070438897,3
67,00:14:00,6.142566078383378e-11,5.006252339110148e-12,4.615126324971395e-12,1.1600749781676403e-12,2.0120766572263933e-12,4.8215432339278824e-09,1.0000000067998693,0
68,00:14:30,1.1811057404252892e-10,7.671228743336252e-12,3.1799490114480155e-12,8.387304828943939e-13,1.5682687154215314e-12,8.62585067952132e-09,1.0000000065830923,2
69,00:15:00,1.5878890564715598e-10,1.456853072628489e-11,3.6095949648713505e-12,1.574710589665981e-12,3.4629029593217005e-12,2.735179867054163e-09,1.0000000063922123,3
70,00:15:30,8.443074470404117e-11,1.3356442017347437e-11,4.133318140345139e-12,1.676591566024372e-12,5.773692057826891e-12,1.43634624726133e-09,1.000000006226003,2
71,00:16:00,1.3367112227207814e-10,1.924898883773836e-11,3.6919084119616654e-12,7.383501522912424e-13,2.5255932017031424e-12,2.3117785852585108e-09,1.0000000060833427,3
72,00:16:30,2.9726576660662763e-10,1.4595037599389468e-11,5.066948832008987e-12,1.1823460195257175e-12,3.354885726783052e-12,2.863507900787089e-09,1.0000000059632221,3
73,00:17:00,1.4784367085994075e-10,1.254584027936123e-11,3.4367495033554064e-12,1.3699250612714574e-12,3.957395130329348e-12,2.1485185608554017e-09,1.0000000058647145,3
74,00:17:30,2.1935839616734152e-10,2.098476087700432e-11,4.165892518837115e-12,7.683473514922633e-13,2.8457825038184586e-12,6.290470808062581e-10,1.0000000057869858,3
75,00:18:00,1.878701838681199e-10,1.7826576190557532e-11,3.1818413526366944e-12,9.719729968156168e-13,3.1633266565213596e-12,1.4931559854826936e-09,1.000000005729278,3
76,00:18:30,3.6790069442123474e-10,1.56332409055062e-11,4.634531334892782e-12,9.417039895491725e-13,3.766924212912994e-12,8.854078958053954e-10,1.000000005690909,3
77,00:19:00,9.378553161678735e-12,1.2896720218609621e-12,1.1688624885091645e-12,5.78135499024059e-13,8.349858976498205e-13,3.5265325324516402e-09,1.0000000056712632,0
78,00:19:30,1.45339795766714e-10,1.0093887959466305e-11,8.521367030936318e-13,1.009456562706887e-12,1.2629168256481954e-12,8.472213912506667e-09,1.0000000056697897,0
79,00:20:00,4.122346481602696e-11,1.9348807180189995e-12,4.593147712505705e-13,3.2163423327442987e-13,5.544879858770626e-13,5.113898972837786e-09,1.0000000056859975,0
80,00:20:30,2.8251269278557645e-11,1.7729200396056445e-12,6.445093206518027e-13,3.3274639723534415e-13,4.1891457109053586e-13,4.2318919206357125e-09,1.0000000057194516,0
81,00:21:00,4.128507775907474e-11,1.4029531157415065e-12,6.945095624253759e-13,3.2509035644838894e-13,6.245425294507863e-13,1.4165793154181102e-08,1.0000000057697698,0
82,00:21:30,6.089255404368226e-12,1.0201430597418518e-12,6.905605111151844e-13,2.50956086274886e-13,5.216742980972887e-13,4.348290338909383e-09,1.0000000058366219,0
83,00:22:00,6.707249722630598e-12,9.74509264249416e-13,5.154866047990733e-13,2.2252707234597926e-13,3.2707312229462914e-13,1.1802470128605902e-09,1.0000000059197254,0
84,00:22:30,4.5152799831157155e-12,8.770487572972419e-13,5.265927974833481e-13,2.1869325212306472e-13,3.062221095411043e-13,4.458916279769461e-09,1.0000000060188379,0
85,00:23:00,3.1713462286368806e-12,7.866839260170569e-13,3.8986055801784757e-13,2.893848156112672e-13,9.879047620416335e-13,4.0014837658202445e-09,1.0000000061337675,0
86,00:23:30,5.1589195698344685e-12,1.1769987884616625e-12,4.1631876321825564e-13,1.9797673908759758e-13,2.2572673522418968e-13,4.474126611317222e-09,1.0000000062643584,0
87,00:24:00,4.448589260338836e-12,9.661556991393282e-13,4.596196687390765e-13,3.4630428242560934e-13,3.516305537979918e-13,1.1025584869173942e-08,1.0000000064104964,0
88,00:24:30,7.548267208973894e-12,1.7567546755301822e-12,1.0941547476498283e-12,6.258353713311165e-13,1.1921487802777922e-12,3.3270709081442917e-08,1.0000000065721077,1
89,00:25:00,1.412123998945818e-10,3.6124612065246573e-12,1.1450443015015564e-12,9.594002168420094e-13,1.2177351413255088e-12,1.3350780689026554e-08,1.0000000067491515,0
90,00:25:30,1.4121504165484102e-11,2.000293483544081e-12,5.661741231974125e-13,2.5906678251003244e-13,3.054333590366889e-13,8.720015822941325e-10,1.0000000069416277,0
91,00:26:00,5.8851811464011735e-12,1.099329159058809e-12,4.038964878957446e-13,2.1830773919262968e-13,2.575833213816533e-13,1.7730297394449723e-09,1.0000000071495716,0
92,00:26:30,5.241910604036197e-12,1.3921444208763442e-12,4.1346203657542503e-13,2.257357916368399e-13,3.337901884296069e-13,4.568715597092993e-09,1.0000000073730497,0
93,00:27:00,4.6078166693682246e-12,9.684550958052376e-13,5.203505117072129e-13,2.156133111042922e-13,3.0360906882725265e-13,2.0234122722965712e-08,1.0000000076121722,0
94,00:27:30,4.136800490717645e-12,8.645958220053966e-13,4.481829431450268e-13,3.3149402204475927e-13,4.569488960612659e-13,1.6206545723481924e-08,1.0000000078670763,0
95,00:28:00,1.3912701910275219e-11,2.6253149211674192e-12,1.612722430615793e-12,4.754735444511592e-13,7.570726840242673e-13,4.537028008562164e-08,1.0000000081379374,1
96,00:28:30,4.6528957366251116e-12,1.5079885828283726e-12,8.066725278629823e-13,5.857256795340877e-13,5.314339200348213e-13,1.553528588494879e-08,1.0000000084249632,1
97,00:29:00,8.06310956973919e-12,1.681381012556228e-12,8.479232623614794e-13,4.739296660367168e-13,7.067685839727573e-13,8.121561003869077e-09,1.0000000087283987,1
98,00:29:30,2.3664904735591207e-11,2.423384234712124e-12,6.324435682888445e-13,3.6106224681448224e-13,4.684526712626186e-13,8.16763262384454e-09,1.0000000090485237,1
99,00:30:00,9.952628781639908e-12,1.4508151701754577e-12,8.398695871729537e-13,5.772339660366665e-13,7.299485112577281e-13,3.178975222667757e-08,1.0000000093856578,1
100,00:30:30,1.723023715491414e-11,4.711097043071736e-12,1.1655786068403498e-12,4.968147975673417e-13,1.0785109363917615e-12,4.3489429615587786e-08,1.0000000097401518,1
101,00:31:00,5.870160310583812e-11,4.054006520978871e-12,2.4634527211717737e-12,6.967096417785928e-13,1.6800674773043047e-12,2.0425200094236012e-08,1.0000000101123943,2
102,00:31:30,8.903097171337462e-11,9.818165155255513e-12,3.381936612334143e-12,1.0002835481067157e-12,3.0206277904154624e-12,8.462097769206774e-09,1.0000000105028202,2
103,00:32:00,1.5460610864665134e-10,9.00255167974169e-12,3.268885958330431e-12,1.2597363127365643e-12,2.4162122545236678e-12,7.898803425758525e-09,1.0000000109118938,3
104,00:32:30,7.338165697755013e-11,9.714096159788942e-12,2.309049623080135e-12,5.988226188752533e-13,1.5016525333397939e-12,1.4340678075099315e-09,1.0000000113401302,2
105,00:33:00,9.182204252855098e-11,9.442953724465645e-12,3.0804189285611625e-12,5.891045787777466e-13,1.7097151301790407e-12,5.483056587767642e-09,1.0000000117880796,2
106,00:33:30,1.0293236319286393e-10,1.3945444334094014e-11,2.3650057667250518e-12,1.6630954841581753e-12,3.6186326837452425e-12,3.5353704612698566e-09,1.0000000122563417,2
107,00:34:00,1.8650765934522226e-10,1.2117510836488685e-11,2.229245095971842e-12,1.459463469763732e-12,3.5491016369243154e-12,6.462418097607061e-10,1.0000000127455597,2
108,00:34:30,1.464458913802557e-10,1.2775819693385622e-11,4.1705811940287e-12,1.7792192091558513e-12,4.7792288931261624e-12,2.712156820142737e-09,1.0000000132564317,2
109,00:35:00,1.0199854039644378e-10,1.074241210919946e-11,2.817286842837467e-12,1.33247253046225e-12,2.834995252883993e-12,2.445152744516654e-09,1.000000013789698,2
110,00:35:30,1.0717113613494211e-10,1.9465092375263276e-11,5.376963180580041e-12,1.7504949544271227e-12,7.047653998710993e-12,1.8969978024176948e-09,1.0000000143461554,2
111,00:36:00,1.1142843314300513e-10,1.059593693812108e-11,2.692351722789352e-12,9.71252380555834e-13,2.6641389863648237e-12,1.6466779368816233e-09,1.0000000149266641,3
112,00:36:30,4.194726293866869e-12,9.425063889202412e-13,1.5790944792768247e-12,6.964247229832805e-13,1.3069169236218182e-12,2.176910194577074e-09,1.0000000155321394,0
113,00:37:00,2.7911597315693398e-11,2.0903664910060924e-12,1.0980850668277227e-12,4.557069005222726e-13,9.037886447230267e-13,5.946130801930974e-09,1.0000000161635556,1
114,00:37:30,3.901775702081782e-11,4.658751363032162e-12,1.7408297458769483e-12,9.501145779028551e-13,1.8909801597150176e-12,8.311808755671593e-09,1.0000000168219572,2
115,00:38:00,9.161867415563991e-11,8.373854915476294e-12,3.049644386111968e-12,9.203061985105038e-13,2.0418820450020303e-12,4.540763649219624e-09,1.000000017508461,2
116,00:38:30,1.1428295498460702e-10,6.605586174201116e-12,2.6938081058738555e-12,1.3288616038171913e-12,2.362185182772695e-12,5.351734938527385e-09,1.0000000182242605,2
117,00:39:00,1.8740007842293957e-10,1.2061149074997719e-11,4.394826490633294e-12,1.6753331693977655e-12,4.124530757726539e-12,6.971310062247549e-10,1.000000018970625,3
118,00:39:30,8.062089560838632e-11,8.926016826236207e-12,3.3093709963825007e-12,1.3939770819410771e-12,4.397451279537139e-12,5.490163118298714e-10,1.000000019748911,2
119,00:40:00,1.193852974425816e-10,1.2529410941732808e-11,4.958406136841249e-12,1.3625452055169214e-12,3.4412551199867445e-12,6.900347684430239e-09,1.0000000205605706,3
120,00:40:30,8.603866679224698e-11,7.269750672797232e-12,2.4070270312628772e-12,6.32778691984852e-13,1.9214694171906524e-12,4.391270670764405e-10,1.0000000214071474,3
121,00:41:00,9.932906020311321e-11,8.839844888886225e-12,2.5206449131990573e-12,1.2164971438262439e-12,3.4820963407312504e-12,3.2599382245384285e-10,1.0000000222902976,3
122,00:41:30,1.2530635933458999e-10,1.1178270407434042e-11,2.999053868030114e-12,9.590943170842592e-13,2.228090939232505e-12,7.981565698695366e-10,1.0000000232117834,3
123,00:42:00,9.625529096746276e-11,1.2996483325222895e-11,4.956916405037583e-12,2.1535748727366396e-12,3.755094336655929e-12,9.51349111275111e-10,1.00000002417349,3
124,00:42:30,1.5467474377143174e-10,1.0122167721219351e-11,3.5895882866302172e-12,1.2357174379823738e-12,4.344215298034392e-12,5.49559116287393e-10,1.0000000251774281,3
125,00:43:00,1.1040963482218706e-10,1.1454387993793513e-11,2.7423869427076333e-12,1.2158004006241322e-12,3.2187243708409883e-12,7.280339397046801e-10,1.000000026225758,3
126,00:43:30,3.0106184035565997e-10,1.3736201409246167e-11,3.8337156464987245e-12,1.1837831249184607e-12,4.4735259088001975e-12,3.207625245662125e-10,1.0000000273207823,3
127,00:44:00,1.3164349360527682e-10,9.689751234988243e-12,5.181600229299963e-12,9.859131013753323e-13,2.64718587873195e-12,3.1949333896576563e-10,1.0000000284649657,3
128,00:44:30,9.464976171971557e-11,1.2245934391293076e-11,3.693904548753762e-12,8.33404733975783e-13,2.0901319348725145e-12,1.8980561143334893e-10,1.0000000296609521,3
129,00:45:00,1.361616238576897e-10,1.482016060296e-11,3.737552431019178e-12,1.32920897783553e-12,3.965764294794256e-12,4.91746447905371e-10,1.0000000309115762,3
130,00:45:30,2.353134309289822e-10,1.4925744814020178e-11,3.3378725804793713e-12,1.0618423449695996e-12,3.4799886346724927e-12,6.276115899867157e-10,1.0000000322198743,3
131,00:46:00,2.0998715735017287e-10,1.1513613238185083e-11,3.94257980889797e-12,7.427384897000281e-13,2.111837676711855e-12,2.7150893348911267e-10,1.0000000335891042,3
132,00:46:30,1.2797834890094293e-10,1.276235646017431e-11,2.711123896165173e-12,6.175716708174094e-13,1.3685851235428569e-12,4.13494654951091e-10,1.0000000350227685,3
133,00:47:00,1.9322674925302265e-10,2.7888826463007596e-11,6.0108072144060236e-12,2.7509593807741434e-12,1.1078650799175894e-11,2.623930945192579e-10,1.0000000365246324,3
134,00:47:30,1.7733955496237899e-10,1.6294257337382665e-11,3.2140863140534904e-12,5.454887853939351e-13,1.9384637193173224e-12,3.4326138172184997e-10,1.0000000380987493,3
135,00:48:00,4.1378780318918135e-10,1.290218176741157e-11,4.192378929465308e-12,1.0447641212365338e-12,3.364421458572427e-12,1.2063736089320623e-09,1.0000000397494775,3
136,00:48:30,2.061764747970247e-10,1.860746292958456e-11,2.7742635565276885e-12,5.826483258861382e-13,1.896500321274172e-12,6.736361832947209e-10,1.0000000414815204,3
137,00:49:00,4.592159748772097e-10,1.359971186478903e-11,3.00666221964651e-12,8.447464270182685e-13,3.352340244209666e-12,3.565187526865649e-10,1.000000043299956,3
138,00:49:30,1.2838164192095367e-10,1.3292774704978966e-11,3.3295277065567575e-12,6.478457181270149e-13,2.124435673809666e-12,2.3330255681603845e-10,1.000000045210263,3
139,00:50:00,2.1088881481141903e-10,1.2687656808378808e-11,2.3454311198688624e-12,6.389875174300607e-13,2.4112105317726484e-12,3.237803691452584e-10,1.0000000472183677,3
140,00:50:30,2.1429497846459916e-10,1.782963142738359e-11,3.2319034362485314e-12,1.3592086496217836e-12,6.549714829429502e-12,2.9264793291247533e-10,1.000000049330687,3
141,00:51:00,2.3631300201184186e-10,1.647401205886915e-11,3.053072926185063e-12,7.21540182711273e-13,2.7800492290641557e-12,6.433675775729653e-10,1.0000000515541723,3
142,00:51:30,3.6520842044304674e-10,1.883724003536514e-11,3.640976184126227e-12,6.473300104158062e-13,1.7494528227534366e-12,3.9453272398474366e-10,1.0000000538963687,3
143,00:52:00,1.7134578385290136e-10,1.2185303865178786e-11,3.5055841033046597e-12,5.610591751787415e-13,2.181362047004261e-12,3.516440036262081e-10,1.0000000563654736,3
144,00:52:30,2.6544772422302036e-10,1.3952105193018269e-11,4.179761881474972e-12,1.096715367908323e-12,3.6071127421101647e-12,7.084783815411029e-10,1.0000000589704037,3
145,00:53:00,2.720240988133629e-10,2.608218522447784e-11,4.3366120418616636e-12,7.507588908765704e-13,2.8476356596772293e-12,5.399934178900867e-10,1.0000000617208733,3
146,00:53:30,3.9679762546888157e-10,2.3851680434039285e-11,4.6272926293933716e-12,8.552327294903269e-13,4.2530763472504914e-12,4.825543129487797e-10,1.0000000646274816,3
147,00:54:00,2.991714403034518e-10,1.4141167724798682e-11,3.987287180774439e-12,7.407235756863441e-13,3.3484683268890657e-12,5.498477769870628e-10,1.0000000677017995,3
148,00:54:30,2.443723334987458e-10,2.0877731568620705e-11,4.719653683083011e-12,4.888994926131272e-13,2.4173405518276243e-12,4.226302021735706e-10,1.0000000709564991,3
149,00:55:00,4.0484773775955176e-10,2.1554700740546392e-11,3.8828233064281e-12,6.347592533216325e-13,2.4233516357301634e-12,6.853861348013543e-10,1.000000074405459,3
150,00:55:30,4.6316194993334815e-10,1.4424825634525642e-11,3.4262092172928244e-12,4.3257530159216756e-13,1.4906546770683488e-12,7.414340275704166e-10,1.0000000780639093,3
151,00:56:00,4.03768571239567e-10,2.3286332367416177e-11,3.3916109204357265e-12,4.410018060784267e-13,1.5242196546171418e-12,5.041582759850815e-10,1.0000000819486052,3
152,00:56:30,3.897506156900411e-10,1.6725863852087634e-11,3.8895917729724115e-12,5.056640048659162e-13,1.435204980232929e-12,4.935399411143752e-10,1.0000000860779992,3
153,00:57:00,3.2472241811685744e-10,1.888777477688594e-11,2.6508080724135195e-12,8.13103455927726e-13,2.5886335792208705e-12,3.6481315757607777e-10,1.0000000904724453,3
154,00:57:30,4.82157107040311e-10,2.2799417648744333e-11,5.3136714428624115e-12,7.656335976078658e-13,3.3536058995297873e-12,5.37624753215494e-10,1.000000095154462,3
155,00:58:00,3.4599890916554216e-10,2.1042985624201593e-11,4.123578900320014e-12,9.277947025115468e-13,4.7318104697879544e-12,4.988621839626949e-10,1.0000001001489829,3
156,00:58:30,5.082610712669347e-10,1.6266797497313752e-11,3.3418695596737116e-12,5.687511240477515e-13,2.3367502646258488e-12,1.0639854761067612e-09,1.0000001054836931,3
157,00:59:00,4.53998845943454e-10,1.5093112965223172e-11,3.1593584176194865e-12,4.590273730372489e-13,1.914689788462147e-12,4.2790702139351513e-10,1.0000001111893952,3
158,00:59:30,6.411300400867911e-10,2.0216134815252377e-11,3.992717085770615e-12,4.909314819024822e-13,2.114114405986213e-12,4.877448457902744e-10,1.0000001173004338,3
159,01:00:00,3.7951463399133196e-10,2.0575740858879542e-11,3.660193504602824e-12,5.930259325116676e-13,1.957566383076472e-12,6.302399505244897e-10,1.0000001238552017,3
160,01:00:30,4.4325388639943205e-10,1.810081003523816e-11,4.421533268660574e-12,5.089215738246656e-13,1.8805077679542056e-12,7.155773935036842e-10,1.0000001308967164,3
161,01:01:00,4.681028185169212e-10,2.055992342074335e-11,3.6033197729629517e-12,4.94155276848374e-13,1.884628698425787e-12,7.45117369148265e-10,1.0000001384733075,3
162,01:01:30,4.928330703577494e-10,1.7265790854816046e-11,4.272515745914405e-12,6.319204537886879e-13,1.9009526821011305e-12,7.297221136856791e-10,1.000000146639423,3
163,01:02:00,6.831407798716285e-10,2.6452445313078555e-11,3.5520094812770597e-12,7.108804308197827e-13,3.2690685279921824e-12,7.895516128752346e-10,1.0000001554565834,3
164,01:02:30,4.5727325756648474e-10,2.1007108404581862e-11,4.144938498648008e-12,4.516756502305079e-13,1.7724325234808503e-12,6.886837855041012e-10,1.0000001649944934,3
165,01:03:00,3.4732383159773983e-10,1.3749034971365579e-11,2.682181257496087e-12,4.2079589566409416e-13,1.215327562060068e-12,6.793930644115118e-10,1.000000175332402,3
166,01:03:30,2.989090155547519e-10,2.5963147456940096e-11,3.4149231226712733e-12,9.803135808672673e-13,3.8639442625738915e-12,3.928156824688146e-10,1.0000001865607022,3
167,01:04:00,2.727189580427021e-10,2.279395907774616e-11,5.219385315503401e-12,8.216295009978173e-13,2.9108593778192816e-12,4.859731549261788e-10,1.000000198782864,3
168,01:04:30,6.219227412686658e-10,1.835408874265624e-11,3.2665403171978323e-12,5.566273414300503e-13,1.9535839566552776e-12,5.427138312910121e-10,1.0000002121177718,3
169,01:05:00,5.076572409772802e-10,1.9298813973104068e-11,4.410190429220832e-12,6.900213684041307e-13,2.9021535646025353e-12,6.891836299151235e-10,1.0000002267025647,3
170,01:05:30,5.089739048560243e-10,1.929621376714152e-11,5.35661244157048e-12,5.293682618533583e-13,1.7631763364740556e-12,6.194452930238713e-10,1.000000242696098,3
171,01:06:00,5.428842659770988e-10,1.6409674675824798e-11,3.2964561888620156e-12,6.295182629068573e-13,2.487255265540719e-12,4.4800389379109387e-10,1.0000002602832072,3
172,01:06:30,3.5938901530935877e-10,1.768289198841882e-11,5.5537196827381475e-12,3.972324060186495e-13,1.4963197399126004e-12,4.5430976842411584e-10,1.0000002796799845,3
173,01:07:00,2.8293051577799676e-10,2.5029851141878378e-11,4.981333305607953e-12,6.050989329692827e-13,2.7741769489579952e-12,7.685051600060533e-10,1.0000003011403407,3
174,01:07:30,3.5553917136873883e-10,1.9742209058124815e-11,3.646631865373837e-12,6.547047503291731e-13,2.792870591667416e-12,7.682099903850067e-10,1.0000003249642457,3
175,01:08:00,5.377363836543778e-10,1.8553829138684032e-11,5.261040144411723e-12,8.124315160361056e-13,2.591682028976454e-12,5.197450563395808e-10,1.0000003515081486,3
176,01:08:30,5.401635089584068e-10,2.125682661565163e-11,4.27474659219177e-12,6.572852762596394e-13,3.001811801121722e-12,5.708502056177237e-10,1.000000381198251,3
177,01:09:00,4.655213372640513e-10,1.931370977212211e-11,3.2510346741469583e-12,3.8791995006281544e-13,1.4194436983249604e-12,5.689827085003607e-10,1.0000004145476162,3
178,01:09:30,5.444552270397624e-10,2.5433186996568145e-11,4.634679358850683e-12,8.051794028044553e-13,3.3454690373275802e-12,8.315427743572271e-10,1.0000004521783497,3
179,01:10:00,4.5627877628048755e-10,1.64684182303172e-11,3.342084094021638e-12,5.175632881968998e-13,2.230534291166232e-12,5.567731051159475e-10,1.0000004948507457,3
180,01:10:30,3.9135635699638777e-10,2.97026087850818e-11,7.739249088476715e-12,9.223455255412478e-13,3.895829112937651e-12,8.901911763484603e-10,1.0000005435019943,3
181,01:11:00,3.9422826455512993e-10,1.870680836377897e-11,4.446086752499311e-12,5.445149469085999e-13,1.5797304220162489e-12,7.849753124343697e-10,1.0000005992982157,3
182,01:11:30,6.130319322944596e-10,2.3770501760379265e-11,2.8412316512558077e-12,6.245301328554804e-13,1.6858617478691424e-12,3.2421490137902456e-10,1.0000006637053698,3
183,01:12:00,5.624963791981799e-10,2.6397520961045378e-11,4.29643685567848e-12,5.330383027609487e-13,2.2250803280291647e-12,5.891563823937695e-10,1.0000007385873932,3
184,01:12:30,5.890087517328998e-10,1.7475415366273252e-11,4.160242608348936e-12,4.642865902565023e-13,2.026414750207497e-12,4.002899449341955e-10,1.0000008263442492,3
185,01:13:00,4.367217593266215e-10,1.7346873736671313e-11,4.481005549579759e-12,6.31005015947492e-13,2.4877788145931113e-12,6.875630668364874e-10,1.0000009301097514,3
186,01:13:30,6.049381652983963e-10,2.6220539280191014e-11,3.2586309789805324e-12,4.2786512150971503e-13,1.7541459770934898e-12,9.323904362373953e-10,1.000001054041009,3
187,01:14:00,7.035905763810803e-10,1.9378957047266503e-11,5.444789690200083e-12,4.4235291933316026e-13,1.7517475274148793e-12,5.981125328591622e-10,1.0000012037518484,3
188,01:14:30,5.205936980227912e-10,1.7047647712512985e-11,3.1522521652200345e-12,3.055376939072945e-13,8.094025186264512e-13,6.829808027593941e-10,1.0000013869793745,3
189,01:15:00,4.31930537436537e-10,1.991036664675016e-11,4.278706434177314e-12,7.943896086398076e-13,3.86811936541238e-12,6.622968231737797e-10,1.000001614640687,3
190,01:15:30,3.870523425112532e-10,1.7238881449570695e-11,4.176095162606707e-12,3.7963033200542876e-13,1.5159040367437509e-12,5.227760082686802e-10,1.0000019025683407,3
191,01:16:00,4.3790718614608507e-10,1.790565434832639e-11,3.807394610131544e-12,3.0556640825068497e-13,1.092030119016218e-12,6.910535531184637e-10,1.000002274481209,3
192,01:16:30,5.153449893732011e-10,1.660838414394883e-11,3.2435688856019075e-12,6.349388982205241e-13,2.452361774924588e-12,3.8202293019501007e-10,1.000002767327905,3
193,01:17:00,4.1232756938071716e-10,1.752120354533136e-11,4.563557854497585e-12,3.9171270960337844e-13,1.4885823766702118e-12,4.711012575436605e-10,1.000003441491848,3
194,01:17:30,4.86883739346673e-10,2.3638869833497398e-11,5.333644459666706e-12,6.93529002056944e-13,3.538571937735892e-12,5.987350277850606e-10,1.0000044017883558,3
195,01:18:00,4.5100313798531613e-10,2.2502309229920565e-11,4.813233144421272e-12,5.291342391183279e-13,1.8320250947870922e-12,6.949558998494236e-10,1.0000058449779639,3
196,01:18:30,6.885488157450482e-10,2.0123575672661768e-11,3.656185174702074e-12,4.725201629773205e-13,1.2443834318277913e-12,7.242889936173477e-10,1.0000081817487736,3
197,01:19:00,3.676444172220735e-10,2.037260427812189e-11,3.3793218565257725e-12,3.798719937809531e-13,1.0316106805218301e-12,7.490284635114068e-10,1.0000124105318737,3
198,01:19:30,3.090603231431642e-10,1.0920439700984262e-11,5.210808882695318e-12,8.875694017751622e-13,2.0220452434670543e-12,9.898259066100487e-10,1.0000216199255199,1
199,01:20:00,1.5585259264084707e-10,7.627950356055689e-12,2.4737478154094046e-12,1.2941836455597483e-12,1.350091768018381e-12,1.045262247184118e-08,1.0000508934663246,1
200,01:20:30,9.455353024721415e-11,8.579192493027582e-12,2.7924200062295343e-12,3.2824571231883703e-12,2.3863321164219856e-12,3.294018884175932e-08,1.000510835711017,0
201,01:21:00,1.0508415575916626e-12,3.51126935237817e-13,1.8100910619380992e-13,2.4617314375236567e-13,3.3336817093965863e-13,3.664090366233253e-09,28.27082792097832,0
202,01:21:30,0.0,0.0,0.0,0.0,0.0,0.0,30.999987450627994,0
203,01:22:00,0.0,0.0,0.0,0.0,0.0,0.0,30.999993533264533,0
204,01:22:30,0.0,0.0,0.0,0.0,0.0,0.0,30.999989467407683,0
205,01:23:00,0.0,0.0,0.0,0.0,0.0,4.629890640641086e-09,30.560663289892876,0
206,01:23:30,1.4024321659856376e-10,1.485956458311094e-11,2.6297765002149172e-12,1.8363525136779555e-12,1.8325525367606166e-12,7.58574934299708e-08,1.0031779572165433,0
207,01:24:00,1.6738672363218972e-10,9.6600205976969e-12,1.380897243460788e-12,4.4539475586412525e-13,8.003106852998498e-13,1.2140310770716608e-08,1.0000616921811825,0
208,01:24:30,7.834697042347209e-11,4.280594980876615e-12,1.6275858228756311e-12,4.827789537900616e-13,6.458915730798202e-13,8.17499916476619e-09,1.0000246916300082,0
209,01:25:00,2.5808216312058226e-11,1.7345080916942712e-12,7.935843194511217e-13,2.274259502690278e-13,3.301571060529011e-13,2.2526174998045567e-09,1.000013962350946,0
210,01:25:30,7.290858670189746e-12,7.534958671321438e-13,8.133195482736581e-13,2.654226369039647e-13,2.710030880757534e-13,6.085615559537111e-09,1.0000091810348952,0
211,01:26:00,6.82061675738014e-12,1.2827862389011756e-12,6.81542636800029e-13,2.480315092182026e-13,4.199273777927561e-13,3.949658934139813e-09,1.0000065758395196,0
212,01:26:30,2.8506354203348213e-11,1.4177768653105096e-12,5.754477296445805e-13,2.843417972987362e-13,4.1465135744222856e-13,4.245310475201684e-09,1.0000049780697442,0
213,01:27:00,4.964065953406285e-12,1.2893359761629605e-12,6.145425827979665e-13,2.2468650723557424e-13,3.2934144338111053e-13,7.749185901129328e-09,1.0000039183234808,1
214,01:27:30,3.602189616947751e-12,1.157963549362264e-12,5.097883789391896e-13,2.3120369159901565e-13,2.674925630837159e-13,2.4127054496030023e-08,1.0000031750575213,1
215,01:28:00,1.4910558342100668e-11,1.1129676033965996e-12,6.232655607255602e-13,2.658047624983546e-13,2.873061833604974e-13,2.2776956522533194e-08,1.0000026314304993,0
216,01:28:30,3.9830637842368165e-12,1.0761707574769085e-12,4.219002143245719e-13,2.0706775798958732e-13,3.8992235590686163e-13,1.30106419988065e-08,1.0000022205941104,1
217,01:29:00,4.631556879912903e-12,1.7200368235780888e-12,5.544946085205599e-13,2.7606115042551667e-13,3.7362149328904354e-13,1.7860429123256658e-08,1.000001901841019,1
218,01:29:30,3.774722986748395e-12,1.497367076271015e-12,5.983262103934891e-13,3.356702161524511e-13,6.346660108650735e-13,4.1168007625005575e-08,1.0000016491275228,1
219,01:30:00,4.116530641028233e-12,1.351920407311261e-12,2.3567379886919846e-12,7.84214732488609e-13,1.5769132180361165e-12,4.414848753159845e-08,1.0000014451093866,1
220,01:30:30,2.1590222130643968e-11,1.9703033497855596e-12,2.0288804987064862e-12,5.848459276018731e-13,1.3905382102469194e-12,4.585012511374653e-08,1.000001277845249,1
221,01:31:00,2.9734754543085384e-12,1.0771125031724687e-12,5.033927536470667e-13,2.2444688901156227e-13,2.332911063783249e-13,8.81751994644137e-09,1.000001138879683,0
222,01:31:30,4.204588247628037e-11,1.7405826186506789e-12,4.567755400625268e-13,2.763216716731491e-13,3.851078487264943e-13,7.566153994455695e-09,1.0000010220801825,0
223,01:32:00,5.059907586124013e-12,1.1024757644819445e-12,6.858390718311571e-13,1.911085424694759e-13,2.5303321965031453e-13,2.988311180608179e-09,1.000000922905649,0
224,01:32:30,1.8542214539322884e-11,1.0048601765831828e-12,3.9676440052764943e-13,3.019527676138424e-13,4.089848566760059e-13,9.239276980134874e-09,1.0000008379317822,0
225,01:33:00,5.5292150393914936e-12,1.2194132447743836e-12,6.024717418021401e-13,2.964902218769455e-13,3.7023098981850097e-13,8.401953455600439e-09,1.0000007645346807,0
226,01:33:30,4.786294723902139e-12,1.2905175801362415e-12,6.668354389182811e-13,5.107584916672733e-13,6.425071811044039e-13,3.85916888293321e-08,1.000000700674896,1
227,01:34:00,4.767005407485636e-12,1.3163375396070512e-12,1.7038833844624754e-12,6.84112956151476e-13,1.1125118298949183e-12,2.6167941604176697e-08,1.0000006447468763,1
228,01:34:30,6.423978784096703e-12,1.7226233967664946e-12,1.6824726799910514e-12,8.290044269752657e-13,1.4917541394633156e-12,1.5827361681536655e-08,1.0000005954720292,1
229,01:35:00,4.082240681243308e-12,8.119661108415532e-13,4.411897411710988e-13,3.4845179802673437e-13,5.27817188340957e-13,4.012718820279777e-09,1.0000005518214705,0
230,01:35:30,7.664542377260102e-12,1.7440302690271588e-12,1.4035820231362168e-12,6.026006270443252e-13,9.808306024394545e-13,3.508787416833964e-08,1.0000005129593632,1
231,01:36:00,1.0200063382958337e-11,1.5379947199324198e-12,1.1650869809548624e-12,7.101694713365513e-13,1.2485408672868996e-12,2.5250734607580624e-08,1.0000004782007734,1
232,01:36:30,3.624596807037268e-11,2.5556945002166686e-12,1.5023707807289126e-12,7.216601899763112e-13,1.5417125976536604e-12,2.2125711551332484e-08,1.000000446979941,1
233,01:37:00,6.929014479529954e-11,7.809348024393556e-12,2.8128676994108178e-12,4.734608550986861e-13,9.476423859442859e-13,7.179709526665732e-09,1.0000004188260996,2
234,01:37:30,2.05195486153583e-10,1.1312396857299232e-11,2.511454566806368e-12,7.262690140257624e-13,1.5073642142876508e-12,1.657236957115582e-09,1.0000003933448494,2
235,01:38:00,1.1786879511810362e-10,7.49678283244342e-12,3.008065970449687e-12,7.472966313566082e-13,1.2788910789359657e-12,1.2027445271384742e-09,1.0000003702036895,2
236,01:38:30,7.602952641880242e-11,7.047356041631583e-12,2.5595908620320958e-12,7.308718637801147e-13,2.184450183443917e-12,5.548832104882525e-10,1.0000003491206522,2
237,01:39:00,7.757168583994717e-11,6.7820899021365455e-12,2.1414899619740323e-12,7.228461783504748e-13,1.6884292393522889e-12,2.383167065796423e-09,1.0000003298553104,2
238,01:39:30,1.038669570253703e-10,4.667639307434318e-12,2.1940113013071338e-12,6.305868972687428e-13,1.3597920712939562e-12,1.9090559545921684e-09,1.0000003122016095,2
239,01:40:00,9.87272979549047e-11,1.0914864105566434e-11,3.4240022439328116e-12,1.5679368104015933e-12,5.588439118777887e-12,8.337221207944006e-10,1.0000002959821053,2
240,01:40:30,2.7572448303798746e-11,2.9187183366662986e-12,2.5132097288436912e-12,5.159429343767935e-13,1.3349507351347337e-12,4.356594449528782e-09,1.0000002810433015,1
241,01:41:00,2.2345962745705013e-11,2.6686259313801957e-12,8.702029024176261e-13,3.2033972188862734e-13,4.926385578491861e-13,1.1539940406111204e-08,1.0000002672518562,1
242,01:41:30,5.46913258505745e-11,7.708550567740433e-12,2.264741026227974e-12,8.341663213333135e-13,2.744330584760754e-12,3.3333443665461928e-09,1.0000002544914721,2
243,01:42:00,8.981251814601121e-11,7.127699899843198e-12,3.922180253646804e-12,1.4971580126795536e-12,2.8753496286101305e-12,2.15905789080973e-09,1.0000002426603305,2
244,01:42:30,4.983511883733375e-11,8.323862144501978e-12,3.5045027459326986e-12,1.2608077680860093e-12,2.1042290077219318e-12,4.384203458706779e-10,1.0000002316689784,2
245,01:43:00,6.713651032741172e-11,6.154323937999911e-12,3.0148996149620213e-12,1.136247692016644e-12,2.4255560915396987e-12,1.524621761147855e-09,1.0000002214385515,2
246,01:43:30,4.565411103531054e-11,3.951713791315927e-12,1.3712650374486333e-12,5.587892144685177e-13,9.26122446889017e-13,3.028764010616898e-09,1.0000002118993023,2
247,01:44:00,5.3592504882106876e-11,5.9579548268605045e-12,1.6139694076881734e-12,5.383620831961391e-13,1.2120014438613e-12,1.0179905894459944e-09,1.0000002029893629,2
248,01:44:30,1.3026554790570965e-10,5.231178643913058e-12,2.5981938344051866e-12,1.5830936863017657e-12,3.718009622432172e-12,5.761350889446565e-10,1.0000001946536838,2
249,01:45:00,1.520055381277189e-10,5.572334456198187e-12,1.921462203439607e-12,7.833646639829726e-13,1.768612266286032e-12,2.0427085810604525e-10,1.000000186843154,2
250,01:45:30,7.925617883082196e-11,9.316362137535369e-12,2.1595905174332325e-12,7.164076231138535e-13,8.076093525281315e-13,2.1696074134339245e-10,1.0000001795138507,2
251,01:46:00,6.384357114715117e-11,6.322616605118223e-12,2.1812636029059348e-12,7.094886627658107e-13,1.202284502238184e-12,1.0506182935447416e-09,1.000000172626382,2
252,01:46:30,8.174046711352715e-11,8.246365394925232e-12,2.1395478719068834e-12,5.582129890804e-13,1.6576642953894226e-12,7.99351274994119e-10,1.0000001661453375,2
253,01:47:00,4.8530988642506584e-11,7.230377124699588e-12,2.796664593008915e-12,1.5961481498510537e-12,3.0613719933300253e-12,6.049324346523218e-10,1.000000160038816,2
254,01:47:30,6.392420028817666e-11,1.1151275916302772e-11,2.168156290658843e-12,5.749900915145276e-13,1.5395506169196444e-12,1.8934662401836067e-09,1.0000001542780081,2
255,01:48:00,1.1352843378034487e-10,5.829712672539977e-12,3.6661670713871985e-12,1.0093112714505102e-12,2.4008341286123005e-12,4.719275551520275e-10,1.0000001488368522,2
256,01:48:30,4.8628372202466396e-11,7.89005572535054e-12,1.377630016832379e-12,5.567231878247902e-13,1.275665829048063e-12,3.385051412432012e-09,1.0000001436917114,2
257,01:49:00,1.9936711575787777e-11,1.9716127994416486e-12,1.3751244002492094e-12,5.994251442568161e-13,1.1609443564316136e-12,4.584620960053049e-09,1.0000001388211162,2
258,01:49:30,2.3263019265968943e-11,3.169861874859963e-12,1.5361278303857334e-12,5.525510959650849e-13,1.0465195672722839e-12,6.785385867576013e-10,1.0000001342055236,2
259,01:50:00,3.1384926823284785e-11,3.854913051299465e-12,1.7367158234019035e-12,8.959580111700568e-13,2.2207773884825103e-12,1.7999292622586206e-09,1.0000001298271202,2
260,01:50:30,5.31101794003898e-11,3.6908660142383606e-12,2.004152382520937e-12,9.033834061021291e-13,1.92725792817524e-12,7.41505014042538e-10,1.0000001256696238,2
261,01:51:00,5.5847481593819546e-11,8.999607236338428e-12,2.0187931475367045e-12,7.063718058596125e-13,1.5701566874441396e-12,2.2126809514400954e-08,1.0000001217181491,2
262,01:51:30,1.0502410296286455e-11,1.5847055846210289e-12,7.329675287439384e-13,4.365505045633499e-13,5.345869062998928e-13,1.349202699350005e-08,1.000000117959051,1
263,01:52:00,1.3771187565975756e-11,2.2080883082802164e-12,1.1462445802133203e-12,4.1670070718354934e-13,1.2837198215600426e-12,1.9819675875154887e-09,1.0000001143798032,1
264,01:52:30,2.5167693580621923e-11,5.120767067028493e-12,1.3516880230210085e-12,2.756319376023235e-13,4.588233465547506e-13,1.0108031621993174e-09,1.000000110968898,5
265,01:53:00,1.3126200148111462e-11,3.3672062177544116e-12,8.367817308127024e-13,2.5951310553133923e-13,4.930465558267144e-13,3.275336249347337e-09,1.000000107715737,5
266,01:53:30,1.5426028909548637e-11,4.030949089738287e-12,7.799769468131143e-13,2.6130060350112565e-13,4.998463249052392e-13,1.8500260793497488e-08,1.000000104610553,5
267,01:54:00,1.2782753250015059e-11,2.1028721930265338e-12,6.445637087621801e-13,2.3277259961854565e-13,4.865115575689006e-13,2.6413884567065563e-08,1.0000001016443287,5
268,01:54:30,1.2948454977083954e-11,1.7761708034737556e-12,8.56179060414253e-13,2.90790082676722e-13,3.153689984184083e-13,1.116410066927459e-08,1.000000098808736,5
269,01:55:00,1.5307926755308335e-11,4.3159115104666665e-12,8.560849138329323e-13,3.7457647907955183e-13,9.128895343943941e-13,1.9607279496309368e-08,1.0000000960960587,5
270,01:55:30,1.3431213126395042e-11,1.6725388957136083e-12,5.596117916110795e-13,2.350021055372494e-13,3.9233323464300395e-13,5.6914000432700577e-08,1.0000000934991566,5
271,01:56:00,1.821977024750247e-11,3.7085746403087435e-12,1.0177933260728643e-12,2.868188008321365e-13,8.128533652908572e-13,1.2514639564494077e-08,1.000000091011397,5
272,01:56:30,1.8599523386424553e-11,2.8040071186144927e-12,9.55107020181181e-13,2.87522638881889e-13,4.687467246200299e-13,3.513259832409502e-08,1.0000000886266271,5
273,01:57:00,1.4008437127194617e-11,2.90331077784911e-12,1.3856218171949046e-12,4.4155237302151386e-13,1.0006680316368753e-12,5.131488001016264e-09,1.0000000863391234,5
274,01:57:30,1.5559145803207642e-11,2.803222851474972e-12,6.344121270570692e-13,2.0168200068385463e-13,4.1047531445874986e-13,3.4443290589894205e-08,1.000000084143555,5
275,01:58:00,1.8602694617867777e-11,2.450615373621506e-12,8.245246502811829e-13,3.226037018352753e-13,7.26188280306521e-13,2.117317088279991e-08,1.000000082034961,5
276,01:58:30,1.6660358656517145e-11,4.2650049878230465e-12,8.61099820202536e-13,2.719069919696464e-13,3.7782702707956923e-13,3.990905576954186e-08,1.000000080008713,5
277,01:59:00,1.7627146384146446e-11,3.1608285407778897e-12,8.729894025863387e-13,2.238728280263877e-13,4.418953341118555e-13,4.946974897349109e-09,1.000000078060488,5
278,01:59:30,2.4324010478426915e-11,3.700928546061235e-12,1.127296715803217e-12,2.660771778490333e-13,5.183394631701643e-13,5.293804423361793e-08,1.0000000761862473,5
279,02:00:00,1.2586219525754634e-11,2.045483225699392e-12,9.090268669200133e-13,2.24453170246815e-13,4.4345155746998976e-13,6.407342445127291e-09,1.0000000743822104,5
280,02:00:30,2.693318163427143e-11,3.744717025841318e-12,9.115145415948872e-13,3.326979448054265e-13,5.894527863441184e-13,6.615696279540626e-09,1.000000072644841,5
281,02:01:00,2.845359268772586e-11,4.1335827001413604e-12,8.179232658572522e-13,1.8874055659506917e-13,3.258753438735683e-13,3.769900521263406e-08,1.000000070970824,5
282,02:01:30,1.2908595709667936e-11,1.872611005967764e-12,7.775033610067863e-13,2.684229072396114e-13,6.242145259089514e-13,1.4292058378461327e-08,1.0000000693570505,5
283,02:02:00,1.2816122980360689e-11,2.0210641060624687e-12,7.036424197620912e-13,2.8966139658577264e-13,5.560591136334071e-13,3.7199685350752946e-08,1.000000067800598,5
284,02:02:30,1.1535771756133442e-11,2.3424817474371906e-12,9.371817357805181e-13,3.741822380480075e-13,4.58268195049063e-13,4.087366660190203e-09,1.0000000662987294,5
285,02:03:00,1.1962861347792175e-11,3.735506928149968e-12,8.863844857618412e-13,4.64040558603051e-13,6.429185743398864e-13,5.427187115848902e-09,1.000000064848863,5
286,02:03:30,1.1356724258022861e-11,2.631534555359949e-12,6.779452786285803e-13,2.0845894715184312e-13,3.4786477362466726e-13,6.100866205731641e-08,1.0000000634485742,5
287,02:04:00,1.8180070657306547e-11,2.3737193714327248e-12,6.470552429240815e-13,1.9274063230629284e-13,3.4451567541534075e-13,2.782684939790599e-08,1.0000000620955816,5
288,02:04:30,1.1406318206557437e-11,2.6291930813729878e-12,9.75888085427398e-13,2.833645600165228e-13,6.446144232983061e-13,1.4845717844130837e-08,1.0000000607877275,5
289,02:05:00,2.832821029539174e-11,2.791903440373084e-12,6.492415295440783e-13,1.7840555646297967e-13,3.306140298846043e-13,6.320867281026382e-08,1.0000000595229832,5
290,02:05:30,1.8788003666409683e-11,2.3165199371585455e-12,6.458363856052458e-13,2.232151245903876e-13,3.442836097263352e-13,9.60371742576096e-08,1.0000000582994315,5
291,02:06:00,6.220410103152813e-12,1.2093710168059233e-12,5.373145184267287e-13,5.446183727013729e-13,7.099638362234815e-13,1.442477597292626e-08,1.000000057115265,5
292,02:06:30,6.3177808753353804e-12,1.706336004693916e-12,1.001935523131561e-12,5.927134886236318e-13,1.3618376955565452e-12,4.6161867029581057e-10,1.0000000559687738,5
293,02:07:00,2.0274621421491988e-11,3.3320090465256273e-12,9.273918054420812e-13,2.1427718768841486e-13,5.046202729407622e-13,2.9324028451056235e-08,1.0000000548583388,5
294,02:07:30,1.42627753698882e-11,2.215365474682776e-12,6.383696363941523e-13,2.0840700388121472e-13,3.0177909439814073e-13,5.133344356173719e-08,1.00000005378243,5
295,02:08:00,1.0264872401815616e-11,1.8425191339428136e-12,5.062107639720246e-13,2.2666918363189847e-13,3.6944600959636575e-13,3.25486692903289e-08,1.0000000527396011,5
296,02:08:30,6.698201928877338e-12,1.3355094781150991e-12,1.0882934432545048e-12,7.153131168723228e-13,9.000409762500145e-13,6.103449120064515e-10,1.000000051728479,5
297,02:09:00,4.699996879753614e-12,1.4041182088997088e-12,1.2770953441349793e-12,6.073519590723691e-13,7.190482047721264e-13,3.164697890191406e-09,1.0000000507477589,5
298,02:09:30,1.7132889415333312e-11,1.518400880013753e-12,1.4922355056189987e-12,6.337184246224711e-13,1.25389526814935e-12,1.6671071118665277e-09,1.0000000497962112,5
299,02:10:00,4.7320989590524666e-11,4.454898944567915e-12,1.2171949346846793e-12,9.724988210321484e-13,1.3285398318452225e-12,2.6375897037305757e-10,1.0000000488726608,2
300,02:10:30,5.218436786134491e-11,3.879509967480657e-12,2.900018291140637e-12,7.090939607522291e-13,1.3101736542911492e-12,1.4650441941585763e-09,1.0000000479759945,2
301,02:11:00,7.51336584313844e-11,1.1464590391267949e-11,3.3425841027555083e-12,9.892635310762286e-13,1.557098159589254e-12,2.410515998966016e-10,1.0000000471051564,2
302,02:11:30,4.788567725077705e-11,6.704142057962318e-12,1.097837767741207e-12,3.555191699390801e-13,1.2210959468258073e-12,2.1348579928124337e-09,1.000000046259143,2
303,02:12:00,4.2092820713673997e-11,5.6400725116679715e-12,1.3571690609774885e-12,4.047046266978591e-13,9.567176678040506e-13,7.035578156037027e-08,1.0000000454369984,5
304,02:12:30,3.2249223978822686e-11,5.1439850438898456e-12,1.3114030175418928e-12,4.938205822947036e-13,6.329281648999763e-13,1.1713475696065026e-09,1.000000044637812,5
305,02:13:00,4.011746777201764e-11,4.191559282454806e-12,1.5346969207437031e-12,7.630622494407628e-13,1.7128713751445148e-12,1.546494758865847e-09,1.000000043860717,5
306,02:13:30,6.68013059768208e-11,3.190491044399292e-12,2.6638106264214942e-12,7.449088860064486e-13,2.0174014609604076e-12,4.362132315894942e-10,1.000000043104888,2
307,02:14:00,6.693548131495054e-11,4.180868935549823e-12,1.804882746816854e-12,4.555689199144598e-13,1.6735263923838054e-12,3.6342415626841944e-09,1.0000000423695412,2
308,02:14:30,1.764498794074759e-10,6.9101695095198e-12,2.7598691011449277e-12,8.114541648920288e-13,2.1655717670762296e-12,2.7283072960718363e-09,1.000000041653923,2
309,02:15:00,5.842559444862973e-11,7.218959821836177e-12,4.588479806090927e-12,9.20407092194975e-13,2.0569137095974803e-12,3.195426685922658e-09,1.000000040957319,1
310,02:15:30,4.895021302974316e-11,7.090093671764664e-12,1.3262382878364784e-12,3.747658194874431e-13,7.607891895805942e-13,3.62604130011529e-09,1.0000000402790463,2
311,02:16:00,7.334494252455003e-11,1.018840974981457e-11,2.4810736134734455e-12,8.645266513231572e-13,1.5728145521336432e-12,4.712831500894538e-09,1.0000000396184539,5
312,02:16:30,3.115672870829738e-11,4.421122286750338e-12,1.9073299511609973e-12,7.312392103650016e-13,1.9303949750040925e-12,4.285760079415597e-09,1.0000000389749162,2
313,02:17:00,7.084079231850816e-11,5.40353633830371e-12,3.5719672500803854e-12,9.647148070961678e-13,1.3906148996854572e-12,1.98142409346726e-09,1.0000000383478433,2
314,02:17:30,1.5932237053980352e-10,6.089301767317585e-12,1.8462842899166055e-12,1.6667430773589652e-12,2.09864376766302e-12,4.1445063689358184e-09,1.0000000377366607,2
315,02:18:00,7.501517421531875e-11,1.0082487127689944e-11,1.9011665228053966e-12,1.3362769881858076e-12,1.901872176853818e-12,4.446885615814377e-10,1.0000000371408244,2
316,02:18:30,5.0505640358684815e-11,5.043022823832119e-12,1.8111296850798723e-12,8.810360812932415e-13,2.384885075447789e-12,3.458789878070111e-10,1.0000000365598172,2
317,02:19:00,1.0329576777994188e-10,1.0280077009894242e-11,2.369315254338423e-12,6.36703644207182e-13,1.4456683512451117e-12,3.339436749681743e-10,1.0000000359931365,2
318,02:19:30,1.616819635814301e-10,9.679572633644319e-12,2.2334793434086496e-12,1.7095811628793416e-12,2.259988652115774e-12,2.7451606343630924e-10,1.0000000354403056,2
319,02:20:00,3.605340313813225e-11,3.660172751849452e-12,1.917560803434838e-12,6.902765634763876e-13,1.1360407119456245e-12,5.439248481806379e-09,1.000000034900868,2
320,02:20:30,2.4976244911222354e-11,3.098474114877984e-12,7.945389918744656e-13,4.0076953747594654e-13,6.657530383150568e-13,2.5177167156622634e-09,1.0000000343743831,2
321,02:21:00,4.177062612371695e-11,5.282586518074451e-12,1.929189428680789e-12,5.610876276115099e-13,1.7684721957125344e-12,3.141200762560169e-10,1.0000000338604345,2
322,02:21:30,6.204007168287273e-11,8.035326680791725e-12,2.618696522065905e-12,7.396102408786191e-13,2.428440574133082e-12,1.2523198175708291e-09,1.000000033358616,2
323,02:22:00,1.3285934813334297e-10,8.258151536026908e-12,1.995226113040067e-12,7.786021605927987e-13,2.5338193106549533e-12,4.22612162965327e-10,1.0000000328685397,2
324,02:22:30,6.110692626611234e-11,6.938086953156381e-12,1.7394084170452856e-12,7.757219089093914e-13,1.978500920010424e-12,1.0756553454648883e-10,1.000000032389834,2
325,02:23:00,7.041941960294019e-11,8.088328439566843e-12,2.9741013340935838e-12,1.2723680516594164e-12,3.414595085907606e-12,3.0879695939260873e-10,1.0000000319221427,2
326,02:23:30,7.189828048168765e-11,8.181652907033711e-12,2.443384078115226e-12,1.0893163204041134e-12,4.174315057707826e-12,3.180400267301346e-10,1.0000000314651263,2
327,02:24:00,2.11578146413509e-10,1.6487220073959702e-11,4.998795090690786e-12,1.4563543252217777e-12,4.548704810212818e-12,1.3917634299110912e-10,1.0000000310184511,2
328,02:24:30,4.367085985796328e-11,6.221611881260124e-12,1.8428037785161194e-12,4.236129412988437e-13,9.930585473196303e-13,2.685605628041975e-10,1.000000030581804,2
329,02:25:00,7.02819916949871e-11,7.778659836872291e-12,2.035513197152761e-12,6.555355359644748e-13,1.3227402090860542e-12,3.846003405576909e-10,1.0000000301548788,2
330,02:25:30,6.71455280634883e-11,8.258639548604754e-12,2.3278864742370144e-12,1.1441078801426274e-12,4.09137908122538e-12,1.1997448205893348e-10,1.0000000297373848,2
331,02:26:00,6.04055502293177e-11,1.3514224684494935e-11,2.0273772289389907e-12,7.251963405647214e-13,2.212719131006644e-12,1.3085125404239146e-10,1.0000000293290416,2
332,02:26:30,1.1360213815315622e-10,1.2106037673116382e-11,2.715773315453734e-12,1.7733664246025501e-12,5.942418126877627e-12,1.3014062938840377e-10,1.0000000289295758,3
333,02:27:00,1.5460511768338944e-10,9.084433056437208e-12,3.443420206763033e-12,1.1542227722900356e-12,3.942542910089669e-12,1.7336404541014118e-10,1.0000000285387272,3
334,02:27:30,1.0101751540675198e-10,1.292682243410682e-11,2.1078540198240515e-12,6.670591526656689e-13,1.966295725641808e-12,2.928736967460113e-10,1.0000000281562478,3
335,02:28:00,1.5830283446771512e-10,1.2443377092755451e-11,4.140752489926648e-12,7.764120879301492e-13,2.6296656412700097e-12,2.9794305554069914e-10,1.0000000277818888,3
336,02:28:30,1.72189639994204e-10,1.2474368836614344e-11,2.7119139469600827e-12,6.133456792710143e-13,1.5127881550864546e-12,2.1935318783635584e-10,1.000000027415423,3
337,02:29:00,8.901074387319747e-11,1.2253196693512595e-11,4.203819145920167e-12,6.0999516179518e-13,1.9107801265708638e-12,2.533469392476913e-10,1.0000000270566205,2
338,02:29:30,8.778152846999007e-11,1.004851106361911e-11,2.528672246860479e-12,7.295864505535446e-13,2.96557698598765e-12,1.640985533345383e-10,1.0000000267052704,3
339,02:30:00,9.462350149774967e-11,1.5147623763079455e-11,3.337967406716682e-12,8.187958133091135e-13,2.562383828416764e-12,1.745516769245184e-10,1.0000000263611646,3
340,02:30:30,1.5634457937310813e-10,1.0530142109620058e-11,3.2221457274669595e-12,1.0528752742996526e-12,4.578845935988614e-12,1.8726314586214896e-10,1.000000026024099,3
341,02:31:00,9.3369201257127e-11,1.0766338953245886e-11,2.2860842206509904e-12,8.928732414360298e-13,3.3857923314880166e-12,2.4589456085516337e-10,1.0000000256938768,3
342,02:31:30,2.1319612885480114e-10,1.634496756563284e-11,2.6537223260324715e-12,5.305913928049814e-13,1.3871940798664548e-12,2.4401394726712294e-10,1.0000000253703143,3
343,02:32:00,2.5591227903134857e-10,9.974276610658187e-12,3.5075162920193884e-12,3.605455918109373e-13,1.1860344043605172e-12,3.6190427250153216e-10,1.0000000250532286,3
344,02:32:30,2.0093821647788244e-10,1.5179799973479646e-11,4.022664851179017e-12,7.666536285835496e-13,2.297437865343814e-12,3.7342156396950256e-10,1.0000000247424434,3
345,02:33:00,9.681655682873051e-11,8.92308417306727e-12,1.823352092147716e-12,7.419593354891013e-13,1.6065923103129777e-12,2.122579867297827e-10,1.000000024437794,3
346,02:33:30,2.1639615269451542e-10,1.500322192424904e-11,2.9050676078544027e-12,7.420659936325388e-13,2.407410085255689e-12,2.6640816062763067e-10,1.0000000241391123,3
347,02:34:00,2.5304678865464263e-10,2.489803908615075e-11,3.1266950817051305e-12,4.217891732182057e-13,1.1986570560829525e-12,2.799447785115148e-10,1.0000000238462436,3
348,02:34:30,1.8897851119646737e-10,1.528234597759388e-11,2.368686917269614e-12,9.784324780865503e-13,2.5212200482664254e-12,2.764058029388818e-10,1.0000000235590385,3
349,02:35:00,1.8165492050083657e-10,7.96748000978136e-12,5.096714593262413e-12,7.924249724910175e-13,1.7981582348179253e-12,1.862579848236915e-09,1.000000023277345,2
350,02:35:30,7.43957268766807e-11,8.853050108015894e-12,1.5507031065448633e-12,4.397143466444951e-13,1.1557558685654528e-12,2.728753811553654e-10,1.0000000230010224,2
351,02:36:00,1.3069433684004476e-10,1.2338196179070061e-11,2.6582801745563787e-12,1.0478883060924872e-12,5.670471500227805e-12,2.0592183558935952e-10,1.000000022729935,3
352,02:36:30,1.7538658662166217e-10,1.6854230736611665e-11,3.3366137614629534e-12,1.0208005064805236e-12,4.0096650353956454e-12,3.151830032373483e-10,1.0000000224639454,3
353,02:37:00,1.5844025654369317e-10,1.3139518766773167e-11,2.2751344655363114e-12,1.090288106255656e-12,5.467209201661745e-12,2.0771942222978247e-10,1.0000000222029217,3
354,02:37:30,2.21949525371735e-10,1.4265301411108283e-11,2.4517079043774982e-12,7.268540347804979e-13,2.6818371706754608e-12,3.783865308592344e-10,1.0000000219467469,3
355,02:38:00,1.820016440218625e-10,1.7148057091572975e-11,4.572652450846159e-12,5.094692256560626e-13,1.919352470461088e-12,2.746940271377087e-10,1.0000000216952956,3
356,02:38:30,1.7574887653612593e-10,1.7151943386466392e-11,3.4538885722726473e-12,8.275066351126677e-13,3.750777024672762e-12,3.7420220099210697e-10,1.000000021448452,3
357,02:39:00,2.828152377114802e-10,1.4660331428036067e-11,3.440442771520133e-12,5.190075836175694e-13,1.7420601327065306e-12,3.332710318561674e-10,1.000000021206103,3
358,02:39:30,2.3701941715129893e-10,1.0709701295086177e-11,2.022737703884988e-12,4.3038122787753757e-13,1.0228634482806856e-12,4.3040270190437617e-10,1.0000000209681352,3
359,02:40:00,2.3700284654547734e-10,1.4339801415813767e-11,4.179522766606686e-12,9.048720422576344e-13,4.901607633356592e-12,3.516090854067412e-10,1.0000000207344464,3
360,02:40:30,3.009634866446768e-10,2.108930142920409e-11,3.811362031813895e-12,4.388819619309873e-13,8.548364626440604e-13,3.5778633438355753e-10,1.000000020504933,3
361,02:41:00,1.9267393370394756e-10,1.0993500618867979e-11,2.2353518174145458e-12,5.63154909688593e-13,1.592203231583256e-12,2.4052487038980446e-10,1.000000020279493,3
362,02:41:30,3.6821712449629225e-10,1.6249423432551123e-11,2.604851902267493e-12,5.905323437041476e-13,2.378426742618453e-12,4.241260246986571e-10,1.0000000200580295,3
363,02:42:00,1.7436109669055968e-10,1.3419056261126365e-11,2.297353146772744e-12,3.7896518713816654e-13,1.0779890875004873e-12,5.39148638171803e-10,1.000000019840449,3
364,02:42:30,3.1408659382348336e-10,1.428906784147985e-11,4.351114744445086e-12,6.290828807279072e-13,2.3226450787845468e-12,4.3983265571530837e-10,1.0000000196266596,3
365,02:43:00,1.668117553060031e-10,1.1708448151068926e-11,2.092193139371802e-12,7.063587841761739e-13,2.2232399853347616e-12,5.487444514238826e-10,1.0000000194165752,3
366,02:43:30,2.039133980340298e-10,1.0837523356624872e-11,4.3359845849300844e-12,7.824624558820725e-13,2.5443275317527246e-12,1.8417062913851806e-09,1.0000000192101084,2
367,02:44:00,1.7565724477293065e-10,9.300526397565471e-12,2.3886363601496104e-12,6.425570402666473e-13,1.2510699601680407e-12,9.921826000185861e-10,1.000000019007173,3
368,02:44:30,8.455040329376032e-11,6.425069488450924e-12,2.007180893761071e-12,9.009091343355115e-13,1.9068104170742695e-12,3.956923065699986e-10,1.0000000188076927,3
369,02:45:00,1.6444800025391143e-10,1.2330785663834168e-11,2.705444161437351e-12,7.887518008642902e-13,3.38607441803174e-12,3.039235309449526e-10,1.0000000186115858,3
370,02:45:30,2.121724220160098e-10,1.1339752744018304e-11,2.8058783882729737e-12,7.793206129741211e-13,2.1181604843403932e-12,2.697820570791673e-10,1.0000000184187756,3
371,02:46:00,1.8866524902731366e-10,2.1988218695007266e-11,2.9977887094358285e-12,4.0395744619303873e-13,1.2914306325135574e-12,3.6976169871383067e-10,1.0000000182291906,3
372,02:46:30,2.8547814286885754e-10,1.2808051757186536e-11,1.9721538030860077e-12,9.642074721333655e-13,1.76627549235833e-12,2.7139912860560047e-09,1.0000000180427566,0
373,02:47:00,3.39847388668041e-11,1.986121895578049e-12,9.059777586243201e-13,4.905585141259779e-13,7.358342957956981e-13,3.797552128637578e-09,1.0000000178594042,0
374,02:47:30,1.493087225162317e-11,9.895360071446574e-13,4.569861026746974e-13,2.614423545194496e-13,3.0371205403023195e-13,2.450885062764777e-09,1.000000017679067,0
375,02:48:00,1.0421578148900434e-11,7.674478281377433e-13,6.38768870101581e-13,2.917018885146552e-13,3.628448843302493e-13,3.709129311085255e-09,1.0000000175016774,0
376,02:48:30,7.751410342511535e-12,6.139593949722829e-13,4.021470239461298e-13,4.1186594353360586e-13,3.7497187374687427e-13,5.004511624039653e-09,1.0000000173271713,0
377,02:49:00,4.779432551176324e-12,8.100234843306599e-13,7.907168109548004e-13,3.6280627411060637e-13,5.037104963218991e-13,7.173132957695516e-09,1.0000000171554866,0
378,02:49:30,3.451199602030827e-12,7.468853678864194e-13,5.220324472939625e-13,2.634419042376379e-13,2.539017874047655e-13,4.1834139608191474e-09,1.0000000169865615,0
379,02:50:00,6.899501028584782e-12,1.337744696642552e-12,1.0494289687806912e-12,6.613776320576272e-13,1.2133449605488691e-12,1.836014281920998e-08,1.000000016820339,0
380,02:50:30,8.698895487811298e-12,1.5776262492706208e-12,1.0645931983668398e-12,7.170402884668221e-13,1.200520312493084e-12,4.963296992885193e-09,1.0000000166567615,1
381,02:51:00,5.813588905827938e-11,2.04497899939487e-12,1.4695786693495193e-12,7.990053700563585e-13,1.609764096328166e-12,2.9754665060766206e-08,1.0000000164957699,1
382,02:51:30,5.3645449731385105e-12,8.852567904341859e-13,4.849546715412368e-13,2.6577903851940555e-13,4.640313808236934e-13,7.317751034155995e-10,1.0000000163373108,0
383,02:52:00,3.529290522000221e-12,7.767147256577981e-13,2.9301283935296954e-13,1.5620527063883272e-13,2.954747175668537e-13,1.374288776950368e-09,1.0000000161813338,0
384,02:52:30,5.505884509983881e-12,1.7776245557100646e-12,9.496402579352173e-13,4.0754039517730926e-13,5.700820280419628e-13,4.470989363166923e-08,1.0000000160277864,0
385,02:53:00,6.057919791592906e-12,1.9100032787775683e-12,1.1964827722748766e-12,6.509205013199958e-13,9.935120952733725e-13,7.040770137798433e-09,1.0000000158766174,1
386,02:53:30,3.1193014897895853e-12,8.511153309465477e-13,8.23602704138145e-13,5.867332146886582e-13,5.760734045998222e-13,6.1007479917013786e-09,1.0000000157277802,0
387,02:54:00,9.321560789899208e-12,1.8781389111122717e-12,1.5943450764416407e-12,7.121842797568609e-13,1.1742850799939089e-12,7.3382557918411915e-09,1.0000000155812214,1
388,02:54:30,2.4832368288597345e-11,2.1286823818257784e-12,1.0290515307897093e-12,5.183285039517566e-13,7.294871639877947e-13,1.0278946468215152e-08,1.0000000154369022,1
389,02:55:00,3.960606983172174e-11,5.040732401252101e-12,1.9561335069419877e-12,5.73609462412322e-13,1.4397190344277188e-12,1.8188124627603855e-08,1.000000015294774,1
390,02:55:30,1.817450263924042e-10,4.9133296310458375e-12,1.88061477397116e-12,8.678919230197174e-13,1.8576595767289664e-12,1.0028799190145222e-08,1.0000000151547934,1
391,02:56:00,5.5238766228595504e-11,4.395244741002848e-12,1.6457874293593338e-12,5.394633281962728e-13,1.134027280117509e-12,3.2747204891974834e-09,1.0000000150169175,2
392,02:56:30,3.743661772688793e-11,4.9012988925643635e-12,1.6220292827217568e-12,5.88695158767214e-13,1.137004924344059e-12,3.6453410423022995e-09,1.0000000148811041,2
393,02:57:00,6.900346940683666e-11,7.13695480932352e-12,2.0953594314674915e-12,8.090878276391243e-13,1.6484083946192627e-12,4.2883085070731167e-10,1.0000000147473116,2
394,02:57:30,9.913054430331144e-11,6.579886550068401e-12,1.651173562275738e-12,8.578879825721741e-13,2.6366879289459865e-12,9.187904578109498e-10,1.0000000146155006,2
395,02:58:00,1.0792541971517233e-10,8.664480171262592e-12,3.719750380252649e-12,9.97161599436404e-13,2.4880457933312046e-12,1.3545466258871946e-09,1.0000000144856354,2
396,02:58:30,1.0818629789829818e-10,1.1993101170192791e-11,1.9555912322864337e-12,1.0777777698451815e-12,3.4516083288450004e-12,7.941012285610894e-10,1.0000000143576742,2
397,02:59:00,8.039450393665634e-11,7.318632418291735e-12,2.1476953607821664e-12,1.2272616245325362e-12,3.6021308230590916e-12,8.012026222136693e-10,1.000000014231582,2
398,02:59:30,1.8245243027680968e-10,9.553344126863317e-12,2.9271407859837634e-12,6.503065597388998e-13,1.8295140876909405e-12,7.301851106417192e-10,1.0000000141073258,3
399,03:00:00,7.779071599747001e-11,9.98757910255204e-12,2.0747855644943997e-12,1.8094734561526301e-12,3.7137273847173316e-12,2.538907365417639e-10,1.0000000139848657,2
400,03:00:30,8.538730823518767e-11,8.17496667324375e-12,1.8248698080523694e-12,4.877179895625732e-13,1.3049569735512994e-12,1.605536880444592e-10,1.0000000138641698,2
401,03:01:00,1.1162001353865155e-10,1.1565995612420371e-11,2.34727919670567e-12,7.778058229910017e-13,1.987525981073552e-12,3.594653303790112e-10,1.0000000137452076,2
402,03:01:30,1.0307718394602392e-10,6.828373331974784e-12,2.9851415349835813e-12,7.380831647806539e-13,1.7018894202662792e-12,1.6635215489961055e-10,1.0000000136279412,2
403,03:02:00,9.128634877832411e-11,6.4658671589997705e-12,2.7891576110689974e-12,7.755864871362649e-13,1.2949114442092642e-12,2.4681263249191963e-09,1.0000000135123426,2
404,03:02:30,8.390183295512585e-11,8.11714673200428e-12,1.6751038754589098e-12,7.213025550535808e-13,2.3819680920065776e-12,1.55119495058412e-09,1.0000000133983789,2
405,03:03:00,1.0885960012391619e-10,1.1334292950818304e-11,2.66839063043249e-12,1.173652503159985e-12,2.955691952162969e-12,5.446273998544031e-10,1.0000000132860218,3
406,03:03:30,6.754486949897037e-11,1.2440267498825236e-11,2.534438652032609e-12,1.3842792093822288e-12,5.861062144166802e-12,1.7979502098058339e-10,1.0000000131752427,2
407,03:04:00,5.5047390411534264e-11,6.696673504920211e-12,3.8684962500619075e-12,8.046148962856796e-13,2.752143100752612e-12,1.6277764287227387e-10,1.0000000130660103,2
408,03:04:30,1.0227787605356078e-10,8.825930895467513e-12,3.9083061344727614e-12,9.283332239795863e-13,3.5941862310745445e-12,1.36516578997463e-10,1.0000000129582967,3
409,03:05:00,1.0207840715712744e-10,1.2994035532149039e-11,4.275022665312906e-12,9.945869526457557e-13,4.02774680667503e-12,2.952081278291515e-10,1.0000000128520758,3
410,03:05:30,1.308703588013324e-10,1.0738280310115594e-11,2.1493875600066444e-12,9.115748243618759e-13,1.7733883308759613e-12,4.431055426721152e-10,1.0000000127473194,3
411,03:06:00,1.3770271351624795e-10,9.149804424938095e-12,2.4419104829401886e-12,1.3564074521076417e-12,4.941215588037109e-12,1.7697372765143942e-10,1.0000000126440025,3
412,03:06:30,9.322478483393665e-11,9.625196077381272e-12,1.7858507966337386e-12,1.5557784753980368e-12,6.134845887714251e-12,9.730257544476388e-11,1.0000000125421011,2
413,03:07:00,5.5523970365447765e-11,9.620782871724094e-12,1.6510961256956305e-12,6.698590393311434e-13,2.4808162811217547e-12,1.3468468091241812e-10,1.0000000124415858,2
414,03:07:30,1.0122233890389953e-10,1.2303131225612435e-11,2.9725052085706824e-12,9.997024424961251e-13,5.175173463125753e-12,1.393481475142747e-10,1.0000000123424357,3
415,03:08:00,1.4620945215347483e-10,1.512279986263488e-11,2.439584324142048e-12,1.3937405103725292e-12,5.820589765434725e-12,1.529168193393174e-10,1.000000012244627,3
416,03:08:30,9.65129485365742e-11,1.0960988678114533e-11,2.175212551466674e-12,8.119909564828543e-13,2.9603505884955057e-12,1.4460000322873067e-10,1.0000000121481332,3
417,03:09:00,1.7048923475140883e-10,1.1222809215010789e-11,3.6743501647538245e-12,1.2947939916838235e-12,6.418265794361636e-12,2.286141490035519e-10,1.0000000120529329,3
418,03:09:30,1.493031385308236e-10,7.174873677642019e-12,2.269523429260237e-12,9.025750051637024e-13,2.3033462897475177e-12,1.587688294881427e-10,1.0000000119590071,3
419,03:10:00,1.9614722832287748e-10,1.4135404649989756e-11,2.3764212922340427e-12,1.4081169194365911e-12,5.3703989626387664e-12,2.1916277178579232e-10,1.0000000118663308,3
420,03:10:30,1.601423844183797e-10,1.2113232841594175e-11,2.2479301435207575e-12,8.362288520248392e-13,3.3403825023812468e-12,1.9255485833079712e-10,1.0000000117748802,3
421,03:11:00,1.0543451609704241e-10,1.6343639471894832e-11,2.4699750068252444e-12,1.0650307041385584e-12,6.0109356751873445e-12,2.0611247737536637e-10,1.0000000116846406,3
422,03:11:30,1.913864106047812e-10,1.930115623828127e-11,3.4648999307101468e-12,1.280485573012944e-12,7.507619141738056e-12,2.8947509948382074e-10,1.0000000115955874,3
423,03:12:00,2.3941201750020415e-10,1.196573973736853e-11,3.5073546316043326e-12,6.170790630653603e-13,2.3130547898679936e-12,3.352270532729275e-10,1.0000000115077037,3
424,03:12:30,1.3413261176681514e-10,1.2045037158826013e-11,1.7701508461443928e-12,3.676870797614144e-13,1.3899445484446735e-12,2.310928376578224e-10,1.000000011420968,3
425,03:13:00,1.0144651922099497e-10,8.367411512401356e-12,2.504149091041207e-12,9.892187550994428e-13,2.9438093184105772e-12,1.0134801514004204e-09,1.0000000113353607,1
426,03:13:30,1.6325722063720223e-10,4.762298384360976e-12,2.1499427631399413e-12,4.976248837790909e-13,1.6443289966470983e-12,5.184913988041303e-09,1.0000000112508651,3
427,03:14:00,1.220505762820761e-10,6.9321209588769165e-12,2.0679777070247656e-12,6.08434387819634e-13,1.1970635981320176e-12,2.204018097225546e-09,1.0000000111674605,2
428,03:14:30,7.675289616695569e-11,5.940889044332292e-12,1.5960715093452127e-12,5.933866433978879e-13,1.0604009176882625e-12,4.51105780255428e-10,1.0000000110851301,2
429,03:15:00,9.37959121538692e-11,1.0519249635793439e-11,4.377178347961283e-12,6.481552943216216e-13,2.0429850715671128e-12,7.604818814464262e-10,1.000000011003858,3
430,03:15:30,5.659361488954106e-11,1.0076026943630919e-11,2.021950126549149e-12,6.19345655218707e-13,1.9342065103551014e-12,5.39274817041792e-10,1.0000000109236238,2
431,03:16:00,2.1776148209338807e-10,1.3993816954398384e-11,2.966208399713814e-12,1.4699528516230871e-12,4.5315819613835415e-12,4.413042692877045e-10,1.0000000108444127,3
432,03:16:30,7.919590493330826e-11,1.0181297944883505e-11,2.0908247054676805e-12,1.4035307252489719e-12,7.6256074637683e-12,1.6262195464070032e-10,1.00000001076621,2
433,03:17:00,1.3869508144180357e-10,6.610747215965867e-12,2.8715378899031157e-12,5.014797559613654e-13,1.2012252936968862e-12,8.892223076647342e-10,1.0000000106889995,3
434,03:17:30,7.164383986967028e-11,9.916384486845158e-12,1.5812061115261655e-12,5.079247751287438e-13,1.6068502124264923e-12,1.3260847860432573e-09,1.000000010612764,2
435,03:18:00,6.522503204107747e-11,9.863379361417136e-12,1.7042995295229683e-12,3.9474154055696654e-13,1.0542319732624663e-12,1.6003106287806227e-10,1.0000000105374875,2
436,03:18:30,1.9332486592378308e-10,1.305206318400788e-11,3.620896080255033e-12,2.414307409696266e-12,9.752745702975096e-12,4.144429681924684e-10,1.0000000104631572,3
437,03:19:00,1.2713374302558739e-10,1.9311838793908814e-11,2.060419079919182e-12,3.3884626992486757e-13,1.1890016090599897e-12,2.249038684407517e-10,1.0000000103897553,3
438,03:19:30,1.1439492552591101e-10,1.4692655765173035e-11,3.44537369728741e-12,7.578371058555885e-13,2.9954409375376954e-12,2.502893311176923e-10,1.0000000103172693,3
439,03:20:00,1.72296827249419e-10,1.0441888806917459e-11,1.2728066312194797e-12,1.0613810921957253e-12,5.980970428092148e-12,2.0906883143782506e-10,1.0000000102456847,3
440,03:20:30,2.6060644346474614e-10,8.525553565212629e-12,2.0840253517177275e-12,4.748965001825728e-13,1.7560766762456054e-12,2.960052456851503e-10,1.0000000101749864,3
441,03:21:00,1.7534591746433692e-10,1.3911848507512423e-11,3.368030263824326e-12,1.449123025975737e-12,8.74443731213006e-12,2.681868954748065e-10,1.0000000101051656,3
442,03:21:30,1.2539972314275403e-10,1.3613962805156494e-11,2.46452677477399e-12,6.103019712506165e-13,3.0244977479412365e-12,1.5896172688493445e-10,1.0000000100362045,3
443,03:22:00,3.1274647310222764e-10,1.0973369257381149e-11,1.8333065685278037e-12,3.3188954290536696e-13,1.0490324843714796e-12,3.921501437863761e-10,1.0000000099680897,3
444,03:22:30,2.4736960484526645e-10,1.1527658016680352e-11,4.3595091657073304e-12,8.810764351157575e-13,3.827685043677868e-12,2.712340978670299e-10,1.0000000099008124,3
445,03:23:00,2.0002968172763865e-10,1.099487979080901e-11,2.3338939835802614e-12,4.694893427765084e-13,2.0299018318994407e-12,3.983896561334376e-10,1.000000009834355,3
446,03:23:30,2.9202114443733337e-10,1.2184038388720139e-11,2.7264721757901342e-12,4.878477856256432e-13,1.8468645417755712e-12,3.3369798115547184e-10,1.00000000976871,3
447,03:24:00,2.580727836656847e-10,1.4318076407698455e-11,1.9355936641447646e-12,4.462952605578142e-13,1.5987195958421086e-12,4.3249082529124727e-10,1.0000000097038613,3
448,03:24:30,1.6482010328895145e-10,1.2036815317538016e-11,2.30686005491024e-12,5.431901147666401e-13,2.2540773303957093e-12,3.036404976702748e-10,1.0000000096398003,3
449,03:25:00,2.0425582299368755e-10,1.0782548525697558e-11,2.001804490302167e-12,4.671654857584638e-13,1.3235429100245977e-12,4.1029116215746993e-10,1.0000000095765134,3
450,03:25:30,1.9746664641491308e-10,1.3741403832859692e-11,2.5415164973076106e-12,5.881283351943718e-13,2.674403786828172e-12,2.688490745932876e-10,1.0000000095139923,3
451,03:26:00,2.9250768529870436e-10,1.770496595798568e-11,2.9654868553202245e-12,5.890587827465952e-13,2.585993444611671e-12,4.858921333832091e-10,1.0000000094522234,3
452,03:26:30,2.785941334202356e-10,1.4637675307176337e-11,1.9589970602165117e-12,4.994304013859339e-13,1.6697490026581757e-12,5.060454117730541e-10,1.0000000093911954,3
453,03:27:00,3.686652565585984e-10,1.4903775225832983e-11,2.8632959462273688e-12,4.811936208558605e-13,1.4305749811227247e-12,2.822570512175457e-10,1.0000000093309,3
454,03:27:30,2.615584310953709e-10,1.3730286271757103e-11,2.030369581327848e-12,5.715444487503766e-13,1.7819477793758992e-12,2.661832036116448e-10,1.000000009271325,3
455,03:28:00,2.598755279990062e-10,1.571151967692817e-11,1.8789585112975805e-12,1.6978143376601686e-12,1.0299303691782138e-11,4.3228300020496445e-10,1.0000000092124612,3
456,03:28:30,2.543772961904837e-10,1.5979495180666785e-11,2.2394022068912287e-12,3.4198047568758444e-13,1.293901954316119e-12,4.6324960386667356e-10,1.0000000091542973,3
457,03:29:00,3.4308080853226024e-10,1.5421227019811952e-11,3.6152510403731627e-12,1.245279872997906e-12,6.236344832799851e-12,3.27410199142975e-10,1.0000000090968233,3
458,03:29:30,3.953201834007633e-10,1.1899941036439258e-11,3.1137227417546707e-12,5.515005902392077e-13,2.168926936762466e-12,3.7344049655180607e-10,1.0000000090400303,3
459,03:30:00,3.767451526015164e-10,1.664658761623133e-11,2.5062117575125976e-12,4.320038319585409e-13,1.5985365145570845e-12,4.360713261855584e-10,1.0000000089839114,3
460,03:30:30,4.0111633950094554e-10,1.8943678608428213e-11,4.029743557467568e-12,5.440963619188532e-13,2.263408678908835e-12,6.056549872941101e-10,1.000000008928454,3
461,03:31:00,2.796901794347038e-10,1.2015816641011857e-11,2.855202385452343e-12,3.73843653565896e-13,1.2309772822222015e-12,3.3370431657635136e-10,1.0000000088736485,3
462,03:31:30,6.427446655357473e-10,1.4407549183086335e-11,2.6170727442161535e-12,8.324769048672344e-13,3.1646125029315483e-12,9.117818204869025e-10,1.0000000088194896,3
463,03:32:00,2.0024614293247617e-10,1.1237661324696552e-11,2.4622489554159054e-12,2.303577284431621e-13,6.762452225589847e-13,2.7197941759815973e-10,1.000000008765964,3
464,03:32:30,2.511915926970185e-10,9.944322763621706e-12,2.007990478298387e-12,6.603352618393361e-13,3.657676402028969e-12,3.827950607603637e-10,1.000000008713066,3
465,03:33:00,4.0830046480261204e-10,1.5760241394902328e-11,2.613747072698354e-12,5.45909763345527e-13,2.6079449339330505e-12,5.49022550798662e-10,1.0000000086607896,3
466,03:33:30,3.1920906862716506e-10,1.3339970153196533e-11,3.82856924533474e-12,7.986488251948213e-13,2.9145218297577525e-12,7.430692138110434e-10,1.000000008609121,3
467,03:34:00,3.451665165615243e-10,1.3026554795508355e-11,3.4048196773205617e-12,3.761234638060555e-13,1.237299276095136e-12,5.456875132126563e-10,1.0000000085580556,3
468,03:34:30,2.4443803849990345e-10,1.3116650923793617e-11,2.5907707539309334e-12,5.213138069385974e-13,1.9077519100540165e-12,3.717586081859261e-10,1.000000008507584,3
469,03:35:00,5.580924624247567e-10,1.336010377803414e-11,3.0438687502499884e-12,4.1115998253942425e-13,1.298793530101929e-12,8.062596647234035e-10,1.0000000084576985,3
470,03:35:30,2.2328043326627155e-10,1.213192671633167e-11,2.0362635302591074e-12,8.940251713266593e-13,2.4677656367491264e-12,5.538592401211002e-10,1.0000000084083924,3
471,03:36:00,2.4048739876163914e-10,1.520996481678779e-11,2.952589449825901e-12,5.602977218975163e-13,2.109522278713448e-12,6.905727116765211e-10,1.0000000083596574,3
472,03:36:30,2.638082376247653e-10,1.5839695407211573e-11,2.465201637750606e-12,5.378276319741578e-13,1.879797717478166e-12,3.0860363793151114e-10,1.0000000083114846,3
473,03:37:00,2.527517850186396e-10,1.9455273550187463e-11,2.9566085792038747e-12,3.516474781037855e-13,1.3153388087321366e-12,4.1006201798522215e-10,1.0000000082638707,3
474,03:37:30,2.0886696069125736e-10,1.3062184202173014e-11,4.010445400632899e-12,4.0462047447233517e-13,1.8045487494480772e-12,4.453540921864608e-10,1.0000000082168052,3
475,03:38:00,1.8315268285016842e-10,6.848639299039096e-12,2.9391255456928137e-12,1.1835147057795297e-12,1.4473091662415887e-12,3.2829381264358346e-09,1.00000000817028,0
476,03:38:30,7.698952374786663e-11,3.2092391721447802e-12,1.3130509471495977e-12,7.783305584306936e-13,1.0154250551399297e-12,2.6745303783316415e-08,1.0000000081242941,0
477,03:39:00,7.911598290889262e-12,6.898180749871002e-13,5.184422632360366e-13,2.2514553284923701e-13,3.350712281272776e-13,1.0625495979274633e-08,1.000000008078836,0
478,03:39:30,5.493020488623157e-12,1.111338627925813e-12,8.251148517791355e-13,3.810491696747617e-13,6.26475861958532e-13,2.0233840329058698e-08,1.000000008033903,1
479,03:40:00,1.6613413890694487e-11,2.108260676224803e-12,1.4459259461106739e-12,6.939670125038246e-13,1.2539846107592648e-12,1.490115625479445e-08,1.0000000079894846,1
480,03:40:30,4.079209170515604e-11,5.047180409192906e-12,2.9048407034604555e-12,7.480793597833255e-13,1.7807947433106312e-12,5.919535197965174e-09,1.0000000079455764,2
481,03:41:00,7.744115327879327e-11,5.00666692415828e-12,2.791883930123175e-12,6.619814059027553e-13,1.4851513040115103e-12,9.176224926882158e-09,1.0000000079021703,2
482,03:41:30,9.143563191041619e-11,7.728968853768418e-12,3.0799139165756576e-12,6.877846194704095e-13,2.135575106727094e-12,2.2549676523546298e-09,1.0000000078592597,2
483,03:42:00,1.052557268872998e-10,8.956815816030907e-12,4.2291531650748765e-12,9.066583681174347e-13,3.1025596937264367e-12,7.088458132548739e-10,1.0000000078168434,2
484,03:42:30,3.762476519632386e-11,7.167403789309625e-12,9.637778384740701e-13,5.119787620165493e-13,1.1272087736650948e-12,6.666951564557535e-10,1.0000000077749105,2
485,03:43:00,6.596286566664496e-11,1.0176154957575276e-11,2.2570811341288874e-12,5.840403109237571e-13,1.2679173836043336e-12,1.6389892880693157e-10,1.0000000077334579,2
486,03:43:30,1.5210045940009905e-10,9.366183207518457e-12,3.181936325043242e-12,1.4702642223626189e-12,2.985563140732162e-12,6.462875738327643e-10,1.0000000076924787,2
487,03:44:00,5.944842408627903e-11,4.966675525664256e-12,2.0682544168178266e-12,5.985230833174851e-13,1.5688874655669643e-12,6.629912849941678e-10,1.0000000076519682,2
488,03:44:30,7.057522269754852e-11,8.812958204946184e-12,2.1522827423841503e-12,7.325861340889223e-13,1.6657667844141846e-12,2.5221132842525283e-09,1.0000000076119222,2
489,03:45:00,7.07212142870639e-11,1.0399664545047026e-11,3.639413183501952e-12,1.8272297753618155e-12,4.401112646272631e-12,7.113828095962182e-10,1.0000000075723334,2
490,03:45:30,7.163537509963389e-11,1.0457972889145867e-11,2.2603414204682874e-12,6.936496215468448e-13,1.4282990240361085e-12,2.1245588698107267e-09,1.0000000075331954,2
491,03:46:00,1.4165083427118964e-10,8.687627434665333e-12,2.0619533148634077e-12,7.258069724839693e-13,1.9828415496524203e-12,5.051460336151846e-09,1.0000000074945055,5
492,03:46:30,3.8954834766430385e-11,7.052856462273087e-12,4.06990522633191e-12,6.9646830349693e-13,2.5707412075840437e-12,6.693418418904142e-09,1.0000000074562556,5
493,03:47:00,1.1202548850735241e-11,1.8929309155351876e-12,8.894718802874668e-13,4.3655358051936323e-13,4.2092943792741744e-13,4.322855011694759e-09,1.0000000074184447,1
494,03:47:30,3.778859981174082e-11,3.2556717474701765e-12,1.1118516696631063e-12,4.2645222330475133e-13,8.491920331219174e-13,6.389349788950884e-09,1.0000000073810682,1
495,03:48:00,1.7961650866039735e-10,1.0554231368440383e-11,3.382710592905908e-12,1.231423830872297e-12,3.4279653406943673e-12,4.6076063632879623e-10,1.000000007344114,2
496,03:48:30,1.9911509623505903e-10,8.976353839179915e-12,1.866880198106699e-12,5.5985257610382e-13,1.1828127158455678e-12,3.6621064519215753e-09,1.0000000073075825,2
497,03:49:00,3.741096691537617e-11,6.268516250242911e-12,1.1667619935087475e-12,2.7305889575597556e-13,6.308685597029719e-13,1.0892304635457655e-08,1.0000000072714719,5
498,03:49:30,2.9134082110026335e-11,4.29761442011569e-12,1.2540757166474119e-12,2.566943265733168e-13,5.148804058044096e-13,2.3297516769006736e-08,1.000000007235771,5
499,03:50:00,2.8952409004661207e-11,3.82540882434432e-12,1.1649633197112594e-12,4.464963193424172e-13,1.0407319787726889e-12,2.0737707693174415e-08,1.000000007200482,5
500,03:50:30,1.902155955408877e-11,2.1537333227438025e-12,6.144733988092442e-13,2.679040494180644e-13,4.0802149310326887e-13,1.2259542260904844e-08,1.000000007165596,5
501,03:51:00,1.9958299279031284e-11,3.2661654980267116e-12,9.14939882319074e-13,3.9276348155261353e-13,5.519716264834453e-13,2.543385611693331e-08,1.0000000071311088,5
502,03:51:30,1.2849725217593021e-11,2.1773259978370864e-12,9.954263697945733e-13,4.548257499894497e-13,6.808568044752903e-13,2.7817237848164767e-09,1.000000007097019,5
503,03:52:00,2.061192523651556e-11,4.8267343508423975e-12,1.1346015237875125e-12,2.9446788008036196e-13,6.517269576806985e-13,2.538759211885541e-08,1.0000000070633213,5
504,03:52:30,1.2768078781710126e-11,2.785773297319242e-12,7.98892829227275e-13,2.0666448166233178e-13,6.037893489390945e-13,1.89818598741535e-08,1.0000000070300106,5
505,03:53:00,1.3030216564162195e-11,2.224426037195026e-12,7.223107157210429e-13,2.316746220257779e-13,4.393903013197904e-13,4.2785076198159844e-08,1.0000000069970827,5
506,03:53:30,1.7673093024967578e-11,4.754723264290897e-12,1.2839419684920626e-12,3.6092142323037825e-13,5.728286119448872e-13,5.59071908181963e-09,1.0000000069645354,5
507,03:54:00,2.0725744230089436e-11,3.372796687943971e-12,6.644802638399255e-13,2.02516960498566e-13,4.0503052872791555e-13,9.303473712432143e-08,1.0000000069323627,5
508,03:54:30,1.4709781328973503e-11,2.4232036851838884e-12,9.959531052804668e-13,3.0873874742739604e-13,7.336520697448929e-13,2.0285383536138867e-08,1.0000000069005626,5
509,03:55:00,1.2279093209320931e-11,1.7877450053460662e-12,8.600268955843535e-13,3.8347427600708954e-13,5.985243677061343e-13,2.3490241407380234e-09,1.0000000068691315,5
510,03:55:30,1.1795655342626985e-11,1.5956273279891381e-12,1.331795393737199e-12,5.517056214930273e-13,7.722353486401026e-13,1.7670361795220315e-09,1.000000006838063,5
511,03:56:00,7.724616165362466e-11,6.435227515024436e-12,8.962700838083067e-13,2.4830560210100974e-13,3.9393666477183573e-13,2.4283184865051775e-08,1.0000000068073567,5
512,03:56:30,1.289706612132107e-11,3.0452341998793556e-12,9.641609607970819e-13,2.362540794775868e-13,4.427710104545399e-13,3.8086766529168416e-08,1.0000000067770087,5
513,03:57:00,1.7146321472208747e-11,2.268940647200101e-12,8.980825248186049e-13,3.34960883504174e-13,2.83802149238307e-13,1.3881657737206946e-08,1.0000000067470138,5
514,03:57:30,2.9982219135737784e-11,3.5698912422116064e-12,8.528682288010579e-13,4.420462672834881e-13,7.991102947185314e-13,3.77316487405236e-09,1.0000000067173709,5
515,03:58:00,1.2331164041301193e-11,2.4496796826538323e-12,1.2911127952755936e-12,6.652316986719183e-13,1.2307326142777901e-12,2.214276318759235e-09,1.0000000066880748,5
516,03:58:30,2.3627918966000386e-11,6.782802583252491e-12,8.942497077904698e-13,2.046357648052228e-13,4.265183648569087e-13,2.8257876930823148e-08,1.000000006659122,5
517,03:59:00,1.3676546691820457e-11,2.8908539037303303e-12,6.552563888583306e-13,1.772684766767267e-13,3.4810486019524937e-13,2.394833233640219e-08,1.000000006630512,5
518,03:59:30,1.750599915796094e-11,2.244824053503351e-12,5.715870341784624e-13,2.1237892111103427e-13,2.6470612833941626e-13,7.529530406455802e-09,1.0000000066022372,5
519,04:00:00,7.549597607708601e-11,6.596579372573239e-12,1.1778444014337228e-12,2.5629864399152003e-13,6.690770018118705e-13,5.4006105530246745e-08,1.0000000065742973,5
520,04:00:30,6.215738048175745e-12,1.6608060927714938e-12,1.1531263944347429e-12,6.407166419371676e-13,1.2411146016813876e-12,5.207532560897704e-09,1.0000000065466892,5
521,04:01:00,1.6231626018187815e-11,3.843135831229781e-12,8.326759458025102e-13,2.6859313898005367e-13,5.852648983332549e-13,7.558808548881564e-09,1.0000000065194077,5
522,04:01:30,3.407904424167507e-11,6.083157572059544e-12,9.214058593813997e-13,2.7577122073408185e-13,5.827874138610697e-13,8.043398384283697e-08,1.000000006492454,5
523,04:02:00,2.8300880178831097e-11,4.419630323223963e-12,1.0213275650531453e-12,2.9718909362100683e-13,7.379496432922685e-13,3.7958011985490946e-08,1.0000000064658239,5
524,04:02:30,8.270723457255804e-12,1.577191762689455e-12,7.736016600545093e-13,3.283562389907278e-13,4.643168110692195e-13,6.463622971286996e-08,1.0000000064395131,5
525,04:03:00,1.7093589889176972e-11,2.261463547621112e-12,1.229366886595195e-12,4.515021444111327e-13,4.641031902154122e-13,4.265569416109687e-08,1.0000000064135186,5
526,04:03:30,5.905783843536695e-12,1.016556371123701e-12,1.9073046802093893e-12,4.885295654723442e-13,4.921810071822916e-13,1.0070442982722873e-08,1.0000000063878391,0
527,04:04:00,7.455656294279105e-12,1.5877667821701047e-12,1.1324171600087898e-12,4.329986022775041e-13,9.067029390399165e-13,9.683003436675703e-10,1.000000006362472,1
528,04:04:30,1.5883269082594715e-11,3.3617546954757285e-12,1.068976831019951e-12,4.981665321033132e-13,7.837537487119825e-13,4.722972213203123e-09,1.000000006337414,1
529,04:05:00,5.5485650397962664e-11,3.72093960813175e-12,1.1873877336721302e-12,3.2963206847561596e-13,1.0014961936363983e-12,3.216335863328105e-08,1.0000000063126635,5
530,04:05:30,1.1989076650962595e-11,1.998357521198509e-12,8.598875583881574e-13,3.983457347103312e-13,7.704482221556116e-13,2.734141883259597e-08,1.0000000062882162,5
531,04:06:00,3.006912752393433e-11,4.375076389259543e-12,1.0846737365808757e-12,4.846342228909855e-13,7.971888817641601e-13,2.0214035331069276e-08,1.0000000062640733,5
532,04:06:30,1.2706259445774805e-11,2.493701763366285e-12,7.458188711694966e-13,3.690363190949008e-13,5.752470184981529e-13,3.235345313666362e-08,1.000000006240228,5
533,04:07:00,1.644627816411769e-11,3.2272778227026495e-12,1.2279380566831906e-12,2.834046654839398e-13,3.916133360323249e-13,4.8600096059022714e-08,1.00000000621668,5
534,04:07:30,1.0894201349243232e-11,2.628721108777301e-12,8.389507798169066e-13,4.0445752959951327e-13,7.353783459436897e-13,6.3163750110417094e-09,1.0000000061934267,5
535,04:08:00,1.455007817435375e-11,3.6229596238496526e-12,8.411872662984043e-13,3.853469595037197e-13,7.080814068904393e-13,1.9372708854254436e-08,1.0000000061704672,5
536,04:08:30,2.1722307079680038e-11,4.016298370734294e-12,8.683111052774804e-13,2.5645474437858784e-13,6.161079054695901e-13,3.000766222384605e-08,1.0000000061478003,5
537,04:09:00,6.5261652664325054e-12,9.853620143174746e-13,7.193209527028512e-13,3.8892701183473816e-13,4.474023069217479e-13,1.3875029859644961e-08,1.0000000061254186,5
538,04:09:30,1.2650486255028616e-11,2.727842969662101e-12,1.0311766125673838e-12,3.6259916227249556e-13,8.987254454853658e-13,4.7578123382512014e-09,1.0000000061033256,5
539,04:10:00,1.850571805764972e-11,2.347711796316938e-12,6.415724316745926e-13,2.046433810801637e-13,4.040533473893383e-13,2.5879381483484314e-08,1.000000006081516,5
540,04:10:30,1.3460015735319988e-11,2.8530199025419145e-12,5.512562698843304e-13,1.8723756865457893e-13,2.991706228913331e-13,3.4004436014633213e-08,1.0000000060599878,5
541,04:11:00,3.020528189438901e-11,2.4822861233962225e-12,6.954146023050135e-13,1.9998694903843007e-13,3.5666616398609166e-13,3.7554770333899297e-08,1.0000000060387402,5
542,04:11:30,1.852227561662501e-11,2.135162508315453e-12,9.167800085607146e-13,2.0690284548493384e-13,4.299106252183697e-13,1.0769205831577938e-07,1.0000000060177725,5
543,04:12:00,1.4347200215415524e-11,1.8503262545300313e-12,7.387672126981007e-13,1.8298717032678918e-13,3.930080530104351e-13,4.9755481276925645e-08,1.0000000059970815,5
544,04:12:30,1.2803674377314162e-11,4.2732122799730775e-12,1.311244981724062e-12,4.001559565485595e-13,6.460511648706494e-13,3.577287173751079e-08,1.0000000059766654,5
545,04:13:00,5.327699248534992e-12,1.992316455565556e-12,1.0612062171792241e-12,5.684432461070855e-13,1.0489520433303909e-12,8.11464183253395e-09,1.0000000059565208,5
546,04:13:30,1.98037448714689e-11,5.961078988916862e-12,8.441314914282671e-13,2.0380933389569716e-13,3.705281139201251e-13,3.262217742708233e-08,1.0000000059366507,5
547,04:14:00,2.460526136333863e-11,3.156074461934819e-12,7.279287049635992e-13,2.0817735004099831e-13,3.9113664458594575e-13,7.202984507766985e-08,1.000000005917046,5
548,04:14:30,1.9434476951136526e-11,2.8261457192886995e-12,4.550086154736912e-13,2.0985149289248678e-13,4.153736900081808e-13,5.5423441754624145e-08,1.0000000058977088,5
549,04:15:00,1.5678030497987523e-11,2.8581900682378777e-12,6.836387212620778e-13,2.2300574264783979e-13,3.062058647289527e-13,6.0398997474187e-08,1.0000000058786422,5
550,04:15:30,4.8326357471781e-11,2.259531363211666e-12,7.188400175885035e-13,2.4453334710335984e-13,4.87580469929888e-13,5.23690791076836e-08,1.0000000058598395,5
551,04:16:00,1.865294870938945e-11,2.4050637336559382e-12,6.748015325399707e-13,1.8360153315128597e-13,3.0426732902373067e-13,5.011215569602582e-08,1.0000000058412977,5
552,04:16:30,2.951254113781538e-11,1.5883348683130939e-12,7.59668149148601e-13,2.168591083804295e-13,3.4421040440721394e-13,4.139786552601936e-08,1.0000000058230174,5
553,04:17:00,2.5767773847916918e-11,2.6338421206596174e-12,7.88256638039437e-13,2.1140794394192782e-13,4.416716505224791e-13,9.950356184061926e-08,1.0000000058049996,5
554,04:17:30,5.364288252959528e-11,3.3593803214087077e-12,8.631075216719166e-13,1.8314465161275665e-13,2.5873775846910024e-13,1.2396908294520104e-07,1.0000000057872382,5
555,04:18:00,2.9113759497291784e-11,1.7090565457000014e-12,7.195945775379607e-13,2.2067405180655602e-13,3.5154383135247414e-13,8.786333555659718e-08,1.0000000057697387,5
556,04:18:30,2.088774268961928e-11,2.2314484215587457e-12,7.848972803154826e-13,4.3924261928247283e-13,5.941742815897182e-13,6.063774249212533e-08,1.000000005752493,5
557,04:19:00,9.130975133636956e-12,1.7375422335513273e-12,6.086746632072388e-13,1.746074124205999e-13,2.5785854447541654e-13,1.8313541164619256e-08,1.0000000057355007,5
558,04:19:30,2.155414167125857e-11,3.2064421583703758e-12,7.810923220765868e-13,1.9909198052601327e-13,2.9980893685496695e-13,3.813119488733587e-08,1.0000000057187648,5
559,04:20:00,4.293910274124948e-11,2.23853899711363e-12,8.577632782202459e-13,2.3278421937183505e-13,5.057195701131904e-13,9.608006606258702e-08,1.0000000057022793,5
560,04:20:30,3.3122669984336076e-11,2.6913374796092053e-12,8.418697959956295e-13,2.1738591595568404e-13,3.4354168876766886e-13,9.156675764755843e-08,1.0000000056860454,5
561,04:21:00,1.7115583124036635e-11,2.1417159211238054e-12,5.234256334792586e-13,1.8610041626809657e-13,2.6550590867947637e-13,1.2037404122653926e-08,1.0000000056700598,5
562,04:21:30,2.083836961082113e-11,1.928805167511563e-12,7.204781734459487e-13,2.51312135795597e-13,2.889409791035621e-13,1.740400248331342e-08,1.0000000056543261,5
563,04:22:00,5.148695426632995e-12,1.0379826570027312e-12,1.44567745422686e-12,4.3422414889704484e-13,4.222966288907381e-13,4.692223055574528e-09,1.000000005638842,0
564,04:22:30,4.513894558304541e-12,9.167067409449913e-13,6.788633951245946e-13,3.329584546459562e-13,4.483406967097173e-13,3.2913920248243114e-09,1.0000000056236031,1
565,04:23:00,2.4446790038281518e-12,8.440014073899361e-13,1.3596681399178e-12,2.91641061728963e-13,2.9680866549132633e-13,3.2471320690233475e-09,1.0000000056086096,0
566,04:23:30,3.373138181765403e-12,9.31427100823723e-13,2.478291626436098e-12,2.6676551267251473e-13,4.4168576501245164e-13,7.71953148949264e-09,1.000000005593864,0
567,04:24:00,4.292953251065319e-12,1.1533298301735343e-12,9.231564216979744e-13,4.758406627126906e-13,7.175307836413609e-13,8.628542600391012e-09,1.0000000055793632,1
568,04:24:30,5.496734558152802e-12,1.4107536758439746e-12,1.130510956303273e-12,3.959743572682467e-13,8.26285656723061e-13,1.0023010277128782e-08,1.0000000055651035,1
569,04:25:00,8.78351665986464e-12,1.6611965820300395e-12,1.238783809654255e-12,5.247821438811945e-13,7.43523905057582e-13,2.698083751314429e-09,1.00000000555109,1
570,04:25:30,1.4043549641214295e-11,1.9579326031235117e-12,1.270142866108711e-12,3.086157930045724e-13,7.070423038692667e-13,2.6092510437404743e-09,1.0000000055373168,1
571,04:26:00,2.441584997808016e-11,4.54404190058338e-12,2.09812818991914e-12,4.648030293741156e-13,1.2600307501536002e-12,8.687317676761428e-10,1.0000000055237843,1
572,04:26:30,1.3988091879644239e-10,8.90871752736878e-12,2.5365977889924372e-12,6.877800444295141e-13,1.5186319788171466e-12,3.611382768374574e-10,1.0000000055104923,2
573,04:27:00,2.3730028738605933e-11,5.43044865418707e-12,1.5039319298187572e-12,4.411356944137593e-13,8.467445263970394e-13,4.186351238828311e-11,1.0000000054974416,2
574,04:27:30,3.8852040948058055e-11,5.441431438121434e-12,1.2409518249841326e-12,6.180983850998095e-13,5.277512521461869e-13,4.890047041816336e-10,1.0000000054846272,2
575,04:28:00,3.6634503899102457e-11,5.126358398313718e-12,1.9504385009022233e-12,1.4669856476148476e-12,4.348194700270103e-12,2.7852227482713477e-09,1.0000000054720513,2
576,04:28:30,1.1551157552862558e-11,3.2282265889500924e-12,8.572403203720019e-13,3.432164252206673e-13,5.075579566841569e-13,6.240860744938363e-09,1.0000000054597145,1
577,04:29:00,3.376747953319036e-11,9.993969479876096e-12,1.75375430298418e-12,1.224508019338338e-12,1.7753919680874266e-12,3.312798394788064e-09,1.0000000054476155,2
578,04:29:30,1.870806562647403e-11,2.5054191962800355e-12,8.862751974451583e-13,8.111494726670706e-13,1.7644734397459973e-12,6.901732462151301e-11,1.0000000054357545,2
579,04:30:00,5.1512600314806116e-11,8.29015185700096e-12,2.8292724027751626e-12,1.8784916067353772e-12,3.3798249571259486e-12,9.452997299889197e-11,1.0000000054241287,2
580,04:30:30,3.6035135193013124e-11,5.742928899113821e-12,1.819243569745752e-12,7.214434384138393e-13,1.305025525259521e-12,1.0799261581168435e-10,1.0000000054127385,2
581,04:31:00,3.195176125882143e-11,4.0069571658991785e-12,2.5082033553684443e-12,5.880084767324354e-13,1.1699197779290726e-12,8.554877028076272e-11,1.0000000054015883,2
582,04:31:30,1.5340221094698813e-11,2.5688454779285882e-12,1.2311738672413327e-12,3.708314267979104e-13,7.335124666523059e-13,5.873071723063102e-10,1.0000000053906717,2
583,04:32:00,7.903854859040438e-11,7.665844320158711e-12,3.282482205305603e-12,1.2282387963831656e-12,2.8669911524931405e-12,1.3571350649173262e-10,1.0000000053799885,2
584,04:32:30,2.619561299788899e-11,3.65509791401966e-12,1.1632269154721116e-12,3.2502582700567796e-13,7.42778382827058e-13,8.382139210237194e-11,1.0000000053695428,2
585,04:33:00,5.015627287417369e-11,5.786175786038204e-12,2.6188623607180205e-12,1.051142595931288e-12,2.800808484027408e-12,1.2285076747498606e-10,1.00000000535933,2
586,04:33:30,4.2691750852811895e-11,6.205918385806011e-12,1.6833934700135547e-12,1.26414057710797e-12,2.1843810613722994e-12,1.1570769786140256e-10,1.0000000053493525,2
587,04:34:00,3.052811106753438e-11,6.264349389391829e-12,1.4087870908122479e-12,7.286169395892532e-13,1.5541125670082713e-12,1.0662025877095439e-10,1.000000005339611,2
588,04:34:30,7.03561817696841e-11,4.149522392040725e-12,2.6878046729967368e-12,7.995618747203092e-13,1.834120413027851e-12,3.667147906629206e-09,1.0000000053301044,1
589,04:35:00,2.696334630366597e-11,4.215687391903735e-12,1.3975207236602983e-12,1.0817840625604926e-12,1.3626965176045855e-12,5.081971347164855e-10,1.00000000532083,2
590,04:35:30,7.047091068118396e-11,7.571067283298291e-12,3.6254664982100764e-12,2.26267207014061e-12,8.494214517908652e-12,6.91227546621189e-10,1.0000000053117903,2
591,04:36:00,3.067908991004383e-11,5.193506140734231e-12,1.7778713839837909e-12,7.176514954423847e-13,2.4720199597535097e-12,6.167899961091671e-10,1.0000000053029852,2
592,04:36:30,4.977702858224395e-11,8.450901744498799e-12,2.605512623544667e-12,1.1265051858289264e-12,5.098093685700109e-12,7.07138369988536e-11,1.0000000052944158,2
593,04:37:00,3.975814523872201e-11,6.232635190533274e-12,1.7071850040601214e-12,9.824303650551212e-13,4.269024343412668e-12,1.264991701480308e-10,1.0000000052860807,2
594,04:37:30,5.07105283938642e-11,7.695492160605653e-12,1.8611964480999126e-12,8.473611762389699e-13,2.8927710481052214e-12,2.6898221866920267e-10,1.000000005277977,2
595,04:38:00,3.426146771077281e-11,6.6364051192261945e-12,3.5017920497581698e-12,1.6578573939453924e-12,7.899104935092656e-12,1.2251756203530434e-10,1.0000000052701137,2
596,04:38:30,9.517081696635265e-11,1.1775594924866882e-11,2.826598747210314e-12,8.473998504291945e-13,3.5465840117251655e-12,9.127848007513812e-11,1.0000000052624873,2
597,04:39:00,8.135608608947188e-11,8.24536533379235e-12,1.9095688991486067e-12,8.374368241136259e-13,1.6155330557850001e-12,1.241879897857506e-10,1.0000000052550913,2
598,04:39:30,5.485453401557928e-11,1.0363865862134905e-11,2.365468091715371e-12,6.914728929006303e-13,2.542333677170572e-12,8.940646043974619e-11,1.0000000052479334,2
599,04:40:00,6.503456123078012e-11,8.076622526361004e-12,2.7247680781728976e-12,4.1241694322525455e-13,1.1830424205113714e-12,2.0272332553270354e-10,1.0000000052410116,2
600,04:40:30,6.816070830911267e-11,1.0369849045390693e-11,3.0947530924432827e-12,1.852531014328569e-12,7.85297095438267e-12,9.232015750781094e-11,1.0000000052343223,2
601,04:41:00,7.961782701738213e-11,6.067007882960949e-12,1.6217212970717845e-12,6.272364735597334e-13,1.5843182591915595e-12,1.5111064965522754e-10,1.0000000052278735,2
602,04:41:30,8.429590937099656e-11,1.1253289691684588e-11,2.7826156847627528e-12,1.312672337485951e-12,3.1749036892933246e-12,1.25440698412675e-10,1.0000000052216638,2
603,04:42:00,5.466550692282194e-11,4.2348049995864656e-12,1.4789008927183822e-12,4.41795654617264e-13,1.6157311178930668e-12,1.0145169046350351e-10,1.0000000052156859,2
604,04:42:30,8.427813095286915e-11,1.0131083711083398e-11,2.2943644345970097e-12,1.314590811693151e-12,6.741547705713273e-12,1.3213112747912894e-10,1.0000000052099527,2
605,04:43:00,4.91632604147721e-11,9.097770074983168e-12,1.9547667457513818e-12,1.9785362986256552e-12,8.243188776568789e-12,1.2448415133426624e-10,1.0000000052044589,2
606,04:43:30,1.7946384253617555e-10,1.5176227455465626e-11,2.9102622965880257e-12,3.8576977063042397e-13,1.4361137880564021e-12,2.48740284476062e-10,1.0000000051992022,2
607,04:44:00,1.9300674956354555e-10,1.0630049261625318e-11,3.5805642339623766e-12,8.788538547942731e-13,2.740472763675109e-12,3.363214470776035e-10,1.0000000051941862,2
608,04:44:30,4.930737698790226e-11,5.94786155594536e-12,1.6682132118997077e-12,5.007962244715383e-13,1.3547034279202039e-12,1.57342515685452e-10,1.000000005189414,2
609,04:45:00,7.217381481482947e-11,1.1651011644101717e-11,3.1302223662343983e-12,1.6051168363797653e-12,8.052995448363361e-12,1.5968092778683e-10,1.0000000051848847,2
610,04:45:30,5.846994736874828e-11,7.458405062156026e-12,1.8893821825478294e-12,7.420007474565759e-13,2.6124036023279776e-12,9.220196864719189e-11,1.0000000051805966,2
611,04:46:00,2.1834033315398163e-10,1.555027368084112e-11,5.152300337801389e-12,9.157406526611102e-13,4.342416907355698e-12,2.0602723758851756e-10,1.0000000051765499,3
612,04:46:30,8.238876543599919e-11,1.0045489570447847e-11,1.6334374001050302e-12,3.412894715450707e-13,1.2598392075091758e-12,2.629261240970652e-10,1.0000000051727518,2
613,04:47:00,1.2612604901841128e-10,9.236279618521827e-12,2.912777967923457e-12,1.4881946088322882e-12,6.460429902166246e-12,1.2087437408646826e-10,1.0000000051691986,3
614,04:47:30,1.4339055142863362e-10,1.3421576095904987e-11,2.8006550934720634e-12,1.0962058941523528e-12,4.659179325088361e-12,1.7916842852494671e-10,1.0000000051658928,3
615,04:48:00,1.1706501668044304e-10,8.845323743790861e-12,3.184355771458822e-12,5.122668952592967e-13,1.2562778907488488e-12,4.775270241200898e-10,1.0000000051628353,2
616,04:48:30,4.731286970144706e-11,7.848016775611581e-12,1.388318385500387e-12,5.948900520982234e-13,1.0078533163908646e-12,1.725623152158509e-10,1.0000000051600284,2
617,04:49:00,9.822625853502076e-11,7.262668113127767e-12,2.452875329755123e-12,5.012250248577653e-13,9.136372413794837e-13,1.5597724858859368e-10,1.0000000051574707,2
618,04:49:30,1.0527236955474064e-10,1.0795035104922986e-11,2.2703001771130682e-12,5.647218042140481e-13,1.8159918255266635e-12,1.1770474551393185e-10,1.0000000051551634,3
619,04:50:00,8.81093990107191e-11,1.0235217764055229e-11,2.601590744279496e-12,6.702410363761954e-13,3.021848709525587e-12,2.0071758632790744e-10,1.0000000051531106,2
620,04:50:30,1.0025582254385519e-10,9.57168540284976e-12,2.5788943850870045e-12,6.565072063158343e-13,2.402551333140475e-12,1.8063241014697876e-10,1.0000000051513114,2
621,04:51:00,1.4895971109136442e-10,1.1206367029157251e-11,2.8406890390752507e-12,1.0652110358381338e-12,3.6271472540326723e-12,1.579284719610242e-10,1.000000005149768,3
622,04:51:30,1.5986845509853777e-10,8.10011829619566e-12,2.455033921113855e-12,4.0521551835222816e-13,1.6693528249445106e-12,2.400520000155438e-10,1.000000005148487,3
623,04:52:00,2.6683943602127415e-10,1.2713846261478019e-11,3.0028321044527953e-12,9.011210130732658e-13,2.950771202720314e-12,2.5228310817705697e-10,1.0000000051474607,3
624,04:52:30,9.740444615516482e-11,8.902877017849129e-12,2.08852957178014e-12,8.862751308513512e-13,3.654961079615243e-12,2.1718394250513636e-10,1.000000005146694,3
625,04:53:00,1.432102505265575e-10,1.198195103387731e-11,2.429061853016476e-12,6.485605406192512e-13,3.1816267023368326e-12,2.632908391465482e-10,1.00000000514619,3
626,04:53:30,1.7261767669146852e-10,1.0473931083640545e-11,2.5762648363637557e-12,1.1469726685543888e-12,4.604056351261699e-12,1.722559757961292e-10,1.00000000514595,3
627,04:54:00,2.168119687388332e-10,1.4408532477162231e-11,2.522658957057727e-12,4.178872540696314e-13,1.0470889783999613e-12,2.276916920157979e-10,1.0000000051459768,3
628,04:54:30,1.159021141708372e-10,1.410003477376372e-11,2.4236149932852766e-12,9.628745649378462e-13,4.676791582513992e-12,1.5213058071858585e-10,1.0000000051462705,3
629,04:55:00,2.3487692879810093e-10,1.8738260275147687e-11,3.710775450567792e-12,4.326984904553598e-13,1.5015156036138305e-12,2.8595584413090585e-10,1.0000000051468334,3
630,04:55:30,1.6803879673792943e-10,7.648080153822595e-12,4.837806494902447e-12,1.143271332295441e-12,4.141951003293671e-12,1.4623427399566776e-09,1.0000000051476676,3
631,04:56:00,2.105174101925411e-10,1.2222064532692988e-11,3.6363029300366743e-12,6.228365712682111e-13,1.9079397451135827e-12,1.3023862803997463e-09,1.0000000051487767,2
632,04:56:30,1.3785865228883456e-10,1.3637509004207242e-11,3.4242741763617024e-12,9.663128999107748e-13,2.198031125519181e-12,7.248483336022017e-10,1.000000005150161,2
633,04:57:00,1.1725659255962818e-10,8.694572587228804e-12,2.0836511816940304e-12,4.1816285269607074e-13,1.3673500220636181e-12,2.346646350327734e-10,1.0000000051518216,2
634,04:57:30,4.6742699243302814e-11,7.206026150728578e-12,2.280950165625515e-12,2.444961552429911e-12,1.2788582729046453e-11,1.6448046502246477e-10,1.000000005153762,2
635,04:58:00,8.371495995303936e-11,8.992162510231635e-12,2.5957033942238207e-12,6.157819281159168e-13,2.3061613782632242e-12,3.006418057309403e-10,1.0000000051559867,3
636,04:58:30,1.8938798290811508e-10,9.106626670060245e-12,2.2920320590684516e-12,6.981130223149562e-13,2.9285119233159252e-12,2.8908185676187464e-10,1.0000000051584943,3
637,04:59:00,2.8659449641161236e-10,1.091788044608569e-11,1.947535926259934e-12,3.823709852228674e-13,9.107223613637375e-13,2.2215626537184206e-10,1.000000005161291,3
638,04:59:30,1.6138179531631006e-10,1.0777175643270485e-11,1.8309475678484313e-12,4.804828290711642e-13,1.0116477542079422e-12,2.016296976219936e-10,1.0000000051643751,3
639,05:00:00,1.3550982759757388e-10,9.839132336543625e-12,2.678753684165793e-12,6.148628829144045e-13,1.6776685865325521e-12,1.7461773848323851e-10,1.0000000051677527,3
640,05:00:30,1.5875851269152273e-10,1.1360669494188454e-11,2.036782527644812e-12,1.0148183120130953e-12,4.228684276950012e-12,3.0712504569579776e-10,1.000000005171425,3
641,05:01:00,1.1774938057861163e-10,1.8531033300673924e-11,2.876716586925166e-12,5.488168442656763e-13,2.028047064976253e-12,3.1817972798327666e-10,1.000000005175396,2
642,05:01:30,3.440311606384541e-10,1.9129233310346284e-11,3.4405867324070107e-12,7.306546117702181e-13,3.711973112341833e-12,3.379066718515625e-10,1.0000000051796674,3
643,05:02:00,2.3253775406421498e-10,1.4517699295662456e-11,2.357185120533362e-12,4.5233850760692943e-13,1.3052190152584749e-12,2.6425723441243165e-10,1.0000000051842437,3
644,05:02:30,3.17982320820876e-10,1.355063072525476e-11,2.378135028694074e-12,8.473571597328617e-13,3.826790352957079e-12,2.792769890766631e-10,1.000000005189127,3
645,05:03:00,3.197006782973235e-10,1.4384474856954626e-11,1.821971135384363e-12,4.500032864306055e-13,1.75043902626774e-12,4.251154950835832e-10,1.0000000051943205,3
646,05:03:30,1.513820304638094e-10,1.0787454353087508e-11,2.5819950204365945e-12,4.165036611803041e-13,1.2129971866744079e-12,2.6516838236296503e-10,1.0000000051998266,3
647,05:04:00,1.8902682342662205e-10,1.2001769308286189e-11,2.279383254566781e-12,5.494116147692652e-13,1.9922981370010595e-12,4.4986827767586185e-10,1.0000000052056481,3
648,05:04:30,3.1948072916662066e-10,1.4550768046694168e-11,2.3415872248254055e-12,4.133583768868121e-13,1.1208535591521077e-12,3.296396437518552e-10,1.0000000052117917,3
649,05:05:00,1.6186933224709566e-10,1.2325695099371521e-11,1.8171335693294156e-12,3.3218990695572003e-13,9.611534678165523e-13,3.110798662825617e-10,1.0000000052182585,3
650,05:05:30,1.5330995983691828e-10,1.1503785185216609e-11,2.5830758116595065e-12,6.7421766645598e-13,2.160575459438287e-12,2.605631101706287e-10,1.000000005225049,3
651,05:06:00,2.2120154635699742e-10,1.154916420710806e-11,2.5877166736245375e-12,4.877196100057179e-13,2.0195344471694252e-12,3.2880032362119884e-10,1.0000000052321736,3
652,05:06:30,2.1379265583760739e-10,1.2484857811019142e-11,3.0465948541462115e-12,4.990228346871732e-13,2.284428032593303e-12,3.2189803976218723e-10,1.0000000052396298,3
653,05:07:00,2.33747765997214e-10,1.2313179629489293e-11,2.1242510197641407e-12,6.530815469663969e-13,2.407885245798852e-12,2.5635638695110096e-10,1.0000000052474247,3
654,05:07:30,2.3326563112281195e-10,1.3586686181791808e-11,1.7703792241552106e-12,3.5903362283242395e-13,9.739341700395476e-13,3.645470001233855e-10,1.0000000052555635,3
655,05:08:00,2.3280967020561265e-10,1.1385514288008717e-11,2.5602189239208035e-12,4.518609496386966e-13,1.6217776205519165e-12,4.3158638035850665e-10,1.0000000052640494,3
656,05:08:30,1.811044612602772e-10,1.2423482634805514e-11,1.9909979660612047e-12,6.655759312143863e-13,2.0065591209649174e-12,2.8152298578498963e-10,1.0000000052728844,3
657,05:09:00,1.6045340160279993e-10,1.0233633750823002e-11,1.797995943367577e-12,9.410130679842357e-13,5.2292139320239076e-12,3.2110547683819953e-10,1.0000000052820759,3
658,05:09:30,3.423546157600376e-10,1.5010336311873356e-11,2.451601582269941e-12,3.3664965122599333e-13,1.2171049764026182e-12,3.543025722070914e-10,1.0000000052916256,3
659,05:10:00,2.3122787723052132e-10,1.548073937157441e-11,2.911647510989626e-12,5.924372948523276e-13,2.526307502812664e-12,5.771800266725345e-10,1.0000000053015403,3
660,05:10:30,1.9169654747315157e-10,1.5225237773043366e-11,2.979539178173727e-12,5.177233109130934e-13,2.0355429070356526e-12,4.025337374172134e-10,1.0000000053118256,3
661,05:11:00,2.0697055060571888e-10,1.4590904834197566e-11,2.5149710186452616e-12,3.1223410381861924e-13,9.83174757789674e-13,5.362271463681198e-10,1.0000000053224825,3
662,05:11:30,1.7028365445053088e-10,3.3331536655175867e-12,2.0015272704486417e-12,1.4288294143647031e-12,2.6885946739602786e-12,7.693717821135539e-09,1.000000005333519,0
663,05:12:00,5.91798565925176e-12,6.748480003985493e-13,8.350760607430708e-13,3.4260082247752433e-13,4.1011242051863477e-13,8.915931704454718e-09,1.0000000053449405,0
664,05:12:30,9.068663475246098e-11,2.860264756971567e-12,9.140516572279576e-13,4.458579311448642e-13,6.668902561828634e-13,4.750501662820523e-09,1.0000000053567502,0
665,05:13:00,7.521781964823303e-12,8.13655852878852e-13,5.244473584290916e-13,2.237386493409746e-13,2.6473460612388253e-13,1.0302555376261522e-09,1.0000000053689542,0
666,05:13:30,7.722175411764272e-12,7.852248894615489e-13,5.582559964014222e-13,2.318606139643712e-13,3.3601495113348743e-13,2.301293286873143e-08,1.000000005381558,0
667,05:14:00,1.1137702573907402e-11,2.1772406962085144e-12,1.3679862818183643e-12,5.981087670467301e-13,1.2873587442137847e-12,2.1033673370969842e-08,1.0000000053945688,1
668,05:14:30,7.614208846385051e-12,1.1900844319169695e-12,1.0497870898125591e-12,4.038950276666745e-13,7.292912239546674e-13,5.260381457296055e-09,1.0000000054079918,1
669,05:15:00,5.9630760628995874e-12,7.39533650245453e-13,3.5155808820603094e-13,1.4937421095707857e-13,1.8706704459115583e-13,3.802151324944438e-09,1.0000000054218328,0
670,05:15:30,6.14788083334344e-12,1.8005256595235488e-12,1.7573237995030026e-12,5.733070169371464e-13,1.0304297232996326e-12,2.407401625971042e-08,1.0000000054360962,1
671,05:16:00,7.390205223076963e-12,2.159018712139684e-12,1.1283510300906007e-12,4.118888337628331e-13,7.632079311906397e-13,3.5784886667078054e-08,1.0000000054507907,1
672,05:16:30,4.787534443285115e-12,7.599560966588179e-13,8.547566299417779e-13,6.255822310003582e-13,1.078635472752885e-12,7.413121601311527e-09,1.0000000054659213,0
673,05:17:00,8.126276806820067e-12,9.87015001194548e-13,5.088936950530696e-13,2.111714630654318e-13,3.202661090169911e-13,2.53983190326383e-09,1.0000000054814948,0
674,05:17:30,2.5182662791467988e-12,1.022420610872799e-12,8.078162317223922e-13,4.60314246800504e-13,8.202982600252133e-13,2.8458161195009485e-08,1.0000000054975227,0
675,05:18:00,7.138545636231806e-12,1.4676250233783401e-12,3.3352167633982003e-13,2.1481046339394393e-13,2.8156050977392325e-13,2.1965768907181105e-09,1.0000000055140055,0
676,05:18:30,1.0249580735958687e-11,1.943358279844978e-12,1.3678120904515048e-12,6.42785789352541e-13,1.3291169564994848e-12,1.3808294910189965e-08,1.000000005530951,1
677,05:19:00,1.2746915960025892e-11,1.8078884837974101e-12,1.1975204768121687e-12,5.422333516202699e-13,9.535522260358924e-13,3.552108609448395e-09,1.0000000055483709,1
678,05:19:30,5.93100840820504e-11,4.610401778518366e-12,2.6998316746060564e-12,7.202140625315672e-13,1.2981531315739956e-12,4.786692893006002e-09,1.000000005566267,2
679,05:20:00,7.283579859436978e-11,5.991464812315319e-12,3.089245384775601e-12,1.0139777199525613e-12,4.262555107916952e-12,2.3351719099207684e-09,1.0000000055846532,2
680,05:20:30,9.325136028341861e-11,6.706283427015249e-12,2.4467039347725984e-12,7.885374769534938e-13,2.744511905417169e-12,3.6883558018898974e-09,1.0000000056035356,2
681,05:21:00,9.97844015544793e-11,9.284776416919544e-12,2.569769559075289e-12,9.33089140546931e-13,1.6849638852157152e-12,1.120241201145343e-09,1.00000000562292,2
682,05:21:30,1.0216920368311506e-10,4.590593943021689e-12,2.6382356952079e-12,6.618129594307407e-13,1.409335037649861e-12,3.87706512135577e-09,1.0000000056428182,2
683,05:22:00,3.900515643311866e-11,8.673272321171938e-12,2.29473183558109e-12,3.9341175529630856e-13,1.0928385140586223e-12,1.0630469916789841e-09,1.0000000056632374,2
684,05:22:30,5.4340338369991217e-11,7.644928777988395e-12,1.7882034700882443e-12,1.4453360712310012e-12,1.2136113864249806e-12,1.8638418881712463e-09,1.0000000056841853,2
685,05:23:00,1.0422000976774627e-10,6.096705066902988e-12,1.998279400681605e-12,1.6655266435076025e-12,2.8108097531656857e-12,4.3396315033192534e-10,1.0000000057056726,2
686,05:23:30,4.0122025130825863e-11,7.98390330021159e-12,2.809198250407602e-12,5.562912563396297e-13,1.1608115876922614e-12,1.1145465353366857e-09,1.0000000057277103,2
687,05:24:00,1.0182485442363375e-10,4.966617180585031e-12,1.4813615877053346e-12,5.29074635234498e-13,1.0708297323416347e-12,1.437565508145859e-09,1.0000000057503038,2
688,05:24:30,3.1911804646387524e-11,3.602764601520375e-12,8.522921681499182e-13,2.6493395245403886e-13,3.245883895994732e-13,1.3907983949296423e-09,1.0000000057734673,2
689,05:25:00,7.420156080647678e-11,4.829834162746409e-12,1.9428050396064868e-12,5.115808320175777e-13,1.4926723085508157e-12,3.679747108792937e-10,1.0000000057972098,2
690,05:25:30,4.277116790928079e-11,4.956239226526808e-12,2.6391372907314227e-12,1.2436187251440835e-12,1.7859656035721954e-12,8.282821337903958e-11,1.0000000058215395,2
691,05:26:00,2.6965475612234735e-11,5.3689948388126485e-12,9.139569234963756e-13,4.3905437852160234e-13,8.508456802455259e-13,5.343622168405324e-10,1.0000000058464698,2
692,05:26:30,8.598934423244029e-11,6.139606608800916e-12,1.4708789175385036e-12,7.745340014736808e-13,2.6732207664752012e-12,2.529093237810296e-10,1.000000005872011,2
693,05:27:00,2.150226912760153e-10,5.484395488615109e-12,3.207191189983888e-12,1.2096487888785006e-12,3.611376796005758e-12,4.385551561907041e-09,1.0000000058981735,2
694,05:27:30,4.94507773690807e-11,6.290622083060557e-12,1.479554216994458e-12,4.431231710345007e-13,7.48684034659263e-13,8.194455075820793e-10,1.000000005924972,2
695,05:28:00,3.7254390741145636e-11,5.778962429559183e-12,2.625106679152766e-12,1.590305585743082e-12,3.796026277055547e-12,1.2155048321442115e-10,1.0000000059524166,2
696,05:28:30,6.213250474154751e-11,6.593304336750137e-12,3.3509427941651922e-12,9.329303584016266e-13,2.8367546191595207e-12,2.0818717968954475e-10,1.0000000059805185,2
697,05:29:00,6.1931783962672234e-12,8.273432686569226e-13,5.014023377621704e-13,3.995071749814252e-13,5.752552795566157e-13,2.272305576253001e-09,1.0000000060092928,0
698,05:29:30,2.2181824890335734e-11,1.8998253883615657e-12,5.988186150012411e-13,3.5233991966448264e-13,4.979292478616128e-13,8.440012116212441e-09,1.0000000060387528,1
699,05:30:00,1.676223909642755e-10,4.0049675808588426e-12,1.6083894914316428e-12,6.616037578259388e-13,1.1146155822605954e-12,4.758316918933699e-09,1.0000000060689098,2
700,05:30:30,1.274562735089101e-10,6.096728715706593e-12,2.6812656124516954e-12,1.3038254698534162e-12,4.025717691783055e-12,2.130419361916303e-09,1.0000000060997782,2
701,05:31:00,8.294185014385331e-11,7.303163405866779e-12,3.0934497462938118e-12,1.5016947967177491e-12,3.316597898390777e-12,8.236472402703834e-10,1.000000006131375,2
702,05:31:30,1.0082154285548931e-10,6.389530527854567e-12,1.8351712402975212e-12,5.81564686467973e-13,1.60014975264735e-12,1.66950354808107e-09,1.000000006163709,2
703,05:32:00,2.715916059232603e-11,4.282765032721364e-12,1.2201290410202572e-12,6.045385986593479e-13,1.4490329173577801e-12,1.2690822446864527e-09,1.0000000061968009,2
704,05:32:30,4.879557085993267e-11,6.591414783866618e-12,2.3118274757684407e-12,7.245966006928136e-13,1.2047641732608596e-12,6.856297649685618e-10,1.0000000062306627,2
705,05:33:00,8.374314499833017e-11,4.965200380406607e-12,1.7703433944619915e-12,4.902575931053614e-13,1.176656469190357e-12,1.0089173434622331e-09,1.0000000062653118,2
706,05:33:30,5.118309601848986e-11,6.159729921460181e-12,4.018279199897445e-12,9.089118970963337e-13,2.876787560510236e-12,8.869028283095926e-11,1.0000000063007657,2
707,05:34:00,6.529893944622117e-11,7.259686626022924e-12,2.1431486763359818e-12,5.530251484123046e-13,1.5296843953150444e-12,5.989348942774563e-11,1.0000000063370404,2
708,05:34:30,6.62535039499819e-11,6.1571855006739625e-12,3.190453326041218e-12,1.924457845329756e-12,4.8216840862776185e-12,3.104489951067517e-10,1.0000000063741536,2
709,05:35:00,3.784597006617552e-11,5.878679408921426e-12,1.779921911991054e-12,5.668749754312918e-13,1.6018328921651838e-12,2.232511806765095e-10,1.0000000064121217,2
710,05:35:30,2.972942254957519e-11,4.415567113181325e-12,1.8348570682716944e-12,5.748418325833981e-13,9.309593643524045e-13,1.5184924349248972e-10,1.0000000064509629,2
711,05:36:00,4.6805596179977837e-11,5.240652197692524e-12,2.1089835533887403e-12,7.860176584380806e-13,1.6776258757066223e-12,1.7002002299611832e-10,1.0000000064906989,2
712,05:36:30,1.0668356627958197e-10,1.6782775316516372e-11,2.8565237949259984e-12,1.5308174847660876e-12,4.020780515865725e-12,2.6071063894594585e-10,1.0000000065313477,3
713,05:37:00,2.9004479893382582e-11,8.354999804010818e-12,2.196712577482292e-12,1.2153705804077264e-12,2.9127395931027763e-12,1.3102706707979367e-10,1.00000000657293,2
714,05:37:30,1.2816173388986372e-10,1.363951037985422e-11,2.55701958731342e-12,1.0241617302323503e-12,2.332906122462435e-12,1.610428030711719e-09,1.0000000066154646,2
715,05:38:00,4.735056472526689e-11,8.124992174114255e-12,2.006675488823744e-12,1.107052057129504e-12,2.1890367778883845e-12,3.507121765982009e-10,1.0000000066589776,2
716,05:38:30,3.9392886158625845e-11,7.090803730147969e-12,2.4062709144103592e-12,5.121526693956201e-13,1.3629490925839549e-12,4.1519277857905505e-10,1.000000006703484,2
717,05:39:00,8.547146133276411e-11,1.0303213353730825e-11,2.3980013657606503e-12,1.6195344212460191e-12,2.718514384418857e-12,9.845987972199488e-11,1.0000000067490111,2
718,05:39:30,5.0698256949869784e-11,5.890003289967852e-12,2.5485624948328257e-12,4.0454405812886794e-13,1.0421110714193037e-12,3.1068606165864454e-10,1.0000000067955799,2
719,05:40:00,1.1210521542620601e-10,1.1709384800225787e-11,4.699287744317731e-12,2.029669061636984e-12,4.8424246418243295e-12,2.4006033827775843e-10,1.000000006843216,2
720,05:40:30,6.259932032985551e-11,5.381020175888843e-12,2.0264482115541342e-12,4.575669736692239e-13,1.0156445794844491e-12,2.0394521751605846e-09,1.0000000068919446,2
721,05:41:00,3.618377548298661e-11,1.0021970166464934e-11,1.6984149650294869e-12,6.626924476603875e-13,1.261811718961311e-12,1.5920609522656455e-10,1.00000000694179,2
722,05:41:30,6.82077886433178e-11,7.484465053713746e-12,3.1780003523505034e-12,6.882869776300618e-13,1.9027662309217317e-12,1.245188478719004e-10,1.0000000069927795,2
723,05:42:00,5.978688263439387e-11,7.087787046121803e-12,1.868123483953066e-12,1.1015840619907027e-12,3.0539522648077612e-12,1.0007338637356199e-10,1.00000000704494,2
724,05:42:30,1.0925669078411561e-10,9.58115238733561e-12,1.9530488159293456e-12,7.758596571782102e-13,2.9354167407481534e-12,1.5186396520788955e-10,1.0000000070982977,2
725,05:43:00,5.4026417763277375e-11,8.288959455114023e-12,2.1315726592171406e-12,5.390902946796492e-13,1.1469521478614636e-12,1.1953732876349832e-10,1.0000000071528825,2
726,05:43:30,5.914135766039742e-11,1.105912609514289e-11,3.1075689314363728e-12,2.4849153727226187e-12,3.5448763180371624e-12,2.794737687445449e-10,1.0000000072087258,2
727,05:44:00,8.336719836212683e-11,6.818594610595055e-12,3.4740158189991227e-12,1.274885612901431e-12,4.416557277591217e-12,1.7683420498071086e-10,1.0000000072658568,2
728,05:44:30,3.677597242692794e-11,8.168913173734226e-12,1.6396436423007765e-12,6.678695114204034e-13,1.6386534793134113e-12,7.983143292577072e-11,1.000000007324308,2
729,05:45:00,2.8859251420015252e-11,5.612833966071833e-12,3.0390479500239972e-12,7.324012035394468e-13,1.897106015092858e-12,1.9510854863305782e-10,1.0000000073841089,2
730,05:45:30,3.6781572187399814e-11,6.424158792187716e-12,1.8301457964126314e-12,9.835575816232014e-13,2.837260334768163e-12,6.560240683728768e-11,1.000000007445298,2
731,05:46:00,1.205171020718056e-10,6.7965155368674836e-12,2.5109807940407808e-12,5.712002265182519e-13,1.4708446124494106e-12,2.5101071317508295e-10,1.0000000075079054,2
732,05:46:30,3.5013806696233763e-11,7.410791368534002e-12,4.112297150667474e-12,1.0755230318748754e-12,1.6918421038136514e-12,9.851519946582948e-11,1.0000000075719706,2
733,05:47:00,1.9114317890311443e-10,1.9725033472730952e-11,4.466980367461638e-12,1.7557368991782865e-12,3.2423043742241294e-12,1.5328706801443408e-10,1.0000000076375306,3
734,05:47:30,1.24425533277111e-10,9.630229399879009e-12,3.440843899565937e-12,4.936884450877778e-13,1.3729023454532756e-12,2.908385820978119e-10,1.0000000077046216,2
735,05:48:00,4.68335035247283e-11,1.0800464197712063e-11,2.1219701931870786e-12,4.742180683504994e-13,1.4557050266698895e-12,2.893094111288877e-10,1.0000000077732856,5
736,05:48:30,3.418596528212207e-11,8.196248368597837e-12,2.0606347506850907e-12,3.7935419743784465e-13,1.045272810125498e-12,3.5674535742970884e-09,1.0000000078435611,5
737,05:49:00,2.3593184346618063e-11,3.6401535495568845e-12,1.6012603436991623e-12,3.2577723510136815e-13,5.821599543053352e-13,1.4985798886687008e-08,1.0000000079154943,5
738,05:49:30,5.7605714932776e-11,4.472153971541203e-12,1.909828541539965e-12,5.657920249067104e-13,9.701150853154214e-13,4.9748935478958625e-09,1.0000000079891225,5
739,05:50:00,3.3015660962649405e-11,6.512024772663322e-12,1.3253585185233019e-12,2.7556201537028107e-13,7.832033296094e-13,1.0940371751402236e-08,1.0000000080644962,5
740,05:50:30,1.2506477526054733e-11,3.3215294630214453e-12,8.591732172450122e-13,3.6795323572068827e-13,1.0561709134690587e-12,5.7345406854549055e-09,1.000000008141663,5
741,05:51:00,2.4175359346049895e-11,3.861240637868461e-12,9.652521746345778e-13,2.507072493298481e-13,4.65921806954073e-13,1.003344740670612e-08,1.0000000082206664,5
742,05:51:30,2.3612148351093592e-11,4.43294317734147e-12,1.2859920154769402e-12,2.600105358718391e-13,4.76534186666714e-13,2.9268181644543808e-08,1.000000008301558,5
743,05:52:00,1.2470935429445509e-11,1.803672104634334e-12,1.3727923849189025e-12,4.1756695966587866e-13,6.96993164179113e-13,7.285123808144857e-09,1.000000008384392,0
744,05:52:30,1.396578735207617e-11,4.369489815956351e-12,1.0885538896771429e-12,3.6220119527398303e-13,7.157275985371196e-13,1.1314120029699105e-09,1.00000000846922,5
745,05:53:00,2.013311972835791e-11,3.291120447898662e-12,8.217718496078122e-13,2.631908796519762e-13,5.170034194431889e-13,1.676752142820745e-08,1.0000000085560956,5
746,05:53:30,1.2709942992844589e-11,1.919388301156264e-12,8.046824403637976e-13,2.430390345686424e-13,4.1805920120437576e-13,1.055809060929341e-09,1.0000000086450782,5
747,05:54:00,1.4054115268978136e-11,4.0464110993039705e-12,9.472402624707575e-13,2.2844809501593956e-13,4.4810397367430554e-13,8.368310845216605e-09,1.0000000087362273,5
748,05:54:30,2.1357844873701474e-11,3.5452360512177735e-12,7.161710016530219e-13,2.370454235746081e-13,4.28893249052689e-13,3.5443194231768666e-08,1.000000008829604,5
749,05:55:00,1.5889603511481865e-11,3.5427324511628334e-12,7.378947587328962e-13,2.1969238140746682e-13,4.1326838959881494e-13,2.392497979742669e-08,1.0000000089252707,5
750,05:55:30,1.0311925108995393e-11,2.368150695284204e-12,1.751730958334548e-12,4.944774478155114e-13,7.553537257005832e-13,5.839401333628219e-09,1.0000000090232943,5
751,05:56:00,1.825416013011662e-11,2.808764449262862e-12,1.4113634266736607e-12,3.8295105474840476e-13,6.105796909769002e-13,1.3972578627928723e-09,1.0000000091237433,5
752,05:56:30,1.9531920676832955e-11,4.3601420129907055e-12,1.809464319620952e-12,3.8832729727524705e-13,1.2092943102922118e-12,2.0505537274628417e-08,1.0000000092266887,5
753,05:57:00,2.2805215775291903e-11,5.13027055850616e-12,6.521577735326818e-13,2.0085070341080544e-13,4.808099017903646e-13,4.4188387565312356e-08,1.0000000093322008,5
754,05:57:30,1.3187336174011493e-11,3.3423246618964466e-12,8.051129602174778e-13,2.4108004743879457e-13,5.594090564623182e-13,1.0543669153165598e-08,1.0000000094403618,5
755,05:58:00,1.431588188793339e-11,2.2347678861110516e-12,8.724330947728075e-13,2.090338054973851e-13,2.7350284887662125e-13,4.5775785609808096e-09,1.000000009551246,5
756,05:58:30,1.735123688645842e-11,3.868935400335899e-12,5.836113363821857e-13,2.6798956675079504e-13,4.654099206965091e-13,2.8756624674069488e-08,1.0000000096649337,5
757,05:59:00,7.906657353391978e-12,1.3231614721103972e-12,1.0786923388016677e-12,3.530007054744369e-13,5.212485959473189e-13,5.993896595797517e-09,1.0000000097815143,1
758,05:59:30,1.9600623567672363e-11,4.8347068962203855e-12,1.2824407650739057e-12,2.98099418537373e-13,7.600320348046127e-13,1.0675271684718477e-08,1.0000000099010733,1
759,06:00:00,4.95385366129676e-11,1.1027409766634802e-12,1.2568202484110473e-12,5.744369906497778e-13,7.358114180516479e-13,7.138071915874135e-09,1.0000000100237036,0
760,06:00:30,7.790659524732037e-12,2.026316855228587e-12,1.4415876938688602e-12,3.8528113804270086e-13,7.373223746604491e-13,5.9042863877567175e-09,1.0000000101495001,1
761,06:01:00,1.4281475058787921e-11,3.273927091388426e-12,9.867145151351417e-13,4.603514246291726e-13,1.003112913312199e-12,2.4755902166091927e-10,1.0000000102785591,1
762,06:01:30,4.162810567991934e-11,4.052279951700714e-12,2.0043773322790206e-12,8.1854514524514e-13,1.4268396389813569e-12,6.128630698480073e-10,1.0000000104109845,2
763,06:02:00,1.8883449627812534e-11,3.7653176807955475e-12,1.9632971041721216e-12,6.575118879057283e-13,1.6649024658568107e-12,1.5146246284440168e-09,1.000000010546885,2
764,06:02:30,3.0826012136566127e-11,7.875249191703944e-12,3.34429833243583e-12,1.6125302315856196e-12,4.9461234751651715e-12,1.0531158492231052e-10,1.0000000106863671,2
765,06:03:00,7.13061511975851e-11,9.796414179689014e-12,1.92945595886269e-12,4.930538731462866e-13,1.2951255711982408e-12,1.5747385493444141e-09,1.0000000108295495,2
766,06:03:30,4.611521254129685e-11,1.0650087616434236e-11,1.3253145540262583e-12,5.642778296360909e-13,7.588392324988545e-13,1.8153679366394125e-08,1.00000001097655,5
767,06:04:00,2.2383606006155525e-11,3.3480619621538638e-12,1.5578288738744497e-12,4.878524470870465e-13,1.1918836572002492e-12,7.04507975351916e-09,1.0000000111274927,5
768,06:04:30,5.665940018085108e-11,3.9838195942962464e-12,1.7392682206344674e-12,4.790054045751726e-13,8.551585667086872e-13,6.323291402792168e-10,1.000000011282508,5
769,06:05:00,2.3193034754541895e-11,3.98693234082345e-12,1.174382628683378e-12,1.0279611886197114e-12,2.5468062293681073e-12,8.791326052981529e-09,1.0000000114417327,5
770,06:05:30,3.339408200558448e-11,7.296837630228614e-12,1.0570069473202157e-12,3.2668357009750273e-13,6.557433308308446e-13,1.527283324096652e-08,1.000000011605304,5
771,06:06:00,1.735201158651492e-11,4.575535660832673e-12,1.183214966274389e-12,4.488495716474181e-13,6.367514855793051e-13,3.3283093207609407e-09,1.0000000117733687,5
772,06:06:30,2.387208068594686e-11,5.888827144417136e-12,9.660558598559691e-13,2.547808031789023e-13,6.434047828836383e-13,2.1062219401177456e-08,1.0000000119460823,5
773,06:07:00,2.4489921837408553e-11,4.0499263238566815e-12,1.1851675729100546e-12,2.6431912883843437e-13,4.866807061709462e-13,8.813246587868571e-09,1.0000000121236003,5
774,06:07:30,1.904801119343787e-11,2.7860100361606167e-12,8.071941568471048e-13,2.3768095416664884e-13,6.271118740732852e-13,1.0088469630138464e-08,1.0000000123060888,5
775,06:08:00,3.968430572640269e-11,3.7863018899110615e-12,7.8770065770183e-13,2.295724414602325e-13,3.8513077957932023e-13,1.73140578144938e-07,1.0000000124937207,5
776,06:08:30,5.992269039205508e-12,1.066220203840778e-12,6.976383606015917e-13,2.8986450643059494e-13,4.959490422637741e-13,2.655966785542897e-08,1.0000000126866753,5
777,06:09:00,2.0889084016117378e-11,4.712430213995359e-12,8.861854106298355e-13,2.889549203686456e-13,5.410146535872358e-13,4.265026030370358e-08,1.0000000128851398,5
778,06:09:30,1.0025009941324116e-11,2.093638925269659e-12,7.057691078344413e-13,2.0215946219971833e-13,3.917193570593102e-13,1.3932142514473839e-08,1.0000000130893134,5
779,06:10:00,4.155864847014979e-11,5.46755383801245e-12,9.663431027772654e-13,2.5580963480624503e-13,5.430914837740159e-13,2.7800568586389984e-08,1.0000000132993996,5
780,06:10:30,9.904301861625214e-12,1.917223817155116e-12,9.038512259740477e-13,3.634796151478777e-13,5.117772298489968e-13,2.5970062949272465e-08,1.0000000135156097,5
781,06:11:00,2.8518145058970052e-11,4.390507156860086e-12,1.1267020457001035e-12,2.4552989607923257e-13,5.109370521687045e-13,6.32853638112247e-08,1.0000000137381677,5
782,06:11:30,3.08934169070681e-11,3.209647032220672e-12,9.979089917771726e-13,2.1041300440576874e-13,4.244177988762135e-13,9.780830296727765e-08,1.000000013967307,5
783,06:12:00,4.3994712172771845e-11,3.743172347602684e-12,1.1663630683360638e-12,5.030539875595532e-13,1.474442626460365e-12,5.3348642971293027e-08,1.000000014203276,5
784,06:12:30,2.9656179855952795e-10,4.188907451939799e-12,2.840183975826947e-12,1.1984601575056105e-12,1.7451179700606786e-12,1.0194228113474675e-08,1.0000000144463241,0
785,06:13:00,5.103910335687586e-12,1.5135220858380837e-12,7.730307330456899e-13,3.5717954653742397e-13,5.61544061516717e-13,4.913758624452529e-09,1.00000001469672,1
786,06:13:30,9.391680125674697e-11,1.788356199006703e-12,1.3719848858530183e-12,4.589285869268573e-13,6.595469996613061e-13,2.0488635943151816e-08,1.000000014954744,0
787,06:14:00,3.3551543314033307e-12,7.441270177411154e-13,9.608749371807353e-13,2.346729496479933e-13,2.956040727795394e-13,4.668854661377852e-09,1.000000015220689,0
788,06:14:30,5.4186255575745096e-12,1.163192375424487e-12,9.482240453043567e-13,5.035116688675121e-13,7.836001110704442e-13,3.989625021960939e-09,1.0000000154948636,1
789,06:15:00,7.754130980888561e-12,1.5176652751329713e-12,8.050739569919561e-13,3.853845294584216e-13,5.095263372966124e-13,1.1106338949532653e-09,1.000000015777583,1
790,06:15:30,1.4317579729380936e-11,3.5503733864743044e-12,1.4957477725037994e-12,4.1994036270149116e-13,7.021415771475547e-13,2.1739056221750445e-09,1.0000000160691878,1
791,06:16:00,2.530396571042008e-11,4.463627066811334e-12,2.0792915366719342e-12,4.4598817267604163e-13,9.769799712425712e-13,8.300783410392732e-09,1.0000000163700322,1
792,06:16:30,2.7222031840649407e-11,5.3226445168654895e-12,2.9003963047769983e-12,6.319413202858476e-13,1.4575879336532233e-12,3.0981431419414725e-09,1.0000000166804859,2
793,06:17:00,5.7818131694863756e-11,5.178050561192538e-12,1.984443467033966e-12,6.23667716244764e-13,1.2059580343272328e-12,8.308939923623494e-10,1.0000000170009369,2
794,06:17:30,1.1903825800042167e-11,2.555952148121769e-12,1.3374656609439047e-12,4.3546904164796116e-13,7.131683798851678e-13,3.134006364593463e-09,1.0000000173317956,2
795,06:18:00,3.544598485421603e-11,9.359031787621227e-12,1.9095134250052102e-12,6.05258413018439e-13,1.12655241128082e-12,1.5510814438971585e-09,1.0000000176734878,2
796,06:18:30,3.658944827801603e-11,1.003910271647541e-11,1.829660574058722e-12,1.2452471494549663e-12,2.043743418817269e-12,2.1097075169764785e-10,1.0000000180264708,2
797,06:19:00,5.748716497215166e-11,8.874547301223929e-12,3.384184589537995e-12,9.323127751958096e-13,1.336805843068207e-12,1.1523489306025544e-10,1.0000000183912132,2
798,06:19:30,1.016503334862463e-11,2.3976443211350514e-12,1.257073919740992e-12,5.419118537961609e-13,1.0577602512287524e-12,1.8743375334663652e-09,1.0000000187682154,2
799,06:20:00,2.0304039963386818e-11,2.7966657292826165e-12,1.411583520307676e-12,5.027228268969556e-13,1.2071874073890212e-12,9.708991728320574e-10,1.0000000191580038,2
800,06:20:30,1.7433628928817233e-11,5.2403178871306195e-12,1.892586316267473e-12,5.858583947054783e-13,1.1751642866522658e-12,1.9977695197383063e-09,1.0000000195611318,2
801,06:21:00,1.866671804843702e-10,5.6332099650251566e-12,2.7204673105156108e-12,1.1019427790732456e-12,1.8187489127831812e-12,8.327720865717554e-11,1.0000000199781813,2
802,06:21:30,1.787078760781959e-11,3.1762925630351037e-12,2.272793559824649e-12,4.5638400783322e-13,6.796633695870691e-13,6.098783488119226e-10,1.0000000204097668,2
803,06:22:00,1.1095933822909504e-10,7.719212260503193e-12,1.8331009212821847e-12,6.943068343281339e-13,1.5359095564534467e-12,8.824006710901467e-10,1.0000000208565352,2
804,06:22:30,2.2016018944822588e-10,7.73647895957916e-12,2.809466968315587e-12,6.620191439268377e-13,1.7179979509469412e-12,3.979027251995973e-10,1.000000021319172,2
805,06:23:00,6.20744927640105e-11,6.389034884653584e-12,1.742964696632048e-12,1.040739298533835e-12,1.7631686757561298e-12,1.3081690028820835e-10,1.0000000217983989,2
806,06:23:30,3.262727493051756e-11,7.01706844062514e-12,1.828475560327951e-12,5.689879342893853e-13,1.405989526820787e-12,1.4989980633167202e-10,1.0000000222949814,2
807,06:24:00,2.0070510689202765e-11,4.540650884842733e-12,1.0593067377719855e-12,8.232500451832999e-13,1.3599085327438871e-12,3.60606379707321e-10,1.000000022809721,2
808,06:24:30,7.782000327299677e-12,1.7314218341763895e-12,1.8391514855664632e-12,5.909786918524307e-13,6.047613043596255e-13,3.260615458528434e-09,1.0000000233434725,1
809,06:25:00,5.846155476887923e-12,1.2364570337206848e-12,1.008142697880858e-12,4.562911690613967e-13,6.057111596000368e-13,4.112431864883439e-09,1.0000000238971403,1
810,06:25:30,6.3987699493407405e-12,2.1748569518092425e-12,9.537546121934594e-13,7.511566379292438e-13,9.687870001483947e-13,4.808376869502973e-09,1.0000000244716756,1
811,06:26:00,9.069915993313486e-12,1.3494566458076793e-12,8.209925031991109e-13,7.072507884255208e-13,9.691163845817912e-13,6.775247093057252e-09,1.000000025068094,1
812,06:26:30,4.288830148601107e-11,4.249388464496386e-12,1.0300850397616084e-12,3.793365623626331e-13,7.234323752710578e-13,1.4988121667290748e-09,1.0000000256874697,2
813,06:27:00,9.05367086301206e-12,1.746211224299802e-12,1.5727444900503499e-12,6.632092875560702e-13,1.368669396734211e-12,7.93367514136939e-09,1.000000026330939,1
814,06:27:30,1.8312773520837857e-11,2.7840981627097573e-12,1.2429764555138662e-12,4.82347272094388e-13,1.1967277154064608e-12,3.56582604543131e-09,1.0000000269997131,2
815,06:28:00,3.769992117100098e-11,4.993153129905292e-12,1.853795989081164e-12,5.796167901627119e-13,1.0906529978803906e-12,2.2876558645804025e-10,1.0000000276950771,2
816,06:28:30,2.892173991540979e-11,5.8435279766798514e-12,1.9810474695023954e-12,6.415703394113022e-13,2.015737910347208e-12,2.780450605098073e-10,1.0000000284183952,2
817,06:29:00,5.157310945062759e-11,6.8080544736775345e-12,2.5515355311747067e-12,1.7135806468985695e-12,2.7538557376382423e-12,1.9100978099366208e-10,1.0000000291711213,2
818,06:29:30,2.783629721149703e-11,5.420415337913453e-12,2.1302331059032674e-12,1.2594897416419074e-12,2.7196292586616862e-12,1.683396850170901e-10,1.0000000299548009,2
819,06:30:00,1.0199418358516175e-10,6.2164832084239876e-12,2.2830713866877243e-12,3.40374603531832e-13,7.936957192648313e-13,2.99019226293966e-10,1.0000000307710863,2
820,06:30:30,2.8694881429883373e-11,7.410389297990724e-12,2.8063357264616725e-12,1.0738365064923377e-12,1.9107899867798017e-12,1.555980545932608e-10,1.0000000316217292,2
821,06:31:00,2.982108121956908e-11,6.536396328863616e-12,1.569833899447641e-12,6.759178797906449e-13,1.2294333574796103e-12,4.729402732772174e-10,1.000000032508609,2
822,06:31:30,3.626917575808266e-11,7.0751806100231346e-12,2.054031751627659e-12,1.3443869110755224e-12,3.753589347733353e-12,2.4598863942082187e-10,1.0000000334337282,2
823,06:32:00,6.474813371580962e-11,6.187685960779044e-12,1.6076990724754415e-12,6.150878626576521e-13,1.7138944537098507e-12,1.9386998233836622e-10,1.0000000343992266,2
824,06:32:30,3.393470593243198e-11,5.405333419079369e-12,1.671239182305403e-12,1.3834480459451849e-12,2.1529464927646625e-12,4.831862886440753e-11,1.0000000354073952,2
825,06:33:00,3.5694795387378843e-11,8.043340714675336e-12,1.9585880185840512e-12,1.394023962672325e-12,3.0985934279531265e-12,1.0840826231811708e-10,1.0000000364606874,2
826,06:33:30,5.642214512763828e-11,4.906409422529669e-12,2.069381959589222e-12,1.5278203689148416e-12,5.168925469199371e-12,1.1689742460069018e-10,1.0000000375617315,2
827,06:34:00,6.5872330484967e-11,1.1522445840913616e-11,4.257118122942257e-12,5.528399691469943e-13,1.7932245647907187e-12,2.6975415251521564e-10,1.000000038713347,2
828,06:34:30,3.992786219058478e-11,8.701873644362862e-12,2.520259340333946e-12,8.720974201053807e-13,3.601824899650542e-12,8.360302576551309e-11,1.0000000399185613,2
829,06:35:00,4.3962947584271094e-11,6.061138728177007e-12,2.065516874954816e-12,1.1647329744310897e-12,4.521403236383043e-12,6.663216289908331e-11,1.0000000411806302,2
830,06:35:30,6.104708609383622e-11,7.584761907145836e-12,2.294211408904626e-12,8.791676975676462e-13,1.2254181139338077e-12,1.8247228192263005e-10,1.0000000425030529,2
831,06:36:00,6.574239264475478e-11,7.42051421663852e-12,2.2001822530951686e-12,1.3695456521040382e-12,2.0794635420511483e-12,7.27482995373418e-11,1.0000000438896002,2
832,06:36:30,9.658366841497322e-11,1.1765374772972543e-11,2.6447664775896555e-12,6.970067910890174e-13,2.5109227939961845e-12,9.545983013605352e-11,1.000000045344338,2
833,06:37:00,6.567927321915813e-11,8.380190018208489e-12,1.9619198534736627e-12,1.111195779323039e-12,2.3505002047459438e-12,1.0736204873118837e-10,1.0000000468716572,2
834,06:37:30,6.555202908761025e-11,1.1017352119947875e-11,3.154176874887031e-12,1.1646639751590516e-12,2.3673246525463995e-12,8.580485980153499e-11,1.0000000484762963,2
835,06:38:00,7.4903874063766e-11,8.291075780707924e-12,2.463263969709264e-12,7.405125343840421e-13,1.3575351412650827e-12,1.1489594523399129e-10,1.0000000501633897,2
836,06:38:30,5.2108998613255284e-11,7.562662158433684e-12,1.9110130268932776e-12,9.927377001668194e-13,2.7535008224192886e-12,1.3420681900843399e-10,1.0000000519384946,2
837,06:39:00,7.11236436635009e-11,9.234029024624003e-12,1.6725779754046627e-12,8.248326169450375e-13,2.067561274659573e-12,1.0112612007400565e-10,1.000000053807638,2
838,06:39:30,8.345575537128771e-11,1.1154194098618805e-11,3.006173654302441e-12,1.2474269231747229e-12,4.7303897849683906e-12,1.201977477803883e-10,1.0000000557773634,2
839,06:40:00,1.0024796599846116e-10,6.790923075350949e-12,1.911487906008855e-12,4.902539687360095e-13,8.203199645891259e-13,2.6536289992236253e-10,1.0000000578547914,2
840,06:40:30,6.326234407627513e-11,6.773294141599294e-12,1.5826754629502953e-12,6.425001331934837e-13,1.0450176077759707e-12,1.6682966093532687e-10,1.000000060047675,2
841,06:41:00,8.344696176183415e-11,9.94514831717512e-12,2.8481208207500343e-12,8.130819702493906e-13,3.2928236319802744e-12,1.6505309713942547e-10,1.0000000623644663,2
842,06:41:30,1.4298311790804573e-10,8.520366469746837e-12,1.8722225262169387e-12,7.837798470670941e-13,1.118522506579314e-12,2.3997849397104956e-10,1.0000000648143983,2
843,06:42:00,1.18245790521242e-10,9.441269025985348e-12,2.5430526438881887e-12,6.972183515545039e-13,1.7847781447118692e-12,1.5578663832239025e-10,1.0000000674075669,3
844,06:42:30,1.1241452142673862e-10,7.570889996538782e-12,3.1470060902741377e-12,5.893818933305063e-13,1.7579570024325453e-12,4.614164936477219e-10,1.0000000701550413,2
845,06:43:00,9.101863822973033e-11,1.2102173411677616e-11,3.2313652027554633e-12,5.360173323015913e-13,1.3882755855669372e-12,1.5945192309157523e-10,1.00000007306896,2
846,06:43:30,4.540812419915937e-11,5.291150249586042e-12,2.371899231576414e-12,1.3536974141372702e-12,3.2030240186734526e-12,9.11083047457844e-11,1.0000000761626715,2
847,06:44:00,6.08895925648945e-11,6.639229815889381e-12,2.3429761796713107e-12,6.325427673945445e-13,2.598774244719042e-12,1.3859772148556974e-10,1.000000079450877,2
848,06:44:30,1.2646102619225307e-10,1.0628552322743445e-11,3.485568044465811e-12,9.755630394991096e-13,3.178457217942672e-12,1.6428413502220907e-10,1.000000082949792,3
849,06:45:00,9.575895590332379e-11,9.505499300553714e-12,1.9141999549218358e-12,3.865233832087061e-13,8.781635829773253e-13,2.137841478778925e-10,1.0000000866773486,2
850,06:45:30,1.6063013504994124e-10,1.005252589977608e-11,2.3063823788987335e-12,9.47736929519934e-13,2.6310586669983e-12,2.2919454455987208e-10,1.000000090653405,3
851,06:46:00,6.177774920689731e-11,7.894555473474954e-12,2.22497447322562e-12,5.306821321784528e-13,1.218239404598102e-12,1.6368404879878082e-10,1.000000094900007,3
852,06:46:30,1.6948204543194516e-10,1.1608407620105971e-11,2.068663550180505e-12,7.731604228345604e-13,3.0070527641300076e-12,1.5718410654224109e-10,1.0000000994416811,2
853,06:47:00,1.8006983223977018e-10,1.2067528966739134e-11,2.8516015003110407e-12,8.33336214886676e-13,1.7895409612593424e-12,1.393609262387084e-10,1.0000001043057756,3
854,06:47:30,1.809201864913411e-10,1.4392259721995523e-11,2.86563827594488e-12,5.766860324668561e-13,1.2591231092269042e-12,2.6715255436207646e-10,1.000000109522853,3
855,06:48:00,1.1768805159112113e-10,8.366027552787974e-12,1.926853984268594e-12,4.3273953358053035e-13,1.1867295800879058e-12,1.6347586799325993e-10,1.0000001151271687,2
856,06:48:30,8.481314113681905e-11,1.0014147468210497e-11,2.4936927761344427e-12,1.3883913364242272e-12,4.5801579415530975e-12,1.6307166339902055e-10,1.000000121157203,2
857,06:49:00,1.4026449253892525e-10,1.1820340292402986e-11,2.2957263902774943e-12,7.21424131604962e-13,2.158864087808167e-12,2.6557165634059644e-10,1.0000001276563042,3
858,06:49:30,1.6572276942561846e-10,1.375787985915827e-11,2.541376837611131e-12,5.202013242872133e-13,1.291407078336288e-12,1.7170499563810254e-10,1.0000001346734548,3
859,06:50:00,9.381600830494047e-11,9.322973014867071e-12,2.259704423640431e-12,3.4003601480285265e-13,7.688400295861208e-13,2.512761481908998e-10,1.000000142264173,3
860,06:50:30,2.0811663485689086e-10,1.2686684732231612e-11,2.975987016109457e-12,3.9714244048920107e-13,9.807260467176493e-13,2.480745971363945e-10,1.0000001504915685,3
861,06:51:00,1.7902265063535995e-10,8.726134592633226e-12,1.8757318311631377e-12,1.0275441730356763e-12,3.806188313595999e-12,2.4054205507605774e-10,1.0000001594276413,3
862,06:51:30,1.7893966772070866e-10,1.1822374133761939e-11,2.6311847010150423e-12,1.689107957467362e-12,5.48380168333094e-12,1.4692646629780974e-09,1.000000169154829,3
863,06:52:00,1.2150755521262904e-10,7.028664116608907e-12,3.745277598243811e-12,7.542158419865488e-13,2.1159767063804736e-12,5.581919849677809e-09,1.0000001797678661,3
864,06:52:30,6.570570778610932e-11,7.857598396937765e-12,3.2784211375501142e-12,4.3012473867266327e-13,1.1145340559937754e-12,2.1705528591034345e-10,1.0000001913760648,2
865,06:53:00,7.313387475838153e-11,8.603950252730734e-12,3.6186281399452994e-12,7.215135723276161e-13,2.420627657734731e-12,2.013583257953127e-10,1.0000002041060865,2
866,06:53:30,4.737583261562531e-11,6.432733362416315e-12,2.5105564343233043e-12,6.216786026775229e-13,1.5484521685499606e-12,1.1601495995444366e-10,1.0000002181053658,2
867,06:54:00,1.3759502048620233e-10,1.0732351397483495e-11,2.18617175864826e-12,7.066073424814622e-13,2.253213494079889e-12,1.9467010397947242e-10,1.000000233546352,3
868,06:54:30,1.6468537305696466e-10,9.180186534048289e-12,2.7619898678940104e-12,5.103415478499053e-13,1.268920571847623e-12,4.719335528862752e-10,1.0000002506317762,3
869,06:55:00,1.8780098363658178e-10,7.543709453245171e-12,1.2587694253282366e-12,5.233017515421069e-13,1.1825761204047526e-12,8.102297364092353e-11,1.0000002696012966,2
870,06:55:30,6.570577920863222e-11,7.332978948351099e-12,2.591675363302882e-12,1.1361199606287226e-12,3.454074581854805e-12,2.6407084288190565e-10,1.0000002907398995,2
871,06:56:00,8.260547498217976e-11,8.346010666984398e-12,2.650239938578286e-12,9.501891876843453e-13,1.7692200783810398e-12,1.4527836434604424e-10,1.0000003143886316,2
872,06:56:30,6.69366140377859e-11,8.539302812156809e-12,1.8165821404951705e-12,8.484366110690461e-13,2.578878216278232e-12,1.6796919235037917e-10,1.0000003409584282,2
873,06:57:00,3.154468511698443e-10,1.304364272587657e-11,6.213720161060506e-12,7.483736028046354e-13,2.2056502381134806e-12,2.865097688495959e-10,1.000000370948139,3
874,06:57:30,6.875699803501286e-11,8.345242108023916e-12,1.8145911144385556e-12,3.812841277138388e-13,8.446380675956057e-13,4.335303020902297e-10,1.000000404968218,2
875,06:58:00,1.6033247177059405e-10,1.392727122412205e-11,2.7747358714926645e-12,2.086706830766379e-12,7.71096365304002e-12,1.3916530596308592e-10,1.0000004437722982,2
876,06:58:30,3.417548619816182e-11,6.784951039253744e-12,2.111316293227932e-12,6.24888213302391e-13,1.1603508001183662e-12,2.927159272983289e-10,1.0000004882997693,2
877,06:59:00,7.499234555643186e-11,8.082434129228785e-12,3.5292188162081787e-12,9.815029752054638e-13,3.1235551545512726e-12,2.407987892997599e-10,1.0000005397340257,2
878,06:59:30,1.2092266882369771e-10,6.762681033678577e-12,2.270083342142569e-12,4.978675922664866e-13,1.1428239657641604e-12,1.7238226905394377e-09,1.0000005995834012,2
879,07:00:00,7.5294160675539e-11,9.485281060046058e-12,2.1520359654042977e-12,8.291531981746349e-13,1.6409890112245678e-12,4.234003464697032e-10,1.0000006697955826,2
880,07:00:30,3.421262567167167e-10,2.7483117386127556e-11,3.131281971902554e-12,9.901115277588882e-13,2.6066339938020694e-12,1.4566303244450728e-10,1.0000007529224872,3
881,07:01:00,1.381004696980318e-10,1.7517793636529246e-11,4.131170819909367e-12,4.3133670507074905e-13,1.3291099486076096e-12,1.4084560517946224e-10,1.0000008523630908,2
882,07:01:30,1.4460712481677427e-10,7.36122157044023e-12,2.14223728740113e-12,3.8809873212751954e-13,8.187414844107096e-13,1.6659220727851945e-10,1.000000972729867,2
883,07:02:00,4.959753451601561e-11,8.382024442200451e-12,1.882058860740956e-12,5.286889627172473e-13,1.1656639710925573e-12,2.2461902531833428e-10,1.000001120417471,2
884,07:02:30,1.1256471096331525e-10,1.0026231593904357e-11,3.820487745459126e-12,8.204763101994781e-13,1.63255192528001e-12,1.3058252743511072e-10,1.0000013045142155,2
885,07:03:00,1.5601522350809692e-10,1.0966662205408848e-11,2.115307181731251e-12,6.099921422493791e-13,1.2574566523014461e-12,1.6180473290265727e-10,1.0000015383188774,3
886,07:03:30,9.412982315679733e-11,9.188173476034705e-12,2.3312336215585894e-12,3.8339013134570266e-13,9.85975986260174e-13,2.6235093009817045e-10,1.0000018419795593,2
887,07:04:00,2.3590426516180145e-10,1.7664285276386868e-11,3.5509428102789884e-12,1.0182883428049865e-12,1.824713914668207e-12,3.395035580288094e-10,1.0000022473365158,3
888,07:04:30,1.28188580364576e-10,7.451915111112963e-12,3.211415871299224e-12,7.420614389555039e-13,1.505111687205415e-12,4.3614853119448433e-10,1.0000028074106326,2
889,07:05:00,5.690720698954025e-11,7.96044168504902e-12,2.3895970381412852e-12,8.17302631857734e-13,1.6336672222341949e-12,3.4274780905790404e-10,1.000003616587166,2
890,07:05:30,8.406310889625725e-11,1.0272631522768138e-11,2.394927543200507e-12,1.3906529239039162e-12,5.016453770263795e-12,1.5006732514516645e-10,1.0000048583847307,2
891,07:06:00,4.753544142218561e-11,9.68662691780097e-12,2.3349475327150777e-12,6.132064287003257e-13,1.285991431013641e-12,2.7082556687798307e-10,1.0000069361282025,2
892,07:06:30,1.6113688250591994e-10,9.612188830858444e-12,3.172913988659369e-12,7.802798884120026e-13,1.1709855839135754e-12,4.670024448376521e-10,1.0000109140470423,2
893,07:07:00,2.1762150621910727e-10,6.988087831234486e-12,2.03733668133379e-12,2.2435549548140875e-12,2.0823886860253e-12,6.875152771422494e-08,1.0000206154816584,0
894,07:07:30,1.0984371308163874e-10,2.453039671905229e-12,1.2585134561809117e-12,4.4484849474359654e-13,6.930717716740653e-13,7.483934201434174e-09,1.0000634742626955,0
895,07:08:00,1.5206949680721122e-10,1.0534162064755816e-11,4.506294529873273e-12,1.85029109795516e-12,3.2239974896153918e-12,5.3264917055655866e-08,16.662405316848456,0
896,07:08:30,4.3622501667873986e-74,2.3884399152489714e-74,1.8752967226102488e-73,4.1559619781870255e-74,4.0539993888692556e-75,1.8367099231598242e-40,31.00005381857853,0
897,07:09:00,4.3622501667873986e-74,2.3884399152489714e-74,1.8752967226102488e-73,4.1559619781870255e-74,4.0539993888692556e-75,1.8367099231598242e-40,31.000007487478758,0
