index,start_time,eeg_delta_power,eeg_theta_power,eeg_alpha_power,eeg_beta_power,eeg_spindle_power,eog_var,emg_rms,label
1,19:47:00,8.555532452168569e-11,8.895690332129643e-12,1.2710953539699106e-12,3.9305248861936247e-13,5.265898137918788e-13,4.728323819128656e-10,2.9948057084228287e-06,0
2,19:47:30,5.0938936951661854e-11,6.411270747837843e-12,1.3396446539022094e-12,4.395934050065009e-13,6.89340075912174e-13,4.2940854523311733e-10,3.001728576407732e-06,0
3,19:48:00,8.00963554817358e-11,5.775020954008359e-12,1.55100566246581e-12,5.177007892838288e-13,8.37599994482157e-13,2.6028996667193886e-09,2.9815621846115896e-06,0
4,19:48:30,9.62479290565744e-11,1.011306383546293e-11,2.1159876712997744e-12,6.758096779780395e-13,1.4175313201792119e-12,6.731652355601353e-09,2.9733211570309336e-06,0
5,19:49:00,1.4234418099290121e-10,7.41499171018007e-12,3.2924744601444717e-12,5.567144631833432e-13,1.2297736940400704e-12,8.386730026138784e-09,2.8118193938688426e-06,0
6,19:49:30,1.3690534354906877e-10,8.93005924442745e-12,2.345088571756656e-12,5.966406453163059e-13,1.0699423451620435e-12,1.8403162986601155e-08,2.8637092674633648e-06,0
7,19:50:00,2.0404256606081284e-10,1.5338085583046703e-11,2.8163928172440204e-12,1.1394855901929021e-12,2.131888167112155e-12,9.879324677103336e-09,2.875357616756722e-06,0
8,19:50:30,1.437107023456706e-10,8.972713328135052e-12,2.6815569735618322e-12,1.4417679969823133e-12,1.6747271694154356e-12,8.260834203023417e-09,2.9249069784471693e-06,0
9,19:51:00,1.901168243611909e-10,1.3987714459730275e-11,3.784709292757205e-12,1.2417142003330058e-12,2.3289530589786685e-12,5.959708416851604e-09,2.8372528458861213e-06,0
10,19:51:30,1.4028393969145848e-10,9.667204365508737e-12,2.032326922748957e-12,1.407305444790056e-12,1.9071643763492926e-12,5.881414192952571e-09,2.946882114265986e-06,0
11,19:52:00,2.692512283864295e-10,1.1344667625740191e-11,2.6134050424458335e-12,1.7592677151511503e-12,2.767535067314709e-12,6.75548660993073e-09,2.955790281571938e-06,0
12,19:52:30,1.5332313105057798e-10,1.2006180785870753e-11,2.620087463186736e-12,1.6907819179281206e-12,2.099810017715164e-12,6.853695517219582e-09,2.977749691844638e-06,0
13,19:53:00,7.480967720191771e-11,7.206847038957888e-12,3.2993718899817258e-12,7.949598880861142e-13,1.4541966026577728e-12,1.8084043707409891e-09,3.040822569797676e-06,0
14,19:53:30,1.174423262321915e-10,1.0027450550094715e-11,3.6224994101623117e-12,1.365317947297525e-12,1.380380815658062e-12,3.404057527089528e-09,2.9972954608762985e-06,0
15,19:54:00,5.251001914027353e-11,5.454702240204544e-12,1.4578535690585696e-12,7.388025068855908e-13,7.934188315801046e-13,2.381079279330484e-09,2.942014997395082e-06,0
16,19:54:30,1.0741487419000954e-10,6.22627011847446e-12,3.1782092370842323e-12,1.0170190634076965e-12,2.0415640561105976e-12,2.3900309360575235e-09,2.9577675447903727e-06,0
17,19:55:00,2.1909328968078846e-10,9.672949301078146e-12,2.008392826831227e-12,8.113144759303564e-13,6.765693462972048e-13,9.24108896422362e-09,2.9154493056626153e-06,0
18,19:55:30,8.497280100440131e-11,8.792019927310987e-12,2.130977120829084e-12,6.15270815420314e-13,7.787443151840577e-13,2.0097445499874102e-09,2.910982537515351e-06,0
19,19:56:00,5.836163537424994e-11,6.254749941445782e-12,2.9798451565069534e-12,7.078947090074583e-13,1.279090957511173e-12,3.047281069701679e-09,2.906605809733625e-06,0
20,19:56:30,1.3923086538467217e-10,1.5912415519736954e-11,3.4896759433817427e-12,6.261601300552062e-13,1.0338429425830916e-12,3.153042141230676e-09,2.9099200967721467e-06,0
21,19:57:00,3.6652934357676876e-11,4.832041702275436e-12,1.1583629194045535e-12,4.3653995853808815e-13,5.178071160356769e-13,1.1698682189785673e-09,2.959744450791645e-06,0
22,19:57:30,4.530956756195007e-11,4.252446535338032e-12,1.4786836644988442e-12,4.515370424551572e-13,5.515922061695899e-13,7.323417735832104e-10,2.9978311433483287e-06,0
23,19:58:00,7.56424377561767e-11,7.93495672687399e-12,2.1437301287633336e-12,4.883339014129376e-13,7.039226808074971e-13,6.256768352469031e-10,2.969869059797153e-06,0
24,19:58:30,7.769326861163871e-11,8.860464494778363e-12,3.271862209521399e-12,7.500217415800087e-13,1.8904390566393656e-12,1.5075934889493557e-09,2.9946626712989354e-06,0
25,19:59:00,2.864993800143293e-11,3.4928384534567597e-12,1.5994409755859016e-12,4.4522001317064713e-13,7.527334336024187e-13,6.719616040709843e-10,2.9754452015240206e-06,0
26,19:59:30,1.342911992098826e-10,1.0194726262366947e-11,2.638335608728537e-12,7.386478648853302e-13,1.1899876589726566e-12,6.030063840468835e-09,2.9866985645182203e-06,0
27,20:00:00,1.0760650403496115e-10,1.2298721185810851e-11,1.4330750933673708e-12,4.57840262387935e-13,5.604972955055182e-13,6.096138499435119e-10,2.9289327234930242e-06,0
28,20:00:30,1.2341857812269686e-10,5.890105719090537e-12,1.6518410859420731e-12,5.633754666751628e-13,8.074773336552096e-13,5.070632258060577e-09,2.920339527511352e-06,0
29,20:01:00,5.6686425728331855e-11,4.831987626809072e-12,8.617575296617909e-13,4.4075691047508717e-13,6.826565022381226e-13,4.723962434582272e-10,2.902734072528726e-06,0
30,20:01:30,8.3973720696205e-11,1.0436651104651118e-11,1.28335083374305e-12,3.9865932132915657e-13,4.0347718543476513e-13,5.781443659813904e-10,2.9040205236277176e-06,0
31,20:02:00,1.0294264752353705e-10,6.9111103004966426e-12,1.5574825519186026e-12,5.817236722252929e-13,8.307176972087445e-13,4.0178321914090527e-10,2.959365292907185e-06,0
32,20:02:30,7.357890349631394e-11,1.0847612924683871e-11,1.120789787337182e-12,5.612245966753194e-13,5.516208046571496e-13,6.740278073887872e-10,2.9808619495801503e-06,0
33,20:03:00,7.018041715917661e-11,7.901104624127774e-12,2.3217687682529097e-12,5.975840819971968e-13,9.279158719734725e-13,3.9403737990503706e-10,3.000967212806332e-06,0
34,20:03:30,1.1933578811562465e-10,8.290642132551483e-12,2.1997397837194445e-12,6.243697696039674e-13,1.179180802844711e-12,9.734170965231428e-10,2.9856199579108896e-06,0
35,20:04:00,1.510554639957084e-10,1.019425269629781e-11,1.3739961400430456e-12,6.222717619763114e-13,8.164191131486087e-13,5.734609691940715e-10,3.0242621003492395e-06,0
36,20:04:30,1.622691905495746e-10,8.534725910383638e-12,1.423780535890955e-12,5.724769640701574e-13,7.760062397147189e-13,5.055446704150749e-10,2.988489897281373e-06,0
37,20:05:00,7.343688860012506e-11,9.129318593093303e-12,1.0122568849074088e-12,4.360692396332304e-13,5.629928041474396e-13,4.064661123929387e-10,2.989515614854737e-06,0
38,20:05:30,1.313672724439892e-10,1.134693826791161e-11,2.844736586580677e-12,7.677593752580441e-13,1.8130399069414538e-12,4.1513573408287606e-10,2.9621901181206587e-06,0
39,20:06:00,6.615179606193281e-11,6.1869793047349825e-12,1.3543566227584207e-12,4.880671284552808e-13,8.131979046109899e-13,3.918071569301299e-10,2.9703752466169523e-06,0
40,20:06:30,1.3456279713308786e-10,8.524742074212267e-12,3.4425680793174196e-12,6.616191589285255e-13,9.535417304994796e-13,3.465877100886578e-10,2.9496219322865322e-06,0
41,20:07:00,6.257855943693893e-11,8.497529437861243e-12,1.0878147717758246e-12,4.614508655887261e-13,5.102607306383279e-13,9.426545652600493e-10,2.898535655155687e-06,0
42,20:07:30,8.453412588845556e-11,6.391681575542999e-12,1.1554643674745488e-12,5.957284996092933e-13,6.032983075524311e-13,2.849070302467651e-09,2.937473820136351e-06,0
43,20:08:00,8.039481903670392e-11,7.605079446076907e-12,1.7734632745002582e-12,8.291048823204214e-13,1.848312879845041e-12,5.558843371194382e-09,2.9718561489122926e-06,0
44,20:08:30,8.49151717191654e-11,9.877288343129345e-12,2.0704927849106286e-12,7.43570961011995e-13,1.2466752475868169e-12,3.878743717123159e-10,2.9615350072395388e-06,0
45,20:09:00,4.231198638274389e-11,4.705591947245664e-12,8.755237668386397e-13,5.708385471698075e-13,6.065270388069574e-13,4.639071989539819e-10,2.9777642633353964e-06,0
46,20:09:30,7.489183204681585e-11,8.570949645287217e-12,1.1793182016008779e-12,5.164559930091582e-13,4.612039604762364e-13,4.5561521203579756e-10,2.9932393385764823e-06,0
47,20:10:00,1.3715793690966972e-10,1.0169168058458234e-11,1.6316062984588038e-12,5.647094455586176e-13,9.889662833435994e-13,1.0699758656694401e-09,2.9902893640482766e-06,0
48,20:10:30,1.7031483835907214e-10,1.1514851562111916e-11,1.4706263981594942e-12,5.096910380050689e-13,8.788617521201618e-13,6.131762491209797e-10,2.8274227196857144e-06,0
49,20:11:00,1.0072771609187518e-10,1.0164404975835628e-11,1.396468329093665e-12,4.0946663298728184e-13,6.338180940143234e-13,3.6740346957798294e-10,2.96224227526185e-06,0
50,20:11:30,8.489059605309885e-11,6.552591532995072e-12,1.6740726668294844e-12,5.012195333260102e-13,7.605706489063433e-13,5.847556476152305e-10,2.9537296134866894e-06,0
51,20:12:00,8.707394850046617e-11,9.437292094348987e-12,1.0643218205169102e-12,3.882941448980817e-13,4.714367786881074e-13,3.3709991687171786e-10,2.911297646496453e-06,0
52,20:12:30,1.3126485060737615e-10,7.458144210982807e-12,1.3968140467423912e-12,5.101017015476106e-13,6.423821331627865e-13,3.312388768729344e-10,2.9279212139542365e-06,0
53,20:13:00,6.90966468240568e-11,6.0912275595137026e-12,8.38943125439382e-13,3.840197347602418e-13,4.2495616161858044e-13,2.3914147648895216e-10,2.939355397856614e-06,0
54,20:13:30,5.479666314338993e-11,6.030169082719225e-12,1.0159740210768e-12,4.3373659267298755e-13,4.86789427774993e-13,4.0718644786539087e-10,2.9796355175529226e-06,0
55,20:14:00,9.899076003867577e-11,6.917386371701545e-12,1.205090208752812e-12,4.942922421306512e-13,6.200082194467082e-13,3.292967423678831e-10,2.987501505708521e-06,0
56,20:14:30,1.9993557435650693e-10,1.0435617941716543e-11,2.3929069659309493e-12,6.819360548718514e-13,1.5015395849743702e-12,4.947504226902056e-10,2.9806205193654743e-06,0
57,20:15:00,1.2588133212783443e-10,7.447216936851543e-12,3.745423162854125e-12,7.991356701659149e-13,1.9302613893393947e-12,2.456291063560319e-09,2.998508542036779e-06,0
58,20:15:30,1.0243959660243083e-10,8.016848781562327e-12,9.4111245358378e-13,4.645687572651209e-13,5.543796238287085e-13,2.0346023120892948e-10,2.9692242275676232e-06,0
59,20:16:00,1.0900078912775499e-10,6.391213843809561e-12,9.486343931200362e-13,5.92622809124409e-13,6.395026699737941e-13,2.390772810874619e-10,2.942357244317968e-06,0
60,20:16:30,5.517165315984222e-11,3.9869048439421435e-12,3.0685181070657045e-12,6.479572840594299e-13,8.012520783507847e-13,2.1859378358583823e-09,2.902958277833181e-06,0
61,20:17:00,1.8770615970381025e-11,3.702120345080967e-12,4.795492213264487e-12,9.053509579787408e-13,2.458062969818911e-12,4.700847044711138e-09,2.908663982504107e-06,2
62,20:17:30,3.072386821600647e-11,2.764143873606243e-12,1.845358604093497e-12,6.181641008827981e-13,1.5572309776946089e-12,2.961458144352378e-09,2.87613922637331e-06,2
63,20:18:00,3.486107121403244e-11,2.576808386872763e-12,1.9571367193893074e-12,4.73127788189425e-13,1.1123801277770087e-12,3.2157041404435845e-09,2.9097076930092044e-06,2
64,20:18:30,3.427199377039884e-11,3.4336733394718016e-12,3.988898770179447e-12,7.552629809374627e-13,1.6537499502955946e-12,3.304529109884363e-09,2.894309348675939e-06,2
65,20:19:00,4.3026325857034e-11,6.264118342682744e-12,3.6187244487711233e-12,6.018658685433513e-13,1.5219768187562724e-12,1.6876090730055547e-09,2.966431777852814e-06,2
66,20:19:30,3.8846692729226037e-11,4.971524057771605e-12,4.908392169231295e-12,7.723263918322568e-13,1.925839366313275e-12,1.985546937638246e-09,2.9669004946630525e-06,1
67,20:20:00,2.8566068396322904e-11,3.7916051451899535e-12,3.5276542405432692e-12,6.086467421432858e-13,1.2260363083436547e-12,1.403207718027137e-09,2.9539709907131603e-06,0
68,20:20:30,4.6976894534550736e-11,6.69539630498334e-12,8.742415841535471e-12,9.075659077153498e-13,2.482030651011019e-12,1.87374402869624e-09,2.9970904017510377e-06,1
69,20:21:00,2.934684583020936e-11,4.351476664332892e-12,2.346841693219777e-12,5.151702294048634e-13,1.1513017906540566e-12,1.6263393470111975e-09,2.973438358339873e-06,1
70,20:21:30,4.9743777186463645e-11,5.3295699063814155e-12,4.749827242425305e-12,5.833776969935316e-13,1.4420899692317614e-12,8.427975046954528e-10,2.9369604176771286e-06,2
71,20:22:00,5.489680200481229e-11,5.01616269610116e-12,3.0047392727059797e-12,3.7680581842965477e-13,9.981607017773182e-13,1.2241284683610169e-09,2.956284928262387e-06,2
72,20:22:30,4.6583059300241983e-11,5.848079137146064e-12,3.546442881180161e-12,4.969970027491999e-13,1.0872683445991905e-12,1.0114807042150706e-09,2.9381463829302956e-06,2
73,20:23:00,3.305788854967222e-11,5.1001723079579e-12,4.635494112550276e-12,7.25855728343918e-13,3.1742372570712557e-12,6.220551456074242e-10,2.8929641155859037e-06,2
74,20:23:30,4.766751446750993e-11,6.86991441458319e-12,6.1928225136298484e-12,7.685019544197358e-13,3.0283282631087832e-12,4.643392951392463e-10,2.9045849949026247e-06,2
75,20:24:00,5.485450852261608e-11,4.236349712376898e-12,2.8127128305140272e-12,4.1065496005704506e-13,1.0686364041958732e-12,7.306021491763036e-10,2.900665836391248e-06,2
76,20:24:30,7.491394881959733e-11,6.846349450693876e-12,6.363353020363519e-12,7.045276597407323e-13,2.465918950825161e-12,1.182023153945372e-09,2.926393969230982e-06,2
77,20:25:00,6.287996113560651e-11,4.171093612249007e-12,2.6355476159466458e-12,4.501047700777539e-13,1.4745640946832654e-12,1.3555342439300152e-09,2.888454656293064e-06,2
78,20:25:30,8.676132041376417e-11,4.420315399752714e-12,7.992258147413007e-12,6.635815104270682e-13,2.7216210304990596e-12,1.6132631369704057e-09,2.9705470585215783e-06,0
79,20:26:00,3.8568696691662307e-11,5.17694917927677e-12,3.4892177354256962e-12,5.38076100865116e-13,1.7119879630532896e-12,7.668887538157931e-10,2.990068799099593e-06,2
80,20:26:30,8.087930155922543e-11,5.713183449152571e-12,8.596305906467835e-12,9.583835851398114e-13,2.4724435529433117e-12,1.0400349053627193e-09,2.9364356375967275e-06,2
81,20:27:00,3.2796383047829824e-11,4.6681466807254766e-12,4.290123593645478e-12,6.637331595784769e-13,1.9605592498290687e-12,1.2521816891427565e-09,2.9410220960766188e-06,2
82,20:27:30,4.45531707175503e-11,6.973602631071652e-12,7.492716112535907e-12,9.347845788705394e-13,2.3757153770032566e-12,4.166422962854476e-10,2.8925267205026986e-06,2
83,20:28:00,8.040637842194855e-11,4.9896067256236775e-12,6.082649112836933e-12,9.52473863551783e-13,2.0642768556045937e-12,3.2295253641767047e-09,2.587676994705085e-06,0
84,20:28:30,5.46974753963089e-11,6.9903747257344335e-12,6.4911750967698046e-12,1.0245835102121908e-12,3.204395618831081e-12,7.191456745003266e-10,2.410048582348006e-06,1
85,20:29:00,5.159912404972515e-11,5.346595756701689e-12,1.523864063697113e-12,4.713924614637212e-13,1.2440310751295957e-12,6.965101218814759e-10,2.5881675453699895e-06,0
86,20:29:30,9.072506389955038e-11,4.867451822685564e-12,1.870859523917089e-12,6.480034956138274e-13,1.4100209882807289e-12,9.78076882764894e-10,2.9480732745933542e-06,0
87,20:30:00,1.166715793089327e-10,5.300861207221365e-12,4.062518583816462e-12,1.1042843159522493e-12,2.2353154372717042e-12,2.0554236384409407e-09,3.001300614243843e-06,0
88,20:30:30,4.349372603950093e-11,3.676811317499498e-12,2.2846842153020726e-12,6.919592778776413e-13,1.1512575145748802e-12,3.0677466662198425e-10,2.9938477063020165e-06,0
89,20:31:00,2.7910524720363522e-11,2.7236550382620103e-12,8.222922173642917e-13,4.700670245699755e-13,7.345711611997252e-13,2.2491913317554088e-10,2.997658684786526e-06,0
90,20:31:30,2.5520122776885187e-11,3.0687783936322187e-12,8.811091643473389e-13,4.108980671979723e-13,5.920624446844339e-13,1.8564777408310135e-10,2.9680874187495775e-06,0
91,20:32:00,6.612852744571711e-11,4.114461729702215e-12,1.6783064223222906e-12,5.838620579254409e-13,1.0257708653205606e-12,1.5363771601982154e-09,3.0213357274542522e-06,0
92,20:32:30,2.8514798755575317e-11,2.825971142340091e-12,1.2031432173898306e-12,5.41380262047798e-13,4.391941523657375e-13,1.715065388921994e-10,2.9797307695124466e-06,0
93,20:33:00,1.7542124505640034e-11,2.8531957469317746e-12,2.9994070354864945e-12,6.614153130268599e-13,1.2972679665481088e-12,2.1990363714777192e-10,2.9266385570572815e-06,0
94,20:33:30,9.077788733987952e-11,3.458163975164438e-12,2.240070570557446e-12,5.737897977007623e-13,1.170865231187469e-12,1.0951234155574325e-09,2.8984502247677474e-06,0
95,20:34:00,1.0757191492319819e-10,7.505457917386965e-12,1.867127008799903e-12,6.433671118168101e-13,9.632088165101403e-13,3.5340769402337566e-09,2.8642274313395697e-06,0
96,20:34:30,5.553523565334278e-11,5.304611592279436e-12,1.1983213272109904e-12,3.3336097379116506e-13,5.167735299034431e-13,2.239586982093873e-10,2.8917700698624444e-06,0
97,20:35:00,2.4460259962440937e-11,2.6814011552289872e-12,1.0703136895522935e-12,4.6764573323015e-13,8.077159477914515e-13,3.7532131533073604e-10,2.943736818287542e-06,0
98,20:35:30,2.6004030994660725e-11,2.705107265297376e-12,1.2270175612321809e-12,4.904631121665271e-13,8.340315482031538e-13,2.18813009476403e-10,2.9598928873896275e-06,0
99,20:36:00,6.28144958543801e-11,5.299029708821118e-12,9.988060802963212e-13,3.956824911060181e-13,5.447540883577514e-13,5.564968372266123e-10,3.002226689516989e-06,0
100,20:36:30,1.0632116753576807e-10,3.904921806226548e-12,2.1182080043038e-12,6.193061045987022e-13,1.3023364469851335e-12,1.9081473546024117e-09,2.975014627186989e-06,0
101,20:37:00,7.460743110902461e-11,3.8375771259055215e-12,1.0445669027692358e-12,5.61607442866928e-13,6.211576999066023e-13,3.6412021600233947e-10,2.967538399374743e-06,0
102,20:37:30,5.4254530073219324e-11,4.243473263397326e-12,8.981044340926206e-13,8.297236857857312e-13,1.064640074082813e-12,3.4930237238342574e-10,2.9978535779685303e-06,0
103,20:38:00,3.689495209250258e-11,3.6756062557771794e-12,1.4584514383060919e-12,8.745811363999032e-13,1.1900908688933926e-12,3.236355742753549e-10,2.9446492730810573e-06,0
104,20:38:30,1.8062468598614033e-11,3.1441066882461994e-12,1.0030771478929193e-12,1.0610278223297343e-12,6.730683961249434e-13,2.5870083409817207e-10,2.9436589537907535e-06,0
105,20:39:00,1.6510064306403672e-11,2.8270477393489955e-12,1.708544007824087e-12,1.1385634871267304e-12,1.0005420984854956e-12,2.801483843973535e-10,2.9644923968247743e-06,0
106,20:39:30,6.24329403685271e-11,2.9119701649996076e-12,1.8885139396923197e-12,1.386561975254209e-12,1.7283578166697307e-12,6.234529840526242e-10,2.8975764600649883e-06,0
107,20:40:00,6.663966645297432e-11,7.820222470976737e-12,1.177203739624146e-12,1.4612920098048774e-12,1.164675608033115e-12,3.410368290154085e-10,2.881008636130033e-06,0
108,20:40:30,3.456157663401278e-11,4.449177068271807e-12,1.9893179983921587e-12,1.3416744706075191e-12,1.3770820379442358e-12,5.139806947424026e-10,2.9233508905718673e-06,0
109,20:41:00,4.018178541163573e-11,6.351161256096775e-12,1.513070644897625e-12,1.3534089000832253e-12,9.019750157798728e-13,2.8112668259859734e-10,2.9867191540791044e-06,0
110,20:41:30,3.5417907487454206e-11,3.871827969649058e-12,1.3505186493894945e-12,1.0172700261555846e-12,7.074397943352299e-13,2.7685260746801765e-10,2.9646805157655987e-06,0
111,20:42:00,2.73431431330338e-11,3.4512708775885145e-12,1.1929071228344201e-12,1.1570499466293816e-12,8.530269728641679e-13,3.107001361297263e-10,2.99493943563581e-06,0
112,20:42:30,4.775783540386597e-11,3.9998555741450625e-12,9.717931084356955e-13,1.0949080755431436e-12,7.725858313785508e-13,3.142567968251506e-10,3.0102143162345555e-06,0
113,20:43:00,4.583063290971232e-11,2.750934010312277e-12,2.699270024926751e-12,1.4138864213339645e-12,1.558017286260712e-12,4.459747141314177e-10,3.0425049256302896e-06,0
114,20:43:30,3.93513137039026e-11,3.23145948060845e-12,1.2306267015685436e-12,1.5058647696047303e-12,1.0948466286661448e-12,5.840846842262657e-10,2.9631358297040067e-06,0
115,20:44:00,2.2813716371450113e-11,2.627304950008e-12,8.396833115662637e-13,1.2396762796676852e-12,1.0844702061774117e-12,2.5049924633795917e-10,2.9497695670608347e-06,0
116,20:44:30,9.243625358892311e-11,4.183455359477136e-12,1.990213594506065e-12,1.3218617023382439e-12,1.2743957640644628e-12,2.439240853292729e-10,2.8919055997052408e-06,0
117,20:45:00,3.9881232884688215e-11,3.657084546276273e-12,1.938105386303118e-12,1.487099957484225e-12,1.0346602623571765e-12,3.675997756147733e-10,2.9105622925348117e-06,0
118,20:45:30,3.0535146930723406e-11,3.1082190244622184e-12,2.4979360932217165e-12,1.236145355564333e-12,1.0421345161028053e-12,1.3554057432014986e-09,2.9097459193565976e-06,0
119,20:46:00,5.360775977673515e-11,4.38142473213141e-12,1.6284703998023186e-12,1.6615537312733582e-12,1.494687382235771e-12,3.6097161481215695e-10,2.9514132107427324e-06,0
120,20:46:30,5.259598880713522e-11,2.010549423539508e-12,2.2398763910339715e-12,1.4393675826872816e-12,1.1023306386099948e-12,1.4056629405604704e-09,2.934314600181418e-06,0
121,20:47:00,2.8543547578573878e-11,3.562622751490726e-12,2.0094371602556574e-12,1.7865933382279049e-12,1.0996138309213197e-12,1.4470979407601405e-09,2.9395132945974608e-06,0
122,20:47:30,3.836875218047608e-11,3.4444544192194127e-12,4.754260043050731e-12,1.4120802762261928e-12,2.0011596631955936e-12,2.6439267126000983e-09,2.978100636469783e-06,0
123,20:48:00,5.3920032895509336e-11,2.605358824093931e-12,2.571164742549338e-12,1.2533372782225069e-12,1.8129021612339634e-12,1.782647125935613e-09,2.978171775158035e-06,0
124,20:48:30,3.136311528377281e-11,2.5883001284392904e-12,1.8038892683002059e-12,8.409409745320198e-13,1.252982531656766e-12,2.7161820618749915e-09,2.968579800044681e-06,1
125,20:49:00,5.6034582888833836e-11,5.201678354823703e-12,3.78463635627388e-12,1.180884494379338e-12,2.3893598563287037e-12,1.0961311405855507e-09,2.817789912211068e-06,0
126,20:49:30,1.8797712656649543e-10,5.705736517243665e-12,3.042943083144389e-12,7.926746911287864e-13,1.2133926820935502e-12,3.8920313214975824e-10,2.8919300499128303e-06,0
127,20:50:00,8.796126742574796e-11,9.829546752014805e-12,2.586460261698247e-12,7.686836541230092e-13,1.2063524368566568e-12,4.993435867911031e-09,2.878567380539969e-06,0
128,20:50:30,1.4247536437680935e-10,5.868541530572159e-12,2.162437327968307e-12,6.047590522791615e-13,1.226277805622185e-12,3.5381521411340235e-09,2.8953282962776296e-06,0
129,20:51:00,1.9310439728601842e-11,3.1198690010578593e-12,1.534008034962195e-12,7.669164839985928e-13,1.1988841712733698e-12,2.0009869769224125e-10,2.8857174607734906e-06,0
130,20:51:30,2.8203063185423285e-11,2.315946939768805e-12,1.4891069859777043e-12,6.596578879460013e-13,8.332195859707893e-13,1.1040294700890566e-09,2.9275230769629377e-06,0
131,20:52:00,6.0816899665389e-11,2.955593631070613e-12,1.1605408179544852e-12,9.016249742630071e-13,6.693561978046904e-13,3.378266874756269e-10,2.9858291989837514e-06,0
132,20:52:30,5.7780834312075725e-11,3.778488794983356e-12,1.525734533041923e-12,8.97821646463828e-13,1.508611574029061e-12,1.9299155532438552e-10,2.978446992422729e-06,0
133,20:53:00,4.842346391755257e-11,7.04647137258767e-12,1.2168158501654025e-12,7.174995208849672e-13,6.791260117568552e-13,3.207536878955545e-10,2.9573794406524837e-06,0
134,20:53:30,9.865745265818608e-11,7.287166332143144e-12,2.1821530334129936e-12,1.6732975841179198e-12,2.2957994593452293e-12,1.0999685040423924e-09,2.9672330293816243e-06,0
135,20:54:00,2.5500756375030858e-11,3.3017981927595303e-12,7.060792195058584e-13,4.732801271660319e-13,4.577724718574113e-13,2.2799290028196483e-10,2.9576771046573463e-06,0
136,20:54:30,1.7082784399495374e-11,2.0350497782868088e-12,1.0105755095951083e-12,5.761781644299966e-13,5.095344681184909e-13,2.2707596781186592e-10,2.944682715048822e-06,0
137,20:55:00,1.552716702101554e-11,2.682369320855931e-12,8.350904005927867e-13,8.200203772525865e-13,7.936016627744607e-13,1.5422999318363227e-10,2.963828464746985e-06,0
138,20:55:30,1.9326019722359967e-11,3.4932601955310906e-12,1.174895457498362e-12,8.290109892828272e-13,7.177193200704172e-13,1.389082241716591e-10,2.940777247206244e-06,0
139,20:56:00,8.070794775256636e-12,1.737029151230557e-12,8.137796128470842e-13,6.260428857584947e-13,4.874251797477131e-13,1.5112861646077954e-10,2.8859378099394434e-06,0
140,20:56:30,1.6348637399246266e-11,3.3097729906102763e-12,1.0010830019037292e-12,7.771026633740998e-13,5.31482818809108e-13,1.9935160388667314e-10,2.9028141090213984e-06,0
141,20:57:00,4.097374724625936e-11,5.39326792685239e-12,9.736554711210057e-13,9.749773955495971e-13,8.257638756415673e-13,2.172214561712214e-10,2.954914026115617e-06,0
142,20:57:30,1.5929651714931566e-11,2.842000269698643e-12,1.6869594802152437e-12,1.2454130788463056e-12,1.1803349782530753e-12,2.619468370091207e-10,2.960594853262894e-06,0
143,20:58:00,1.823071523064208e-11,3.9416115196338155e-12,1.349847598072831e-12,1.354211010840437e-12,1.377397647446811e-12,3.5559273406959773e-10,2.9526505808051323e-06,0
144,20:58:30,5.8134435089552795e-11,4.063045160673177e-12,1.8151949652228537e-12,2.1536606133902235e-12,1.3346838911593811e-12,3.014793737433562e-10,3.03084962610681e-06,0
145,20:59:00,7.580524536455336e-11,3.963203064673512e-12,2.312383698892174e-12,1.6269642298638442e-12,1.69674840782006e-12,3.097759769888202e-10,3.0076388774716437e-06,0
146,20:59:30,4.006403985740917e-11,5.2391115925832325e-12,1.0413495764438288e-12,4.209514371223655e-13,5.704632761232069e-13,2.1945608587674095e-10,2.9952236970296652e-06,0
147,21:00:00,2.3501669078179968e-11,3.35383064305014e-12,1.222396631242805e-12,8.890801108642634e-13,1.5563224169485375e-12,1.8487977853035582e-10,3.006487720866586e-06,0
148,21:00:30,1.2324139545110829e-11,1.79460863491154e-12,9.236368170860023e-13,9.88730255931619e-13,5.698624220324165e-13,1.7587104474082892e-10,2.925209427436794e-06,0
149,21:01:00,2.658737586105549e-11,3.989616993471324e-12,1.0024881385928528e-12,1.0511173263605067e-12,6.480587552191362e-13,2.243887404941026e-10,2.923108548286752e-06,0
150,21:01:30,4.7918839514983886e-11,3.971326878768351e-12,1.1344546607688357e-12,1.156953559154989e-12,6.968099797685747e-13,7.694761065076376e-10,2.9224232669609827e-06,0
151,21:02:00,5.024057326127283e-11,4.216010530915325e-12,1.2184603063418809e-12,1.0771819688209148e-12,7.396720368209779e-13,3.06403203974044e-10,2.9038788894841177e-06,0
152,21:02:30,3.326936416687143e-11,3.910137499644245e-12,1.5060701792397845e-12,1.2352195251285422e-12,8.567646677153975e-13,2.8810113530332114e-10,2.932819964344309e-06,0
153,21:03:00,2.8021264476420626e-11,3.2789033667029415e-12,1.1218683754634578e-12,1.3434994686723458e-12,1.0789842638886145e-12,3.21691279991458e-10,2.9829927621779395e-06,0
154,21:03:30,2.0164553910078336e-11,2.773641397038908e-12,9.04151769698526e-13,1.184468866613669e-12,5.518749579077196e-13,2.89089477620119e-10,2.975428170515328e-06,0
155,21:04:00,2.860525559094252e-11,4.223625020979064e-12,1.096658216978499e-12,1.1924026294981255e-12,5.770025178280984e-13,2.624064801100601e-10,2.9955099756076397e-06,0
156,21:04:30,1.4005829642123851e-11,2.179790067674337e-12,9.658671286337109e-13,1.1969930249494847e-12,8.909561493937435e-13,3.452051821819679e-10,3.0089573947834925e-06,0
157,21:05:00,1.5680363263498566e-11,2.107143877799939e-12,1.3522001105431917e-12,1.3762662898054592e-12,1.1093579447931695e-12,4.911283993317307e-10,3.0240608230413046e-06,0
158,21:05:30,2.0756439150574903e-11,2.5919624156434107e-12,1.257553256949134e-12,1.6336177946012343e-12,1.0990256484650845e-12,2.7503230142954903e-10,2.9886235135705636e-06,0
159,21:06:00,1.2394333818777583e-11,2.7760461116199047e-12,1.026222408724914e-12,1.7003857546403004e-12,8.216094052810082e-13,3.5436821533412937e-10,2.9691501106680044e-06,0
160,21:06:30,2.970540802200707e-11,4.2847690325756605e-12,1.2005729217210844e-12,1.2914396828638399e-12,8.878967171205989e-13,3.383804818399208e-10,2.987837639232194e-06,0
161,21:07:00,2.0234209529008194e-11,3.5429490565062746e-12,1.0251496056078464e-12,1.3234044072801623e-12,9.23172614511903e-13,3.270835587737119e-10,2.9601478516264112e-06,0
162,21:07:30,1.429812721593524e-10,6.268504865186307e-12,1.96002699800346e-12,1.4482798708714251e-12,1.169793579092728e-12,1.951813777185792e-09,2.9434626993425907e-06,0
163,21:08:00,3.92545875294753e-11,1.9531499853781872e-12,2.4060212599115723e-12,1.5031310575176748e-12,1.5414385245265666e-12,6.914407438664603e-10,2.933549362481107e-06,0
164,21:08:30,4.604342716299531e-11,3.9621481028182966e-12,1.5151330611724512e-12,1.8312355742072286e-12,1.0228401089907185e-12,4.2756351108678043e-10,3.0028357676922077e-06,0
165,21:09:00,2.542325640104262e-11,3.1969002073657808e-12,1.0792192772501477e-12,1.655681857608524e-12,8.269690867686498e-13,3.3566865168997623e-10,3.0028732130154924e-06,0
166,21:09:30,1.528331717412159e-11,2.859813445787902e-12,1.432521898227158e-12,1.6565082285752739e-12,1.028070270447491e-12,3.898952140753299e-10,2.996990674968498e-06,0
167,21:10:00,3.0362032730889786e-11,4.321148007639388e-12,2.8017073692548032e-12,1.5640376207223547e-12,2.044758075493417e-12,1.6435008610149066e-09,2.975743125911838e-06,0
168,21:10:30,4.26365182716378e-11,3.1410050167044788e-12,1.5605126036508485e-12,1.5676098163801975e-12,1.0155571482977097e-12,1.7517997366884333e-09,2.979069701713992e-06,0
169,21:11:00,1.5195405069452844e-11,2.5662384229099574e-12,1.8396779876214184e-12,9.150264458199015e-13,8.282394912324337e-13,2.176116736128382e-09,2.9476010697867864e-06,0
170,21:11:30,4.780715524502556e-11,3.921301475046188e-12,1.6025587658722846e-12,1.046152335428082e-12,1.3859502261620538e-12,8.680376635760145e-10,2.965003445713075e-06,0
171,21:12:00,2.4042122496231403e-11,1.7639872000970132e-12,1.8882963291809725e-12,6.238338804370247e-13,7.305746483106205e-13,1.6282576579139386e-09,2.8087375565604734e-06,0
172,21:12:30,2.288921718526692e-11,4.5323837320501555e-12,1.4490269656957212e-12,8.568178224307793e-13,9.600878100398493e-13,5.193505208669914e-10,2.887227454082213e-06,0
173,21:13:00,2.4915812256661102e-11,3.102343541813326e-12,2.4067456121944795e-12,7.811397904988922e-13,1.4136629054933944e-12,1.2642533178118585e-09,2.908404689103427e-06,0
174,21:13:30,2.5494175287660863e-11,3.826576271899821e-12,3.76984500094126e-12,8.413630796866604e-13,1.8647328760540037e-12,2.5398005053100008e-09,2.892213645457165e-06,1
175,21:14:00,3.659142342296371e-11,2.2674388444120375e-12,2.187091044048356e-12,9.264147602562013e-13,1.348213566716322e-12,1.2140460847754016e-09,2.963165058416105e-06,0
176,21:14:30,3.916825064627998e-11,3.5931324567907286e-12,2.2208433258492083e-12,8.49176173859426e-13,1.24511153888082e-12,6.422201700824171e-10,2.9575132237630834e-06,1
177,21:15:00,1.926518353287646e-11,2.043944217685072e-12,3.0277321170188987e-12,9.821152037148044e-13,1.7041961172259136e-12,1.4991703698212147e-09,3.018618586459673e-06,0
178,21:15:30,7.512265109750629e-11,3.935156106197465e-12,2.9088810094533858e-12,9.848278180012393e-13,1.743895376648259e-12,2.5550717521514807e-09,3.0098162349702786e-06,0
179,21:16:00,3.419116800359696e-11,3.4323174163898053e-12,2.903397323114445e-12,5.874957606830407e-13,1.1747490856279593e-12,1.204266066474519e-09,2.9995609992599452e-06,0
180,21:16:30,4.872339809152181e-11,5.136408864246358e-12,2.833684167348781e-12,8.878126981724532e-13,1.7233454601038901e-12,1.2580945219564424e-09,2.8600927370889657e-06,0
181,21:17:00,3.242664434427421e-11,3.1447379799517582e-12,1.0386844540324612e-12,6.180435508912827e-13,7.379369727735691e-13,4.5340352738807797e-10,2.8889509359987533e-06,0
182,21:17:30,3.3438938527496635e-11,2.885501089747537e-12,1.798386413374333e-12,6.524306316085403e-13,1.1536528427212879e-12,2.9939213613862834e-09,2.902936550085346e-06,0
183,21:18:00,6.1902357078663e-11,1.0085848719228633e-11,3.188486674682151e-12,8.088009995669492e-13,1.1855251201020315e-12,1.0423111268143887e-08,2.8846829133200767e-06,0
184,21:18:30,1.3791211632981177e-10,1.609288587492752e-11,1.870433333511519e-12,5.638724571562494e-13,6.981940173724928e-13,1.894144430039955e-09,2.903082912111299e-06,0
185,21:19:00,1.3618066303741862e-10,1.7731361263475262e-11,1.8655074667122023e-12,4.935842809345391e-13,7.902212400229081e-13,1.7328121573827913e-09,2.9434594711086086e-06,0
186,21:19:30,1.10943661259282e-10,1.3506740108464227e-11,1.924993430319405e-12,9.263147033595434e-13,1.0469021359875495e-12,4.583063091224659e-09,2.977682008033612e-06,0
187,21:20:00,1.4771798268860624e-10,1.5492203601813996e-11,1.917685811390037e-12,1.0280668383296531e-12,1.0653722182869937e-12,6.776495166793954e-09,2.9773433681981736e-06,0
188,21:20:30,1.1486477603390404e-10,1.1366732754748735e-11,2.5883162406498677e-12,9.053707221285533e-13,1.2586373196451335e-12,3.4403879500565292e-09,2.9589088479224724e-06,0
189,21:21:00,8.887244195843871e-11,6.343868052829951e-12,3.266222932517997e-12,7.804354152964758e-13,1.4070720691538127e-12,8.396312429257271e-10,3.0026352909657766e-06,0
190,21:21:30,1.3063799746656518e-10,1.0550076144489317e-11,2.84696844234198e-12,1.0095358288595251e-12,1.813092814680459e-12,1.1536784587607958e-08,2.976510666921134e-06,0
191,21:22:00,1.3286809538912351e-10,9.48032187233964e-12,2.9443536387096722e-12,7.366697715923394e-13,1.1744407572309169e-12,9.54670141973662e-09,2.9989605408924166e-06,0
192,21:22:30,1.391097528759704e-10,1.555729551575874e-11,4.12191067728088e-12,7.920412717871564e-13,1.9965968096114784e-12,7.041598216005007e-09,2.9394854799776873e-06,0
193,21:23:00,8.648212724462925e-11,8.961297111334216e-12,3.3260642742535997e-12,2.012084199990331e-12,1.3086358882529929e-12,4.922327672148583e-09,2.942594689242241e-06,0
194,21:23:30,1.970201000385218e-10,1.3411212172908611e-11,4.214971210470964e-12,1.1763603545306985e-12,2.2388415907880557e-12,4.098501661142481e-09,2.9413460024945617e-06,0
195,21:24:00,1.7570788220168577e-10,1.2658756137829612e-11,3.1808571264353597e-12,9.60159924628377e-13,1.96996992454738e-12,8.44754032523447e-09,2.884913149471897e-06,0
196,21:24:30,1.0309850453565182e-10,9.224981730782643e-12,4.530542410134581e-12,1.2425870924001923e-12,1.5235389004627288e-12,4.529740124586434e-09,2.882048846191822e-06,0
197,21:25:00,1.175105720317963e-10,1.2868470196295214e-11,2.826714887537903e-12,6.820890454318034e-13,1.1352733798276706e-12,4.681030629444878e-09,3.0137656692655416e-06,0
198,21:25:30,1.6715240688108634e-10,1.0779421464973143e-11,3.6259650601817606e-12,1.8858158848333234e-12,1.4589147794343905e-12,3.907888069551927e-09,3.010886150661036e-06,0
199,21:26:00,8.54750025236689e-11,1.0689239575933016e-11,3.282268329210466e-12,6.919447842768423e-13,1.2527729189961565e-12,7.137086041846891e-09,3.009367440078856e-06,0
200,21:26:30,1.534152858034921e-10,1.497572951434944e-11,2.8870447018783027e-12,1.0339095103558268e-12,1.299766459416462e-12,1.2115604977013035e-08,3.0344753338724817e-06,0
201,21:27:00,1.4866540051304156e-10,1.0367150356833811e-11,1.7435739674198242e-12,7.844804256875728e-13,1.057132862747979e-12,2.308192451092862e-09,3.0287257788165152e-06,0
202,21:27:30,2.0121633172557653e-11,1.6764688666809107e-12,1.924419549180354e-12,6.004925340377083e-13,8.967262515369476e-13,8.266844966676737e-10,2.9443028694609118e-06,0
203,21:28:00,2.868375645101412e-11,2.0544193324015156e-12,1.746152944144529e-12,3.6900544964159644e-13,5.301909633060358e-13,2.935494253400964e-10,2.9920340715337344e-06,0
204,21:28:30,1.9539837707940554e-11,1.4945085814115277e-12,2.1882062288565728e-12,4.445948919672687e-13,5.367463359326186e-13,4.293272241587164e-10,2.9574884666756116e-06,0
205,21:29:00,1.2780108371669739e-11,1.035022671737872e-12,1.6586667936910676e-12,4.294639762102997e-13,4.753280830697338e-13,3.4046302621143425e-10,2.883344097303215e-06,0
206,21:29:30,3.8906161226989265e-12,1.270183109054678e-12,2.804493542546149e-12,4.610533128618934e-13,7.501459843484813e-13,3.411943902851575e-10,2.9279051312303943e-06,0
207,21:30:00,8.789785037502614e-12,1.707502041144093e-12,4.0167139537584575e-12,8.704280591958324e-13,9.061287798035744e-13,2.3888041107102063e-09,2.9517549614953557e-06,0
208,21:30:30,1.0372933285027022e-11,1.5602969891648046e-12,1.6335163453553021e-12,4.940920196243721e-13,7.265347428353049e-13,4.334134798519742e-10,2.9758719808107805e-06,0
209,21:31:00,5.315444177399573e-12,1.7994652058786335e-12,4.393710378628856e-12,6.614222128533895e-13,6.065333502346163e-13,2.1629211925028793e-09,2.9670236940995208e-06,0
210,21:31:30,6.0621547089344855e-12,1.3089814113120248e-12,3.357620580778816e-12,6.529143889422636e-13,1.1986548582362225e-12,1.100601175053401e-09,3.00731705228071e-06,0
211,21:32:00,7.229530669621313e-12,1.631346822601854e-12,2.7248631429274345e-12,6.278980778380132e-13,7.744846946034978e-13,9.599082294923169e-10,2.969579028403165e-06,0
212,21:32:30,6.776530262879294e-12,1.6324189955002437e-12,4.113692968925267e-12,7.87732341658761e-13,1.2202851833394874e-12,3.024790267833626e-09,2.9623260955002495e-06,0
213,21:33:00,1.3962906396604417e-11,2.5255153144797417e-12,1.737725401960576e-12,5.371912412013356e-13,1.1866148902343426e-12,6.03830761379957e-09,2.8860071945757457e-06,1
214,21:33:30,2.3207451332247884e-11,2.833168887577419e-12,2.0011068119790438e-12,5.413221124583728e-13,1.389326079114401e-12,2.7789934229444094e-09,2.8826910013441218e-06,1
215,21:34:00,2.607346928065549e-11,5.213713080161459e-12,2.5233460366732034e-12,3.8021904647741044e-13,1.0111235368902682e-12,1.7641687038242658e-09,2.8572500453592115e-06,1
216,21:34:30,3.31148303828995e-11,4.653449952500315e-12,7.208654793547689e-12,6.734795422377046e-13,2.2705247218741424e-12,2.7044148601501274e-09,2.9006639358447593e-06,1
217,21:35:00,3.462011516831322e-11,4.536090591296634e-12,2.612760425380388e-12,4.4420151961981816e-13,1.65229033007922e-12,1.7353537280391986e-09,2.895531472191554e-06,2
218,21:35:30,3.605660632540786e-11,7.665095567357907e-12,4.0514247217589335e-12,4.3821429923797755e-13,1.4957327768851072e-12,7.441926264808939e-10,2.9763891922249793e-06,2
219,21:36:00,4.485744075621909e-11,8.053071381197541e-12,3.6142142515267895e-12,5.814316447940704e-13,2.1510634615503743e-12,3.9712287551251894e-10,2.923704949653994e-06,2
220,21:36:30,4.249045818462844e-11,5.4356475944842345e-12,3.733844122131867e-12,3.077066006863229e-13,1.1730988264061134e-12,4.377212182624079e-10,2.9229115644180552e-06,2
221,21:37:00,4.922381209044235e-11,1.1627103089614648e-11,5.073017147401695e-12,4.559492033060659e-13,2.290025028281245e-12,2.4757410711176133e-10,2.7861885152282183e-06,2
222,21:37:30,5.890917897964456e-11,7.94981924165243e-12,4.012298325741899e-12,3.4001819598689753e-13,1.3178612205376018e-12,3.825566802580443e-10,2.810508273215406e-06,2
223,21:38:00,5.882728987591567e-11,8.374714011532096e-12,3.768443984337285e-12,5.582964578136852e-13,2.2148559060464174e-12,1.9636180430877907e-10,2.89651613096767e-06,2
224,21:38:30,3.767816216406753e-11,6.086163932143569e-12,6.9539562686826935e-12,8.507420497244712e-13,4.050523353971421e-12,5.528731971952535e-10,2.8529985602120097e-06,2
225,21:39:00,8.370331211693509e-11,7.901024389909283e-12,4.688627593180792e-12,5.540383722104638e-13,2.114857461820922e-12,2.8980161380515273e-10,2.7555752516982898e-06,2
226,21:39:30,6.037675960143827e-11,6.780803151410471e-12,2.9271652916585754e-12,4.1336668404239997e-13,1.7049274081592187e-12,3.2934589371955245e-10,2.7429801302084497e-06,2
227,21:40:00,5.156756294995892e-11,8.981906084662525e-12,3.35810074460138e-12,5.960629537328008e-13,2.8757790680970336e-12,3.563863664717403e-10,2.6772699366278716e-06,2
228,21:40:30,4.3551428594508786e-11,9.864207410351441e-12,3.257577876062553e-12,5.934120475171337e-13,2.3491034302310317e-12,2.2575923228857752e-10,2.7908608776184028e-06,2
229,21:41:00,1.0799323348265022e-10,1.3440088148101068e-11,4.814841573198071e-12,6.652709617727784e-13,3.224211056265442e-12,2.452387872091788e-10,2.6165227467539482e-06,2
230,21:41:30,7.888871207366768e-11,9.76299355293999e-12,5.638772442478531e-12,7.59745896832154e-13,3.608018483906347e-12,5.969095978237059e-10,2.6317072391167426e-06,2
231,21:42:00,6.594141973171481e-11,8.309613243465405e-12,3.2104112363649496e-12,4.474600687436776e-13,1.7697821447655203e-12,2.4428561462600094e-10,2.5522578503041233e-06,2
232,21:42:30,9.020748934403289e-11,1.709976932469089e-11,6.095605082105969e-12,1.1237743562299078e-12,6.871754137024327e-12,3.083285481608525e-10,2.566072630999377e-06,2
233,21:43:00,8.454284372384964e-11,7.059934213937323e-12,3.757244290519508e-12,4.598562202663126e-13,1.358751371103775e-12,3.239521425180891e-10,2.6125964643796686e-06,2
234,21:43:30,5.4230479803711484e-11,1.0870778077525558e-11,5.7008846592182265e-12,4.820516286496093e-13,2.3165312050052104e-12,2.4426221487239936e-10,2.5853546328710294e-06,2
235,21:44:00,5.100871305041618e-11,8.656931514626348e-12,4.65709843759334e-12,3.1453234029003533e-13,1.0988441208256538e-12,3.131123338460929e-10,2.5962558502103007e-06,2
236,21:44:30,7.77728377687195e-11,1.0073814475696434e-11,4.4366622226276035e-12,6.031904303552785e-13,2.872899920072955e-12,4.0116746865181226e-10,2.522926163519189e-06,2
237,21:45:00,8.725126524844544e-11,7.455004870005642e-12,3.8394408240510996e-12,4.492672823390424e-13,1.605813432345579e-12,4.60263768761253e-10,2.5865882982548583e-06,3
238,21:45:30,5.7884436804261525e-11,1.125036061878887e-11,4.7942574360067075e-12,5.8388328818119e-13,2.4437031764743416e-12,4.2126076352723133e-10,2.5438313129050015e-06,2
239,21:46:00,1.2182180674472052e-10,9.261296565016669e-12,4.185574919199673e-12,3.0311068704646556e-13,1.3824172774970108e-12,4.80828946679702e-10,2.5530724000770927e-06,3
240,21:46:30,9.492436923403472e-11,8.577387066856844e-12,6.567925554108164e-12,3.2933675014901285e-13,1.3069964113444864e-12,4.56612062089977e-10,2.43409898756967e-06,3
241,21:47:00,1.0622582540114071e-10,1.063967140117178e-11,5.257970075271831e-12,5.111050303194932e-13,2.487847048972774e-12,4.155420517443978e-10,2.5506234970930514e-06,3
242,21:47:30,1.022339983179818e-10,1.3388505579364256e-11,5.5649312965088064e-12,7.547591906218179e-13,4.213892577156312e-12,6.150018821651729e-10,2.4147418137967343e-06,2
243,21:48:00,1.2014098047509794e-10,9.172801814446041e-12,4.890107131482363e-12,4.0968978592546794e-13,2.4833861835960902e-12,4.082644071954377e-10,2.409960205147997e-06,2
244,21:48:30,1.2219036656213448e-10,1.0888934105485396e-11,5.787332591279216e-12,4.178661137898802e-13,1.3912428945518491e-12,6.411746056106514e-10,2.5310743412711668e-06,3
245,21:49:00,6.346813146231251e-11,8.069821294492335e-12,4.902556269254989e-12,3.2320977542463225e-13,1.322792410624597e-12,5.077523205943172e-10,2.4019481238636886e-06,2
246,21:49:30,6.608307095663508e-11,1.217780061195533e-11,5.43002607740256e-12,3.709778823308458e-13,1.9926904212159636e-12,4.0529931066608053e-10,2.3318197403987114e-06,2
247,21:50:00,7.491314366509005e-11,4.8450302200758505e-12,6.464496183214965e-12,6.447162334560362e-13,1.9423403730701713e-12,2.6938290713150983e-09,2.7848849297031115e-06,1
248,21:50:30,1.1719490849801469e-10,8.55636069564429e-12,2.6053068069427528e-12,1.0341696332599356e-12,1.0208759380599755e-12,1.0883308687680329e-08,2.9431104658085522e-06,0
249,21:51:00,1.3365625894041094e-10,1.0407564714404455e-11,4.307982959257015e-12,8.489265666521018e-13,1.4062066321729066e-12,7.222951119927455e-09,2.954644397071665e-06,0
250,21:51:30,2.246420968194394e-11,1.7518323585611981e-12,6.64451412846497e-12,6.674943482928019e-13,9.58838631322273e-13,1.523980484592658e-09,2.9239678601964424e-06,0
251,21:52:00,8.48386913874339e-12,7.818941667235355e-12,7.791417182822225e-12,6.701133730426113e-13,1.23972649282982e-12,2.2160145243822626e-09,2.9042333055503436e-06,1
252,21:52:30,2.687042583215523e-11,2.5255899595282696e-12,4.080830481465075e-12,1.088699402922807e-12,1.2485185881308187e-12,4.1485313023250285e-09,2.980078220649187e-06,0
253,21:53:00,5.57976448100481e-12,1.7106150376682987e-12,6.090828092204961e-12,6.966082179864955e-13,7.806439224236618e-13,2.689248906642765e-09,2.986655760812803e-06,0
254,21:53:30,6.010607321947046e-12,7.274776204902331e-12,5.907979880136218e-12,8.130560943212113e-13,1.503068007344382e-12,1.1381138057419008e-09,3.0417286659505456e-06,0
255,21:54:00,1.5487620213223987e-11,2.2045537750562657e-12,3.0784878808899373e-12,3.8954637634656766e-13,6.238180443580225e-13,2.619882060879076e-09,2.998589211823091e-06,1
256,21:54:30,2.785602996509978e-11,4.701549220106783e-12,2.5547199704661284e-12,3.9179748390871734e-13,1.19455865991336e-12,2.9457398818385145e-09,2.986248364446241e-06,1
257,21:55:00,3.670040139904164e-11,3.3185914849178805e-12,3.6801097673780945e-12,3.1585882149859754e-13,1.0648489615983005e-12,7.615178941563021e-10,2.9683954620141913e-06,1
258,21:55:30,4.497354528150726e-11,8.945115770098692e-12,8.959974392701264e-12,9.923531941798422e-13,3.4149702287579902e-12,6.517394793824564e-10,2.90351107008474e-06,1
259,21:56:00,2.6400924191122518e-11,4.020167939147983e-12,5.68227022362698e-12,5.258677288981062e-13,8.205569055404607e-13,1.0317786090557561e-09,2.926076125259134e-06,1
260,21:56:30,3.5467000146788714e-11,3.2403789544281286e-12,2.7489756866437116e-12,4.076694226023215e-13,1.1680311779979537e-12,6.61473958901663e-10,2.8775472915041296e-06,2
261,21:57:00,4.195946966019301e-11,7.940409013897435e-12,5.21286313791246e-12,5.102817698706861e-13,2.2260760854260852e-12,3.73331103544221e-10,2.8308270309223978e-06,2
262,21:57:30,2.546076544695653e-11,5.099994494922272e-12,3.3766819224480925e-12,3.9071123515764904e-13,1.273645436914907e-12,3.9690101633917767e-10,2.826868267402118e-06,2
263,21:58:00,5.0778813221861974e-11,8.895075904775156e-12,4.925109870230077e-12,6.511797035592535e-13,2.34455671239333e-12,2.8837093729751275e-10,2.801240713041026e-06,2
264,21:58:30,6.040368995891067e-11,4.642219179716053e-12,3.242509557595523e-12,3.291677473558102e-13,1.3537219275353998e-12,2.972276083588571e-10,2.8298513096766104e-06,2
265,21:59:00,4.640574271004057e-11,8.289088005940764e-12,4.750116857385876e-12,8.895513631908167e-13,4.714156181168377e-12,4.0417719683601873e-10,2.5847648691756007e-06,2
266,21:59:30,5.752119217164024e-11,6.750528899012956e-12,4.731697862807673e-12,3.867980885596035e-13,1.6564962384716544e-12,2.0130416166859335e-10,2.3727596619144865e-06,2
267,22:00:00,3.522950362133821e-11,6.0988479773342585e-12,3.940676755234988e-12,4.506081990116755e-13,2.3063463866767712e-12,2.0031131993311218e-10,2.349738472506724e-06,2
268,22:00:30,6.718861520749573e-11,7.66527238788172e-12,6.535294452893202e-12,4.817288698106179e-13,2.054844714251863e-12,2.4010415492582726e-10,2.204703976618974e-06,2
269,22:01:00,9.188614934690874e-11,8.96327712449765e-12,5.995092799225153e-12,3.04390323523248e-13,1.1527192640114946e-12,3.114422132458763e-10,2.0879840039216378e-06,2
270,22:01:30,7.164726319394009e-11,8.297892801744249e-12,4.340262901905456e-12,7.460936664227289e-13,4.478221125772013e-12,2.7926026910987553e-10,2.124658580179811e-06,2
271,22:02:00,8.295590125624837e-11,1.153471167670492e-11,6.207714316968483e-12,3.955261511679503e-13,2.018462928814627e-12,3.3552857474564433e-10,1.950186433705449e-06,2
272,22:02:30,1.0591460560910754e-10,7.584153230838068e-12,5.356480083456669e-12,4.670154972728442e-13,1.7732054722849316e-12,4.384531629786648e-10,2.0360765554952933e-06,2
273,22:03:00,9.075362097430951e-11,8.378241528799941e-12,5.119274950440141e-12,3.237189568677756e-13,1.3467650259840488e-12,4.694038501032257e-10,1.98875091788626e-06,2
274,22:03:30,1.2611201771375245e-10,1.0850590180460457e-11,5.204587875678354e-12,3.6049014879987427e-13,1.880613269924275e-12,4.2525233042923316e-10,1.385075955745993e-06,2
275,22:04:00,7.283419278235902e-11,7.341602932193393e-12,5.2905199617070395e-12,3.2678157382605744e-13,1.323643949597774e-12,5.865268696791276e-10,1.2561434701474768e-06,2
276,22:04:30,1.1376761165909421e-10,8.188492434693937e-12,7.563751568469481e-12,2.509950688568088e-13,9.181105497241009e-13,4.702304566640934e-10,1.137988307672092e-06,3
277,22:05:00,7.936442883621571e-11,1.3022063665160109e-11,3.2612005568356548e-12,3.6551592970952915e-13,1.2903333713713414e-12,2.707918307365775e-10,1.0756851538913285e-06,2
278,22:05:30,1.051910108100149e-10,7.590317188459708e-12,4.242900092365492e-12,3.319897673578866e-13,1.3956129213001383e-12,5.138516815033761e-10,1.0963225721778654e-06,2
279,22:06:00,1.1907610401186918e-10,1.1184184535351739e-11,5.0987679042272864e-12,3.364835887960227e-13,1.907519320944303e-12,4.1695790111746727e-10,1.1944487280470113e-06,3
280,22:06:30,1.2084697215785047e-10,1.1437553856426159e-11,7.181072628169229e-12,3.4228102522333934e-13,1.389450492482935e-12,4.934225385744373e-10,1.4073968250704895e-06,3
281,22:07:00,9.850174794600246e-11,7.714895048785894e-12,3.488830377779849e-12,3.0287646376676334e-13,8.488802826771952e-13,7.462937048597437e-10,1.3796882296582338e-06,3
282,22:07:30,8.18933949595799e-11,1.018017395416943e-11,4.860324405780941e-12,2.299026341022994e-13,9.091800064630497e-13,5.207672340425543e-10,1.3962939054160061e-06,3
283,22:08:00,7.942172408846837e-11,8.578876430675164e-12,2.0847421778594094e-12,2.1276297445293576e-13,1.0050006078244175e-12,4.702078739076064e-10,1.4266591405612032e-06,2
284,22:08:30,1.4949982973553513e-10,1.0906101881598331e-11,5.058772586159979e-12,3.676107793371119e-13,1.702194268322003e-12,5.27518461766979e-10,1.3095775433486789e-06,3
285,22:09:00,1.1330066888139262e-10,8.115937889470418e-12,4.779411470324618e-12,2.8057593646610333e-13,1.301258017453381e-12,4.0966675411842674e-10,1.4050166703853593e-06,3
286,22:09:30,1.3336656463601155e-10,8.832625020344186e-12,6.813416727555909e-12,2.831753840090651e-13,1.4185582733034883e-12,5.113500673742325e-10,1.434968433335431e-06,3
287,22:10:00,1.4319192754290966e-10,8.712444625994163e-12,5.168269827329706e-12,3.9635806757306717e-13,1.7383779385483894e-12,4.771642765960978e-10,1.3745935633638142e-06,3
288,22:10:30,1.3274144683909415e-10,8.401148307694748e-12,6.684682338728483e-12,2.6641738740256803e-13,1.4563895506115072e-12,5.453523662413945e-10,1.3034336543186906e-06,3
289,22:11:00,1.8569429402011671e-10,7.562200002710274e-12,8.292354881742683e-12,3.7487930909409793e-13,1.781983198590938e-12,8.049471012919296e-10,1.2739137071325692e-06,3
290,22:11:30,1.6374393742620813e-10,8.707258728647186e-12,5.055783606101373e-12,2.8836587508588517e-13,1.3047808176472005e-12,7.137858597149445e-10,1.2114806282765793e-06,3
291,22:12:00,1.2731227468762605e-10,7.291917375962235e-12,5.318902482582942e-12,3.210504115947058e-13,1.4955837300505446e-12,4.335034213573524e-10,1.2151719422715612e-06,3
292,22:12:30,7.82772971517962e-11,9.54199934651906e-12,7.311400180711679e-12,2.486642675075198e-13,1.1716706632987852e-12,5.486381773157828e-10,1.1761533501856769e-06,3
293,22:13:00,1.3407390626424874e-10,1.1406596077151787e-11,8.563438195373487e-12,2.9218074604713054e-13,1.3887177335743326e-12,5.089433992142869e-10,1.2011369884583348e-06,3
294,22:13:30,1.2647594448309165e-10,1.3426291628480419e-11,8.052296028550691e-12,2.887992682769287e-13,1.4255845810428428e-12,5.423192618320967e-10,1.1646622175109206e-06,3
295,22:14:00,1.5385062844265923e-10,8.04396139179396e-12,4.27058994885525e-12,3.2865566047799577e-13,1.585382176713208e-12,5.778622419469638e-10,1.227462713201466e-06,3
296,22:14:30,1.686832241207738e-10,9.684847625768519e-12,8.087203149038618e-12,3.0852628088379953e-13,1.087684158015066e-12,4.3133932800782824e-10,1.241937280265528e-06,3
297,22:15:00,1.7402332925147639e-10,8.780859666716908e-12,6.797748561413832e-12,3.0131592646253175e-13,1.3913158141040633e-12,6.352475081867178e-10,1.1996184835430908e-06,3
298,22:15:30,1.7366494832937984e-10,1.0524060030078183e-11,5.883613213987596e-12,3.06112228064569e-13,1.4489406292587146e-12,5.10568972103172e-10,1.2361457078832176e-06,3
299,22:16:00,1.1358043603476462e-10,8.496271790834675e-12,5.2366800090907245e-12,1.6004958721408457e-13,6.11973283258759e-13,4.6091067445810304e-10,1.174465558555538e-06,3
300,22:16:30,1.7227543205548523e-10,7.335804913695632e-12,4.648650320276329e-12,2.715635043392765e-13,8.436345196599289e-13,7.95219559537749e-10,1.2029865845178914e-06,3
301,22:17:00,1.6197145896039395e-10,8.425807735262576e-12,3.028987601665526e-12,3.6693361211175427e-13,9.356130843446372e-13,6.566195703431056e-10,1.1932990427641273e-06,3
302,22:17:30,1.477221651395166e-10,8.692771299504622e-12,2.430222732703117e-12,3.2321521101068804e-13,1.1436179155353477e-12,5.43610999361663e-10,1.1946360037334954e-06,3
303,22:18:00,7.661297345096919e-11,9.020108133877222e-12,3.2575350273877726e-12,3.1910286377371396e-13,1.5552328733378416e-12,4.3660997512837414e-10,1.1569139148601441e-06,2
304,22:18:30,8.859683115753996e-11,7.665030481551079e-12,4.267475377107946e-12,4.493287508624018e-13,2.679562011829168e-12,2.97087529170719e-10,1.144403186445168e-06,2
305,22:19:00,1.478714699308788e-10,8.339348373941375e-12,5.022475624045353e-12,3.358856237893976e-13,1.010327091464595e-12,6.275746053197496e-10,1.155554498227729e-06,3
306,22:19:30,9.400787870660624e-11,7.400105901574893e-12,5.2277149959040514e-12,4.3100027373730207e-13,1.1384370410180416e-12,2.052394799968656e-09,1.5891317090857709e-06,3
307,22:20:00,5.496307285792117e-11,4.196603743788719e-12,2.5998212919145002e-12,2.7867042576774074e-13,9.871010391083223e-13,2.891913335688914e-10,1.5351914744398849e-06,2
308,22:20:30,5.746816307120861e-11,9.046997705854283e-12,2.928417917453568e-12,4.717772458542195e-13,2.7409903390126203e-12,3.214548551184288e-10,1.3658731135648343e-06,2
309,22:21:00,8.15883539772772e-11,8.660295809479574e-12,3.3265740042295473e-12,4.068588296723284e-13,2.070984847163481e-12,5.885611913411743e-10,1.3637254302404082e-06,2
310,22:21:30,1.181152244088272e-10,9.785145825531993e-12,6.818042816276214e-12,4.77953693597226e-13,1.1669366173641758e-12,5.955393031905983e-10,1.6539015495792396e-06,2
311,22:22:00,1.1551065410247244e-10,5.842144523582745e-12,2.768408039597637e-12,3.097449609581346e-13,9.862839672369156e-13,4.765176347876383e-10,1.478349508319623e-06,2
312,22:22:30,9.78557230077347e-11,9.085508588823917e-12,7.408719807369881e-12,6.081859587734867e-13,2.3239944821091297e-12,6.43298494356016e-10,2.3074682975685438e-06,2
313,22:23:00,2.935886608077335e-11,4.640620158455967e-12,4.183856889510725e-12,5.676834824055231e-13,2.345495558751401e-12,3.4647851892757243e-10,2.8670653097028835e-06,2
314,22:23:30,1.1630769721361845e-10,9.00340818811757e-12,4.858052160975562e-12,6.294028982983033e-13,1.9828156604027277e-12,7.984120406867188e-10,2.8859739975640015e-06,2
315,22:24:00,6.107561993527821e-11,5.538029779216597e-12,3.6245239167980133e-12,6.010422405714862e-13,2.341248476108301e-12,4.802888523672291e-10,2.9305586747477583e-06,2
316,22:24:30,6.795752051918551e-11,4.377850737387859e-12,2.5835655733222325e-12,4.548243240726596e-13,1.0533866054781832e-12,1.816329289075874e-10,2.95938977879552e-06,2
317,22:25:00,3.674508897545821e-11,5.577120158373563e-12,3.64548947358588e-12,2.794393114342613e-13,8.489297892126974e-13,2.260664605305451e-10,3.0115177934185117e-06,2
318,22:25:30,2.6093268878080005e-11,9.394917999250314e-12,3.278936396536218e-12,6.19135397063755e-13,2.534837089690654e-12,1.3071209603241095e-10,2.953316060559821e-06,2
319,22:26:00,6.704935859270034e-11,1.4727963269492756e-11,5.310013696788113e-12,4.323144962193262e-13,1.7019528654140124e-12,3.812205663013463e-10,2.334119922777206e-06,2
320,22:26:30,5.7723419262150595e-11,1.2770203533969953e-11,4.179820684706731e-12,2.195894550552303e-13,8.312039438523429e-13,1.9423167071511527e-10,1.5420537898075767e-06,2
321,22:27:00,1.0616306425760936e-10,1.1210202907272764e-11,4.470540516210432e-12,6.139851408816813e-13,2.5332930163645807e-12,2.026466003908391e-10,3.4227046321204876e-07,2
322,22:27:30,1.0962689279939006e-10,7.580042484343965e-12,3.812508043446586e-12,3.9467958865530303e-13,9.750209391362815e-13,4.186215176153977e-10,8.500987863021412e-07,2
323,22:28:00,5.1833508694126904e-11,5.692771924621954e-12,2.631487890963403e-12,4.0108812781011474e-13,1.3144613080338222e-12,3.440537627534793e-10,4.947648935339414e-07,2
324,22:28:30,4.0416803679812206e-11,6.21472570715971e-12,3.2526233870766857e-12,2.9285199003038825e-13,6.829297664909181e-13,3.341716540994672e-10,5.485648384434231e-07,2
325,22:29:00,6.344487341716383e-11,9.544315484204185e-12,3.4646924472242037e-12,3.0296220553305995e-13,1.1785734785127568e-12,3.1445761825988e-10,9.616452070318798e-07,2
326,22:29:30,6.016236156413017e-11,6.1422296804241436e-12,2.6313479774860337e-12,1.2064782236071619e-12,3.189636946888618e-12,3.6635718314583085e-10,2.1338342534646462e-07,2
327,22:30:00,3.174079052745318e-11,5.392547286348101e-12,1.8823868847784944e-12,4.693403371955804e-13,9.416044747666905e-13,3.1829906437251077e-09,2.5164076662236066e-07,4
328,22:30:30,1.440893672752077e-11,3.466083364385834e-12,1.5288125349185885e-12,2.8243910797635683e-13,7.275498665989567e-13,9.903562866339766e-10,5.813843254003859e-07,4
329,22:31:00,1.92466779157978e-11,4.383792969422805e-12,4.0431293524329555e-12,6.718235338529486e-13,1.467247001900307e-12,1.935393896360119e-10,5.86250112308371e-07,4
330,22:31:30,1.0099853487093138e-11,3.0911599643149404e-12,1.5144756914383258e-12,3.892125536356922e-13,6.259580419575884e-13,9.091050807735904e-11,6.663526941868649e-07,4
331,22:32:00,2.8550435689786136e-11,6.708420072296961e-12,5.8301993524900515e-12,6.547125374703193e-13,1.3121809074428503e-12,1.2345089182244217e-09,2.2089346636313824e-06,0
332,22:32:30,1.1215967017496955e-11,1.902130249919244e-12,1.7809549040302788e-12,2.947758751378334e-13,4.069954979852806e-13,3.479815725930742e-10,2.30310358538391e-06,1
333,22:33:00,3.363606133358123e-11,4.969140440239474e-12,1.8562604953442615e-12,3.161415713644832e-13,8.314209737870728e-13,1.0805536714612561e-10,1.1667165633089917e-06,2
334,22:33:30,1.7904405299362274e-11,5.752531505000688e-12,2.273813920669474e-12,4.0353080962437623e-13,7.889522090160628e-13,4.31632094310419e-10,4.97577934003873e-07,2
335,22:34:00,1.1616636061942636e-11,3.287040823314943e-12,1.6776933042329804e-12,5.744760313274681e-13,9.994209223051943e-13,1.7218745783976705e-10,1.8395058651899183e-06,4
336,22:34:30,1.3643930717484976e-11,3.513705800763665e-12,1.717863559637204e-12,3.3913965253866805e-13,1.0230637845309978e-12,1.4124749768181362e-10,1.4066990020965906e-06,4
337,22:35:00,1.0523703336634727e-11,3.681235100089605e-12,8.625150499553323e-13,1.8897502485638465e-13,2.945223651722823e-13,1.18370761139801e-10,4.863547502682959e-07,4
338,22:35:30,2.2068495012546312e-11,3.522115242934654e-12,9.361700903754604e-13,2.0962503020287386e-13,3.3980853369034397e-13,3.6019451568871844e-09,3.822357724785411e-07,4
339,22:36:00,2.503045043973462e-11,4.26303626408591e-12,1.7692969255574494e-12,2.3005674105572034e-13,6.760174003153519e-13,1.1605822814652143e-09,4.0644058402866035e-07,4
340,22:36:30,3.401817788423504e-11,2.5000455495597706e-12,9.6509853290605e-13,1.680727675259554e-13,2.1784486534641802e-13,5.557143237777369e-09,3.8626170294056995e-07,4
341,22:37:00,1.3134357725126407e-11,2.3511736910923174e-12,9.106659543611406e-13,2.1210196106935167e-13,3.5748294250345345e-13,8.28334201334123e-09,4.5181081536634176e-07,4
342,22:37:30,9.013487502110416e-12,2.6122022960356915e-12,2.044969982952028e-12,2.6477554227225235e-13,3.761700607917168e-13,3.370437095022397e-09,4.135970229563271e-07,4
343,22:38:00,8.58532708121089e-12,3.3607693077163402e-12,2.6592843706959495e-12,3.057324873113343e-13,5.995067905679501e-13,2.9140283957188774e-10,4.4126483534884325e-07,4
344,22:38:30,2.356888868921614e-11,2.633607792443162e-12,7.178848110814872e-13,1.7671572847149259e-13,4.045696344994082e-13,4.417326257820621e-09,3.544017431570397e-07,4
345,22:39:00,2.1672672479409448e-11,2.125948613292251e-12,2.0529969579745212e-12,4.0211274706596413e-13,7.832025945260526e-13,9.398493043811665e-11,5.02454153483527e-07,4
346,22:39:30,1.7621663203419348e-11,2.221777706220126e-12,8.225636282142673e-13,1.8771129806486042e-13,4.64366674076313e-13,1.7619086202339238e-09,3.971975705927303e-07,4
347,22:40:00,2.2675133560988096e-11,2.2802115219575345e-12,1.0268672241582273e-12,1.9676865203695943e-13,3.273973419174744e-13,4.930482930489486e-09,3.867486200770639e-07,4
348,22:40:30,6.3664810706443665e-12,3.1461148645350875e-12,2.5956021553634597e-12,3.939874172944065e-13,6.107102495975393e-13,2.009142460210134e-10,8.085417421618735e-07,4
349,22:41:00,3.107759211085578e-11,3.293863976012443e-12,7.756317193360262e-13,2.4199947160035365e-13,9.420195662054448e-13,1.5972495461256538e-09,4.0871247310930074e-07,4
350,22:41:30,1.887687249717905e-11,2.8697671918569556e-12,1.0543118167501582e-12,2.6717175477110877e-13,7.696515005853852e-13,2.127043462289701e-10,4.2030063578047326e-07,4
351,22:42:00,2.349787985181271e-11,3.3559637661170002e-12,1.391178201347277e-12,3.4594949622687407e-13,8.750496093700392e-13,9.212955331171919e-10,4.1809753483360247e-07,4
352,22:42:30,2.3544602665595753e-11,2.2248936441305238e-12,1.4250115904626709e-12,2.027700812448678e-13,4.0279782512544925e-13,1.2647345830685704e-09,4.23968214364635e-07,4
353,22:43:00,8.168999737614105e-12,3.824105513952515e-12,2.166167307393583e-12,4.1156358827079305e-13,9.61350605541815e-13,7.522054277023238e-11,4.4321982989404633e-07,4
354,22:43:30,1.3952276560814532e-11,3.0519944032435952e-12,1.24242103604835e-12,2.324265016341442e-13,5.137139127449639e-13,6.800385023019519e-10,4.0082160799099516e-07,4
355,22:44:00,1.2466023392553257e-11,2.863099638723902e-12,8.466486867130788e-13,2.1355565141155334e-13,5.304558944105926e-13,2.125061637808986e-09,5.981849269818215e-07,4
356,22:44:30,1.3372515825673715e-11,3.333833866377648e-12,1.1028043321551303e-12,1.9870220933327765e-13,4.4711552702411273e-13,3.261803824526871e-09,6.828172345593296e-07,4
357,22:45:00,1.3608785679325527e-11,2.944642979312003e-12,1.0157174472249706e-12,2.374525947686911e-13,6.389526327164333e-13,6.789017677989494e-09,1.2535536752676283e-06,4
358,22:45:30,1.8960710680004665e-11,1.7339255127903653e-12,7.871660412602284e-13,1.638635120117878e-13,2.9588303543583307e-13,5.97087208521394e-09,3.8710270776359326e-07,4
359,22:46:00,1.1028018354547494e-11,2.2344884091413785e-12,1.1895469778687292e-12,1.618444989657796e-13,2.9764343495807216e-13,2.831662675464655e-09,3.9448289134689057e-07,4
360,22:46:30,1.1288308001687333e-11,1.6444627784610566e-12,1.2469482959629524e-12,2.1295300068795396e-13,4.678486502985364e-13,1.0607267252783383e-09,4.5647963404568045e-07,4
361,22:47:00,1.063485042267834e-11,2.9306773668907323e-12,2.2748952115973076e-12,3.954009718330465e-13,8.445746804360102e-13,3.1978440369309716e-10,1.6366652098761241e-06,4
362,22:47:30,1.5612061063834073e-11,2.689679265952886e-12,7.850430967125787e-13,2.2362405166643966e-13,6.735866967063914e-13,3.724633844764708e-09,3.7781650279142316e-07,4
363,22:48:00,1.4993402620874576e-11,2.2352675404234698e-12,9.144665180457888e-13,1.5724465512636095e-13,3.2386498286768855e-13,2.7720256412643803e-09,4.2532232197440966e-07,4
364,22:48:30,4.4603485826269714e-11,2.6017236778174164e-12,9.16735370965342e-13,2.607947154367188e-13,4.788358133271408e-13,2.63626231451372e-09,5.53546963621402e-07,4
365,22:49:00,7.819951072665729e-12,2.480967972457207e-12,2.0938635163950745e-12,3.6911982076297693e-13,6.593978282407001e-13,8.130822705838885e-11,4.3104368903461343e-07,4
366,22:49:30,2.065781069215617e-11,2.4056114039092478e-12,1.3810076359246014e-12,1.946261331220261e-13,6.007885158325192e-13,1.0014707197430663e-09,7.752049600576509e-07,4
367,22:50:00,1.7638789824692355e-11,1.9582199247851843e-12,7.671372915175233e-13,1.9933188184771851e-13,4.309370316761371e-13,3.6384897045644933e-09,3.888322160611499e-07,4
368,22:50:30,2.5738487382307636e-11,2.848294575767802e-12,8.516975901500881e-13,2.2668162818471407e-13,4.3613391926018815e-13,7.67473733660355e-09,4.5622900923392584e-07,4
369,22:51:00,2.3668560274969796e-11,2.8905618167396068e-12,9.526329724982436e-13,1.7067426691081973e-13,3.932011340130865e-13,3.897671465251425e-09,6.739228344973464e-07,4
370,22:51:30,2.5090107625524307e-11,2.050780577609142e-12,9.659381824918653e-13,2.0360793926761365e-13,3.992069270059322e-13,6.7209584307393975e-09,4.104371785463372e-07,4
371,22:52:00,7.576277221936618e-12,3.595874492581962e-12,4.286821897227091e-12,5.229246369657647e-13,9.840510791742788e-13,7.43994587198146e-11,1.3414201716103103e-06,1
372,22:52:30,1.1854553270917917e-11,2.357827827277294e-12,2.4988884192294975e-12,3.2530394309321525e-13,6.219726756093178e-13,7.799768697441568e-11,5.480447067566677e-07,4
373,22:53:00,1.2125070565566334e-11,3.5264219532725468e-12,2.035904409909703e-12,2.688850646915275e-13,7.043197406507273e-13,7.167170163471752e-11,4.029613174222006e-07,4
374,22:53:30,8.451365499104632e-12,3.2877481480369685e-12,3.0264365994307465e-12,4.093267777150836e-13,7.058892902038333e-13,1.175623780602614e-10,1.1399033448381261e-06,1
375,22:54:00,1.224744144958745e-11,2.3666161830092337e-12,1.3558468618579678e-12,2.902492108153897e-13,6.942892242763148e-13,4.6154512398962703e-10,4.223666708240916e-07,4
376,22:54:30,1.4401353983779943e-11,3.106910639342013e-12,7.884960902527112e-13,1.884412248371555e-13,4.1653550307611545e-13,7.89523793609581e-10,7.922929639860566e-07,4
377,22:55:00,6.263941217408899e-12,2.0992511378672373e-12,8.443831428255827e-13,2.307873172259218e-13,3.51602328651124e-13,1.7580951630227606e-10,1.1870054724851417e-06,4
378,22:55:30,2.0887933083504317e-11,3.0730997603069877e-12,1.8099200579866882e-12,4.854047351788499e-13,9.114197654228678e-13,9.92388225751255e-11,4.0520177420143066e-07,4
379,22:56:00,9.873632680693657e-12,1.6528928101370455e-12,9.96312956871002e-13,1.9754225919962908e-13,4.036444238560502e-13,1.439787404779704e-09,4.133922703644125e-07,4
380,22:56:30,2.1622793375935884e-11,4.390513588553694e-12,1.0364143131220343e-12,2.633244798698083e-13,4.409323444205313e-13,9.169966201209693e-10,3.514572577232874e-07,4
381,22:57:00,1.5352441130049818e-11,3.415469620040637e-12,1.0484596695008382e-12,2.195543161458491e-13,4.837359036037747e-13,4.4400780943140346e-09,3.436903906577143e-07,4
382,22:57:30,7.287270775898714e-12,2.553877454133621e-12,1.5582602259845285e-12,5.282831138872735e-13,6.793342198320362e-13,1.0704378647040252e-09,3.421855312534479e-07,4
383,22:58:00,9.551310240579249e-12,2.0179357453538523e-12,7.8137014211783e-13,1.7789406855257234e-13,3.4786328845865873e-13,9.353788423319208e-11,6.96255849675865e-07,4
384,22:58:30,1.1230259365483151e-11,3.142032705316406e-12,2.96567705967654e-12,5.170219300871261e-13,8.380943553867265e-13,7.658135688158608e-11,4.5140833380766516e-07,4
385,22:59:00,2.220390028146392e-11,3.323925524234253e-12,1.0983335900363224e-12,2.1549321412977114e-13,6.033085428888932e-13,4.908291586415587e-10,1.0215314812626076e-06,4
386,22:59:30,1.6107646494961276e-11,3.748129029595554e-12,1.1060347410582388e-12,2.0365015453507416e-13,3.906327466053542e-13,6.29957766023394e-10,4.102110917617014e-07,4
387,23:00:00,5.820690788380462e-12,1.9166181566764014e-12,9.379659142281765e-13,2.6913357261185776e-13,5.30714232458399e-13,1.356861669512444e-10,6.348911618554341e-07,4
388,23:00:30,1.6080476218419924e-11,6.078195143932855e-12,1.2504298261291319e-12,2.4525307205984073e-13,7.700531552473986e-13,1.1820627791652073e-10,4.3977367207990496e-07,4
389,23:01:00,1.2167638521929533e-11,3.067085751593607e-12,3.4098093133714182e-12,7.401807291373483e-13,1.1561374675951558e-12,1.2273475877680135e-10,1.0543329679393357e-06,4
390,23:01:30,1.0367699423463394e-11,3.233880551508152e-12,1.0511621422391808e-12,2.0591103924915575e-13,5.629813569001073e-13,2.155704965019996e-10,7.767277929994254e-07,4
391,23:02:00,1.1556560734764582e-11,3.831408897295756e-12,6.422275885623602e-12,3.340399213733283e-13,4.4311093078286126e-13,1.5618844290716699e-10,3.775715301983404e-07,1
392,23:02:30,1.1106253246742273e-11,2.9961864946383635e-12,1.3489149143007873e-12,2.730679798822127e-13,6.738598707741946e-13,1.1647550684767924e-09,7.188750671539453e-07,4
393,23:03:00,2.127515908716417e-11,3.4242338694076706e-12,2.306167323587041e-12,4.799982003213662e-13,1.053436772306476e-12,1.1289400808529871e-10,5.793102443990639e-07,2
394,23:03:30,2.1048984658330398e-11,3.3892159469419477e-12,5.661794807710123e-12,8.817954753447545e-13,1.0455920266589777e-12,1.0453538131487066e-09,2.258125648475477e-06,1
395,23:04:00,1.2098407449502388e-11,2.4218505342629342e-12,1.7597344922192395e-12,2.572415818258231e-13,5.854063986146773e-13,2.336024861208851e-10,1.1070045543759835e-06,4
396,23:04:30,2.993090349942265e-11,3.910549135473898e-12,1.255448727660322e-12,4.4658830377699417e-13,8.054900915384463e-13,3.202438272784874e-10,1.263714677300167e-06,2
397,23:05:00,3.032512249563064e-11,3.234602035584209e-12,2.6319663743508588e-12,5.751476904999002e-13,2.6723796396495703e-12,2.652729939845518e-10,1.2509027561827226e-06,2
398,23:05:30,2.3495962496459727e-11,2.4265089223194155e-12,3.188246857937738e-12,3.5935126127769216e-13,1.30077671427235e-12,2.3863873135894726e-10,1.2159110207040523e-06,2
399,23:06:00,2.3114076719000386e-11,3.278134932590719e-12,3.364792940469403e-12,2.94229547384871e-13,9.491817275627893e-13,1.2643957229463252e-10,1.2221990548469805e-06,2
400,23:06:30,3.9789074824529836e-11,5.271042821621611e-12,4.410963281429213e-12,3.9230376365451104e-13,1.2904232318183207e-12,4.2489442775249987e-10,1.4507835324801113e-06,2
401,23:07:00,3.239521769686794e-11,5.2779248546181e-12,2.607116501941578e-12,4.5435997504832724e-13,1.7428773117784762e-12,1.1922966997572991e-10,1.449999407469407e-06,2
402,23:07:30,2.5289839984637633e-11,3.6726346654778394e-12,3.981655608964811e-12,3.513877977781284e-13,1.5276116754775869e-12,1.6108528444762122e-10,1.4913956595506771e-06,2
403,23:08:00,2.5315143135287884e-11,2.8342838248944663e-12,2.188892366660855e-12,2.547944243795292e-13,7.065379933220415e-13,9.780037853452279e-11,1.5019954195893289e-06,2
404,23:08:30,2.473063340359142e-11,6.367793796464849e-12,3.2924581091773435e-12,4.612363382725687e-13,1.7806221430943022e-12,1.2553688275164476e-10,1.5384497495888847e-06,2
405,23:09:00,2.2017291525400602e-11,5.238543879510099e-12,4.971591769125512e-12,4.2632920755494563e-13,2.0761317088532395e-12,1.7143086858169696e-10,1.5364237606189418e-06,2
406,23:09:30,2.5970903006458416e-11,3.738428453502019e-12,3.845111432590579e-12,2.2014076196283926e-13,8.701677261882363e-13,1.2050878188017347e-10,1.5454900961018355e-06,2
407,23:10:00,4.412199693881143e-11,6.414076205521598e-12,4.704416213116546e-12,3.647117076821832e-13,1.3923586909035311e-12,1.9058646143567673e-10,1.5103422801582226e-06,2
408,23:10:30,2.6704302789556862e-11,4.417246336755547e-12,3.801144665904123e-12,3.060014186662865e-13,9.468538069470345e-13,1.6918538925515196e-10,1.5490457742095118e-06,2
409,23:11:00,2.396937031485882e-11,5.842805080159609e-12,3.866875626388027e-12,6.314600998352712e-13,4.0433942897666056e-12,1.4747609411350838e-10,1.5907529339156828e-06,2
410,23:11:30,3.1651349402595575e-11,7.377548269010634e-12,5.9287592216054925e-12,6.584730219814089e-13,3.7134283964342556e-12,2.0412609912361578e-10,1.532573568071409e-06,2
411,23:12:00,2.5820934909155763e-11,6.378142507229126e-12,3.639730182960946e-12,5.176851296376048e-13,3.316952668469413e-12,2.281505287191101e-10,1.601772811986382e-06,2
412,23:12:30,4.5851792101510476e-11,8.945488601750646e-12,2.815471029398202e-12,5.452146292529172e-13,2.956034030139321e-12,2.0672220224040878e-10,1.534478252142533e-06,2
413,23:13:00,4.6020760628829234e-11,5.519327188576225e-12,3.1874962738677608e-12,3.190171052262161e-13,8.796583638864678e-13,1.8001799124089557e-10,1.624437678848649e-06,2
414,23:13:30,4.512765520765902e-11,8.532089417429803e-12,5.108337482665273e-12,5.095144042246132e-13,2.5673273446380244e-12,3.055903291718668e-10,1.536345654901694e-06,2
415,23:14:00,4.640074305866433e-11,6.268326438673589e-12,3.463752487484215e-12,2.5095890703800646e-13,1.0281292871853791e-12,2.766215742936315e-10,1.49783498653611e-06,2
416,23:14:30,4.5779698563941966e-11,8.947677571149511e-12,4.254793734622851e-12,2.754610324351613e-13,1.4070416469283183e-12,3.395225129524131e-10,1.523117676446957e-06,2
417,23:15:00,5.18172290360872e-11,6.074025675701345e-12,3.227211877132398e-12,3.70684454707215e-13,1.5660934794298428e-12,2.894042099680022e-10,1.4887173083527246e-06,2
418,23:15:30,6.048457630295822e-11,6.3596572487289946e-12,3.8699415179151985e-12,4.012928993439761e-13,1.9923607336442056e-12,3.24384779565509e-10,1.5464280065952152e-06,2
419,23:16:00,6.095219926210451e-11,6.100652640351211e-12,4.25767169613035e-12,2.882756750649279e-13,1.4850207804798467e-12,4.703857448322964e-10,1.6105631492565673e-06,3
420,23:16:30,4.168646856407079e-11,7.33809551056812e-12,5.2592056388413385e-12,2.0157595098277306e-13,7.443851802952236e-13,4.920561191834445e-10,1.5553719097066534e-06,2
421,23:17:00,1.0353951634413111e-10,8.280872056227116e-12,4.11389370036645e-12,3.016588214957938e-13,1.5369801724377655e-12,4.3851353856215156e-10,1.5918865789325104e-06,3
422,23:17:30,6.823428434177395e-11,7.918722038634985e-12,3.431405405459817e-12,2.865439618090095e-13,1.1219695604209464e-12,3.6086438194869856e-10,1.5324060220666784e-06,2
423,23:18:00,7.713644716887028e-11,8.763244059865519e-12,3.966123672090475e-12,3.7578390076172896e-13,2.3012364686146596e-12,4.503242841991201e-10,1.505326692789566e-06,3
424,23:18:30,7.676051260007245e-11,7.625519288420315e-12,4.288630791894972e-12,2.340801770516137e-13,8.683462568801507e-13,4.10828953169574e-10,1.4863411727574e-06,3
425,23:19:00,6.970168147231474e-11,6.67469123849895e-12,3.4385037217431016e-12,4.3460317244846583e-13,2.451601173970513e-12,4.080265265534996e-10,1.4723462370855687e-06,3
426,23:19:30,1.3182965825739996e-10,1.0033804490230918e-11,4.692996151509305e-12,3.566944308976052e-13,2.0763613841692767e-12,3.879648735191804e-10,1.5426393669429918e-06,3
427,23:20:00,7.302639527709023e-11,6.8541602167404175e-12,3.2511371496279285e-12,1.9254437224975203e-13,9.435151453202707e-13,5.888351608384865e-10,1.5127062123101032e-06,3
428,23:20:30,1.0773423954790292e-10,7.028094251432748e-12,5.412943196803171e-12,3.272739610975297e-13,1.5378738183153616e-12,5.080068681451547e-10,1.5303850244309643e-06,3
429,23:21:00,9.528761223667045e-11,7.576075024546908e-12,3.6286132352974156e-12,1.563095455360501e-13,6.46045989755305e-13,4.358940270520544e-10,1.6049380869930436e-06,3
430,23:21:30,1.224134719191746e-10,8.054422626337495e-12,4.430937546601304e-12,3.63963357330359e-13,1.9477189085337258e-12,4.82392425837652e-10,1.5529794329267903e-06,3
431,23:22:00,8.854183836291373e-11,8.308649475484607e-12,3.5454754714992777e-12,1.8632487108518516e-13,6.534435766130796e-13,4.501767960885854e-10,1.540320969875184e-06,3
432,23:22:30,1.219906461757515e-10,9.220723421885792e-12,4.706351016706884e-12,2.5039713611303696e-13,1.2788140690002512e-12,4.4621619465640705e-10,1.581708608083714e-06,3
433,23:23:00,1.2599698294663222e-10,1.1987481991305612e-11,4.5722430859697155e-12,3.069337461500559e-13,1.4971184278077128e-12,6.949312868894882e-10,1.4567686262053105e-06,3
434,23:23:30,6.692474583870097e-11,1.0258464111974264e-11,4.19573758395013e-12,1.8688962202651545e-13,9.515881069423036e-13,5.084575087389507e-10,1.5111624721602312e-06,3
435,23:24:00,1.3411588998133223e-10,6.765925548885354e-12,3.473804326621698e-12,1.4748491141881102e-13,5.467163391285083e-13,6.887544343073912e-10,1.4749476535703035e-06,3
436,23:24:30,1.1245649940349456e-10,7.202625881952176e-12,4.558631076691171e-12,1.482954266596965e-13,5.096681468350723e-13,6.050733717028867e-10,1.4632335815792856e-06,3
437,23:25:00,1.7011550822158852e-10,8.064226709996474e-12,4.0311699475708465e-12,2.522988156652177e-13,1.172300995716341e-12,6.241058177387796e-10,1.4984356064760204e-06,3
438,23:25:30,9.605144956921105e-11,8.242697859071437e-12,3.3777246439983783e-12,1.9361938448732363e-13,8.069740584607207e-13,6.307801667267336e-10,1.4997200387091488e-06,3
439,23:26:00,8.589610864565038e-11,8.321361178323035e-12,3.794661491395702e-12,1.7938737017059072e-13,6.114355691035133e-13,8.200497390956706e-10,1.5017686693697563e-06,3
440,23:26:30,6.052896246451777e-11,8.58585027118141e-12,3.280620447990778e-12,3.0106454212107067e-13,1.3099209319026987e-12,5.866473187081538e-10,1.549134881757713e-06,3
441,23:27:00,1.6971997783433427e-10,1.0240444639678018e-11,3.0096519132191545e-12,1.8729350223048157e-13,6.952063857960668e-13,6.84917731053839e-10,1.5106906241983818e-06,3
442,23:27:30,8.579392924663358e-11,8.255527475904872e-12,3.302606680055106e-12,3.1192453497046956e-13,1.8885939412633955e-12,4.3602208034044135e-10,1.536451552421927e-06,3
443,23:28:00,9.468394699348597e-11,1.0359113886787737e-11,4.808537833071985e-12,2.869310876331629e-13,1.5366539587290645e-12,7.382587885162124e-10,1.506918271965446e-06,3
444,23:28:30,1.1116678514821265e-10,7.944519947789947e-12,5.230137627867905e-12,3.0785706636053404e-13,1.4790706216087302e-12,6.205353692314491e-10,1.482425916587835e-06,3
445,23:29:00,1.1544513599985019e-10,7.820130097567266e-12,4.596190940949125e-12,1.66086993096959e-13,5.573603709578261e-13,6.198239142198566e-10,1.4539345174931258e-06,3
446,23:29:30,1.2945899922473268e-10,7.44785016458507e-12,3.803811862579067e-12,2.7465933159746845e-13,1.3714697809325948e-12,5.023231165202439e-10,1.3733383920590045e-06,3
447,23:30:00,1.0312881677720374e-10,6.936377982748792e-12,5.052227478923951e-12,1.825767113640799e-13,7.759944778125404e-13,6.052876064016408e-10,1.397848219632766e-06,3
448,23:30:30,1.6941853794148014e-10,8.3082077716558e-12,5.2084810359656355e-12,1.5988051559802668e-13,5.689594917434003e-13,5.803875595613878e-10,1.4849206319515673e-06,3
449,23:31:00,9.235310654903117e-11,8.41741768695843e-12,3.3025444757374912e-12,1.6163592033983583e-13,4.716381789003769e-13,7.464065131203751e-10,1.4719212223363288e-06,3
450,23:31:30,1.561557429452905e-10,9.033139623178646e-12,4.039215830792132e-12,2.1109970554910326e-13,7.5243572944445e-13,5.981529030261681e-10,1.4802698229037232e-06,3
451,23:32:00,9.538796284753176e-11,8.307179708386061e-12,4.2139730293871376e-12,1.7260597587225681e-13,7.383272648963721e-13,5.121849394462583e-10,1.5117237593577992e-06,3
452,23:32:30,1.4668403450978652e-10,6.664248837715094e-12,4.132412678762546e-12,2.0599008905529563e-13,7.948462700496263e-13,7.519959476080303e-10,1.4629274325431253e-06,3
453,23:33:00,1.2561293484091356e-10,6.763383715731776e-12,4.250612124998487e-12,2.0380540723684943e-13,9.636467566257811e-13,8.265464394215734e-10,1.4430496481543136e-06,3
454,23:33:30,1.250254498044305e-10,8.038194104157038e-12,5.029230466095757e-12,1.752569678710866e-13,7.068293209907509e-13,7.059126460993543e-10,1.488556790144915e-06,3
455,23:34:00,1.2542752057868105e-10,7.444703997685869e-12,3.498896133827675e-12,1.945025382382954e-13,6.98362907735334e-13,7.662261914680773e-10,1.476943473733228e-06,3
456,23:34:30,9.868517581171178e-11,8.175210335537568e-12,4.049742488409417e-12,2.588909900161714e-13,1.1589781195723247e-12,4.604088409425378e-10,1.5004975536786699e-06,3
457,23:35:00,9.688059762879428e-11,8.797527164428715e-12,3.518386197950031e-12,1.697730087141808e-13,7.26368649222288e-13,7.406507739001127e-10,1.4804579602516031e-06,3
458,23:35:30,1.0182326758773674e-10,7.530754525035552e-12,3.1224949542313604e-12,2.283531372392623e-13,9.980153819488495e-13,6.162014605958068e-10,1.4432825164923816e-06,3
459,23:36:00,1.0867388338773533e-10,5.747593900856097e-12,4.626779903738866e-12,1.4732686526912361e-13,5.946854565267106e-13,6.754588667484888e-10,1.507331621821438e-06,3
460,23:36:30,1.0237172171940186e-10,9.716855285598004e-12,3.131955037140335e-12,2.1941471777603183e-13,9.012746004166429e-13,1.348733412318045e-09,1.510493973942201e-06,3
461,23:37:00,1.0722040149190082e-10,7.922975925058483e-12,4.06590893735937e-12,1.6357486171004368e-13,5.572626174062608e-13,8.58194032739011e-10,1.5394177936750858e-06,3
462,23:37:30,1.268945050193183e-10,6.86911517786895e-12,3.803915518383379e-12,1.4568783355726393e-13,4.0360931260734637e-13,4.885158266980772e-10,1.5027368283196946e-06,3
463,23:38:00,1.4769703284515714e-10,8.610823306010117e-12,2.8914984004044653e-12,1.8965851248455031e-13,6.143422627539618e-13,8.319664434077329e-10,1.4977542451943826e-06,3
464,23:38:30,1.3936741630881337e-10,8.44988864787686e-12,4.936471064587251e-12,2.399837110346095e-13,1.0730084581891276e-12,6.272153906244981e-10,1.479425554320629e-06,3
465,23:39:00,1.0333048291615803e-10,6.53922377974852e-12,3.8481345875814194e-12,1.4514640716841293e-13,4.624417097492301e-13,8.253684783864878e-10,1.469417245479472e-06,3
466,23:39:30,1.4654412628733153e-10,8.37050768637724e-12,4.835983979047659e-12,4.509046735472487e-13,1.980104679240482e-12,1.0321431546781506e-09,2.4017478991035087e-06,3
467,23:40:00,6.164210810296709e-11,6.513711989274382e-12,4.105550710133758e-12,4.4450921021766984e-13,1.4786398049363812e-12,3.458037545308304e-10,2.896905879028464e-06,2
468,23:40:30,8.688520187470771e-11,8.861717384082164e-12,3.425595083707221e-12,4.3587747666626857e-13,1.2500039537646122e-12,6.190325712550083e-10,2.848713935060269e-06,2
469,23:41:00,3.7671475050246824e-11,4.254473202589607e-12,2.157021564212098e-12,2.7073176970387214e-13,6.160755252211174e-13,3.028435915829611e-10,2.8936815799166863e-06,2
470,23:41:30,3.7977241257616437e-11,6.7823238086848894e-12,2.1024564598631868e-12,7.101664945352627e-13,3.262828043845753e-12,2.2318501295117134e-10,2.853594209423993e-06,2
471,23:42:00,5.4252598372384906e-11,3.980361282232075e-12,3.33301329822339e-12,3.926239728010688e-13,1.5310729749512597e-12,2.415160527044593e-10,2.904773956313974e-06,2
472,23:42:30,3.0310518523571315e-11,5.604109542851837e-12,5.063109063675629e-12,6.653209033788515e-13,3.8657286497149256e-12,2.0894010189590177e-10,2.9406676407250954e-06,2
473,23:43:00,4.3181981905846445e-11,7.221613137908319e-12,3.2437447284462933e-12,4.0123798216574686e-13,2.0763913615800974e-12,3.482789917529492e-10,2.9085573048252385e-06,2
474,23:43:30,3.217694413006799e-11,5.357025028672574e-12,3.671033140882422e-12,3.0327252108056983e-13,1.4492747874047638e-12,3.2714181477813407e-10,2.9490518835686597e-06,2
475,23:44:00,1.119666323434963e-10,7.211350128167181e-12,3.948934599246836e-12,2.8459469329260753e-13,1.253438799495174e-12,4.0699666193111254e-10,2.8807554893804637e-06,3
476,23:44:30,7.194376136416507e-11,6.138466291302092e-12,4.327283057266802e-12,2.6879611541752797e-13,1.3091832187025582e-12,4.160752660017028e-10,2.853062234314708e-06,2
477,23:45:00,4.0296544392634e-11,8.026068926179379e-12,2.797315535311597e-12,2.2196089724498456e-13,7.356171764471112e-13,4.231165270098028e-10,2.7977060491354907e-06,2
478,23:45:30,1.0105700614918305e-10,6.959417342743139e-12,2.1946375733746154e-12,2.9122515998802484e-13,1.0568686341367904e-12,3.28548451376348e-10,2.8194610933064642e-06,2
479,23:46:00,7.029175664776091e-11,6.938189484318702e-12,3.25101728277567e-12,4.252433617158622e-13,2.0979863681836936e-12,4.565194734384548e-10,2.788183465292915e-06,2
480,23:46:30,6.081424339693395e-11,4.902045016133318e-12,2.5222429783106705e-12,3.111768327370333e-13,1.2586222859501974e-12,5.568171344865925e-10,2.83325167476299e-06,3
481,23:47:00,5.783940022070367e-11,4.878187258578765e-12,4.503326784123942e-12,2.745448288245601e-13,1.410449127871972e-12,4.61127348803349e-10,2.6955579372482055e-06,2
482,23:47:30,9.126983952705661e-11,7.354042869020076e-12,4.313629417562901e-12,1.695388602921325e-13,7.175915426571792e-13,5.101158406747438e-10,2.6256795612095542e-06,3
483,23:48:00,9.379642268776197e-11,8.375568119804612e-12,3.1243372009028834e-12,2.498581212548146e-13,1.1125005649677165e-12,5.302930580348067e-10,2.62798513305261e-06,2
484,23:48:30,6.10772107437146e-11,8.561524305155392e-12,3.2406030971787425e-12,5.109500759899551e-13,3.3470541304080934e-12,5.872848529490096e-10,2.6383812749669576e-06,2
485,23:49:00,5.466127686851808e-11,7.733088061356579e-12,3.685661385875811e-12,5.472113227841085e-13,3.831140697820822e-12,5.703140915616367e-10,2.678628348648452e-06,2
486,23:49:30,1.158547949961052e-10,6.692076502721711e-12,2.697863482527272e-12,2.300602411570401e-13,9.102386132539367e-13,4.954665713040871e-10,2.6018398527025977e-06,3
487,23:50:00,1.2560025753828277e-10,9.289270071292545e-12,3.374676998933381e-12,1.7951703849722415e-13,5.937592580900509e-13,5.694998334843653e-10,2.5840764039384282e-06,3
488,23:50:30,9.169984117197925e-11,6.554849903931376e-12,2.9511520281233237e-12,1.7520338964865648e-13,7.243716724978621e-13,4.954877428742079e-10,2.5324605782642246e-06,3
489,23:51:00,9.71132654504634e-11,8.142351832171031e-12,4.816480016229933e-12,2.9978058622541746e-13,1.6761382428898125e-12,5.981658338928208e-10,2.5244134273659386e-06,3
490,23:51:30,1.0249359717573557e-10,7.901965030714076e-12,3.87585914810578e-12,2.888451563533838e-13,1.5835779942517956e-12,4.472447470505743e-10,2.575950452121192e-06,2
491,23:52:00,6.768257516852591e-11,5.266005216687028e-12,3.4297798125089914e-12,1.7759415817926949e-13,7.938253047713248e-13,6.494965753583154e-10,2.5455350994402763e-06,3
492,23:52:30,1.2250680493299383e-10,7.500020109889828e-12,4.383970050367289e-12,2.468329465627414e-13,1.2564411638004793e-12,9.143813887237079e-10,2.6196429279773005e-06,3
493,23:53:00,1.0859618516999457e-10,7.008959293362013e-12,4.021017044045752e-12,2.585018429263356e-13,1.2469996544150485e-12,4.944102039537644e-10,2.5759614542028904e-06,3
494,23:53:30,1.2604889614171801e-10,6.966862428791612e-12,4.076773833298492e-12,1.8773137202993396e-13,6.816632554756657e-13,5.88602756111321e-10,2.6459485783344694e-06,3
495,23:54:00,1.0423267766834272e-10,5.504584316139475e-12,4.54908565833302e-12,2.2363623996715217e-13,1.0324029892365129e-12,5.687708705978753e-10,2.6108081351789497e-06,3
496,23:54:30,1.7238652826444853e-10,6.3619526819020305e-12,4.012599075730389e-12,2.2601738175992237e-13,1.0617856083594561e-12,5.53488418167043e-10,2.664243268325295e-06,3
497,23:55:00,1.420310600916006e-10,1.2799540659027067e-11,4.506494849217622e-12,2.774210884602633e-13,1.609499248554414e-12,6.991067796168442e-10,2.6304462959656897e-06,3
498,23:55:30,1.0833558976121363e-10,7.033158307476179e-12,3.2559216992003626e-12,1.7498448434314882e-13,6.863899578754049e-13,7.628877718398811e-10,2.619334180182514e-06,3
499,23:56:00,1.4191394096368098e-10,7.149533620638723e-12,3.830079362361524e-12,2.837253809465527e-13,1.5065133070011379e-12,1.0757522168503521e-09,2.5391220778730495e-06,3
500,23:56:30,7.946738823475908e-11,7.851618526353904e-12,5.0471332522882384e-12,4.2407714205375197e-13,2.529264417773912e-12,6.914357149095035e-10,2.5266677214937173e-06,3
501,23:57:00,1.1065134452188323e-10,5.5919238965880166e-12,4.697782425150584e-12,1.9196227503859163e-13,8.258226131416067e-13,9.624022003995576e-10,2.5932416074113987e-06,3
502,23:57:30,5.721048396510789e-11,9.579860031431261e-12,5.884974398967206e-12,1.0026385087845143e-12,1.4161264367404078e-12,9.831199600155064e-10,2.885631587522956e-06,0
503,23:58:00,1.2561893829225715e-10,8.017686039558393e-12,3.082191489406217e-12,3.745381713156396e-13,1.0789623537874316e-12,3.3257480499214687e-10,2.9493149131575427e-06,0
504,23:58:30,7.247376135880302e-11,5.218324036990114e-12,4.254753954181402e-12,5.585626047203298e-13,1.3332412185512472e-12,2.7304659891768877e-10,2.946084315929697e-06,1
505,23:59:00,7.888689551677054e-11,5.436088150406914e-12,5.444092110524343e-12,4.4790839312282265e-13,1.376771076483276e-12,1.7647060872623033e-10,2.9589529354471576e-06,2
506,23:59:30,3.943879153051921e-11,5.726043715520887e-12,4.1312279373451585e-12,3.6966190226946987e-13,9.32611827299036e-13,2.426490335188322e-10,2.823944539304633e-06,2
507,00:00:00,1.0916929311950102e-10,5.199649546146916e-12,4.889853613994639e-12,6.573439974385918e-13,7.925774391039943e-13,4.890615721309412e-10,2.8673666773390254e-06,0
508,00:00:30,1.2932581646932123e-11,1.8855665732448028e-12,4.712607209154178e-12,2.891041802083366e-13,6.033729929872287e-13,2.197004190134217e-10,2.481056576490436e-06,1
509,00:01:00,3.522175607921484e-11,2.6289153426828074e-12,4.9555686175824324e-12,4.738993080622424e-13,1.154425076910391e-12,1.7384595938214798e-10,2.3591992437473377e-06,0
510,00:01:30,2.8038368091887322e-11,3.854389675019492e-12,3.96144356030726e-12,4.378982544882293e-13,1.0839103187431434e-12,1.9492045254692604e-10,2.03095308192998e-06,1
511,00:02:00,4.616077983547668e-11,4.671050931289269e-12,3.924165207446312e-12,5.171143233205496e-13,1.8645752246193105e-12,2.088655352864295e-10,2.010692002150817e-06,1
512,00:02:30,2.1218817832351245e-11,3.5679679664756657e-12,3.393912914018176e-12,3.4478398233272964e-13,9.572637927395297e-13,1.3400232996345846e-10,2.0911558898919117e-06,1
513,00:03:00,2.128107424651206e-11,4.219276517629806e-12,6.0850005731421785e-12,5.218246737758903e-13,1.2145872221976003e-12,1.928179663998449e-10,2.2892630988068196e-06,2
514,00:03:30,2.264283759913561e-11,3.445272212504103e-12,2.5292103634927513e-12,7.085373970215186e-13,3.045750186875764e-12,1.1830347708659054e-10,2.2300492029298412e-06,2
515,00:04:00,2.3154134772346426e-11,3.746730387573397e-12,2.5449418853166137e-12,3.6704794748964413e-13,1.7551206094055317e-12,1.2979571750984234e-10,2.2031345664814577e-06,2
516,00:04:30,4.586450041078528e-11,7.413216638766772e-12,8.093039599304989e-12,6.591115211451895e-13,2.3431089123767346e-12,3.5691548930563555e-10,2.645708951350075e-06,1
517,00:05:00,3.710822178661625e-11,1.7350142062468743e-12,2.8212845711094663e-12,4.788281227282101e-13,1.2866073664798602e-12,1.1566131166828117e-10,1.6721888956728039e-06,2
518,00:05:30,4.9883016715069324e-11,6.496481816986335e-12,3.752182524004521e-12,6.284157810216113e-13,1.898034606597119e-12,1.5280357462337757e-10,1.3305800054694913e-06,2
519,00:06:00,3.85203995016244e-11,3.682890232285308e-12,4.233232684457818e-12,4.217508377030034e-13,1.1095736707308722e-12,1.8681193476612981e-10,1.4536224759944362e-06,2
520,00:06:30,3.142058658444775e-11,3.178657627543748e-12,4.161483796853901e-12,4.013203963830127e-13,9.642219198413065e-13,1.6810643166199822e-10,1.6443703166938197e-06,2
521,00:07:00,2.576601973303906e-11,7.682572803374214e-12,6.869504257674229e-12,4.646133038192736e-13,1.1756625177085652e-12,2.969996217700666e-10,1.915951961980368e-06,2
522,00:07:30,2.2049748161577406e-11,2.7340638577701356e-12,2.793320522159011e-12,3.7312737466073735e-13,1.0102485099255025e-12,2.1341923814359383e-10,1.6311914217476189e-06,2
523,00:08:00,6.049475073014124e-11,3.4225832459789882e-12,2.903926298501937e-12,5.670940724584894e-13,2.939491947789295e-12,1.2764489784701251e-10,1.6368219308532657e-06,2
524,00:08:30,6.269773944603407e-11,4.534081868293492e-12,5.8937461469464105e-12,4.466223210311205e-13,1.2332653896783687e-12,2.752368598082419e-10,1.851698539778502e-06,2
525,00:09:00,2.4337468847447558e-11,4.082743839493896e-12,2.7937122679697475e-12,3.042686935890903e-13,1.0420102010513228e-12,1.054993739113166e-10,1.7601808281023483e-06,2
526,00:09:30,4.778491561873418e-11,5.356892125202547e-12,4.5768339703367506e-12,6.102798221182754e-13,1.407646299254484e-12,2.365824115253355e-10,1.779979937895924e-06,2
527,00:10:00,6.430815983841772e-11,5.118935800222923e-12,3.0902589244550616e-12,3.182680626207687e-13,1.0312572584128532e-12,1.4004819182121296e-10,1.7786283744109732e-06,2
528,00:10:30,1.9552851558086653e-11,3.2509790775507053e-12,2.1471115701429164e-12,3.72171513128955e-13,1.1755963954922331e-12,1.0257644072411932e-10,1.7000837347945797e-06,2
529,00:11:00,4.886332854562111e-11,4.633245652762366e-12,3.72658595512574e-12,2.648118368937264e-13,9.977043979518879e-13,9.867017723319847e-11,1.7059940857235428e-06,2
530,00:11:30,1.7720429260389965e-11,2.9050167833184043e-12,2.2746591089554655e-12,4.3915282850731776e-13,2.687394965516442e-12,7.472312546378807e-11,1.6401703232663798e-06,2
531,00:12:00,5.496482867673208e-11,5.027483106341694e-12,4.18135413355823e-12,4.544076080825123e-13,1.5506528508263951e-12,1.7719548079744504e-10,1.6273799332351501e-06,2
532,00:12:30,3.751282780278543e-11,7.261719213934926e-12,5.840137217530721e-12,5.036900768008726e-13,1.7633249685937742e-12,2.2517526523104948e-10,1.7030260732298325e-06,2
533,00:13:00,3.98721380755454e-11,3.803375363346619e-12,5.5347246685323955e-12,2.971880020418169e-13,1.0943255429944312e-12,1.1325342600229148e-10,1.6581696167927027e-06,2
534,00:13:30,2.354091262556177e-11,3.92493874507862e-12,2.0421467195356524e-12,2.817792595128597e-13,8.322747427825276e-13,1.2089152229672863e-10,1.5268017782702198e-06,2
535,00:14:00,3.840996196672167e-11,4.357136924690256e-12,4.070149452430403e-12,3.067709794030618e-13,1.0408974635729333e-12,1.7497551006684863e-10,1.6425262492612114e-06,2
536,00:14:30,4.90245466041178e-11,5.1121473909149965e-12,4.179450326384951e-12,4.928677848233458e-13,2.1705843061942203e-12,1.0418881684482693e-10,1.6096603784665498e-06,2
537,00:15:00,9.314254540673058e-11,7.199127977810629e-12,3.084986058349959e-12,5.578486328048056e-13,2.5697178988083357e-12,1.5709545873926476e-10,1.8532954086549275e-06,2
538,00:15:30,5.180783668800172e-11,5.825071506199588e-12,3.4967188429041e-12,4.788961882878482e-13,2.284276187725234e-12,1.3348612038128816e-10,1.6874497031317815e-06,2
539,00:16:00,5.7753036409720835e-11,8.882286387163046e-12,4.496809355756994e-12,4.452814554220797e-13,2.08861192235246e-12,2.1741064720326293e-10,1.6494747615937655e-06,2
540,00:16:30,3.865293149681096e-11,7.451740062719613e-12,4.45545926913964e-12,6.188987008681718e-13,2.5433603569938997e-12,2.009465065654724e-10,1.6552515031278488e-06,2
541,00:17:00,3.2910189031247554e-11,7.002891303726718e-12,3.2681443150686772e-12,3.9555029489173713e-13,1.3834918453300424e-12,1.319961508532786e-10,1.691996925388609e-06,2
542,00:17:30,4.009140747305589e-11,6.082581393035524e-12,3.1740042213622996e-12,4.118763439947317e-13,1.942374641862829e-12,1.5753310104737012e-10,1.6215182665508148e-06,2
543,00:18:00,5.870423344208507e-11,6.0467843820839735e-12,2.93820786427177e-12,3.847457255167591e-13,1.5589389529836764e-12,1.2564546114392406e-10,1.4569779982865923e-06,2
544,00:18:30,5.2894739740285405e-11,1.2051800100028829e-11,6.544213881525581e-12,4.1362525948490296e-13,2.4159651598002564e-12,2.1017564185114779e-10,1.4264224002650224e-06,2
545,00:19:00,4.8191201393043876e-11,6.346416904704832e-12,3.0545529544443407e-12,1.9295938710268163e-13,7.772729435885723e-13,1.567042683790665e-10,1.4589698685893317e-06,2
546,00:19:30,4.969711428615938e-11,6.597232528244241e-12,5.1418471572481325e-12,3.918784485510225e-13,2.1547113352909174e-12,2.6304166927980874e-10,1.3991395573217475e-06,2
547,00:20:00,2.9078062074868344e-11,6.6885497757803444e-12,4.33232964094092e-12,1.9206416936220163e-13,7.133423943888564e-13,2.1672877904177346e-10,1.3554660575608432e-06,2
548,00:20:30,5.2154096433163967e-11,7.181342676463265e-12,3.006213866096304e-12,2.252825154519262e-13,8.809631985116136e-13,2.2384571742731712e-10,1.3995284165433872e-06,2
549,00:21:00,3.8527707273129225e-11,8.50239635133131e-12,4.575339309887905e-12,5.103984696368605e-13,2.7694954702007256e-12,3.203295954300727e-10,1.3910971389217975e-06,2
550,00:21:30,5.612618321016881e-11,7.944067029704963e-12,4.296851804554591e-12,2.4578262220781624e-13,1.007688156299873e-12,2.2673584513969037e-10,1.3554777074831856e-06,2
551,00:22:00,3.503031830391396e-11,7.640534581236029e-12,4.422341950417582e-12,2.7505695253908405e-13,1.344732356654518e-12,2.0703166340511152e-10,1.3824953990717965e-06,2
552,00:22:30,5.261522758560467e-11,1.1421295567567437e-11,4.489152581300182e-12,7.282636419903145e-13,4.7798405401312355e-12,3.177083889655149e-10,1.3158027493749833e-06,2
553,00:23:00,5.35526815647049e-11,8.123042841664766e-12,5.233673884158329e-12,4.885834975066009e-13,2.68457690632942e-12,2.5124724225848813e-10,1.3515170553528017e-06,2
554,00:23:30,4.735918811565017e-11,5.113578418271197e-12,3.2772487176354855e-12,2.0524363804319043e-13,7.025954356147912e-13,1.8700517379239664e-10,1.3079506859366422e-06,2
555,00:24:00,5.686056511091546e-11,6.9532231617917815e-12,4.0262926979299055e-12,3.157463837224665e-13,1.2587772531465458e-12,2.2787562154145968e-10,1.3429717450747972e-06,2
556,00:24:30,7.104974675608307e-11,6.8428796669540415e-12,5.6532410064082114e-12,3.999781234276301e-13,1.836091261804848e-12,2.3098454930142782e-10,1.2554400631127168e-06,2
557,00:25:00,9.23716229109896e-11,1.214073402258304e-11,4.7721062222389e-12,6.294554347498071e-13,3.5149949111510003e-12,3.6529995859861263e-10,1.3711947679039371e-06,2
558,00:25:30,7.460077887793443e-11,8.657039623024273e-12,3.4348302745085093e-12,2.2810941958064094e-13,7.687729331988636e-13,2.1452836593453368e-10,1.5524450548045853e-06,2
559,00:26:00,3.789700067037969e-11,6.0452522734678285e-12,3.448939759438791e-12,3.5540599160581735e-13,1.9717323285461126e-12,2.242420925527002e-10,1.5640495721745248e-06,2
560,00:26:30,5.678069978195485e-11,7.922188255693743e-12,5.393218414710288e-12,5.946401912741643e-13,4.24803121108943e-12,3.087433139416141e-10,1.586415295842007e-06,2
561,00:27:00,3.221175827687567e-11,5.302007244453116e-12,3.3461418585198985e-12,4.1260268743674675e-13,2.800229931996839e-12,1.9450982751137116e-10,1.5525492673788129e-06,2
562,00:27:30,5.3209747401893855e-11,8.523988347724155e-12,5.683909177767959e-12,3.2536895910659843e-13,1.6878892814382672e-12,2.5457780330132227e-10,1.4409624939026615e-06,2
563,00:28:00,5.759950894580186e-11,6.5488800420256104e-12,3.633625933272047e-12,3.3161161632781505e-13,2.0548825794540438e-12,3.547601474715076e-10,1.5327300181645925e-06,2
564,00:28:30,5.084267663643594e-11,9.314935962239737e-12,4.002695937542794e-12,4.2828356623480206e-13,2.512369913900568e-12,2.6900747758301845e-10,1.5458906207602258e-06,2
565,00:29:00,4.409136709054786e-11,5.327280297124508e-12,4.44700025255662e-12,3.329454957243484e-13,1.9168590199677234e-12,2.804911068231299e-10,1.50117776983235e-06,2
566,00:29:30,8.789429433257552e-11,8.233432422890423e-12,3.5669579578428415e-12,3.137100238902604e-13,1.6564801650216515e-12,4.77879470522848e-10,1.4601365959141888e-06,3
567,00:30:00,4.7435297665702794e-11,6.329213192096752e-12,3.804720915210037e-12,4.0061554273871765e-13,2.366060665462112e-12,2.7176483512784695e-10,1.4750126275315738e-06,2
568,00:30:30,8.359405893787317e-11,6.759838233825721e-12,4.568001976809885e-12,2.13204160759798e-13,1.025925730820497e-12,2.98477060227368e-10,1.448763343960105e-06,2
569,00:31:00,7.073673791354195e-11,9.627907053776186e-12,4.518066845471916e-12,2.5847445741317937e-13,1.3965044075890328e-12,3.4314921584220523e-10,1.5214830593657647e-06,3
570,00:31:30,4.237035288927156e-11,5.298498002996443e-12,3.677461163891268e-12,3.3922895699839707e-13,1.2375088517335038e-12,2.616762695624476e-10,1.4791118467105083e-06,2
571,00:32:00,5.65043244677671e-11,7.366082799199926e-12,4.660698646262674e-12,4.739582611478384e-13,2.6860421591703648e-12,4.3724028689245287e-10,1.5257075478950026e-06,3
572,00:32:30,8.428299376299298e-11,1.0457988425086737e-11,3.783178851509674e-12,4.4298464060333907e-13,1.781232313923069e-12,4.75738617469891e-10,1.6290265673822758e-06,3
573,00:33:00,7.117070855011594e-11,1.0752612535851348e-11,1.101964003060267e-11,7.287320716122564e-13,2.2302279064164003e-12,6.971286786172547e-10,2.9385057390080884e-06,2
574,00:33:30,4.489009078832515e-11,3.4391584835275273e-12,4.344657121433791e-12,2.820573305912681e-12,2.189850554953652e-12,4.5432276868027936e-09,2.964871435856528e-06,0
575,00:34:00,1.7930065389042457e-11,2.9096071033210713e-12,9.131408441323e-12,6.35896967918933e-13,1.2348013321881687e-12,8.939106777952192e-10,2.898074409592172e-06,0
576,00:34:30,1.740592079615993e-10,5.5218672229494736e-12,4.9054303276838305e-12,3.3501652339320975e-12,2.2454268468539327e-12,1.1464886126725495e-08,2.9586820535267128e-06,0
577,00:35:00,8.979138564864225e-12,2.3323017650784588e-12,1.2726622333634595e-11,7.744748516135771e-13,1.3062264379322707e-12,6.563623041588764e-10,2.607431429434409e-06,0
578,00:35:30,5.4795639811301495e-12,2.195397874095721e-12,3.3826130151933643e-12,5.106741578267298e-13,1.0460372883079209e-12,8.051679892117196e-10,2.348150169222575e-06,0
579,00:36:00,1.933854967803711e-11,4.66041823780201e-12,3.3305624171312724e-12,6.440590112998174e-13,1.9917099545323703e-12,5.042170081006024e-10,2.3919058550112826e-06,1
580,00:36:30,2.6590267281829603e-11,3.904646601336184e-12,4.160317489325272e-12,4.990209723197294e-13,1.3408844236984757e-12,3.0858325089081353e-10,2.4655820099967875e-06,1
581,00:37:00,4.781281817105613e-11,6.1960685862814146e-12,5.1382186411878045e-12,5.149884296837685e-13,1.6842887089693071e-12,2.6003845599751655e-10,2.425931002784117e-06,1
582,00:37:30,4.373415631525697e-11,4.967703268298903e-12,3.424004195837138e-12,4.910025463469127e-13,1.660362356737992e-12,1.4737627243722302e-10,2.3969044540505574e-06,2
583,00:38:00,3.117108644361247e-11,5.244597377853219e-12,3.111678863782289e-12,4.660884630208253e-13,1.7646216311625708e-12,1.281214589115088e-10,2.1154547847234676e-06,2
584,00:38:30,4.950265163721656e-11,4.19120835196694e-12,2.9207748364418218e-12,5.059037367056733e-13,1.9901555463417303e-12,1.4015637421314542e-10,2.214660082367915e-06,2
585,00:39:00,2.8295948221576168e-11,2.7830409742515017e-12,2.690760508921251e-12,2.2908544709976243e-13,4.3926125640547467e-13,1.4580554085711953e-10,2.2053640019782903e-06,2
586,00:39:30,6.87249474052379e-11,5.59978960997724e-12,3.451874469269024e-12,5.774633176847013e-13,2.1265578558756187e-12,1.9565046924645505e-10,1.668387861877602e-06,2
587,00:40:00,5.1140707390193895e-11,3.8806490466111754e-12,2.8818712654494313e-12,3.9344553915532154e-13,1.4065293072052804e-12,2.061262679576145e-10,1.6457956662587812e-06,2
588,00:40:30,4.087361984654721e-11,5.591237006789225e-12,3.465079692987425e-12,5.91215700836418e-13,1.6725631610849419e-12,1.6089714108436426e-10,1.5496531519406061e-06,2
589,00:41:00,6.371288681050325e-11,4.0253341864890445e-12,2.82425388397136e-12,5.386088624181187e-13,2.2122614751514623e-12,9.218551972995901e-11,1.5409944522722187e-06,2
590,00:41:30,5.306142395031989e-11,5.415248549486063e-12,4.266270048763638e-12,8.341404848813592e-13,4.647260838582338e-12,1.4378863184451097e-10,1.646112132532746e-06,2
591,00:42:00,4.7266003295372834e-11,2.5880297054042574e-12,2.7134460828751432e-12,4.138922558615249e-13,1.1219948954403336e-12,1.5790983643028207e-10,1.5787029214119641e-06,2
592,00:42:30,3.9519048133419305e-11,5.550318805848353e-12,3.3869818813290182e-12,5.975816053137436e-13,1.8289757170820653e-12,9.922945982174418e-11,1.5035919748170499e-06,2
593,00:43:00,1.0132674806960672e-10,4.324402284036165e-12,3.724301362656652e-12,4.254970694339559e-13,1.1642877001577174e-12,1.6602083877563518e-10,1.5363852171453626e-06,2
594,00:43:30,2.4354227055655748e-11,6.6638988482356315e-12,2.409034613148711e-12,4.171366024122754e-13,1.0771520338995662e-12,2.1100392719848912e-10,7.720589828424634e-07,4
595,00:44:00,1.9028570627887645e-11,4.115832043590784e-12,1.329826565080479e-12,3.1073287905829503e-13,9.793574374976858e-13,6.114110792945376e-10,3.269913761287425e-07,4
596,00:44:30,1.4964375572904056e-11,2.8879683988134338e-12,1.86567005264224e-12,3.8394378237070194e-13,9.035840321062162e-13,1.1355223330233592e-10,3.576373177403668e-07,4
597,00:45:00,1.5317141166708542e-11,3.8301724314201314e-12,2.7698771169862862e-12,4.184691265027768e-13,7.284306948395962e-13,6.522477153160419e-11,7.558940917243883e-07,1
598,00:45:30,1.4313691082583499e-11,3.552049985653001e-12,7.787384231618238e-13,1.7035703359613965e-13,2.552454092632114e-13,2.906654656204161e-10,5.787077544342972e-07,4
599,00:46:00,1.3515092041950097e-11,2.6100746596996413e-12,7.512030434747811e-13,1.9264693427933686e-13,5.101435811946022e-13,3.252543752940854e-10,3.6787230697560495e-07,4
600,00:46:30,9.451734871310446e-12,3.162820217252505e-12,8.026159402085579e-13,1.7642794272521413e-13,3.82684161346703e-13,2.3016271588263504e-10,5.136620249371275e-07,4
601,00:47:00,1.9475050147291414e-11,3.0458376348437527e-12,9.115422806764998e-13,1.9133516238596376e-13,2.834230553668582e-13,2.7453220590129285e-09,3.481265762618939e-07,4
602,00:47:30,2.5222534072932292e-11,2.5395882590510865e-12,6.610750151424786e-13,1.2613665862268238e-13,3.0387683269542976e-13,3.6884964873379075e-09,3.926809755308083e-07,4
603,00:48:00,1.029212347269514e-11,2.2148309352447857e-12,1.6615975816094333e-12,1.9995786330600944e-13,3.905926908381985e-13,7.914848288479834e-10,3.7579965810523907e-07,4
604,00:48:30,7.788825830223616e-12,2.977698287248476e-12,2.6617332224980348e-12,4.93501842198834e-13,1.0266276871023623e-12,9.051925635849662e-11,4.900395204222737e-07,1
605,00:49:00,8.396216802740365e-12,3.0066355464165034e-12,2.16659763697685e-12,4.291609204542211e-13,8.997266978344216e-13,7.777870238948483e-11,6.881721996645162e-07,1
606,00:49:30,2.6682077864987108e-11,5.38762758053388e-12,1.48035626915212e-12,2.884762387638462e-13,9.291200035038201e-13,5.812868644379921e-10,4.287434244266555e-07,4
607,00:50:00,1.7913984080016627e-11,3.263907422587787e-12,1.050101593805081e-12,1.939673877976994e-13,3.373283073047151e-13,1.7378766982338585e-09,4.3495825448225656e-07,4
608,00:50:30,8.940109343566214e-12,2.349647797080712e-12,1.0033510981270743e-12,1.7071900742910566e-13,3.169719640624041e-13,2.4369039683038367e-10,3.792138287857771e-07,4
609,00:51:00,9.280127070673623e-12,2.7522710087388975e-12,1.2293081509903051e-12,1.8541645955518154e-13,2.6570490977733045e-13,3.1830229990127133e-10,3.831899710568675e-07,4
610,00:51:30,1.779538944947591e-11,3.2460118066500822e-12,1.4552853102678302e-12,2.503814251330149e-13,6.486815405291528e-13,1.8459663618535723e-09,3.853245828364087e-07,4
611,00:52:00,2.5222363968571737e-11,2.164760576977358e-12,8.772115957096229e-13,1.7394178966940976e-13,3.191926785349361e-13,1.6054953738602207e-09,4.04322775277605e-07,4
612,00:52:30,1.2361696949532538e-11,2.402995629069568e-12,3.041714040399615e-12,3.4057606809056307e-13,6.351548960154093e-13,3.548826466285527e-09,5.781648090896533e-07,4
613,00:53:00,4.7724686957420735e-12,3.0021961913004043e-12,3.2253317181842464e-12,5.150493388953543e-13,9.623106249632134e-13,9.830992610916371e-11,4.476254386009413e-07,1
614,00:53:30,1.7337799964478737e-11,2.8307424410842527e-12,9.133998097765575e-13,1.6316759053865545e-13,3.1014310445047313e-13,2.1682642283148703e-09,3.466437554217388e-07,4
615,00:54:00,7.664963178355305e-12,1.4656529052751692e-12,5.179702303924719e-13,1.7397095935426027e-13,2.600064870289485e-13,7.48719615545545e-10,4.5052956449913884e-07,4
616,00:54:30,1.0112983650468882e-11,3.329512559079672e-12,1.5801254178061054e-12,2.964637815288234e-13,6.993253895546023e-13,6.748911537395114e-10,4.1611314910075454e-07,4
617,00:55:00,1.8061151711582173e-11,2.4966819328727405e-12,9.54636182250383e-13,2.1281304642436243e-13,4.856585667137429e-13,2.52355390284092e-09,3.743170984248007e-07,4
618,00:55:30,1.967708826763177e-11,1.947301360564199e-12,8.061932888723756e-13,1.444705571923856e-13,3.7384790371103734e-13,5.294092854896198e-09,5.193840971722004e-07,4
619,00:56:00,2.912289835432738e-11,1.917146328735507e-12,8.209200445944791e-13,1.6752023020703393e-13,2.567240078393049e-13,6.94252245774978e-09,4.3796461264646406e-07,4
620,00:56:30,1.5201504633663736e-11,1.7729616815534124e-12,6.854685413346649e-13,1.9198611760273871e-13,3.3099943720356453e-13,3.909498645972265e-09,4.012375309961e-07,4
621,00:57:00,1.5341791620470664e-11,2.233699363113251e-12,1.1397678786637373e-12,2.401793472208637e-13,5.011073772373378e-13,8.54880942766361e-09,4.002547948863893e-07,4
622,00:57:30,2.097946231822019e-11,1.8943215502137103e-12,2.108509045413584e-12,1.1668967576263101e-12,1.076649463181768e-12,4.209864351886814e-10,1.4062559159367226e-06,0
623,00:58:00,1.2821021516202328e-11,3.0768520456802255e-12,7.982712417139008e-12,1.2983016618272384e-12,2.4569826216675504e-12,2.4252244711353466e-09,2.9560263521180248e-06,0
624,00:58:30,5.727208614121965e-12,2.2611400526208432e-12,2.753767960081675e-12,4.56067648777112e-13,6.03141518167075e-13,1.9941442352038358e-10,2.6293606479110177e-06,0
625,00:59:00,1.0041514446529474e-11,2.559133808025314e-12,2.1611804125972116e-12,2.9730709050919967e-13,5.946569271648768e-13,1.543642141711302e-10,2.389178540903253e-06,1
626,00:59:30,1.3166692778769636e-11,2.5214464771290897e-12,1.7193605300236336e-12,2.238086201632219e-13,4.3597270439020607e-13,9.853048582510766e-11,1.8206027626475171e-06,1
627,01:00:00,2.081149075132461e-11,6.473500720175463e-12,4.612034475048893e-12,5.650827707001854e-13,1.1697086431634614e-12,1.772484500378639e-10,2.2318117016371695e-06,0
628,01:00:30,2.030870331806098e-11,1.754378234059363e-12,1.8543960225665283e-12,2.463183146587997e-13,7.275735272044828e-13,7.640920300744443e-11,1.8799942111970053e-06,1
629,01:01:00,1.3167662211089039e-11,3.4339357230140445e-12,3.0622284325075905e-12,3.4166554502977705e-13,8.056818293525077e-13,1.3889355177583884e-10,1.8106491058607591e-06,2
630,01:01:30,2.2252442258982e-11,5.760132756276476e-12,4.041187768522187e-12,3.926042727798138e-13,1.0150686778394338e-12,1.2856218848730434e-10,5.426659259802211e-07,2
631,01:02:00,2.7255090358799204e-11,4.417142068971436e-12,3.2645229871609287e-12,4.018633686964743e-13,1.2454860087284495e-12,7.691513962679397e-11,2.735240898379917e-07,2
632,01:02:30,1.559295287519566e-11,3.5446683424750095e-12,2.424188607226531e-12,4.411195813300459e-13,8.969191292712023e-13,1.2514748043241099e-10,4.698431877255358e-07,2
633,01:03:00,1.9407995778470696e-11,2.802384960768763e-12,2.0275164756024987e-12,2.5003768453164424e-13,5.644533664210491e-13,8.913192412711597e-11,2.66237002369811e-07,2
634,01:03:30,2.3906020037738255e-11,3.868022508020387e-12,2.2415487822751997e-12,3.1014115358899803e-13,1.00465366005739e-12,1.0198632354046767e-10,3.03256284270037e-07,2
635,01:04:00,3.3224815811472017e-11,5.1376727281677635e-12,4.472405358987264e-12,6.413073532476511e-13,1.373572471497336e-12,5.170745496815016e-10,2.234995760643533e-06,1
636,01:04:30,1.2610343557967386e-11,2.081106996641008e-12,1.5756683830308106e-12,2.650782282667693e-13,9.236932152196732e-13,9.156036494561396e-11,1.1456451100204807e-06,2
637,01:05:00,2.3878806841529774e-11,4.1402765541370665e-12,2.8537130962699382e-12,5.311396441357614e-13,1.7397810015886768e-12,9.448413496768947e-11,7.707891308021181e-07,2
638,01:05:30,1.5523613506217335e-11,2.915994492641169e-12,2.7116259958427485e-12,5.095039103564553e-13,1.3174642576273413e-12,8.287664695186697e-11,7.957733618700151e-07,2
639,01:06:00,1.7858397930371164e-11,3.0307644776825743e-12,3.099187606323917e-12,9.074023648029704e-13,2.185637292307946e-12,5.96245998208401e-10,1.9917384344399995e-06,1
640,01:06:30,1.176347186313227e-11,2.0596245902531526e-12,1.2782790798953425e-12,3.318168655132939e-13,1.3835331212226877e-12,6.696310260439805e-11,5.925147782742994e-07,2
641,01:07:00,2.1396307729793288e-11,3.752832827293407e-12,2.1991585598713215e-12,6.844492965098092e-13,2.4481048087099267e-12,1.099271426187853e-10,6.11153763622891e-07,2
642,01:07:30,1.9347312008262596e-11,3.0968770833264626e-12,2.6752531005015684e-12,3.6402165082606585e-13,1.0459081900302226e-12,1.3769184330203456e-10,5.778572301555181e-07,2
643,01:08:00,1.5440223349797052e-11,2.8770248572584224e-12,1.3977267869746984e-12,3.5170483069935895e-13,8.737659236055704e-13,8.426039412609373e-11,5.047953789243236e-07,2
644,01:08:30,2.4698277999921073e-11,2.966140014208549e-12,2.644944086565731e-12,2.7467832965965545e-13,8.945224163405967e-13,8.248278035992426e-11,5.181016287232273e-07,2
645,01:09:00,1.577607367327386e-11,3.1077338901029414e-12,5.093821988138007e-12,6.000674609848927e-13,1.9708977388618025e-12,3.7540787732838836e-10,1.9464237093449313e-06,2
646,01:09:30,1.598571714848022e-11,2.394678669288536e-12,3.8594204882857986e-12,3.8573418901949626e-13,1.5782131800265098e-12,2.117482710202888e-10,1.2120565679285968e-06,2
647,01:10:00,4.336753812461452e-11,4.677245588934942e-12,3.4936236128323193e-12,5.345568646708943e-13,1.1826898360584815e-12,1.6946272213414317e-10,1.2012951559611992e-06,2
648,01:10:30,2.3897663507055393e-11,3.638494358285145e-12,3.4902935146734503e-12,3.7104859251389486e-13,1.0149643931742933e-12,1.1258685072244427e-10,1.2915976223282347e-06,2
649,01:11:00,3.055049798899925e-11,3.823409820414429e-12,4.2028776151301256e-12,4.043800683981101e-13,1.3326733328249344e-12,1.5807144846231643e-10,1.2950815008830267e-06,2
650,01:11:30,1.5573720246833922e-11,2.7710519998307817e-12,1.982519608186728e-12,5.236158758506185e-13,2.1185789500166226e-12,1.182925927389937e-10,1.2938174236123443e-06,2
651,01:12:00,2.968570998393933e-11,3.0442939301955784e-12,2.735864842712182e-12,3.364931923552695e-13,1.3729339723718543e-12,1.2997504827165078e-10,1.2236345804904047e-06,2
652,01:12:30,4.376402795576218e-11,3.075671509795982e-12,2.669448881211818e-12,2.3118054228649454e-13,9.050604366759748e-13,1.3906471292299368e-10,1.2766877563097638e-06,2
653,01:13:00,1.9518463382676966e-11,3.662906363284442e-12,2.4858336410635064e-12,2.738672388680874e-13,1.0583797156798675e-12,1.343190806465134e-10,1.2315820498394622e-06,2
654,01:13:30,1.9446099173295464e-11,4.153858890087461e-12,2.7254905114660346e-12,4.557577938198716e-13,1.4854168200203779e-12,1.423162163047628e-10,1.2733273095410067e-06,2
655,01:14:00,2.826273242965569e-11,5.1660141957556245e-12,5.2819120403869565e-12,4.872807561521722e-13,2.462012845836751e-12,1.6031576291789838e-10,1.2918078999458288e-06,2
656,01:14:30,1.729628383289233e-11,3.131195455786877e-12,2.7222133986564142e-12,3.236230757035482e-13,1.6212670451496962e-12,1.2669120486854727e-10,1.2330898127913928e-06,2
657,01:15:00,2.282087844680984e-11,4.710741001784738e-12,4.2686091905977606e-12,4.642140564837457e-13,2.1107611316496464e-12,1.7789021479714628e-10,1.2758204141439681e-06,2
658,01:15:30,3.37299992072819e-11,4.026691372415933e-12,3.279828362681643e-12,5.239850362033125e-13,2.2699846349106062e-12,1.489414037914939e-10,1.3671055334505994e-06,2
659,01:16:00,2.60910931331219e-11,3.256465168636205e-12,2.9564715198610317e-12,3.203319647422293e-13,1.4200602116163813e-12,1.3896238560714884e-10,1.2905428793897253e-06,2
660,01:16:30,5.381332096124999e-11,6.382422459348167e-12,4.647765333671139e-12,7.706251287330549e-13,3.997405787315104e-12,2.369792798896594e-10,1.3171374039896834e-06,2
661,01:17:00,4.2078342869534274e-11,6.436876352814956e-12,4.100272321942943e-12,3.269072130441969e-13,1.1845434747450726e-12,1.9824676486924172e-10,1.3300963212351614e-06,2
662,01:17:30,1.7774655555153272e-11,3.513784897473956e-12,4.265002409297865e-12,7.311336368159262e-13,4.273937527390931e-12,1.5399336827632497e-10,1.3758839688827872e-06,2
663,01:18:00,4.1812934657414706e-11,5.465960508222083e-12,5.291561937009822e-12,4.0192415845920604e-13,1.6427148505102587e-12,2.2182752013440203e-10,1.2884189417705705e-06,2
664,01:18:30,2.7850692585724845e-11,5.552009395948173e-12,4.038907442290196e-12,3.6557341200642993e-13,1.3526468195381025e-12,2.265103509163532e-10,1.2998436132415973e-06,2
665,01:19:00,4.7504330336157357e-11,6.557435343456581e-12,5.3761444170656e-12,3.511045074199402e-13,1.7320930501761306e-12,2.525173578000429e-10,1.2720002485845268e-06,3
666,01:19:30,2.098252368423039e-11,4.00042771482819e-12,3.5308517744294266e-12,2.56906753030347e-13,7.021000418479867e-13,1.678713899172721e-10,1.2530066391966624e-06,2
667,01:20:00,3.3743971139469465e-11,5.149225876789393e-12,2.9508351280549177e-12,3.1010970977435316e-13,1.223845014758431e-12,2.5555953253395497e-10,1.2495903579155845e-06,2
668,01:20:30,3.019521123829805e-11,6.5637329234920554e-12,6.772778306860002e-12,5.273099097019418e-13,2.3874228664726237e-12,1.6759952758469475e-10,1.2489155689728436e-06,2
669,01:21:00,2.1777434289300186e-11,4.042033691553233e-12,2.955763311974036e-12,2.7548871199557587e-13,1.2462933031483807e-12,1.715203737191861e-10,1.2364762393368204e-06,2
670,01:21:30,2.7255563532965858e-11,5.119347394728992e-12,3.149407564372863e-12,5.512308667536531e-13,2.9839010038546015e-12,2.0971268848592396e-10,1.230694016179874e-06,2
671,01:22:00,2.1210849830183675e-11,4.73072035957115e-12,3.08308637129719e-12,4.662037795559546e-13,2.4429590534742282e-12,1.9747610782676837e-10,1.2776311727085056e-06,2
672,01:22:30,3.29932215145903e-11,4.386511649718019e-12,4.016173006315339e-12,4.213386685025716e-13,2.2472980805520197e-12,2.1930133521546926e-10,1.2321830318622632e-06,2
673,01:23:00,5.4162571550592445e-11,6.988671618231754e-12,4.762917533003163e-12,3.6064356321517933e-13,1.993036523174158e-12,3.444734774900687e-10,1.2929812964161095e-06,2
674,01:23:30,3.3529468680075106e-11,7.117288712205986e-12,3.1351621087223043e-12,3.754330778283369e-13,1.9316540364125783e-12,3.636712488476283e-10,1.2098492894244205e-06,2
675,01:24:00,3.888447418734331e-11,4.610275047631056e-12,2.8169466533409232e-12,3.7553555812624545e-13,2.1100372224114738e-12,1.911509212191826e-10,1.1794870681791127e-06,2
676,01:24:30,5.6241613617078235e-11,6.139195382116426e-12,3.551339057885207e-12,3.505589133912737e-13,1.50918959301021e-12,2.3646382129056583e-10,1.1970686977881466e-06,2
677,01:25:00,3.929170344109424e-11,8.052352624565653e-12,5.937018196029883e-12,4.908509372245804e-13,2.2840923926372233e-12,2.4317701958176786e-10,1.1818643462262803e-06,2
678,01:25:30,2.6158598225649234e-11,7.498992436926244e-12,3.991633220400515e-12,3.3422768631518066e-13,1.6122145234371531e-12,1.8089073425373652e-10,1.1879408332961497e-06,2
679,01:26:00,4.28440805619764e-11,6.3187559196659974e-12,4.389185346388111e-12,3.948210450712546e-13,2.254289905086266e-12,1.7903160883642642e-10,1.1368115218996534e-06,2
680,01:26:30,5.321270691612221e-11,8.768628604619021e-12,5.879967159338082e-12,5.633215673369076e-13,3.889258526497203e-12,2.562571048017637e-10,1.20475218104673e-06,2
681,01:27:00,3.7688479782085636e-11,5.474461615879558e-12,3.498614170206227e-12,3.9930908671152615e-13,2.0385803950871177e-12,2.5642546198797935e-10,1.1425970962703705e-06,2
682,01:27:30,4.843742126434523e-11,6.723747771936287e-12,3.016629064114921e-12,4.24836044027262e-13,2.4496008886615293e-12,2.7093004104381594e-10,1.2756103050882578e-06,3
683,01:28:00,4.323285370738339e-11,4.755318095794786e-12,3.600713270375439e-12,2.419101392040736e-13,1.1239469275064109e-12,2.4880015293562497e-10,1.2304487949518584e-06,2
684,01:28:30,4.520961141256787e-11,7.511824698929481e-12,4.080279850929271e-12,4.024585377420225e-13,2.231869334852361e-12,2.3308105815837656e-10,1.245921593961546e-06,2
685,01:29:00,4.7931199998284477e-11,7.418830070673107e-12,5.281482391860894e-12,5.173049600418627e-13,3.4842718351227426e-12,3.3779714181090215e-10,1.1775192363892191e-06,2
686,01:29:30,4.7100802767929945e-11,5.965458400504383e-12,3.676147385821961e-12,2.465561396926975e-13,1.0799016998373734e-12,3.233417425003206e-10,1.1670920531776858e-06,2
687,01:30:00,7.64232276628869e-11,6.71032208538442e-12,4.299373189189775e-12,1.9829236628815852e-13,8.854628289702406e-13,4.455938911416636e-10,1.1859401247671853e-06,3
688,01:30:30,7.555785263054358e-11,7.988821394671457e-12,3.233919937571613e-12,2.8438489458359333e-13,1.093843376136499e-12,3.111123958724956e-10,1.169864856615151e-06,2
689,01:31:00,4.03034867650809e-11,1.0306962946087907e-11,4.110207868510028e-12,3.2427107846825335e-13,1.837537846615178e-12,3.7457749297370143e-10,1.2277458055184851e-06,2
690,01:31:30,9.184713462796078e-11,5.9238763489320435e-12,3.674858854587134e-12,3.800469511790208e-13,2.585896677370103e-12,3.206457650302209e-10,1.2249507251313191e-06,3
691,01:32:00,9.218353995525863e-11,6.948810272705725e-12,3.338755105162417e-12,2.1272703496167691e-13,1.1102884789107757e-12,4.73288132618106e-10,1.2417547631392753e-06,2
692,01:32:30,6.221041262815575e-11,6.75884933389024e-12,3.5774843577302713e-12,3.692266017915572e-13,1.86366983816744e-12,2.183696442670769e-10,1.1646518947783136e-06,2
693,01:33:00,6.439271747132799e-11,1.0761935784284358e-11,4.243786103199397e-12,2.3350334191454784e-13,1.0836443107573692e-12,3.796408434960413e-10,1.231749999860816e-06,2
694,01:33:30,1.0035688306545014e-10,7.583259701650585e-12,3.88424881166706e-12,1.8768784267212363e-13,7.041855554254293e-13,4.632604806254383e-10,1.2398939237392747e-06,2
695,01:34:00,7.6377461928665e-11,5.7573189543359965e-12,4.374053180482367e-12,3.014597876732305e-13,1.4896990679409106e-12,4.782844074886042e-10,1.1949781337474373e-06,3
696,01:34:30,6.923167855749655e-11,8.06309064720396e-12,3.3779366166609533e-12,4.2947255917922643e-13,2.3532381633616107e-12,4.4436404911218746e-10,1.1449636249265982e-06,2
697,01:35:00,5.472182893081462e-11,7.258218301283836e-12,3.170290935694583e-12,1.7444001038048036e-13,7.687732068585801e-13,3.278042052544855e-10,1.1426172360463906e-06,2
698,01:35:30,7.918426147145896e-11,1.1666588366692621e-11,4.321396692038459e-12,2.0750519998491746e-13,8.422041654321987e-13,4.852976784817215e-10,1.0888584850806428e-06,2
699,01:36:00,8.717627823156505e-11,5.7221255461173126e-12,3.791480114667107e-12,2.0317995996444464e-13,9.826453425072377e-13,3.44062828988914e-10,1.2697000468006673e-06,2
700,01:36:30,1.1356006785753381e-10,9.475166193505373e-12,3.217579655809381e-12,2.0146868668868877e-13,6.470954209212961e-13,5.798188017355664e-10,1.2033768778958247e-06,3
701,01:37:00,5.9672493823671e-11,5.602895021583437e-12,3.3763480605948245e-12,2.452602263782378e-13,7.594493916157819e-13,3.0786336476677437e-10,1.1611268641649218e-06,2
702,01:37:30,1.0690519016873564e-10,5.0950575171448704e-12,3.832342452542324e-12,3.372355030725402e-13,1.6457161164581551e-12,4.524319534128039e-10,1.1809557908291128e-06,3
703,01:38:00,6.622983967090222e-11,5.962585036598247e-12,3.770361142234943e-12,3.7905728144836017e-13,2.3334581531154172e-12,5.295000638592346e-10,1.1114721234984057e-06,2
704,01:38:30,4.874017403264556e-11,8.143508094184842e-12,4.409965556648279e-12,1.8576326819716537e-13,7.221452846675436e-13,5.584698835808086e-10,1.173302392017189e-06,2
705,01:39:00,8.478546888806626e-11,6.4296341924561576e-12,2.934633838447085e-12,3.299700489915782e-13,2.008128233738146e-12,3.926884493690141e-10,1.1278281439451693e-06,2
706,01:39:30,6.056885733544571e-11,7.411429512713987e-12,3.420944634260625e-12,3.494171376332157e-13,2.0820556437333375e-12,3.6048218876922516e-10,1.1212969446724737e-06,2
707,01:40:00,1.3330660554348145e-10,4.455718218836924e-12,2.9372814810966953e-12,2.407705537211407e-13,7.467320347945471e-13,4.5623056050611025e-10,1.1297363287807715e-06,3
708,01:40:30,1.0062596290215206e-10,7.585326477960768e-12,2.8947171427489012e-12,3.032553006056297e-13,1.3052477517678159e-12,4.104613034614275e-10,1.1044179947383544e-06,2
709,01:41:00,5.531049798912801e-11,6.947571876046344e-12,2.9549362706218835e-12,1.9763188183531272e-13,9.400024168313378e-13,4.4227930841085393e-10,1.1277298801339633e-06,2
710,01:41:30,7.278222830144483e-11,5.5462838501369895e-12,2.8662090844104126e-12,1.9879415021903898e-13,7.990548935906563e-13,4.1606137075970864e-10,1.0823213977776692e-06,2
711,01:42:00,6.292310677346868e-11,6.18576372516612e-12,3.5344089730488816e-12,3.9308890018779667e-13,9.99425781053901e-13,5.761477254383445e-10,1.122291481809772e-06,2
712,01:42:30,1.1362028313630468e-10,5.786064694004496e-12,3.063694594286697e-12,2.2446785538461626e-13,9.318503903917218e-13,4.3286531337314314e-10,1.113537791210165e-06,3
713,01:43:00,7.724490632088286e-11,9.187858313763415e-12,3.1197612593375927e-12,2.0193803654113265e-13,8.40883724714005e-13,7.444609073631837e-10,1.1223540773776316e-06,2
714,01:43:30,1.0190743221223375e-10,7.467966993595414e-12,3.059047427829506e-12,2.5518642539423633e-13,1.1932497500637762e-12,3.8758936218499996e-10,1.163486327252447e-06,3
715,01:44:00,1.3907672334182515e-10,7.26360763110989e-12,3.702853061701542e-12,2.28943174200376e-13,1.1219495351430153e-12,5.180708205191178e-10,1.1752256953189902e-06,3
716,01:44:30,6.473542895519964e-11,4.242296921135314e-12,3.058676303837815e-12,1.314861918250742e-13,3.9276723928635825e-13,4.481581001674005e-10,1.1285138890069808e-06,2
717,01:45:00,6.34135098555393e-11,5.539154652102973e-12,3.359407471244682e-12,2.128059914722507e-13,8.342368554244949e-13,4.008109279864392e-10,1.1326612519201146e-06,2
718,01:45:30,7.352098269357412e-11,5.7457091355712075e-12,2.0238534367392463e-12,3.2147815258813575e-13,1.6735876606999082e-12,6.544505224177529e-10,1.1264630938575535e-06,2
719,01:46:00,6.643817458096271e-11,5.695771927559487e-12,3.789582059380605e-12,1.4839053760918635e-13,6.78223963170831e-13,4.059677920698171e-10,1.0969664094876598e-06,2
720,01:46:30,5.9651286894579e-11,6.365447739382666e-12,3.4915098676973655e-12,3.4181409930435244e-13,2.0317911092090038e-12,4.2049449063051693e-10,1.1296435477207594e-06,3
721,01:47:00,8.006453734262966e-11,8.053072292819449e-12,4.556177229162721e-12,2.986933420627895e-13,1.5679663204963991e-12,7.395394795779382e-10,1.0765838691709702e-06,3
722,01:47:30,5.997750468972863e-11,8.061379230130608e-12,4.590564095741545e-12,2.973073633434577e-13,1.2954832568211554e-12,5.239462569465237e-10,1.081988717242278e-06,3
723,01:48:00,8.841460588768524e-11,6.3757806917450385e-12,3.2422944513067386e-12,1.8060843726990743e-13,7.569451408361e-13,5.047085589441666e-10,1.1101016700423249e-06,3
724,01:48:30,7.183357612176097e-11,7.463887759649669e-12,2.5034241650773815e-12,2.1425803600255814e-13,9.85094862209499e-13,5.614904653493992e-10,1.0903105068811385e-06,3
725,01:49:00,7.624159318313578e-11,4.986444219417791e-12,4.036340174455004e-12,1.7332490120547674e-13,6.579795011630813e-13,4.854853319822322e-10,1.1881022632741545e-06,3
726,01:49:30,1.0044507930651892e-10,6.106590891884341e-12,4.5500436921542436e-12,1.7537458340972532e-13,5.17344448085808e-13,5.861946193697035e-10,1.193596536204538e-06,3
727,01:50:00,9.188962543324402e-11,6.484052211094734e-12,2.873097071065828e-12,1.8680841589469666e-13,9.522956609593014e-13,4.776900556134656e-10,1.0712081129906652e-06,3
728,01:50:30,1.0946278990429512e-10,8.372654650477603e-12,3.9433473209024645e-12,1.8407053844592614e-13,5.740680782982147e-13,6.949263355011228e-10,1.0510640597057965e-06,3
729,01:51:00,8.466538232612714e-11,5.5172751538996555e-12,8.315516415957022e-12,4.046955354289578e-13,1.2356660792672922e-12,1.1951312779569235e-09,1.9171178924659964e-06,3
730,01:51:30,1.2380424778124596e-10,7.115421444990211e-12,2.6577061869215247e-12,3.5377139890798413e-13,1.2209774744749926e-12,2.4851871615598377e-10,2.7072195099671156e-06,2
731,01:52:00,4.667093359127428e-11,5.937903409644474e-12,2.045950991671272e-12,2.90101970707475e-13,8.609172000671234e-13,2.0737055940728664e-10,2.6807917810765734e-06,2
732,01:52:30,6.480701984599615e-11,6.244028613580334e-12,6.2755170074198725e-12,4.72330284465573e-13,1.7275942979741272e-12,6.167945896804231e-10,2.764938657613948e-06,2
733,01:53:00,5.738286813482862e-11,6.98005738408977e-12,2.5385000343659582e-12,4.774553802510468e-13,1.4733086269717453e-12,2.968408409182285e-10,2.9118538931435856e-06,2
734,01:53:30,1.7480598314218405e-11,2.730672904810116e-12,1.9234502297611474e-12,2.8493990572594053e-13,1.0763935534306238e-12,1.3040007734799317e-10,2.8716916709486426e-06,2
735,01:54:00,3.7080177389240456e-11,5.498754536719721e-12,3.4500951467178003e-12,2.7836952264988343e-13,7.312920948809108e-13,2.0269907173694348e-10,2.8639509095854375e-06,2
736,01:54:30,7.448601972909381e-11,4.64332713159352e-12,4.6443266143767936e-12,5.76130304985691e-13,1.4020812587505009e-12,2.413700478547026e-10,2.5972813976778253e-06,1
737,01:55:00,4.387071177629572e-11,2.9740486702578655e-12,2.5439857265222812e-12,5.571252435440789e-13,1.6014247147002745e-12,1.0607448852410769e-10,1.7131805036274315e-06,2
738,01:55:30,1.9510116968326226e-11,2.955129891163791e-12,2.209371125047347e-12,3.612853727687364e-13,1.4673009468642005e-12,1.008657650246255e-10,1.694983336032518e-06,2
739,01:56:00,2.0518420183250626e-11,3.1848180721330936e-12,3.3171093414448653e-12,4.5195271161692866e-13,2.212928931677198e-12,8.762819480332285e-11,1.6187138298141921e-06,2
740,01:56:30,5.50832652929611e-11,4.122652120201189e-12,2.7626284204661966e-12,4.730674978178618e-13,1.4073181918595767e-12,1.3332641589911348e-10,1.6359116962903154e-06,2
741,01:57:00,1.3975998183105443e-11,2.701262961474704e-12,1.49912492143753e-12,3.774131456424256e-13,1.4220110091917979e-12,7.924243894959182e-11,1.7699948525313668e-06,2
742,01:57:30,8.119826931288556e-11,5.5797289250304145e-12,4.007802564759491e-12,3.4495760614956315e-13,1.27023354680678e-12,1.9923895474755386e-10,1.7648756634574668e-06,2
743,01:58:00,2.757420849205085e-11,5.155558834432832e-12,3.5184076779712417e-12,3.3402200771770413e-13,1.2383683639567729e-12,1.5611892339383305e-10,1.9912436223137416e-06,2
744,01:58:30,2.0555842213733707e-11,2.7452946086461447e-12,2.5739595500279737e-12,3.7839893530651414e-13,1.806506362186986e-12,7.744494128547361e-11,1.949599641774155e-06,2
745,01:59:00,5.0176182383796994e-11,4.214276147911471e-12,3.302097396958175e-12,2.915132726199223e-13,1.4496052683270993e-12,1.137334695798993e-10,1.9199538078381455e-06,2
746,01:59:30,2.5683632560614314e-11,4.878003290601015e-12,2.4848085886111643e-12,1.9009545355642762e-13,7.581097977752055e-13,2.637073364472316e-10,2.0221821773934514e-06,2
747,02:00:00,3.7150677228034714e-11,3.618356563646706e-12,1.7616753294340503e-12,4.793322594463972e-13,1.945303615435695e-12,1.0651541331104646e-10,1.9958382679088134e-06,2
748,02:00:30,5.640440745554674e-11,5.956662740827159e-12,3.813535474710043e-12,4.520916206587793e-13,2.1228526201386243e-12,1.4740367277153672e-10,1.9676655898871686e-06,2
749,02:01:00,3.0404686612593454e-11,4.5805294417554324e-12,3.3202822298215043e-12,6.055161077370243e-13,1.9888230134308425e-12,1.8319192034819862e-10,2.020380552346357e-06,2
750,02:01:30,4.443435923483701e-11,6.314653448556925e-12,4.28737539462991e-12,2.53314807826121e-13,1.1167271881681392e-12,1.4254618639730283e-10,1.970332196737334e-06,2
751,02:02:00,3.684476032037395e-11,2.4336802207269626e-12,2.4983003880924736e-12,2.5970045558715136e-13,7.624480064797298e-13,1.377057165463394e-10,1.943723451505751e-06,2
752,02:02:30,9.560777402138416e-11,6.489556053968761e-12,4.996358215272335e-12,4.700181010002802e-13,1.6842916507150385e-12,2.775720569725259e-10,1.8869868600887914e-06,2
753,02:03:00,2.868056441247375e-11,4.0294411607954995e-12,2.1496981243234787e-12,3.691977729473232e-13,1.772038017388517e-12,8.918083641905471e-11,1.839239993593461e-06,2
754,02:03:30,2.567412605888866e-11,3.776718223852952e-12,2.960429562561808e-12,6.972760623056048e-13,3.7464297213551495e-12,1.0625918741410849e-10,2.0119336216645736e-06,2
755,02:04:00,4.6903837068332666e-11,4.794443170513838e-12,4.071554862109875e-12,4.910881830813878e-13,2.2033504969748286e-12,1.6999328163313914e-10,1.9346905976939537e-06,2
756,02:04:30,2.576073715571942e-11,3.615751706562523e-12,2.079732249377373e-12,3.2479868417690714e-13,9.480057534343058e-13,8.842993068026024e-11,2.0499775532392818e-06,2
757,02:05:00,3.433764781454706e-11,5.045590770040619e-12,2.820991566134929e-12,4.994885332125752e-13,2.4547448467713215e-12,1.0950172431545512e-10,1.9550690703897897e-06,2
758,02:05:30,5.0980513519221406e-11,6.0233762908284875e-12,3.2702297951450938e-12,5.213699576490479e-13,3.2172955802714378e-12,1.5178741944743954e-10,2.138689918496258e-06,2
759,02:06:00,4.493918889856486e-11,4.660050788368538e-12,3.5350144588369046e-12,2.9634990190340856e-13,1.362862027126446e-12,1.3644960462052332e-10,2.1715623215356303e-06,2
760,02:06:30,5.876843227270498e-11,5.670370494884541e-12,3.5191917545318535e-12,3.608678065312978e-13,1.5639153473135098e-12,2.177016806163886e-10,2.1166280798754734e-06,2
761,02:07:00,1.1237941206142686e-10,6.908574108253868e-12,4.5761978347086045e-12,3.7290752976143423e-13,1.1320502858405773e-12,2.4326873069534716e-10,2.1325925660820072e-06,2
762,02:07:30,2.034678591693458e-11,4.872897577917495e-12,2.791129886636769e-12,5.887285769094293e-13,3.3447621523433688e-12,1.187270312692455e-10,2.173982546925981e-06,2
763,02:08:00,4.1811503067474186e-11,3.4425104801493943e-12,2.3781730143970417e-12,2.9142578523002833e-13,1.0229747099229397e-12,1.3259266267502397e-10,2.0769053359366143e-06,2
764,02:08:30,3.538404831236858e-11,5.560369501807654e-12,5.822780849993643e-12,3.0880835531916057e-13,1.2439500322293008e-12,1.4020039561560673e-10,2.0117557552199703e-06,2
765,02:09:00,3.1915518810447455e-11,4.342375013361859e-12,2.6167188521447965e-12,3.655598422551523e-13,1.5996331899852776e-12,1.1919713677735698e-10,2.0561527560116417e-06,2
766,02:09:30,4.2727991056954094e-11,5.006650507780508e-12,2.6235092249775897e-12,3.612990479659595e-13,1.4064782514726397e-12,1.258675692749077e-10,2.0437577903148754e-06,2
767,02:10:00,3.8031478417872637e-11,4.862638860035185e-12,2.6482622298980776e-12,5.000500424604113e-13,2.0295174848140304e-12,1.9583229790983698e-10,2.164180104523328e-06,2
768,02:10:30,5.4749107002458755e-11,5.871601251082233e-12,4.604844013546148e-12,5.675514810190996e-13,3.0324488468692993e-12,1.5410701263787912e-10,2.4444008582855896e-06,3
769,02:11:00,3.589022504094413e-11,5.290514542484661e-12,3.972000697972944e-12,3.476221040404221e-13,1.8300054858471453e-12,1.435060890571228e-10,2.528073213988442e-06,2
770,02:11:30,7.221689909413305e-11,6.8953443195345964e-12,6.101588697234766e-12,5.112823836506521e-13,2.659997888250251e-12,3.284483874318988e-10,2.5438665462429696e-06,2
771,02:12:00,4.472132447922915e-11,5.541088903234539e-12,4.168371169313225e-12,3.521115173646734e-13,1.1551637194745755e-12,1.5454895925837542e-10,2.6165429451239346e-06,2
772,02:12:30,9.709752169744921e-11,5.2124430526832314e-12,8.449232578388482e-12,7.30984795454085e-13,3.2267505430464347e-12,2.2748324357865383e-10,2.498964265905072e-06,2
773,02:13:00,6.610947234313335e-11,4.691940511907347e-12,6.421209355454525e-12,6.370845877823178e-13,2.0465666543276057e-12,2.2826292581797476e-10,2.1933938120374787e-06,1
774,02:13:30,4.7021035412960104e-11,4.379999539205588e-12,2.843245032542418e-12,4.727128640522105e-13,1.6308727762922834e-12,1.7530461325976906e-10,1.8058520323252261e-06,2
775,02:14:00,2.8137800774568438e-11,3.652757120557423e-12,3.720267507061554e-12,2.7362217099652373e-13,1.0472896969275494e-12,1.5751719560662327e-10,1.7982617580045062e-06,2
776,02:14:30,4.005296686447794e-11,3.0464763001237645e-12,2.884547663890465e-12,4.270333123222163e-13,1.4623186888052357e-12,1.3956724164103183e-10,1.8908768252762734e-06,2
777,02:15:00,2.3540434114218028e-11,2.9700203024765263e-12,4.1475483099974445e-12,8.057141513177153e-13,4.416947360061127e-12,9.436588344281191e-11,1.953258772956512e-06,2
778,02:15:30,3.2224694207308957e-11,7.271348947904455e-12,4.587351371880271e-12,3.1007987045654757e-13,1.3508594244435411e-12,1.3340987106392404e-10,1.8891075539195106e-06,2
779,02:16:00,8.323882843279232e-11,5.1325450744467535e-12,5.453345523500671e-12,6.007601119325406e-13,2.9440660214526175e-12,1.7351011921340544e-10,1.940683186397731e-06,2
780,02:16:30,3.487798577190122e-11,5.2145250995448095e-12,4.57751663962073e-12,5.953962233011165e-13,2.519976446719595e-12,1.4357590305429865e-10,1.8529764934358766e-06,2
781,02:17:00,5.331524137652397e-11,4.1718436737555825e-12,3.82712282086172e-12,5.962246930414488e-13,2.252830673111413e-12,1.4720384752386922e-10,2.0166392278568238e-06,2
782,02:17:30,6.57442922872729e-11,5.083768425684721e-12,6.116737123093455e-12,5.998592905069695e-13,1.7654882685167169e-12,1.8822920927071645e-10,2.630925766246607e-06,2
783,02:18:00,2.3271733492843795e-11,4.6038623792929364e-12,3.6970174447850266e-12,4.690803942637248e-13,1.7661261616486852e-12,2.3486211851578754e-10,2.8156087754302148e-06,2
784,02:18:30,4.7571511971106003e-11,4.135688216341831e-12,4.365904042407916e-12,2.9793037250953183e-13,1.0497487509311268e-12,1.688629607776729e-10,2.7143010912123082e-06,2
785,02:19:00,5.38347045437982e-11,3.0290644310556808e-12,5.2456731922939075e-12,4.287519386471322e-13,1.3283479350828002e-12,1.1432253624282573e-10,2.705981958763599e-06,2
786,02:19:30,7.310674950470619e-11,4.982004423772204e-12,3.390150099366617e-12,5.119084863362642e-13,1.4036912537616987e-12,1.5744237567771718e-10,2.6247428533256625e-06,2
787,02:20:00,5.79488352212978e-11,2.2705087581620357e-12,4.58028260034233e-12,5.913988102887591e-13,2.0271974905713493e-12,9.934357005619102e-11,2.5448600892796445e-06,2
788,02:20:30,4.863529991743287e-11,5.038674185261782e-12,4.4823928245644444e-12,4.074644216269063e-13,1.6789000827340225e-12,1.4208903215980153e-10,2.4271797730828475e-06,2
789,02:21:00,6.326383977927115e-11,5.7960897160479194e-12,6.452286382859485e-12,4.833060707176188e-13,2.3721077807241565e-12,1.4476967591937341e-10,2.2444222527191766e-06,2
790,02:21:30,7.158302297864236e-11,6.185511086633736e-12,3.962154434686868e-12,7.127603233697957e-13,1.6106904367729752e-12,1.417344309189189e-10,2.3708596513044515e-06,2
791,02:22:00,3.707939615558384e-11,3.2734470288963206e-12,2.524967550515201e-12,4.840751263201358e-13,1.5726342563103549e-12,1.2717273407656024e-10,2.274177376116095e-06,2
792,02:22:30,9.311147919195214e-11,4.872432470441145e-12,4.208322049153618e-12,4.2353428054626227e-13,1.4819752585191147e-12,1.4571612798829837e-10,2.2979491633298687e-06,2
793,02:23:00,5.190953588101031e-11,4.846355373951022e-12,3.4955174040737116e-12,6.756284860400028e-13,1.6962433091088995e-12,1.2589992621915457e-10,2.219415393930177e-06,2
794,02:23:30,2.0736178951451647e-11,2.635667134353336e-12,2.3719475462250607e-12,3.8112754115784235e-13,1.4241249105231191e-12,6.715629866282382e-11,2.21690598249366e-06,2
795,02:24:00,6.139025835516016e-11,4.549655226720378e-12,5.403064656567998e-12,4.664890126806373e-13,1.6864235114904469e-12,1.2691197738959183e-10,2.1666201780525494e-06,2
796,02:24:30,2.428698059436296e-11,4.125136850007988e-12,3.995607365800929e-12,2.694009396973411e-13,1.0482255158387432e-12,1.4789818753635817e-10,2.151530090798547e-06,2
797,02:25:00,2.647378902950092e-11,3.467227900546237e-12,3.90632637834689e-12,6.38908806081919e-13,3.398771827671409e-12,1.3782136458492912e-10,2.124839410925248e-06,2
798,02:25:30,5.830400546560342e-11,6.005192150938995e-12,4.139607013108925e-12,4.023694639742636e-13,1.8076932058973395e-12,1.7399178160285256e-10,2.1154342784334837e-06,2
799,02:26:00,5.537067766757056e-11,3.9993024813146e-12,2.275263928969188e-12,2.592318870695689e-13,9.636008531899226e-13,1.3665836745174416e-10,2.1901059677207307e-06,2
800,02:26:30,2.9965992172406574e-11,5.286281706040583e-12,3.2798914349189853e-12,5.29250611394471e-13,2.494933603240762e-12,1.47442859966841e-10,2.1377197136802764e-06,2
801,02:27:00,5.571617412355366e-11,3.744486664234679e-12,4.750646622697479e-12,4.829671339183034e-13,2.019437150578313e-12,1.0754441647959705e-10,2.1559555445034627e-06,2
802,02:27:30,4.143897254955728e-11,3.937796579542533e-12,3.565843317545765e-12,4.901936917625746e-13,1.7511961528567689e-12,1.450253181121357e-10,2.1347112953619224e-06,2
803,02:28:00,2.6257127901832096e-11,4.240696695886709e-12,3.062028198918578e-12,5.167539536542258e-13,1.7932401672509305e-12,1.4443381696137484e-10,2.0792888592631203e-06,2
804,02:28:30,3.77542746417759e-11,4.5701050930661046e-12,2.985163682701057e-12,4.866114107711434e-13,2.454881094172888e-12,1.6374687650971904e-10,2.137405129002365e-06,2
805,02:29:00,4.562504155321848e-11,5.506560775522851e-12,4.250352737285811e-12,4.788098057195404e-13,2.3376240094324288e-12,1.3559049944106297e-10,2.119104935634155e-06,2
806,02:29:30,8.085261988972416e-11,4.6704746258881224e-12,4.078565331171081e-12,4.020679372236574e-13,1.169028342894769e-12,1.8262475107428748e-10,2.062585349349356e-06,2
807,02:30:00,2.4844589116358364e-11,4.7636710051106985e-12,4.125666509570949e-12,3.187689936446115e-13,1.4503888347878153e-12,1.0938193905464412e-10,2.0258545940900377e-06,2
808,02:30:30,6.198422618514749e-11,5.9135779566262114e-12,5.413732979935165e-12,5.876496617301244e-13,2.1892746482279593e-12,2.6611101311017044e-10,2.120548764477739e-06,2
809,02:31:00,5.842556236034626e-11,6.113538354340242e-12,3.479616421267524e-12,5.530712838122067e-13,2.140116457970464e-12,1.1401418662199001e-10,2.0586747098312713e-06,2
810,02:31:30,3.19708036223044e-11,4.198851847549269e-12,3.6150624304059685e-12,2.955330119066737e-13,1.3022398274580516e-12,1.0784852606155719e-10,1.9833391842282237e-06,2
811,02:32:00,7.397102131346602e-11,5.581697871268713e-12,4.73156162626164e-12,5.974174998553834e-13,1.6939894225615206e-12,1.4943475880206936e-10,2.1639153575668538e-06,2
812,02:32:30,6.015757851527473e-11,6.7574980842260344e-12,4.695139467313605e-12,2.7234404287649267e-13,9.257837145425659e-13,1.54804681200625e-10,1.9833085058787268e-06,2
813,02:33:00,2.3046163204863207e-11,4.155427802099103e-12,3.0306288257571337e-12,3.031181288036756e-13,1.0013216083309824e-12,1.0070928155776922e-10,1.947905156681313e-06,2
814,02:33:30,8.559982559870404e-11,8.970708796822156e-12,6.203821863233105e-12,5.595833575550172e-13,1.7868396256207398e-12,2.168980367072781e-10,1.3863589361994094e-06,2
815,02:34:00,8.528714902685659e-11,6.062724334626663e-12,6.364319021044706e-12,8.980429494717639e-13,3.692889004136762e-12,1.3222644235533543e-10,1.1334442223820442e-06,2
816,02:34:30,1.4498955970073932e-11,3.159056576635239e-12,2.27385798989258e-12,2.459267186768527e-13,8.246425037308867e-13,1.2436031109396751e-10,1.0639751775455364e-06,2
817,02:35:00,3.170852801761892e-11,4.244670502360159e-12,4.307892573998641e-12,6.406003308510871e-13,1.742183084779997e-12,9.27673639999892e-11,1.0665846696014405e-06,2
818,02:35:30,8.429428211509195e-11,4.52425991349855e-12,2.439441117776221e-12,5.883433767891182e-13,2.442345417056268e-12,1.6180175738587066e-10,1.168241069646461e-06,2
819,02:36:00,4.1838057804899854e-11,8.453982433629734e-12,4.944756106057157e-12,4.3051897002658533e-13,1.4140448738725598e-12,1.5161388638738335e-10,8.615293422136903e-07,2
820,02:36:30,7.866795406729602e-12,2.7905918663911408e-12,1.0184761942411881e-12,2.558229904331489e-13,4.957779008057906e-13,1.7408657090404626e-10,5.00406043659587e-07,4
821,02:37:00,9.916834149584081e-12,3.0743110881357253e-12,1.033031482739051e-12,2.285306937537221e-13,7.360845148490675e-13,3.111336948572588e-10,5.52905507115845e-07,4
822,02:37:30,1.4596959304728412e-11,3.136171481546677e-12,1.0326251764104628e-12,2.2180351193614616e-13,3.609810288268022e-13,4.0500130383867106e-10,6.139919218815151e-07,4
823,02:38:00,4.467668632823672e-12,2.6956823588554994e-12,2.1849192084873007e-12,3.5336105183024007e-13,6.211721453463126e-13,5.935556961421282e-11,1.1832399212416094e-06,1
824,02:38:30,7.866078161137028e-12,2.0505693525467512e-12,2.711998578399602e-12,7.146318474223078e-13,9.683707381802404e-13,2.1603528236490979e-10,1.5765006573674611e-06,0
825,02:39:00,1.5900005656046147e-11,3.6268455306982985e-12,1.4526883106443683e-12,2.547461085257816e-13,6.185608161866115e-13,1.2202855378950629e-10,4.978144981938716e-07,4
826,02:39:30,1.2069668955104824e-11,2.8379173885453755e-12,9.140902369380834e-13,1.9770809730373902e-13,3.6630127423005903e-13,2.0977815446891254e-10,5.107712919177535e-07,4
827,02:40:00,9.25217683003617e-12,1.831592850788357e-12,1.1339199286005177e-12,1.6165817275967582e-13,2.1173758341563574e-13,1.4083582977963902e-10,4.6987348642742935e-07,4
828,02:40:30,2.0226300237415286e-11,4.491813999336408e-12,8.661415617864617e-13,1.456117552349929e-13,3.488945300052528e-13,6.772730009567268e-10,4.4774098573437866e-07,4
829,02:41:00,1.1266666220784246e-11,1.4634363260197065e-12,9.691987734937956e-13,1.9213836954057976e-13,4.101475222933468e-13,4.0210438708158877e-10,5.345667833188944e-07,4
830,02:41:30,1.2985471768686282e-11,2.2018203103487833e-12,8.53791647205271e-13,1.5989261413524384e-13,2.4956705501286116e-13,6.406008026179459e-10,4.875586364186008e-07,4
831,02:42:00,2.547142958089334e-11,2.328401574236298e-12,1.3356927082645241e-12,2.0330876363584405e-13,6.251192406291432e-13,5.396273306576399e-10,4.817947294355742e-07,4
832,02:42:30,1.3078614905171131e-11,2.3494731048312068e-12,9.636098607667819e-13,1.8650593489144977e-13,3.596257894424351e-13,1.4492529513497504e-09,5.024993995950195e-07,4
833,02:43:00,1.4102233766357363e-11,1.768617867318618e-12,6.833385985826291e-13,1.323791179942665e-13,3.15712060398318e-13,8.008321737811433e-10,6.098774957996098e-07,4
834,02:43:30,1.3911787522654084e-11,2.190686634231481e-12,1.2429870973450615e-12,1.7308741253969093e-13,4.0789912159062855e-13,6.498336417147448e-10,4.729977029535656e-07,4
835,02:44:00,1.2274469256751803e-11,2.1103770097339808e-12,1.2252363663173457e-12,1.8280436022716237e-13,4.0450309664688825e-13,3.331094890683626e-10,1.249723371876324e-06,4
836,02:44:30,1.501081342531847e-11,1.940487489320376e-12,1.1234026340873853e-12,1.817337299088148e-13,3.593844761392055e-13,1.4283902260179776e-09,5.569844127102062e-07,4
837,02:45:00,7.0096358138378625e-12,2.0831668085323394e-12,1.2140158149099171e-12,2.4529302796965705e-13,5.751067104214836e-13,1.4923442005829439e-09,9.039064727432751e-07,4
838,02:45:30,4.856933766023247e-12,3.955625223456368e-12,4.521739628733061e-12,4.671024193578551e-13,1.0317385159395617e-12,6.178731558027828e-11,1.4774397204531524e-06,0
839,02:46:00,9.993058207753634e-12,4.905458193857156e-12,3.2207409923231306e-12,4.862392553648846e-13,9.779749598655365e-13,7.611407632553569e-11,1.2567736463052426e-06,0
840,02:46:30,7.817262166501812e-12,2.188323678531679e-12,1.565116847385946e-12,3.098919724277307e-13,6.355060376380619e-13,7.279090071852812e-11,5.0860979628659e-07,1
841,02:47:00,1.1012969397196235e-11,2.6376927399487347e-12,1.1364869694865902e-12,2.311490742114266e-13,6.21315443051493e-13,6.957434351807559e-10,4.873576087213959e-07,4
842,02:47:30,1.3247682563291617e-11,1.5105182014576066e-12,8.618882057273234e-13,1.698283329171608e-13,3.050079096447996e-13,1.8249840957939287e-10,4.22937228333218e-07,4
843,02:48:00,2.037289871189327e-11,1.972555356252518e-12,1.7526392103713004e-12,1.9288254005234932e-13,4.446270251398274e-13,2.060345579323861e-09,4.5967011483134455e-07,4
844,02:48:30,9.340054516092908e-12,2.213971851554649e-12,1.164469935305994e-12,2.1169793476745347e-13,3.956773441475487e-13,5.438074484148887e-10,4.6201081630438414e-07,4
845,02:49:00,2.087194514634533e-11,2.3714561156917223e-12,1.0153285141571599e-12,2.127672383020512e-13,4.203999966913696e-13,1.468435486948361e-09,4.6112006490168257e-07,4
846,02:49:30,1.427784655325982e-11,2.2467293349509647e-12,8.55805083527918e-13,1.5090370639505634e-13,4.1965051811178283e-13,5.686685822236024e-10,4.929309681012415e-07,4
847,02:50:00,1.226938715143832e-11,2.206403747108243e-12,7.705917005228231e-13,1.4441920592611396e-13,3.6524853263872255e-13,1.7797984947774826e-09,4.886741532308564e-07,4
848,02:50:30,2.9784055081957405e-11,2.0703971538915246e-12,9.765214017972579e-13,2.365912864688185e-13,5.723894949597055e-13,1.9485024345321684e-09,5.517345806011248e-07,4
849,02:51:00,9.641108859632503e-12,2.070066990158541e-12,1.0957266688336904e-12,2.066617810034605e-13,5.341425245799377e-13,4.595086562422437e-10,4.6914489850487315e-07,4
850,02:51:30,1.7279258329437855e-11,2.6851701896391626e-12,1.202283887684048e-12,1.9180822342275863e-13,2.7730949231374725e-13,2.1109197544726317e-09,4.679877323701433e-07,4
851,02:52:00,1.0092654188900751e-11,1.7825350716565224e-12,8.113899063260818e-13,1.769642731907959e-13,3.5149527165717257e-13,1.6286430742896264e-09,4.5689232735265574e-07,4
852,02:52:30,1.7189071080744228e-11,2.0902467337475045e-12,1.1054303560699532e-12,1.7800659165907108e-13,3.260052585846279e-13,1.2383340266616334e-09,4.7267165388378393e-07,4
853,02:53:00,1.3562900604019725e-11,2.0708739565464466e-12,9.042774876841137e-13,1.9331754980920254e-13,4.336710940245615e-13,9.47028369882127e-10,7.454037188239357e-07,4
854,02:53:30,5.658885514302361e-12,3.4172746102184257e-12,3.2470501292818193e-12,4.743292792032626e-13,9.239855299450552e-13,7.746647399306384e-10,1.1534485322566244e-06,4
855,02:54:00,4.7573652384158275e-12,3.057467391256493e-12,2.0147215240758916e-12,3.7443690467513626e-13,7.044399293046327e-13,7.188895089764557e-11,1.0695426827710417e-06,1
856,02:54:30,1.4839645627445687e-11,2.3138531213533796e-12,4.732948695156604e-12,7.030605767654867e-13,1.1912604811568771e-12,5.666320711309152e-10,2.5281863433343653e-06,0
857,02:55:00,4.060651827202099e-12,2.317565570994998e-12,3.5846476929765205e-12,3.237007726038552e-13,5.296134998064391e-13,1.1381992599283732e-10,2.2869290055396258e-06,0
858,02:55:30,3.404338788120682e-11,3.111799351721767e-12,8.716517711368293e-12,5.161065369434256e-13,1.4551282033438904e-12,4.2944066445972324e-10,2.3098555609306714e-06,0
859,02:56:00,5.4572859727398325e-12,3.086205731000657e-12,6.661688205816814e-12,4.303681340669559e-13,1.0673602275453441e-12,2.7083127810855527e-10,2.349947011500422e-06,0
860,02:56:30,1.197868729445501e-11,2.383251796869454e-12,6.64186340013803e-12,6.287499122100547e-13,7.036207754334288e-13,1.1031348319939171e-09,2.4926219329248223e-06,0
861,02:57:00,2.6046931279045608e-11,2.313970911962305e-12,8.417191186157241e-12,1.994050015009781e-12,1.779137081146091e-12,3.018448844456895e-09,2.9723891460784885e-06,0
862,02:57:30,4.760755590388396e-12,1.5666177166439793e-12,4.879244484462693e-12,4.773135802226824e-13,7.994310194352796e-13,8.990714930536314e-10,2.0787576860355643e-06,0
863,02:58:00,3.7190677831225244e-12,8.962173027696562e-13,3.374698550305774e-12,3.34363408918514e-13,6.938492439859524e-13,1.5402460784700266e-10,1.8530563851490494e-06,0
864,02:58:30,4.800145464888011e-12,1.7818016343838932e-12,6.8473198685610135e-12,3.67622276786974e-13,1.0596087126964013e-12,2.9526174092643217e-10,2.2731524238329193e-06,0
865,02:59:00,4.428380691406184e-12,1.4941857903507254e-12,5.953723205876256e-12,4.378191695133735e-13,7.719025199832223e-13,5.911746922815082e-10,2.4547121253429406e-06,0
866,02:59:30,4.258057299161927e-12,1.6727391646747682e-12,6.734611141175684e-12,3.5939609719243554e-13,5.880553853169789e-13,2.8666662259998923e-10,2.70500101784491e-06,0
867,03:00:00,3.186595171083563e-11,1.7114392158087497e-12,3.798518462107559e-12,4.4289902011621354e-13,6.127815886478476e-13,1.7058081896386407e-09,2.790300339551856e-06,0
868,03:00:30,3.2056743655132967e-12,1.8733259125405748e-12,4.390920074337294e-12,4.2849185106903475e-13,4.285915165971871e-13,6.123887071009981e-10,2.816777257833519e-06,0
869,03:01:00,3.189759178214012e-12,1.85756644676022e-12,4.037238781646015e-12,4.73121166915458e-13,5.644746949381162e-13,3.8939247951428153e-10,2.7380524253925004e-06,0
870,03:01:30,6.026512588045625e-12,2.488351910025471e-12,1.3519924094812423e-12,2.8914633706749646e-13,5.948532314314218e-13,3.342186119942272e-10,2.625066759912702e-06,0
871,03:02:00,4.379505662597507e-11,4.39126602925911e-12,3.879546825550964e-12,2.535464650542529e-12,2.2770759524937786e-12,7.940856090551682e-09,2.8757080392241998e-06,0
872,03:02:30,2.3018018675939114e-11,4.18011411410121e-12,2.256082397859901e-12,2.7617450685113424e-12,2.0868952709628614e-12,1.2787270558347524e-09,2.997254488014338e-06,0
873,03:03:00,2.112159493216582e-10,6.61800212679708e-12,3.250345635814328e-12,4.4416134885762566e-12,3.113674799539042e-12,1.0518114861788101e-08,2.9170099973418324e-06,0
874,03:03:30,7.059117038249579e-11,2.5857368096551195e-12,1.912857748890254e-12,2.4332380434737065e-12,2.276263856994148e-12,9.840192762810004e-09,2.9241772925208805e-06,0
875,03:04:00,2.771250203066324e-11,2.0108948675372025e-12,1.83173305165376e-12,1.1914651402929963e-12,1.5395085995456278e-12,1.5968353671526507e-09,2.922503530577063e-06,0
876,03:04:30,5.418535216101558e-12,1.7768222585403783e-12,4.166422171522252e-12,2.698236661274728e-13,3.673375724773015e-13,2.5969568366277895e-10,3.000239233014538e-06,0
877,03:05:00,7.896449793141924e-12,2.1775142523015716e-12,5.381352208229835e-12,4.006851428467318e-13,5.290673601341507e-13,3.6588026443539544e-10,2.9889271249796648e-06,0
878,03:05:30,1.6009600143428478e-11,1.1763143095178486e-12,1.7318128292615688e-12,3.8953097341901426e-13,5.841380603072767e-13,2.651275634653129e-10,2.994784666038776e-06,0
879,03:06:00,1.3431037290128228e-11,1.3166082934780365e-12,2.9738583569764315e-12,2.732505408697167e-13,5.903954194698904e-13,2.1943187136983091e-10,3.0096845977208455e-06,0
880,03:06:30,8.505036549743452e-12,1.1445097577923362e-12,4.704204849294275e-12,3.131485598955879e-13,4.4919390851512017e-13,2.1862049276701536e-10,3.0290848083652396e-06,0
881,03:07:00,1.76136088938244e-11,1.5522378936444869e-12,2.428282190473989e-12,3.1128727969161063e-13,8.255645053163426e-13,2.5444338001476984e-10,2.9376044880038305e-06,0
882,03:07:30,2.051180524452717e-11,1.2614868588582763e-12,1.921447555552283e-12,3.2523704508507723e-13,7.030202456027505e-13,2.838853405444801e-10,2.9447168048394176e-06,0
883,03:08:00,3.8914547536832635e-12,1.1542151370099152e-12,1.4536075763868973e-12,2.658546198260812e-13,3.852533786167021e-13,1.6580946971103661e-10,2.900177725035093e-06,0
884,03:08:30,1.438589938343322e-11,1.097208453521432e-12,1.373731372979678e-12,3.119484941175211e-13,4.313730992222226e-13,4.672136764485041e-10,2.8713113301590776e-06,0
885,03:09:00,4.531349298870565e-12,1.0812934362719275e-12,1.0721761185411086e-12,2.1655289750052674e-13,2.586610372206292e-13,2.1760271011856533e-10,2.8816472451714567e-06,0
886,03:09:30,4.560398673902414e-12,1.0548518886185073e-12,4.127063591834032e-12,2.8200943956461676e-13,5.810929029003641e-13,3.9544838861214265e-10,2.905783101490296e-06,0
887,03:10:00,4.4906744452991225e-12,1.3277092180580048e-12,5.631318185499742e-12,4.2785588969374893e-13,4.330339123865154e-13,3.743604870274449e-10,2.928288813893019e-06,0
888,03:10:30,4.5407713949471246e-11,2.8856431111980407e-12,1.950988118371245e-12,6.299890122157493e-13,8.318125111109721e-13,8.120655245739231e-10,2.908215877193785e-06,0
889,03:11:00,4.389476515186476e-12,1.1174671255232481e-12,1.823756011033499e-12,3.7073222360129847e-13,3.5627447825218045e-13,7.71623768128515e-10,2.324243764192308e-06,0
890,03:11:30,2.927643794331836e-12,1.6501483160152587e-12,2.0064274223181917e-12,5.09364646599683e-13,9.300764674691712e-13,3.830560971104042e-10,2.0838614801759047e-06,0
891,03:12:00,3.292213106199458e-12,8.83932951075168e-13,8.483001541318995e-13,2.3647087347342036e-13,3.0781382084922875e-13,2.0922452096665314e-10,2.3981932548404295e-06,0
892,03:12:30,4.556478548569284e-12,9.554535021863589e-13,1.3281030966717806e-12,2.9151206841509784e-13,3.7925078714993657e-13,5.282418668921938e-10,2.617298471902007e-06,0
893,03:13:00,1.656695597723291e-10,1.6942520468231627e-12,1.150409523977817e-12,4.875622667050808e-13,3.805567912226886e-13,2.39480127685575e-09,2.806929752215105e-06,0
894,03:13:30,2.6402181847195346e-11,1.3920672291051527e-12,3.850663231600236e-12,3.7573165294644905e-13,4.775549504221746e-13,2.4594315261087623e-10,2.5162979138535105e-06,0
895,03:14:00,4.333823702120234e-12,1.773536874789497e-12,3.2161345805307272e-12,2.783828805332477e-13,3.4642671149254994e-13,2.497300934635052e-10,2.6421515989155184e-06,0
896,03:14:30,2.898117802874632e-12,1.0122836060024889e-12,2.8084257430826835e-12,3.5124869320907835e-13,4.182997507353713e-13,4.1581118978164273e-10,2.5963057739912095e-06,0
897,03:15:00,3.2937086939827725e-12,1.0483969097493604e-12,5.728030915551427e-13,2.52794587952749e-13,3.1425288958284416e-13,1.2420897758184414e-10,2.7330025841633926e-06,1
898,03:15:30,1.6422012290515804e-11,7.682374507686324e-13,1.324684505287704e-12,2.1621786887127422e-13,3.036042159599754e-13,1.5022509540933216e-10,2.787743026385884e-06,0
899,03:16:00,3.108357299373152e-12,7.44653464152616e-13,2.1893541778223057e-12,2.9226833406051367e-13,3.5587192602965526e-13,2.0328556259418248e-10,2.826302616294097e-06,0
900,03:16:30,7.650244643491329e-12,9.284799780522877e-13,6.450668593290324e-13,1.7606292110509175e-13,2.310118579487306e-13,1.838361615146488e-10,2.865445767061715e-06,0
901,03:17:00,5.304775220627904e-12,1.2745809270132426e-12,2.2785943549027237e-12,3.20384610095818e-13,6.612710673256588e-13,5.827721106490075e-10,2.8482027786984085e-06,0
902,03:17:30,3.683414458377977e-12,1.2389680958588584e-12,3.5386408485788258e-12,4.498785998871996e-13,7.651493516964441e-13,6.687788045265541e-10,2.6518050805345e-06,0
903,03:18:00,4.37655522456306e-12,1.0753457766444478e-12,1.6628034101478411e-12,3.398543670801299e-13,7.02511605446715e-13,6.788622411912529e-10,2.449726739194934e-06,0
904,03:18:30,8.965456634881145e-12,1.3295604954814327e-12,2.4658376114062465e-12,4.1795267237110806e-13,1.1315912830232904e-12,3.098691552581008e-10,2.4432777675832236e-06,0
905,03:19:00,4.2013639927145176e-12,1.219125323377399e-12,1.2427659092018379e-12,3.9400133279887434e-13,4.306760200943317e-13,2.1782421481246038e-10,2.4227737794212843e-06,0
906,03:19:30,4.451503883654527e-12,9.806649283124118e-13,1.4187317333879997e-12,4.541795546085957e-13,4.0578344769767175e-13,2.2808352507876968e-10,2.3101611265052036e-06,0
907,03:20:00,2.755950911280516e-12,1.0057233417149917e-12,1.4810031572016435e-12,3.2513027789265505e-13,3.31667246230632e-13,3.0959745273905046e-10,1.718519961812027e-06,0
908,03:20:30,5.266341825759763e-12,1.2010089396388836e-12,2.2009167414484202e-12,4.16011303055271e-13,5.280221901409262e-13,2.040219175640372e-10,1.6169912596020597e-06,0
909,03:21:00,5.792591792319759e-12,1.1965408432762413e-12,1.909658508600935e-12,4.453516472167128e-13,7.202707253260528e-13,2.1402976146585498e-10,1.4476434655709304e-06,0
910,03:21:30,9.011087815079167e-12,1.3476502367547975e-12,2.158308176149482e-12,2.8407640791564487e-13,3.667680906236156e-13,2.7062602048015025e-10,1.4136645973641237e-06,1
911,03:22:00,7.54013777169173e-12,1.5079101102019188e-12,2.259326469080663e-12,4.678448075605005e-13,1.220542989661898e-12,2.0521088014889812e-10,1.636891900122969e-06,0
912,03:22:30,1.2110079001721992e-11,2.227738191233868e-12,2.0444159564601146e-12,3.1424172011198526e-13,6.913601824227062e-13,1.8685345547798747e-10,1.2578394161083612e-06,1
913,03:23:00,1.511882416391709e-11,2.191580593305339e-12,4.5606153164146615e-12,5.081025001211484e-13,1.6484163698696024e-12,2.2517497240384957e-10,1.3368544670572873e-06,1
914,03:23:30,1.5542770311400244e-11,2.316624321871123e-12,2.3844544605761368e-12,3.148034054184787e-13,6.714237080439835e-13,1.2254236612683182e-10,1.1365718528978988e-06,1
915,03:24:00,1.2937210822775399e-11,1.7562472122694496e-12,2.4465186841823615e-12,4.1140005948393816e-13,1.4481017231351266e-12,1.1259734821268045e-10,1.0542003930011203e-06,1
916,03:24:30,1.4381681927280765e-11,1.32936754958024e-12,3.882911187301784e-12,5.922355183823952e-13,1.1141497775360119e-12,1.578887588483817e-10,1.7807101864440367e-06,0
917,03:25:00,9.676917220935633e-12,1.2268912134036105e-12,1.480753142974761e-12,4.345825166459702e-13,7.948877043126118e-13,2.4653095085223e-10,8.130105261362409e-07,1
918,03:25:30,4.7817574119374345e-12,1.0400763745971379e-12,2.5074106466498055e-12,2.8486687033417516e-13,3.519243594197707e-13,2.0586116329839903e-10,1.2803574461515535e-06,1
919,03:26:00,1.2023161977138155e-11,1.6177057950925749e-12,2.9082550241458624e-12,4.5196258804417196e-13,1.1510612258531787e-12,1.8540380062646448e-10,1.3552917787235269e-06,1
920,03:26:30,1.2576479743243361e-11,1.3193169838403425e-12,1.487057267790289e-12,3.3717981738770934e-13,4.407158309463019e-13,9.084960100537454e-11,1.4020892521886362e-06,1
921,03:27:00,1.7506061714018987e-11,1.5190370281496318e-12,2.0213903996534303e-12,4.492289150604977e-13,1.487062853481197e-12,1.3795492216070427e-10,1.1671879513844306e-06,1
922,03:27:30,3.161035791660249e-11,4.773531691559912e-12,5.2669373854184015e-12,4.838269183130762e-13,1.5691477363980358e-12,1.285453679091324e-10,1.5795866123203112e-06,2
923,03:28:00,2.082673641059975e-11,2.258131316758078e-12,2.21264432059374e-12,2.8589065600862364e-13,1.0467019137381117e-12,1.42364321833021e-10,1.4276990782444382e-06,2
924,03:28:30,2.104797619441022e-11,4.829820924459356e-12,5.906245686153531e-12,6.477478131606665e-13,1.2307903918194292e-12,1.8351349712296184e-10,1.101910189872952e-06,2
925,03:29:00,8.259943750538204e-12,1.797945569192553e-12,3.744287218428049e-12,3.8570967862037597e-13,6.544983971241083e-13,1.48121907684852e-10,1.6666510960888143e-06,1
926,03:29:30,2.1935352447819527e-11,2.1585202451932536e-12,1.4097931287186585e-12,2.756975853598251e-13,5.920007371663652e-13,1.32022520819183e-10,1.4564503400344012e-06,1
927,03:30:00,1.8409330242580656e-11,2.8214173305339352e-12,2.2856492071963235e-12,4.6630599042419e-13,1.269060813661539e-12,1.6626308586452406e-10,1.7346862400014179e-06,1
928,03:30:30,4.630842354797824e-11,2.495048095463988e-12,1.6732264208650583e-12,2.9832118126665126e-13,9.549628372742235e-13,1.5719347215935928e-10,1.7187615685657999e-06,1
929,03:31:00,2.488217717019308e-11,3.277533667794334e-12,3.4158422084109996e-12,6.062050486876295e-13,1.9429622208844753e-12,1.2126929110969206e-10,1.9031384532483294e-06,2
930,03:31:30,1.5525094374031985e-11,1.8655457775012955e-12,3.1489875898910788e-12,4.578464982872574e-13,1.3441076007828627e-12,1.1700363541118455e-10,1.6967956817560863e-06,1
931,03:32:00,2.1106630029522168e-11,2.6744027907630736e-12,3.321317518830193e-12,4.2384568280633885e-13,1.0163960021245796e-12,1.2107009748299714e-10,1.7616993925443776e-06,2
932,03:32:30,2.691405807281392e-11,3.2830594272041193e-12,2.033428013207853e-12,4.061283126528813e-13,1.5311535610001568e-12,7.379960601736302e-11,1.5620989232002776e-06,2
933,03:33:00,4.8723030639637796e-11,4.43076798065095e-12,4.389563156415581e-12,6.428054026174112e-13,2.5297365848109244e-12,1.6572331593932953e-10,1.4272333429129117e-06,2
934,03:33:30,1.2978935342047369e-11,2.658606555498436e-12,1.3910881121553712e-12,3.4111851613403613e-13,1.1731442751685005e-12,8.761120797378731e-11,1.3302052108675329e-06,2
935,03:34:00,1.4649038248055316e-11,2.468116703943858e-12,3.7029765005436564e-12,6.050813301465812e-13,2.9386696741076287e-12,7.481637486382369e-11,1.345570791237113e-06,2
936,03:34:30,2.0585161315195504e-11,3.3793182495269003e-12,1.8821080758559397e-12,3.910641668365717e-13,1.3387596725225574e-12,8.019004337029916e-11,1.428419984665908e-06,2
937,03:35:00,2.8521782633500334e-11,4.49991273405936e-12,6.948844496048704e-12,6.92924853259603e-13,2.1400707178782987e-12,1.5709956521924345e-10,1.3021906655718712e-06,2
938,03:35:30,2.276338203166686e-11,2.6638103279882876e-12,2.599705982119375e-12,4.468678259635397e-13,8.184304185175155e-13,8.712400820605252e-11,1.1639213337838142e-06,2
939,03:36:00,1.792032097485272e-11,2.9367567397553732e-12,1.9573011026305143e-12,4.576892409891625e-13,2.7499332585908487e-12,8.421355016216858e-11,1.4418684521522233e-06,2
940,03:36:30,1.494983124334242e-11,2.2385980752269656e-12,3.701770013947646e-12,3.738706337630039e-13,1.585670279555537e-12,8.286559400424955e-11,1.1987843974146837e-06,2
941,03:37:00,2.268419688460644e-11,3.8195550019418334e-12,2.854551625590123e-12,6.462211900893429e-13,2.8432052899803504e-12,1.0149520923255372e-10,1.2017522526618716e-06,2
942,03:37:30,1.282178010339635e-11,2.9259504416335947e-12,2.028332295638835e-12,5.326040354665925e-13,2.33845179807196e-12,8.328075823886577e-11,1.211884859270061e-06,2
943,03:38:00,2.972707865716704e-11,3.0536014846807256e-12,3.1426993590928588e-12,5.308646622459244e-13,1.8778566186409088e-12,1.119160927361165e-10,1.2904103547923674e-06,2
944,03:38:30,1.6246480643227912e-11,2.4987979377851623e-12,2.089461859777954e-12,4.803065685679686e-13,1.8946086046601422e-12,1.1824418178047435e-10,1.2588387173087396e-06,2
945,03:39:00,2.3029500018809162e-11,3.1242423634496762e-12,3.3508503202484643e-12,5.431065026485338e-13,1.8227813581221228e-12,7.216121392788376e-11,1.239350162666743e-06,2
946,03:39:30,2.1204675494561933e-11,5.681920755407083e-12,2.7914332872655014e-12,3.591040920728481e-13,1.8413150572809924e-12,9.821252958899519e-11,1.147563080909977e-06,2
947,03:40:00,1.359509472947836e-11,2.7752847821687864e-12,3.5311019796041674e-12,5.648750396738318e-13,3.306373127123453e-12,9.772651467677811e-11,1.1024117088530318e-06,2
948,03:40:30,2.982183214870869e-11,4.661298228621724e-12,2.9852043849458605e-12,3.9959403881793144e-13,1.4329773660138793e-12,8.119147047466386e-11,1.2092197263592802e-06,2
949,03:41:00,1.7717194378935807e-11,3.6363823705481403e-12,2.8285461883736428e-12,6.730830200298538e-13,3.8565207566335546e-12,9.459014093047574e-11,1.1122514324962359e-06,2
950,03:41:30,3.172798790157629e-11,5.028298799428909e-12,2.7501931677803763e-12,3.953689233544442e-13,1.3328666934278774e-12,9.457084463715094e-11,1.0935625278740422e-06,2
951,03:42:00,2.260563658979212e-11,4.3235663144016125e-12,3.0216540641087973e-12,3.9346421903768556e-13,1.7761589643339884e-12,8.103340499858465e-11,1.1028620725935237e-06,2
952,03:42:30,4.171675684110845e-11,6.783076992333247e-12,3.1907804545342258e-12,5.633492750994148e-13,1.4447332838388517e-12,2.0537056869375744e-10,1.1582914596861609e-06,2
953,03:43:00,2.1198998764439278e-11,3.3940503411224584e-12,4.2139569063588716e-12,4.4272295759751503e-13,2.194028551402689e-12,1.0132668258654126e-10,1.1651731970730036e-06,2
954,03:43:30,7.581187065813575e-11,5.0704761959163235e-12,6.258680517733976e-12,1.2467241118036843e-12,2.3612769107554147e-12,3.344317999049433e-10,2.2112696531072736e-06,0
955,03:44:00,1.3185631717630757e-11,3.884591612552927e-12,7.463755832405378e-12,8.200381302534551e-13,2.5559096930887585e-12,3.8553357432219933e-10,1.998883219037869e-06,0
956,03:44:30,2.8964849048366433e-11,3.800327399226675e-12,3.158921603132673e-12,3.6330404921346967e-13,8.508255959475562e-13,1.57291777609788e-10,1.4010123745965376e-06,1
957,03:45:00,2.6235299444985987e-11,4.1694020592090995e-12,4.044666359666302e-12,4.3449861622969596e-13,1.4589051358738585e-12,1.999583133254838e-10,1.2876410575505802e-06,2
958,03:45:30,2.314180988498898e-11,3.965556975618828e-12,3.4466381622691973e-12,4.989604311650858e-13,1.5813268276825088e-12,1.467987884279488e-10,1.5856855451721265e-06,2
959,03:46:00,1.837886729167755e-11,1.6348505161018087e-12,4.480890315740266e-12,6.671523163857754e-13,1.246531504258483e-12,1.4408450474927193e-09,2.7789336397093367e-06,0
960,03:46:30,2.300690207500786e-11,2.0131916973396773e-12,1.7653398592221657e-12,3.051665685551029e-13,1.0895971872444762e-12,3.521564482317728e-10,2.1312603928898447e-06,1
961,03:47:00,2.2829503092421944e-11,2.5208061563668817e-12,1.7814130303995565e-12,3.5100349397973393e-13,9.279175128272854e-13,1.1286487593099753e-10,2.3310741019007734e-06,2
962,03:47:30,2.3131626049023715e-11,3.775333864278616e-12,3.3121765285953136e-12,6.71363441630307e-13,3.570727009050002e-12,1.1273938154635556e-10,2.1760650665952684e-06,2
963,03:48:00,2.3052165328155926e-11,2.2877052618604232e-12,1.7186375743016292e-12,4.4584557043061924e-13,8.159597286932529e-13,1.4196310832742055e-10,2.2368391011152793e-06,2
964,03:48:30,1.2724347125196278e-11,2.919963838328159e-12,2.9660908990273318e-12,6.069418854239467e-13,3.065852467738266e-12,1.6910004595884234e-10,2.2912836716712123e-06,2
965,03:49:00,3.692235078751683e-11,4.163859547066957e-12,2.680790070768786e-12,6.36137603498659e-13,2.5537428151510613e-12,1.712873246421659e-10,2.318487682615489e-06,2
966,03:49:30,1.706755399736883e-11,3.5735804543716977e-12,3.0699551287633232e-12,4.2735849467460556e-13,1.4289412612908143e-12,1.6543705902350316e-10,2.2971133446661873e-06,2
967,03:50:00,3.40931947478321e-11,5.276170272059379e-12,5.74206439602849e-12,5.410225708721354e-13,1.995154287767799e-12,1.90885316631548e-10,2.332201938920717e-06,2
968,03:50:30,2.3303158597525548e-11,3.3269958448029998e-12,3.1910311275957407e-12,4.558991318181176e-13,2.320413429692456e-12,1.576205020398264e-10,2.3290550362971974e-06,2
969,03:51:00,3.5706682778173156e-11,4.981467638948335e-12,4.7343734969503924e-12,4.536819814718243e-13,1.5878744333097424e-12,2.1802794839314217e-10,2.23004289052278e-06,2
970,03:51:30,1.7330615297192946e-11,3.88491929407139e-12,4.3213509221537286e-12,4.70647778332606e-13,2.2546900659362896e-12,1.3786823622945466e-10,2.1857913827495595e-06,2
971,03:52:00,2.243675683727347e-11,3.829791976647427e-12,2.275830867995964e-12,4.2193375979727823e-13,1.8148428513563104e-12,1.191391687350595e-10,2.1720812769161498e-06,2
972,03:52:30,2.548902961277326e-11,6.31018569154248e-12,3.766368935553232e-12,9.638151196953457e-13,5.505591254484428e-12,1.295625328398205e-10,2.187652881744123e-06,2
973,03:53:00,3.30813898804508e-11,9.04646039237357e-12,5.369329178380847e-12,6.393735030234295e-13,4.032156635868272e-12,1.5577009984917783e-10,2.066842886360692e-06,2
974,03:53:30,2.4016262595980787e-11,5.4764367240445415e-12,4.2440863130659945e-12,4.27624110960383e-13,2.2114773125073746e-12,1.3842513367293323e-10,2.124988427057289e-06,2
975,03:54:00,2.137414968857014e-11,5.962179142265376e-12,4.346810478059482e-12,4.0278976460463193e-13,2.2277672883914506e-12,2.0057760368105356e-10,2.0382898528131716e-06,2
976,03:54:30,4.270872247944275e-11,5.353127815812332e-12,4.121555184539266e-12,3.026627476344033e-13,1.100489024083747e-12,1.3980665952091877e-10,2.1210614179570634e-06,2
977,03:55:00,2.6640431623614392e-11,6.24129325424268e-12,4.733002630578793e-12,6.927226724618108e-13,3.5811587593556104e-12,1.7580834331586426e-10,2.1292284092020516e-06,2
978,03:55:30,3.197910326829376e-11,5.200873968321561e-12,3.678833633784505e-12,5.159874771925202e-13,3.1234552877913366e-12,1.3983401678254066e-10,2.076777189788597e-06,2
979,03:56:00,2.883330025860729e-11,4.031316395439591e-12,2.6524603838585555e-12,2.7649150051310035e-13,9.758460128212355e-13,1.9411210352291297e-10,2.131981127091614e-06,2
980,03:56:30,4.191465319440218e-11,6.267378657263707e-12,4.128185777326572e-12,4.4870936980392696e-13,1.8254807166762144e-12,2.0358461711134666e-10,2.0386109026709244e-06,2
981,03:57:00,3.969064120346405e-11,5.466627455497342e-12,3.798145991445777e-12,2.4235416651045e-13,1.1350658726556132e-12,2.0574849721539707e-10,2.0327930498337565e-06,2
982,03:57:30,2.6847738541728644e-11,4.749295796096944e-12,3.358115055512727e-12,2.776902405298699e-13,1.283646041523652e-12,1.743244688673298e-10,1.8998639841962283e-06,2
983,03:58:00,2.4735497374346662e-11,5.258520855872397e-12,3.560590298320437e-12,1.8435502765264283e-13,5.612588022221915e-13,1.6121090068981536e-10,1.951354611087694e-06,2
984,03:58:30,3.31141723402417e-11,4.4185531811726e-12,3.4860080622990925e-12,3.076520379340557e-13,1.1643994129093894e-12,1.7296639117205627e-10,1.948290148196639e-06,2
985,03:59:00,5.405677724106797e-11,5.259894157220871e-12,2.6734568990658756e-12,3.238562424432614e-13,2.0142059122087228e-12,1.8887596339530918e-10,2.0520357259883544e-06,2
986,03:59:30,5.146498226489144e-11,6.5677770988471155e-12,3.5276775103012646e-12,2.4769354836058483e-13,9.311426867806212e-13,1.9636397058837177e-10,2.030806700117602e-06,2
987,04:00:00,5.356532293241019e-11,4.221061541523518e-12,3.796294503394868e-12,4.4515696666199187e-13,1.7206525149876643e-12,1.5229821441059087e-10,2.0801187047786006e-06,2
988,04:00:30,5.572820769894646e-11,6.682891035573575e-12,3.5792488702268103e-12,2.0361915547556292e-13,7.963120315515604e-13,3.0215257609445986e-10,2.0297541569880997e-06,2
989,04:01:00,3.516827890283844e-11,5.3705979792548565e-12,4.074524391137746e-12,4.642670147517556e-13,2.662308298411623e-12,1.8637730888854175e-10,1.9610869861360553e-06,2
990,04:01:30,5.5961924293792206e-11,6.0659520380540006e-12,2.3926644337644242e-12,2.982428562902671e-13,1.6423426907055997e-12,1.8533396886757007e-10,1.9003279286099212e-06,2
991,04:02:00,3.7123918289896926e-11,5.762728962290999e-12,3.742775753626432e-12,2.796006506697048e-13,1.4999839047804713e-12,2.3290989877271455e-10,1.999600265621857e-06,2
992,04:02:30,4.546027361135396e-11,5.208147252997309e-12,2.608470660489759e-12,3.3227486235616795e-13,1.4186051678596378e-12,2.8107744264803654e-10,1.9045712449432189e-06,2
993,04:03:00,2.80835521193399e-11,4.654350978090234e-12,3.4732611889787893e-12,2.2063066320744523e-13,1.0122091108072307e-12,1.8205060937168977e-10,1.865973066993043e-06,2
994,04:03:30,6.911755983451572e-11,5.015933838694626e-12,2.4327287059561535e-12,1.719093303166043e-13,4.792728961617735e-13,2.2474676389599984e-10,1.9204313907796087e-06,2
995,04:04:00,2.8577974083662924e-11,8.327979194775637e-12,2.9100147040882484e-12,2.5090160930141464e-13,1.3725546594522336e-12,3.0921414535250076e-10,1.8915316574807558e-06,2
996,04:04:30,4.923877257826284e-11,5.940585695163068e-12,2.874079074195173e-12,1.7568102700668594e-13,6.912396709939112e-13,2.7290178607427156e-10,1.8792726883166226e-06,2
997,04:05:00,4.577015078247387e-11,4.466073943244137e-12,3.0551349086440396e-12,2.394206071246284e-13,1.0539582845844334e-12,2.6721461698566007e-10,1.8988410738680158e-06,2
998,04:05:30,6.250776949622101e-11,5.268302661139358e-12,2.8578367118833595e-12,2.4621129500396164e-13,7.991498672618995e-13,3.213027853862156e-10,1.9454290236969145e-06,2
999,04:06:00,9.733901349445322e-11,8.27522076926079e-12,7.913700494832341e-12,4.634827605450211e-13,1.7547184823435145e-12,1.9683436129054795e-10,2.2878697034209072e-06,2
1000,04:06:30,2.3941916904395416e-11,4.209812762867298e-12,2.8565443632969703e-12,4.549627313705549e-13,1.0305036543531185e-12,1.8120599244914661e-10,1.6561947525679552e-06,2
1001,04:07:00,3.1587170039279834e-11,4.48776645757141e-12,2.4724932928611704e-12,3.527313162670597e-13,1.3050411114243495e-12,1.7838847959130595e-10,1.4635523262132733e-06,2
1002,04:07:30,6.261742421882751e-11,4.6467909211500045e-12,3.1579046321310768e-12,3.97393138231187e-13,1.413756451203436e-12,1.7950828387369784e-10,1.4094426534313704e-06,2
1003,04:08:00,5.988189499419264e-11,5.65739306320962e-12,3.2246401027557905e-12,3.2654937582695524e-13,9.905705588954894e-13,2.358181056917715e-10,1.6687209518122918e-06,2
1004,04:08:30,3.909574016125685e-11,5.081045162175067e-12,3.653927330977977e-12,4.577660817176666e-13,2.3805194893508143e-12,1.1888600617886847e-10,1.3744851054884322e-06,2
1005,04:09:00,4.1839148168564455e-11,9.948751956921003e-12,4.495084841333964e-12,4.864286883637926e-13,2.350280833360291e-12,1.314887037119537e-10,1.2438588699482951e-06,2
1006,04:09:30,8.89494643460962e-11,9.437398347616974e-12,5.92223526571255e-12,3.813337511358925e-13,1.4333129484272463e-12,2.0780660855004836e-10,1.1988650922403086e-06,2
1007,04:10:00,3.899368750483913e-11,6.967269038122493e-12,4.14990034595409e-12,3.6481334395559497e-13,1.1199225200205969e-12,1.9492820143742382e-10,1.3793945483808116e-06,2
1008,04:10:30,3.8161131834195454e-11,1.1769712760797992e-11,5.5583781998974916e-12,4.658180721301258e-13,1.2832570882190248e-12,1.6978006461585237e-10,1.0994667451775552e-06,2
1009,04:11:00,6.32242619371833e-11,8.012750100130091e-12,5.70992578216714e-12,4.933858955312374e-13,1.3200499501438442e-12,3.005887620641557e-10,1.2408899476996745e-06,1
1010,04:11:30,1.2162685509955033e-10,2.3521314143728314e-12,3.943505538657142e-12,6.671707708384939e-13,1.4047447331209287e-12,9.406828724033316e-10,2.7932919098499033e-06,0
1011,04:12:00,7.520434957363931e-12,1.936059944257828e-12,1.0068625480968318e-11,4.5017222446058626e-13,9.67042185423454e-13,2.3104751526485758e-10,2.366879111217696e-06,0
1012,04:12:30,9.561278622483115e-12,2.265800446625257e-12,2.247994467966135e-12,2.873549830424185e-13,4.925667445573473e-13,9.023969588318886e-11,1.5016741833399105e-06,1
1013,04:13:00,2.4020175449547653e-11,4.122818138500308e-12,5.7995530400602456e-12,5.993502745398654e-13,2.2608209354058976e-12,1.4381529883164562e-10,1.2486866526068126e-06,1
1014,04:13:30,1.3555663650619861e-11,1.9386437881177796e-12,1.3215437593597544e-12,2.2143365786504868e-13,4.3807438189141897e-13,7.53476763287311e-11,1.3717703910691422e-06,1
1015,04:14:00,4.441701608016863e-11,3.946110914328144e-12,5.3241712087440146e-12,4.608194946936745e-13,1.6102034247253087e-12,1.8584120957872052e-10,1.6964172974579436e-06,1
1016,04:14:30,1.2636873784062056e-11,3.314288310901497e-12,3.859348860806732e-12,5.421039176418662e-13,1.1660142371553022e-12,1.1952577162290688e-10,1.4106954775499147e-06,2
1017,04:15:00,1.355297507132128e-11,3.0301872335658955e-12,1.428628581470385e-12,2.454130901311866e-13,5.275172056992287e-13,1.2281964175730855e-10,1.008055488663648e-06,2
1018,04:15:30,4.2277223083354106e-11,4.127611356028147e-12,3.698110369379547e-12,5.509189712008845e-13,1.937829013478164e-12,1.5787876571126674e-10,1.6077549162167329e-06,2
1019,04:16:00,2.2918578695704122e-11,3.369503195576054e-12,2.08549609586278e-12,3.3187820665228995e-13,1.0752908169456348e-12,1.1535429455380208e-10,1.5423413366146023e-06,2
1020,04:16:30,2.7446261549713012e-11,3.373459601580999e-12,3.781273560387737e-12,3.678668569659523e-13,1.214580221473756e-12,8.714514284773599e-11,1.2880684493204406e-06,2
1021,04:17:00,1.3281029670495033e-11,3.88295811682278e-12,2.3034307471802532e-12,2.0663640517917722e-13,4.110047207115456e-13,1.0375124013135639e-10,1.374577235933048e-06,2
1022,04:17:30,1.4430237357778828e-11,4.589434050962999e-12,2.383428738270779e-12,2.977990000169856e-13,1.1797030569407676e-12,8.755180064512015e-11,1.0011592571516972e-06,2
1023,04:18:00,1.6772883115705023e-11,4.182859688561889e-12,1.0049878036836393e-12,2.33062420708592e-13,5.814393534326138e-13,2.1723940995752418e-09,4.3916324653302835e-07,4
1024,04:18:30,2.1201431649270355e-11,2.2521091372902145e-12,1.102199425757493e-12,1.5652091046446191e-13,3.412664432352862e-13,8.666181720021274e-10,2.480565541202803e-07,4
1025,04:19:00,3.1333243551602006e-11,2.1120111909000684e-12,1.2520154315312145e-12,1.901408623980485e-13,3.4008821736271017e-13,5.120972523496327e-09,5.685755263415295e-07,4
1026,04:19:30,1.2288121876081506e-11,1.6671040516902078e-12,8.243390120067569e-13,1.6939040506625073e-13,3.097014200021595e-13,5.15864303503969e-10,8.300494143128911e-07,4
1027,04:20:00,1.9240266678131198e-11,2.443310022349065e-12,8.149580435119069e-13,1.5148704703718665e-13,2.5732704523797184e-13,3.899249396639571e-09,9.557113114537973e-07,4
1028,04:20:30,1.482156773942096e-11,1.8291878125142133e-12,7.261297145780893e-13,1.304987287263977e-13,2.782325180248862e-13,2.0298896367131047e-09,2.54492277709816e-07,4
1029,04:21:00,5.1234201924894384e-12,2.138323126347679e-12,2.3561045658244157e-12,3.8374968753884086e-13,4.906594910007166e-13,8.673319946067698e-11,1.271292351807831e-06,4
1030,04:21:30,2.6349385517126815e-11,3.1661910933683445e-12,1.0462871144261033e-12,3.1922566771457335e-13,5.967605433663909e-13,9.961046541119214e-10,3.9646552427067326e-07,4
1031,04:22:00,1.2336467626803039e-11,2.2314080143945043e-12,8.954331528245406e-13,2.0154531061021075e-13,4.516977230979326e-13,8.769942267104438e-10,3.3588824809734804e-07,4
1032,04:22:30,1.85998958585133e-11,1.8060170701341712e-12,1.1481573432140535e-12,2.36156548137911e-13,4.743049483222975e-13,7.962751960573105e-10,3.2256313868037e-07,4
1033,04:23:00,1.1097684102557563e-11,2.7137932296533745e-12,1.0875261048423616e-12,1.9782983967632767e-13,3.6456363145617915e-13,5.086517498658623e-10,2.574946122887614e-07,4
1034,04:23:30,1.7220708299780505e-11,2.3360435733213907e-12,7.531306854609986e-13,2.445234858825463e-13,4.858894189040871e-13,7.954395158040223e-09,2.763203778123895e-07,4
1035,04:24:00,1.3715306345491023e-11,3.014494765584859e-12,7.984093655916142e-13,2.0042827663129995e-13,4.183831055861007e-13,8.468335217745128e-09,2.810836816149418e-07,4
1036,04:24:30,9.585708340168876e-12,1.853148657372507e-12,5.905560086681282e-13,2.1049289528564783e-13,4.4399798475949603e-13,2.8857968093265664e-09,2.8561856461785936e-07,4
1037,04:25:00,1.3235290014448919e-11,2.269061464148244e-12,8.552901346851814e-13,1.670824397130939e-13,3.384863310221779e-13,3.9369459324558864e-09,3.006326087675464e-07,4
1038,04:25:30,4.275419339168111e-12,1.572124602622171e-12,1.4329471060951856e-12,4.480892037080084e-13,5.513138070668135e-13,8.610285280226554e-11,4.154604844509901e-07,4
1039,04:26:00,4.28004718944477e-12,2.0401411702931094e-12,2.5597355007806824e-12,3.585126856546391e-13,5.317294116292258e-13,6.774589488499397e-11,6.538859734159649e-07,1
1040,04:26:30,1.5914368879755887e-11,2.93819181819499e-12,1.077524681601878e-12,2.1226304459513406e-13,4.595709572329793e-13,2.357616345282686e-09,3.129718594844075e-07,4
1041,04:27:00,2.4283753531652213e-11,2.354000464662626e-12,8.321938530057138e-13,1.5277466810256033e-13,4.0705719944560505e-13,1.0054373295850824e-09,2.4063033668613026e-07,4
1042,04:27:30,1.6263581869993953e-11,1.4114767491079573e-12,8.542232772122769e-13,1.5139856211119211e-13,3.384065562420262e-13,3.4533323608058636e-09,2.6961220349081487e-07,4
1043,04:28:00,1.0563162341521103e-11,2.0174270955347924e-12,1.5109995343621712e-12,3.248695524880699e-13,5.553627256011287e-13,1.5758065084773217e-09,2.852159256938946e-07,4
1044,04:28:30,5.078005552116798e-12,1.761181483226615e-12,2.197787815242613e-12,4.4881108075882375e-13,6.943028300374118e-13,7.437962500343914e-11,5.64748574805905e-07,4
1045,04:29:00,7.52668899395137e-12,1.96838587282589e-12,1.754447971712508e-12,3.550088124690186e-13,5.848966651853221e-13,6.305490184891244e-11,4.556408822753038e-07,4
1046,04:29:30,5.038401124894386e-12,1.7760341860806088e-12,8.14645414073766e-13,2.0692334345555723e-13,3.0400081960820063e-13,5.352773713000391e-11,3.8265821682833194e-07,4
1047,04:30:00,1.9355573248451344e-11,2.2804200993239157e-12,3.5128016110514143e-12,1.6076546892449417e-12,1.5221604620672576e-12,7.420274767809423e-10,2.4201885181990504e-06,0
1048,04:30:30,3.868846393585558e-12,2.0458345767795545e-12,3.1652270271170453e-12,2.7890167377664603e-13,3.912760523057748e-13,1.7237382452788183e-10,2.0816784190487494e-06,1
1049,04:31:00,7.283812377047512e-12,1.6722667860975967e-12,1.2515257512944514e-12,2.3871449309436507e-13,4.258150987713549e-13,8.223575207642209e-11,1.3450844856782491e-06,1
1050,04:31:30,5.839414348573871e-12,1.4086856219473182e-12,1.1323783145610082e-12,2.0771901384198607e-13,5.166787142594669e-13,6.616717168488543e-11,1.1897306816832037e-06,1
1051,04:32:00,1.763267077126324e-11,2.710694140885581e-12,1.2854098790633404e-12,2.2810451454739454e-13,6.000709943779499e-13,6.885234585702507e-11,1.2635543667821709e-06,1
1052,04:32:30,7.989772438646685e-12,3.364086718084215e-12,1.3991017375865896e-12,3.542092984015981e-13,5.839742463003297e-13,6.551000602670883e-11,1.3155018694709978e-06,1
1053,04:33:00,1.0089449962842504e-11,2.5624402982919608e-12,1.1149376834621374e-12,1.3752166333650526e-13,2.428664736660839e-13,1.168418771962219e-10,1.195359285168504e-06,4
1054,04:33:30,5.628478856320483e-12,1.82775678979552e-12,1.3282021829870686e-12,1.675230402767221e-13,4.809869866854481e-13,5.388854435310653e-10,9.68617445334512e-07,4
1055,04:34:00,1.776757539115115e-11,3.900306916378046e-12,1.006501777830326e-12,1.653876740901292e-13,4.3108109174705994e-13,4.069761433715191e-09,1.138696561816147e-06,4
1056,04:34:30,7.506287755829731e-12,1.7068533326131707e-12,1.005768932694458e-12,1.6268614825541438e-13,3.189344780245777e-13,1.24013810054439e-09,1.3545969040223504e-06,4
1057,04:35:00,8.79779803829559e-12,1.7456021415781319e-12,7.64842202901074e-13,1.9023516163463202e-13,4.575307954332944e-13,9.51733512360383e-10,1.293374951380549e-06,4
1058,04:35:30,1.4491113981233871e-11,3.1026005084628917e-12,2.109098324242155e-12,4.2433857745031125e-13,6.09519278987762e-13,1.9117433447756204e-09,1.3165327301209524e-06,4
1059,04:36:00,1.3421823267448032e-11,1.5911140482290554e-12,1.259240262269292e-12,1.7572333541897074e-13,3.5358913190730644e-13,2.2430997850379006e-09,3.167411830642607e-07,4
1060,04:36:30,6.803888168930324e-12,1.6363780430647275e-12,6.717299283513919e-13,1.653112816907121e-13,2.732022210113456e-13,7.490793458548892e-10,2.741872031265508e-07,4
1061,04:37:00,1.749880296054309e-11,1.897522402530296e-12,9.899597846090634e-13,1.9817116999778173e-13,4.0110104929726744e-13,3.005413702780816e-09,3.2828424730873814e-07,4
1062,04:37:30,2.0281634651511015e-11,2.0186542876896022e-12,1.0761228283989377e-12,1.7085021286346058e-13,2.74998431219118e-13,6.4253736568708596e-09,8.188077692600053e-07,4
1063,04:38:00,2.769415539601916e-11,2.6852544438647128e-12,9.015617309977853e-13,1.8179577202384154e-13,3.77808509619493e-13,2.561808501139437e-09,7.657274010738285e-07,4
1064,04:38:30,1.4375813802958211e-11,2.220689314750259e-12,1.353929396425365e-12,3.5514398539254223e-13,6.110768444101482e-13,1.7758092087779237e-09,3.965621568687493e-07,4
1065,04:39:00,6.143977318149986e-12,2.7624330848719734e-12,7.811473517395506e-12,5.699103597949947e-13,9.451160717045955e-13,3.065630870170615e-10,1.1982144939047576e-06,0
1066,04:39:30,5.190878498145863e-12,1.573938727088931e-12,1.1096833943390727e-12,2.4391525786603816e-13,4.53800522531198e-13,2.1141304521408397e-10,1.1647806236959076e-06,1
1067,04:40:00,2.688557577197341e-11,2.538976124149777e-12,4.061578220536978e-12,6.397933786969202e-13,1.135291684153446e-12,1.0433194492318039e-09,2.8558763357588342e-06,0
1068,04:40:30,3.9445334225247334e-12,1.5698280852006634e-12,4.4671601514920406e-12,3.334049766430235e-13,5.486104517807594e-13,1.4478194389855703e-10,2.410968045970705e-06,0
1069,04:41:00,5.125514285692181e-12,1.4983567186538566e-12,2.8763862764365364e-12,4.585762046679884e-13,1.0643416497221075e-12,9.303764646229914e-11,1.8660930258164659e-06,0
1070,04:41:30,5.807367432320249e-12,2.0635266055162375e-12,4.31308404709709e-12,4.516360674579764e-13,8.173288558345536e-13,1.0948335446246725e-10,1.8873617916402708e-06,0
1071,04:42:00,5.574699596755376e-12,2.604956362273706e-12,1.9160989200541075e-12,5.635474393073874e-13,9.17158196445026e-13,1.3732413779231405e-10,1.9130699222464746e-06,0
1072,04:42:30,1.013694870329036e-11,2.22645286191758e-12,1.7255502647352767e-12,3.5874454006767807e-13,7.653988475559179e-13,1.1351737889688875e-10,1.8737611688230296e-06,1
1073,04:43:00,1.6146409915921284e-11,5.918687649645032e-12,1.1836462989644212e-12,2.9402586501773e-13,7.276931382423434e-13,4.749890160955094e-11,1.4782234381993676e-06,2
1074,04:43:30,8.925216952790365e-12,2.110925462023962e-12,1.972991608393537e-12,2.882774298079885e-13,5.529972946905511e-13,6.36734911303668e-11,1.871695463338026e-06,2
1075,04:44:00,1.0762364342517038e-11,3.3205161958021787e-12,4.425810051208877e-12,4.861926835068015e-13,8.557567364636696e-13,1.0130522122989255e-10,1.6795830288404155e-06,2
1076,04:44:30,1.2238018121302e-11,2.4489445609603637e-12,1.6729311268718837e-12,2.859529182776061e-13,8.626997467445189e-13,1.0213038212946452e-10,1.4308160975488149e-06,2
1077,04:45:00,2.520052295225758e-11,3.3973471401236636e-12,3.153397278484009e-12,3.7080820308041074e-13,1.0794295803798802e-12,1.2346033234153446e-10,1.4587209283312435e-06,2
1078,04:45:30,1.33585548176315e-11,2.311210666810681e-12,2.1378341090892665e-12,3.886019280540612e-13,8.466077610257179e-13,2.423512660657057e-10,1.5661132180136055e-06,2
1079,04:46:00,9.486810590067448e-12,1.7784002694839652e-12,1.00327129522027e-12,1.8100219934598993e-13,3.6413448040442587e-13,7.337044265462065e-11,1.5466561955457355e-06,2
1080,04:46:30,1.676498662306619e-11,4.557831369125337e-12,2.620733956787995e-12,3.959133267703531e-13,7.540496333346456e-13,6.346498837096873e-11,1.8236740704483445e-06,2
1081,04:47:00,2.3571869626987736e-11,2.2349530329195443e-12,2.2757544741313348e-12,3.837101973142913e-13,1.0995369944234862e-12,9.846588467215e-11,1.6737917900560063e-06,2
1082,04:47:30,1.636683801471152e-11,3.30222168603479e-12,3.0643177769318213e-12,4.794250365898411e-13,1.262821939156593e-12,1.2196217174640594e-10,1.7203798817700354e-06,2
1083,04:48:00,1.3481640689942145e-11,3.0113230322966283e-12,1.4531271493766003e-12,3.5531170190473876e-13,1.0970881604996556e-12,6.813008526172606e-11,1.4922041231247698e-06,2
1084,04:48:30,3.839189252440615e-11,3.2190685224043855e-12,6.165212970787239e-12,5.71395708939996e-13,1.8537486323280947e-12,2.554353138265582e-10,1.969831413497789e-06,2
1085,04:49:00,5.065785962634121e-12,1.916851037320136e-12,3.4981628474656193e-12,4.3147815886198095e-13,8.289966002526062e-13,1.030650662315057e-10,1.947929799715553e-06,1
1086,04:49:30,1.3122250333967525e-11,1.942076382093616e-12,1.6477723319215007e-12,2.457757585536917e-13,5.526708667946089e-13,1.1310334178696233e-10,1.7675145197481707e-06,2
1087,04:50:00,1.6462593357809696e-11,3.690341689568946e-12,4.313748165857951e-12,5.51898488407915e-13,1.424177705713918e-12,1.1322137830487336e-10,1.984727937033758e-06,1
1088,04:50:30,1.087016206843384e-11,2.0935639097033044e-12,5.492271650264279e-12,8.184896101859619e-13,2.750071521667166e-12,2.1274568494088019e-10,1.9395627357080866e-06,0
1089,04:51:00,5.362734899794624e-12,2.354595319484192e-12,4.1676969331275596e-12,3.451401543605558e-13,8.148537843534605e-13,1.1271202575264429e-10,1.937074221404396e-06,1
1090,04:51:30,2.932550660270632e-11,3.716880387188793e-12,3.7838914033345455e-12,2.13255762994271e-13,5.574841598007119e-13,9.714898746899111e-11,1.5895536752202675e-06,2
1091,04:52:00,4.141052685964826e-11,3.762196463781651e-12,2.1784103209642532e-12,3.535128546432918e-13,6.866344178660039e-13,1.1683652276153866e-10,1.3620224673923356e-06,2
1092,04:52:30,2.946583373328439e-11,3.5780567303443638e-12,2.4747587614689754e-12,5.551323535946828e-13,1.7042821037221642e-12,1.2410405416120488e-10,1.4318367738393424e-06,2
1093,04:53:00,1.9075712270342108e-11,2.680320763216451e-12,1.7743637450761386e-12,3.71979002189179e-13,1.7281836710521e-12,1.2067246848932664e-10,1.307620031816302e-06,2
1094,04:53:30,4.032637798998961e-11,3.748060969410331e-12,2.176722668044819e-12,4.756074742545207e-13,1.3566348809777043e-12,7.502952548960981e-11,1.5070189238851203e-06,2
1095,04:54:00,1.4013552254303272e-11,3.030598014544123e-12,3.292056882731372e-12,6.73342889186185e-13,1.944899874571818e-12,5.648295457890193e-11,1.6550581711914246e-06,2
1096,04:54:30,1.6818179047676373e-11,4.114424828848699e-12,2.3948329000793676e-12,2.778928783887166e-13,7.809589771891381e-13,7.493081621696765e-11,1.4102296964678332e-06,2
1097,04:55:00,1.7239869366468514e-11,4.375890792132268e-12,2.7404754447477107e-12,5.13794647280257e-13,1.932438182328129e-12,5.856226585628943e-11,1.2743060336303911e-06,2
1098,04:55:30,1.5722487631653323e-11,3.1159839238895824e-12,2.33712929351577e-12,4.569471774544575e-13,1.8121778376050184e-12,8.719264206599483e-11,1.275204181964322e-06,2
1099,04:56:00,1.5893388078153427e-11,2.7038701005506526e-12,2.5675911741982413e-12,5.698551730216968e-13,1.5412493423684952e-12,7.60835967760701e-11,1.2618259131077742e-06,2
1100,04:56:30,2.3102716166924735e-11,6.6327564329686966e-12,1.5379503597626515e-12,3.235007211365663e-13,1.2672659736123488e-12,6.222432079420144e-11,1.2538010948685752e-06,2
1101,04:57:00,1.3209544759929002e-11,2.3764964796221627e-12,3.2903590079703307e-12,4.890123162951847e-13,1.5809064921534123e-12,6.095409861942473e-11,1.362959923353527e-06,2
1102,04:57:30,1.4413507286194138e-11,3.701185973425062e-12,2.218328002141386e-12,4.414066092296291e-13,1.041967256244862e-12,6.659507834837e-11,1.2625946560743795e-06,2
1103,04:58:00,5.0368677519615314e-11,4.580479627921988e-12,8.172438172125372e-12,1.4780221059274143e-12,2.2443257114673797e-12,1.6313075592051366e-09,2.459128826030019e-06,0
1104,04:58:30,9.797332410708784e-12,2.079836409517757e-12,3.121928203485267e-12,4.572444138429643e-13,1.072024953718651e-12,3.051659154226891e-10,2.0579983860066737e-06,1
1105,04:59:00,1.3663600026506001e-11,4.123872716388321e-12,4.134814923010802e-12,4.815441528521324e-13,1.4376643576459188e-12,1.3377909154129208e-10,7.604662088282499e-07,2
1106,04:59:30,2.562161503365012e-11,4.124529410569187e-12,1.7425270494377037e-12,4.729556392258388e-13,1.0556808457275056e-12,1.0553418383907179e-10,7.035567165983724e-07,2
1107,05:00:00,2.8288337654054162e-11,3.085685009062825e-12,2.358707031106266e-12,4.934847782116372e-13,1.650401874228847e-12,1.6360455663988958e-10,1.4392466805533576e-06,2
1108,05:00:30,2.125813841185568e-11,3.0320773415584193e-12,2.7221770213082064e-12,3.2514878475265464e-13,8.837852081344973e-13,1.1446007269520583e-10,8.57068785548532e-07,2
1109,05:01:00,2.2850882409521504e-11,3.125395940374223e-12,2.0229404153822374e-12,4.97505052735493e-13,1.6107642307603706e-12,1.0746714616748147e-10,8.131976381184776e-07,2
1110,05:01:30,1.2425821348443688e-11,3.5882130622138963e-12,2.592723361543808e-12,3.748959381324741e-13,1.6410336791279263e-12,1.037120286316462e-10,1.0663278689405252e-06,2
1111,05:02:00,1.9622392132160505e-11,2.931929034931123e-12,2.7694375079497785e-12,5.077554328533903e-13,1.1222978459708912e-12,1.0924026846265508e-10,8.175331726758203e-07,2
1112,05:02:30,1.5380200858064766e-11,2.985900815499461e-12,3.542108644716726e-12,4.976973737000912e-13,2.5671591739088426e-12,1.2406466634445825e-10,7.828453982459768e-07,2
1113,05:03:00,4.481885242589395e-11,4.038360829728204e-12,3.106899594684073e-12,3.2426045615089033e-13,1.1171462196109894e-12,2.0777827418420279e-10,9.761888345087642e-07,2
1114,05:03:30,1.9291474973306943e-11,4.271842190968943e-12,4.344288451253108e-12,5.756603297572702e-13,1.6579503911282866e-12,1.1608135901244846e-10,9.593021069091258e-07,2
1115,05:04:00,1.9191824527504777e-11,3.873053938603867e-12,2.614751558479654e-12,4.609809746727111e-13,1.4961863379225138e-12,1.2918892695848445e-10,9.919770675905528e-07,2
1116,05:04:30,2.4166813436852413e-11,2.391993240191455e-12,1.6518570873507958e-12,3.031655923203864e-13,6.944290230058667e-13,1.217630254283735e-10,1.0045661955979311e-06,2
1117,05:05:00,1.804553284133737e-11,3.726580876225363e-12,3.788517561173111e-12,9.572446739737491e-13,3.651018093442244e-12,9.778315505682404e-11,1.0611089910613832e-06,2
1118,05:05:30,1.957921066381062e-11,4.005306695753744e-12,2.982061418728348e-12,3.228173568929256e-13,9.016278842163691e-13,1.251654211522122e-10,1.2059228951254739e-06,2
1119,05:06:00,1.478088286789375e-11,4.120794217982481e-12,2.4603941720470445e-12,2.0623642328913394e-13,7.418619880299936e-13,1.2481141774938755e-10,1.1314018923036183e-06,2
1120,05:06:30,2.3827672152184337e-11,5.820455899312693e-12,3.0320803431101315e-12,8.639106643159889e-13,3.744016060388734e-12,1.1750741948639084e-10,1.1238115839564615e-06,2
1121,05:07:00,3.484070852873553e-11,3.628524335973233e-12,3.873376111703505e-12,2.275463731961067e-13,6.015834176371101e-13,1.1874620564210764e-10,1.1188086147667182e-06,2
1122,05:07:30,3.097981303928898e-11,4.978973766821041e-12,2.766321243380623e-12,3.092531268121175e-13,1.310724158669345e-12,1.5114990533792958e-10,1.052803752151637e-06,2
1123,05:08:00,2.031674456846894e-11,4.187095971485754e-12,3.232905396498769e-12,3.7819670982345403e-13,1.2118974585566475e-12,1.0768316456637873e-10,1.2139066917110013e-06,2
1124,05:08:30,2.6263818693252655e-11,4.417534768534902e-12,1.976701853566938e-12,3.3393634701084977e-13,8.325083753685638e-13,9.834593706042365e-11,1.0317623842362897e-06,2
1125,05:09:00,3.008122588194143e-11,5.982882972214406e-12,4.0673786651755016e-12,3.5046681434886736e-13,9.4136262238154e-13,1.7597578863599851e-10,1.0457383339585495e-06,2
1126,05:09:30,2.2890233686691976e-11,3.617160320699601e-12,3.4303622227473323e-12,3.5809568992053605e-13,1.0242514047061851e-12,1.112344406510713e-10,1.0576811948801871e-06,2
1127,05:10:00,4.61089008447421e-11,4.882791363188321e-12,2.7764504956661037e-12,2.813233153495567e-13,1.063123574455058e-12,1.2173808766092744e-10,1.051230034823347e-06,2
1128,05:10:30,5.0731728418627013e-11,5.504800722992174e-12,5.609421546806504e-12,2.6402397574204456e-13,8.751951044305402e-13,2.3424800350980455e-10,1.1012344055312643e-06,2
1129,05:11:00,2.109165407548134e-11,4.927329433554865e-12,2.7443649696846104e-12,2.217528522445699e-13,8.215403270665853e-13,1.427791575911792e-10,1.107426547328976e-06,2
1130,05:11:30,9.200138927864358e-11,8.368549292592516e-12,3.0225321274137183e-12,3.839045948180892e-13,1.6504094399450232e-12,2.1068924564031353e-10,9.067443177257816e-07,2
1131,05:12:00,1.6355892703130617e-11,4.203988641410598e-12,3.4890117232734625e-12,2.803897892708209e-13,6.434478169264078e-13,1.6376531078301324e-10,5.892644562435126e-07,2
1132,05:12:30,1.6118841674269537e-11,4.683643934904768e-12,3.19306841426827e-12,2.699296236921778e-13,9.281966928461993e-13,1.0902554299943802e-10,6.526445147388203e-07,2
1133,05:13:00,4.004559996685101e-11,6.111904995573978e-12,4.989124357246563e-12,3.4616001085331823e-13,1.1524217716628239e-12,1.18166821716109e-10,9.569711331885581e-07,2
1134,05:13:30,2.7854862421807213e-11,5.181587012254665e-12,4.300134803321348e-12,5.991266490495076e-13,2.9530242797065025e-12,1.1632328007838714e-10,5.775055766768551e-07,2
1135,05:14:00,3.523267120619965e-11,4.0673275904910835e-12,2.9844104762158918e-12,2.870155832414875e-13,1.2066632572403881e-12,1.2611146640019194e-10,6.237401242562835e-07,2
1136,05:14:30,3.291146065997845e-11,7.114799452965417e-12,3.28968401325291e-12,8.098623321932562e-13,3.0096744138610293e-12,1.508659355946211e-10,6.384577596214001e-07,2
1137,05:15:00,2.8059001733223777e-11,5.781067701470605e-12,3.851939305702045e-12,2.419649629707898e-13,7.359807425079091e-13,1.0863905381175375e-10,6.291071699591526e-07,2
1138,05:15:30,2.7021129054794247e-11,5.0358188483909976e-12,4.513011315672589e-12,3.6581497282508143e-13,1.033491929243358e-12,1.4300482576192564e-10,7.215159626206795e-07,2
1139,05:16:00,2.92146148060228e-11,3.824942542322317e-12,3.2591927783933723e-12,3.7765788479851306e-13,8.067613558029431e-13,1.3010583963276004e-10,7.98114899706105e-07,2
1140,05:16:30,3.172601335992746e-11,6.807771414739109e-12,2.935947545434506e-12,4.115386092301224e-13,1.9333818345407907e-12,1.204465979775854e-10,5.447354323545032e-07,2
1141,05:17:00,5.235981427429733e-11,7.537248301272862e-12,3.144430980543239e-12,4.748228166611931e-13,1.8868626774645267e-12,1.513696193486211e-10,3.206809969444742e-07,2
1142,05:17:30,2.2306045467522333e-11,3.6010033080494553e-12,1.868249682081562e-12,3.283507407737308e-13,8.307073730533267e-13,1.0455683367742127e-10,3.0017604102864323e-07,2
1143,05:18:00,2.1614242319066248e-11,2.985522618555878e-12,4.227345186004545e-12,3.030134703830656e-13,8.982130264579945e-13,1.4170017718250024e-10,1.401318821920768e-06,2
1144,05:18:30,5.458611115018607e-11,4.6582451299045016e-12,3.883767908664592e-12,4.842322666956898e-13,1.2363537405550603e-12,1.434837714472353e-10,4.261530610636207e-07,2
1145,05:19:00,1.5422279933483846e-11,2.9138617864080247e-12,1.8236135296613544e-12,2.9840793187342716e-13,5.784427857838047e-13,1.232330977633581e-10,4.785334115830294e-07,2
1146,05:19:30,3.958399475241019e-11,4.547130043837339e-12,6.025223406179575e-12,3.987916160793633e-13,1.3151734849567849e-12,3.5697018170536925e-10,9.51662483281943e-07,2
1147,05:20:00,9.55734561391028e-12,2.3275041947723485e-12,2.2132965591264213e-12,3.4714094501730523e-13,8.740420361211291e-13,2.515258520939038e-10,7.495457971027875e-07,2
1148,05:20:30,2.986991309253326e-11,6.638781430436004e-12,3.060494161410145e-12,5.704608943153147e-13,1.5654697503337002e-12,1.992252696264809e-10,3.123758487993243e-07,2
1149,05:21:00,1.840612183433548e-11,4.1887729955004515e-12,1.1938842748159045e-12,2.231788435462471e-13,5.900628323930229e-13,2.5441145704781467e-10,9.87227730397743e-07,4
1150,05:21:30,1.748952349502992e-11,3.288828373053463e-12,1.2769966961210525e-12,2.1321992863341357e-13,4.0137473622114984e-13,3.432671302320491e-09,4.929569527079803e-07,4
1151,05:22:00,7.535921789230855e-12,1.9707590481562486e-12,2.2998111519676506e-12,8.60498618195464e-13,1.225136554375059e-12,5.222054702899228e-10,1.1343767483910878e-06,4
1152,05:22:30,9.155288836561664e-12,3.0395135204534755e-12,2.2546476830391868e-12,3.776340966884445e-13,8.961241145194049e-13,2.6972591456471653e-10,4.2618355641835323e-07,4
1153,05:23:00,8.335427267418064e-12,2.2609767315132073e-12,1.6195328258580808e-12,3.619241833709895e-13,6.225281033577732e-13,3.5131223118905456e-10,1.9235332682875692e-06,4
1154,05:23:30,1.2350020004873139e-11,3.2692359377486946e-12,1.8102114040332971e-12,1.7253156753226386e-13,4.867843853669327e-13,2.988987008752819e-09,4.074373396720394e-07,4
1155,05:24:00,9.30166648846203e-12,2.1255654667084805e-12,9.22931944656459e-13,1.4793575605539952e-13,3.84210305790074e-13,6.214131537833379e-10,2.57653975127082e-07,4
1156,05:24:30,2.5686185751736828e-11,3.617827959775026e-12,9.713682076417499e-13,1.6100066340641034e-13,5.182600591521324e-13,4.592587077371837e-09,2.3539297276754433e-07,4
1157,05:25:00,1.2507640955431417e-11,1.755034373344413e-12,6.518312044565443e-13,1.5705481715723124e-13,2.4878450896462255e-13,1.417921918180568e-09,9.59604042425543e-07,4
1158,05:25:30,3.047310439035474e-11,1.1547045041696302e-12,8.298596989675578e-13,1.9118597071563636e-13,3.5966290921281123e-13,2.852082879426011e-09,7.002960879040687e-07,4
1159,05:26:00,2.13342596732642e-11,2.0725983204862e-12,9.27610041653758e-13,1.3764406650444512e-13,3.309246988197649e-13,5.94584447543036e-09,7.614821562803956e-07,4
1160,05:26:30,2.9426144875047925e-11,3.3497888090096372e-12,8.771733626058034e-13,1.8768577953211143e-13,5.381028087962114e-13,6.162500605478195e-09,3.0330338145091974e-07,4
1161,05:27:00,1.98098055911394e-11,1.9799541177489212e-12,8.895732285831107e-13,1.8186118132060098e-13,2.8636022545220923e-13,1.6392562143888136e-09,3.0855891313208106e-07,4
1162,05:27:30,1.4311252869708193e-11,2.1710113845149855e-12,9.990496103819431e-13,1.8699749642937415e-13,3.7738346479153746e-13,3.0676689820617804e-09,2.398178787922989e-07,4
1163,05:28:00,2.502680578534041e-11,2.0498982262959385e-12,9.386515651111753e-13,1.9187898515317802e-13,4.649659470869511e-13,4.902884140111259e-09,3.775019453077936e-07,4
1164,05:28:30,4.022617243041881e-11,3.543254773803122e-12,9.222338825765217e-13,1.705707527761578e-13,3.8293631634520943e-13,8.12156697780041e-09,3.300687360338889e-07,4
1165,05:29:00,2.7153102610194192e-11,1.59999937522694e-12,1.0466011250873995e-12,1.614161603936385e-13,3.7724288314200017e-13,2.7623940215980237e-09,1.1175351443683821e-06,4
1166,05:29:30,3.1746840324153404e-11,2.080746920690246e-12,9.079714650521721e-13,2.7642016035467304e-13,5.344196276008168e-13,2.9194511342547736e-09,6.476163926088812e-07,4
1167,05:30:00,2.437263848656604e-11,2.0597655168654195e-12,1.3986990013744698e-12,1.8293384298381038e-13,3.7056151167227226e-13,3.7351543873000574e-09,2.5719725737146667e-07,4
1168,05:30:30,6.9756191555970005e-12,1.767306870023645e-12,8.406099928747018e-13,2.197621226041672e-13,5.825885305637631e-13,3.878607566336471e-09,8.868896863114988e-07,4
1169,05:31:00,1.2544226153162826e-11,3.3927390722448716e-12,1.6471558014216634e-12,2.546057909267965e-13,4.71778371983813e-13,5.095201959897461e-10,6.650295719778236e-07,4
1170,05:31:30,1.9343524842286653e-11,2.3929291197659774e-12,7.652180764451617e-13,1.8254384648008754e-13,2.82048205376027e-13,2.860501692123776e-09,1.0220859322747473e-06,4
1171,05:32:00,1.5974504271950086e-11,2.3217816674808874e-12,3.99162637386634e-12,5.82845924076171e-13,6.441131762593366e-13,1.5773555955055301e-09,1.73146699736552e-06,1
1172,05:32:30,5.355768206350606e-12,2.393918577407449e-12,7.82699763398001e-13,2.6687777516784254e-13,6.466137366009534e-13,4.4123173879414213e-11,7.79963128062317e-07,4
1173,05:33:00,5.74482648300553e-12,2.1464235947567514e-12,1.154764667584235e-12,2.609462239756946e-13,4.093581286624021e-13,5.980620116987339e-11,1.0949487279146843e-06,4
1174,05:33:30,7.328641526073135e-12,2.38229598536118e-12,1.4658991625497992e-12,2.927539886015836e-13,5.87712964656583e-13,7.35545403723093e-11,1.0089427698162437e-06,4
1175,05:34:00,1.089152041247694e-11,2.7163754223828017e-12,1.6523571852506116e-12,4.820118567148066e-13,1.20809577230606e-12,1.3396810139122196e-10,1.5253734238078563e-06,4
1176,05:34:30,7.744988970328577e-12,2.8216518003905044e-12,2.174906380328797e-12,2.691713081470602e-13,6.033774289270686e-13,7.217953596892549e-11,8.042157220874128e-07,4
1177,05:35:00,1.2320565085917185e-11,4.055715079069734e-12,3.2717183919205017e-12,5.040987970682323e-13,9.993548226951306e-13,1.6183418218952884e-10,1.3790516320194465e-06,4
1178,05:35:30,6.810905210997782e-12,1.888930227799522e-12,1.69844696268662e-12,3.741224951767209e-13,6.429567260353207e-13,4.3685197894253185e-11,5.020116495321095e-07,4
1179,05:36:00,1.0790370765569382e-11,2.3551709646694267e-12,1.6035047906999772e-12,2.4518973291123993e-13,5.492086211246181e-13,4.203167458203199e-11,4.0810056236982256e-07,2
1180,05:36:30,1.8819256465032975e-11,3.4290847459959087e-12,2.1883249545173187e-12,3.8191914846003493e-13,1.449082827838986e-12,5.424199759141626e-11,4.0356700156279975e-07,2
1181,05:37:00,2.711506213950778e-11,2.145539294822261e-12,1.0889027890727179e-12,2.515780880063268e-13,6.248358345786354e-13,5.221684655421982e-11,1.2458362824126174e-06,4
1182,05:37:30,1.4060124417120627e-11,3.8634080974887925e-12,1.311512854296672e-12,2.286213257387998e-13,4.626852985752563e-13,2.7288775701125358e-09,6.170038722374943e-07,4
1183,05:38:00,1.946172923293841e-11,2.1574317717642995e-12,9.005701572313861e-13,2.0949216032723837e-13,3.670144816777197e-13,3.8971752074685555e-09,8.566992299854802e-07,4
1184,05:38:30,6.855840401888634e-12,1.5912673717668683e-12,1.371692547371564e-12,1.9048272252095858e-13,4.298396350583419e-13,4.9102718616005166e-11,8.116716412095212e-07,4
1185,05:39:00,9.851458138425858e-12,3.221557315498278e-12,1.6562441814262697e-12,1.7447678966232216e-13,4.3788978253207577e-13,6.896539351290942e-11,3.996272550100914e-07,4
1186,05:39:30,1.702974395297164e-11,2.90164032493747e-12,1.4047432730546439e-12,2.2446913284318132e-13,5.005103678328006e-13,7.213373712591147e-10,5.406488497353902e-07,4
1187,05:40:00,1.0209603146829682e-11,1.75731890469933e-12,9.950285256431673e-13,2.768172103425197e-13,5.951646014316188e-13,6.764897895876468e-11,4.785997306515352e-07,4
1188,05:40:30,8.586614316622957e-12,2.01010195119685e-12,1.2171341721089816e-12,2.7717022161596246e-13,3.575470207863632e-13,5.1176653628781405e-11,7.93944399612008e-07,4
1189,05:41:00,7.964539121234124e-12,1.8775754256948317e-12,1.7712392780958565e-12,3.084430844562277e-13,5.467523776708071e-13,7.942314931671789e-11,9.354380220342203e-07,4
1190,05:41:30,9.512010587710013e-12,2.015059619021282e-12,1.5920962057861727e-12,1.946956390463387e-13,3.868568618254294e-13,9.579858854002775e-11,4.214407294028656e-07,4
1191,05:42:00,8.87679286996549e-12,2.187341416115599e-12,8.365326900727004e-13,1.828798536581812e-13,2.8574630261829417e-13,7.191307246274575e-10,3.5173898110051015e-07,4
1192,05:42:30,2.3258458301250123e-11,2.4250167082123964e-12,1.0273605922470735e-12,1.7383413010844467e-13,5.265722656675401e-13,2.1679076011895617e-09,8.339228212798797e-07,4
1193,05:43:00,5.36848385243026e-12,1.9244032138451176e-12,1.6997893072754814e-12,2.475033329891691e-13,4.649289525971391e-13,8.582850869416146e-11,4.778893697614533e-07,4
1194,05:43:30,4.708799038990351e-12,1.8389746621822617e-12,1.7375887817965204e-12,3.734029872398313e-13,6.717624799317185e-13,6.405885132701776e-11,2.1263006366255466e-06,4
1195,05:44:00,7.39819446627995e-12,1.36846687492873e-12,9.775635611241258e-13,2.530792304160873e-13,5.594467207077348e-13,4.74477206827085e-11,6.476132456560161e-07,4
1196,05:44:30,1.1445553904879376e-11,3.2530773936917407e-12,1.373172453502233e-12,2.066716896791535e-13,4.765352889506515e-13,5.837868819836573e-11,8.484182920710732e-07,4
1197,05:45:00,7.793238733715085e-12,1.953731518835581e-12,1.728672262793505e-12,2.989180199834042e-13,7.392095639026381e-13,1.1232133739691031e-10,1.299123275702763e-06,4
1198,05:45:30,3.2479601063475517e-11,3.391648578386276e-12,3.966163919151591e-12,7.837598928450539e-13,1.490130590827824e-12,1.8637643054534503e-09,2.6190116589114947e-06,1
1199,05:46:00,5.49594678479595e-12,1.6058716594365482e-12,2.372813114585621e-12,3.280767016436166e-13,5.463206131604647e-13,3.5190864017317545e-10,2.1221947334548216e-06,1
1200,05:46:30,1.2704809054797552e-11,1.846703669542915e-12,1.1882093684483389e-12,2.773026825669638e-13,8.23576405016156e-13,8.400473022922436e-11,1.2383759993770158e-06,4
1201,05:47:00,2.316689273778481e-11,5.06079071528574e-12,4.44971635739891e-12,4.660577663863375e-13,1.2983282281376538e-12,1.497778612069966e-10,8.416777303570844e-07,1
1202,05:47:30,1.5762120268581957e-11,2.016413080508581e-12,2.1168390743438515e-12,5.799524788236171e-13,7.736590689042836e-13,1.6488001792399959e-09,2.196165948635377e-06,0
1203,05:48:00,6.336569598297703e-11,2.8389221125061164e-12,2.671867592280221e-12,8.262729031692534e-13,9.118964243087673e-13,6.101532993000925e-09,2.868956483666017e-06,0
1204,05:48:30,5.383514202773621e-12,1.523403294826586e-12,9.486100013804842e-12,4.596466892986711e-13,1.115038445035476e-12,8.797473953206566e-10,2.922194694190346e-06,0
1205,05:49:00,5.361799519192788e-12,3.937745469681104e-12,7.940970249760791e-12,5.14109691667904e-13,1.2162245083544337e-12,4.826980790534571e-10,2.9112150862724474e-06,0
1206,05:49:30,7.562855665371038e-12,1.4231425259446828e-12,3.365165954554256e-12,3.36698676493196e-13,6.807052396351634e-13,3.8030357117243396e-10,2.9308096583736437e-06,0
1207,05:50:00,3.5130991372100416e-12,2.081751941862211e-12,4.63673872260892e-12,3.5424491179685137e-13,5.978919786969697e-13,5.09605472894555e-10,2.9697745290029534e-06,0
1208,05:50:30,1.0841503944648917e-11,2.27380662861526e-12,3.0848236370652522e-12,2.7917583062899884e-13,5.089941900451794e-13,2.5303039254526604e-09,2.963334596992413e-06,0
1209,05:51:00,1.384061657398873e-10,9.521358864632443e-12,3.002777806629842e-12,2.737809200590666e-12,2.405188171522825e-12,1.69634467071661e-08,2.966666684993899e-06,0
1210,05:51:30,7.655560969225122e-11,6.8931055759737565e-12,3.1477109122491945e-12,3.3371282917668066e-12,3.4181366944390282e-12,2.7748262663556823e-09,2.940044396946023e-06,0
1211,05:52:00,1.768271229807725e-10,7.91583709753842e-12,3.181027091296281e-12,2.6366372384895027e-12,2.664937803439335e-12,1.129075092123723e-08,2.926384472585465e-06,0
1212,05:52:30,1.1226903778095517e-10,3.003665196793709e-12,2.3428389347798646e-12,1.3446375574744878e-12,9.194496054227474e-13,5.383542544682686e-09,2.9002255497577222e-06,0
1213,05:53:00,1.5975869139758784e-11,1.5091422680092616e-12,3.3887866624391395e-12,2.9708665996770716e-13,5.576929380166536e-13,4.973414890910854e-10,2.892832406350601e-06,0
1214,05:53:30,4.026966383253883e-12,1.6926707560108133e-12,6.450927477695629e-12,4.179040831136762e-13,5.441511633200861e-13,8.126899917050498e-10,2.8743186496852225e-06,0
1215,05:54:00,1.873649764183598e-11,1.822330115363571e-12,2.71916251257965e-12,3.9472140790068547e-13,4.860800537918228e-13,6.733905587194591e-10,2.9283333112872977e-06,0
1216,05:54:30,2.5674725259823764e-11,1.4054100353726425e-12,2.150628434072303e-12,2.616319769539557e-13,2.9854269114245155e-13,3.34074520356271e-10,2.944924589892724e-06,0
1217,05:55:00,5.91349935211084e-12,1.3466967674266108e-12,2.8474456838573958e-12,2.8940389498294813e-13,3.877209939204955e-13,2.779439128108126e-10,2.9824654894739233e-06,0
1218,05:55:30,3.808124594262123e-12,1.3499743495854313e-12,3.5353441782489584e-12,3.446640175088941e-13,4.977253677146779e-13,4.1599033487372697e-10,2.9694789576897037e-06,0
1219,05:56:00,4.8804724468599124e-12,1.6686547102947458e-12,3.182652866896876e-12,4.36545659949887e-13,5.593298391185211e-13,3.409874267139324e-10,2.95904085269565e-06,0
1220,05:56:30,5.2561740544551e-12,1.3827582524482406e-12,2.149228436893892e-12,3.770490190111769e-13,7.79883843022333e-13,4.894791821143632e-10,2.948992997573745e-06,0
1221,05:57:00,6.2443933101524955e-12,1.3605485785539113e-12,3.4058863411268506e-12,3.0972331434430026e-13,6.364877107275203e-13,3.608285320482046e-10,2.9488992364485103e-06,1
1222,05:57:30,5.652265663257164e-12,2.016025816694638e-12,2.9822756058704487e-12,4.94906295704921e-13,7.420666628775638e-13,1.79394253892022e-10,2.931155494850662e-06,0
1223,05:58:00,9.442967756973012e-12,1.762756037490434e-12,1.5750309579701283e-12,3.329125120609254e-13,4.936538899597399e-13,2.785855653797827e-10,2.946713596488563e-06,1
1224,05:58:30,1.1329257653058162e-11,2.0004982891231635e-12,1.1905959178981365e-12,3.17750585508117e-13,6.803733941842849e-13,1.4209474719721535e-10,2.889361480929271e-06,1
1225,05:59:00,2.016334777751804e-11,2.2235771037066364e-12,2.0736531134804897e-12,2.2580096829383714e-13,7.771032738914019e-13,1.916673343376464e-10,2.8818606563774894e-06,2
1226,05:59:30,1.7788349297931403e-11,1.876232462429697e-12,1.4727408586427941e-12,3.79817351703329e-13,1.05896338418686e-12,1.2061831634361416e-10,2.850272272800027e-06,2
1227,06:00:00,1.660264762326054e-11,2.0751813136686774e-12,1.4041856299694594e-12,2.1255704107152838e-13,5.339877504586453e-13,8.8112935736877e-11,2.8340783318249215e-06,2
1228,06:00:30,3.1190353156193046e-11,3.334709466883175e-12,2.987833706105885e-12,3.5469918311916613e-13,1.0516109691877835e-12,1.5405790221994606e-10,2.8915983634083297e-06,2
1229,06:01:00,1.1472991126566629e-11,1.543456152561577e-12,1.183828775937277e-12,4.069049103261562e-13,7.266909408967404e-13,6.390403949581319e-11,2.736986687457069e-06,2
1230,06:01:30,2.1791482883971882e-11,2.9311919995381106e-12,2.2914317784183225e-12,4.882700706882783e-13,1.5842016070043443e-12,9.29115069519068e-11,2.604043064782706e-06,2
1231,06:02:00,1.98393481846635e-11,1.7125073111049456e-12,3.779703795292835e-12,6.524030248577722e-13,2.0001038723553074e-12,1.9114777198469386e-10,2.566645261369696e-06,2
1232,06:02:30,1.6510461549892266e-11,2.5177434153696564e-12,2.135793977073048e-12,3.3474269369297445e-13,4.866391864076891e-13,1.1318833119099e-10,2.271820559118978e-06,2
1233,06:03:00,1.9677619743809562e-11,4.21672918053666e-12,2.8674358166859856e-12,5.602472487863433e-13,2.1987365030570733e-12,1.2972186608739768e-10,1.8932045813128302e-06,2
1234,06:03:30,6.547577704148359e-12,9.979696413519017e-13,1.5958236051257947e-12,4.305376804845828e-13,7.087008692447832e-13,1.526911976768288e-10,2.52691202045868e-06,0
1235,06:04:00,6.0254213740341616e-12,7.712151703769868e-13,1.463698226505222e-12,1.9177422330884988e-13,2.7221344711872624e-13,1.578760617360114e-10,2.91081636794675e-06,0
1236,06:04:30,7.434118440507698e-12,9.483907134345632e-13,1.7428638162612277e-12,2.639366839313137e-13,4.715638484207106e-13,9.093167152364304e-10,2.90526453191521e-06,0
1237,06:05:00,3.8701468726890555e-12,1.4902590293941397e-12,1.87594879525933e-12,5.242989059388778e-13,6.287149310166883e-13,1.6917121395678042e-10,2.958425270480679e-06,0
1238,06:05:30,2.9598634008311443e-12,1.4409117608235716e-12,2.1249117541816237e-12,3.0014943948398363e-13,2.9302145906663817e-13,1.3170076896462228e-10,2.9809089547726522e-06,0
1239,06:06:00,4.573395329864314e-12,1.419927365459208e-12,4.419900697528564e-12,4.3100384534364426e-13,1.1039225186070616e-12,3.922812898817179e-10,2.9521311211438675e-06,0
1240,06:06:30,3.5960511987768867e-12,1.1467998936903714e-12,1.6930450118907806e-12,2.912605058427343e-13,5.052991161393183e-13,1.7250550256992019e-10,2.9797906615967023e-06,0
1241,06:07:00,2.6274303333054958e-11,1.4151257662029968e-12,1.027267349361729e-12,2.2910764584432495e-13,3.2860492255002194e-13,9.448226034935624e-10,2.9543675931013684e-06,0
1242,06:07:30,5.674207307383698e-11,2.4893325985304063e-12,2.673604951025904e-12,1.0589428688925374e-12,1.3015567361836851e-12,4.733751862924229e-09,2.7135748657730763e-06,0
1243,06:08:00,9.239783364107184e-12,1.1010305593697255e-12,3.1378781931127663e-12,2.9575020690849387e-13,4.325727868125035e-13,1.3467614459056967e-09,2.022923441063494e-06,0
1244,06:08:30,3.794619758772144e-12,1.3758471502384954e-12,2.2220717392431234e-12,3.2488710574941834e-13,5.014490159030886e-13,1.2852027428942107e-09,1.3394777984117577e-06,0
1245,06:09:00,4.218554099066025e-12,9.093542636919909e-13,1.3686950590817242e-12,2.5566215919943897e-13,2.301418720797144e-13,4.3054325071665594e-10,2.292763205972242e-06,0
1246,06:09:30,3.870938072372223e-12,1.1135109356132401e-12,2.460234147241126e-12,2.402953082747126e-13,2.132878776034238e-13,2.031115057395773e-09,2.2051888095146187e-06,0
1247,06:10:00,5.538734153329924e-12,1.6023922346474168e-12,1.4055425152607043e-12,3.3915773196567874e-13,5.945879616156737e-13,8.008635702924371e-10,2.1302803689481286e-06,0
1248,06:10:30,1.681354211540688e-11,1.315496788093144e-12,2.3293519229179548e-12,3.890282530145548e-13,6.497721319075456e-13,1.8037722520771665e-10,2.282806179692809e-06,0
1249,06:11:00,1.2936763397405728e-11,1.182962773874427e-12,8.976023790671855e-13,2.18168121878531e-13,2.7031736207241835e-13,4.926141849369909e-10,2.4856595089060773e-06,0
1250,06:11:30,8.704291867107175e-12,1.1010509903091466e-12,8.54849809480088e-13,2.729265135333326e-13,3.853302807945788e-13,5.35046175690857e-10,2.4239159983491415e-06,0
1251,06:12:00,3.502353865167141e-11,1.4460500702000473e-12,9.904557824793364e-13,3.6458342225819975e-13,4.1018058096277775e-13,9.036063595138702e-10,2.515909611932465e-06,0
1252,06:12:30,4.968806252178701e-12,9.35690267444413e-13,1.1424029129916403e-12,2.463424582625583e-13,2.659694765827091e-13,2.5498955248380534e-10,2.7109731438246044e-06,0
1253,06:13:00,2.8111805893668684e-12,1.1911548978172009e-12,4.575907811668183e-12,3.365666919709885e-13,4.094393761868465e-13,6.329470467997322e-10,2.8212171828001243e-06,0
1254,06:13:30,1.3642772254124878e-10,4.051476432652096e-12,2.413825753594627e-12,1.1019400785005988e-12,9.310061104152563e-13,7.6349472481555e-09,2.851280210919697e-06,0
1255,06:14:00,1.0135802411982112e-11,1.0884512249620747e-12,9.04445630551809e-13,2.6388253026844426e-13,2.7343721738283686e-13,2.19218265901452e-10,2.7556297896543405e-06,0
1256,06:14:30,5.617212503437474e-12,7.807610278551277e-13,1.1525999375606993e-12,3.0398814788271176e-13,5.251914424759213e-13,5.751296030105247e-10,2.6302953735641926e-06,0
1257,06:15:00,5.763635149162207e-12,1.5206320702066898e-12,3.96939945339997e-12,4.623383949247486e-13,8.739655579272985e-13,1.5669824126385344e-09,2.3701603099535877e-06,0
1258,06:15:30,5.593929959598645e-12,1.0682519963206517e-12,1.2902826169153333e-12,2.0691375445132703e-13,2.2053931954544053e-13,1.823662454702057e-10,2.643866650712262e-06,0
1259,06:16:00,3.789079919813962e-12,1.0449485606493089e-12,1.5856371646235492e-12,2.2228031679022177e-13,3.3023093923403293e-13,3.845160495646763e-10,2.891930830977568e-06,0
1260,06:16:30,5.899359050190247e-12,1.280544054463131e-12,2.3552993057784833e-12,2.1298132266667356e-13,6.491388443522573e-13,2.1808337921483158e-10,2.92933837410766e-06,0
1261,06:17:00,6.547198200949643e-12,1.0358327583382243e-12,1.374457544146331e-12,2.1321548798980676e-13,2.5966830013185576e-13,2.449380164318798e-10,2.970182932054214e-06,0
1262,06:17:30,6.314628108117155e-12,1.0500401892703573e-12,1.358916025797044e-12,1.58504439738195e-13,2.6882182291009224e-13,3.9607332119675913e-10,2.994804836149157e-06,0
1263,06:18:00,8.55811563051725e-12,1.193881592189183e-12,1.987959094480047e-12,2.948792337841123e-13,5.504929841129068e-13,2.022259483408891e-09,2.999389164077552e-06,0
1264,06:18:30,5.400699351190025e-12,1.4323610718704276e-12,2.4352316053737696e-12,3.430010779152804e-13,4.764854603580768e-13,7.375672040026417e-10,2.9251182213606913e-06,0
1265,06:19:00,7.123169168758333e-12,1.0490966090861827e-12,1.1392540324778855e-12,2.2336597228933765e-13,4.564560275041317e-13,3.518703486759656e-10,2.969288937345452e-06,0
1266,06:19:30,3.893931831833575e-12,1.5001586794229018e-12,4.211447149683803e-12,4.1278724123952176e-13,8.171880321014735e-13,1.8183984701342643e-09,2.888311980072146e-06,0
1267,06:20:00,4.28030720779288e-12,1.2969783689532478e-12,1.7187570751152527e-12,3.337732142296124e-13,4.936297804459878e-13,9.480124977646047e-10,2.8894742082833123e-06,0
1268,06:20:30,8.059456247684717e-12,8.68176067232165e-13,1.0820150012657348e-12,2.3055033853281926e-13,3.3011255920806316e-13,1.3630782945038718e-10,2.8953757600715535e-06,0
1269,06:21:00,2.6573265509694802e-11,1.927302888432698e-12,2.529101319021565e-12,2.5864867120562535e-12,2.7437700930355433e-12,1.693032620611848e-09,2.8642311960753602e-06,0
1270,06:21:30,6.27098788516565e-11,2.1189878702331702e-12,1.3658217371552292e-12,3.715486848780054e-13,4.1230476916649573e-13,1.3700192408274173e-09,2.3343308703015118e-06,0
1271,06:22:00,1.0346637750660119e-11,1.3269922418086217e-12,1.014047843226421e-12,1.6740666713146158e-13,2.7919689785010285e-13,3.895327922470004e-10,1.668710391825368e-06,0
1272,06:22:30,4.0627689135467934e-11,1.4315209419362198e-12,9.069838147358096e-13,1.7581030768755126e-13,2.543290379616276e-13,3.536609261690154e-10,2.16531111944004e-06,0
1273,06:23:00,1.4837498979414477e-11,9.634068843623055e-13,1.3432833161887633e-12,2.00371482810527e-13,3.570923429033109e-13,4.451071238203995e-10,2.1007692766259487e-06,0
1274,06:23:30,1.549451641591347e-11,9.372678057129403e-13,1.947894810108129e-12,3.0304531701527036e-13,5.873991598680614e-13,3.11014224295516e-10,2.140018528715081e-06,0
1275,06:24:00,9.382687768806035e-12,1.1643321873588342e-12,1.3545742704876457e-12,1.977570547860712e-13,2.853747021506306e-13,4.3998081201097373e-10,2.079867193624636e-06,0
1276,06:24:30,6.619628563748938e-12,1.2109988486015687e-12,2.4336579659009406e-12,2.937592658022769e-13,6.619353450709202e-13,4.577712926064335e-10,2.2086091259458316e-06,0
1277,06:25:00,6.597307087485282e-12,1.3392213872474769e-12,1.017425702238169e-12,2.0788902525843336e-13,3.395412587659773e-13,2.0401502761095766e-10,2.2345280587276884e-06,0
1278,06:25:30,7.44470981783689e-12,8.078346993039014e-13,1.2873870221779408e-12,2.016158167510553e-13,2.9314728679637496e-13,2.856913214528424e-10,2.496895658643303e-06,0
1279,06:26:00,6.39477855387271e-12,1.1307843758224783e-12,2.1015071968497016e-12,2.4151738767977887e-13,5.758925000632954e-13,2.942735616106243e-10,2.5128596252790797e-06,0
1280,06:26:30,6.3828246924221535e-12,8.712644137192302e-13,1.6957426696923893e-12,1.753966412383477e-13,2.387200367538791e-13,2.635783534052237e-10,2.648321022535158e-06,0
1281,06:27:00,1.1126165455028267e-11,1.0154104560774439e-12,2.26529964161876e-12,2.5993999830135003e-13,3.556377252815862e-13,2.795723671453478e-10,2.7762941227716335e-06,0
1282,06:27:30,5.848280910857974e-12,1.2585557619795081e-12,3.3610659043783154e-12,2.923558021630997e-13,5.645169802066439e-13,4.721448729692698e-10,2.7636215880199833e-06,0
1283,06:28:00,5.6312189512911e-12,1.225211163133172e-12,1.4390305079570603e-12,2.4173165559840773e-13,3.9008326284519993e-13,2.5135056949408183e-10,2.7368553445227834e-06,0
1284,06:28:30,9.211847889647919e-12,1.3508322871380692e-12,2.1743663423556613e-12,2.1815170201674162e-13,2.448493160984746e-13,3.8868777439612475e-10,2.1722352605843483e-06,0
1285,06:29:00,4.982973526112325e-12,1.1711926249590098e-12,2.586645196176948e-12,2.4810196653639304e-13,5.029725784786124e-13,1.3105232373568888e-09,2.2457134535621177e-06,0
1286,06:29:30,9.693172968808147e-12,1.3266110860046543e-12,2.2681770583684546e-12,2.8660701641371446e-13,5.633694929039163e-13,1.1130302178366387e-09,2.3002914259587472e-06,0
1287,06:30:00,5.7878421048401424e-12,9.182056619410207e-13,7.390499418609506e-13,1.495572466672951e-13,2.648364722235706e-13,2.6185542444759287e-10,2.7626460245721247e-06,0
1288,06:30:30,8.226697346673534e-12,1.0041060946710493e-12,2.137414680284646e-12,1.8209484720178676e-13,3.372633950987464e-13,3.299586950923154e-10,2.851774836981226e-06,0
1289,06:31:00,4.983039780635114e-12,1.0524571865597448e-12,1.76500532977058e-12,1.8808208398418297e-13,3.6914825848812405e-13,3.079340736022684e-10,2.8001480405450046e-06,0
1290,06:31:30,6.650344613033702e-12,8.815886532783984e-13,1.2268991618087572e-12,1.4491734987674793e-13,2.5871068107756945e-13,4.5514679221333953e-10,2.7740269735747525e-06,0
1291,06:32:00,5.445522089810619e-12,8.305342602885542e-13,1.7211456725456434e-12,1.9936783760897915e-13,3.3209991018525483e-13,3.569670514698379e-10,2.794799110741014e-06,0
1292,06:32:30,4.12925466493649e-12,1.0741693017745206e-12,1.3056523538218543e-12,1.8284418967757e-13,2.8248212742037913e-13,3.7159626200953953e-10,2.861299711735477e-06,0
1293,06:33:00,1.248399281822157e-11,7.952616382126933e-13,1.88624240621504e-12,2.236415006277069e-13,8.918639922313757e-13,2.5397240617461205e-10,2.8890605032408195e-06,0
