index,start_time,eeg_delta_power,eeg_theta_power,eeg_alpha_power,eeg_beta_power,eeg_spindle_power,eog_var,emg_rms,label
1,00:01:30,2.7076640064716342e-12,1.7127209977071803e-12,3.0494025627235845e-12,3.8886256541329613e-13,8.005195552086198e-13,3.363314774197211e-10,2.9379345349205228e-06,0
2,00:02:00,2.701609651693072e-12,2.0091933220500705e-12,2.993730701643131e-12,3.4781922110264245e-13,5.995855192522642e-13,2.7748617756280356e-10,3.0125641492727023e-06,0
3,00:02:30,9.179865685284574e-12,1.5804029432691586e-12,1.3612860885391785e-12,2.591107315300316e-13,2.855487806761125e-13,2.591347890678379e-10,2.9905936457348616e-06,0
4,00:03:00,3.467711349530742e-12,1.6591259720146017e-12,2.2735064364910416e-12,2.7583978329712186e-13,3.4476090782874473e-13,2.9052847499571216e-10,2.951052576013973e-06,0
5,00:03:30,9.79342968549854e-12,1.1770337597018253e-12,1.9369964803403793e-12,2.629929964651082e-13,3.542441930263303e-13,4.324858901569131e-10,2.961399536270059e-06,0
6,00:04:00,7.96066893927136e-12,1.682560068618299e-12,1.7530164796405007e-12,3.530413746182131e-13,5.650257050062253e-13,7.961321897710828e-10,3.0455388611025775e-06,0
7,00:04:30,4.015371961683702e-12,1.681472966019221e-12,2.335761228582601e-12,2.6536825936610075e-13,3.435099670054386e-13,2.148226865928312e-10,2.9820454069107694e-06,0
8,00:05:00,2.5652352205934842e-12,1.3575422508073937e-12,2.1805650074682367e-12,3.1067369910653724e-13,4.866253694727132e-13,2.4650769378276866e-10,3.048845617325761e-06,0
9,00:05:30,3.5831190506584936e-12,1.3376246499169069e-12,1.70558391103343e-12,2.322624646775853e-13,1.7803944437078418e-13,2.2482354407496708e-10,3.093796044643962e-06,0
10,00:06:00,1.165148186124332e-11,2.0717536217268346e-12,3.081186744589279e-12,5.136737007703297e-13,6.06507735594815e-13,7.629719497171455e-10,2.8811354689179658e-06,0
11,00:06:30,2.207038162092043e-12,1.3034274607909354e-12,1.3633470248422165e-12,2.2654215225397464e-13,2.4910392872059484e-13,2.555162452936166e-10,2.1331171523939435e-06,0
12,00:07:00,4.772664903500638e-12,1.690690163475672e-12,2.8429305864437754e-12,2.5852072772910164e-13,4.380103693959748e-13,5.04985287215723e-10,2.008808824600422e-06,0
13,00:07:30,2.360545971383121e-12,1.310520052437695e-12,2.469084797569508e-12,2.5497825393029515e-13,2.4446606016159566e-13,2.4487412375909945e-10,1.9468956833627157e-06,0
14,00:08:00,2.831680987121638e-12,1.4813508925373284e-12,2.5403486106101934e-12,2.564481709510725e-13,3.098597112787722e-13,3.259413854161896e-10,2.248989691776031e-06,0
15,00:08:30,5.824930209237452e-12,1.2250294551192265e-12,1.5020923289607874e-12,2.4576676004641395e-13,3.0475294099318945e-13,9.23505267905966e-10,2.4837899686028413e-06,0
16,00:09:00,1.4058956113381995e-11,1.5521493373772608e-12,1.5339254109178251e-12,2.535840738002883e-13,2.7575976302679494e-13,2.8302915825295855e-10,3.107307949167684e-06,0
17,00:09:30,3.1180986312601104e-12,2.4279834888558313e-12,2.568584057928869e-12,3.3996731889495177e-13,4.833615103654668e-13,6.979500918579292e-10,3.117511687375008e-06,0
18,00:10:00,1.6811501630192316e-12,2.524749984729733e-12,2.706743226632932e-12,3.6193521434809904e-13,3.917749070008818e-13,4.709878239237145e-10,3.063599080840867e-06,0
19,00:10:30,3.2447198709982164e-12,3.716122798793961e-12,3.238077846814774e-12,3.142071235190576e-13,5.116371397634441e-13,6.448458504649269e-10,3.014318007467212e-06,0
20,00:11:00,2.3014369202300533e-11,1.8921467223764766e-12,2.0136856620532518e-12,5.010936364280769e-13,5.514925901036594e-13,7.837114586342977e-10,3.085894633807907e-06,0
21,00:11:30,8.098638190589752e-12,1.8032265514096277e-12,1.740800206389748e-12,5.422079471104547e-13,5.119411161480219e-13,5.790133554261457e-10,3.065237194454154e-06,0
22,00:12:00,2.7719717350632093e-12,3.084010302208528e-12,2.441298526146369e-12,5.361684517329799e-13,7.313062816763464e-13,7.456929995037757e-10,3.0472021286200263e-06,0
23,00:12:30,5.063842004147071e-12,3.2495084510186098e-12,3.1051313517970936e-12,4.935827556722675e-13,4.914097737241122e-13,3.465960347022695e-10,3.04066348637004e-06,0
24,00:13:00,3.5254856267370353e-12,1.44890497358634e-12,1.6343186455052176e-12,4.918517049196148e-13,4.5238940830345337e-13,4.775797030854256e-10,2.9759598273502363e-06,0
25,00:13:30,3.570734136070176e-12,2.358410352101684e-12,2.268075555960425e-12,5.479256646033522e-13,7.31558465920466e-13,4.001499448754644e-10,3.028228439164164e-06,0
26,00:14:00,3.0468522473973236e-12,2.1702067928688336e-12,2.6416306555728183e-12,5.164324772078357e-13,5.713922667838919e-13,4.1812840262257757e-10,2.9989068464182677e-06,0
27,00:14:30,5.034068595147592e-12,1.4683987388078377e-12,2.06503299692707e-12,4.2560893534646086e-13,4.09306841447525e-13,5.096539207336372e-10,3.058772488628682e-06,0
28,00:15:00,4.538519879707719e-12,1.447051103911999e-12,1.8947356905313484e-12,5.533173611415052e-13,4.320422552838361e-13,3.999118647458076e-10,3.059423377490154e-06,0
29,00:15:30,3.235888114780024e-12,2.753239578219322e-12,2.5694334112385688e-12,6.012079681467004e-13,6.197064884593168e-13,6.154476129791215e-10,3.044320673994718e-06,0
30,00:16:00,4.044360445404013e-12,1.91813266424554e-12,3.670516947857845e-12,6.321060292547315e-13,8.573654008421454e-13,8.007504444870275e-10,2.869960289756155e-06,0
31,00:16:30,2.1135430594758544e-12,1.6780901835460269e-12,2.1076980011774093e-12,5.635208223545168e-13,4.3136089425649874e-13,5.433805682336949e-10,2.9369595722064777e-06,0
32,00:17:00,3.1442011032211335e-12,2.4876079516636805e-12,2.6229732140271664e-12,6.220783297862638e-13,5.784273141805372e-13,3.3006101653070017e-10,3.0559261393259564e-06,0
33,00:17:30,5.194659829106242e-12,1.765909261580504e-12,1.8770097475925354e-12,4.689343714340711e-13,4.3524925358455246e-13,5.098614014550431e-10,3.098060800056045e-06,0
34,00:18:00,9.439738776105965e-12,1.6308814973297177e-12,2.3038049278540643e-12,4.322431797446183e-13,7.096670245667837e-13,3.651533767223768e-10,3.0054539826324143e-06,0
35,00:18:30,2.7573378494398065e-12,2.341479387947725e-12,3.0827621497019e-12,4.987142678200952e-13,5.837294908356296e-13,2.51865746358469e-10,2.366169688195232e-06,0
36,00:19:00,2.2587383808379936e-12,2.299650329276646e-12,1.4812746810564245e-12,4.930523732288182e-13,4.778482133483329e-13,5.25194913429518e-10,2.3664947932802207e-06,0
37,00:19:30,4.473551278899981e-12,2.906638730682535e-12,2.395578103772301e-12,4.783355366827216e-13,5.396251320974669e-13,5.619042651137779e-10,2.429851856289066e-06,0
38,00:20:00,5.736843756786895e-12,1.254980607803518e-12,2.647220767104676e-12,4.438726967506807e-13,5.930131162110352e-13,6.538401802281363e-10,2.917186086609914e-06,0
39,00:20:30,1.45224421510067e-11,2.1797277660926037e-12,2.5898448769421197e-12,7.276706926947935e-13,7.926005943750138e-13,4.047497036133749e-10,3.133879921477408e-06,0
40,00:21:00,1.5686060031373872e-11,2.0993979979715372e-12,1.9486250533640393e-12,4.014940258577764e-13,4.4367774251967344e-13,4.98151178782824e-10,3.0303259594996417e-06,0
41,00:21:30,3.944711981635327e-12,2.326238872720393e-12,2.7737295282424045e-12,4.191334097948541e-13,7.467428875602529e-13,1.107538940267599e-09,3.0672984347013e-06,0
42,00:22:00,3.383408825021487e-12,1.503646566575796e-12,1.4950274685568096e-12,3.131972706798248e-13,4.3160905386325847e-13,3.585259941227156e-10,3.073219979334348e-06,0
43,00:22:30,3.123934575550348e-12,1.3721910703731112e-12,1.9220239873332664e-12,3.2418011370119504e-13,4.377344841901049e-13,6.14233411123454e-10,3.0929522537744505e-06,0
44,00:23:00,2.853006829738556e-12,2.998815404214206e-12,2.769178578287956e-12,3.4073737349354337e-13,8.365793934515553e-13,6.243124389595563e-10,3.0852728947231146e-06,0
45,00:23:30,4.653221550400795e-12,1.4245613908976926e-12,1.570855723964705e-12,3.2957559079146987e-13,5.573068726301872e-13,3.537278627270875e-10,3.0441247002794684e-06,0
46,00:24:00,9.947916828409028e-12,1.5555171635953012e-12,1.1984351543898385e-12,2.677777865184123e-13,4.103379996705955e-13,8.419192281593611e-10,3.098169443251689e-06,0
47,00:24:30,1.589720629216965e-11,1.7605302207775298e-12,3.488332838923732e-12,3.6487879856332745e-13,7.223776300768525e-13,7.167518584046633e-10,3.089076852937749e-06,0
48,00:25:00,3.2980869867014157e-12,1.6853510215754923e-12,3.013694689181727e-12,2.97815847852494e-13,3.8259594964325073e-13,1.4037050467160969e-09,3.0375422829270636e-06,0
49,00:25:30,2.6149260963223754e-12,3.037168174056775e-12,2.0215016433550343e-12,3.010763633411966e-13,4.0660320374535894e-13,6.334627933131278e-10,3.024836297506121e-06,0
50,00:26:00,2.442043343945034e-12,2.273904588928265e-12,1.1972152413118679e-12,3.085039111288974e-13,2.8839633039251674e-13,3.3195326018874847e-10,3.1260409982458683e-06,0
51,00:26:30,2.31436598811265e-12,2.6260385222780377e-12,1.163289682506066e-12,2.972256354851637e-13,3.0609592851877584e-13,3.601221913139162e-10,3.1059630527928006e-06,0
52,00:27:00,2.4320949407084676e-12,1.8286752544250915e-12,1.4511016755001917e-12,1.9976621305333963e-13,1.9992797258238745e-13,4.3665951662767874e-10,3.1215802533321523e-06,0
53,00:27:30,2.6318885337430107e-12,2.544301556557619e-12,3.029658890687897e-12,2.7072949630983476e-13,2.9849787686612186e-13,2.534004147633096e-10,3.1477946217880837e-06,0
54,00:28:00,2.596757168381221e-12,1.622581069223616e-12,2.213798354179292e-12,2.3452162948787495e-13,2.0788274498339815e-13,5.681950043495231e-10,3.104167345555372e-06,0
55,00:28:30,2.822178966559868e-12,1.2846150457348409e-12,1.1687713727606022e-12,3.124808191605333e-13,2.8022435587258005e-13,4.277627515530031e-10,3.1389982606405644e-06,0
56,00:29:00,3.965117010117628e-12,1.3251915338910415e-12,1.4593636712862358e-12,2.4641398080979035e-13,4.2139020171612517e-13,4.813981809137708e-10,3.032882851765975e-06,0
57,00:29:30,3.16154233797596e-12,2.135717915992131e-12,2.4734827707932923e-12,4.0944619111048324e-13,6.944714515661538e-13,3.1501892854173626e-10,3.0960554141974007e-06,0
58,00:30:00,4.1578446503230955e-12,1.5084652171510296e-12,2.0757389282682245e-12,2.810069375052789e-13,4.1225095671584544e-13,6.479723524181153e-10,3.0415938553697067e-06,0
59,00:30:30,5.349740976720692e-12,2.156111575145338e-12,2.2605673007497128e-12,2.72755495905834e-13,3.0281138255588684e-13,9.84329030692178e-10,3.0184668282085983e-06,0
60,00:31:00,1.171241932106239e-11,1.2929125013410656e-12,7.282568818885784e-13,2.3352319971388343e-13,3.823752198200261e-13,7.933251465700805e-10,3.079484227034744e-06,0
61,00:31:30,1.841664583613532e-11,1.8388145893689412e-12,7.904834727391776e-13,2.0840651335014288e-13,3.5851570158763587e-13,1.1582721467681504e-09,3.0572834481556995e-06,1
62,00:32:00,1.4722538684623585e-11,2.0547839529727515e-12,1.0780152743137418e-12,3.1687012950870516e-13,4.110754693709679e-13,4.264391112116244e-10,3.1709354328624292e-06,1
63,00:32:30,2.067606635965326e-11,1.4915786190645498e-12,1.2608312990176143e-12,2.2795930681546663e-13,5.294353442240654e-13,9.507805605184223e-10,3.097072733166913e-06,1
64,00:33:00,3.0546377189080295e-11,1.6324077533541372e-12,1.1149233234910196e-12,2.9592456710849075e-13,5.824191606889773e-13,3.8131192329960425e-10,3.1307356162354184e-06,1
65,00:33:30,2.0940966470752486e-11,1.7413089107806544e-12,1.4054724207284648e-12,2.407864785781663e-13,7.132830034623983e-13,4.448860589135655e-10,3.0808067250508376e-06,1
66,00:34:00,4.776130238346595e-11,4.022577662853898e-12,1.1462197552972866e-12,2.9359730539255373e-13,6.260421680749564e-13,6.028260238676885e-10,3.1113461517839967e-06,2
67,00:34:30,3.578931728742601e-11,2.9126431556505037e-12,1.0868370935038297e-12,2.8527896535952266e-13,1.0445272085796847e-12,1.6755537318164754e-10,2.9428041220910445e-06,2
68,00:35:00,5.0230637183233964e-11,2.324744782080158e-12,1.4317707950581487e-12,1.8811539852186506e-13,4.894673286572958e-13,1.769065769475292e-10,2.91611510606986e-06,2
69,00:35:30,3.516087106346758e-11,1.6467868086325272e-12,7.11590466452204e-13,2.2613369946925447e-13,4.62113644638044e-13,1.7809729098229332e-10,2.841334716018866e-06,2
70,00:36:00,3.504918412096017e-11,2.1781304083219567e-12,1.0633167014311433e-12,1.1697030724195503e-13,3.412381570312349e-13,1.276159911382606e-10,2.748212729998978e-06,2
71,00:36:30,2.6444833339755308e-11,3.1118432651698148e-12,1.0432875972569896e-12,2.745637700218051e-13,7.76970216039385e-13,1.5033703925056412e-10,2.674600329517976e-06,2
72,00:37:00,2.965164064031973e-11,2.677636875508214e-12,1.491958652067155e-12,1.457443116389983e-13,5.035414234601566e-13,1.3042541309445606e-10,2.7558960192930482e-06,2
73,00:37:30,2.753816869935545e-11,2.3117175366541327e-12,1.1036785464967687e-12,2.0658308753210278e-13,8.870541595806246e-13,1.6333209472343867e-10,2.731832001402087e-06,2
74,00:38:00,3.0919956725176294e-11,2.7565187284381355e-12,1.2128354180807835e-12,1.9121909427210503e-13,6.959235895915572e-13,1.2582070562061771e-10,2.667120423584214e-06,2
75,00:38:30,2.3318503225539572e-11,1.7082069057078137e-12,1.1345199112839926e-12,2.2278068441087497e-13,1.2135766225792023e-12,1.1583145879140216e-10,2.68905461398025e-06,2
76,00:39:00,2.6427907379492845e-11,2.1277063502680388e-12,1.2278458434673069e-12,2.0335868543896483e-13,7.976117891877347e-13,1.545128976127481e-10,2.7964311526539653e-06,2
77,00:39:30,3.580652240856609e-11,3.884155696869458e-12,1.506632858369551e-12,4.3099418453690905e-13,1.8542468041788263e-12,2.1673842363238154e-10,2.7208985606157895e-06,2
78,00:40:00,3.1702429775663944e-11,2.3847802168846966e-12,2.0102027677392203e-12,1.8624979655470732e-13,5.493840242118068e-13,1.7226785317601166e-10,2.65048458639095e-06,2
79,00:40:30,2.7349210647014556e-11,2.479430847414265e-12,1.3913773519691254e-12,2.1103328932056876e-13,6.279080884220424e-13,2.849782384132945e-10,2.8163823118347884e-06,2
80,00:41:00,2.6509343836694656e-11,3.008553672518046e-12,1.394698812040725e-12,2.197087619323295e-13,9.960178593908224e-13,1.3471445330781037e-10,2.6359466141528813e-06,2
81,00:41:30,3.527361826584924e-11,3.264944356976401e-12,1.3284828373440864e-12,2.3959925439587207e-13,9.074467571367755e-13,1.96089813008766e-10,2.707673596361585e-06,2
82,00:42:00,4.6328407101906733e-11,3.4383473349640293e-12,1.3093652317528466e-12,1.4302383147906554e-13,5.633805348932951e-13,2.0329047511787934e-10,2.6331628806153653e-06,2
83,00:42:30,3.3741196390846345e-11,3.0785256149502137e-12,1.4820375037730373e-12,2.0972898150142676e-13,6.767549865925195e-13,2.394991692272303e-10,2.6040847026710627e-06,2
84,00:43:00,3.1011182948804567e-11,2.5955498204398047e-12,1.895871405080558e-12,1.6720527496667672e-13,6.767774950116092e-13,1.5260511343482695e-10,2.442068956083094e-06,2
85,00:43:30,3.5403544160357116e-11,3.4768609322471195e-12,1.371606965633589e-12,1.9159131255452997e-13,1.0454794723097283e-12,1.4220322745085186e-10,2.4784193255459724e-06,2
86,00:44:00,4.295763657331886e-11,2.139668781875296e-12,1.026305351961782e-12,1.0816809182226589e-13,3.56134263307898e-13,2.4326687642823927e-10,2.541058442991851e-06,2
87,00:44:30,2.947498364748638e-11,2.624809889588237e-12,1.2970739110806718e-12,1.8581400602524425e-13,6.274799992553947e-13,1.9324978546861056e-10,2.5355240079176328e-06,2
88,00:45:00,3.408182772526258e-11,2.321308345495726e-12,9.636081108986394e-13,1.2465430455969576e-13,5.093375067692716e-13,2.1696690164162396e-10,2.4743337421074923e-06,2
89,00:45:30,3.355576604404016e-11,2.1536597239040032e-12,1.2618238006945732e-12,1.1668147200009666e-13,3.328248930181425e-13,1.8864701758569725e-10,2.5225081131349824e-06,2
90,00:46:00,2.4828714689478525e-11,2.449715844747526e-12,1.1676991940855e-12,1.3603234000414245e-13,5.232810483584854e-13,1.5229977601964715e-10,2.616189758283879e-06,2
91,00:46:30,5.0578132187683916e-11,3.4467358103003554e-12,2.097890471349081e-12,1.5323224323194682e-13,5.318716382530098e-13,3.094159386833247e-10,2.615161674149619e-06,2
92,00:47:00,2.8632533590669184e-11,2.750493886703246e-12,8.669553226362911e-13,1.5353201785294926e-13,5.151846080751289e-13,1.3828144848758285e-10,2.5396386165721882e-06,2
93,00:47:30,2.6403532358187507e-11,2.6918857868471256e-12,1.0174540533668058e-12,1.7268013570757537e-13,7.208085726757902e-13,1.5701490945293396e-10,2.408747937915578e-06,2
94,00:48:00,4.5018179191055895e-11,2.6318226224559506e-12,1.2573527449370662e-12,1.6646280320526412e-13,7.87370226179606e-13,2.3291322575849155e-10,2.477251731998307e-06,2
95,00:48:30,3.254488729246959e-11,3.4502575173030025e-12,1.2117425002355262e-12,1.8981686204514043e-13,8.659172788387193e-13,1.7487260802448917e-10,2.457360001195855e-06,2
96,00:49:00,3.998284864746386e-11,2.782710497556752e-12,1.18086167138306e-12,1.9766699006635245e-13,6.572043440912019e-13,2.1405217383168358e-10,2.594100956131245e-06,2
97,00:49:30,3.900943707071882e-11,1.996108124267464e-12,8.504156775169216e-13,1.049703924751238e-13,3.492300293590978e-13,2.0862058504584806e-10,2.4568269998158246e-06,2
98,00:50:00,2.909569080004343e-11,2.802885945836386e-12,1.6286129549005844e-12,2.4849025171295835e-13,1.3186793200926801e-12,2.583043689023092e-10,2.399730953830077e-06,2
99,00:50:30,5.205631370950673e-11,2.527870084907972e-12,1.704816149018452e-12,1.1051431343070375e-13,4.1495808420554893e-13,2.2809516525125734e-10,2.5532044666971745e-06,2
100,00:51:00,5.323935263441173e-11,2.7893073404244555e-12,9.397018280243084e-13,1.1186942815323552e-13,3.472555886901962e-13,2.271465538979474e-10,2.512735463104334e-06,2
101,00:51:30,4.553411386354161e-11,2.297622182354652e-12,1.137908339952284e-12,1.4541870746135707e-13,5.882756521831658e-13,2.856759613639504e-10,2.507171242566442e-06,2
102,00:52:00,4.3543762904860936e-11,2.2226966446807948e-12,8.348223052486677e-13,1.5439073924721296e-13,6.380354189710308e-13,2.389405804010313e-10,2.416755599904183e-06,2
103,00:52:30,4.181011923223171e-11,1.9866082592176762e-12,1.5502074457769716e-12,2.122113294931466e-13,1.0920981303836956e-12,2.2012783720803588e-10,2.478827343055062e-06,2
104,00:53:00,6.399145416937725e-11,2.1968387515819735e-12,8.986954253773054e-13,1.8708542295598354e-13,9.298860687080278e-13,2.565797036513365e-10,2.4904783495753647e-06,2
105,00:53:30,7.222261200078928e-11,3.315092454224755e-12,2.1300900369990746e-12,1.0638809117155566e-13,3.0930075444548857e-13,3.2610559838167626e-10,2.7182940820245917e-06,2
106,00:54:00,5.146949259897052e-11,2.7648683227864925e-12,1.180184334574477e-12,2.513922743140059e-13,1.1965324445572874e-12,3.036885851020258e-10,2.4809170338703044e-06,2
107,00:54:30,4.954946390588281e-11,3.260618973732134e-12,1.177684604055172e-12,1.827391384346829e-13,7.45734602513807e-13,2.2405990497643886e-10,2.4227070891704856e-06,2
108,00:55:00,3.798582703537222e-11,2.5174725666489474e-12,9.719682893676912e-13,1.3635547049546766e-13,6.476952175864772e-13,1.952294347737624e-10,2.513723803005688e-06,2
109,00:55:30,5.4974105429317766e-11,2.7174722841281427e-12,1.0299644107474661e-12,9.294914429733556e-14,3.032966518534857e-13,2.769904075080289e-10,2.675927008003657e-06,2
110,00:56:00,7.47251234695583e-11,2.223383023973868e-12,7.034750379167036e-13,1.471179394132887e-13,6.127243233825453e-13,2.7676628140533167e-10,2.5791919523230802e-06,2
111,00:56:30,4.469393774063565e-11,2.2319041847488807e-12,1.1442250776753524e-12,1.6680537198397802e-13,7.768918323834684e-13,2.5297214867795907e-10,2.605764484401864e-06,2
112,00:57:00,7.050721569551932e-11,2.6351648103708345e-12,1.2659010491083551e-12,1.7347549311103244e-13,9.591154694805908e-13,2.2896500341774007e-10,2.580518032420741e-06,2
113,00:57:30,6.393822436937899e-11,3.2870595580877626e-12,1.0961594851745131e-12,9.599268171329842e-14,2.575691190957819e-13,3.5473362492873745e-10,2.5388781071320662e-06,2
114,00:58:00,3.5106842681110076e-11,2.9964610027663857e-12,1.2617152774833556e-12,1.724423073902845e-13,7.45035978745339e-13,1.985519185241013e-10,2.4216379949304045e-06,2
115,00:58:30,5.030936779631164e-11,2.870936889950503e-12,1.2563683899746325e-12,1.9346821305651568e-13,1.0788650626878954e-12,2.0476697469116361e-10,2.453534271705051e-06,2
116,00:59:00,7.021233965478837e-11,2.140056524521585e-12,1.2568355783096874e-12,1.4407432271758557e-13,7.188011103027572e-13,2.3090163480023936e-10,2.449590266613371e-06,2
117,00:59:30,4.457748199770957e-11,2.1561393727099357e-12,8.489338644216932e-13,1.9876715368242024e-13,8.198261574675447e-13,2.2398585997153078e-10,2.4278521952043107e-06,2
118,01:00:00,6.400658621501296e-11,3.4900659079081984e-12,1.9314901912192924e-12,9.187427541216493e-14,3.0194688093440763e-13,4.816400546511095e-10,2.488229604975586e-06,2
119,01:00:30,4.229410507113327e-11,3.258321909468787e-12,1.143928001965312e-12,1.4924422174841384e-13,5.234926878507073e-13,2.548757922766867e-10,2.314128355385644e-06,2
120,01:01:00,4.620117121851177e-11,2.879458781602424e-12,1.2058164759109831e-12,1.5142519328800705e-13,7.258576502661727e-13,2.0956139305858077e-10,2.2847354469537976e-06,2
121,01:01:30,4.529765216613079e-11,2.9072112899759814e-12,8.608800250592139e-13,1.3434929125659988e-13,5.804402295067141e-13,1.9319795084779515e-10,2.1692649276059653e-06,2
122,01:02:00,5.831214057564888e-11,2.2951939695740723e-12,1.132537812950029e-12,1.1793629861561284e-13,4.799834692300518e-13,2.378432869079665e-10,2.091582089219229e-06,2
123,01:02:30,9.026477820893959e-11,3.26001277505843e-12,1.1843827192341909e-12,9.516732254470799e-14,3.6008491041098265e-13,3.8950977041161556e-10,2.1444172812752197e-06,2
124,01:03:00,5.876407626491445e-11,3.380777168524092e-12,1.021732010204329e-12,1.0779050176702753e-13,2.847114791591627e-13,2.53552279533823e-10,2.1674988961154855e-06,2
125,01:03:30,3.1271662543814024e-11,2.2547078504327897e-12,7.468556589429717e-13,2.0500418407470446e-13,9.136036836835262e-13,2.000188679168989e-10,1.979406469421977e-06,2
126,01:04:00,5.047824807372063e-11,3.015134380192328e-12,9.635370626894218e-13,1.4424619203484144e-13,6.764938034881121e-13,1.9392822192586625e-10,1.960721766310982e-06,2
127,01:04:30,5.631873037953944e-11,2.701475962812555e-12,9.680927578784096e-13,1.3285185041289262e-13,5.080699740676295e-13,1.5894413876831944e-10,2.041286566353562e-06,2
128,01:05:00,4.218026319229779e-11,2.6163398355620063e-12,9.082205312165883e-13,1.0314190740745703e-13,3.7838500042321573e-13,2.2353054290257975e-10,2.054579563418917e-06,2
129,01:05:30,5.059116389567396e-11,2.3744659177618604e-12,1.0542486477179498e-12,1.406364243264311e-13,6.383832334706036e-13,2.8598799509310003e-10,2.0455456974109505e-06,2
130,01:06:00,4.7081834349699773e-11,2.380761529001244e-12,9.743170692955993e-13,1.1661668150713724e-13,4.864029547333016e-13,1.9257130083590322e-10,2.0438058974029335e-06,2
131,01:06:30,5.349663024413937e-11,3.292230245537165e-12,8.955282242333804e-13,1.1980737876391894e-13,4.741575501540651e-13,2.566927345051897e-10,2.016430676506854e-06,2
132,01:07:00,5.584997724024378e-11,2.43148132810265e-12,1.0794701477570942e-12,8.830346453301309e-14,2.7443158123658106e-13,1.7673520266916506e-10,1.864594382465511e-06,2
133,01:07:30,5.871637626289456e-11,2.321241813712936e-12,1.2030059231312385e-12,1.2458358196102445e-13,5.400547982580371e-13,2.13592877047228e-10,1.7493999321688752e-06,2
134,01:08:00,6.258311043481778e-11,2.4480971745129365e-12,1.1496639385673633e-12,9.493273776984773e-14,3.6389168908704445e-13,2.3168346795598076e-10,1.865531508586107e-06,2
135,01:08:30,7.37038330130721e-11,1.972052413033968e-12,9.236648264164188e-13,1.7360527346414156e-13,9.655184260852594e-13,2.5783019205439016e-10,1.7426946767040491e-06,2
136,01:09:00,8.142777438300858e-11,2.4798009839260375e-12,8.162755109640961e-13,1.0742961143925318e-13,3.8052193932069535e-13,3.298583360329512e-10,1.7676460765836556e-06,2
137,01:09:30,6.081932275464619e-11,2.3869433773252797e-12,1.2614619340621896e-12,1.222762311121859e-13,5.51356287310975e-13,3.2198654283833067e-10,1.7092721667767607e-06,2
138,01:10:00,6.682805645719765e-11,2.032888217558735e-12,7.05337539553741e-13,1.2982445689859797e-13,6.745479005059722e-13,2.2981613836317051e-10,1.7461813471091191e-06,2
139,01:10:30,5.973497765556749e-11,2.387404530154992e-12,7.523995450419572e-13,9.096292794259661e-14,4.0055301661046707e-13,2.745532100052447e-10,1.7110897694834107e-06,2
140,01:11:00,3.674181352306035e-11,2.1704189298919943e-12,8.288177590033121e-13,9.124592157111398e-14,4.006379524030676e-13,2.6410659016185737e-10,1.7341452083795029e-06,2
141,01:11:30,8.144008052270799e-11,2.6930834736814843e-12,1.1109552822516126e-12,1.2953407556371607e-13,4.873054106511645e-13,3.369552806265643e-10,1.8420760943074575e-06,2
142,01:12:00,6.417162021550462e-11,2.2241934613574297e-12,1.1273113458861498e-12,1.2672381636705234e-13,6.444421146592356e-13,3.002936283476896e-10,1.8221367376543931e-06,2
143,01:12:30,5.548661151536733e-11,1.9613432344134378e-12,1.2788512397826342e-12,1.4515236040909554e-13,6.539027837256775e-13,2.3764958766273225e-10,1.7557101919629882e-06,3
144,01:13:00,7.879438374232697e-11,2.2818828256514924e-12,6.173615562353286e-13,7.637787370987247e-14,2.1753776820513958e-13,3.173995241453646e-10,1.8284267147678052e-06,3
145,01:13:30,5.268718266213454e-11,2.4023754228066097e-12,1.1261825906392492e-12,1.0872855132397211e-13,4.4238952877479276e-13,3.2934368166860313e-10,1.7165570776624728e-06,2
146,01:14:00,6.122486421407393e-11,2.8619578792283886e-12,1.2074720366435018e-12,1.4784516198816264e-13,7.151600882341521e-13,2.6219017652539907e-10,1.8078117910484932e-06,2
147,01:14:30,6.470064775520595e-11,2.4205066060690264e-12,1.1679219604140596e-12,1.1804751138623643e-13,4.893821614476999e-13,2.542974334310525e-10,1.74722903498851e-06,2
148,01:15:00,8.888708877140911e-11,5.276879181732065e-12,2.5844490027204296e-12,5.991222803022951e-13,8.390276217756927e-13,7.404467219477975e-10,2.392126781875718e-06,2
149,01:15:30,5.27393606514179e-11,3.685843371396416e-12,1.098675798561927e-12,2.2386368036532607e-13,6.319007488336e-13,4.127888135962877e-10,3.122822055076746e-06,2
150,01:16:00,2.425795611777903e-11,4.232509293458247e-12,2.3420352511775446e-12,1.9583740543030972e-13,4.458753493324617e-13,2.2465876648728176e-10,3.1639998243877313e-06,2
151,01:16:30,4.400889733271444e-11,2.6029447331850593e-12,1.1244282953709395e-12,1.1699352929575958e-13,2.470668725019351e-13,2.1855652504885944e-10,3.0810932476795667e-06,2
152,01:17:00,3.247941663027049e-11,3.1316662135249026e-12,1.6011725021750924e-12,1.7868388756949632e-13,4.713967964699338e-13,2.2642079443370272e-10,3.159987903890885e-06,2
153,01:17:30,1.8094444314896074e-11,2.1441420181546125e-12,1.5996009731221933e-12,1.394419987186372e-13,4.802787381587899e-13,2.457839038038176e-10,3.191471032915345e-06,2
154,01:18:00,3.0678513884082346e-11,2.6632255309959625e-12,1.9025348680023807e-12,1.3087116021711496e-13,3.712321338099885e-13,2.1164899314327135e-10,3.194334483498516e-06,2
155,01:18:30,3.867055276523713e-11,2.9647682918285448e-12,1.8288300395317786e-12,1.5324414508218243e-13,4.0824253415073443e-13,2.0784322595759023e-10,3.087892617351782e-06,2
156,01:19:00,3.095777189766725e-11,2.8061744879622915e-12,1.181228348164427e-12,1.399606831308935e-13,5.443646454704971e-13,1.5027459065261812e-10,3.094603949273222e-06,2
157,01:19:30,2.6972615912954423e-11,2.91920198937677e-12,1.1966004506943073e-12,1.0542758101871751e-13,2.1722149808003465e-13,1.0298755237110748e-10,3.026712259143011e-06,2
158,01:20:00,2.3092062167947956e-11,1.8370225817681796e-12,1.0626403316422114e-12,1.0247111064751492e-13,2.788912422753191e-13,1.1992592143098595e-10,3.0150153640197695e-06,2
159,01:20:30,1.963660418765418e-11,2.392120251841268e-12,9.548052397456176e-13,1.7859424490446676e-13,7.889399416968218e-13,1.6266312762115452e-10,3.023223906131383e-06,2
160,01:21:00,4.089245359708699e-11,2.8697751447378816e-12,1.2513226540012579e-12,2.466891969513017e-13,7.642942110770296e-13,1.4689516942345764e-10,2.864213611847278e-06,2
161,01:21:30,2.5718394126487367e-11,2.8037117626072275e-12,2.1465336106603643e-12,1.93894480796886e-13,8.170976349544055e-13,1.8512904643939575e-10,2.9180233281659073e-06,2
162,01:22:00,1.7909270130133994e-11,1.7630835632269597e-12,9.164713734153772e-13,1.127068987360797e-13,3.45093298098914e-13,1.6026123150483455e-10,2.9222775309570617e-06,2
163,01:22:30,4.832831129411229e-11,3.420737143123175e-12,1.626607193924013e-12,1.5810479181537388e-13,3.7117512627807044e-13,2.8171538305322945e-10,2.9309319358442493e-06,2
164,01:23:00,1.7105179839290613e-11,1.5985010412894964e-12,9.741313068240116e-13,1.4538365739657413e-13,5.097205233862493e-13,1.2042442434774668e-10,2.857044114207877e-06,2
165,01:23:30,5.0488638941513117e-11,2.4793669644622897e-12,1.3084365406102432e-12,2.583445000715001e-13,1.0205361669086758e-12,1.1422325779327591e-10,2.0718181050505625e-06,2
166,01:24:00,3.832802035639651e-11,2.438554808465238e-12,1.287289084202564e-12,1.5386854120367675e-13,5.547586855281174e-13,1.6142515937335584e-10,1.932759575841438e-06,2
167,01:24:30,3.088514143310624e-11,3.9476903384145846e-12,8.989905732033936e-13,2.0226458986427885e-13,8.688128391692461e-13,1.5884922436934298e-10,1.6674212958298494e-06,2
168,01:25:00,2.2062959636094693e-11,1.869713576360784e-12,1.0945280607428859e-12,1.1222762531323908e-13,4.267361399820323e-13,1.2809800429667783e-10,1.5784675612390932e-06,2
169,01:25:30,3.258301058167214e-11,2.6944974212424553e-12,1.2143674620180358e-12,1.3981648687708422e-13,4.985395704581825e-13,1.6671071057616415e-10,1.6145799985005887e-06,2
170,01:26:00,2.39721756817121e-11,3.0534291714786394e-12,7.352927522313758e-13,7.863495445334789e-14,2.885375380691057e-13,1.4339846476193685e-10,1.1899218244651405e-06,2
171,01:26:30,2.6996507221503494e-11,2.3765836300956786e-12,9.718844835109274e-13,1.7009989760129968e-13,4.779886218089801e-13,1.44476159949804e-10,3.2044429376180617e-07,2
172,01:27:00,3.545052244347009e-11,3.0491392821181057e-12,1.5192122453043883e-12,1.4890988708571482e-13,5.267538154602035e-13,1.708726750691921e-10,2.894389276094611e-07,2
173,01:27:30,4.183666653853667e-11,2.5298909971233494e-12,1.045896345803607e-12,1.4864469882763821e-13,5.275959240782015e-13,2.0351226859866842e-10,3.0588035195120465e-07,2
174,01:28:00,2.6706509184523585e-11,2.3598198424206925e-12,1.0161108479391497e-12,2.3019017442494267e-13,8.315064819752664e-13,1.650996634373085e-10,3.7265141314522754e-07,2
175,01:28:30,5.12242856162379e-11,3.113981438405293e-12,1.3204580809094162e-12,2.111559321998033e-13,6.994626976603249e-13,2.0860968531299952e-10,3.3677967014080287e-07,2
176,01:29:00,8.930944335807273e-11,4.958927227676426e-12,1.8230595400990554e-12,1.3881971819673168e-13,5.105737061790681e-13,3.092729063085933e-10,5.959391778599838e-07,2
177,01:29:30,5.103518532445223e-11,2.906137597732805e-12,2.0588010401499897e-12,1.0564866874574843e-13,3.479193462138766e-13,2.3778143201464206e-10,3.63493147176661e-07,2
178,01:30:00,2.8309488027774236e-11,1.9153400245807533e-12,7.98638963258607e-13,1.0417873833232667e-13,2.8431087233529903e-13,1.547757596081017e-10,3.0888594840882937e-07,2
179,01:30:30,2.758449483087458e-11,2.42869632698949e-12,8.698195126504366e-13,1.822844475497285e-13,4.238372455844614e-13,1.310917956255853e-10,7.41490067746586e-07,2
180,01:31:00,4.3086043967428523e-11,3.5253992853306347e-12,1.8825878822212e-12,1.203169491477952e-13,3.6244659968197924e-13,1.0082673881244087e-10,6.120214044057035e-07,2
181,01:31:30,2.3175505585816038e-11,1.598114128988586e-12,8.758039209441976e-13,9.722245242024508e-14,3.1050977524510595e-13,1.4478139437088742e-10,9.987280359382923e-07,2
182,01:32:00,3.034768612054527e-11,2.382507424196139e-12,1.7748891126405811e-12,1.9881513981777787e-13,6.605246790718491e-13,2.336529001040657e-10,2.418901180151363e-07,2
183,01:32:30,7.669964429962187e-11,4.718713491911203e-12,2.492409469069384e-12,1.802608860405758e-13,6.234004651912182e-13,4.2049491751109487e-10,1.343693375689741e-06,2
184,01:33:00,9.712484497484419e-11,3.924320083019402e-12,1.3067372490657372e-12,1.0911670400587468e-13,3.0197119847626496e-13,1.7037388118057667e-10,1.1333089151039433e-06,2
185,01:33:30,3.0504047104397814e-11,2.167426251404491e-12,1.2649303623964669e-12,1.1075024823557835e-13,3.6938533492142553e-13,4.0853394235103017e-10,3.404733595419919e-07,2
186,01:34:00,3.2370476662205324e-11,2.3151255946572335e-12,1.4984382789405435e-12,3.436121990446882e-13,1.1434809947868506e-12,4.2792952837272415e-10,2.557244155421061e-07,2
187,01:34:30,1.9637011430353147e-11,3.3370836900640106e-12,1.5363541654361382e-12,1.527876092302769e-13,4.346129383762577e-13,3.576863025693678e-10,2.5800436807663406e-07,2
188,01:35:00,1.711033856231994e-11,3.67428424100991e-12,1.6222763340500762e-12,1.4557239016431096e-13,3.3862403683298176e-13,5.659189695778435e-10,3.086262820009129e-07,2
189,01:35:30,1.2957424326163701e-11,2.1275008603712104e-12,1.2663964648832805e-12,1.122596202516026e-13,2.834860680962996e-13,6.568884185766115e-10,2.7030379089660906e-07,2
190,01:36:00,2.0823183491374168e-11,4.367225450694779e-12,1.2420015518586593e-12,1.476232004032678e-13,4.832426219605618e-13,2.946793762349254e-10,2.5046818136552337e-07,2
191,01:36:30,1.063332090377262e-11,2.3804091112856123e-12,1.2570182025503703e-12,1.4656212555513255e-13,4.676291950690024e-13,2.2452040336688701e-10,2.7309884790931393e-07,2
192,01:37:00,1.0493065109739198e-11,2.2909838305496636e-12,1.5077827313177915e-12,1.4262921249437126e-13,4.377265581471338e-13,7.188171497614001e-10,2.8331804721855216e-07,2
193,01:37:30,1.3381396624151331e-11,3.052270933196804e-12,1.7921733696069736e-12,1.823539413891703e-13,7.483081836378667e-13,7.048812794849734e-10,3.1063410621111543e-07,2
194,01:38:00,3.3681761612580224e-11,4.220045850389583e-12,1.1760622410937722e-12,1.4015940433620352e-13,4.765424584168789e-13,1.9407404038194117e-10,1.1306858551009908e-06,2
195,01:38:30,1.3365620247331525e-11,5.136918598082823e-12,1.4558035887637672e-12,1.2905452911137378e-13,3.9694612901056675e-13,3.2800406831088094e-10,5.842124261719133e-07,2
196,01:39:00,8.811876747096141e-12,2.922140481012372e-12,1.3250669259838758e-12,1.1050942319413696e-13,2.3000066286490444e-13,1.2714462387874663e-09,2.51803210938004e-07,2
197,01:39:30,1.7006609408127995e-11,3.3059632028428485e-12,1.818411294667237e-12,1.3714329710172331e-13,4.0494866473864557e-13,2.855144409092033e-10,4.657519960638817e-07,2
198,01:40:00,1.1583024167629244e-11,2.1817787239314924e-12,1.4439128012011362e-12,1.6895778082858003e-13,7.870115494110356e-13,1.0165080117159124e-09,2.6769808033545916e-07,2
199,01:40:30,1.0986438187660227e-11,3.6300785456863963e-12,1.7049312936519307e-12,1.6529907799457015e-13,4.297891471946475e-13,6.587459846686255e-10,4.2761584047347126e-07,2
200,01:41:00,2.567969052785619e-11,2.879348208484451e-12,1.199096381273709e-12,1.2792931515855124e-13,3.4189725596235634e-13,4.294824639345056e-10,4.4272388042554176e-07,2
201,01:41:30,1.55905369059612e-11,3.2038632240730806e-12,1.65259832591528e-12,2.2388826791022283e-13,5.34203263103679e-13,1.1503056220838018e-09,3.5730985915975923e-07,2
202,01:42:00,9.228824780460383e-12,2.746952856005583e-12,1.372082422814976e-12,1.6911977492538798e-13,4.552776604447836e-13,2.0357647727370115e-10,2.522182108119714e-07,2
203,01:42:30,9.102799842289685e-12,2.1326187275000637e-12,9.73754992387716e-13,1.466122106156204e-13,4.76856718326655e-13,6.357323122934569e-10,2.6612183678469047e-07,4
204,01:43:00,1.1260080505450895e-11,2.769792448681892e-12,1.0916981817681857e-12,1.762177405386912e-13,3.8897268151660635e-13,2.311152387125898e-09,2.6154177037100526e-07,4
205,01:43:30,2.924370254602391e-11,2.894130946171212e-12,1.615766503215794e-12,1.3395027150079675e-13,4.0470824328199944e-13,3.0561504590362273e-10,2.931959184981379e-07,4
206,01:44:00,1.524543601386706e-11,4.440908258051285e-12,1.1769194021759635e-12,1.5396493690233995e-13,4.110546422071477e-13,5.696940883924807e-10,3.050431557265965e-07,4
207,01:44:30,9.599093976501456e-12,2.6085503184513993e-12,1.076604029057831e-12,1.1858757420773136e-13,2.4930310234955284e-13,2.6541870544908812e-09,7.305484090394823e-07,4
208,01:45:00,9.471213200994932e-12,2.8813917264687027e-12,1.9338783315416832e-12,2.290022112001193e-13,6.452131737143261e-13,2.0920814031947962e-09,1.4827138653757942e-06,4
209,01:45:30,5.583638837686729e-12,3.686640320374038e-12,1.2945125909289946e-12,1.4479871151233371e-13,2.9341659862533294e-13,1.4957563602936998e-10,7.166247173470072e-07,2
210,01:46:00,1.200767167402638e-11,2.339627365673407e-12,1.295186456555501e-12,1.6729695235631034e-13,4.4405701144949225e-13,2.0230263430727529e-10,1.0758219500993364e-06,2
211,01:46:30,1.1830216313172651e-11,3.0324038267537207e-12,1.6963615300644389e-12,1.7414135307159727e-13,4.803444947021417e-13,2.5925604025795527e-10,1.4755047718865986e-06,2
212,01:47:00,1.2753815841846794e-11,2.010429770394156e-12,8.647478573901957e-13,1.26074938087624e-13,3.0290882880772814e-13,1.8120150339897436e-10,3.2316103289945516e-07,2
213,01:47:30,1.023572917326132e-11,2.979111953648563e-12,1.6617825620103952e-12,1.5922354809692432e-13,2.1996885508794252e-13,1.9315230945440178e-10,2.885851692403356e-07,2
214,01:48:00,1.5409062047729704e-11,2.3590676204024706e-12,1.159417437424094e-12,1.178802640317413e-13,3.918985156948749e-13,2.0553586314240655e-10,5.235612113758242e-07,2
215,01:48:30,2.471994973748476e-11,2.9970776306601314e-12,1.4504324092887882e-12,1.4511451590498923e-13,3.950396257290291e-13,1.7027720766408585e-10,7.242367211375346e-07,2
216,01:49:00,2.1381530062932052e-11,1.8379407005579585e-12,9.350155729454456e-13,1.0499375706522202e-13,2.394264334049836e-13,1.1027509096009287e-10,2.554344698212585e-07,2
217,01:49:30,2.23469706501796e-11,1.8995089050181142e-12,1.1201158531112035e-12,1.4724948440733043e-13,3.7156691607308116e-13,1.4559787746190104e-10,5.086734096981043e-07,2
218,01:50:00,3.844726197088181e-11,1.8850974815969866e-12,1.120498877884002e-12,1.2740182787275615e-13,3.6874771396425995e-13,1.574283708627597e-10,3.009125283381934e-07,2
219,01:50:30,1.562322660385469e-11,2.2002492631032106e-12,9.27386779412864e-13,2.276064701694738e-13,6.283805197982187e-13,1.3246499421157228e-10,2.653184257423474e-07,2
220,01:51:00,1.9718049777848965e-11,3.813481270284724e-12,2.013152292414007e-12,2.3483283505250554e-13,6.652862871353796e-13,2.5501523201262743e-10,1.8385848885704859e-06,2
221,01:51:30,1.442925480252368e-11,1.583991433943628e-12,9.539078207390922e-13,2.3362310541281243e-13,6.55977230507438e-13,2.08211622332529e-10,1.447181059339852e-06,2
222,01:52:00,1.3620596981357426e-11,1.5029643749388712e-12,6.274520473344048e-13,2.2233687607541952e-13,5.370659235854926e-13,1.1006160183965755e-10,5.673041098221398e-07,2
223,01:52:30,1.3592574605805719e-11,1.330535930166696e-12,1.0697900364096318e-12,2.32755732120509e-13,7.58957959126473e-13,9.903140160091447e-11,5.492603078919185e-07,2
224,01:53:00,1.8444927899335103e-11,2.2643807444449997e-12,1.0273901916035907e-12,1.467421231427594e-13,4.013837856936622e-13,1.701675554151856e-10,1.1300185827424856e-06,2
225,01:53:30,3.6340325427586106e-11,2.5845952528684166e-12,2.3511601730049017e-12,1.8167982136052932e-13,5.574742918064524e-13,2.528055946758531e-10,1.343993273004313e-06,2
226,01:54:00,1.1800236095332822e-11,1.910716044159766e-12,8.13720390935445e-13,1.1188995237027544e-13,3.1751964031702975e-13,1.370818948971509e-10,4.6258490151359053e-07,2
227,01:54:30,2.0809710337137758e-11,2.0460944832532454e-12,1.1985312370645509e-12,1.211021881531223e-13,3.749668697887746e-13,1.189836843936192e-10,8.976831596911039e-07,2
228,01:55:00,2.7691581692659278e-11,2.1144609925815797e-12,6.362217971025069e-13,1.2653205205205018e-13,3.9230203938243196e-13,9.714463953668818e-11,9.647606911861604e-07,2
229,01:55:30,1.4975743735128314e-11,2.068102579590302e-12,7.411244810747231e-13,8.797356891240447e-14,2.1659686010127777e-13,1.6007057786835147e-10,3.6682555388315035e-07,2
230,01:56:00,2.9611168028468704e-11,2.4585104347084234e-12,9.740417500403913e-13,1.9654328676879313e-13,9.928835043607612e-13,1.1264103620711001e-10,4.7034210491184544e-07,2
231,01:56:30,1.9352886195715025e-11,2.0988130774904762e-12,9.697004709094348e-13,1.8505083858113507e-13,9.994236490399958e-13,1.3275320084949003e-10,3.685652713375835e-07,2
232,01:57:00,1.9878419474686007e-11,2.1035136801594917e-12,1.0118020164261826e-12,1.828417892715212e-13,8.498858213982573e-13,1.2465744923128524e-10,3.6962775171907856e-07,2
233,01:57:30,4.0366299842183453e-11,2.2580180521481184e-12,1.0087596636825763e-12,1.2606510947187872e-13,5.426589852847106e-13,2.0528735066543752e-10,3.680754967049538e-07,2
234,01:58:00,4.656949237837972e-11,1.8649979930895977e-12,1.1085798764641838e-12,1.1999871505005837e-13,4.0431821490693677e-13,2.4356472413536614e-10,4.1086931948469183e-07,2
235,01:58:30,2.8458404786536296e-11,1.977825759548109e-12,8.065282701559795e-13,1.1258852990012795e-13,3.5151604297037555e-13,2.1381976816988647e-10,5.055342055486849e-07,2
236,01:59:00,3.362216947119565e-11,2.1059746081154165e-12,1.0654302731541804e-12,1.2519911979088428e-13,4.388459094730767e-13,1.872137850055953e-10,4.0124991279433185e-07,2
237,01:59:30,3.8573697689924036e-11,2.6234681990262837e-12,8.319005467946798e-13,1.2432590247434156e-13,4.705453317074874e-13,1.6827178121989924e-10,8.271059501874669e-07,2
238,02:00:00,4.091361894821642e-11,2.4367758685756986e-12,8.658198486010849e-13,1.4822445869521574e-13,6.753723704062859e-13,2.4466632505018713e-10,4.937159731132341e-07,2
239,02:00:30,3.162756402218781e-11,2.372772237249275e-12,8.480016886172236e-13,1.831366939243565e-13,7.569225004132991e-13,2.4394886787952503e-10,3.737024425263697e-07,2
240,02:01:00,5.887024034967447e-11,3.0598221572897915e-12,1.3352532157755272e-12,1.7853065662518452e-13,8.118291884537067e-13,3.4943182442656884e-10,8.958266886973566e-07,2
241,02:01:30,5.552652211061125e-11,5.660872851329581e-12,2.202747769397049e-12,5.716691883578065e-13,9.223632164171315e-13,7.750589923822743e-10,2.400123189769577e-06,2
242,02:02:00,2.5564986690718284e-11,3.4869953667698237e-12,2.5870615483979824e-12,2.9457252056447577e-13,4.440132415938143e-13,2.6441236691353626e-10,3.0012531055555744e-06,0
243,02:02:30,1.163406689591917e-11,2.0032997877312544e-12,1.541887305977525e-12,2.5465074168697405e-13,5.285074676742026e-13,3.426418985172694e-10,2.6913851995494283e-06,0
244,02:03:00,1.9917166361890745e-11,1.8299462879265568e-12,1.412628842491768e-12,2.27799200933288e-13,3.9647123995556793e-13,2.445873034571494e-10,2.8084019355296662e-06,0
245,02:03:30,2.4573615224901986e-11,2.3098318181434622e-12,1.2325406986908012e-12,1.8104847098416634e-13,3.5933975069454e-13,3.2636647775297665e-10,2.8416254980395967e-06,1
246,02:04:00,4.1366869829830257e-11,1.6255715950893817e-12,1.0918656776684677e-12,1.480841835787557e-13,4.0194332448317085e-13,1.952770585943736e-10,2.926138494578752e-06,1
247,02:04:30,3.96386004689606e-11,2.1285046121772936e-12,9.959998950191351e-13,1.2515092901609751e-13,2.4897585384626014e-13,2.804743247610995e-10,2.7065213690973607e-06,1
248,02:05:00,4.13325736227733e-11,2.466085054412867e-12,1.103495312075048e-12,1.3668106053947748e-13,3.883552909749236e-13,2.4837751966607984e-10,2.598181276010925e-06,2
249,02:05:30,2.8714409527073198e-11,2.007310271566601e-12,7.992569277286759e-13,9.768623990498551e-14,2.1369657375535036e-13,1.8599523365461568e-10,2.6492812643184094e-06,2
250,02:06:00,4.802420006163961e-11,3.088313339773904e-12,1.4100653351413686e-12,1.4811510030663748e-13,4.1071067420565277e-13,1.7752837686260757e-10,2.5290600783606885e-06,2
251,02:06:30,2.0286029840750104e-11,1.4749442976844448e-12,7.452433222704695e-13,1.0133150113446828e-13,2.362418175454588e-13,1.219965803646689e-10,2.560108548659867e-06,2
252,02:07:00,1.842138832285382e-11,1.7937420982124875e-12,7.148193738510667e-13,1.8150280075975293e-13,4.800477183944614e-13,1.7564011235416207e-10,2.516316271611971e-06,2
253,02:07:30,2.019157186360365e-11,2.755184796487503e-12,9.659935239717194e-13,2.858189990019409e-13,1.4484723389537686e-12,1.625329727316499e-10,2.4328362261039137e-06,2
254,02:08:00,1.8246578122907566e-11,2.6987101218609138e-12,9.653985421157408e-13,1.3681043080377925e-13,4.580734192828796e-13,1.6230410292164526e-10,2.3986567952201435e-06,2
255,02:08:30,2.6306014362992984e-11,2.637947005808727e-12,7.777256213460759e-13,1.1486513632324944e-13,3.30363501744119e-13,1.0724332908357497e-10,2.465784795850446e-06,2
256,02:09:00,2.973661606615878e-11,2.7317919106580306e-12,9.66608522876004e-13,1.737122720739026e-13,5.184460979151139e-13,1.4674691867297468e-10,2.4363238398321197e-06,2
257,02:09:30,2.6485893678681602e-11,2.482811967680645e-12,6.551045094991941e-13,8.691959182274473e-14,2.8268286699582634e-13,1.0793728932969874e-10,2.3907348535496362e-06,2
258,02:10:00,3.904655927898861e-11,2.5906608431918656e-12,7.036656209539657e-13,1.7296581098026356e-13,5.361178540635189e-13,1.4225764848815365e-10,2.375275422211078e-06,2
259,02:10:30,3.25922448175043e-11,2.8681136024453875e-12,8.886991551056384e-13,1.5915944467372995e-13,6.685390957142343e-13,1.3559727468470673e-10,2.3952042904180007e-06,2
260,02:11:00,2.513444135386693e-11,2.9924928163461935e-12,1.0815486417948538e-12,2.2690447571385809e-13,9.826237094514972e-13,1.4607098805273436e-10,2.388395350678674e-06,2
261,02:11:30,4.585303168347504e-11,2.123877434164609e-12,1.1626610475555004e-12,1.3352265243477118e-13,5.658820132912442e-13,1.2325762593325051e-10,2.260407595049507e-06,2
262,02:12:00,5.3411239719698235e-11,2.919718954634206e-12,1.0178785420220236e-12,1.163059916619192e-13,4.2726382788155276e-13,1.7945261022618587e-10,2.467273873601566e-06,2
263,02:12:30,4.034302907003978e-11,2.877120745693383e-12,1.26873837703911e-12,1.141553133478792e-13,4.234073512628158e-13,1.9147109526226716e-10,2.4093197856745453e-06,2
264,02:13:00,5.950843053068223e-11,3.509760606999779e-12,1.0195282040029412e-12,1.0361580619875876e-13,3.919768371060076e-13,2.2921946337319793e-10,2.4065079520655856e-06,2
265,02:13:30,5.214748741493165e-11,2.6313362745327446e-12,1.2269337788791934e-12,1.4126708431641563e-13,5.583636967840288e-13,2.856254031219558e-10,2.383463405259668e-06,2
266,02:14:00,6.488473092903293e-11,3.0637683445362582e-12,1.0477556514707163e-12,1.1335054191536395e-13,4.568267382104118e-13,2.149295996810142e-10,2.368538967784957e-06,2
267,02:14:30,6.706138113391249e-11,2.711176113856055e-12,1.2337142980928653e-12,1.375970351964879e-13,5.072371479068263e-13,2.311478512174663e-10,2.3574368823616062e-06,2
268,02:15:00,4.954442368188899e-11,2.9494590398957417e-12,1.1368777058917876e-12,1.47495542635667e-13,6.881874551232334e-13,2.43273554338104e-10,2.354161146017888e-06,2
269,02:15:30,4.623692646388688e-11,1.7961803367005185e-12,1.0262098603682863e-12,1.3270899608863876e-13,6.152770674545002e-13,3.3863982903728067e-10,2.3925953921682915e-06,2
270,02:16:00,6.528514441567073e-11,2.7830427862265646e-12,1.0999749533313064e-12,1.363895765676369e-13,5.200344462685079e-13,3.3046855966748197e-10,2.343563249955165e-06,2
271,02:16:30,4.3017488770577485e-11,2.622604901923536e-12,9.717189493332482e-13,1.0408505720563886e-13,3.8557270211516867e-13,3.032630160300234e-10,2.2941437529438455e-06,2
272,02:17:00,4.099139114423942e-11,2.5539738266157387e-12,1.0991522386318388e-12,1.0195081869068098e-13,4.2100597071892027e-13,3.7649492993521485e-10,2.2588416909571207e-06,2
273,02:17:30,4.056677661943008e-11,2.067631079483535e-12,1.0700148628716648e-12,1.1993753948402376e-13,4.1837829533063765e-13,3.069816353736995e-10,2.207736006566993e-06,2
274,02:18:00,5.1072874510980415e-11,2.6250075044327197e-12,1.0267773713393743e-12,1.1990562512822924e-13,4.437573775047987e-13,2.7807293094398583e-10,2.2004101131603203e-06,2
275,02:18:30,4.9811243620073665e-11,2.752912352295148e-12,8.442709409080995e-13,1.2747498750877866e-13,6.454368982289352e-13,2.866368533485001e-10,2.1560951710038963e-06,2
276,02:19:00,4.37098951351184e-11,2.829689391571051e-12,1.3478361694428097e-12,1.0614402887532609e-13,4.0295541973286895e-13,3.8305401246488254e-10,2.1886809159789696e-06,2
277,02:19:30,4.3157800589813516e-11,2.057317810821457e-12,8.828589737841512e-13,7.439215117948357e-14,2.9458534530719133e-13,2.6860888838634277e-10,2.2005470945445887e-06,2
278,02:20:00,6.168592085153358e-11,2.5597554509097813e-12,1.0807432079200598e-12,1.3108853687460343e-13,4.519929609908167e-13,3.723366766250664e-10,2.215990474878448e-06,2
279,02:20:30,6.640784720887581e-11,2.906956664401064e-12,1.1609119246003436e-12,9.083551244084373e-14,3.347488933065365e-13,4.17400732723644e-10,2.285789426205158e-06,2
280,02:21:00,8.785204835762118e-11,5.6388027980617524e-12,1.1280081524276003e-12,9.729097651697085e-14,2.7610130063878745e-13,2.9926032986488613e-10,2.0806901061684513e-06,2
281,02:21:30,4.7277312525500324e-11,5.9710800631687336e-12,1.8722785184292825e-12,3.168265508410188e-13,6.264975838419322e-13,4.4355297793057187e-10,2.672653050638967e-06,2
282,02:22:00,2.7167049334015813e-11,2.844986669183738e-12,2.6910954408712714e-12,4.25283834288006e-13,1.0236549500594122e-12,1.6576609102897001e-09,3.179231979382417e-06,0
283,02:22:30,1.624759743887444e-11,2.1671549489708602e-12,2.160367285043076e-12,2.2348151284176434e-13,8.040448758966743e-13,3.246799585283281e-10,3.176361511115151e-06,0
284,02:23:00,1.867746680908143e-11,3.0567143985271802e-12,1.7211238962091646e-12,1.6177740791323596e-13,3.425255812718449e-13,1.4066950371790187e-09,3.2380909616620965e-06,0
285,02:23:30,2.7869676340971e-11,2.1443076790923723e-12,1.1648935221969417e-12,1.3967070991456754e-13,3.377372163070898e-13,1.0007939617010155e-09,3.17431128444113e-06,1
286,02:24:00,4.538383646469906e-11,2.4695440739823456e-12,1.4407904065534079e-12,1.2577382974156395e-13,3.5681402931981047e-13,4.166445421207675e-10,3.088034390750893e-06,1
287,02:24:30,4.562660096997979e-11,2.661127299592926e-12,1.7319329760807948e-12,1.64540912968049e-13,5.963337946826226e-13,4.1366624926278135e-10,2.990784358204335e-06,2
288,02:25:00,4.12200730619909e-11,2.3651322294233965e-12,8.712962294481975e-13,1.2004610654954377e-13,4.2638531162546535e-13,2.652227475920369e-10,3.0255941162216627e-06,2
289,02:25:30,2.409684628848264e-11,1.815614538980453e-12,7.819547304748017e-13,1.1777516971466086e-13,3.2530933570014493e-13,1.720881633668877e-10,2.9726810923127364e-06,2
290,02:26:00,2.8845566562815012e-11,2.2209849601315187e-12,1.573078405119646e-12,1.3679620390719596e-13,3.270734909486909e-13,1.7270075116619132e-10,2.9894373201628124e-06,2
291,02:26:30,3.566816181349161e-11,2.3665421100408435e-12,9.835943394675138e-13,1.333109968898603e-13,4.802025080572978e-13,2.7799286602518054e-10,2.961546258365956e-06,2
292,02:27:00,1.967150389631702e-11,1.9925189432170837e-12,8.111775640218729e-13,7.894739721172242e-14,2.0249859773750527e-13,2.107655220128878e-10,2.862032625383678e-06,2
293,02:27:30,7.579375822835402e-11,5.013498640255778e-12,3.735093978493269e-12,2.0701302417100061e-13,6.400564373659739e-13,2.3675899874468777e-10,2.888629127924892e-06,2
294,02:28:00,2.870714845160858e-11,2.411770088182571e-12,1.0846675728840587e-12,2.2628782817603917e-13,6.887020531902573e-13,1.236878388924339e-10,2.6998840845432243e-06,2
295,02:28:30,3.045240500160713e-11,2.1413190876613013e-12,1.0011855282359105e-12,1.469703099106021e-13,4.4113992848307064e-13,1.3039572638711426e-10,2.7133871046449435e-06,2
296,02:29:00,3.3077816333898424e-11,3.4919190501988252e-12,1.2331199499285443e-12,1.9669408916101957e-13,6.153991810731933e-13,1.705131581582882e-10,2.7173564173451784e-06,2
297,02:29:30,5.1474370313357755e-11,3.648086398408957e-12,1.8805424615472533e-12,1.563406803793697e-13,3.0094741404003467e-13,2.1656159167569023e-10,2.6498410704226573e-06,2
298,02:30:00,2.962520687497362e-11,3.119886573235123e-12,8.510774109275704e-13,1.5111535776738323e-13,3.9172926342985937e-13,1.401894226362202e-10,2.2973026439494566e-06,2
299,02:30:30,2.1972820102574308e-11,3.1027307308928053e-12,1.1812199183728683e-12,1.2484016828957778e-13,3.755306780614556e-13,9.674616937769376e-11,2.29848237210947e-06,2
300,02:31:00,2.5466624894237957e-11,2.2430052481502136e-12,1.0538759470844915e-12,1.6973050882693318e-13,6.962351756622887e-13,1.1701063332922454e-10,2.2382945225808897e-06,2
301,02:31:30,3.9531272330910485e-11,3.3602725381100187e-12,9.815434533665026e-13,1.4035614531159824e-13,5.569982473045908e-13,1.4602733752587443e-10,2.324311204346124e-06,2
302,02:32:00,3.560911928940496e-11,2.8907668062468316e-12,1.1066466798305468e-12,1.6043056430869675e-13,8.177205012829091e-13,1.5854685929095573e-10,2.2364062962844454e-06,2
303,02:32:30,3.033660932336188e-11,2.5485286815993223e-12,7.472437389706757e-13,1.942518831728551e-13,7.065352998545407e-13,1.025558893259077e-10,2.299754008383045e-06,2
304,02:33:00,2.508645523805195e-11,3.2256590345827525e-12,1.063080154444059e-12,1.6880844885372117e-13,7.515455496389871e-13,1.8961195340486633e-10,2.2732380183691265e-06,2
305,02:33:30,2.6222307015711942e-11,2.4011217075041065e-12,1.0020300446287941e-12,1.451319989070878e-13,5.076465562941409e-13,1.4724528215649504e-10,2.2588082516597356e-06,2
306,02:34:00,3.6042873043197184e-11,2.8618987662691998e-12,9.140886040164e-13,1.3498207994713526e-13,6.169786565155986e-13,2.243371889009811e-10,2.257517884847858e-06,2
307,02:34:30,3.575320437251907e-11,2.2165188006812826e-12,6.471083481064311e-13,9.045427813392325e-14,2.932584274287778e-13,1.805459232164047e-10,2.186765658176752e-06,2
308,02:35:00,2.1636867946580415e-11,3.4201107783932347e-12,9.586402313583318e-13,1.1144848091928346e-13,4.17946599242383e-13,1.3640449116115836e-10,1.6574725480316388e-06,2
309,02:35:30,4.7457873894022496e-11,2.9753237897147737e-12,8.88472813906169e-13,1.381008212309851e-13,4.548115377911524e-13,2.390633139581623e-10,1.6882014017615155e-06,2
310,02:36:00,5.24428441575802e-11,3.4681156322315545e-12,1.352451596993212e-12,1.9825436048870628e-13,8.009676909675258e-13,1.6168150631549168e-10,1.7204745960372653e-06,2
311,02:36:30,3.429662395294595e-11,2.5504009094772977e-12,1.2711514737064795e-12,1.6873466616405486e-13,6.469316496688133e-13,1.4954797099329373e-10,1.6664274913345314e-06,2
312,02:37:00,3.562408389243709e-11,3.700077245321417e-12,1.164414484359802e-12,1.2801882532766762e-13,5.226389270546855e-13,2.8260275951996003e-10,1.5916173953459285e-06,2
313,02:37:30,3.817836671604898e-11,2.1555828671948142e-12,8.236459337878674e-13,1.2085174181709253e-13,3.6943907836720616e-13,1.4562560526384922e-10,1.661697503486278e-06,2
314,02:38:00,4.135542388079461e-11,2.8996978705938187e-12,1.0155978864642808e-12,8.860807530353517e-14,3.807556036766943e-13,2.0671363867298566e-10,1.6683185068656981e-06,2
315,02:38:30,7.990406456894472e-11,3.0738330044612877e-12,1.6758207523305883e-12,1.0576480461174153e-13,2.7130472871618914e-13,3.335451790652201e-10,1.714507071757877e-06,2
316,02:39:00,1.67559496492166e-11,2.5866146552143324e-12,5.416033427105002e-13,6.708642760556925e-14,2.0801302271841269e-13,1.6862456865007704e-10,1.139017981685288e-06,2
317,02:39:30,3.334090533171762e-11,2.6907436880284105e-12,8.502380523968513e-13,1.5252914103596103e-13,6.720512689858852e-13,1.288987595051708e-10,1.0041219831938963e-06,2
318,02:40:00,4.670460172147507e-11,2.6654690955187085e-12,9.486505946673638e-13,1.2836896646466152e-13,5.443182945683681e-13,3.512798091642979e-10,9.116402812338164e-07,2
319,02:40:30,3.336303158083832e-11,2.4118485586256537e-12,5.693355643878094e-13,1.0090559422573635e-13,4.0694511518980385e-13,1.833372374276876e-10,9.661733402039664e-07,2
320,02:41:00,4.295946163424764e-11,2.6209411742347325e-12,9.276400760264588e-13,9.660854023018e-14,3.8752800937181187e-13,1.9891678382050483e-10,9.059077376011456e-07,2
321,02:41:30,5.345913214442781e-11,2.7435413640726115e-12,1.3794720041686118e-12,1.182354177063552e-13,4.904991886086507e-13,2.8581153335909585e-10,1.0019381077269924e-06,2
322,02:42:00,5.5072887501912454e-11,2.7374780502063604e-12,7.533260497224887e-13,8.941965652292442e-14,3.7292093412106214e-13,1.859207462376563e-10,9.259445489549277e-07,2
323,02:42:30,5.24387750109348e-11,2.10151304615888e-12,6.795958718723013e-13,7.040958677414121e-14,2.3763503600756463e-13,1.7381134600480262e-10,7.805307311523881e-07,2
324,02:43:00,4.0095247299866865e-11,2.2179841121144552e-12,7.158827772571024e-13,9.56731097349482e-14,3.9454890830059517e-13,2.079948185294203e-10,7.483984328577509e-07,2
325,02:43:30,5.822237863225144e-11,4.540653468035264e-12,2.313626026407722e-12,1.9159808840525984e-13,5.848010870483201e-13,3.3411563152697185e-10,2.4408270224891407e-06,2
326,02:44:00,6.799567558526791e-11,4.804807701090597e-12,1.5524668933554399e-12,1.339298654506107e-13,3.0975648957369977e-13,4.356810933059317e-10,3.1852932399279525e-06,2
327,02:44:30,5.6947084182608073e-11,2.6365904904668748e-12,1.8044416353586201e-12,1.199327801661608e-13,2.6916990726714695e-13,2.976757789291997e-10,3.1233814296937504e-06,3
328,02:45:00,4.1514881700664334e-11,2.2121843561437786e-12,1.2119541918488652e-12,1.2224743133031734e-13,3.1356596725862773e-13,2.4213882298309207e-10,3.2036308658065263e-06,2
329,02:45:30,2.7896604083742094e-11,3.157330049494582e-12,1.4560884707684041e-12,1.0733222558129396e-13,2.1608146394235546e-13,1.8070465665484043e-10,3.1816895830103977e-06,2
330,02:46:00,7.54548779768577e-11,2.7694929803276266e-12,2.17221143419775e-12,1.649239877923965e-13,4.332146924853771e-13,2.0881274358699211e-10,3.206171232898042e-06,2
331,02:46:30,2.607254230365367e-11,2.6065919990392108e-12,9.2759196862027e-13,9.97242682504215e-14,1.741587896333292e-13,1.5761476409653045e-10,3.0864879767235004e-06,3
332,02:47:00,3.69558186654376e-11,2.287337626904007e-12,1.4065394456689028e-12,1.6153603197083478e-13,6.535124520210937e-13,1.6271283878222456e-10,3.0454631109129322e-06,2
333,02:47:30,3.275485589482208e-11,2.153326652177309e-12,1.1493245961687034e-12,1.3828752783622334e-13,3.0880843989887894e-13,1.867401824248071e-10,3.0153984244990017e-06,2
334,02:48:00,2.535431477377755e-11,1.9724651087065085e-12,1.2283840501235157e-12,1.3558074558239404e-13,5.200200093655717e-13,9.355355564690053e-11,2.876370986847437e-06,2
335,02:48:30,4.9972823380680794e-11,2.5225143143870873e-12,1.927818554682801e-12,3.8732662205406077e-13,1.027311801696754e-12,1.2281965350316825e-10,2.8780063163100774e-06,2
336,02:49:00,2.285095331718814e-11,1.6413174425340498e-12,1.1681519859039455e-12,1.3727349757908398e-13,2.755413731613935e-13,7.001762818419408e-11,2.9517178097134158e-06,2
337,02:49:30,1.868382805930832e-11,1.907303698609275e-12,8.135011730995743e-13,1.5740189599760442e-13,4.549948665434441e-13,8.751839685183778e-11,2.930861271757829e-06,2
338,02:50:00,3.245683631018363e-11,2.4348325621571303e-12,9.247954393408978e-13,1.618500773474894e-13,5.35663751107617e-13,1.2557559854281355e-10,2.9205277815702193e-06,2
339,02:50:30,4.8422297381099925e-11,5.054233262521972e-12,4.3024042098005675e-12,2.0344598641296882e-13,6.571023529657615e-13,3.0565770996552646e-10,2.9606555389972053e-06,2
340,02:51:00,4.4588125390946044e-11,2.5008680248473497e-12,1.1896002384853612e-12,1.100129144035212e-13,2.372875124182123e-13,2.2582462110322157e-10,2.969998077251944e-06,2
341,02:51:30,3.261289756652442e-11,2.1771343696734073e-12,8.687488002103409e-13,1.0472042944667952e-13,2.4494402927483504e-13,2.0747318750835653e-10,2.7337243791739545e-06,2
342,02:52:00,3.132172183158865e-11,2.1599676840580498e-12,2.065430427732885e-12,3.986685400260707e-13,7.084694654219618e-13,7.405905886337601e-10,3.086659441194718e-06,0
343,02:52:30,1.9588224504277755e-11,3.604504665730776e-12,1.8665291374357716e-12,1.9164258845045373e-13,2.344798716658498e-13,2.045884127239852e-10,3.0640376115943846e-06,0
344,02:53:00,2.006514960852347e-11,2.8196776319946875e-12,1.0204215407368737e-12,1.6131513597626802e-13,2.700203007330193e-13,2.8016720256599673e-10,3.1023008395316857e-06,0
345,02:53:30,3.7534731453542893e-11,2.705635606929673e-12,1.35277629990503e-12,1.749672666043775e-13,3.8082735573400277e-13,5.639330009968329e-10,3.0914665801970214e-06,1
346,02:54:00,3.3518740698077637e-11,2.6141393041858704e-12,1.0647757924509238e-12,1.335487486560281e-13,3.754058631393226e-13,4.820787974701436e-10,3.0864093247890274e-06,1
347,02:54:30,4.938842842924283e-11,4.329168824381804e-12,2.093202124427064e-12,2.02435496430163e-13,6.687466129677324e-13,3.025580645964271e-10,3.1349184568146105e-06,2
348,02:55:00,4.243201879910178e-11,3.625350625361652e-12,1.763277327370749e-12,2.1278528898046443e-13,5.44102559762744e-13,4.971805109214555e-10,3.124162261836606e-06,2
349,02:55:30,1.5963207983822873e-11,1.4173883914546887e-12,5.246540690151006e-13,1.0548129689330044e-13,2.0431114452553985e-13,2.0793795493766788e-10,3.153747283109749e-06,2
350,02:56:00,5.1266182694361735e-11,3.647366148198079e-12,1.5375582806625545e-12,1.8981277696430996e-13,6.676418435058771e-13,2.2966516958716598e-10,3.179533224090819e-06,2
351,02:56:30,3.177229117971328e-11,2.2769670099917945e-12,1.0465284227236849e-12,1.1399562470874318e-13,3.1346933004137466e-13,1.298365674765356e-10,3.111244558375701e-06,2
352,02:57:00,3.563728593544291e-11,2.784386578089959e-12,1.8004133343447607e-12,2.2370280043732868e-13,1.1107476583092453e-12,1.753374074395447e-10,3.092522289350859e-06,2
353,02:57:30,3.8448185066440846e-11,2.15229696361044e-12,7.843215183482315e-13,1.869905131876918e-13,5.883466394132549e-13,1.1573897255329142e-10,3.0506224522878834e-06,2
354,02:58:00,4.2395886826253414e-11,3.0459534617420804e-12,1.9298990460469692e-12,2.566608246114596e-13,7.611219140856896e-13,1.013576595516157e-10,2.959398325034861e-06,2
355,02:58:30,1.7831213763025897e-11,2.665137786844571e-12,9.990487389482678e-13,1.4481745400256825e-13,4.785234003429337e-13,1.0128766539358645e-10,2.7127539469200223e-06,2
356,02:59:00,1.7084918700218214e-11,1.9642087807458093e-12,6.845174392290888e-13,1.4093206187151294e-13,3.6514444975709066e-13,1.0314586627960115e-10,2.7572153648787178e-06,2
357,02:59:30,3.9544177206375256e-11,2.769315661171957e-12,7.296907025046916e-13,1.1695923312521703e-13,3.250843891507185e-13,1.1830826443808753e-10,2.7100195193254725e-06,2
358,03:00:00,4.2088783109507736e-11,2.929854776280864e-12,1.156753322121109e-12,1.5126683101967762e-13,2.875235561637663e-13,8.794253726827248e-11,2.755435214927772e-06,2
359,03:00:30,3.129965574860825e-11,3.1525246936321042e-12,1.0419047315116465e-12,1.699708957992874e-13,4.800741716275275e-13,9.104997151055097e-11,2.855127933682374e-06,2
360,03:01:00,2.365686906325808e-11,3.535305745746816e-12,8.475958277887718e-13,1.9218973014600798e-13,5.711346615339323e-13,9.761228703622222e-11,2.805721393766712e-06,2
361,03:01:30,2.2568397771149545e-11,3.000426751547771e-12,7.458581249470291e-13,1.4898841198871817e-13,5.882797405398885e-13,8.860472484444303e-11,2.6903032406374336e-06,2
362,03:02:00,3.6426114163277585e-11,3.3030387115683584e-12,1.2989107813335982e-12,9.470924546820197e-14,2.276193746982574e-13,1.2829681240339635e-10,2.6845939186986652e-06,2
363,03:02:30,3.299659325983157e-11,2.1708587153316226e-12,8.884528237172316e-13,1.5109150427032387e-13,4.676090158855598e-13,8.829112922679878e-11,2.815971556566394e-06,2
364,03:03:00,3.11130660756087e-11,1.976804589017306e-12,1.2777592957787525e-12,8.261329589090181e-14,2.4012828406054083e-13,1.6158909723683776e-10,2.626940636660517e-06,2
365,03:03:30,3.003775721627017e-11,2.821936308744311e-12,9.386794191519965e-13,8.639151309023487e-14,2.4238991965373525e-13,8.387759875003215e-11,2.714000296767778e-06,2
366,03:04:00,3.4588121995230834e-11,2.4523205098852034e-12,1.0213746190474281e-12,1.7434232726454778e-13,4.1024037684385777e-13,2.063560936832128e-10,2.72682157110483e-06,2
367,03:04:30,7.31907738594284e-11,2.1696731880769995e-12,1.1937993527799501e-12,1.2545171341464637e-13,4.148142019248985e-13,1.3318405696817643e-10,2.6555269429221897e-06,2
368,03:05:00,4.015370861311589e-11,2.5366411968869113e-12,1.4574870579305303e-12,1.1215703895741948e-13,2.5947138467363613e-13,1.5073737437528188e-10,2.6044070276079263e-06,2
369,03:05:30,2.23359676977551e-11,1.8437806923258642e-12,9.789541896577705e-13,1.8545518323112308e-13,5.648835850431647e-13,8.426008841293988e-11,2.506944385629848e-06,2
370,03:06:00,3.6239997960420146e-11,3.169025783637435e-12,1.5905321612870811e-12,2.149433969916688e-13,9.986909232772465e-13,9.358298341734069e-11,2.5849577299911875e-06,2
371,03:06:30,4.472391222692202e-11,3.11288746682737e-12,1.7156681180319394e-12,1.6211266599278483e-13,4.503272833995345e-13,1.46201925165916e-10,2.5650000802751517e-06,2
372,03:07:00,2.233853182136823e-11,1.995383544196009e-12,8.347584912834105e-13,1.086741337517038e-13,3.5548007856617834e-13,1.453237062669641e-10,2.4775454390568602e-06,2
373,03:07:30,2.900941276477597e-11,3.7921423928102404e-12,1.6796038032011288e-12,1.7061879282694739e-13,7.552545489430914e-13,1.7520634469620154e-10,1.9900475294787904e-06,2
374,03:08:00,3.099089399890977e-11,4.389209344770577e-12,1.8875636497024054e-12,1.5717132823053228e-13,4.3087938460070053e-13,1.1642368013555857e-10,2.272161573099161e-06,2
375,03:08:30,3.5303399721502235e-11,3.920462231200845e-12,1.1753619761369996e-12,1.185508058079867e-13,3.467427409088073e-13,1.1455863961483555e-10,1.402055377486493e-06,2
376,03:09:00,5.648481005931968e-11,3.353321030756094e-12,2.0369719880180767e-12,1.7031747751316585e-13,6.090365212989405e-13,4.912766214238304e-10,4.2254236862377373e-07,2
377,03:09:30,1.8102931682176995e-11,3.165071386429668e-12,1.6516267907244381e-12,1.421075907729074e-13,3.848790794610214e-13,1.405883951903782e-09,3.107421595553382e-07,2
378,03:10:00,3.537081868880164e-11,3.1249271097225945e-12,1.274813797177869e-12,1.4928279292996396e-13,4.93506461767102e-13,2.2699892738616947e-10,3.0929949749253973e-07,2
379,03:10:30,1.366191285522031e-11,3.218595320390886e-12,1.671586292106329e-12,1.109243290721404e-13,2.84878739704022e-13,1.6557370230610826e-09,3.2347337217991226e-07,4
380,03:11:00,8.578208857399697e-12,4.236608889276662e-12,1.6045774081414902e-12,1.2229262214481997e-13,2.4973365065904446e-13,4.2418924515830206e-10,3.5368622186673725e-07,4
381,03:11:30,1.005863107018434e-11,4.738574617230105e-12,2.6889908565835437e-12,1.5707524631807014e-13,4.4713086993807625e-13,3.4411359570170786e-10,3.409669379857186e-07,4
382,03:12:00,2.5120186324169152e-11,6.603370010937083e-12,3.917439875799995e-12,1.795012220877799e-13,4.902744113715677e-13,2.4286227829274094e-10,9.771935611237881e-07,4
383,03:12:30,1.9601506546175344e-11,5.442397470922765e-12,1.8876918237923424e-12,1.538790211067038e-13,5.194987105384989e-13,9.603005590600235e-10,3.0784605977487447e-07,4
384,03:13:00,8.016387281973835e-12,3.781039484981064e-12,1.076303658477064e-12,1.0855616534539292e-13,2.142312039953208e-13,1.0111995813317045e-09,4.1966710701154986e-07,4
385,03:13:30,1.192234067394851e-11,2.822396779995581e-12,1.2083455523312372e-12,1.2238672037356328e-13,4.088884723068485e-13,1.5754615297993726e-09,2.72086809514349e-07,4
386,03:14:00,2.321965725457111e-11,4.676436746053652e-12,1.8811659879088565e-12,1.4869156298961043e-13,3.496391298994392e-13,6.762378065053361e-10,2.9927171363467085e-07,4
387,03:14:30,7.997763016072038e-12,1.7938600771037045e-12,1.4496124725421733e-12,1.0677776766242559e-13,2.236525540540126e-13,2.1811491721750696e-09,2.487187450203647e-07,4
388,03:15:00,6.2149689821862515e-12,2.3221972783229606e-12,1.1137150578717746e-12,1.0969069890210051e-13,2.4142213618730023e-13,1.6100671341341052e-09,2.8231787043898653e-07,4
389,03:15:30,6.538545479467183e-12,2.2572842637337757e-12,1.012452949776423e-12,1.153600133850304e-13,2.802080974446555e-13,1.4014354108155704e-09,2.437823482311621e-07,4
390,03:16:00,1.0954110621543356e-11,2.2844854467383157e-12,9.155826875840014e-13,1.1856106667259359e-13,2.969825747636681e-13,3.936393919928423e-09,3.2579178614849787e-07,4
391,03:16:30,7.105783481486985e-12,3.2579228028807364e-12,1.3601699130923389e-12,1.622708922160921e-13,5.133477913015316e-13,2.4704983765773093e-09,3.2453954892912624e-07,4
392,03:17:00,1.2382656201438782e-11,2.3856189425770794e-12,9.154227895337675e-13,1.213482300331591e-13,2.4411382276434804e-13,4.323746492130041e-09,3.1973098756030017e-07,4
393,03:17:30,1.2090074026783276e-11,2.1856433743772197e-12,6.5189590051322e-13,1.0734891757108736e-13,2.544089640339467e-13,1.221456126499052e-09,3.3535535027407527e-07,4
394,03:18:00,1.3204932466522294e-11,2.017637479466975e-12,1.3429992369409341e-12,1.4469167954256971e-13,4.812900508382088e-13,1.5926592291117495e-09,3.089283522468282e-07,4
395,03:18:30,2.4512265085425417e-11,5.366854812474574e-12,2.0859149320334565e-12,2.1110456548958842e-13,6.818004965908313e-13,4.731085790776191e-10,8.251501681863485e-07,4
396,03:19:00,1.414424707314431e-11,7.467676225762e-12,1.844596984674001e-12,1.7784009900550856e-13,4.0902681275391426e-13,1.3002163443372459e-10,1.4551944789269595e-06,4
397,03:19:30,8.631571883741673e-12,4.626492529666294e-12,1.6248920045466208e-12,1.521062833046516e-13,3.8862735315883647e-13,2.0154071158838626e-09,2.5902242164700193e-07,4
398,03:20:00,7.025798788181529e-12,2.4748115190756772e-12,1.0022530163876025e-12,1.098193545558826e-13,2.7138632667918484e-13,1.5605825849511687e-09,2.7291678540568036e-07,4
399,03:20:30,1.3453401428887963e-11,3.568888484901344e-12,1.3829300345983508e-12,1.3197318936611678e-13,3.091209685314849e-13,6.244424733120139e-10,3.004250730000536e-07,4
400,03:21:00,6.56417825682385e-12,2.7957539468610264e-12,1.240362543066574e-12,1.3496839860760142e-13,3.3846130898681864e-13,1.0456208370106462e-09,3.525326703671712e-07,4
401,03:21:30,1.2625759501341392e-11,2.377043388947045e-12,1.1865719167447314e-12,1.0895760509210663e-13,3.0223540556482284e-13,2.6949023121975228e-09,1.1671036171530696e-06,4
402,03:22:00,6.246738941377079e-12,7.315792948792337e-12,1.7329586211525396e-12,2.063903377943485e-13,6.728762969023517e-13,3.7897820391132706e-10,1.1180322266867624e-06,4
403,03:22:30,8.649580270846262e-12,4.095642795672237e-12,2.2758733899667152e-12,2.037646532836299e-13,4.839674135482793e-13,2.2733550284189007e-10,9.103984271900943e-07,4
404,03:23:00,9.424207347842402e-12,4.85710824312054e-12,1.7917109011438718e-12,1.52904917389101e-13,4.57989524824394e-13,2.5419594943086217e-10,6.146959700828118e-07,4
405,03:23:30,1.1267216411231387e-11,3.086880321908918e-12,2.160681229049959e-12,2.0447036041134847e-13,6.292867318079884e-13,8.633948853382495e-11,3.1074810640273723e-07,4
406,03:24:00,1.7125092086634956e-11,4.795459845519551e-12,1.1686110963392783e-12,1.2927695879966354e-13,3.7066884670809957e-13,1.7492444736935296e-10,4.1659250720764964e-07,4
407,03:24:30,1.3489210297038024e-11,4.707453608134735e-12,1.5161816545961473e-12,1.3521745123995083e-13,3.916440176238321e-13,1.6872640178696772e-10,3.96821818381983e-07,4
408,03:25:00,8.129387998095277e-12,3.9037168880063e-12,1.690053721787405e-12,1.4472801444262144e-13,2.2670974267940264e-13,3.111555260959212e-10,5.260799338862506e-07,4
409,03:25:30,8.600428571168059e-12,3.7596737204544996e-12,1.7769351040645164e-12,1.8114183947406e-13,4.972290030475493e-13,2.2838509065544292e-10,7.768860153843963e-07,4
410,03:26:00,1.0744462697413323e-11,3.791762185452231e-12,1.646090834370702e-12,1.4724142492202192e-13,3.8106087032946946e-13,1.3057989146933837e-10,1.0869806930001487e-06,4
411,03:26:30,1.7260166893808233e-11,2.420550009974146e-12,1.1576285418261693e-12,1.5567476073679996e-13,5.909685647507528e-13,4.138119633469125e-10,4.431088448061474e-07,4
412,03:27:00,1.8684050786243336e-11,2.196340653245964e-12,1.1307529215809688e-12,1.2776176099707234e-13,3.76874438035393e-13,5.169159174534991e-09,2.6560876996688116e-07,4
413,03:27:30,1.6576234868063995e-11,4.5716584367229525e-12,1.2605046461160633e-12,2.172008498390196e-13,7.75510620452371e-13,2.7675355996132774e-10,4.5737714565640564e-07,4
414,03:28:00,1.0997408886004554e-11,3.070470263797187e-12,1.305517357112912e-12,1.5173641573715776e-13,4.3307407997524427e-13,3.7329421591311596e-10,1.2154466615350053e-06,4
415,03:28:30,2.14596741311244e-11,3.6671401554071405e-12,1.7467603398035295e-12,1.758537584712922e-13,6.752248260482286e-13,4.079535107061485e-10,2.3255448706317405e-07,4
416,03:29:00,2.3253276347786087e-11,4.451820551319397e-12,2.888701798237877e-12,4.5093535790306e-13,1.3924311643151711e-12,1.8966261970946763e-10,5.365999166143991e-07,4
417,03:29:30,2.59948191361929e-11,3.152082650662621e-12,1.4697152729996253e-12,1.3765793882731054e-13,4.2846044441072236e-13,7.422476476593448e-11,3.254839989295588e-07,4
418,03:30:00,1.7512555314670082e-11,2.627410403649858e-12,1.0898379598848095e-12,1.1831304343124049e-13,3.765703086450531e-13,2.8994783453312964e-10,3.2855535832674356e-07,4
419,03:30:30,1.0197361409047415e-11,3.161157041133318e-12,1.7662874937267355e-12,1.6357257270728448e-13,6.711828867465376e-13,1.0538373884509086e-09,4.840586163609102e-07,4
420,03:31:00,1.4176222249885867e-11,4.7501005784317006e-12,1.6820311589346921e-12,3.3128916550793907e-13,5.588870571056347e-13,5.125958088692143e-10,2.9887923018231597e-06,0
421,03:31:30,2.2164584396736573e-11,1.706147125624362e-12,7.564042438288672e-13,1.2553651011776224e-13,2.4113663807026883e-13,2.2207977226827416e-10,1.651173365369042e-06,1
422,03:32:00,4.6177564883036234e-11,2.331032083445827e-12,1.6945665016176245e-12,1.7587988185025783e-13,4.339435806749043e-13,2.878269941987278e-10,1.936788183215784e-06,1
423,03:32:30,2.3087132698906587e-11,4.0544339854488086e-12,1.6327820645325064e-12,1.8956006477392674e-13,6.679471930967096e-13,1.7999461614171242e-10,1.2089298700090437e-06,1
424,03:33:00,1.0985225853237587e-11,1.6785725536314873e-12,7.885912183263325e-13,7.800604112330628e-14,1.5349405810226954e-13,2.2092643463361945e-10,1.3997142934568519e-06,1
425,03:33:30,2.8964018078710942e-11,3.4640540673710533e-12,2.0358271681654915e-12,3.3074390519493976e-13,9.940318952263656e-13,1.582627774607992e-10,1.2582527610547047e-06,2
426,03:34:00,2.3948545992168295e-11,1.5841378043061687e-12,6.27647740049454e-13,9.099070452106049e-14,1.8725205640665077e-13,2.199399649534524e-10,1.3416294489390945e-06,2
427,03:34:30,1.5574580949947526e-11,1.991304045409332e-12,1.0271913898663672e-12,1.5688202640990122e-13,4.658212529105796e-13,2.1748376678679915e-10,1.0859407282248546e-06,2
428,03:35:00,1.777640522378966e-11,1.802629669240108e-12,1.20329762602137e-12,1.392470230731802e-13,4.775993474941487e-13,1.1379116481046499e-10,1.099368420911234e-06,2
429,03:35:30,1.1939206478830762e-11,2.3080593932012747e-12,1.753605837913679e-12,1.3258691166959617e-13,2.5990024596995473e-13,1.0492131500141663e-10,1.1704312857067176e-06,2
430,03:36:00,1.84940065495404e-11,2.216951600778933e-12,6.512282896383769e-13,1.095624980905528e-13,2.6555091585676066e-13,1.2290356812773003e-10,1.4301923824967831e-06,2
431,03:36:30,1.0679273754368063e-11,1.6123182167515332e-12,8.627548449336978e-13,1.1249135665003194e-13,3.0252401266562767e-13,1.4671012552060893e-10,1.1501438041688229e-06,2
432,03:37:00,2.7605149499098154e-11,3.005661087834691e-12,1.905048033441032e-12,1.7045264714319447e-13,6.012099228023041e-13,2.269988435343108e-10,1.7314049234049339e-06,2
433,03:37:30,3.0988371461113284e-11,2.8823584703085678e-12,2.1665734605072158e-12,1.6410464055268827e-13,6.120252964527824e-13,2.640926866231649e-10,1.096713024294919e-06,2
434,03:38:00,1.3837897701884389e-11,1.2780950807406994e-12,8.181350959335865e-13,1.1706332912551762e-13,2.4196797295956355e-13,6.939452118398046e-11,1.0949155753240532e-06,2
435,03:38:30,1.9574993496422225e-11,2.0275718699134736e-12,1.00219466808137e-12,2.409307627633942e-13,6.593604090769915e-13,9.236728536697629e-11,1.1388391132315247e-06,2
436,03:39:00,2.7655676205175575e-11,2.4537454894860174e-12,1.370954921844843e-12,1.9383118161896844e-13,7.051011602440339e-13,1.1783392274056368e-10,1.3750458410271859e-06,2
437,03:39:30,3.125446555803141e-11,2.5770845338642306e-12,1.0048015024337297e-12,1.1906671381901897e-13,3.5343447029114855e-13,9.957416287209296e-11,1.096391639679664e-06,2
438,03:40:00,3.949497903946393e-11,2.808861502981861e-12,1.3860510757815847e-12,2.9513608298731224e-13,5.74220886466409e-13,3.1228303283088646e-10,2.049287702384024e-06,2
439,03:40:30,3.235920311636054e-11,1.2744487083503852e-12,1.2722987521722791e-12,7.493595159065277e-13,7.591296657429247e-13,9.294855857893232e-10,3.180075666206751e-06,0
440,03:41:00,4.0024383178296215e-12,1.5658664479290369e-12,1.8435508000556463e-12,2.887202614987174e-13,4.531967151211465e-13,3.932778820354535e-10,3.1264982706778986e-06,0
441,03:41:30,2.804013090733103e-12,2.6174048864560667e-12,1.8573368186658314e-12,2.10886979912748e-13,3.3359290964964927e-13,3.342188828625523e-10,2.798608477373258e-06,0
442,03:42:00,1.3228451273242598e-11,1.2406426443676557e-12,1.1424261076931858e-12,2.87894695503296e-13,5.618861759243479e-13,4.4630699619819426e-10,2.8966171778390347e-06,0
443,03:42:30,4.859919155471187e-12,1.367018351808329e-12,2.1302062339729963e-12,3.1835169146851815e-13,6.686338640370714e-13,5.590537620209512e-10,2.6667879917757206e-06,0
444,03:43:00,3.0505920855003145e-12,3.861612020988931e-12,2.4973490260156662e-12,2.931637359209036e-13,3.9704240857079795e-13,2.438288867202885e-10,1.565690912300528e-06,0
445,03:43:30,3.1120508252470224e-12,4.183291300916643e-12,1.6988587538916483e-12,2.8553215352109903e-13,3.773472935371505e-13,2.714955923293656e-10,1.5997134927355244e-06,0
446,03:44:00,4.859641625364387e-12,4.039613565661104e-12,1.6720150412787248e-12,2.5432405530431545e-13,3.728601945331883e-13,1.9164417140366347e-10,1.5787321868253672e-06,0
447,03:44:30,6.682620112855335e-12,3.720273945591486e-12,1.7277323062993569e-12,2.2315529989394427e-13,3.5698318961074367e-13,1.9646566959105976e-10,2.098534806998016e-06,0
448,03:45:00,1.3036930946420549e-11,3.6522919967664814e-12,1.1078372063414799e-12,1.9272356354906797e-13,4.2039262886995817e-13,3.8015135186745463e-10,1.7066486864257453e-06,0
449,03:45:30,9.09636382597944e-12,2.2403035114173963e-12,1.0459586905427249e-12,1.9165979925915076e-13,4.391876414117845e-13,1.666347758534877e-10,1.9999973489358863e-06,0
450,03:46:00,3.4143076170700264e-11,3.5440971031313606e-12,1.5639876680401213e-12,1.764435630170466e-13,3.685848214730614e-13,2.1958897517130859e-10,1.7907930432688357e-06,1
451,03:46:30,1.0914157200109621e-11,3.6735448967713256e-12,1.846067201887535e-12,2.1230536039797375e-13,4.221611464642244e-13,2.0187853827721185e-10,2.004827314102127e-06,1
452,03:47:00,2.792937656637798e-11,3.1034353331902905e-12,1.1697217182848492e-12,1.474356962085636e-13,3.7879533365450165e-13,1.3823156293039353e-10,1.6291383090233512e-06,1
453,03:47:30,2.8604644812198868e-11,2.0078835052149684e-12,1.1699237280858727e-12,1.4673056520919565e-13,3.5787940520413497e-13,1.3106876000929188e-10,2.2855774703740912e-06,1
454,03:48:00,3.337618643374133e-11,3.2730934860171807e-12,1.6740812807795982e-12,1.664556907601584e-13,4.312138678381037e-13,1.8461574854125114e-10,2.2622400587992234e-06,2
455,03:48:30,3.281464321267e-11,2.65633695353431e-12,1.3104862325264122e-12,1.2411948569447802e-13,4.4102809121828974e-13,1.255350445558514e-10,2.443652604323806e-06,2
456,03:49:00,2.691346443293093e-11,2.284101629674977e-12,1.3031574957182293e-12,1.624321549411495e-13,3.3550779828584937e-13,1.1391643085119669e-10,2.4788446008704393e-06,2
457,03:49:30,4.219069938994093e-11,3.472226029208998e-12,1.2656502189337505e-12,1.9428901843804503e-13,5.666852251931501e-13,1.4087051280304716e-10,2.8887354649879965e-06,2
458,03:50:00,2.7086122146847743e-11,1.432217401371023e-12,5.768009812409181e-13,1.182580406135761e-13,2.610537904872531e-13,8.395264389995307e-11,2.546478832866311e-06,2
459,03:50:30,2.5562512471543856e-11,2.132767665587512e-12,1.6403685196446055e-12,1.6367626192798755e-13,3.5337681737435874e-13,1.5497781958241283e-10,2.1432317349149084e-06,2
460,03:51:00,3.4854250082522794e-11,2.293816756567027e-12,1.0608959901611658e-12,1.2727084221644986e-13,3.205407808096373e-13,1.3433488593630767e-10,1.9304238775475025e-06,2
461,03:51:30,2.948527080118633e-11,2.063548965989691e-12,6.751512667630173e-13,1.3944544926976845e-13,4.2105130709848107e-13,1.7188455924386777e-10,2.105424719372109e-06,2
462,03:52:00,1.777073807114379e-11,1.9129456739296745e-12,7.685889249545749e-13,1.1357439929823175e-13,2.902695721335727e-13,1.089070627220323e-10,2.2870887875490126e-06,2
463,03:52:30,2.7818890952167383e-11,2.992334564823005e-12,1.392694914529794e-12,1.7720720356096882e-13,3.876848339593266e-13,1.8804300639463954e-10,2.329412529954057e-06,2
464,03:53:00,2.010140684623049e-11,1.701661575816074e-12,8.116093931543716e-13,1.2936935232330302e-13,3.16417711150921e-13,1.1278537202552273e-10,2.466593647000042e-06,2
465,03:53:30,3.320001821968295e-11,1.9710206254889197e-12,1.338911985682375e-12,1.371863030183241e-13,3.849448030442329e-13,8.647878327592672e-11,2.427589509491841e-06,2
466,03:54:00,2.312557720650336e-11,2.28937368234711e-12,1.364901146760738e-12,1.6518856981783017e-13,3.633792960444524e-13,9.996284539335653e-11,2.493567688713145e-06,2
467,03:54:30,2.376145421070925e-11,2.7579827296856755e-12,1.1636689861996974e-12,1.96286660180866e-13,3.4276311291354994e-13,8.653535729827631e-11,2.5672584021718592e-06,2
468,03:55:00,2.530767339742023e-11,2.9147609208021417e-12,1.9947530110367703e-12,3.2448981778025656e-13,6.109648233825619e-13,3.963720535857271e-10,2.675422534580444e-06,2
469,03:55:30,2.404601444018423e-11,2.0713140157316827e-12,1.5247509396926277e-12,2.1972991142137053e-13,3.7299902139954837e-13,1.429613451210043e-10,2.158541855149651e-06,2
470,03:56:00,7.338840560169373e-12,1.9808596287993766e-12,9.926475516961793e-13,1.52993276922857e-13,2.113588493152757e-13,1.056963956466961e-10,1.7304358734558708e-06,2
471,03:56:30,2.556306120554053e-11,3.318062306753731e-12,1.2339061005749985e-12,2.200394247055067e-13,4.588971352702796e-13,2.6326806606356906e-10,2.252425306173988e-06,2
472,03:57:00,3.2006185861632946e-11,1.9137889352576546e-12,1.5466617548695274e-12,1.7363742296530554e-13,5.661335624086543e-13,2.1935409122944497e-10,1.8891688888385803e-06,2
473,03:57:30,2.3502902656429226e-11,3.5187227478959907e-12,1.616490059516755e-12,1.8825994539307427e-13,7.564680382043977e-13,1.3224237658117676e-10,2.0185324200515196e-06,2
474,03:58:00,4.015224474851315e-11,3.1810127070288517e-12,2.9875469554250786e-12,1.4124663924839189e-13,3.292678698043016e-13,1.2472314531723735e-10,2.053807412428757e-06,2
475,03:58:30,1.900975986428789e-11,1.581141055694293e-12,1.1070441839892279e-12,1.0501185570433405e-13,2.661250130203452e-13,1.038317039920248e-10,2.287148552417474e-06,2
476,03:59:00,3.0518121313708644e-11,1.9085313079224424e-12,1.8310223219115565e-12,4.063409815463844e-13,4.447076439491788e-13,1.938723956908494e-09,2.699261423153927e-06,2
477,03:59:30,2.803074546298883e-11,1.1735449219593803e-12,1.126953186527056e-12,2.650670653602208e-13,2.858410954070926e-13,4.4194235607909213e-10,3.1125342850154253e-06,0
478,04:00:00,5.642334947546393e-12,1.895776988491263e-12,2.3909730857548065e-12,2.7878143972439416e-13,4.099472673730895e-13,6.929816082268822e-10,3.150618821911857e-06,0
479,04:00:30,4.775584651580141e-12,1.689686464965975e-12,1.278799398587482e-12,1.9350565498792448e-13,3.798383008562133e-13,4.068062289078423e-10,3.126827505829704e-06,0
480,04:01:00,5.375721893975795e-12,2.5017887913093825e-12,7.772940821063173e-13,1.7412995151276025e-13,2.6941770438682784e-13,7.05358498324794e-10,3.2059134546663947e-06,0
481,04:01:30,2.4731013274801547e-11,3.5132274947297093e-12,1.538349988677492e-12,2.3731856791841194e-13,6.896154629040476e-13,7.044538116899852e-10,2.919327058179334e-06,0
482,04:02:00,2.273969514751068e-11,4.007650702176251e-12,1.609248615628713e-12,2.5740447010945053e-13,8.0077892373929e-13,2.2237049256741243e-10,2.828122155599466e-06,1
483,04:02:30,2.4565768503482045e-11,1.5078379928196638e-12,1.3942189726379194e-12,9.790635018813518e-14,2.4774174344892984e-13,2.997469881161008e-10,2.4686316282262564e-06,1
484,04:03:00,3.118041217453555e-11,1.9751669273768027e-12,1.1940488012204592e-12,1.5783157730151693e-13,4.702323940703021e-13,1.7039486304144264e-10,2.714325613070708e-06,1
485,04:03:30,3.433776610701834e-11,1.9447910237969337e-12,9.50942994024832e-13,1.059447598564055e-13,3.032967184690561e-13,1.832788156873122e-10,2.195859951846461e-06,1
486,04:04:00,4.695714155390947e-11,3.2456163714796106e-12,2.234762940565234e-12,2.4275451736003116e-13,8.272881663014005e-13,3.490399695345894e-10,2.3508944618335418e-06,1
487,04:04:30,2.4626755318434306e-11,1.4363110266700847e-12,5.926187732342993e-13,7.659598785867946e-14,1.6733005330290594e-13,2.611142940680745e-10,1.957325431266104e-06,1
488,04:05:00,1.8771830596667807e-11,2.301220079857799e-12,7.539084200067806e-13,1.716364709605843e-13,5.32102917158045e-13,1.4956221264590704e-10,1.8085899044682097e-06,1
489,04:05:30,2.7498557996213384e-11,1.795638271272195e-12,1.400900528781275e-12,2.496088542234047e-13,4.936934041906731e-13,6.748772900947009e-10,2.62502459176851e-06,2
490,04:06:00,3.2024756567648872e-12,1.0864021017201337e-12,1.4603438394820063e-12,1.7375602625956753e-13,2.132266952960827e-13,3.535845887369652e-10,3.154699022472681e-06,0
491,04:06:30,2.9235130339826742e-12,2.4274210800496383e-12,2.2204625403330026e-12,2.247521899518256e-13,3.7198020300638997e-13,6.058290810484209e-10,3.172786671493147e-06,0
492,04:07:00,4.563922827520014e-12,2.2270576486703426e-12,1.5009885703491714e-12,2.0127210038076353e-13,3.1158396168358363e-13,9.826898126750037e-10,3.1157337033923224e-06,0
493,04:07:30,2.7122065771679647e-12,1.8894614889959823e-12,2.580823440349588e-12,2.456635337299191e-13,4.2793442106628045e-13,3.2344796103479826e-10,3.1721579123929294e-06,0
494,04:08:00,3.858531646541097e-12,1.6533766414303584e-12,1.4999605206141316e-12,2.427081250962517e-13,4.3366686098936465e-13,5.735803108706731e-10,3.1551125784080405e-06,0
495,04:08:30,4.034798861872325e-12,1.5962285691485307e-12,1.8888754675721683e-12,2.132332708501605e-13,3.04578588462159e-13,7.120393816088735e-10,3.151495221074614e-06,0
496,04:09:00,3.0352370188112005e-12,2.276420297541114e-12,2.5102077250975612e-12,2.819344240687864e-13,4.121580810449788e-13,6.539371496619699e-10,3.147965580650009e-06,0
497,04:09:30,2.805201417879466e-12,2.8766769986744924e-12,1.3995633603990379e-12,2.6205367891591874e-13,2.5167673153180204e-13,4.953878737250163e-10,3.1281310447619884e-06,0
498,04:10:00,2.8807714520669338e-12,2.099657754657529e-12,2.2717070800718258e-12,2.409315642258532e-13,2.6680895889099524e-13,3.881839028782624e-10,3.1118267563266554e-06,0
499,04:10:30,3.4074612569000975e-12,2.28185740316331e-12,1.9574078066501644e-12,2.619038474096879e-13,3.7834873409072444e-13,3.145162067299175e-10,3.140491257979667e-06,0
500,04:11:00,2.9371575996057586e-12,3.8299194015701455e-12,1.9257492541072748e-12,3.0211416541058977e-13,4.271245800046643e-13,5.162770038833737e-10,3.0847065958794122e-06,0
501,04:11:30,2.626511090149963e-12,1.6610983631487218e-12,1.978879041353506e-12,2.6461576227520354e-13,3.068949730274652e-13,2.962429758438294e-10,3.1288409405955432e-06,0
502,04:12:00,1.8184547625738745e-12,2.09164300851966e-12,1.3949117088782094e-12,2.3607830209766487e-13,3.088174551246859e-13,3.2719612182132856e-10,3.0749128105330112e-06,0
503,04:12:30,3.571877947870723e-12,1.7691020094394581e-12,1.5642968613173915e-12,2.3835762318671826e-13,2.3676950907214247e-13,4.125873126343678e-10,3.1409056626184834e-06,0
504,04:13:00,3.6994484954476486e-12,2.3674154983360477e-12,2.174693549972081e-12,2.9787006407580755e-13,4.80494981340095e-13,5.176931909159197e-10,3.1577216389175694e-06,0
505,04:13:30,3.3900600351325572e-12,1.2656977316422664e-12,1.2134464696550855e-12,3.028147838332017e-13,4.163566583805443e-13,4.796592316413759e-10,3.2067236876335076e-06,0
506,04:14:00,2.1661315801118824e-12,2.2122157621133945e-12,1.4703460143884962e-12,2.611935554275042e-13,3.0237094801680646e-13,7.320415523946051e-10,3.144062393292832e-06,0
507,04:14:30,4.679477353513895e-12,1.760438507672977e-12,2.0392956659438246e-12,2.463318450961621e-13,4.529799499439739e-13,7.581850488361698e-10,3.118280289162241e-06,0
508,04:15:00,3.947866272392872e-12,1.3640208549666912e-12,1.7366597979273789e-12,3.083373373250327e-13,5.123869846865649e-13,5.709827833241239e-10,3.137008631799459e-06,0
509,04:15:30,3.034137460149547e-12,1.774168348901163e-12,1.386724034366034e-12,2.3303859059378497e-13,3.4853809081375203e-13,4.906279717892958e-10,3.152741042455116e-06,0
510,04:16:00,8.147601787006221e-12,1.9510092858990333e-12,1.629977250990482e-12,3.0956678417562304e-13,4.813660889568241e-13,6.703683110324251e-10,3.1224178889008624e-06,0
511,04:16:30,7.765874795317513e-12,1.749625529914889e-12,2.5896722790271227e-12,4.586669344681452e-13,8.40574047772435e-13,4.5852030876433493e-10,3.1144855023003563e-06,0
512,04:17:00,4.072120014886649e-12,2.5631079801839256e-12,2.075743946296049e-12,2.392964466325411e-13,3.9314646894520986e-13,3.9796612133830855e-10,3.1755712177658603e-06,0
513,04:17:30,2.3692139453312852e-12,3.2902319304626564e-12,2.598166384118377e-12,2.444439243685555e-13,3.1745338912989625e-13,6.47541085184198e-10,3.1573287185014575e-06,0
514,04:18:00,5.62617270675886e-12,1.7091912781138597e-12,1.5208416904081382e-12,3.2015722151906953e-13,4.062873252826608e-13,6.053337678977002e-10,2.948953915083155e-06,0
515,04:18:30,8.40445239584362e-12,1.847031253393445e-12,1.9360499766619815e-12,2.974334029116938e-13,4.41989387326529e-13,5.618949896170209e-10,2.7436170963405344e-06,0
516,04:19:00,3.303895869427076e-12,2.4146542520487023e-12,1.6550627599693566e-12,3.2571929995568773e-13,3.512168319979815e-13,6.751001482578929e-10,2.220896613744727e-06,0
517,04:19:30,3.720077240330784e-12,1.9497126671261434e-12,1.7232331948221773e-12,3.25736516259135e-13,3.940663361893072e-13,4.632462054251556e-10,2.332480443815269e-06,0
518,04:20:00,2.1294008081988622e-12,2.0022742900378937e-12,1.5295772492249726e-12,2.4477052830341517e-13,3.1184274622254577e-13,6.990433054216923e-10,2.7314475254248384e-06,0
519,04:20:30,4.286844256102427e-12,2.40056029361009e-12,1.6502004835175331e-12,2.7201066495967e-13,4.0193609969351734e-13,7.22651517516967e-10,2.80873743868442e-06,0
520,04:21:00,3.0557898916349016e-12,2.3663955526765322e-12,2.5234844389596598e-12,2.786515985282719e-13,3.901527914374848e-13,5.478899235713449e-10,2.8636206870867728e-06,0
521,04:21:30,2.60503465221851e-12,2.377003554223058e-12,2.131944783841156e-12,2.6070281511427716e-13,4.441776014359841e-13,5.582065467316394e-10,2.8245698238354116e-06,0
522,04:22:00,1.0895276302522792e-11,1.3476021356905473e-12,1.5347073947689726e-12,3.066189995647865e-13,6.216524351666768e-13,6.844584123109092e-10,3.0350183657213504e-06,0
523,04:22:30,1.4138585813559833e-11,1.2757523018195225e-12,1.942142535039939e-12,2.6941309027497843e-13,4.312945852763135e-13,8.192112630037844e-10,3.130010243523658e-06,0
524,04:23:00,6.1007265619242944e-12,1.2733457294133335e-12,1.5328916899536093e-12,3.206171686126525e-13,3.306278416468678e-13,7.54783091337392e-10,3.12312339109408e-06,0
525,04:23:30,5.233509318782376e-12,1.7771690097565091e-12,2.3437663445112682e-12,3.758843300095697e-13,3.977471267488819e-13,8.906279935765473e-10,3.1129490769118e-06,0
526,04:24:00,5.414935617991499e-12,2.349380541440432e-12,1.4187121247810404e-12,4.4231771687421203e-13,7.600070177764616e-13,5.745536914922175e-10,3.1137036839853812e-06,0
527,04:24:30,3.367627067303621e-12,2.270772925363331e-12,1.7256563333896941e-12,4.409063108593101e-13,3.824191659232224e-13,6.103939677469723e-10,3.161816530813694e-06,0
528,04:25:00,2.7151180662722097e-12,2.2930510748166087e-12,1.7923678813372142e-12,4.140936409492556e-13,3.621893776953932e-13,4.5407519330012026e-10,3.100681465394581e-06,0
529,04:25:30,3.1484397800228743e-12,2.6974623092481763e-12,2.4233343392232604e-12,4.625194327946762e-13,8.151170503847456e-13,8.056159288793671e-10,3.0988467588507475e-06,0
530,04:26:00,2.5868131709677027e-12,2.012780802961263e-12,1.1517797635032013e-12,4.050454429996731e-13,2.2981253704979005e-13,4.0353659751549105e-10,3.107949228254467e-06,0
531,04:26:30,2.781326779544343e-12,2.6787349499659308e-12,1.9669673032704368e-12,3.2592639384606043e-13,5.258403040824875e-13,5.028324273552359e-10,3.0841322321962193e-06,0
532,04:27:00,5.456855397802834e-12,1.2977855413003126e-12,1.5187144877880724e-12,3.605882326493642e-13,5.277079198644202e-13,5.996129174856849e-10,3.113078689354757e-06,0
533,04:27:30,3.0235027825207812e-12,2.0645765083403022e-12,1.6126373383738208e-12,3.3085771626847923e-13,3.4686484718624606e-13,6.379064823361722e-10,3.0284212782841562e-06,0
534,04:28:00,3.7954362797377784e-12,2.1961620784108657e-12,1.5120544706232217e-12,3.748193794773625e-13,3.5333977641178295e-13,4.6081670073990013e-10,3.0934872374804065e-06,0
535,04:28:30,2.461486378928802e-12,2.1813983818733998e-12,2.9250896086906695e-12,4.105204485414989e-13,6.259476153739522e-13,4.5000255819987526e-10,3.115178802279193e-06,0
536,04:29:00,2.586031594432892e-12,1.5908335959768813e-12,1.1225155241630243e-12,3.3017735236554096e-13,4.422329499927199e-13,3.0299583834582894e-10,3.1070170272912486e-06,0
537,04:29:30,4.3381108924922726e-12,1.5176827808444127e-12,2.7224921719556224e-12,4.1513667334591927e-13,5.399364887541122e-13,5.535628904385059e-10,3.1784674075387657e-06,0
538,04:30:00,2.3340291300594265e-11,1.4100351002376493e-12,1.7914996346269402e-12,2.3875314508001274e-13,3.079221097713393e-13,8.188924216010662e-10,3.1620338569462954e-06,0
539,04:30:30,6.5324778693457104e-12,2.668388079186213e-12,2.204826721408849e-12,3.4655621089984866e-13,4.4802696667697293e-13,6.507841361278504e-10,3.1832626508280644e-06,0
540,04:31:00,2.780379378948727e-12,1.765592109791759e-12,1.5301605276997306e-12,2.453226531259109e-13,3.1428128329289557e-13,5.764916449439431e-10,3.0204678212461026e-06,0
541,04:31:30,2.2820834083323873e-12,1.9420541446775602e-12,1.8889016553648167e-12,2.6529332588127327e-13,4.2466194480311355e-13,6.279333654748867e-10,3.0752798796585876e-06,0
542,04:32:00,6.1133870105346814e-12,1.6693193649163218e-12,1.175334096850888e-12,2.0983545716314436e-13,2.26524817259289e-13,3.7369726109152366e-10,3.0755621238890697e-06,0
543,04:32:30,3.8253531133349534e-12,1.7895847406675151e-12,2.3127361577227435e-12,2.509665854594976e-13,2.9912467673699903e-13,4.793550445565803e-10,3.0865763258689578e-06,0
544,04:33:00,3.3308854486792437e-12,2.4156919245146704e-12,1.4519807127083314e-12,1.569222694316238e-13,2.0464729752180702e-13,3.882103436722809e-10,2.9721534298689826e-06,0
545,04:33:30,3.878146029531579e-12,1.797427984573548e-12,1.811802873883263e-12,2.3596474017381907e-13,3.638286625139145e-13,4.2552163163237106e-10,3.0761527521265785e-06,0
546,04:34:00,2.3571475949063786e-12,2.149313439918499e-12,1.2720895241288427e-12,2.6136498455256253e-13,2.2000211387834228e-13,3.776802438659914e-10,3.0479240493837427e-06,0
547,04:34:30,2.5081382499255518e-12,1.8124873833804697e-12,1.6150917569999533e-12,2.4000158109220605e-13,3.2854227383172137e-13,3.184349397891823e-10,3.038113062530658e-06,0
548,04:35:00,4.769248542600238e-12,1.4410767238868371e-12,1.517865313340926e-12,2.377263922279729e-13,2.943448122874729e-13,3.990295408456515e-10,3.087416093235094e-06,0
549,04:35:30,5.63241210213499e-12,2.5571836043112806e-12,1.6414767210680851e-12,2.4751274158471645e-13,5.028653255061563e-13,3.8938181328720066e-10,2.973937972328862e-06,0
550,04:36:00,6.308756402352083e-12,2.52576667951712e-12,1.8746965026937905e-12,2.31936779885179e-13,3.6678587037561754e-13,6.485432327261026e-10,2.8809708537715387e-06,1
551,04:36:30,2.8913060359629496e-12,1.5073244963049247e-12,1.3573134158108629e-12,2.285861507528262e-13,2.6785643114373995e-13,3.2138813385195523e-10,2.918231310619647e-06,1
552,04:37:00,4.357360091257244e-12,2.229759331715581e-12,2.5858979595835564e-12,1.799595591868393e-13,2.9368130681693413e-13,8.144852338481693e-10,2.9517415783663874e-06,1
553,04:37:30,3.405630902122374e-12,1.5834127931960853e-12,1.3753411507328704e-12,1.9250128194539545e-13,2.2542190537928404e-13,2.3805670622566614e-10,2.96140955239283e-06,0
554,04:38:00,3.702259927156225e-12,1.5833598603975276e-12,1.980099898740371e-12,2.2751869558833296e-13,3.6917380804775004e-13,3.60494204095514e-10,2.988511973566338e-06,0
555,04:38:30,2.4306811756368133e-12,4.100359159796399e-12,2.1612625002819424e-12,3.6803029296673167e-13,5.851498606766255e-13,2.435920841258602e-10,2.994228238638401e-06,0
556,04:39:00,2.7081293930578497e-12,2.363539198677022e-12,2.070061072860773e-12,2.781022874628094e-13,4.938741229157695e-13,2.1807114204466225e-10,2.9578715529398036e-06,0
557,04:39:30,2.425760985918381e-11,1.4457978453229321e-12,1.35972926040944e-12,2.444077939380859e-13,3.166613811606757e-13,6.958754275955419e-10,3.174146376982187e-06,0
558,04:40:00,7.369478306872093e-12,2.5456597383933027e-12,1.7502869691619126e-12,3.2737036814951863e-13,5.449907650730274e-13,4.906329483036123e-10,3.2551289970263343e-06,0
559,04:40:30,2.7809438822508284e-12,1.4929122160997204e-12,1.538521999439489e-12,2.630011051195177e-13,3.384509892591296e-13,5.151960587716629e-10,3.188692557312688e-06,0
560,04:41:00,5.74031204811544e-12,2.8580134216772016e-12,1.999941073056944e-12,2.8028576189061173e-13,4.0803639607199775e-13,5.1843479104934e-10,3.1968889276324156e-06,0
561,04:41:30,2.606023889128942e-12,3.36985041206136e-12,2.2213342693226437e-12,3.039821960521281e-13,4.89676884000273e-13,2.0194621270604825e-10,3.1788954046731587e-06,0
562,04:42:00,1.8508829600162997e-12,1.942563670011423e-12,1.2335265315574247e-12,2.8479532356678265e-13,3.634977696277624e-13,2.805498048187241e-10,3.1848316311448186e-06,0
563,04:42:30,1.958837442537606e-12,1.6584710702012574e-12,1.1340566534679343e-12,2.671438219000712e-13,2.34697311299857e-13,2.787002231558084e-10,3.1356925079954987e-06,0
564,04:43:00,4.478765746699777e-12,1.964783733849511e-12,2.146860676324254e-12,2.4709801642858824e-13,2.1666326665419683e-13,3.553944803232657e-10,3.0464144315806933e-06,0
565,04:43:30,2.9485521021854144e-12,2.800644964617617e-12,2.159461599554095e-12,3.1820875002155693e-13,5.225960050080711e-13,7.319156128079133e-10,2.972074690980442e-06,0
566,04:44:00,2.8293918720526927e-12,2.312371593728155e-12,1.5919565316948313e-12,2.7756287091166177e-13,3.418769669575862e-13,4.4547205135389277e-10,2.961728429418189e-06,0
567,04:44:30,5.601429628856146e-12,2.635830297743148e-12,2.210002023621726e-12,2.599772673820476e-13,2.4674851780897763e-13,2.4978654098155745e-10,2.8527646509178897e-06,0
568,04:45:00,7.456142932475292e-12,1.952407357255553e-12,1.3023656557322443e-12,2.690316543848836e-13,2.9653793870626025e-13,4.377004866943977e-10,2.9975181015344185e-06,0
569,04:45:30,3.960176642358522e-12,1.5326728884378225e-12,1.8685345220287177e-12,3.120662305008138e-13,3.993758887273869e-13,5.504086191265063e-10,3.096939564862813e-06,0
570,04:46:00,9.499822022738457e-12,1.7420167500585004e-12,1.6927841506190598e-12,3.335562636639406e-13,5.945364674666981e-13,4.208093871761066e-10,3.1550084534056758e-06,0
571,04:46:30,3.4877800663495305e-12,2.359082157848786e-12,2.5227035798923175e-12,3.723678821871648e-13,5.190489075070277e-13,4.827974177654875e-10,3.1348551219029528e-06,0
572,04:47:00,4.44714637801119e-12,2.5821661778187984e-12,2.962350160480958e-12,4.464488556712674e-13,6.925715000059661e-13,1.0684275673781546e-09,3.121636365990202e-06,0
573,04:47:30,2.63674781534261e-12,2.7427868130344403e-12,2.655063356348635e-12,3.2672609425318747e-13,3.9018650805069674e-13,2.836483676180083e-10,2.992403858661835e-06,0
574,04:48:00,3.3090434711864304e-11,2.1929326842904564e-12,1.3586507895610632e-12,3.1596380513686675e-13,4.730167828071308e-13,5.480956758323421e-10,2.9935485994303745e-06,0
575,04:48:30,3.520796862093694e-12,1.777669561727621e-12,1.3210455400487157e-12,2.923386115738903e-13,3.944214793066953e-13,4.0954757882779617e-10,3.090668230153836e-06,0
576,04:49:00,8.09354896733292e-12,1.3649266187417615e-12,1.5252364452083912e-12,4.304863742403889e-13,5.288733960826902e-13,6.334586981536911e-10,3.13575738893269e-06,0
577,04:49:30,5.411580778038841e-12,2.001755780585051e-12,1.903135476151123e-12,3.5092601156159946e-13,4.05273493749865e-13,7.467491191753641e-10,3.1334156463974043e-06,0
578,04:50:00,1.0215718683256053e-11,1.413074336188468e-12,2.3622128545572344e-12,4.05567154855545e-13,7.061788183168302e-13,8.037930516960244e-10,3.1674489481788087e-06,0
579,04:50:30,1.26034791534718e-11,1.3436665960096195e-12,1.6638893747862943e-12,2.9078715035759157e-13,3.0861188063574894e-13,7.149960004836977e-10,3.190082378544964e-06,0
580,04:51:00,8.155309389512223e-12,2.026665781267196e-12,1.7091166859022017e-12,3.0388842505929127e-13,3.4997725905864453e-13,4.2933898540785124e-10,3.1591730807149724e-06,0
581,04:51:30,5.28061859028029e-12,1.28006319636733e-12,2.043496365725792e-12,3.431405930865542e-13,3.2151928197062357e-13,9.409446506897132e-10,3.1969942302298048e-06,0
582,04:52:00,2.545170781994757e-12,1.985997604492015e-12,2.6677266485765527e-12,3.355025713734108e-13,4.2134128023718053e-13,1.0562402701464257e-09,3.1732179669315593e-06,0
583,04:52:30,3.4983954037390138e-12,2.5923473098713242e-12,1.5346029143650776e-12,3.466330738491961e-13,3.7356831846362015e-13,4.874024818311651e-10,3.19940096060765e-06,0
584,04:53:00,4.835310341242383e-12,2.2363272734390905e-12,1.1465892841950643e-12,2.4502504664662564e-13,2.9408311370919303e-13,3.2189183666654913e-10,3.1351593219863514e-06,0
585,04:53:30,4.069250567964439e-12,1.691253992590091e-12,1.5044661851137125e-12,2.655981125863235e-13,2.5450748356996445e-13,5.49635973186868e-10,3.1683949574648833e-06,0
586,04:54:00,4.012331106144938e-12,1.5167758649810612e-12,1.08770677531877e-12,2.5384712669576825e-13,1.9386689053737685e-13,3.8002543961627203e-10,3.05664226297799e-06,0
587,04:54:30,2.7884488815886814e-12,1.9152324876042635e-12,1.323129939972071e-12,3.213837059217045e-13,3.527288343589497e-13,8.698531818458746e-10,3.1325250252594323e-06,0
588,04:55:00,2.7384550501445744e-12,1.5357499140712259e-12,1.2682698125801768e-12,3.051033564598747e-13,3.860159538176372e-13,5.709790144192782e-10,3.0758380489404897e-06,0
589,04:55:30,5.744051633976206e-12,2.6058290219487366e-12,1.5365666928465502e-12,3.307208914365774e-13,2.979537327277826e-13,6.554459327667513e-10,3.1028224205058152e-06,0
590,04:56:00,2.4861007436701592e-11,2.5034914089727676e-12,1.455976517943922e-12,2.92519655798785e-13,4.2937528785262536e-13,6.300209520517514e-10,3.176546943909835e-06,0
591,04:56:30,2.245553862953594e-12,1.7191986745734604e-12,1.102025269925834e-12,2.0847111761085899e-13,2.0707963763175747e-13,7.419228635759994e-10,3.040100037221887e-06,0
592,04:57:00,2.8010035829562742e-12,2.1342232202089416e-12,1.2889463777904774e-12,2.924746290087516e-13,3.927798121133321e-13,4.1000106089920586e-10,3.18467512370224e-06,0
593,04:57:30,3.4325224588093517e-12,2.755254986863919e-12,1.905066520631842e-12,3.1239580666698613e-13,5.104330201814679e-13,4.0501983158880285e-10,3.1825876212852304e-06,0
594,04:58:00,3.931784223212479e-12,1.5455713569849266e-12,1.5856457248687216e-12,2.0098070049252602e-13,2.5268412716579346e-13,3.425767390536876e-10,3.1354431314631842e-06,0
595,04:58:30,1.214429020561766e-11,1.882088354167017e-12,1.406970223570394e-12,2.7704294997323193e-13,3.011520224942777e-13,5.773713144209997e-10,3.124881900709271e-06,0
596,04:59:00,3.378441916236062e-12,3.090537469340966e-12,2.08790651415277e-12,2.9504392997919206e-13,4.241445427978159e-13,5.839607741318093e-10,3.148607262920127e-06,0
597,04:59:30,2.4516550735313632e-11,2.0641842647580086e-12,2.045553264653544e-12,3.980975723822416e-13,6.462246301982077e-13,7.443875673917554e-10,3.1100236226535946e-06,0
598,05:00:00,4.528999388067477e-12,1.9851679538954643e-12,2.000708124187214e-12,3.3579192022326393e-13,4.852913736360369e-13,6.379336185494789e-10,3.1046410398049763e-06,0
599,05:00:30,3.864615703938506e-12,2.096080383021358e-12,2.2468913522537028e-12,2.846211147645042e-13,2.7269235261710577e-13,8.197923616744553e-10,3.1446613301779187e-06,0
600,05:01:00,7.85530836364218e-12,2.117644771421842e-12,2.0965871840218166e-12,3.132723008395222e-13,3.2950337095387424e-13,7.069996521438131e-10,3.1527836465331216e-06,0
601,05:01:30,5.408923395206046e-12,2.475765192673782e-12,1.807911573639405e-12,4.408554461264103e-13,6.626328816412354e-13,1.1113055858371527e-09,3.123369374658981e-06,0
602,05:02:00,8.154529286454421e-12,1.7052969365158755e-12,1.8115416077259003e-12,2.8134034356568674e-13,3.660331217932016e-13,4.1697651455724644e-10,3.1305073464566495e-06,0
603,05:02:30,1.6404639812392732e-11,2.6352697821043116e-12,2.6711039189182107e-12,3.571182860942283e-13,5.072081851621897e-13,1.678354578911339e-09,3.1737070228235596e-06,0
604,05:03:00,3.274662922238008e-12,1.6187360860562732e-12,1.117825016841243e-12,2.9262132762342616e-13,3.4182617000914426e-13,7.37149314922508e-10,3.1089339380313547e-06,0
605,05:03:30,2.723329026093392e-12,1.5952547723430464e-12,1.6237040140553455e-12,2.5671605404343184e-13,5.025770678163231e-13,1.1097611910841883e-09,2.7628270400067113e-06,0
606,05:04:00,2.4338721528699997e-12,2.2228251532515244e-12,1.7711119382499754e-12,2.960019544483367e-13,4.2070927587001237e-13,3.351674814215646e-10,2.7564190334605626e-06,0
607,05:04:30,2.59526495573272e-12,1.5699349630944036e-12,1.960385151367676e-12,2.0037254569372622e-13,2.5448600945146713e-13,7.952793499608811e-10,2.8420901698418238e-06,0
608,05:05:00,3.1051258990916153e-12,2.1765033626302613e-12,3.0592016452690268e-12,2.8993199813239e-13,5.28825996109815e-13,4.274912414243585e-10,2.761556121061263e-06,0
609,05:05:30,2.934262906985263e-12,1.92607508341275e-12,1.7993532445800778e-12,2.334785286567881e-13,2.443053649961487e-13,3.6748028295030004e-10,2.8255044858190207e-06,0
610,05:06:00,4.148975353493926e-11,1.5827658217131994e-12,2.2352386584384977e-12,4.690592947185123e-13,5.290377120864247e-13,1.882150215713606e-09,2.9628917704403886e-06,0
611,05:06:30,8.139304068949334e-12,1.2441070440812916e-12,1.903935361643375e-12,2.363762303330704e-13,4.790386462020369e-13,5.048541742055526e-10,3.152447387783128e-06,0
612,05:07:00,2.5709599299204158e-12,1.5818998471802011e-12,2.5517364932726073e-12,2.51873113983034e-13,4.098620563589714e-13,6.009220913146685e-10,3.190658848367319e-06,0
613,05:07:30,3.685772877856382e-12,2.3901729432408974e-12,1.7253445550962387e-12,2.997330836109088e-13,3.506405931326991e-13,9.44493461137347e-10,3.1202793237953217e-06,0
614,05:08:00,2.4412883257607103e-12,2.3243297336144785e-12,1.6684966472598738e-12,3.0969004951436717e-13,3.641906553397079e-13,5.968993743724674e-10,3.223549647439582e-06,0
615,05:08:30,9.831540415886764e-12,2.6463753568287932e-12,3.484189949031504e-12,4.0345047401347497e-13,5.921145259196419e-13,1.2049811948766357e-09,3.1886645285279964e-06,0
616,05:09:00,8.66095706601728e-12,1.8472685958144145e-12,1.607629066061168e-12,2.728811480109541e-13,3.238297689766898e-13,1.0779404422516386e-09,3.135793831027928e-06,0
617,05:09:30,4.964320682700424e-12,2.318776534640457e-12,2.7234757126175242e-12,2.8144753733096316e-13,4.3597049296358307e-13,1.5531525846623376e-09,3.0845602187756382e-06,0
618,05:10:00,2.2594797008411136e-12,1.5998667916894197e-12,1.6803870200023599e-12,2.568724265044627e-13,6.079145797365315e-13,7.860094516685921e-10,3.0049249790913905e-06,0
619,05:10:30,3.9487626945419745e-12,2.155404914850173e-12,1.4674742696761414e-12,1.993356732550248e-13,2.518060681055251e-13,6.875717933673573e-10,3.1069080459485678e-06,0
620,05:11:00,2.5538552232147167e-12,1.5955410892475286e-12,1.1746662667590812e-12,2.9077821359157233e-13,5.053139527709186e-13,1.2254795167165644e-09,3.0780540844837347e-06,0
621,05:11:30,3.73548092926522e-12,1.6489822761582566e-12,1.4397696359771015e-12,1.6484218579215654e-13,2.869432166877218e-13,1.167404431439845e-09,3.0772546928820825e-06,0
622,05:12:00,3.3526873376437654e-12,3.1763226253042113e-12,2.191724928142153e-12,3.9266140656577713e-13,8.278756603141657e-13,3.92882845669123e-10,3.1373982304407976e-06,0
623,05:12:30,2.7837659303286786e-12,2.7742153081314455e-12,1.8913567026556967e-12,3.007699683919541e-13,3.9056229669569433e-13,4.422304726402333e-10,3.114665465157364e-06,0
624,05:13:00,3.4692760693924607e-12,2.928193502069404e-12,1.760034047780107e-12,2.4845154014827765e-13,3.687102009328048e-13,8.08351540187742e-10,3.112902299773595e-06,0
625,05:13:30,7.286924443959244e-12,1.7105178058537288e-12,1.5058223125694012e-12,2.5952615848347607e-13,4.1143413599430496e-13,5.58037706290119e-10,3.1530192757314585e-06,0
626,05:14:00,5.895508599784268e-12,2.8716050864511206e-12,2.196507551982704e-12,3.3495389836487323e-13,5.979007433351985e-13,4.6349737321098317e-10,3.1401910366592615e-06,1
627,05:14:30,4.6750770820852925e-12,2.7750735130997918e-12,1.3452367666501487e-12,3.052135745036472e-13,5.669295448761798e-13,8.228946460150791e-10,3.1183653364694546e-06,0
628,05:15:00,4.108111003315221e-12,1.847400754605651e-12,2.3230534262769684e-12,3.630173136245664e-13,5.326319615338296e-13,8.02940460169011e-10,3.055239320444863e-06,0
629,05:15:30,5.15198683354941e-11,1.6724005311763584e-12,1.6319011682080202e-12,3.2934966639239113e-13,5.543945005520914e-13,1.3329307298125712e-09,3.1266438272500637e-06,0
630,05:16:00,6.742350776939339e-12,1.42430955286263e-12,1.7137400622297312e-12,2.947543079186787e-13,5.053125897803895e-13,7.073049765432554e-10,3.0971521325724183e-06,0
631,05:16:30,8.836699690051113e-12,1.6045835190002125e-12,1.8002410797048628e-12,2.5141544627688566e-13,3.4587854853215044e-13,1.1989678812376755e-09,3.104666669600057e-06,0
632,05:17:00,8.824786043701197e-12,2.5942209734422315e-12,2.924626162572023e-12,3.1934499144859177e-13,5.538583927225102e-13,7.641101182356266e-10,2.984988381034997e-06,0
633,05:17:30,4.867921778868061e-12,1.899668125339824e-12,1.8509787851303505e-12,3.9328571743036903e-13,4.449360245488665e-13,9.185649521022904e-10,3.012384317469962e-06,0
634,05:18:00,5.160344368053723e-12,1.5871247268560957e-12,1.5534797306285147e-12,2.764888452588395e-13,3.667230004027781e-13,8.048417195749691e-10,2.8787045801957076e-06,0
635,05:18:30,3.664217160060932e-12,2.4887286816269386e-12,1.8033821642860887e-12,3.6830325879763113e-13,5.263949315960747e-13,9.683075938370516e-10,2.8683783198150034e-06,0
636,05:19:00,3.1769278502137586e-12,2.6302031343756763e-12,1.7186706686208104e-12,3.1995121187823973e-13,3.4871311289253533e-13,6.146756001357787e-10,2.6796763739975186e-06,0
637,05:19:30,4.119973567540556e-12,1.3954787413779987e-12,1.7069572655069983e-12,2.0730665539206557e-13,2.769059823041341e-13,8.390441242647543e-10,2.5706144402408046e-06,0
638,05:20:00,2.2697695216531017e-12,3.566806733943929e-12,1.3231675501353443e-12,2.9686096548086374e-13,4.792028847561259e-13,3.4396910494927113e-10,2.6846224975444553e-06,0
639,05:20:30,2.778359674793872e-12,2.441569206499578e-12,2.314358842652107e-12,2.7604530080855166e-13,3.3111660247426934e-13,2.194780026247002e-10,2.712077045027459e-06,0
640,05:21:00,2.9947595778707483e-12,1.5567544123872913e-12,2.1937914723394605e-12,2.541096307900257e-13,6.578432211233213e-13,4.87984230673598e-10,2.791110268671044e-06,0
641,05:21:30,2.9898355942932107e-12,4.2350029635023895e-12,2.608282318280574e-12,3.3481498617354e-13,7.146449661559733e-13,3.8318659268574466e-10,2.5542007187324466e-06,0
642,05:22:00,3.2046687571105908e-12,1.8063213231776794e-12,2.9635855856607903e-12,3.7760171821168057e-13,4.949962416691663e-13,5.237936440559873e-10,2.713918022136058e-06,0
643,05:22:30,2.351084357535306e-12,2.5732636747281003e-12,1.7045457375222929e-12,2.4729395920378075e-13,3.177083576092559e-13,3.2009942910314897e-10,2.3948626822353177e-06,0
644,05:23:00,6.5627366212865415e-12,1.632129630071563e-12,1.6741128608105453e-12,1.7443912175718673e-13,3.316172243164509e-13,4.5844956454060377e-10,2.2364079224469505e-06,0
645,05:23:30,6.230029321584763e-12,2.7322615757175493e-12,2.210105184185753e-12,3.338310056650855e-13,4.628036772643723e-13,5.481599120889281e-10,2.459398858689373e-06,0
646,05:24:00,4.404187623678499e-12,2.261005550451178e-12,2.243654201998757e-12,2.2118332544229353e-13,3.5731436170303315e-13,3.083507177388674e-10,2.2541276012171367e-06,0
647,05:24:30,4.0421877281201165e-12,1.8508576491760816e-12,2.8216628227104803e-12,4.619903873512959e-13,7.683349754294902e-13,5.32540472756064e-10,2.6320971268234093e-06,0
648,05:25:00,4.3922003534401125e-12,1.6417008453872211e-12,2.4622927830216413e-12,2.6487772562153377e-13,4.4266569062952825e-13,1.0380778359099572e-09,2.7613611661869036e-06,0
649,05:25:30,3.601431712306369e-12,3.7769537893238195e-12,3.476312113762183e-12,2.81227299386584e-13,4.851882512392546e-13,7.408608322499555e-10,2.113178890315259e-06,0
650,05:26:00,4.067006969772125e-12,3.2956305090194147e-12,3.1234302900161234e-12,3.287831985593377e-13,4.864926772682752e-13,3.8115926555328285e-10,2.6445849836994107e-06,0
651,05:26:30,5.308062788454117e-12,1.7202779579560429e-12,1.0808711331820896e-12,2.37689923581559e-13,4.348198508077241e-13,4.803389226041242e-10,2.146864150500512e-06,0
652,05:27:00,4.607732393091589e-12,1.9421069508725664e-12,1.1927644973848746e-12,2.178480701517946e-13,3.491580684462669e-13,6.234218619500505e-10,1.8719342030924726e-06,1
653,05:27:30,1.410146206625393e-11,3.741362944734569e-12,1.502942340323803e-12,2.6569249786102244e-13,5.992587398406119e-13,3.324693659185427e-10,1.5229395626368549e-06,1
654,05:28:00,4.443748299108273e-11,2.418633220647979e-12,1.0237252303324477e-12,1.818570736912482e-13,4.08307908776684e-13,3.709223482103036e-10,1.4596342921623282e-06,1
655,05:28:30,5.024159739161305e-12,1.6770702961669525e-12,2.6665627841343446e-12,3.80280697353099e-13,7.212638545937131e-13,3.865349953457786e-10,2.4909314890389054e-06,0
656,05:29:00,1.2928174959137034e-11,2.220975570618678e-12,1.832485363823962e-12,2.8215841370177683e-13,4.65043043677855e-13,3.024892234014548e-10,2.285607392332897e-06,1
657,05:29:30,1.3927941673384044e-11,2.909599768755038e-12,1.0637639936585889e-12,1.5322293219393158e-13,2.9076149422527637e-13,1.6456224762370378e-10,2.187283660231649e-06,1
658,05:30:00,8.957673482637439e-12,5.784708481649522e-12,3.9425814893382885e-12,3.610845274584797e-13,8.731001247604604e-13,2.1421108582438526e-10,2.5077272638366547e-06,0
659,05:30:30,1.317948486426236e-11,2.1530289663608994e-12,1.9436087215628724e-12,2.347127452311488e-13,6.035473211513843e-13,1.9854054131790486e-10,2.481010484628429e-06,1
660,05:31:00,4.102991811842374e-12,2.207033731825672e-12,2.2306617635722195e-12,3.2238040027339436e-13,3.6611443166248567e-13,3.861413285844111e-10,2.2637623952489793e-06,0
661,05:31:30,2.5420660959396083e-11,3.1075569500139413e-12,1.832617960710687e-12,2.1933849837572582e-13,4.689708814544369e-13,2.4391723269906313e-10,2.2085598523471666e-06,1
662,05:32:00,1.8574440350920322e-11,2.7922281782073095e-12,1.6103640425374192e-12,1.887645210333365e-13,3.434265539657221e-13,2.622592764358333e-10,2.221125758748807e-06,1
663,05:32:30,1.2986641894363225e-11,2.1709561367778613e-12,1.0238382703544808e-12,1.285909130042618e-13,3.2983010997509387e-13,1.6791339069928019e-10,1.606533933107539e-06,1
664,05:33:00,3.266771671894496e-11,3.928590429949486e-12,3.0019345314889436e-12,3.041577489986224e-13,9.910062617388592e-13,1.8055788490056574e-10,2.248831099985245e-06,1
665,05:33:30,8.192953656436835e-12,1.3690977044096594e-12,1.5151649100328969e-12,1.293535633149887e-13,3.6212141820187535e-13,1.3565429394861583e-10,1.5995309027676784e-06,1
666,05:34:00,3.623164203754644e-11,3.0745026772869316e-12,1.711394957527098e-12,2.701802689970266e-13,8.803862615106612e-13,1.7610895053532681e-10,2.3776856465152073e-06,1
667,05:34:30,3.6597918953758215e-11,2.457877761284426e-12,1.150379881091953e-12,1.5021737156744367e-13,3.6464532834178594e-13,1.0038788394488446e-10,1.5417663675012545e-06,1
668,05:35:00,3.4232778560445717e-12,4.835099513223293e-12,2.1179215568381446e-12,3.189923603192696e-13,5.68369822778995e-13,2.0730776216014195e-10,2.7156863582212284e-06,0
669,05:35:30,3.590092226525353e-11,1.926940213142517e-12,9.273583444790121e-13,1.2231333823249814e-13,3.9616180984137117e-13,1.4868592329927732e-10,1.5982924664622307e-06,1
670,05:36:00,6.3758624077519175e-12,2.597027523310243e-12,8.517676841569685e-13,1.5909290880862967e-13,4.908805676456946e-13,1.4009155619909656e-10,1.9596471332289797e-06,1
671,05:36:30,3.1162053185761916e-11,3.0846844774008484e-12,1.6995875715639138e-12,2.260388009052799e-13,6.484136447566808e-13,1.2207944804661354e-10,2.0134065187018695e-06,1
672,05:37:00,8.591342886021897e-12,1.5360674788180045e-12,7.641743355952038e-13,9.085502485939915e-14,2.2671865583945967e-13,9.423527086437837e-11,1.852505697385788e-06,1
673,05:37:30,1.2033434535584082e-11,2.3597388388075705e-12,1.301366631386433e-12,1.4321141546607105e-13,2.475142855776222e-13,2.484077769006808e-10,2.0284826314083414e-06,1
674,05:38:00,1.5958549026644575e-11,2.24621184243401e-12,1.5932185676588483e-12,2.4568213892989997e-13,6.366990007519186e-13,1.2886998859889483e-10,1.565861957849676e-06,1
675,05:38:30,1.2615133602792537e-11,2.2698708575375775e-12,1.1632487946400401e-12,1.2817653193323128e-13,3.9140749145905146e-13,1.1135144146727311e-10,1.32751892514433e-06,1
676,05:39:00,2.9590772253270875e-11,2.616673261704799e-12,2.2043172098305666e-12,1.6404373555873553e-13,5.928150067565806e-13,2.2847572041635472e-10,1.94973871199544e-06,1
677,05:39:30,2.189638154403061e-11,2.1172142086784664e-12,1.621299132128705e-12,1.8600284995893742e-13,7.185705655738812e-13,1.131340884578029e-10,1.9428210955569613e-06,1
678,05:40:00,1.476153322010795e-11,2.1708188851639054e-12,1.6086729336110018e-12,1.5291788787905368e-13,4.5356146653745713e-13,9.934396159397417e-11,1.9182702488147694e-06,1
679,05:40:30,2.89040779472916e-11,3.474950304862046e-12,1.6397784666851888e-12,1.8087810149826037e-13,5.436791047042964e-13,1.2409244440925787e-10,2.1311546598946713e-06,1
680,05:41:00,1.0877770287597559e-11,1.4587240500999043e-12,8.194863424660628e-13,1.2455251288313807e-13,3.628385330346908e-13,9.819077254540355e-11,1.3884595974060729e-06,1
681,05:41:30,2.0690044110616564e-11,3.7949928302644825e-12,2.111418141035822e-12,3.7428275862717867e-13,8.670252464515499e-13,3.7128942832265904e-10,2.3885395988944197e-06,1
682,05:42:00,3.042229800789197e-11,1.845714320661892e-12,1.4950804911369322e-12,1.3688987722186303e-13,4.0679343768319167e-13,1.443194511597685e-10,1.68492561545179e-06,1
683,05:42:30,1.3663695263472732e-11,1.929928673184404e-12,8.628814240807441e-13,1.7825510626262565e-13,5.534681532345385e-13,1.7051231284888175e-10,1.6527383977162535e-06,2
684,05:43:00,1.2158385012935056e-11,2.2368834464281073e-12,1.0960920477490976e-12,1.821312073344853e-13,4.1529967218084677e-13,1.9153665599931235e-10,2.1709384840936027e-06,2
685,05:43:30,1.7874990251889622e-11,2.829290117815904e-12,1.685314461606856e-12,2.32795580872014e-13,6.973908218412882e-13,2.345388717569102e-10,2.4453637042797068e-06,2
686,05:44:00,9.171756762435905e-12,2.032590770757533e-12,7.092966747740429e-13,1.7794640884454194e-13,3.6107346919815183e-13,1.2843160780927657e-10,1.4634886780613735e-06,2
687,05:44:30,1.2185595411698823e-11,4.480202885788439e-12,1.5546106181120587e-12,2.835614053603723e-13,8.348448752614356e-13,2.1996946183770448e-10,2.3992831812878166e-06,1
688,05:45:00,2.055479019055396e-11,1.8353888315354188e-12,9.634235907942894e-13,1.2007464678679002e-13,4.0338247388124797e-13,1.436196140744418e-10,1.5392765123618052e-06,2
689,05:45:30,4.5592548563766065e-12,2.989605664377152e-12,1.8289103481598922e-12,1.9842381759438788e-13,5.705762898128677e-13,2.4710606849518906e-10,2.384807810810432e-06,0
690,05:46:00,1.2781755866327464e-11,2.0282830273998958e-12,1.6219631998672722e-12,1.4954851671574485e-13,3.7625574184423713e-13,1.4342378278252e-10,1.757042937755622e-06,1
691,05:46:30,5.8688747461675896e-12,1.8635895222992067e-12,1.4734016580863748e-12,2.070695682552868e-13,5.804986468894851e-13,1.4269257776992654e-10,2.570412361760397e-06,1
692,05:47:00,1.466530728241449e-11,1.5701702517203332e-12,8.411872354544288e-13,1.5754212567045432e-13,4.1542455881992714e-13,1.492315555370436e-10,1.7246323964688865e-06,1
693,05:47:30,1.999136816888977e-11,4.403527733801319e-12,1.3925978113673334e-12,2.3925538716732425e-13,7.7243728714704e-13,2.538780938287808e-10,2.3044776968183013e-06,2
694,05:48:00,1.4835372918654123e-11,2.1897897397771975e-12,1.833911295624327e-12,4.285009720059264e-13,6.813210023271866e-13,1.4379256562152263e-09,3.161232101183497e-06,0
695,05:48:30,1.5794973498228783e-11,2.3905551266804096e-12,3.979241216985236e-12,2.479697951793064e-13,4.278510883241779e-13,8.630405385046233e-10,3.128428455979677e-06,0
696,05:49:00,3.5659387266693447e-12,1.870228324743901e-12,1.659698717751784e-12,2.451128411496898e-13,3.469812766186473e-13,3.889960530081333e-10,3.1708603311783964e-06,0
697,05:49:30,3.454994927208599e-12,1.7653088902125335e-12,1.8870855500539893e-12,2.491570052171043e-13,3.649512523459969e-13,5.829387474498728e-10,3.1368096637822766e-06,0
698,05:50:00,3.6561513707925255e-12,2.025546737375212e-12,2.242920044377442e-12,2.8657072028614177e-13,7.822166976305103e-13,7.047874293747289e-10,3.1120053402630934e-06,0
699,05:50:30,5.318479301632313e-12,2.941806249904861e-12,3.2429492609176083e-12,2.942939900024635e-13,7.051871799784036e-13,9.38834868663638e-10,3.162846292366314e-06,0
700,05:51:00,3.5420471105782847e-12,3.3280799406272735e-12,2.212324375607225e-12,3.5785898106084683e-13,6.880775365297999e-13,3.613944278086409e-10,3.160079782127869e-06,0
701,05:51:30,2.846735043137511e-12,2.5360490820100174e-12,1.1803559158945082e-12,2.9505299319862076e-13,3.521232524446272e-13,4.706252129825635e-10,3.111772895208259e-06,0
702,05:52:00,4.96917121305e-12,2.2611177317093717e-12,2.004763170296331e-12,2.2188029220359534e-13,3.8067767265544255e-13,8.970862826290334e-10,3.2031685707845433e-06,0
703,05:52:30,1.3252321639457617e-11,1.7592806023797759e-12,7.337869821253674e-13,1.7407788908586507e-13,3.5248145426280673e-13,9.354463156275252e-10,3.016769687887683e-06,0
704,05:53:00,1.536041279449168e-11,2.4966884235069073e-12,1.6312955161935391e-12,2.0243659702788364e-13,4.634763314327016e-13,1.0313308357305534e-09,3.150319634823084e-06,1
705,05:53:30,4.863578493060086e-12,1.8936689329742276e-12,2.1802255915086107e-12,2.929172326228357e-13,7.155995617936907e-13,7.974860219485178e-10,3.142664145877595e-06,0
706,05:54:00,3.7635904315130884e-12,2.662007268865841e-12,2.67045280882069e-12,2.907244786209231e-13,4.867155996541414e-13,7.180245863480457e-10,3.2141056070543892e-06,0
707,05:54:30,4.488295363288301e-12,2.169623649027373e-12,2.8445447284988623e-12,2.838891661411483e-13,3.9243264851519514e-13,1.710327224918421e-09,3.215980911875972e-06,0
708,05:55:00,2.3235718238966055e-12,1.925684710594899e-12,2.0760561197181914e-12,2.8110669009880747e-13,4.1045651293609963e-13,1.1349481101966586e-09,3.1425667726028274e-06,0
709,05:55:30,4.6919149725971066e-12,2.450044548556413e-12,3.0173138361885132e-12,2.177197252319653e-13,4.800730340746339e-13,8.517029067194221e-10,3.1492005240346306e-06,0
710,05:56:00,1.5504726907581853e-11,1.7501948678026886e-12,1.64350777320322e-12,1.6769981379970393e-13,4.263462314798956e-13,7.682481062639971e-10,3.13745540512468e-06,1
711,05:56:30,1.9410991257199366e-11,1.8304738698249874e-12,8.249119254304625e-13,1.3628466087481463e-13,3.5912977082225704e-13,5.754078113226941e-10,3.1521056084429227e-06,1
712,05:57:00,2.3649731933197844e-11,1.9088975617324207e-12,8.885983120399242e-13,1.3016199051219626e-13,4.801457367412301e-13,1.777847704547211e-10,3.1595120991082567e-06,1
713,05:57:30,1.6225462099239995e-11,2.5181058851876155e-12,1.2959868132944042e-12,1.8211894811687167e-13,3.840170795000945e-13,7.499055720381416e-10,2.999027307884518e-06,1
714,05:58:00,3.2015404573689518e-12,2.3244518454892457e-12,1.932822590872414e-12,2.885789915077333e-13,6.764757743031838e-13,6.423911664295918e-10,3.1633219322695096e-06,0
715,05:58:30,1.4294711162121313e-11,1.6244656369221814e-12,6.002266312912861e-13,1.0511418624024326e-13,2.4481153557245806e-13,3.0278636508478905e-10,2.8749000596842736e-06,1
716,05:59:00,2.095107875756374e-11,1.588973685564062e-12,1.0499269544956588e-12,1.288307360174965e-13,3.029994568843324e-13,2.639516608617948e-10,2.7663573763537987e-06,1
717,05:59:30,1.3326657034009676e-11,1.6637860185672889e-12,1.158788475030352e-12,1.285975229242204e-13,3.7592753950394473e-13,1.9760756361219218e-10,2.4651351870746424e-06,1
718,06:00:00,1.6559305504692365e-11,2.40399828553882e-12,1.4541262845446915e-12,1.7697227902477397e-13,6.512113690148902e-13,1.6790336154457604e-10,2.5221547689464073e-06,1
719,06:00:30,1.9591981751559364e-11,1.92793784221703e-12,1.1343896668746658e-12,1.3180411677582538e-13,4.1630119034449135e-13,1.4261871540361798e-10,1.6927164451381963e-06,1
720,06:01:00,1.740270315499014e-11,2.795814240825917e-12,1.3487452442246514e-12,1.3384768707676657e-13,4.632064872358182e-13,1.8026413469029533e-10,1.1458012038748964e-06,1
721,06:01:30,1.944940811077238e-11,1.893511611753933e-12,1.2504420529587522e-12,1.4191238706205695e-13,5.389249374184501e-13,1.0753428046741294e-10,1.2077508712735032e-06,1
722,06:02:00,1.1823805534986569e-11,1.6202701552120552e-12,8.639977652052972e-13,1.430476133963793e-13,3.6269086306203645e-13,5.395689342228091e-11,1.2311834568343242e-06,1
723,06:02:30,1.3583523885579515e-11,1.9431935816722165e-12,1.368044489351417e-12,1.7166947170809802e-13,5.169621726997796e-13,1.2970889859288494e-10,1.0743920689500528e-06,1
724,06:03:00,2.3017596901540805e-11,2.8371816590004395e-12,1.802055302351084e-12,1.9302143304558499e-13,6.248875396394639e-13,1.0453048916464184e-10,8.981543579491495e-07,1
725,06:03:30,1.6877227204594775e-11,2.4331314211880203e-12,9.307539547949092e-13,1.0758509571839378e-13,4.0583114288647544e-13,3.7513767474185124e-10,7.712835591193147e-07,1
726,06:04:00,1.836619189485409e-11,2.9703623387297276e-12,1.2758552741953668e-12,1.2660981309305139e-13,4.35500491214469e-13,2.1612262475961137e-10,2.789807929381881e-07,4
727,06:04:30,1.6365575884549235e-11,1.9465311706245357e-12,1.082595636259397e-12,1.0929433211170179e-13,3.3404884498933367e-13,1.2960612077918273e-09,2.617921383143684e-07,4
728,06:05:00,6.214454299157443e-12,1.987517545610807e-12,8.646220080260963e-13,1.4559777321592953e-13,4.896168974365699e-13,2.2649129372044646e-09,2.1817031235429805e-07,4
729,06:05:30,6.778404979344232e-12,1.93736637782163e-12,1.1471220418529027e-12,1.6868120559828173e-13,4.425919671954096e-13,1.820064174898879e-09,3.317282632497787e-07,4
730,06:06:00,9.093668662812053e-12,2.0534946412634127e-12,1.016213851905565e-12,1.211797291446623e-13,3.710414062558803e-13,4.290343867649452e-10,2.5228770375407423e-07,4
731,06:06:30,7.333985670582697e-12,1.4851297150547845e-12,1.3878670683228724e-12,1.6182594310842491e-13,5.929722704074734e-13,2.5228593378963966e-09,2.2727920732403954e-07,4
732,06:07:00,6.515522423349148e-12,2.4279570443234674e-12,1.896940703315733e-12,2.0252468088765761e-13,5.51263704892194e-13,7.907135213805803e-10,4.3297303839600474e-07,4
733,06:07:30,9.610608624362392e-12,1.538752751567393e-12,9.81224982036279e-13,1.1758056578962312e-13,2.779207797311886e-13,7.518923497108545e-09,3.355175896975424e-07,4
734,06:08:00,2.854867649712994e-11,1.5717103318124816e-12,1.7980146274048226e-12,2.4923107477906367e-13,4.540793448449734e-13,1.6953456200034207e-09,1.4672503587186198e-06,4
735,06:08:30,2.170236434599573e-12,2.9356119585118785e-12,2.0843079344760935e-12,2.7152236535902275e-13,5.099431816596789e-13,3.229343083655414e-10,1.9370157382457077e-06,0
736,06:09:00,3.883803947554798e-12,2.043220959795076e-12,3.1332711755325423e-12,2.523800589304456e-13,5.38883609440315e-13,6.108431166850082e-10,1.6755925042525848e-06,0
737,06:09:30,3.2794146395005374e-12,2.7817800219287974e-12,1.5625187653741487e-12,2.3823967743462647e-13,3.9163737525276197e-13,4.3398711451364296e-10,2.2316158970757903e-06,0
738,06:10:00,3.1499783298953063e-12,2.712833379454191e-12,4.004460167686714e-12,3.529228866147459e-13,7.169564946134963e-13,3.010270813429911e-10,2.552858703761339e-06,0
739,06:10:30,4.6619825342211265e-12,3.1182952860879254e-12,2.2071471196877935e-12,2.041548271757292e-13,2.5636020888028263e-13,1.5264254448135011e-09,2.4943656387848136e-06,1
740,06:11:00,8.312318203014305e-12,1.9503458226242836e-12,3.375611088243061e-12,3.2402259833043474e-13,4.719007829284676e-13,5.303229099669828e-10,2.78478460304448e-06,1
741,06:11:30,4.25336297718893e-11,1.3635758314029353e-12,2.8267620429822037e-12,3.9265666019136936e-13,7.433395830907601e-13,9.414759368537137e-10,3.0848538819832657e-06,0
742,06:12:00,4.204191519964901e-12,1.4108360894861237e-12,3.849449540826436e-12,2.648285753233269e-13,3.917449168232076e-13,6.222851578865661e-10,2.576144962377586e-06,1
743,06:12:30,5.707510974482283e-12,2.4867970651108556e-12,1.9121416408684597e-12,2.685554756238893e-13,4.193137502915839e-13,6.095182744423838e-10,2.168844748363377e-06,0
744,06:13:00,3.4139973501505173e-12,2.848308683641141e-12,1.8441939291643914e-12,3.2384908968975646e-13,6.224140650333906e-13,2.898110134208592e-10,2.389670507909778e-06,0
745,06:13:30,3.2780847736419674e-12,1.6853609292994786e-12,1.7725676105944128e-12,2.767190858734183e-13,5.479187453733522e-13,5.303349146350631e-10,2.1359636187018984e-06,0
746,06:14:00,3.961252548717953e-12,2.6503668564604033e-12,1.707038619598534e-12,2.5277216619930284e-13,7.207718814433611e-13,1.2839921015264399e-09,2.0558222155601815e-06,0
747,06:14:30,1.1804490289319896e-11,2.7278895166754887e-12,1.7293589321861443e-12,2.559832226161875e-13,3.5586018299750367e-13,6.144964815674423e-10,2.0752857739058096e-06,1
748,06:15:00,6.536519996123057e-12,1.7966178245793712e-12,1.436389044405667e-12,1.8936694505333742e-13,3.1039532344058945e-13,5.525528971872151e-10,2.2798633560426426e-06,1
749,06:15:30,4.319491012534607e-12,1.8115400302058095e-12,1.1418678884333498e-12,1.954007644628781e-13,4.347281746591258e-13,1.472197829981819e-10,1.9033521535867897e-06,1
750,06:16:00,2.656275402897075e-12,2.1921369706630556e-12,2.0966860069803192e-12,4.089954028026559e-13,6.332209595283232e-13,2.3767154316965225e-10,1.9645766378476653e-06,0
751,06:16:30,5.516302952301379e-12,1.910548486618004e-12,1.7232766172581937e-12,1.813002851876113e-13,3.682550784410012e-13,2.718812000856419e-10,1.3546904308051175e-06,0
752,06:17:00,4.5811247138077835e-12,4.002913929180168e-12,1.8424675013846314e-12,2.618383244689778e-13,4.2641799281169104e-13,3.077711128024517e-10,1.3988662266424943e-06,0
753,06:17:30,3.3927663539532313e-12,2.1224025895127035e-12,2.185150423952648e-12,3.3283864055251007e-13,3.436565993549727e-13,1.0691110681382926e-10,1.7246595574701521e-06,0
754,06:18:00,3.876293782930791e-12,2.5861161586750556e-12,2.964653780431468e-12,2.894401133367495e-13,4.760959951504546e-13,1.9570725573291585e-10,1.5483816455922989e-06,1
755,06:18:30,3.1716170554953575e-12,1.9539914291069613e-12,1.510180333178307e-12,2.1270962013567272e-13,2.546699825710366e-13,1.7039403891644065e-10,1.5231514842014995e-06,1
756,06:19:00,5.7280042197936984e-12,2.7424255170766747e-12,1.1218224475480484e-12,1.746177030302651e-13,3.0685965737835935e-13,2.2657305877997465e-10,2.224247298973726e-06,1
757,06:19:30,3.605745381272785e-12,3.687470853233493e-12,1.8827320447896753e-12,3.053158215188277e-13,6.243156210320146e-13,2.221222833891118e-10,2.1214238998108643e-06,1
758,06:20:00,6.3191026241605655e-12,2.5503789272147297e-12,3.589479872636461e-12,2.974242743069076e-13,4.383882922262365e-13,2.853343672711487e-10,2.452585709349992e-06,1
759,06:20:30,3.229780436785981e-12,3.0633091086204786e-12,2.4973996226858213e-12,1.885633000212714e-13,3.1103376790257203e-13,2.5805970246503823e-10,2.161375334403893e-06,0
760,06:21:00,1.6588718028617694e-11,2.3171330871504685e-12,1.231334254251222e-12,1.590870651285714e-13,5.610523390339096e-13,1.9773678050744533e-10,2.144779099623674e-06,1
761,06:21:30,6.3665966502454994e-12,4.09025990769738e-12,2.2448916396263036e-12,3.56712473442541e-13,7.381213042117624e-13,2.497591846079129e-10,2.210631113170615e-06,1
762,06:22:00,4.362163528899337e-12,2.060705029270061e-12,2.8871670912841514e-12,3.2857004770549424e-13,7.6959273279535e-13,2.4271045781018105e-10,2.1893588595288214e-06,1
763,06:22:30,4.7282375465387094e-12,1.6682589148516702e-12,7.221510747139097e-13,1.2231047297599598e-13,2.4702645851136324e-13,1.9911396402507356e-10,1.6523718665603522e-06,1
764,06:23:00,1.921674473006519e-11,2.284160162992307e-12,1.6404769003988658e-12,1.7860649533924852e-13,3.097909952690743e-13,1.7956140466663502e-10,2.1381110552237034e-06,1
765,06:23:30,2.2277915622767618e-11,2.1185111158453065e-12,1.3773933441801557e-12,1.8539856785032613e-13,4.62740774826567e-13,2.637901545053796e-10,1.6562842142527329e-06,1
766,06:24:00,7.229454987653509e-12,1.739139706349025e-12,9.158308752034009e-13,1.5021352665812056e-13,3.3431339811776906e-13,1.492788406040191e-10,1.7684369738483076e-06,1
767,06:24:30,1.2201643875136532e-11,3.748783478250825e-12,1.4917089673954204e-12,2.481390073758071e-13,8.266110619167984e-13,1.7663449924415576e-10,2.194448850518681e-06,1
768,06:25:00,5.235730575637462e-12,2.8193308943369603e-12,2.317409149547454e-12,3.126982012986993e-13,7.245330156861021e-13,4.1475079628914854e-10,1.8806962235281115e-06,1
769,06:25:30,7.619547116111112e-12,2.4540520605093757e-12,2.5013947934074812e-12,2.678528205025727e-13,7.699686874682505e-13,2.2301133256263844e-10,1.5931447413484753e-06,1
770,06:26:00,3.709034233104046e-12,3.0076185526991736e-12,1.465051271168236e-12,2.2402292765618104e-13,3.3849770988568286e-13,2.9586976224358033e-10,1.685971766196564e-06,1
771,06:26:30,2.0837459292647272e-11,1.2159718828462546e-12,1.0675994189997862e-12,1.507132900378852e-13,3.3142106687706753e-13,2.2700744949562816e-10,2.254953749000457e-06,1
772,06:27:00,2.0509698071324387e-11,3.0172746706498394e-12,1.1718639381376715e-12,1.5390874116216808e-13,5.082038555073287e-13,1.3522404927433678e-10,1.815881996836239e-06,1
773,06:27:30,2.1816356548499527e-11,1.533532434727201e-12,8.726368246975048e-13,9.925282108793969e-14,2.1100315948380097e-13,1.282260284681335e-10,1.9864029439853042e-06,1
774,06:28:00,1.827610292474819e-11,2.3244217798798726e-12,1.3699559381455153e-12,1.1470970480287673e-13,3.336206801498286e-13,8.073773585939534e-11,2.2818660832621715e-06,1
775,06:28:30,2.1033366379529233e-11,1.878477154441937e-12,8.075600453228337e-13,1.3148985089766862e-13,3.997997775829802e-13,2.2079377088075608e-10,2.4051864666018064e-06,1
776,06:29:00,2.4326753508248934e-11,2.7791663783496207e-12,1.2568037839285797e-12,2.4108705679736254e-13,7.04023841800374e-13,1.52588681718307e-10,2.118593830266883e-06,2
777,06:29:30,1.209691268446601e-11,2.163080718117913e-12,8.622961993673228e-13,1.4011233875561658e-13,4.696698476771642e-13,9.747952417676057e-11,2.2137199938367763e-06,1
778,06:30:00,2.113894184956118e-11,3.715772780603058e-12,1.6411953774614365e-12,1.934463505868974e-13,4.958017801728195e-13,2.1163012138195148e-10,2.3725684355437383e-06,2
779,06:30:30,1.2127790075542756e-11,1.2920883576233024e-12,7.209827202320603e-13,1.0517206895746472e-13,2.9049135274152947e-13,1.6651857939513355e-10,2.2369252445806104e-06,1
780,06:31:00,1.6533422455648416e-11,2.3142862413583768e-12,1.157856099799683e-12,1.5443266819300872e-13,4.079677279112706e-13,1.3673778633118284e-10,2.4428231714981875e-06,1
781,06:31:30,1.7321941381044847e-11,2.0025114322938223e-12,1.3532212106247457e-12,1.3613970887591807e-13,3.9139228819423275e-13,1.480058620892374e-10,2.198751064411657e-06,1
782,06:32:00,6.561367656714535e-11,2.6762410031790604e-12,1.9902924631646047e-12,7.973244720139964e-13,7.309338450354013e-13,4.9032876002796276e-09,3.206720172922139e-06,0
783,06:32:30,5.642070670083388e-11,2.3757557079302523e-12,2.7141730917709525e-12,4.972346961106619e-13,5.972101085863323e-13,1.8459537905976044e-09,3.148864370500854e-06,0
784,06:33:00,3.773378265881414e-12,2.203193130977804e-12,2.8730484180467126e-12,3.727411818054939e-13,5.931781821136269e-13,6.085281731746315e-10,3.1255559547525344e-06,0
785,06:33:30,3.487963206286871e-12,2.777718750047703e-12,1.892080486642798e-12,3.078409057480405e-13,6.368517477833305e-13,6.063638082633888e-10,3.1611108718285797e-06,0
786,06:34:00,5.756077091404214e-12,1.6454041614146633e-12,2.1931858952716453e-12,2.36922448485333e-13,3.6694013256894456e-13,3.386350817623326e-10,3.1678122359750895e-06,0
787,06:34:30,5.204691536961994e-12,1.988600029510353e-12,2.4760531695466316e-12,3.9538836833174773e-13,5.428233884859318e-13,5.260078740289385e-10,3.213644717952027e-06,0
788,06:35:00,4.4998650655241875e-12,2.1204967307596592e-12,2.0522085433755404e-12,3.5142365520266577e-13,6.376724815169333e-13,4.434648443125343e-10,3.1672663660809017e-06,0
789,06:35:30,2.6466317434881553e-12,1.4720297476486078e-12,1.7772927290370008e-12,3.1114257986296084e-13,3.7226317902065216e-13,9.0782088538236e-10,3.1398457955936526e-06,0
790,06:36:00,5.2347566299324056e-12,2.038074718181749e-12,3.1115721567916866e-12,3.5947734816915167e-13,6.618046854884531e-13,9.244811822905412e-10,3.2584524905680517e-06,0
791,06:36:30,3.959267457058177e-12,2.1210626625692297e-12,1.844156213495602e-12,3.035932282956171e-13,6.537929314129088e-13,1.0496041955683996e-09,3.1914910733195847e-06,0
792,06:37:00,3.196778248353276e-12,2.4132599037986473e-12,1.7087617751117188e-12,2.7246181448783595e-13,3.627498817815665e-13,8.852574814462752e-10,3.17233888764829e-06,0
793,06:37:30,3.5557759023458774e-12,2.478333852596833e-12,2.9162863743033457e-12,2.5948494037647564e-13,4.3674209296247797e-13,4.5741432437549964e-10,3.1129598002567916e-06,0
794,06:38:00,2.494661667956464e-11,1.937505271003139e-12,2.202789088466938e-12,3.9476294322498584e-13,5.060558140626889e-13,1.7611088855402948e-09,3.160385730978319e-06,0
795,06:38:30,1.543990157655805e-11,1.3526559778213415e-12,3.277035099089564e-12,2.6276261808100277e-13,3.3685119453758525e-13,6.760242071817097e-10,3.201235102697441e-06,0
796,06:39:00,6.320988874168132e-12,1.8665196148441355e-12,2.1221311196205066e-12,3.0763481357915276e-13,3.948968621778717e-13,5.306822247033788e-10,3.1509334901345934e-06,0
797,06:39:30,6.454550351283633e-12,2.4187660498923057e-12,2.033264872954458e-12,3.819007054832771e-13,6.746696700269667e-13,6.320625715957422e-10,3.143532839940427e-06,0
798,06:40:00,4.516408978253658e-12,1.93703196974798e-12,1.1826920346425224e-12,2.2490052733111056e-13,3.063926892353707e-13,3.9485420318677895e-10,3.112676503632361e-06,0
799,06:40:30,3.804232715710342e-12,1.6149674232500579e-12,1.9313762167508133e-12,3.5461221972974506e-13,4.434611204226248e-13,4.5298898348253777e-10,3.1329506241221938e-06,0
800,06:41:00,6.874207954126102e-12,1.10980581758226e-12,1.9667513073156506e-12,2.676162196437058e-13,4.876983984668029e-13,3.894365212120236e-10,3.1739374679974472e-06,0
801,06:41:30,5.2711333784155555e-12,3.5551033053701635e-12,3.2686057410393226e-12,2.591272681034885e-13,3.7296955373301473e-13,1.4271636600832099e-09,3.151232201882646e-06,0
802,06:42:00,3.876350218664908e-12,2.944483304707438e-12,1.5021058024622343e-12,3.3854710280193533e-13,5.532105463477253e-13,5.981770641167238e-10,3.125719772686292e-06,0
803,06:42:30,4.1459609214008115e-12,2.61305669295549e-12,3.4897801643944506e-12,3.6982149355514433e-13,5.616197132772952e-13,7.981241674400465e-10,3.0516118056059446e-06,0
804,06:43:00,4.141496277452382e-12,2.1662177408757846e-12,2.0636600210422745e-12,2.874151521947981e-13,3.6153649642710673e-13,2.1712519859767316e-10,3.0117630867591256e-06,0
805,06:43:30,2.7310474078145912e-12,2.1302813299459133e-12,1.819948609200655e-12,3.1392511794822507e-13,4.758221619456243e-13,4.422850785797411e-10,2.9029360694743135e-06,0
806,06:44:00,3.899006229743059e-12,9.166498942756055e-13,1.2570503966134099e-12,2.576731059254489e-13,4.915920616903626e-13,6.67618221106281e-10,2.9776242819076233e-06,0
807,06:44:30,4.2223470270937924e-12,1.570169525238572e-12,2.1851569591582544e-12,1.905640908282771e-13,4.166014012378484e-13,4.951654409476179e-10,2.961462442258503e-06,0
808,06:45:00,3.6076082831028105e-12,2.355606879871745e-12,2.2937622219033813e-12,3.8350335999371086e-13,3.995059245446162e-13,3.0436262216620845e-10,2.9996904903989795e-06,0
809,06:45:30,4.9845653543233594e-12,2.1712145628617584e-12,1.157662291799904e-12,3.2845510063568405e-13,3.995720683295226e-13,3.894966115010484e-10,3.0057163784692463e-06,0
810,06:46:00,4.691995598556365e-12,1.5267410190722927e-12,1.7633071426569314e-12,4.0494069299938316e-13,5.206239049862477e-13,7.454934599569002e-10,3.043116629577892e-06,0
811,06:46:30,3.5314499332404967e-12,1.95610084222354e-12,1.7766586002333956e-12,4.3695254827641054e-13,4.128205062578504e-13,4.135435975399467e-10,2.9394370614214292e-06,0
812,06:47:00,4.35133269662298e-12,2.158678012191052e-12,2.266798591978071e-12,4.2264633829166943e-13,5.322872628632705e-13,6.238798875964263e-10,2.9185640336850262e-06,0
813,06:47:30,3.1839190209123524e-12,1.683354301830567e-12,2.2298214661540905e-12,3.322132026162132e-13,3.7737959163458814e-13,9.66511115005105e-10,2.93246247001923e-06,0
814,06:48:00,4.722263572879461e-12,1.7473165287592082e-12,1.4939495624607645e-12,2.41490800599778e-13,3.6515378530711126e-13,1.875943705842146e-09,3.0381308503491424e-06,0
815,06:48:30,4.886739280402745e-12,1.6574129221376705e-12,1.4870501616274302e-12,2.0968963825332193e-13,3.648951207584383e-13,4.391183277097772e-10,2.8844172185130024e-06,0
816,06:49:00,4.016557891603561e-12,3.5124468660895893e-12,2.7479506442098656e-12,2.995371711050524e-13,4.845538834817093e-13,2.699790350156385e-10,2.797264779914482e-06,0
817,06:49:30,4.6704059481001044e-12,1.1611279276876596e-12,8.48238603768898e-13,1.5143030749726184e-13,3.1521030105767517e-13,4.2439429653783016e-10,2.7813346831738235e-06,0
818,06:50:00,1.224770435892386e-11,2.443079882828044e-12,2.020357418068762e-12,2.8768388544735304e-13,7.267073874942578e-13,9.483949917958875e-10,2.703634826841569e-06,1
819,06:50:30,4.7928353927163926e-12,1.9263588946392695e-12,2.7831132487511383e-12,3.6457180408062354e-13,5.969448223319826e-13,6.751690469533915e-10,2.421645316587682e-06,0
820,06:51:00,3.4489514866610234e-12,1.6584419038124064e-12,3.144917833591308e-12,2.3996637503999594e-13,3.51715469131167e-13,4.923071855683826e-10,2.5835347204330148e-06,0
821,06:51:30,5.425426742543655e-12,1.3169526737430509e-12,1.7216934916844552e-12,2.247927730397538e-13,3.99161790793211e-13,1.451559766312898e-09,2.493014693837875e-06,1
822,06:52:00,3.475375495609315e-12,1.7774740452958388e-12,1.860782640537981e-12,2.9605931534086337e-13,4.3713225135842016e-13,4.0065613610714526e-10,2.1333322751247708e-06,0
823,06:52:30,5.348422128400879e-12,2.046842099685056e-12,1.6076037202844962e-12,1.9409780933157933e-13,4.665137646705499e-13,5.614419110580767e-10,2.0387782504522723e-06,1
824,06:53:00,2.118420342373207e-11,2.9437759691517825e-12,9.920330874748234e-13,1.730959577772788e-13,3.320328662260305e-13,2.800792419908355e-10,2.22632467811535e-06,1
825,06:53:30,8.696273140820199e-12,2.8272954277440142e-12,3.8150455962579e-12,4.0594283240690463e-13,8.32992091627699e-13,3.081469899048306e-10,2.162291454460333e-06,0
826,06:54:00,1.0142072172151744e-11,2.067981052205342e-12,1.066386813676839e-12,1.5499999245394643e-13,3.2720201159336295e-13,8.210650073160572e-10,1.8849483548328253e-06,1
827,06:54:30,1.3801477166072179e-11,3.0263468002075804e-12,1.1957661130181578e-12,1.8501507746847725e-13,4.714940327461015e-13,2.191471125612012e-10,2.2502410376482696e-06,1
828,06:55:00,8.002042601962741e-12,2.4343233201952127e-12,7.869312893622316e-13,1.900627179729128e-13,4.130202659407292e-13,2.3588885007044197e-10,2.3068869834849414e-06,1
829,06:55:30,2.0618656621487356e-11,2.506406807791758e-12,1.4892065213538746e-12,1.5807210593419059e-13,3.370114791681087e-13,1.3289110891116223e-10,2.08570179108087e-06,1
830,06:56:00,2.3302848141237996e-11,2.103064067273904e-12,8.083863224357973e-13,1.385157669336825e-13,3.325305912259541e-13,9.462271762871627e-11,1.5613137844449862e-06,2
831,06:56:30,1.5592321548111083e-11,1.8402827772127735e-12,8.421329165683055e-13,1.3114011621687184e-13,3.95978851325462e-13,8.32337936271082e-11,9.64526553616688e-07,2
832,06:57:00,2.7561690895071432e-11,2.535335983595574e-12,1.4554304811841085e-12,3.4190132995561153e-13,9.645937554460378e-13,1.4338038199050916e-10,1.2669981439032616e-06,2
833,06:57:30,1.875708130880144e-11,1.9167985647724635e-12,1.1389267862089207e-12,1.739737299044923e-13,5.328207538424421e-13,1.0018990313713796e-10,7.495152143954576e-07,2
834,06:58:00,1.473242248285367e-11,2.0079367303791415e-12,9.149743385747586e-13,1.539688457432917e-13,4.76196114906889e-13,8.603050592481632e-11,6.423146335106934e-07,2
835,06:58:30,1.269832703561232e-11,2.3414989492311e-12,1.3873709739120258e-12,2.2240674922366017e-13,5.546792509413352e-13,7.849838575919985e-11,7.21233576905131e-07,2
836,06:59:00,1.7321899175342175e-11,3.872454656095325e-12,1.2307245150132572e-12,4.16696487630431e-13,1.0413950745090247e-12,8.675516018318058e-11,5.846386140610581e-07,2
837,06:59:30,2.8249694821440535e-11,2.0351229913460235e-12,1.001776869033243e-12,1.7188430010485098e-13,6.368017867062316e-13,7.894198898429875e-11,5.893603680575579e-07,2
838,07:00:00,2.394425450571128e-11,2.0400810919814393e-12,1.253813330372694e-12,1.1993355725193757e-13,3.695631801926376e-13,8.171879337940966e-11,1.0297887808490064e-06,2
839,07:00:30,3.097246946520506e-11,2.714015368391272e-12,1.6391631129022503e-12,1.9320773927796596e-13,6.229697622674306e-13,1.0419016392170881e-10,6.658159051646573e-07,2
840,07:01:00,2.789619734564637e-11,1.9213997533817152e-12,1.373709227036247e-12,1.3760809002226686e-13,3.9886000115824277e-13,8.80316905672312e-11,6.265160773474813e-07,2
841,07:01:30,1.3242697518136294e-11,2.174002863160026e-12,1.0135217333194588e-12,1.736091243229636e-13,5.949155446127885e-13,8.318339600275838e-11,9.009588292854476e-07,2
842,07:02:00,2.0039789670003126e-11,2.125781670781805e-12,1.1297760575735851e-12,2.1067359824640038e-13,5.885939973091989e-13,2.7911522588483473e-10,1.747971427728167e-06,2
843,07:02:30,2.4055757578705685e-11,1.7825515439751377e-12,8.494031299258481e-13,1.5798540144752239e-13,4.142427522310442e-13,1.2762469783006782e-10,8.529334177490793e-07,2
844,07:03:00,2.2960431177334822e-11,2.6262474234381184e-12,1.0942815947160431e-12,1.6217398506208836e-13,3.9148732790893e-13,8.288874126024594e-11,7.839582322094161e-07,2
845,07:03:30,1.461067417454787e-11,2.4653161965587785e-12,1.4812142275838815e-12,1.1885955572092077e-13,3.7901178703639646e-13,9.298565613962582e-11,7.258306011647222e-07,2
846,07:04:00,3.8129289414741165e-11,3.1587193547031584e-12,1.7105382726698731e-12,1.6394307916548756e-13,5.520355985887501e-13,1.4746619231405091e-10,1.0713364944354684e-06,2
847,07:04:30,1.597324042425321e-11,3.0207322760038676e-12,1.0163208030156694e-12,2.3962821660486464e-13,4.813280910225478e-13,9.073363496067142e-11,6.195211066228724e-07,2
848,07:05:00,2.3932057337611912e-11,1.8276067902320567e-12,1.2762783473772386e-12,1.2030794339273337e-13,4.142557635184088e-13,8.438128276685026e-11,6.785301540392465e-07,2
849,07:05:30,1.0558915066203039e-11,1.672292576536358e-12,1.0965958133964012e-12,2.1543361193802795e-13,7.174730685487068e-13,9.268912061074891e-11,6.161841148726463e-07,2
850,07:06:00,2.452297976322e-11,3.3295381767018023e-12,1.441231107667493e-12,1.678239009951381e-13,3.6545161537426123e-13,1.53691460987945e-10,9.827097674849523e-07,2
851,07:06:30,2.637221329242776e-11,2.7611795486139247e-12,1.2772065978406368e-12,1.454871229653066e-13,5.297809464533729e-13,5.483795370100724e-10,1.0538483380108789e-06,2
852,07:07:00,8.268455980212743e-12,2.1859092770814335e-12,1.5090220376618381e-12,3.160497181287426e-13,6.823117988997195e-13,3.320127114518126e-10,2.517515858525015e-06,2
853,07:07:30,2.2526518036675384e-11,1.895263881629939e-12,7.906962553651337e-13,1.0083117701438615e-13,2.5203519149947804e-13,1.1085090639776451e-10,1.1045818212944682e-06,2
854,07:08:00,1.9164724245002107e-11,3.5547617701277886e-12,9.681324519509913e-13,2.298922185839797e-13,7.184875203531799e-13,1.1818647295954147e-10,9.289708929373886e-07,2
855,07:08:30,3.5748120927113355e-11,3.6272863793676287e-12,1.7811147029338095e-12,2.549872784852309e-13,7.454972686571106e-13,2.370731243415093e-10,1.4463093846275222e-06,2
856,07:09:00,1.5660946226084983e-11,2.047546840425861e-12,6.414020652091992e-13,1.8354450993279395e-13,4.27207915258398e-13,1.9315813991427557e-10,7.891372564546908e-07,2
857,07:09:30,1.891492845073635e-11,3.72079185591499e-12,2.0115148002953323e-12,4.789415501409199e-13,7.304927378044059e-13,1.5919094559071538e-09,2.5976434061690445e-06,0
858,07:10:00,9.374992172144456e-12,2.6345230189630486e-12,1.9036108753076497e-12,2.542344274556232e-13,3.70166704389296e-13,3.9236798639917666e-10,3.0884432958029554e-06,0
859,07:10:30,6.160886855746661e-12,1.5099581919381662e-12,8.434103723320073e-13,1.2710983146279353e-13,2.970939540834363e-13,3.001315234887911e-10,2.9921261904834394e-06,1
860,07:11:00,2.3431160647671564e-11,2.1155094132496274e-12,9.489220562566063e-13,1.358075099588274e-13,4.0057734774965644e-13,1.8130885739833927e-10,2.5725888655227874e-06,1
861,07:11:30,2.2079809088581795e-11,2.039099579694579e-12,1.0138871391863898e-12,1.383056468280599e-13,4.960179339388313e-13,1.1833628276901088e-10,2.5527736730691764e-06,1
862,07:12:00,3.1318570132734716e-11,2.351935820373886e-12,1.4102062645039684e-12,1.9225766857653398e-13,5.870557719679172e-13,1.675165529450442e-10,1.9544175133557417e-06,1
863,07:12:30,1.510740033753161e-11,1.7519966717633046e-12,1.1660172454905418e-12,1.8476072373794067e-13,6.641217369749759e-13,2.8057191053561984e-10,1.0023602991465335e-06,1
864,07:13:00,2.406703475332204e-11,2.1629129710876363e-12,1.4441937157070033e-12,1.6774885163848395e-13,3.923945907091074e-13,1.3154277926590956e-10,2.5064522656886296e-07,1
865,07:13:30,3.0057523850276066e-11,3.242490837650477e-12,1.1581561314392648e-12,1.7904824822531916e-13,4.2258717204641006e-13,1.6447291618875417e-10,4.860559259687245e-07,1
866,07:14:00,1.748200022230386e-11,2.2385685249790848e-12,1.8372359950188824e-12,1.1027140539123472e-13,3.4139376120211017e-13,3.4287839205559523e-10,6.647657436286558e-07,1
867,07:14:30,3.142761516056246e-11,2.442221606127327e-12,1.0886818931793668e-12,1.3742751964111862e-13,3.820533362608713e-13,1.824944174963242e-10,2.5992716338344875e-07,1
868,07:15:00,2.375676293804618e-11,2.7526369691444964e-12,1.2419552056203184e-12,1.6765021234774363e-13,4.88516508304267e-13,3.50827242303448e-10,2.3151215937677406e-07,1
869,07:15:30,1.2929852627075843e-11,2.1078267263643597e-12,1.6921955078471386e-12,1.550758341899673e-13,4.790206752000455e-13,5.239041356206576e-09,2.0992230759872947e-07,4
870,07:16:00,6.1443181097056865e-12,2.764165240379319e-12,1.0965983938432193e-12,1.2006176289818223e-13,3.2974078206218485e-13,1.1281768135721333e-09,2.48879712823431e-07,4
871,07:16:30,6.802198448907063e-12,1.3805800840498557e-12,1.099570147395104e-12,1.406473817243651e-13,2.936415972236884e-13,3.772910412343828e-09,2.0960589522512388e-07,4
872,07:17:00,4.651845965045015e-12,1.070967769121312e-12,9.268722309651426e-13,1.0129815866542915e-13,1.9192720046521232e-13,5.3180040528354946e-09,2.154583306501519e-07,4
873,07:17:30,4.155043772123817e-12,1.3797942675511416e-12,7.581646708013587e-13,1.2007312114468928e-13,3.063838016969203e-13,6.906325417832759e-10,2.5228742520178143e-07,4
874,07:18:00,9.179341801675368e-12,1.3123649563318544e-12,1.1089451287729778e-12,1.2036352871742863e-13,2.4459181808506514e-13,4.678934742743566e-09,2.6643032059931073e-07,4
875,07:18:30,9.139851133186312e-12,1.081539647369132e-12,1.4682386425050508e-12,1.3141078319547984e-13,4.117204800383179e-13,4.048158548318628e-09,2.59878848270419e-07,4
876,07:19:00,1.5048242562873755e-11,1.157082357249645e-12,9.289431573674615e-13,1.1020461889542974e-13,2.5345724843371543e-13,5.935356703106032e-09,2.6672273887105875e-07,4
877,07:19:30,6.8519582646181244e-12,1.605370846438085e-12,1.2256043600449369e-12,1.2677838173018063e-13,2.9882657561030075e-13,4.5228017354956575e-09,3.029394894466999e-07,4
878,07:20:00,8.974454986232075e-12,1.2558437781658674e-12,8.407064329692026e-13,1.2375498722236567e-13,2.5970983772056573e-13,4.854001776655585e-09,2.4456830344794926e-07,4
879,07:20:30,9.459655268675653e-12,9.824442830710553e-13,1.4045890280361192e-12,9.262385818244929e-14,1.5491564750746795e-13,9.718402904572543e-09,8.394505628354501e-07,4
880,07:21:00,1.1506558523458438e-11,1.2429767276411636e-12,6.977015017673586e-13,8.611981634188879e-14,1.4799846743851342e-13,2.2521625436416477e-09,1.793682849493861e-06,4
881,07:21:30,1.619604681534648e-11,1.6141850995031644e-12,8.579105577607392e-13,1.37727423934033e-13,3.7313263181426587e-13,2.9261852782108276e-09,8.181969398464169e-07,4
882,07:22:00,4.362170211379555e-12,1.2807291759879013e-12,1.1988802576602177e-12,1.2435707035694416e-13,3.2204852692584053e-13,3.7082982947221646e-09,2.3355740959097844e-07,4
883,07:22:30,6.311010129067134e-12,1.3076991810651812e-12,7.374916212710838e-13,1.0307520906647372e-13,2.309501607964147e-13,2.3349085916498645e-09,2.3218944842865855e-07,4
884,07:23:00,1.1550867963476312e-11,1.057474931292401e-12,6.131841977172697e-13,1.0119911873856148e-13,1.7383169340334806e-13,3.758008326154145e-09,2.459899004374411e-07,4
885,07:23:30,1.3356162212560168e-11,9.199657415584956e-13,7.980787668773849e-13,9.96002338785891e-14,2.48123198184273e-13,3.974570955201333e-09,2.786699608131443e-07,4
886,07:24:00,1.0271541691010043e-11,8.884019663115976e-13,7.293323113587712e-13,1.0114797005790232e-13,2.8839462627163756e-13,1.2834709755110686e-09,2.472052627390461e-07,4
887,07:24:30,1.476199763342407e-11,1.1937631210991723e-12,8.730719934509415e-13,1.0644236107619607e-13,1.7884551787926374e-13,3.93343823019026e-09,2.5599541633020045e-07,4
888,07:25:00,9.796812888971802e-12,8.585572484590245e-13,9.75858924239549e-13,1.3343685204236067e-13,3.458688770416977e-13,1.4874615533337363e-08,2.5464372278349866e-07,4
889,07:25:30,1.0692045046378448e-11,1.3775593597333354e-12,9.310201697876958e-13,1.2485453479646315e-13,2.912124848769018e-13,3.187278487104082e-09,2.3120270586125894e-07,4
890,07:26:00,1.921060034117624e-11,1.2517597953192133e-12,9.053132062397325e-13,1.0833316066730017e-13,2.155437109443095e-13,5.167587820425281e-09,6.350164501216493e-07,4
891,07:26:30,1.3279946969178958e-11,1.7214988291384664e-12,1.2918575682577806e-12,1.3325079902876036e-13,3.297813524631553e-13,6.5019460591412576e-09,2.2436208746806427e-07,4
892,07:27:00,9.152255976849198e-12,1.5068432073446422e-12,9.02963590726541e-13,1.0996005366728399e-13,3.0337643412027146e-13,4.168188983218057e-09,2.3578274467271916e-07,4
893,07:27:30,1.0817764655104745e-11,1.4667883314923733e-12,1.1538412269161495e-12,1.3542283533730884e-13,2.733636014982279e-13,3.6310190971747153e-09,2.4439951399911747e-07,4
894,07:28:00,1.3354010832806627e-11,1.3329657267218428e-12,9.020922497920297e-13,1.0755193925794374e-13,2.5473021517407104e-13,4.601023318912601e-09,2.324596153574181e-07,4
895,07:28:30,4.598043496567759e-12,1.2178407266536072e-12,1.113241174017913e-12,1.5009978593237083e-13,3.0309198522651056e-13,3.031986134869346e-09,2.0224847274517106e-07,4
896,07:29:00,1.0037523770378908e-11,1.31890170507182e-12,7.702569164694907e-13,1.3344070776555e-13,2.5556210102543327e-13,7.98282882695817e-11,2.6145863698083804e-07,4
897,07:29:30,6.337351318363904e-12,1.5389700668484076e-12,1.0730477252753597e-12,1.5308727701821773e-13,4.297659237019186e-13,8.712225744481569e-11,6.941681442333261e-07,4
898,07:30:00,7.698049286349394e-12,1.7542278329017828e-12,1.3791533554126674e-12,1.4896849118045007e-13,4.770280444684486e-13,6.463526477741458e-09,2.2961097055477826e-07,4
899,07:30:30,7.731298534507626e-12,9.880988817252813e-13,7.143849472788407e-13,9.287293549041457e-14,1.830663092601476e-13,8.77976716751452e-09,1.983475835582648e-07,4
900,07:31:00,1.616049495938549e-11,8.68931775343143e-13,5.182359026487649e-13,1.16512324868473e-13,3.3258927334135574e-13,1.125469756737266e-08,2.1258995310350704e-07,4
901,07:31:30,9.394618890443776e-12,1.1483715525598752e-12,6.243547187303255e-13,1.2720957609378788e-13,2.6583028962580096e-13,6.176736250264383e-09,8.211710787113345e-07,4
902,07:32:00,4.303485493846016e-12,9.960278478592353e-13,7.548458192531727e-13,9.90034431019894e-14,1.7159293909803313e-13,5.004766034827444e-09,2.428329865038242e-07,4
903,07:32:30,1.1461539399837887e-11,8.232043289030925e-13,6.091418156345254e-13,1.1144889600818217e-13,2.309533206684798e-13,4.960674950105115e-09,2.3642470150032413e-07,4
904,07:33:00,7.7809877879064e-12,1.1293622613483665e-12,7.371260587706252e-13,1.0679288972187837e-13,2.423450172256009e-13,1.911882032228153e-08,3.0344168833511684e-07,4
905,07:33:30,3.119745674627429e-11,1.0022667756762017e-12,6.014225868276728e-13,9.262954824165733e-14,1.9156282905975318e-13,6.323619746711927e-09,4.60019829226951e-07,4
906,07:34:00,8.147328946916177e-12,1.1182465523278571e-12,1.1177451756973595e-12,1.4329210995978226e-13,2.759577049666421e-13,9.916042400414343e-09,3.755672651888276e-07,4
907,07:34:30,6.720237591134626e-12,9.415220492751258e-13,5.484561394321442e-13,9.355506038560292e-14,1.8212050428951334e-13,1.2048612968557297e-09,2.7003295816307594e-07,4
908,07:35:00,5.189561052546366e-12,1.0296620758928383e-12,9.94682585577296e-13,1.3348377987103715e-13,3.3571638024979696e-13,4.939177594412459e-10,2.3139952329565848e-07,4
909,07:35:30,4.187551995902037e-12,1.0355525281460193e-12,1.0141485561051318e-12,1.2632684676515883e-13,3.5583556728969264e-13,1.7577386082972737e-09,3.157744564120174e-07,4
910,07:36:00,2.2199037849129932e-11,1.4316442311975534e-12,6.073837851821855e-13,1.2270445390570168e-13,3.6230248284694427e-13,1.2488122535458083e-08,2.6459851148586845e-07,4
911,07:36:30,1.3076535050160605e-11,9.320608758356108e-13,8.228268856014378e-13,9.299693975970337e-14,1.4782039982773625e-13,4.6087291418203424e-09,4.968926498464006e-07,4
912,07:37:00,7.931494822047427e-12,1.1609196722966367e-12,7.586952204952566e-13,8.921220681545387e-14,1.3224744556165442e-13,7.245026237926831e-10,2.4093509414303467e-07,4
913,07:37:30,1.7286755370622752e-11,1.1656108310505188e-12,9.703807793171566e-13,1.1517260305829273e-13,3.1599639856581766e-13,1.1106734700988282e-08,4.2094845125932857e-07,4
914,07:38:00,7.356133930599179e-12,1.136247738494503e-12,7.353791402791063e-13,1.0550317101085206e-13,2.631543366665522e-13,3.5716649192097894e-09,2.330602692227946e-07,4
915,07:38:30,9.104782309098931e-12,1.1209760738152103e-12,1.1261844737716724e-12,9.725671104310534e-14,2.1021996969474317e-13,1.4234678432781694e-09,5.09875880094166e-07,4
916,07:39:00,2.42475390432161e-11,1.5920496847411102e-12,1.4710297443505758e-12,1.3040477013279e-13,3.6043790625618117e-13,9.977423243751286e-10,3.875289344809438e-07,4
917,07:39:30,6.905311911412921e-12,1.446365455802065e-12,9.576428422507406e-13,1.461791406003336e-13,4.886384190943733e-13,1.5909195335627336e-09,3.7608073118217764e-07,4
918,07:40:00,1.4411490495527775e-11,1.1275000289966687e-12,6.770451452456873e-13,9.831885460313925e-14,1.9443398238763616e-13,2.565367269386247e-09,2.696925914742441e-07,4
919,07:40:30,5.143692646410439e-12,1.1457453863214993e-12,6.93060164444054e-13,9.794281918208563e-14,1.819730534935536e-13,1.312027912978867e-09,2.3689637613824016e-07,4
920,07:41:00,5.39991860290365e-12,1.2277641994479492e-12,1.4808020347217391e-12,1.1681498490042078e-13,2.0649138473894213e-13,4.958512953910463e-10,3.925454333197279e-07,4
921,07:41:30,4.358893057083642e-12,1.6044411855187557e-12,1.0114709875163046e-12,1.0801898315136951e-13,1.986773033645227e-13,8.673923779288893e-10,3.0227738924947607e-07,4
922,07:42:00,6.9329081563987234e-12,1.4629922988296224e-12,1.4035101466783652e-12,1.4625683905140144e-13,3.290354786792474e-13,2.1406440793596766e-10,1.7708761848537235e-06,4
923,07:42:30,3.7574766524957775e-12,1.371301532886138e-12,9.229318696220005e-13,2.730594592565596e-13,6.095618226116331e-13,2.988631586469644e-10,2.200089891511465e-06,0
924,07:43:00,4.596908293428791e-12,9.253801825480362e-13,7.322195670294944e-13,1.142689114205446e-13,1.7514684075228765e-13,1.1090180868334481e-10,1.5024871753888072e-06,1
925,07:43:30,4.6067973072916716e-12,2.2086062402462373e-12,1.9856375949022404e-12,1.8145054828873753e-13,4.3087522432811674e-13,3.3047656161492633e-10,8.094618981709474e-07,1
926,07:44:00,5.346809565772585e-12,1.3460730098107571e-12,8.115175942085371e-13,1.1185579367207017e-13,3.007954755711939e-13,1.492029901022676e-10,8.410717328462192e-07,1
927,07:44:30,1.5770769830187652e-11,1.8690566015212447e-12,8.630085316064813e-13,1.3109215399682454e-13,3.767871656350139e-13,9.377564228933762e-11,7.847583012011124e-07,1
928,07:45:00,1.140678661178968e-11,1.5494416554366123e-12,9.150273259095033e-13,1.2963474615038836e-13,2.2084640444220698e-13,5.059988881144996e-11,7.431356125671597e-07,1
929,07:45:30,1.1180427988282486e-11,1.8216179674637195e-12,9.041822800591396e-13,1.2348874060148972e-13,3.8554160790948386e-13,8.36468978791931e-11,3.215215351409446e-07,1
930,07:46:00,2.1243142977670053e-11,2.3755133675076635e-12,1.289712422723132e-12,1.2378140465998464e-13,3.6534727497414646e-13,8.140022518415597e-11,7.009187610702907e-07,1
931,07:46:30,3.880921580981199e-12,1.3701046185518489e-12,1.2969533581432643e-12,1.7686555593924193e-13,3.471903446288858e-13,7.779560089229038e-11,5.64540687333469e-07,1
932,07:47:00,4.409213708398989e-12,1.542724427970757e-12,1.0958585789486845e-12,1.2225685690866082e-13,2.462112837486657e-13,7.312432419549604e-11,2.2344615725466018e-07,1
933,07:47:30,7.531956874484119e-12,1.7261458337779939e-12,5.681150292080576e-13,1.3845144730188352e-13,3.648813895769211e-13,9.373949507677414e-11,1.9449700275148147e-07,1
934,07:48:00,9.867604360364364e-12,1.8927499710594303e-12,1.2207854713693879e-12,1.935854095988464e-13,3.4128374201403095e-13,1.043852080690698e-10,2.4790452298556093e-07,1
935,07:48:30,1.3185664973305226e-11,1.7147111847931334e-12,6.641783429688212e-13,1.0406570916909005e-13,2.9030859915921766e-13,7.862626400184864e-11,2.0589046164214847e-07,1
936,07:49:00,1.2202773232405287e-11,1.8130380921113982e-12,1.3435436790392076e-12,1.2150037272288777e-13,4.659634677712441e-13,9.343317941451403e-11,2.273980241439268e-07,1
937,07:49:30,1.6788185700164034e-11,1.6901118790975228e-12,6.026461991730474e-13,1.139245182766129e-13,2.5764986455205864e-13,1.042154969017785e-10,6.903943267387881e-07,1
938,07:50:00,1.1565534933317326e-11,2.1320281135320967e-12,7.181836486220082e-13,1.2129915524276772e-13,2.879599465319158e-13,9.826927619082468e-11,2.449536789470619e-07,1
939,07:50:30,2.4728395573892386e-11,2.6007458113433986e-12,8.382017731985389e-13,1.8565808132262063e-13,5.443010160963149e-13,1.2415769805855417e-10,2.94201661400558e-07,1
940,07:51:00,9.911984165277664e-12,1.9458605814942094e-12,8.195905698031015e-13,1.5552653457538098e-13,4.841497818001615e-13,1.1484120561596919e-10,2.340060837393487e-07,1
941,07:51:30,1.2454328678718642e-11,3.5290429921311696e-12,9.797925321253003e-13,1.1096053534136666e-13,2.9243206540686764e-13,8.189969136390606e-11,2.1269063523220808e-07,1
942,07:52:00,1.7749886760546984e-11,1.8533480252566716e-12,7.916517685777878e-13,1.0994507906105553e-13,2.653667458506148e-13,1.0064344927845368e-10,4.5944476400440183e-07,1
943,07:52:30,1.759055862713661e-11,2.5106233454405615e-12,9.614439133770496e-13,2.988678602451652e-13,1.0318226268152842e-12,9.434717855112558e-11,2.240994511000747e-07,1
944,07:53:00,1.5911056052820153e-11,2.9096962300667327e-12,7.846341504407387e-13,1.9768137889330464e-13,6.698896866762458e-13,1.306807431113655e-10,2.3123969299420727e-07,1
945,07:53:30,2.9272849015897845e-11,2.1150016107539198e-12,7.395708423245592e-13,1.0627750454311623e-13,3.212481420036201e-13,8.249377329419925e-11,2.7117438811063965e-07,1
946,07:54:00,1.1530549845367306e-11,2.930762923013898e-12,1.4938069234783771e-12,2.2981356348820057e-13,8.576901595182504e-13,2.2045642252643304e-10,1.2132235808270862e-06,1
947,07:54:30,1.0109662746435566e-11,1.2914362167110115e-12,9.912507901529662e-13,1.171213107932954e-13,3.3410853702945817e-13,2.014569443935009e-10,2.7804032625225984e-07,1
948,07:55:00,8.122097398371607e-12,1.82779561475658e-12,1.0758950644859662e-12,1.1788645573246437e-13,3.7033349155810077e-13,1.069218350538799e-10,3.9264883152923837e-07,1
949,07:55:30,1.2857704909021844e-11,1.5070528374497532e-12,7.525434437167229e-13,1.8838690983518233e-13,5.928114189537429e-13,1.1389682996253514e-10,2.5310475242728036e-07,1
950,07:56:00,2.071335386350414e-11,1.7348824070450976e-12,7.376056240558542e-13,1.3159768750662488e-13,3.281831455403842e-13,9.446398554352357e-11,2.6881030369985544e-07,1
951,07:56:30,1.9831680880266768e-11,1.6069507364414053e-12,6.794469502615448e-13,9.880123654384984e-14,2.5024002566296084e-13,1.2349671314636625e-10,2.90261061226019e-07,1
952,07:57:00,1.7266913031099213e-11,2.084360313582827e-12,6.687730680129045e-13,1.2166723466974362e-13,3.9695563861763007e-13,1.1047545800277578e-10,4.879000968769247e-07,1
953,07:57:30,2.5312231588568907e-11,2.519397174322613e-12,7.346312290959189e-13,1.1952309550976786e-13,3.31206771902588e-13,1.3876131769077393e-10,3.8618886561187215e-07,1
954,07:58:00,3.365045997885463e-11,2.3045272702665705e-12,4.856215474272131e-13,1.2139961622350793e-13,4.5063123221323074e-13,1.4351222976243312e-10,7.645818272052586e-07,2
955,07:58:30,4.046271490227108e-11,2.4216889643556417e-12,7.807632526971161e-13,1.1227774915145528e-13,2.218712157758e-13,1.2917780471241622e-10,2.519776286681082e-07,2
956,07:59:00,2.793889104791239e-11,2.351234779799255e-12,1.0200323307185417e-12,1.4525674649550479e-13,4.1004268594140747e-13,1.269308274638853e-10,4.357065732593146e-07,2
957,07:59:30,1.4135246948688373e-11,1.4717245897945208e-12,5.769796606524921e-13,8.846270152553876e-14,2.9574737261361163e-13,1.1559722696504998e-10,2.5434259184091077e-07,2
958,08:00:00,3.988244261719683e-11,2.2455619433581305e-12,7.343984537276821e-13,1.1577545573153655e-13,3.3107064466836267e-13,1.1213960974411887e-10,2.8377407309102297e-07,2
959,08:00:30,5.501727999729331e-11,1.974102667895791e-12,6.530767577549743e-13,9.637921637141574e-14,3.688405673770346e-13,1.601764360174814e-10,3.032931002127877e-07,2
960,08:01:00,3.137477052685249e-11,2.111400539352915e-12,7.204148961556161e-13,9.9148373913995e-14,2.6710568061150057e-13,1.2990295696421354e-10,3.4687521345557396e-07,2
961,08:01:30,3.636712990822426e-11,1.417238319815757e-12,5.403459099994132e-13,9.57746700991476e-14,3.1527191404744265e-13,2.0043077184242094e-10,2.3261016633362291e-07,2
962,08:02:00,4.427710585742686e-11,2.1920802745154634e-12,9.243325212837818e-13,1.6286875440829106e-13,6.267442560990946e-13,2.7451444111806296e-10,3.568681968795886e-07,2
963,08:02:30,5.0506845533359024e-11,1.8042965138579657e-12,7.924092619169516e-13,9.874404954489525e-14,3.315799035132188e-13,1.7321949950896402e-10,2.48483951936453e-07,2
964,08:03:00,4.1715980030744984e-11,2.2072078853776e-12,7.315283516588225e-13,1.0018927349751399e-13,2.7564893488085506e-13,2.81223499192564e-10,2.970893757332703e-07,2
965,08:03:30,4.000765154769394e-11,1.9412832435031512e-12,5.900670114726459e-13,8.515975480778792e-14,2.7225279395589383e-13,1.9643242291959525e-10,2.466305460468555e-07,2
966,08:04:00,4.391645892019925e-11,2.316475655047188e-12,9.47563211727177e-13,1.1685346449953334e-13,5.031102146751406e-13,2.1382238571096235e-10,3.1715575943961797e-07,2
967,08:04:30,4.5606293140316544e-11,4.305032753209824e-12,2.5756619035036437e-12,1.4522205888881845e-13,3.973586378502667e-13,3.6640173839329735e-10,3.166237421208273e-07,2
968,08:05:00,2.7958176537439943e-11,1.7178388909945845e-12,9.326232961040149e-13,9.396604760326873e-14,2.7637532441565204e-13,1.7122431551518664e-10,2.754744153601629e-07,2
969,08:05:30,3.331754237128204e-11,3.910546744861317e-12,1.6901711273216277e-12,1.2963169483806405e-13,4.291057936295637e-13,2.801517165449112e-10,3.0071703390464717e-07,2
970,08:06:00,2.5206798758006984e-11,2.8872634592904123e-12,1.124314771623144e-12,9.468783909772572e-14,2.539514266076935e-13,1.140755076442944e-10,3.104164794630727e-07,2
971,08:06:30,3.235302407069625e-11,4.7941457611330046e-12,2.8075765979007708e-12,2.806507047393117e-13,7.301821390228139e-13,4.709947560956414e-10,2.300067818464405e-06,0
972,08:07:00,2.3000867796829274e-12,3.2675254940058205e-12,2.6914199714250723e-12,2.5687931899432693e-13,4.746594442519217e-13,1.3190492592168106e-10,2.653835999492652e-06,0
973,08:07:30,3.321620381966037e-12,3.0408868849924086e-12,2.5300293639452133e-12,2.6124082709453746e-13,5.0936425638606e-13,2.615116318087015e-10,2.0960083999085127e-06,0
974,08:08:00,7.1899472358404734e-12,2.4592809580104956e-12,3.3693269360388783e-12,3.2445133096476987e-13,1.180934495995636e-12,4.427055958479062e-10,2.10129209641327e-06,0
975,08:08:30,6.24687695821151e-12,3.2050183993011543e-12,2.308610264334214e-12,3.354015831675476e-13,8.125743996983452e-13,2.2325124276895295e-10,2.2087186462757293e-06,0
976,08:09:00,4.7566126165655295e-12,2.326237400234947e-12,2.3204591454815864e-12,1.9564644767251086e-13,5.045502931867906e-13,4.2304627700667e-10,2.172047713022514e-06,0
977,08:09:30,3.988391021628085e-12,3.23032266626875e-12,1.6568719887408565e-12,2.713123984524045e-13,6.255306277229625e-13,1.1030906579932669e-10,2.1241893898695783e-06,0
978,08:10:00,4.2472062982873794e-12,2.627057982865287e-12,2.8449570719220112e-12,2.6069309447540876e-13,4.3865707817065185e-13,2.1815613161166956e-10,2.4963791309812752e-06,0
979,08:10:30,8.762669375622062e-12,2.4181744588907304e-12,1.6405896728961453e-12,2.1366143547645305e-13,5.871930518630249e-13,2.695916325392542e-10,2.417617403682956e-06,0
980,08:11:00,1.0382982352997473e-11,2.3602965427871696e-12,2.3780001449926014e-12,2.900538137596029e-13,6.304705926738704e-13,3.2427146010038855e-10,2.0586924042092818e-06,0
981,08:11:30,3.4866787478218258e-12,2.2278977128593196e-12,2.0595804849779686e-12,2.0613485936611564e-13,3.8308959474204033e-13,1.6435398325156453e-10,2.1030445293694102e-06,0
982,08:12:00,8.685537454849628e-12,1.701170976558215e-12,1.1754662550702887e-12,1.665539976893417e-13,4.0725736799873347e-13,4.0671281439422546e-10,1.940987698099077e-06,0
983,08:12:30,1.1642024280494537e-11,1.380796290588474e-12,1.9553634163052354e-12,2.1854848595832075e-13,7.17813732143359e-13,3.72545486723211e-10,1.8404818540616147e-06,1
984,08:13:00,8.546169232324707e-12,1.7538286771354896e-12,2.270325737630217e-12,2.2860953854790754e-13,4.5344164659384005e-13,3.8914882115448105e-10,2.0549806755191292e-06,0
985,08:13:30,2.984368970391667e-12,1.4381150285743224e-12,2.129183319762569e-12,1.7479091925089182e-13,4.0417773505748717e-13,2.120577977485963e-10,2.121135759083509e-06,0
986,08:14:00,7.386378728237077e-12,3.058011486566887e-12,1.973879568037008e-12,2.4631701342447283e-13,6.638119721641764e-13,2.625254846321205e-10,2.3712573415933853e-06,0
987,08:14:30,6.101963845347621e-12,1.6848673497184475e-12,2.1492506847271617e-12,2.8949304966309263e-13,7.526808763917811e-13,1.6448819639387783e-10,2.5126517672911817e-06,0
988,08:15:00,3.715204579206992e-11,2.323777186506704e-12,2.2941922283230325e-12,3.523754173712223e-13,5.649176722389346e-13,3.136810342824415e-09,2.726341415775764e-06,0
989,08:15:30,1.2249034640158085e-10,4.992782487997356e-12,1.2846405682577857e-12,3.492643399017368e-13,4.975450070173023e-13,6.576772181290261e-10,3.227529978590428e-06,0
990,08:16:00,6.632647001340729e-11,3.719997684104007e-12,1.5437696155885205e-12,3.3604127887310916e-13,4.894123083721033e-13,1.0470692898841125e-09,3.240257485361991e-06,0
991,08:16:30,2.7692134566902208e-11,1.2524985414532627e-12,1.8370774609518005e-12,3.493905373120085e-13,6.451322726680556e-13,6.845987250362273e-10,3.205164452252558e-06,0
992,08:17:00,1.4192250416172619e-11,1.6001646238134542e-12,1.603082994189735e-12,3.1434096854269367e-13,5.555007785244804e-13,6.855826716562861e-10,2.9893629515119896e-06,0
993,08:17:30,2.5022813865102878e-12,1.4989066804124528e-12,2.5631312814403274e-12,2.394902811851635e-13,4.925124086959489e-13,5.648088718223017e-10,2.5215373253283397e-06,0
994,08:18:00,4.998115887411559e-12,2.255407812069517e-12,1.785862066607043e-12,3.2999361338675024e-13,4.32233150859704e-13,4.1016906097680796e-10,2.4585810663112725e-06,0
995,08:18:30,4.716836576018687e-12,2.0502765469681177e-12,1.559766412571748e-12,1.869790586278258e-13,2.8770380826034257e-13,6.004108391755153e-10,2.395572141574889e-06,0
996,08:19:00,1.1166329678015804e-11,1.859839236596823e-12,3.541291677446801e-12,2.720535922411438e-13,4.864072767912535e-13,3.7114947957050566e-10,3.021146061767688e-06,0
997,08:19:30,4.1779737544792e-12,1.7364436140504126e-12,1.5331709169572328e-12,2.746402101181286e-13,3.886351505596188e-13,4.254868930227742e-10,3.0107686665208652e-06,0
998,08:20:00,4.580200086764009e-12,1.5898047732272698e-12,1.4576836329181335e-12,1.7662122781964023e-13,3.935066074740237e-13,3.9341993958311877e-10,2.981538540513371e-06,0
999,08:20:30,5.748332856265021e-12,2.319410503665699e-12,1.4316696931585363e-12,2.1602517774460146e-13,3.8996034408626667e-13,7.26991075596465e-10,2.89455313505114e-06,0
1000,08:21:00,4.650510260151267e-12,1.2904616221231449e-12,1.970326212700794e-12,2.910947365117435e-13,5.455206359592145e-13,1.6588426038279016e-10,3.0305736680049615e-06,1
1001,08:21:30,4.772620863887701e-12,1.1116833300206007e-12,2.1846314907106634e-12,2.9925305571857877e-13,4.728057093262773e-13,2.560772087168619e-10,3.0739049639876487e-06,1
1002,08:22:00,1.0645278603597982e-11,1.5507336262454249e-12,1.9738857380115867e-12,2.9974058493328504e-13,4.909514933271732e-13,5.674078763228925e-10,3.209717866683162e-06,1
1003,08:22:30,6.463540931641861e-12,1.694853304549832e-12,1.8217322091242252e-12,2.571702388888418e-13,3.769413726090331e-13,9.051285541567182e-10,3.1618362798767375e-06,1
1004,08:23:00,2.684433941957065e-12,2.021665112520362e-12,1.9750137795095906e-12,2.8253468214169624e-13,4.096409976115379e-13,1.6833154318756183e-10,3.0266957676472337e-06,1
1005,08:23:30,4.3400084300312894e-12,1.446878041395739e-12,1.5015420055510362e-12,2.557060336280539e-13,4.2247038388917516e-13,2.666218556150177e-10,3.0913438851150082e-06,0
1006,08:24:00,4.8633794616915904e-12,1.6675130370591894e-12,2.2423949455278445e-12,2.7456121263929843e-13,4.2557460566711995e-13,4.4393068097606606e-10,3.0777834803909114e-06,0
1007,08:24:30,8.86774792164322e-12,1.763108299267254e-12,2.0438129981108965e-12,2.8330228734160973e-13,4.1047887630850804e-13,3.3390161183685323e-10,3.134319174106165e-06,0
1008,08:25:00,6.870122127296207e-12,1.6902798070422028e-12,2.3560691998384316e-12,4.127531111229635e-13,4.851834891882457e-13,9.77303427914416e-10,3.0942164689985498e-06,0
1009,08:25:30,9.764763070580107e-11,6.851943506693502e-12,1.5258128969699651e-12,4.3530599899117595e-13,8.912101434114625e-13,4.6939292651997865e-09,3.194031194238922e-06,0
1010,08:26:00,2.450481215595889e-10,1.1175751204858665e-11,1.7989895143331327e-12,1.1074608125622688e-12,1.2171915846653085e-12,3.6177739147321306e-09,3.2801618312199945e-06,0
1011,08:26:30,1.1696638608704254e-10,5.845423961242405e-12,2.171007808764576e-12,5.442022194403861e-13,7.889450693061915e-13,6.020358182121163e-09,3.1778419349333445e-06,0
1012,08:27:00,1.9091054174748014e-10,5.430164105875752e-12,2.0668947641114535e-12,3.3849013701985445e-13,7.642099978265834e-13,7.494013066828828e-09,3.279533615761817e-06,0
1013,08:27:30,2.1624725661762425e-10,1.2167261906800435e-11,2.297266604595902e-12,8.829481975225292e-13,1.5469127223102064e-12,8.160374503113702e-09,3.213436456113261e-06,0
1014,08:28:00,2.4040533610682375e-10,9.529608102455295e-12,2.2756064788967273e-12,3.94518345556877e-13,8.968003226877789e-13,7.853340520141661e-09,3.2498981604025495e-06,0
1015,08:28:30,1.417991584109163e-10,5.717497718362043e-12,1.757076492063443e-12,3.4647848927311434e-13,8.718601667794146e-13,9.380740393921776e-09,3.3183402254673044e-06,0
1016,08:29:00,1.7588773607367738e-10,5.066668834436273e-12,2.864061468945251e-12,5.090295265785724e-13,1.0235669759371538e-12,1.0265856457830522e-08,3.3772694212538064e-06,0
1017,08:29:30,1.8696693836574505e-10,5.527553611536395e-12,2.389978805756907e-12,4.219239093916315e-13,9.322487250517378e-13,1.2368314934215846e-08,3.356229912189877e-06,0
1018,08:30:00,1.6749316853103473e-10,3.035208695378317e-12,2.5828992219512786e-12,3.658774175390278e-13,7.640850201788145e-13,7.661872988189719e-09,3.435923481564692e-06,0
1019,08:30:30,1.675417464049031e-10,3.068304935350366e-12,1.958145986648565e-12,3.6044620210113566e-13,6.679011760121331e-13,2.643644562423105e-09,3.4184153002241734e-06,0
1020,08:31:00,1.4107943428409672e-10,5.457453744051229e-12,3.0269787294377393e-12,7.618599650038892e-13,2.0878392537749842e-12,5.6347678635622996e-09,3.4039049064002095e-06,0
1021,08:31:30,1.3973118758273609e-10,4.796667056500304e-12,3.689008879244326e-12,5.223150693201479e-13,1.1389083867492717e-12,4.249134924817262e-09,3.4019339285292027e-06,0
1022,08:32:00,1.7604405635017635e-10,4.710902517422126e-12,2.469471572536232e-12,3.775129312279554e-13,9.896343734101566e-13,7.151767883019097e-09,3.3690521763316013e-06,0
1023,08:32:30,1.9895266583825892e-10,9.094730223966143e-12,3.503059178186719e-12,4.552046014645516e-13,1.0160562862683984e-12,4.459123507099604e-09,3.3390374154361292e-06,0
1024,08:33:00,1.781182911618789e-10,7.58826228927852e-12,3.3488118691486124e-12,4.4748974691028927e-13,1.1167449091444023e-12,8.796732480184316e-09,3.2679283577694222e-06,0
1025,08:33:30,6.88858319853564e-11,3.6719160608889794e-12,1.7014673220787651e-12,2.7772786712383017e-13,5.050944305179197e-13,9.593107206757215e-09,3.1669135160430064e-06,0
1026,08:34:00,8.482400912746055e-11,3.4335815546555624e-12,1.740038995685185e-12,4.0278462563845037e-13,7.170616202362226e-13,6.984767024540991e-09,3.1853811274203755e-06,0
1027,08:34:30,1.8623248530593098e-10,7.908067672286685e-12,1.4659919187384409e-12,4.3458898917484686e-13,8.824796248074698e-13,7.024084482293963e-09,3.2283892184754086e-06,0
1028,08:35:00,1.9193501246501207e-10,3.5929746765179375e-12,1.9045377098936825e-12,5.185664628364455e-13,8.024480029859851e-13,4.783889836905276e-09,3.2678116667665403e-06,0
1029,08:35:30,1.245580518594614e-10,4.578722127478223e-12,2.2320559776989455e-12,3.802627792461655e-13,9.608527739699556e-13,1.5397876070674603e-08,3.334219193936777e-06,0
1030,08:36:00,1.2432141737864756e-10,2.991587869215999e-12,1.4357270864314896e-12,3.079484303384514e-13,6.491930037954298e-13,8.140743999589718e-09,3.345967026469227e-06,0
1031,08:36:30,1.3927934921686793e-10,9.342165975795555e-12,1.6460672440224137e-12,2.752589014584171e-13,4.826216451925683e-13,7.487216083880178e-09,3.3164819899157524e-06,0
1032,08:37:00,3.441588096863506e-11,3.3166428040791227e-12,1.0875480271688549e-12,2.3453049485152936e-13,4.175997507847524e-13,1.662359600368577e-09,3.361258763189819e-06,0
1033,08:37:30,5.091174072852143e-11,4.9106109212907165e-12,1.0314310653500215e-12,3.090078646297727e-13,7.633432366407507e-13,1.6800595579209218e-09,3.311949081337668e-06,0
1034,08:38:00,9.483934920430963e-12,9.911489234056779e-13,1.4161226850065492e-12,2.655235322160261e-13,5.890293503951864e-13,4.997412852978193e-10,3.268095497536382e-06,0
1035,08:38:30,3.448057710595821e-11,2.3113011250587596e-12,1.354691773985313e-12,3.0082327345046937e-13,6.919049083425237e-13,3.9939708480050686e-10,3.250993441105855e-06,0
1036,08:39:00,4.705835543625153e-11,1.8266684851823585e-12,1.2002805787162847e-12,2.85825134552605e-13,4.631254960664108e-13,4.030782422953881e-09,3.218326484284419e-06,0
1037,08:39:30,3.1137218639870247e-11,2.180352255855128e-12,1.0198227355490826e-12,2.536193999929541e-13,3.750596400101904e-13,2.9952042532956727e-09,3.2232019005089923e-06,0
1038,08:40:00,8.175302250296346e-11,3.940246738871397e-12,1.270575425274013e-12,3.1222585402340726e-13,6.171986631385393e-13,4.505743420411653e-09,3.067188364035183e-06,0
1039,08:40:30,3.56792656006479e-11,2.1568614311046844e-12,1.045778222974113e-12,2.8801712043550457e-13,5.502224574997284e-13,5.97320579801617e-10,3.1892815123283167e-06,0
1040,08:41:00,4.394368597885823e-11,3.439067551110794e-12,1.6989675275522126e-12,3.209624510699652e-13,6.92510634019336e-13,7.989977472496791e-10,3.2237646692400347e-06,0
1041,08:41:30,3.4861466391886544e-11,3.0591993003579993e-12,1.8633589254867522e-12,3.2264487313392533e-13,7.820008063648567e-13,7.304901380748187e-10,3.2447050855813015e-06,0
1042,08:42:00,3.2763906974884094e-11,2.4949151266031064e-12,1.0890475868109383e-12,2.9853408769206486e-13,5.551410612116575e-13,7.862726449378381e-10,3.2160382237766225e-06,0
1043,08:42:30,3.523362020378699e-11,2.609723333715048e-12,1.9355962054009415e-12,3.9115862222450914e-13,7.450711934791192e-13,4.1390878013739335e-09,3.180169941866206e-06,0
1044,08:43:00,1.0955244436496247e-10,6.894069451807863e-12,2.3009442877064063e-12,4.1813703173683e-13,9.196754839484425e-13,9.90043439433654e-09,3.1966523758272627e-06,0
1045,08:43:30,1.8599901533148153e-10,9.074103171319453e-12,2.588329727066444e-12,4.929952194344032e-13,1.1116463959622872e-12,1.89253408077182e-08,3.142758843792243e-06,0
1046,08:44:00,1.3488435001523209e-10,6.850346722281676e-12,3.184671198926428e-12,4.2354130084812233e-13,8.351761982194857e-13,1.4393627032700177e-08,3.059041610970323e-06,0
1047,08:44:30,1.548663235730197e-10,8.647046920864266e-12,1.9977115765569967e-12,6.078709329024612e-13,1.530187991982879e-12,7.760015908118023e-09,3.170505146746896e-06,0
1048,08:45:00,2.753020369453764e-11,2.229947266939647e-12,1.0477341803037811e-12,2.472184082646773e-13,5.896275867527425e-13,1.6068665052432952e-09,3.1477241230372643e-06,0
1049,08:45:30,2.933200926905555e-11,1.668354929964448e-12,1.2303362223521216e-12,2.7950663297207095e-13,5.743882871744845e-13,3.099219999027971e-09,3.118377455072511e-06,0
1050,08:46:00,1.7653882377997898e-11,1.7339229799380005e-12,1.3799754929289915e-12,3.6933243345459425e-13,6.806954550768575e-13,1.149953512776006e-09,3.1950734117131034e-06,0
1051,08:46:30,2.6208961897856288e-11,1.5181674463183693e-12,1.7257119112887162e-12,5.038592504504473e-13,9.651584836636309e-13,2.16312681490438e-09,3.2087734480051456e-06,0
1052,08:47:00,5.663257925073508e-12,1.0990864523058286e-12,8.994681642698465e-13,3.1162654052064173e-13,4.274172142012657e-13,6.991250482142216e-10,3.210789779011542e-06,0
1053,08:47:30,9.136767340231539e-11,3.2499368173498693e-12,1.9604457133929796e-12,4.86551468159028e-13,9.91264829964632e-13,9.454798281703401e-09,3.2226124602291094e-06,0
1054,08:48:00,1.0151844174446132e-10,6.124465616828558e-12,2.010423397534355e-12,4.41804576179224e-13,8.188473929055313e-13,8.518874680090598e-09,3.250555195808909e-06,0
1055,08:48:30,3.368584051250731e-11,2.510804190633241e-12,2.2044723290471148e-12,7.600736632734128e-13,9.176831431753673e-13,6.477385190726249e-09,3.2317843609060857e-06,0
1056,08:49:00,2.651360911025682e-11,1.9069274126736727e-12,1.0806531777076974e-12,5.297365733081121e-13,7.089522683040287e-13,2.390527561012502e-09,3.1980687408268973e-06,0
1057,08:49:30,3.6268564696676966e-11,3.0290497787468642e-12,1.9054770572581843e-12,5.838473098038504e-13,1.1782328808137355e-12,5.008649450802624e-09,3.165720795122687e-06,0
1058,08:50:00,6.092353849557429e-11,2.9497275394059756e-12,1.8934777536696733e-12,8.560111816242609e-13,9.88864022686767e-13,7.775613881867151e-09,3.135766773229678e-06,0
1059,08:50:30,6.699677382663582e-11,4.34122419577813e-12,1.7063689004868508e-12,3.931918480979298e-13,6.605820200955493e-13,4.838331378914462e-09,3.1383535482662025e-06,0
1060,08:51:00,6.70100407298502e-11,2.6061757663158945e-12,1.6485372362885045e-12,3.9061495013295204e-13,9.660890003587328e-13,3.293940163671523e-09,3.139160596676284e-06,0
1061,08:51:30,8.218154686618787e-11,4.404861897230685e-12,1.8409774606627182e-12,4.4996477625387557e-13,7.216701380359112e-13,8.050823865738335e-09,3.157457373463957e-06,0
1062,08:52:00,1.1308517694702678e-10,4.896522174331e-12,1.852407914970971e-12,4.1248517828887686e-13,6.818766058091499e-13,5.1850953120042704e-09,3.1872941124650984e-06,0
1063,08:52:30,5.928716570738836e-11,2.1937930592492063e-12,2.0681281224267798e-12,8.265040978217267e-13,1.2979825282331287e-12,6.077360711162704e-09,3.2208182758356425e-06,0
1064,08:53:00,1.3109158282675726e-10,4.5584984778278025e-12,2.2355876629181754e-12,9.105173620242035e-13,1.0514870219755152e-12,8.337959529583432e-09,3.1537626410618144e-06,0
