index,start_time,eeg_delta_power,eeg_theta_power,eeg_alpha_power,eeg_beta_power,eeg_spindle_power,eog_var,emg_rms,label
1,23:20:00,2.4298086333209426e-09,4.244412264776127e-10,4.488516064468463e-10,1.1823320733179945e-10,1.911569832766059e-11,1.303856903822748e-07,23.959693084809434,0
2,23:20:30,9.36902386739395e-10,5.065737253934485e-11,6.0223268835249424e-12,2.2492568007611267e-12,3.3695749467111535e-12,3.6505036731149887e-07,7.442659071049038,0
3,23:21:00,1.2029422243756605e-09,4.508219023642302e-11,6.4037767275625515e-12,4.469353349994451e-12,2.7736092917485223e-12,2.4014960575586477e-07,1.0002821705813574,0
4,23:21:30,8.297153552301018e-10,5.569479829795602e-11,8.117305173181357e-12,2.3666632358518832e-12,4.5074515532969035e-12,2.0016601988328065e-07,1.0000996501346877,0
5,23:22:00,4.2218433161642263e-10,8.500374042882498e-12,9.585232889028165e-12,1.3109953187614916e-12,2.764728589510307e-12,1.215211423459323e-08,1.0000518581866704,0
6,23:22:30,3.808716114043887e-11,4.353950406646497e-12,6.189152618581186e-12,1.3509681681623762e-12,3.372123977062005e-12,2.6307921682409075e-09,1.0000321043863059,0
7,23:23:00,6.115852955326771e-11,4.9694252038086815e-12,6.948160303291488e-12,1.0631228495338759e-12,2.0634577247829686e-12,6.534060461666984e-09,1.0000219704304556,0
8,23:23:30,2.5886442529716074e-10,1.5895948245803687e-11,5.865296391384449e-12,1.2828730090540335e-12,2.2937769478211637e-12,5.278401126645939e-08,1.000016053157329,0
9,23:24:00,2.180454675767563e-11,4.656802468726499e-12,8.725290312072435e-12,1.246604980156616e-12,2.8411126364728752e-12,2.1793386610370358e-09,1.0000122841830512,0
10,23:24:30,3.872823472751047e-11,4.811797838259675e-12,6.496820244971963e-12,1.1884104094087005e-12,2.800338036890635e-12,4.305944437747417e-09,1.0000097283882292,0
11,23:25:00,2.720847883777437e-11,3.473704196628582e-12,6.508806709353097e-12,1.1904995660496561e-12,2.155898436218309e-12,3.8586797224822145e-09,1.000007911256448,0
12,23:25:30,1.902859411198098e-10,4.115488297087262e-12,6.4393050214010716e-12,1.291403161734016e-12,3.5643374608396436e-12,9.448810557795864e-09,1.0000065705327479,0
13,23:26:00,2.1890830809836702e-11,2.8446479869767073e-12,4.457862928684476e-12,1.0162364898545635e-12,1.959894057085238e-12,4.9142401416105024e-09,1.000005551392298,0
14,23:26:30,4.3540276107577104e-11,2.8664031337030392e-12,5.079873401894036e-12,1.2357731524188366e-12,1.4411781181043628e-12,1.381685507247656e-08,1.0000047574978337,0
15,23:27:00,1.4333599973508552e-11,2.888671146100423e-12,4.75401535006387e-12,1.3290414454901988e-12,2.160173009542295e-12,9.672869949510824e-09,1.0000041262738413,0
16,23:27:30,1.034841485374433e-11,3.470198673621622e-12,8.265704959079498e-12,1.196255227776263e-12,1.9836794521052954e-12,5.8313039687914585e-09,1.000003615593903,0
17,23:28:00,2.0736180065058257e-10,1.601737405618553e-11,8.39807197274171e-12,1.3656620045081776e-12,1.532728442098657e-12,1.700959113832127e-08,1.0000031962262181,0
18,23:28:30,2.071656183813076e-11,2.9357332849130515e-12,3.9809489155873265e-12,1.178373688319563e-12,2.2390190299260388e-12,3.784055393513587e-09,1.0000028473530345,0
19,23:29:00,1.8548000268282524e-11,4.357598252982084e-12,3.8029880884031575e-12,1.2602290487884587e-12,1.8033275004192803e-12,7.714666603448223e-09,1.000002553811136,0
20,23:29:30,2.944089948506513e-11,4.330183038620321e-12,6.27308545166036e-12,1.2175981963323098e-12,1.8569719883844248e-12,1.2258664656090682e-08,1.0000023043360353,0
21,23:30:00,2.3657773357496994e-11,3.1527890512579335e-12,4.431698890489271e-12,1.2929333636928217e-12,1.7895893814079044e-12,1.0801755136156626e-08,1.0000020904126143,0
22,23:30:30,4.150594702657244e-11,3.4398154679658887e-12,8.083322225390654e-12,1.4627894791275446e-12,2.0753110731785186e-12,6.953006479841935e-09,1.000001905503649,0
23,23:31:00,5.419317995604728e-10,2.2252193703509747e-11,5.578399804242911e-12,2.2603626599964395e-12,3.789431086224489e-12,4.1402776292438706e-08,1.0000017445203275,0
24,23:31:30,3.938485972208127e-11,2.415168752590704e-12,5.34312025322506e-12,9.25339136862875e-13,1.394191842713858e-12,1.025467960345211e-08,1.0000016034515997,0
25,23:32:00,1.8785144055385024e-10,3.2861134466836346e-12,4.593397334424327e-12,1.0477666247060796e-12,1.7382917468703418e-12,5.837402664769874e-08,1.0000014791000083,0
26,23:32:30,1.4245795865963216e-11,4.197943980636524e-12,3.79990218697374e-12,1.0649241886565306e-12,1.480206691884814e-12,2.2611796515570673e-08,1.0000013688903309,0
27,23:33:00,1.519895910966454e-10,6.3512657824274775e-12,6.602839562901341e-12,1.4265100148088408e-12,2.3131412475493384e-12,3.3929347035401716e-08,1.0000012707289567,0
28,23:33:30,4.7841335337559465e-11,2.7981607897105177e-12,8.391125601415758e-12,1.0590952750319847e-12,2.0378635653944835e-12,1.1549641947976159e-08,1.000001182899107,0
29,23:34:00,2.168968293112427e-11,4.144802851617569e-12,5.847462840214504e-12,1.2806069605406288e-12,1.920718637785317e-12,7.892449134606098e-09,1.000001103981822,0
30,23:34:30,1.2064700557378853e-11,3.4148614863627982e-12,5.165739779322558e-12,1.1712565959466505e-12,1.2968066312142696e-12,1.2399356225987735e-08,1.000001032795699,0
31,23:35:00,1.0489800980718644e-10,3.1411931444353755e-12,5.625461766927993e-12,1.1881681057520975e-12,2.332082158824923e-12,2.0877447572084493e-08,1.0000009683504427,0
32,23:35:30,1.0049390728915338e-11,3.4976938181092927e-12,5.167905837995518e-12,1.1586326327480839e-12,1.5651933639718011e-12,5.047906604706184e-09,1.0000009098107228,0
33,23:36:00,2.929625017516033e-11,4.289983746450242e-12,5.736602458252934e-12,1.0804692763307675e-12,1.2856989750510922e-12,1.8008141332011763e-08,1.0000008564677876,0
34,23:36:30,1.073034187029845e-11,3.5263666491783747e-12,5.16328135564458e-12,1.3644244772540705e-12,1.5466805410664033e-12,2.6759346550645024e-08,1.0000008077169915,0
35,23:37:00,1.2452847616209711e-11,3.2828257910097573e-12,4.894289544004151e-12,1.4371725897012984e-12,2.0894360189724812e-12,1.3754090429339924e-08,1.0000007630398633,0
36,23:37:30,1.635955184094462e-11,2.2165019776443187e-12,2.9654241089868695e-12,9.415594347627595e-13,8.928876439673362e-13,5.380651116189077e-09,1.0000007219896927,0
37,23:38:00,1.4368269416944469e-11,2.8925393331093844e-12,7.072087315351163e-12,1.1694966826389258e-12,2.0282555792536656e-12,9.743162764080951e-09,1.0000006841798659,0
38,23:38:30,2.198563693781847e-11,2.6352145813292713e-12,2.525037115523051e-12,8.753993722136391e-13,1.1749352996999917e-12,1.0602400063972532e-08,1.0000006492743514,0
39,23:39:00,8.689576046705642e-12,2.604715345856224e-12,5.394403449247488e-12,1.0507476398812468e-12,1.4512932174324802e-12,1.2007053590972032e-08,1.0000006169799263,0
40,23:39:30,1.1061871920691815e-11,4.979007396636144e-12,7.494570016900712e-12,1.5263288583261754e-12,2.2264979400241964e-12,1.3748445445358407e-08,1.0000005870397537,0
41,23:40:00,8.706460641690685e-12,3.1870319016526122e-12,5.675738631053305e-12,1.2826550793955646e-12,1.5952299575484955e-12,1.4751193779582438e-08,1.000000559228061,0
42,23:40:30,1.3848902610904867e-11,3.2449244789626677e-12,2.5768218996994376e-12,1.1296461927333516e-12,1.8961984221198983e-12,8.290333579541744e-09,1.0000005333457183,0
43,23:41:00,9.240075890218494e-12,3.169437661297893e-12,3.387980944051866e-12,9.916880057933889e-13,9.130997055995394e-13,2.1679230252048625e-08,1.0000005092165194,0
44,23:41:30,2.0416642626953977e-11,5.674521213274401e-12,4.085405117813988e-12,1.116198408697688e-12,8.982328293539695e-13,3.6839381780932894e-08,1.000000486684087,1
45,23:42:00,2.804708066310229e-11,6.893877816864892e-12,4.1949108740267e-12,1.44429301630426e-12,2.235974839983287e-12,6.004219280894015e-08,1.0000004656092245,1
46,23:42:30,3.812079875756437e-11,5.2780731041978036e-12,3.722772345758845e-12,1.2841503182579008e-12,1.517602464715815e-12,2.9152328895766012e-08,1.0000004458676837,1
47,23:43:00,1.299314413102748e-10,9.929891555499071e-12,3.1642162550846448e-12,1.060726186505525e-12,1.9359710730781934e-12,1.2973754249444199e-08,1.0000004273482823,1
48,23:43:30,6.918013047857581e-11,6.794886585522838e-12,2.4606619793225636e-12,1.451913091402208e-12,2.2789827160834478e-12,1.8870312405834353e-08,1.000000409951276,1
49,23:44:00,9.251977169481098e-11,6.737855467769173e-12,3.467107369129078e-12,1.1824610347572022e-12,2.0026856533707607e-12,2.610417772973951e-08,1.0000003935869521,1
50,23:44:30,1.00908727656634e-10,1.0055599079885471e-11,2.737457151526282e-12,1.0043771816931069e-12,1.15007520767352e-12,1.104341465967951e-08,1.0000003781744589,1
51,23:45:00,1.0922608778116716e-10,1.250252351924353e-11,4.3745425850958124e-12,1.2519074354051794e-12,1.9572011802801718e-12,1.641701985742773e-08,1.0000003636407573,1
52,23:45:30,1.271523210034321e-10,1.3704534853073356e-11,3.5692366008056278e-12,1.3162815766269282e-12,2.6616094510945535e-12,1.0817954116696646e-08,1.0000003499197259,1
53,23:46:00,7.366151555323921e-11,6.127531152805156e-12,2.34878222658067e-12,8.996497557863898e-13,1.935177089032514e-12,4.175906216185486e-09,1.00000033695139,2
54,23:46:30,1.1181134750804749e-10,9.841750327005863e-12,3.174541066823588e-12,1.4498121771111274e-12,2.373145386823958e-12,1.9322898172544014e-08,1.0000003246812483,2
55,23:47:00,1.0646502406889084e-10,8.614027078673212e-12,3.2586679912584647e-12,1.1525207901315043e-12,3.423836882733038e-12,9.993912691016294e-09,1.0000003130596677,2
56,23:47:30,5.523110081873369e-11,7.880427443978866e-12,3.420905298686524e-12,1.4134464898358435e-12,2.9084177920161357e-12,1.3853968003651404e-08,1.0000003020413823,2
57,23:48:00,1.6912959743361426e-10,9.340107231722935e-12,5.835676483257875e-12,1.3834138110113407e-12,3.065445336484132e-12,2.5835660206817075e-08,1.0000002915850357,2
58,23:48:30,2.2826427778178287e-11,4.287276114153448e-12,4.002894611889495e-12,1.0044123214792799e-12,1.3407824034483686e-12,5.880977501479502e-08,1.0000002816527684,1
59,23:49:00,7.384878189750898e-11,1.2805065846995118e-11,3.1581867795159514e-12,1.5594814808218177e-12,2.884698709787779e-12,7.53055691001665e-09,1.0000002722098815,2
60,23:49:30,5.701930549518901e-11,9.392660617050999e-12,3.573037163808735e-12,1.1595068790890504e-12,2.5467702034460605e-12,1.1021202083262286e-09,1.000000263224521,2
61,23:50:00,4.102731105027149e-11,6.208899415992619e-12,8.543331555976179e-12,1.3728414576672036e-12,2.8378184272161195e-12,2.0074271895301317e-08,1.0000002546673916,1
62,23:50:30,1.0075213369318999e-10,1.256181136195483e-11,2.462566932294526e-12,9.316653747687065e-13,1.297556816795272e-12,8.429472317827635e-09,1.0000002465115228,2
63,23:51:00,8.683223877772639e-11,7.491300272970115e-12,3.135586334001376e-12,1.5883137248588834e-12,3.671194521812293e-12,4.682696146535253e-09,1.0000002387320495,2
64,23:51:30,4.012117200492564e-11,5.362111703904578e-12,6.69238320135453e-12,1.5243682964677117e-12,3.766620317267626e-12,1.4800285949609095e-08,1.0000002313060083,1
65,23:52:00,2.2614273076422168e-11,4.373032357204165e-12,4.1906152235713995e-12,1.373932289001079e-12,2.011520225886203e-12,4.206851123747124e-08,1.0000002242121742,1
66,23:52:30,4.345268626296479e-10,2.015691432844809e-11,9.347861386623968e-12,4.005691972294458e-12,5.4027642246488965e-12,7.373914917426182e-08,1.000000217430902,0
67,23:53:00,8.737068767697237e-11,4.97189240422594e-12,4.715722943215448e-12,1.0832077991461435e-12,1.3721753569646585e-12,2.4459399520829686e-08,1.0000002109439798,0
68,23:53:30,1.1196994510260587e-11,3.2779092094102854e-12,7.85412252648105e-12,1.5412407517556733e-12,4.321691229741716e-12,9.310073866793487e-09,1.0000002047345162,0
69,23:54:00,1.6279948935472522e-10,6.613797150861013e-12,8.013197767872724e-12,1.510440331556806e-12,2.360100661276601e-12,8.600612379653171e-08,1.0000001987868194,0
70,23:54:30,1.9585844141287915e-10,5.3714410983570616e-12,9.955382186112115e-12,1.1290490808747411e-12,2.227910186653694e-12,2.146721748564896e-08,1.0000001930862943,0
71,23:55:00,2.1497620407566234e-11,5.749494684194133e-12,1.0889473407329097e-11,1.3985436276304865e-12,3.138386233538266e-12,4.752559591532259e-09,1.0000001876193565,0
72,23:55:30,1.0643954815226358e-11,2.96652427611349e-12,5.976923013953729e-12,1.096425706955007e-12,1.6374071951405837e-12,3.5906376130829297e-09,1.0000001823733478,0
73,23:56:00,1.4794519809607664e-11,4.108343283415927e-12,9.087968146373557e-12,1.283182628241431e-12,1.9770033943932645e-12,2.259836778668041e-08,1.0000001773364575,0
74,23:56:30,2.7540177903139517e-11,4.421947419580701e-12,5.3755299043111246e-12,1.460687325193933e-12,3.004520670923834e-12,3.817302570407556e-09,1.000000172497658,0
75,23:57:00,9.843592282441165e-12,3.412127436321137e-12,5.992838495387789e-12,1.2408692083620737e-12,2.019900513970003e-12,5.8949001642975344e-09,1.0000001678466461,0
76,23:57:30,1.3334128974986562e-11,4.011733751608091e-12,6.452858438197079e-12,1.3961514745735445e-12,1.9993201132828813e-12,1.3449422472455183e-08,1.0000001633737776,0
77,23:58:00,1.4883892362639947e-11,3.9315326838012484e-12,6.18709739240916e-12,1.313555926752761e-12,2.1494611383802432e-12,2.803737409577145e-08,1.0000001590700278,0
78,23:58:30,8.12665753121088e-11,3.5985459062671027e-12,3.69679607988197e-12,1.0106165852286358e-12,1.77775346745046e-12,6.018855872735313e-08,1.0000001549269368,0
79,23:59:00,3.3685485571110003e-10,5.202272719441535e-12,6.880210548536613e-12,1.2132932762608293e-12,1.6036608405604177e-12,4.37173460982129e-08,1.000000150936568,0
80,23:59:30,6.57784197229279e-11,2.5955010745579433e-12,3.559064559182531e-12,1.2547534212123386e-12,1.4516258737990478e-12,1.0027111294365607e-07,1.0000001470914737,0
81,00:00:00,5.012680606492362e-10,6.8269777299664925e-12,4.494774334585819e-12,1.332421683728949e-12,2.211781211998785e-12,3.4048922836521954e-08,1.0000001433846566,0
82,00:00:30,7.49554902157556e-12,2.4136349677313953e-12,5.4319660725123594e-12,9.408647046801978e-13,1.894421756083398e-12,4.961618263951148e-09,1.000000139809534,0
83,00:01:00,1.1194344340863397e-11,4.3230046958241454e-12,5.5398351119728e-12,1.0369155879566357e-12,2.207766252690587e-12,4.727142497085787e-09,1.000000136359916,0
84,00:01:30,1.0097086727073275e-11,2.686824630344803e-12,6.6719135137501975e-12,1.0142498115131884e-12,1.7167898580653e-12,4.567308350386907e-09,1.0000001330299744,0
85,00:02:00,9.408467173979338e-12,4.235898678378732e-12,7.689595886927633e-12,1.3078167874906796e-12,1.8694259783565973e-12,5.483098596512197e-09,1.0000001298142132,0
86,00:02:30,9.033569210366926e-12,3.301637421504037e-12,7.539223849922174e-12,1.432562774769187e-12,1.78236508805137e-12,1.9293970289172473e-08,1.0000001267074496,0
87,00:03:00,1.6682090541956558e-11,2.819116491239075e-12,3.94045423396588e-12,1.0504716736093238e-12,1.770167909074598e-12,1.6877212298808224e-08,1.0000001237047975,0
88,00:03:30,6.000348668063323e-12,2.3546371134576963e-12,3.4136215665758406e-12,1.2889000537721473e-12,1.5061310579059883e-12,9.958387509299504e-09,1.0000001208016371,0
89,00:04:00,9.368607061071533e-12,2.494610969114802e-12,3.6217155318751915e-12,1.2459269545024814e-12,1.8566134846598815e-12,3.653765868850889e-09,1.0000001179936073,0
90,00:04:30,7.368423738623107e-12,2.150018630250569e-12,4.536211454311577e-12,1.1626075954927268e-12,1.6226498158271087e-12,4.4102718890271614e-09,1.0000001152765834,0
91,00:05:00,7.28705577182642e-12,2.6177484026701517e-12,3.936014107575607e-12,1.2319711736332144e-12,1.2267452937195114e-12,3.629755438152111e-08,1.0000001126466607,0
92,00:05:30,7.162829177827829e-12,3.99623254300028e-12,5.661338859326436e-12,1.287577536467643e-12,1.603618252778731e-12,7.518927996894992e-09,1.0000001101001426,0
93,00:06:00,6.7820140340824124e-12,3.2054795807697677e-12,4.778017493195972e-12,1.2030962162049075e-12,1.1801433021442728e-12,1.279475356672004e-08,1.000000107633532,0
94,00:06:30,9.244634401922029e-11,4.152669620454389e-12,2.8076660616080675e-12,8.430663104589835e-13,1.1267359124983228e-12,9.45440718250032e-09,1.0000001052435046,0
95,00:07:00,9.433658436358065e-12,2.0091520690519403e-12,2.587469952949416e-12,8.676956367800927e-13,1.0905798459709534e-12,8.33709134537024e-09,1.00000010292692,0
96,00:07:30,7.959997487907486e-12,2.955303403817446e-12,2.9098403455735726e-12,9.673204101243888e-13,1.8500262152053505e-12,1.9385182993468443e-08,1.0000001006807893,0
97,00:08:00,5.644973288142817e-12,2.9513007904979108e-12,5.382832559793298e-12,1.1281503178408206e-12,1.9936421084656822e-12,8.70267320792751e-09,1.0000000985022777,0
98,00:08:30,9.370743400069495e-12,3.5222350447646173e-12,2.7230101824466917e-12,1.0939184463770923e-12,1.4567709510961369e-12,3.036649677863697e-08,1.000000096388689,1
99,00:09:00,1.1634635466639564e-11,4.5455423551500824e-12,2.3640053430308126e-12,1.1344803326246861e-12,1.5456551120749815e-12,1.7359653039467123e-08,1.0000000943374632,1
100,00:09:30,3.0127430325002965e-11,3.789901309199443e-12,2.279465884837996e-12,8.92016050067794e-13,1.634041661970976e-12,2.2092993140705827e-08,1.0000000923461645,1
101,00:10:00,7.63356688643632e-11,6.9641911537723236e-12,4.380307221590991e-12,1.095881870311648e-12,1.8843042520381625e-12,1.2837653911149898e-08,1.000000090412479,1
102,00:10:30,5.3432421593227277e-11,7.63926109543958e-12,2.0868568908951197e-12,7.811703623416087e-13,1.4172628540913827e-12,2.685412502578914e-08,1.0000000885342,1
103,00:11:00,1.0464217045839211e-10,8.772025321410217e-12,4.157154182516636e-12,7.163189484448192e-13,1.4656146214016663e-12,1.2144832053586467e-08,1.0000000867092245,1
104,00:11:30,9.011475490137625e-11,1.4110862151437842e-11,3.2802457764292036e-12,1.0687481514595455e-12,2.7150306553660507e-12,3.951372499461061e-09,1.0000000849355533,1
105,00:12:00,3.286786300867283e-11,5.464323451203591e-12,2.6259271015283796e-12,8.344135706591538e-13,1.5007758085279203e-12,3.3349235740197815e-08,1.0000000832112794,1
106,00:12:30,1.0811086432589374e-10,1.1132712371741458e-11,3.714644176896505e-12,9.207335250315052e-13,2.0203799809252602e-12,1.2344062310880945e-08,1.0000000815345766,2
107,00:13:00,5.551099296072373e-11,6.659812170638809e-12,3.9400887252823175e-12,1.18045882146839e-12,3.2990661123475017e-12,8.175813511302042e-09,1.000000079903714,2
108,00:13:30,1.9557560614114104e-11,2.0827386911898917e-12,1.661654458724131e-12,7.653734279797039e-13,1.1641809332993399e-12,2.5425317100172568e-08,1.0000000783170335,1
109,00:14:00,4.045853894509726e-11,5.9567996961906496e-12,4.093561436899892e-12,1.0620865670819733e-12,1.753916916701153e-12,2.8551156507914117e-08,1.0000000767729464,1
110,00:14:30,5.224195529884175e-11,3.0302366435954534e-12,2.0751173595377687e-12,5.46732568671737e-13,9.707614907570185e-13,4.7789535765254564e-08,1.0000000752699454,1
111,00:15:00,3.072793340594878e-11,4.529184111513586e-12,3.06218827030713e-12,1.2290527772815149e-12,1.6731879867550282e-12,4.035086935863001e-08,1.0000000738065837,1
112,00:15:30,1.4851289926026857e-10,2.4099838924981207e-11,2.0625944745520472e-11,3.104602209479923e-11,1.954338291150568e-11,3.970497437689978e-08,1.0000000723814744,0
113,00:16:00,5.137225512548959e-10,2.3043011461759087e-11,2.127842791330002e-11,3.9127934188590634e-11,1.4205224669758758e-11,8.713727841781792e-08,1.0000000709932995,0
114,00:16:30,2.0454068832164436e-10,4.615894824470994e-12,3.366297879030053e-12,9.510939301177913e-13,1.8577369049539378e-12,3.8756947110973235e-08,1.0000000696407925,0
115,00:17:00,7.950024565777121e-12,2.127022623776127e-12,3.793064347776821e-12,1.1765783493627752e-12,1.5499395459250958e-12,1.0973832922873586e-08,1.0000000683227361,0
116,00:17:30,7.774595690456166e-12,5.3932277902028066e-12,8.065213732677089e-12,1.4159555374464936e-12,2.5948988855101108e-12,1.4045468877683263e-08,1.0000000670379767,0
117,00:18:00,1.0687112177274823e-11,2.4456803869392943e-12,5.865355090958439e-12,1.1832228732974619e-12,1.870751010354224e-12,9.001098336373223e-09,1.0000000657853994,0
118,00:18:30,1.1843398165413695e-11,3.3159149772231293e-12,3.905319195833159e-12,1.0768411206642017e-12,1.5735263733193376e-12,1.4184862223284206e-08,1.0000000645639389,1
119,00:19:00,8.102869164858605e-12,2.1425889938498797e-12,2.5553102093734924e-12,9.561447574457876e-13,8.946276815444846e-13,2.11328957675383e-08,1.0000000633725707,1
120,00:19:30,8.837382818479288e-12,2.837943553243176e-12,2.921347631407552e-12,1.073800491191931e-12,1.3169299233293737e-12,2.215771129224417e-08,1.0000000622103187,1
121,00:20:00,8.211876051381856e-11,2.3025560480421184e-12,2.256930566832114e-12,1.1192246367506091e-12,2.34816481786783e-12,1.504500303273787e-08,1.0000000610762367,1
122,00:20:30,1.5833889366614733e-11,2.313747956679274e-12,1.596527107859031e-12,7.61946163182862e-13,6.408234626246126e-13,4.533488347166298e-08,1.0000000599694268,1
123,00:21:00,6.574317713081142e-11,7.035328207576862e-12,5.77415150284624e-12,1.2301508109305248e-12,1.5443984561964658e-12,2.112502407173722e-08,1.0000000588890212,1
124,00:21:30,1.5333429438387417e-10,3.708840963605634e-12,3.854417067525642e-12,9.790950676455238e-13,1.2397549738217554e-12,1.7166469576986985e-08,1.000000057834184,0
125,00:22:00,7.548708030817027e-12,2.651681801645263e-12,3.221803185870342e-12,8.562473697503043e-13,4.808877322903423e-13,5.0637513143528886e-08,1.000000056804121,1
126,00:22:30,1.2824987882696313e-11,4.739785406502722e-12,4.112601534842793e-12,1.3190786210804676e-12,1.8734082131821114e-12,1.2259452912873014e-08,1.0000000557980626,1
127,00:23:00,1.050297828085979e-11,2.988390750544459e-12,2.1205838610486693e-12,9.58094727088315e-13,8.768400473164495e-13,1.469700793920138e-08,1.0000000548152652,1
128,00:23:30,1.9205141566201663e-11,2.945828934152809e-12,3.129898313978635e-12,9.794098694556918e-13,1.745188134666884e-12,2.2801567166355764e-08,1.000000053855023,1
129,00:24:00,4.287455725050454e-11,5.271816567979281e-12,2.715528207634912e-12,8.702794944941272e-13,1.3752269297443994e-12,3.959591734598455e-08,1.0000000529166504,1
130,00:24:30,3.724763500010079e-11,5.450877858262731e-12,2.6943084290592127e-12,8.968341384029774e-13,1.7517025440292071e-12,3.242047645530108e-08,1.0000000519994898,1
131,00:25:00,5.142400947965653e-11,6.486721873247247e-12,2.5205133984010486e-12,9.94959192799856e-13,2.3712500053864927e-12,1.078209183539141e-08,1.0000000511029077,1
132,00:25:30,8.82994144693208e-11,8.352844720360385e-12,3.107860264861685e-12,6.922851867748211e-13,1.1705762858042566e-12,3.032228531795373e-08,1.0000000502262958,1
133,00:26:00,5.754735562133651e-11,1.036038166130493e-11,4.249517345787814e-12,1.0519330400701108e-12,2.7078526006897498e-12,2.729518706289861e-09,1.000000049369061,1
134,00:26:30,2.0822867199300153e-11,3.2001940544115103e-12,5.120329913560995e-12,1.0480313207111744e-12,1.856217355606457e-12,9.636727210449072e-09,1.0000000485306457,1
135,00:27:00,1.19864416971301e-11,3.4104764650694607e-12,1.992896789701991e-12,8.134850755790335e-13,1.9314180858850906e-12,2.7382692151433697e-08,1.0000000477105029,1
136,00:27:30,1.3360405515527375e-10,9.31689966890842e-12,5.734321508379531e-12,7.354080426777729e-12,5.5981392953562135e-12,1.2927439656746509e-08,1.0000000469081027,1
137,00:28:00,8.56052805274617e-11,4.369123534461977e-12,4.8964092866316996e-12,4.5964233010290084e-12,3.835627585785171e-12,9.711570591887772e-09,1.000000046122943,0
138,00:28:30,1.0171487922795445e-09,1.2558961358505496e-11,5.922927771727034e-12,2.787239306739445e-12,3.0466863466124362e-12,3.775630476286323e-08,1.0000000453545355,0
139,00:29:00,9.693821098531898e-12,2.9913966622299385e-12,3.1968059377065064e-12,1.1095876446614646e-12,2.539085359983212e-12,4.3920237875709205e-09,1.0000000446024015,0
140,00:29:30,2.678217442822482e-11,3.3059865112734177e-12,5.8624598525701386e-12,1.3681828385288939e-12,2.387669993307368e-12,8.980205051522414e-09,1.0000000438660945,0
141,00:30:00,1.192898447773127e-11,5.040865449094164e-12,7.1429137263147745e-12,1.0241793717384626e-12,2.231307539981103e-12,3.9499500304335625e-09,1.000000043145175,0
142,00:30:30,5.6596968200487715e-12,5.20803558742218e-12,1.1497049209441622e-11,1.328661141875912e-12,1.824050387704719e-12,7.913133850249913e-09,1.0000000424392137,0
143,00:31:00,1.0293267089840807e-11,4.954271070819429e-12,7.431177584763682e-12,1.389629784242656e-12,2.4926101206427473e-12,1.3608755462207757e-08,1.000000041747805,0
144,00:31:30,2.185111641268015e-11,2.9753189403877603e-12,2.6806664704674203e-12,9.254360101675707e-13,1.7601732180937723e-12,4.41182381364294e-09,1.0000000410705547,0
145,00:32:00,3.7644485183578426e-10,5.4547454234171525e-12,1.1401906984072779e-11,1.3744668450507808e-12,2.997139180851149e-12,5.003121084742932e-08,1.0000000404070777,0
146,00:32:30,1.0084418877300436e-11,3.0241984139607104e-12,3.2002003759114083e-12,1.0248367324331656e-12,1.2735781743078567e-12,4.279471208373772e-08,1.0000000397570064,0
147,00:33:00,9.913003858560198e-12,4.589110750483193e-12,4.408901123271587e-12,1.34741080247212e-12,2.8930525766949597e-12,1.2165318985146231e-08,1.0000000391199857,0
148,00:33:30,1.2709558410861063e-11,4.0296607868917004e-12,5.217571496149292e-12,1.047766104541706e-12,1.4207036282488678e-12,3.495780284323455e-08,1.0000000384956647,0
149,00:34:00,1.0238343309994462e-11,4.2545025813371086e-12,4.211380528743992e-12,8.471256298545774e-13,1.1235942965544374e-12,1.1047606498323867e-08,1.0000000378837157,1
150,00:34:30,1.2572095020019518e-10,4.664811766019554e-12,3.832407129844025e-12,2.045151889874706e-12,4.3197098472702086e-12,4.0802326513666185e-08,1.0000000372838171,1
151,00:35:00,4.136224071050977e-10,5.3713602222475605e-12,4.813485423865535e-12,1.5437965318015008e-12,2.1273943721318857e-12,2.077565221947534e-08,1.0000000366956505,0
152,00:35:30,1.5609666785878353e-11,3.601972779026356e-12,2.8878955632396575e-12,9.660263707191808e-13,1.4390173746109902e-12,1.9944331805870987e-08,1.0000000361189176,1
153,00:36:00,2.1312497188065715e-11,3.723425640406557e-12,2.457476166291205e-12,1.1303342210390146e-12,2.4880475961599997e-12,1.7281194734438744e-08,1.0000000355533283,1
154,00:36:30,8.745515406382461e-12,2.4836518370205003e-12,3.193712237367345e-12,9.312670240056999e-13,1.5274947929286241e-12,8.665188055191205e-09,1.0000000349985945,0
155,00:37:00,4.9232391983460703e-11,3.235287785481005e-12,3.2285482078256522e-12,1.1255102822445327e-12,1.3794611314238375e-12,4.270489081114981e-08,1.0000000344544446,0
156,00:37:30,1.0815940641793754e-09,1.1365707871440605e-11,4.676342272412244e-12,1.5061642131397658e-12,1.993096821605791e-12,3.3081256481376016e-08,1.0000000339206143,0
157,00:38:00,1.1890416528619482e-10,3.2994621745788417e-12,3.331317812811674e-12,9.188369222269297e-13,2.2304367523780628e-12,5.107777105765136e-09,1.0000000333968442,0
158,00:38:30,1.0386391552434407e-11,3.356148723071147e-12,6.455075601539637e-12,1.10071431462136e-12,1.513667982373815e-12,1.0008134527087395e-08,1.0000000328828869,0
159,00:39:00,8.753721479817438e-12,2.7757733990304934e-12,7.489441113278125e-12,1.2985572835904842e-12,1.4693652748917194e-12,8.11873991308634e-09,1.0000000323784999,0
160,00:39:30,7.931669635977312e-12,3.3639282372150532e-12,3.954624315352918e-12,9.52740635377526e-13,1.1614669795261057e-12,2.5311324344533664e-08,1.00000003188345,1
161,00:40:00,2.5972473053270656e-11,5.147617493089559e-12,2.6662724034026203e-12,9.328071049650798e-13,1.3185341492504764e-12,4.228784082202693e-08,1.00000003139751,1
162,00:40:30,5.804359743541477e-11,8.073494287500072e-12,2.311822236698815e-12,9.988762277488857e-13,1.7931034437603938e-12,1.8626849073095536e-08,1.0000000309204597,1
163,00:41:00,8.07021758542125e-11,9.271012120070929e-12,3.0500121730567394e-12,7.082057005908844e-13,2.4185191698137573e-12,1.5052558806145195e-08,1.0000000304520857,1
164,00:41:30,6.177684144872444e-11,4.493202959318829e-12,1.8999787841780243e-12,8.337335088174875e-13,1.4649426056647006e-12,3.1327446750222385e-08,1.0000000299921807,1
165,00:42:00,1.4074564797748704e-10,1.3498831181650387e-11,3.297502866647446e-12,1.4057953699125857e-12,1.7417538888095204e-12,2.137339363110479e-08,1.0000000295405453,1
166,00:42:30,8.497721386991313e-11,7.314647883563683e-12,2.6326888444169654e-12,9.038510045703007e-13,2.8939929406274426e-12,2.888785260404004e-09,1.0000000290969842,2
167,00:43:00,1.4364219058389453e-10,1.2805452797997384e-11,3.329872769333126e-12,6.779435776724385e-13,2.484131247696134e-12,2.461877807789027e-09,1.000000028661307,2
168,00:43:30,1.2854120385255017e-10,1.3043322985568661e-11,4.641589502374669e-12,1.3958264965997959e-12,4.332951240937122e-12,4.69998742210813e-10,1.0000000282333308,2
169,00:44:00,5.715684254957469e-11,4.4538262035875785e-12,1.5308239363786109e-12,5.03576596931693e-13,8.808545046114786e-13,3.4268504544825924e-09,1.0000000278128753,2
170,00:44:30,9.90572077902562e-11,9.66941728698807e-12,2.9474105883544927e-12,1.4679019305302993e-12,3.834033177160647e-12,8.118416328384846e-10,1.0000000273997725,2
171,00:45:00,1.3043239415148818e-10,1.1157264076037328e-11,3.658536631639542e-12,1.2064784386517376e-12,2.6231958914083383e-12,4.718555871100084e-10,1.0000000269938487,2
172,00:45:30,7.694573448835643e-11,6.2154701410767185e-12,2.4453212854251938e-12,1.776596260308364e-12,7.615068199526757e-12,1.624567053409811e-09,1.000000026594945,2
173,00:46:00,1.5066701275215622e-10,1.0380280273941695e-11,3.344756585524342e-12,1.0511980359676878e-12,2.5016543858131264e-12,6.407278279391603e-10,1.000000026202901,2
174,00:46:30,1.1054077733206131e-10,9.198375918868897e-12,2.8881697177077797e-12,1.2430246493870086e-12,4.974377339449836e-12,2.390165393760269e-10,1.0000000258175612,2
175,00:47:00,1.4229989061260915e-10,1.2301519931378572e-11,4.11310736671924e-12,1.2355249868776011e-12,3.849593225712171e-12,8.010810117628889e-10,1.0000000254387778,2
176,00:47:30,8.124820250241562e-11,9.169773709081492e-12,2.568458218243019e-12,1.0783674749319118e-12,2.4022028555681284e-12,1.2416717758889516e-09,1.0000000250664045,2
177,00:48:00,5.7810899014751474e-11,7.065510184316058e-12,2.226604483196378e-12,1.0210427808699253e-12,3.667432815101066e-12,2.226207770593535e-09,1.0000000247002987,2
178,00:48:30,1.2075343874202584e-10,8.084333367710045e-12,3.829588453632689e-12,8.878637972044179e-13,2.8038495593845746e-12,1.296393129593422e-09,1.000000024340323,2
179,00:49:00,1.4721256081721084e-10,9.03627787511769e-12,2.729141841350247e-12,1.1702713085731319e-12,5.707801771424099e-12,3.401407752513239e-10,1.000000023986346,2
180,00:49:30,8.071769763946379e-11,7.181828374625729e-12,2.7503573982168253e-12,9.065180969730321e-13,4.66067936214773e-12,1.6948216000920913e-10,1.0000000236382336,2
181,00:50:00,1.9131704276052795e-10,1.06032335625446e-11,4.031145759162235e-12,1.2403736050525393e-12,4.260724738988484e-12,2.793251910527617e-10,1.0000000232958617,2
182,00:50:30,7.730652834424798e-11,1.148817579069887e-11,5.1814489372242355e-12,1.2764925134062018e-12,4.45841382589347e-12,2.2716409947144753e-09,1.0000000229591073,2
183,00:51:00,5.648326743331485e-11,6.361739541666549e-12,1.523875396976951e-12,1.0915537534482198e-12,1.7474034199048247e-12,2.3107159656064398e-09,1.0000000226278474,2
184,00:51:30,2.096817251959396e-10,9.614468194457007e-12,2.3253027173755348e-12,1.1463420685428794e-12,2.3515068132912254e-12,2.5325369617440753e-09,1.0000000223019663,2
185,00:52:00,1.1704720422412196e-10,1.2952756852112083e-11,2.8110182483784345e-12,1.8580706398366543e-12,9.275887540829981e-12,2.987530123291722e-10,1.0000000219813543,2
186,00:52:30,1.0659815227707892e-10,1.2260993233354762e-11,2.9751241056983716e-12,2.711135357123876e-12,1.3492318262330134e-11,1.9825067996990145e-10,1.0000000216658942,2
187,00:53:00,1.273686215508305e-10,8.451894223259064e-12,4.4207760664571054e-12,2.220774400021138e-12,1.063174171143467e-11,1.1291947102512075e-09,1.0000000213554834,2
188,00:53:30,1.4396062110082655e-10,9.199464003193813e-12,3.4364357715765505e-12,6.59562006979099e-13,1.9023110004014685e-12,1.79377041463247e-09,1.0000000210500177,2
189,00:54:00,6.665075443580308e-11,7.379123720017806e-12,4.714572208678582e-12,1.5372572709405391e-12,4.096958720372507e-12,1.3818296624159378e-08,1.0000000207493882,1
190,00:54:30,4.9041177348884756e-11,5.489615940881694e-12,2.078685468019883e-12,6.368556601828173e-13,1.006641156449547e-12,7.915218190917603e-09,1.0000000204535022,1
191,00:55:00,8.608065956310035e-11,9.734199411155247e-12,4.086489120494454e-12,1.2966167839620838e-12,3.791616502455709e-12,5.550531836154592e-09,1.0000000201622614,1
192,00:55:30,2.4903149700712495e-11,5.540226691599806e-12,3.366620295357168e-12,2.4417983977375013e-12,2.958396400240658e-12,1.5842939841649648e-08,1.0000000198755687,1
193,00:56:00,4.620344018515514e-11,5.277491540198733e-12,2.4703563417781913e-12,9.112541294193858e-13,1.288693512670811e-12,5.72389271798987e-09,1.0000000195933334,1
194,00:56:30,2.6023378394093788e-11,5.9223837340059525e-12,3.344738723993269e-12,9.324819941537702e-13,2.2315921095826166e-12,1.1327127708470907e-08,1.0000000193154681,1
195,00:57:00,2.721792211250139e-10,8.168271323789456e-12,4.886904065527769e-12,1.9280615496871265e-12,2.513458834270423e-12,3.260346451768968e-08,1.0000000190418807,0
196,00:57:30,4.3160513482990315e-11,2.746299105675066e-12,3.312750789468264e-12,2.0601214152554532e-12,2.7602492388103527e-12,7.504598476790967e-09,1.0000000187724898,0
197,00:58:00,9.11452275205496e-12,4.586746023119385e-12,3.5961766486217905e-12,9.13933908093961e-13,1.4174983138932113e-12,2.5596241004515417e-08,1.0000000185072115,1
198,00:58:30,1.4664211270154146e-11,3.574787511575539e-12,4.036795135776324e-12,2.476514085032809e-12,3.846728664803499e-12,2.060954534593355e-08,1.0000000182459619,1
199,00:59:00,1.6838584364505942e-11,2.461399488660282e-12,3.870998278558526e-12,1.2920335820877507e-12,2.452673463935035e-12,1.6623350325733877e-08,1.0000000179886668,0
200,00:59:30,2.7037164181677156e-10,2.715746421112745e-11,2.6140754361737438e-11,3.138744502420329e-11,2.1377719430016672e-11,2.347458694020759e-08,1.0000000177352457,0
201,01:00:00,1.642729444275964e-11,5.0272506714384386e-12,5.515451032725175e-12,1.4661521204574989e-12,2.1734165636048753e-12,1.854923435690318e-08,1.0000000174856225,0
202,01:00:30,1.230314049947783e-09,9.589938380002315e-12,4.102439671431645e-12,1.961842081002569e-12,2.1921489772722768e-12,9.414311203053557e-08,1.0000000172397263,0
203,01:01:00,9.927036960611372e-12,4.67928960184181e-12,9.531430516361242e-12,1.1293203316590261e-12,3.2526761618436144e-12,1.0074495012767922e-08,1.0000000169974863,0
204,01:01:30,1.8838010845598268e-11,5.539088061914961e-12,8.26160643356764e-12,1.0643848451565816e-12,2.4625276170994423e-12,1.0748963928062581e-08,1.0000000167588288,0
205,01:02:00,2.3618146397797704e-11,4.0831835315358e-12,5.476287432923702e-12,1.0871241377476025e-12,1.525871063420997e-12,1.0572379153712576e-08,1.0000000165236882,0
206,01:02:30,7.37019313531426e-12,3.5537162175766023e-12,5.711155658658545e-12,1.034343438865552e-12,1.175180566464822e-12,1.6111528091449188e-08,1.0000000162919989,0
207,01:03:00,6.745176064649047e-12,2.3908737644340356e-12,2.5862875413372582e-12,9.987381322870403e-13,1.3323867256857338e-12,3.597460841698198e-09,1.000000016063694,0
208,01:03:30,1.906404361036512e-11,4.842142390879972e-12,5.707759452892345e-12,4.639587944928687e-12,4.751550925383344e-12,1.4894804922300905e-08,1.0000000158387108,0
209,01:04:00,1.3875216997650115e-11,2.9720994622484316e-12,3.931881954845538e-12,8.337315455747997e-13,9.565670885226915e-13,1.9874543492729313e-08,1.0000000156169881,0
210,01:04:30,6.977820936277333e-11,1.1857633572900472e-11,2.2314439104096858e-12,6.382652628627757e-13,1.1471503774734342e-12,1.5814963798607843e-08,1.0000000153984643,1
211,01:05:00,6.511594490991954e-11,5.302034689161439e-12,2.680398025897328e-12,8.176443668611701e-13,1.735036737435454e-12,3.3977864189132616e-09,1.0000000151830817,1
212,01:05:30,3.339285240846243e-11,5.009247908870575e-12,2.35637893353664e-12,6.484776743096143e-13,1.0350006552388837e-12,1.7695012651307672e-08,1.000000014970782,1
213,01:06:00,9.750895839821611e-11,9.823837397469036e-12,3.3309602449250704e-12,1.0112024436293998e-12,2.506293124167901e-12,3.334154641587812e-09,1.000000014761507,2
214,01:06:30,8.955101610136263e-11,9.40480882878484e-12,2.5163868156524145e-12,9.79683741652383e-13,1.613121912886655e-12,4.559472028836491e-10,1.0000000145552026,2
215,01:07:00,1.0013985736902194e-10,1.2113551444214066e-11,3.3553343710513335e-12,1.1601687437421094e-12,2.610066073974013e-12,1.1698583412627433e-09,1.0000000143518162,2
216,01:07:30,1.3008190199285412e-10,9.21924634450012e-12,3.3149195915197253e-12,1.482554822743237e-12,3.674806131407449e-12,9.450674914214438e-10,1.0000000141512952,2
217,01:08:00,1.5036249151379722e-10,1.4023911483632092e-11,2.7264060970908842e-12,9.434472659069704e-13,4.0807307800394385e-12,2.0713855897322992e-10,1.0000000139535905,2
218,01:08:30,1.4388667715753445e-10,1.0017094084547837e-11,3.0727186275853198e-12,1.7725397778364022e-12,6.869253043692705e-12,1.5113895934179703e-10,1.0000000137586456,2
219,01:09:00,1.2358751682821247e-10,1.2878676431160824e-11,4.164654391657516e-12,1.2172167736114217e-12,3.5970591003371087e-12,2.202410291947559e-10,1.000000013566415,2
220,01:09:30,1.466366565287687e-10,8.766727272702841e-12,2.823933700511397e-12,1.8320311835903725e-12,5.08944834862611e-12,1.530938699500138e-10,1.000000013376852,2
221,01:10:00,1.884423406118241e-10,1.4192586218363397e-11,4.205055783601915e-12,2.122685510215457e-12,7.890891190634324e-12,2.403206039265873e-10,1.0000000131899076,2
222,01:10:30,2.2681110697211922e-10,1.0906358734915244e-11,2.3615467131360747e-12,6.647094059813617e-13,2.61902881152677e-12,1.5802758874744358e-10,1.0000000130055362,2
223,01:11:00,2.8217304745614955e-10,1.3157224129474308e-11,4.764684821316062e-12,1.8395199366122302e-12,8.92512965631803e-12,2.5539637773152114e-10,1.0000000128236968,2
224,01:11:30,1.867953548552767e-10,1.3766011054988637e-11,2.9306404029119184e-12,1.0379193616268007e-12,5.2250034023667394e-12,3.0134501694206195e-10,1.00000001264434,2
225,01:12:00,7.801803852728323e-11,9.196110399367132e-12,5.60558039982418e-12,1.2132236198823584e-12,3.960065201817811e-12,6.447021394767025e-09,1.000000012467423,2
226,01:12:30,8.626531526854669e-11,7.743069303934037e-12,1.4276027297122178e-12,7.493113544380233e-13,1.3345802864022551e-12,4.679105427457174e-09,1.0000000122929098,2
227,01:13:00,4.780044684645037e-11,6.837376460044721e-12,2.661377151769229e-12,7.549895139394694e-13,1.4073117063021331e-12,5.6691931498644546e-09,1.0000000121207546,2
228,01:13:30,6.524733739592002e-11,6.492378995172942e-12,6.7950858081553064e-12,1.3340756804877408e-12,2.5071370180053184e-12,5.072215481477534e-09,1.0000000119509174,2
229,01:14:00,1.8107363440007724e-11,4.575479473009982e-12,3.001265721490337e-12,9.567919015423274e-13,1.888539762682396e-12,3.11154707723364e-08,1.000000011783363,2
230,01:14:30,1.2436543437645568e-10,5.767849825127998e-12,5.8717563848215815e-12,1.1264057092276341e-12,2.2960077269440416e-12,6.0444770722993766e-09,1.000000011618047,2
231,01:15:00,1.6588251344204064e-10,2.521479086422122e-11,3.3667481442981887e-11,5.451905513292101e-11,1.856710092959837e-11,5.4401893914244656e-08,1.0000000114549348,1
232,01:15:30,8.569183157916103e-12,3.8995800901683815e-12,2.412150421958491e-12,1.5196745443297574e-12,2.7906511791123465e-12,2.750994181807172e-08,1.0000000112939913,1
233,01:16:00,8.63949924685138e-12,2.3418592079866055e-12,2.132179859249036e-12,1.2290265882431072e-12,1.3617524805025116e-12,1.9474732217693987e-08,1.0000000111351786,1
234,01:16:30,1.1814083301558629e-11,2.624859356764868e-12,3.925713630324176e-12,1.365923474764442e-12,1.6545529493737162e-12,2.3724367019229076e-08,1.0000000109784588,0
235,01:17:00,1.4501274539344236e-10,5.780713457922277e-12,4.10263874554951e-12,1.7284225491370815e-12,1.6427674643906368e-12,6.420263273649988e-08,1.0000000108238039,0
236,01:17:30,7.517677177859384e-12,3.2467811544534733e-12,3.2631079710018967e-12,1.6800627854128262e-12,1.975093970333723e-12,1.9870870563073974e-08,1.0000000106711746,0
237,01:18:00,6.487367376802498e-12,2.812655687248209e-12,2.5786536010294406e-12,1.532746087736342e-12,1.4703499427604121e-12,2.2545022086809268e-08,1.000000010520538,0
238,01:18:30,1.9815731830040005e-11,2.982168654707782e-12,2.332617185752643e-12,1.076699460661826e-12,1.1333216843711294e-12,1.7207405053605846e-08,1.0000000103718665,1
239,01:19:00,3.257150639780987e-11,2.8775066139846305e-12,3.225160839856743e-12,1.3495176740173728e-12,1.86495139707063e-12,1.7415617410599038e-08,1.000000010225124,1
240,01:19:30,4.057048335531144e-11,3.838196241772563e-12,1.900535031048957e-12,9.507976500106195e-13,1.2787677607636e-12,3.117489032844972e-08,1.0000000100802797,1
241,01:20:00,5.857091949083633e-11,5.4853344935045854e-12,3.1117696299114325e-12,1.1141869802211826e-12,1.7958389612073404e-12,1.3042704389880385e-08,1.0000000099373054,1
242,01:20:30,6.01422414774782e-11,8.84722502783911e-12,3.280527198184524e-12,1.138980606511151e-12,3.770352079187412e-12,6.03561738533849e-10,1.0000000097961699,2
243,01:21:00,1.0986828006669002e-10,7.345788261897862e-12,2.3433418607038317e-12,9.065449637827107e-13,2.419397912308213e-12,2.1176950028246549e-10,1.0000000096568433,2
244,01:21:30,7.042657186984835e-11,8.002178814144946e-12,2.8088676686579446e-12,1.1851222244316843e-12,3.173820062759246e-12,6.371063779618095e-10,1.000000009519298,2
245,01:22:00,9.868581186148642e-11,1.2639975486039946e-11,3.71235205543522e-12,1.7701050827443034e-12,6.084235203262238e-12,1.7089300191027516e-10,1.0000000093835075,2
246,01:22:30,7.814191904760483e-11,9.022073388084447e-12,3.301372973897961e-12,1.5090087658263672e-12,8.052010932118633e-12,3.616623568327961e-10,1.0000000092494412,2
247,01:23:00,1.2723365956613095e-10,1.1411516665663908e-11,3.103265023073185e-12,8.209110540917604e-13,1.8614771210116435e-12,2.501065079269753e-10,1.0000000091170738,2
248,01:23:30,6.109319636040568e-11,6.613680783921591e-12,1.791696190714958e-12,7.580685398576723e-13,1.3674219915246977e-12,3.301217035273443e-10,1.0000000089863796,2
249,01:24:00,9.638266178248853e-11,1.0518542363852286e-11,2.548841389874824e-12,1.425835314864214e-12,7.0025112311931115e-12,2.2202163877724783e-10,1.0000000088573324,2
250,01:24:30,8.689524398312303e-11,1.0984089328853082e-11,2.4475055075222837e-12,5.972116215870976e-13,1.9969571300180455e-12,7.96847678669866e-09,1.0000000087299077,2
251,01:25:00,1.5583533074004368e-10,1.2822902264932435e-11,3.1421507651871684e-12,6.748184200572734e-13,1.4071377824057427e-12,2.411240280085271e-10,1.0000000086040775,2
252,01:25:30,9.659068138308002e-11,1.045410723613584e-11,2.7997912086698214e-12,2.6090930894356813e-12,1.3144688018518077e-11,1.9710946891444892e-10,1.0000000084798206,2
253,01:26:00,2.9552089464898977e-10,1.5918956869233515e-11,3.119835842736962e-12,1.0851004684967975e-12,2.8120079620463055e-12,3.339717736434451e-10,1.000000008357112,2
254,01:26:30,1.522484112419119e-10,9.855866725749774e-12,2.88471271505124e-12,5.55267063580983e-13,1.6387379263323797e-12,2.1071799852198942e-10,1.0000000082359273,2
255,01:27:00,2.791883733993851e-10,1.1009785915269832e-11,4.3249454176911034e-12,8.487880230568419e-13,3.0869612182590236e-12,4.364789484504754e-10,1.0000000081162463,2
256,01:27:30,1.3444597070073176e-10,9.417690777092128e-12,2.0921144028683245e-12,7.625092032675462e-13,3.588933277508079e-12,2.2129212072089186e-10,1.000000007998043,2
257,01:28:00,1.608025375633812e-10,1.2844002012007518e-11,4.264124015932005e-12,1.4829733623156898e-12,6.174186427913508e-12,2.423544329691868e-10,1.0000000078812985,2
258,01:28:30,1.9767636681514593e-10,9.197647488078521e-12,2.8655981341605406e-12,7.862089649330867e-13,3.693153482121057e-12,2.5865096156320547e-10,1.000000007765991,2
259,01:29:00,2.3401049865328023e-10,1.6550058532072337e-11,6.1266813697069935e-12,9.762668572582577e-13,4.847968927406773e-12,1.1823757145145439e-09,1.0000000076520972,2
260,01:29:30,1.3685545178613611e-10,8.863575491101075e-12,1.4926493131304006e-12,3.6761389550226067e-13,9.033812345240057e-13,7.26979973825821e-10,1.000000007539598,2
261,01:30:00,1.410942593689484e-10,1.128863427225422e-11,3.134688450718278e-12,1.2145381892153938e-12,3.719575702612871e-12,3.109781563179495e-10,1.0000000074284718,2
262,01:30:30,3.3863667126584445e-10,1.2078486785572433e-11,4.83885776590863e-12,8.183592283399772e-13,2.317253254070775e-12,1.2526969519295686e-09,1.000000007318698,3
263,01:31:00,1.3406819584282033e-10,1.225487860050963e-11,1.3299059298067478e-12,5.939528234239191e-13,1.3799195617757062e-12,1.7564951198234826e-09,1.0000000072102593,2
264,01:31:30,1.254075261596113e-10,7.73351542965771e-12,2.903940165339394e-12,1.0039092710417518e-12,4.697135236701101e-12,1.1151450628723023e-09,1.000000007103135,2
265,01:32:00,1.479671523802495e-10,1.2398898579216389e-11,2.7659218385193832e-12,1.037703886783582e-12,2.4900621027310256e-12,3.617399466515776e-10,1.0000000069973072,2
266,01:32:30,1.6939292089336814e-10,8.921284472121974e-12,4.594089757325737e-12,9.13778815732361e-13,2.328371507106696e-12,2.9705217082828845e-09,1.0000000068927561,2
267,01:33:00,1.223126280590187e-10,1.2759722736528728e-11,2.0030637610794e-12,7.301815345347493e-13,2.9152779933492184e-12,3.945577981895702e-10,1.0000000067894648,2
268,01:33:30,1.6000139773491225e-10,1.2146263237762142e-11,4.7950632016899896e-12,8.981489991933653e-13,2.7287329162606206e-12,1.719339053805083e-09,1.0000000066874144,2
269,01:34:00,1.1114633574863825e-10,8.086870762232414e-12,2.2780767639982023e-12,6.860803634426206e-13,2.0333577385019512e-12,2.251573561783503e-09,1.0000000065865875,2
270,01:34:30,1.6247636125800415e-10,1.5439421737046424e-11,3.15603403797068e-12,1.1516635395105697e-12,5.818503824252133e-12,2.767096256625059e-10,1.000000006486967,2
271,01:35:00,2.2495058230793594e-10,9.538150700616145e-12,2.048981938455625e-12,5.260570663380239e-13,1.5279802125214542e-12,3.9704395659016663e-10,1.000000006388538,3
272,01:35:30,2.315786175898363e-10,8.043835226410043e-12,2.529134696421995e-12,1.5686408833976823e-12,5.330636913239205e-12,2.6604364505453963e-10,1.000000006291281,2
273,01:36:00,1.9908970679527505e-10,1.3626270277373474e-11,2.8763790725771777e-12,8.842124918639982e-13,3.22781007167499e-12,3.0068827812675155e-10,1.0000000061951784,2
274,01:36:30,2.0354824185208505e-10,1.2393030171928223e-11,2.6621333694583e-12,7.764388300746777e-13,2.073775687042418e-12,2.7205659120501577e-09,1.0000000061002172,3
275,01:37:00,1.6884610504545635e-10,7.811490285676196e-12,1.658439026311678e-12,4.2028528649034516e-13,1.0271029603012158e-12,1.6869450947117743e-09,1.000000006006383,2
276,01:37:30,2.232343291321734e-10,1.1560915688652158e-11,2.1226301714362784e-12,7.965679344610702e-13,3.0314278905049635e-12,2.6114853534869014e-10,1.0000000059136571,2
277,01:38:00,1.7628999719259428e-10,1.0502985594608426e-11,2.1371852826813367e-12,9.103167101762687e-13,2.376227814675375e-12,2.4085418773133077e-10,1.000000005822028,2
278,01:38:30,2.414785304020737e-10,1.3151096665601605e-11,2.182424117037555e-12,7.215167014044377e-13,2.91024151237334e-12,3.2709779595389965e-10,1.0000000057314782,3
279,01:39:00,2.3158187201104463e-10,1.0278270999457614e-11,3.029108086488759e-12,7.020024272343717e-13,2.2377157253587313e-12,3.736062619611087e-09,1.0000000056419913,2
280,01:39:30,2.0360037794748543e-10,1.5968974786692584e-11,2.9788599530286633e-12,6.805067602002238e-13,1.879789334829716e-12,5.884007243459471e-10,1.0000000055535563,2
281,01:40:00,2.0572602324992588e-10,1.1815344590925856e-11,2.56042164534881e-12,9.140777122801377e-13,2.671504679457016e-12,3.4957419545077656e-10,1.0000000054661595,2
282,01:40:30,2.731385064210771e-10,1.492687472184868e-11,3.173925512188418e-12,8.448149895841389e-13,4.340285678925423e-12,4.884876072310884e-10,1.0000000053797842,2
283,01:41:00,4.1592029446896816e-10,1.0357800693568104e-11,3.1240623908797526e-12,7.616694308478881e-13,2.3325820967919013e-12,5.90268612934798e-10,1.0000000052944213,2
284,01:41:30,2.0554888506257184e-10,1.479716148996706e-11,2.704546222076745e-12,8.852114917184506e-13,2.7316881511983886e-12,5.278297079356011e-10,1.000000005210052,2
285,01:42:00,4.160426900316312e-10,1.0628600043948398e-11,3.999998431296965e-12,7.731091325268269e-13,2.4115674613433112e-12,1.1547942889648174e-09,1.0000000051266658,3
286,01:42:30,2.0163891785737167e-10,1.1730753326307843e-11,1.9160098466255623e-12,7.9512568390139e-13,2.4811167504403355e-12,6.499692622528085e-10,1.0000000050442526,2
287,01:43:00,2.313991098049758e-10,1.0278251907970256e-11,1.6832954626528462e-12,4.427093210484498e-13,1.597716758320432e-12,3.1868270911399103e-10,1.000000004962795,3
288,01:43:30,4.5656075595105605e-10,1.3659152249299003e-11,3.910677661761553e-12,1.1790183220064675e-12,4.2766446879508265e-12,3.2454565816961695e-10,1.0000000048822824,3
289,01:44:00,1.1685636560675465e-10,1.275712946198212e-11,2.2760321478720815e-12,9.41725290186972e-13,3.5580760570896013e-12,2.878797409365746e-10,1.0000000048027038,2
290,01:44:30,3.537900140855802e-10,9.430761232862924e-12,2.8721962564077e-12,9.318591119173186e-13,2.7237942558626604e-12,7.260675726538639e-10,1.0000000047240452,3
291,01:45:00,2.1437032850507032e-10,1.400533885571137e-11,1.3790925020856325e-12,4.2475763684457367e-13,1.4043387085022778e-12,3.9653373815491097e-10,1.0000000046462973,2
292,01:45:30,2.0778178778277997e-10,9.98423434847358e-12,2.5466025248748472e-12,7.152414037288999e-13,1.824163742885332e-12,7.604216084288186e-10,1.0000000045694468,3
293,01:46:00,1.8994731909482277e-10,1.6501742778349332e-11,2.470770243282135e-12,1.8044776830565421e-12,5.204330967127748e-12,2.766476567453465e-10,1.0000000044934827,2
294,01:46:30,1.7981463742193176e-10,1.4140082223730257e-11,2.5409679655802747e-12,4.830870174141589e-13,2.154317416031407e-12,4.395477209097558e-10,1.0000000044183932,2
295,01:47:00,1.6731523289148756e-10,1.0283194422448896e-11,2.152359282009941e-12,5.109334175125983e-13,2.463055264902871e-12,3.1786071649975156e-10,1.0000000043441697,2
296,01:47:30,2.1203569930796152e-10,1.0114720928096405e-11,2.0942872013708656e-12,4.90771764597064e-13,1.2830013780691867e-12,3.5632393915397765e-10,1.0000000042707986,2
297,01:48:00,1.6159918450074284e-10,9.240904200336401e-12,1.6357281394648856e-12,3.893890339694236e-13,1.0953244517653425e-12,7.924756048029012e-10,1.0000000041982706,2
298,01:48:30,1.938731773226425e-10,1.2607303241610315e-11,2.0817633622104267e-12,8.516400563417498e-13,3.182633598561203e-12,3.326653693249697e-10,1.0000000041265757,2
299,01:49:00,3.765118195775102e-10,1.0543462346613447e-11,2.8309896949969868e-12,7.545542029223193e-13,2.3956120213845738e-12,2.5210161424276934e-10,1.0000000040557007,3
300,01:49:30,2.908771951058449e-10,1.3034459960307168e-11,2.1771993429239813e-12,1.0428064489864825e-12,3.4441545491527678e-12,4.3181237962932624e-10,1.0000000039856394,2
301,01:50:00,1.932443881782813e-10,9.988458151308543e-12,2.109531232739241e-12,5.676904649565378e-13,2.1624970519473633e-12,3.378499939097107e-10,1.0000000039163837,2
302,01:50:30,2.7137604342322124e-10,1.4159701486023475e-11,2.0458176888620184e-12,6.2136287961326e-13,2.127873634680298e-12,3.8715593398544527e-10,1.0000000038479162,2
303,01:51:00,3.0500679666528343e-10,1.3311835278233422e-11,3.126970720337048e-12,8.130992830530835e-13,3.728612497117675e-12,4.1286643579044023e-10,1.0000000037802326,3
304,01:51:30,3.782541343332358e-10,1.2055729558671452e-11,3.0322877074968943e-12,8.070329239070651e-13,3.171325028744599e-12,4.1658904476921986e-10,1.0000000037133248,2
305,01:52:00,3.488394831380282e-10,1.2199181689792554e-11,2.8465662159659618e-12,8.233992073313419e-13,3.960570046333548e-12,5.985784984292761e-10,1.0000000036471777,2
306,01:52:30,2.920898862372174e-10,1.2253257271381188e-11,2.349536632945762e-12,4.819205883187003e-13,1.1108715765894382e-12,1.3286266860612562e-09,1.000000003581787,2
307,01:53:00,1.9647930472284673e-10,9.91806255956154e-12,1.757005811372213e-12,4.408295252968008e-13,1.082918567407892e-12,1.0813491594489947e-09,1.0000000035171446,2
308,01:53:30,1.6984637541391158e-10,1.1683642589141044e-11,2.6636418729390525e-12,8.83125231529396e-13,4.26523845628427e-12,3.61558815217384e-10,1.0000000034532384,2
309,01:54:00,1.8764568590715854e-10,1.0412977866047313e-11,2.6119539521153067e-12,8.564655875359047e-13,2.8568810844638114e-12,3.1880518739512324e-10,1.0000000033900602,2
310,01:54:30,4.931833582488593e-10,1.2256424360712905e-11,3.11051619270906e-12,6.20104124044903e-13,1.995138963010772e-12,4.548316195297134e-10,1.0000000033276055,3
311,01:55:00,1.485037230406527e-10,1.1537930621617645e-11,2.0218732892904664e-12,7.724188024094522e-13,2.0838502836207528e-12,2.870738001436341e-10,1.0000000032658602,2
312,01:55:30,2.535616950458754e-10,1.149828393266567e-11,3.07758224374587e-12,5.216080953173131e-13,1.0850634404278666e-12,2.9694912963260217e-09,1.000000003204819,2
313,01:56:00,2.0087024455675496e-10,1.2085356806744398e-11,2.39592686732927e-12,9.844606648011381e-13,2.4005384178381346e-12,3.675501970995528e-10,1.000000003144476,2
314,01:56:30,2.292998985452267e-10,1.0311944519761522e-11,2.0963646739071474e-12,5.201219459565539e-13,1.7045250404009943e-12,3.133267953064359e-10,1.0000000030848184,2
315,01:57:00,2.952535774220453e-10,1.5583913504931854e-11,2.3467635197248233e-12,6.422539863511572e-13,1.5018552685268704e-12,4.768038430494263e-10,1.0000000030258411,2
316,01:57:30,1.188985834753078e-10,1.0352528334499647e-11,2.1983811161534976e-12,4.62309863477115e-13,1.4563599913941127e-12,1.0945768735424257e-09,1.0000000029675378,2
317,01:58:00,2.610377468138501e-10,1.724554760072244e-11,2.882548637150194e-12,1.3852337070267429e-12,5.117100960171615e-12,3.6805353317455023e-10,1.0000000029098977,2
318,01:58:30,3.7627526365131377e-10,8.348874911494434e-12,2.4212101604624785e-12,4.998578470394085e-13,1.5870697965750432e-12,4.503123671611203e-10,1.0000000028529137,3
319,01:59:00,1.2642366193330838e-10,9.021813950086633e-12,3.928898308323405e-12,1.448186593220362e-12,3.1035264039987366e-12,2.2958166948916075e-08,1.0000000027965803,1
320,01:59:30,4.0580435539387465e-11,5.577799790193005e-12,3.499892994391279e-12,9.324899811927498e-13,1.899379674959722e-12,1.0082895294853026e-08,1.0000000027408904,1
321,02:00:00,4.156883552466299e-11,7.334862288915844e-12,2.4976177725117017e-12,9.283090687314995e-13,2.6150824069207944e-12,8.241813323651165e-09,1.000000002685834,1
322,02:00:30,3.457875950389696e-11,4.770213851431737e-12,1.5559977214850244e-12,4.537745483253169e-13,9.488417878923492e-13,2.9900413386543975e-09,1.0000000026314102,1
323,02:01:00,3.3732677622389366e-10,1.0324427863357469e-11,3.8911264046357e-12,7.81219807274081e-13,1.274003193149485e-12,9.531791333968342e-09,1.000000002577607,2
324,02:01:30,6.014523481538499e-11,7.525876862568597e-12,3.0199598136522423e-12,6.0772995444988e-13,1.4871343864536657e-12,2.5919287099839742e-09,1.0000000025244173,2
325,02:02:00,7.63156299210995e-11,8.539602582879145e-12,2.9357115231749353e-12,7.666117714983033e-13,1.3138565463676143e-12,8.329140302465448e-10,1.000000002471836,2
326,02:02:30,7.084520244337392e-11,1.038247338254915e-11,1.902228605834424e-12,6.684403765680691e-13,1.1603562452585688e-12,1.0492677063157142e-09,1.000000002419858,2
327,02:03:00,9.277241191112648e-11,8.362240672395954e-12,2.229534639867279e-12,8.933639814102642e-13,3.510622254043636e-12,3.1153521899327916e-10,1.000000002368475,2
328,02:03:30,1.7516586131166654e-10,1.4048400699470637e-11,4.40416251067972e-12,8.389962598029568e-13,2.9365612363728756e-12,1.5611231462140825e-09,1.00000000231768,2
329,02:04:00,1.8788023373440525e-10,6.967552427650107e-12,2.6635864182482747e-12,6.189240159938891e-13,1.6224140189756e-12,4.556541890681281e-10,1.0000000022674702,2
330,02:04:30,1.6042816230396845e-10,1.5310072838825283e-11,4.3012504316319726e-12,1.0088033744381982e-12,2.9153842006718387e-12,9.947872769784357e-10,1.000000002217837,2
331,02:05:00,6.318317698824831e-11,5.175203691075806e-12,2.158213225285829e-12,7.142295590835688e-13,2.1521321250936508e-12,1.7383647711517525e-10,1.0000000021687725,2
332,02:05:30,2.455113052807218e-10,8.461442564608869e-12,3.407977088697616e-12,8.053696140193814e-13,2.5134137695470243e-12,2.464774428545311e-09,1.000000002120274,2
333,02:06:00,1.9271102712907262e-10,7.46683129376012e-12,2.084366460625795e-12,5.873718444751042e-13,1.5633744792718109e-12,3.0177910570784183e-10,1.000000002072335,2
334,02:06:30,1.9352647299797124e-10,9.768484526897923e-12,2.5842331409286895e-12,7.83061728528385e-13,1.7553977451099129e-12,5.778430153358113e-10,1.0000000020249489,2
335,02:07:00,4.3127614314234453e-11,9.355418862456045e-12,2.7263613057866345e-12,8.116008490429011e-13,1.888999090096802e-12,2.7000962011971495e-10,1.0000000019781106,2
336,02:07:30,1.0362484181752519e-10,7.830958439615338e-12,2.501750280541535e-12,1.6117197730031834e-12,3.5664879441759454e-12,2.0898222246946262e-10,1.0000000019318154,2
337,02:08:00,6.17916164993485e-11,7.1001316127938936e-12,3.6493108259261244e-12,1.4376355176387945e-12,7.00975987187878e-12,2.4565946139235583e-10,1.0000000018860544,2
338,02:08:30,1.8473902773177025e-10,1.1301431259333072e-11,2.760250073350536e-12,8.4123411173164e-13,2.5397260293151204e-12,2.8498684878674963e-10,1.000000001840826,2
339,02:09:00,1.0268211784017398e-10,1.061445673571989e-11,2.9971213221714846e-12,9.2240367779765e-13,2.2483695399360588e-12,6.300997629125839e-10,1.0000000017961246,2
340,02:09:30,1.4025487284289852e-10,1.3434072123822468e-11,2.150858346604537e-12,1.3930180076704651e-12,2.7051737981813982e-12,2.0247719230562547e-10,1.0000000017519433,2
341,02:10:00,1.2070769459092389e-10,1.2993042733891138e-11,4.163452057629737e-12,8.990992702562316e-13,2.83765346840988e-12,3.833263662123742e-10,1.0000000017082784,2
342,02:10:30,1.0412379525305538e-10,8.455844028402384e-12,4.401876376494511e-12,7.513041282676385e-13,1.110920620192602e-12,7.167660564086224e-10,1.0000000016651227,2
343,02:11:00,1.100395816935228e-10,1.4855836490000554e-11,4.282018274447257e-12,6.754898800862889e-13,2.1467959189756785e-12,3.189801668641255e-10,1.000000001622474,2
344,02:11:30,1.6908773596724785e-10,8.337584720448873e-12,2.288847897840077e-12,6.429327719703025e-13,1.6975133093638239e-12,1.2276011022527424e-09,1.000000001580325,2
345,02:12:00,1.1508605005741415e-10,1.0610483057309419e-11,2.486159804336823e-12,5.693703686553649e-13,1.7313324610422588e-12,3.1716842532825734e-10,1.0000000015386723,2
346,02:12:30,1.6225724631262417e-10,8.313590947945556e-12,2.7151200134196332e-12,5.866256333970807e-13,1.7253441744085388e-12,4.132500978781177e-10,1.0000000014975117,2
347,02:13:00,1.1044722484031648e-10,9.612901577906057e-12,2.362443400487333e-12,2.2824340048821746e-12,8.725297701853608e-12,1.8352633644441614e-10,1.0000000014568358,2
348,02:13:30,9.666380015231712e-11,1.4208215421328354e-11,3.3372649098121686e-12,1.0297172684675251e-12,3.5155374902401072e-12,3.7507862052753125e-10,1.0000000014166428,2
349,02:14:00,2.731922441350203e-10,8.267008747987306e-12,2.396234299886011e-12,5.567186221997005e-13,1.277550026360103e-12,4.3174515347720677e-10,1.0000000013769264,3
350,02:14:30,9.31176551258034e-11,1.1725099137433924e-11,7.141472540605746e-12,9.424527550869134e-13,2.913694197521955e-12,1.270181942989401e-08,1.0000000013376833,1
351,02:15:00,8.134824712437282e-11,9.854524145774162e-12,2.9424227863699956e-12,7.179200577520456e-13,1.744712113013223e-12,3.963545466506113e-09,1.0000000012989083,1
352,02:15:30,1.886871329821035e-10,8.791414076592899e-12,2.7052107175859834e-12,1.5798438026721646e-12,4.638659127046524e-12,3.972009795639565e-09,1.0000000012606003,2
353,02:16:00,5.3899590353805406e-11,6.098631493478138e-12,1.7735248782342957e-12,6.067507385714898e-13,1.0108846926764493e-12,2.6790243953181853e-09,1.0000000012227497,2
354,02:16:30,1.0629131276830691e-10,1.0439888196832566e-11,2.632399802148904e-12,1.1925382024856334e-12,3.880441639889339e-12,3.3262108903834415e-10,1.000000001185355,2
355,02:17:00,1.773072517708731e-10,8.780409700217505e-12,4.3098426513394046e-12,1.5485526356882895e-12,4.1171554529503024e-12,4.445381508677806e-10,1.0000000011484151,2
356,02:17:30,1.4453318030930298e-10,1.130844051020499e-11,3.1947963978463913e-12,8.127614365548582e-13,2.1684535143238066e-12,1.2071027407687408e-08,1.00000000111192,2
357,02:18:00,1.1789207479730043e-10,7.389763050111088e-12,4.178379146214654e-12,6.318317155276411e-13,2.01691154944776e-12,1.5481579691476187e-09,1.000000001075869,2
358,02:18:30,8.65429837568783e-11,6.437002984414498e-12,1.826187097424706e-12,8.913279078123798e-13,2.433072493813132e-12,3.997231773784501e-10,1.0000000010402592,2
359,02:19:00,9.477882707360648e-11,1.176533376536337e-11,3.2506528273311498e-12,1.2660547361989945e-12,4.658042552096998e-12,1.0430609667103595e-09,1.0000000010050842,2
360,02:19:30,7.265827756394596e-11,5.533706165255614e-12,2.0993132224118073e-12,1.1332965452480585e-12,2.4966244632877906e-12,3.1956092623200205e-10,1.000000000970341,2
361,02:20:00,2.4744215105701863e-10,1.3414430619992408e-11,2.637739987690139e-12,1.0245583594580416e-12,2.4082495364461336e-12,6.471025088575025e-10,1.0000000009360295,2
362,02:20:30,2.1743083479606076e-10,9.098859576317333e-12,3.5446017767994703e-12,1.897580875373508e-12,5.6464785266713555e-12,3.4432356978360974e-10,1.0000000009021404,2
363,02:21:00,1.2802343055151398e-10,1.0784029901678284e-11,1.860929552393948e-12,4.990367277107785e-13,1.8740975975169574e-12,1.5925275902731362e-09,1.0000000008686725,2
364,02:21:30,1.683940361892349e-10,7.850849139836813e-12,2.062793958014556e-12,1.083498605576653e-12,3.3319181158223297e-12,1.9658742038907066e-10,1.000000000835621,2
365,02:22:00,9.897431603695377e-11,1.1400699364169978e-11,3.658641528142603e-12,1.026975708997066e-12,4.700624777023296e-12,3.207623970712156e-10,1.000000000802985,2
366,02:22:30,1.5594844548277103e-10,1.3645206845229213e-11,2.3095306913088114e-12,6.252422654677372e-13,2.028571046752977e-12,3.557342854489807e-10,1.0000000007707601,2
367,02:23:00,1.546210324809919e-10,1.5331625094727216e-11,3.3747503892751427e-12,6.781043458977046e-13,1.7987623139073168e-12,3.2327943618180366e-09,1.0000000007389422,2
368,02:23:30,2.569067959937879e-10,1.1298579353319603e-11,2.063420025535211e-12,5.985830097333409e-13,8.303814645438805e-13,2.5745353272522535e-10,1.0000000007075278,2
369,02:24:00,1.3295624686355173e-10,1.104731625828471e-11,2.1119014469768616e-12,5.363124366601735e-13,1.0520286094114834e-12,3.265476133139634e-10,1.0000000006765146,2
370,02:24:30,1.3424079325326635e-10,6.702207612170245e-12,3.215973459962723e-12,6.792175218739512e-13,1.4174010729340144e-12,8.245006621971658e-10,1.0000000006458984,1
371,02:25:00,1.5825385258754367e-10,1.0250638178874214e-11,3.890731293538006e-12,7.491352237938659e-13,1.922246872864704e-12,3.822560847130708e-09,1.000000000615677,1
372,02:25:30,7.850678382917997e-11,1.1076085280282367e-11,2.0174807793198854e-12,1.136131049213373e-12,4.243441675006957e-12,5.967699555945953e-10,1.000000000585847,2
373,02:26:00,1.4517090021635046e-10,1.5332832523058154e-11,2.5322716588185186e-12,1.4345571624181011e-12,6.678084378647855e-12,3.7960253369890785e-10,1.0000000005564051,2
374,02:26:30,2.1998089484920064e-10,1.1241980073976698e-11,3.6972948860650536e-12,8.152690247372163e-13,2.308268255591367e-12,1.271077232747098e-09,1.0000000005273477,2
375,02:27:00,5.351302335673746e-11,1.0078537479104983e-11,2.5877835333904513e-12,6.069137155912834e-13,9.951120829697285e-13,1.9883149578430636e-09,1.0000000004986722,2
376,02:27:30,1.1919861769407992e-10,9.223009493587574e-12,1.9576765635493826e-12,1.3515810955439637e-12,1.9199942557456618e-12,2.713119892923278e-10,1.0000000004703766,2
377,02:28:00,1.0073023979246243e-10,9.791532750408269e-12,3.030169873060239e-12,9.441242499196727e-13,1.440387017030583e-12,3.5050949564666985e-09,1.0000000004424574,2
378,02:28:30,1.2998377992625996e-10,1.3409077751070087e-11,2.270108674406469e-12,1.566935678330323e-12,6.875712477068538e-12,3.532389401806626e-10,1.0000000004149108,2
379,02:29:00,2.020843147702336e-10,1.1929703095882247e-11,7.487407397508996e-12,3.119863850505555e-12,5.585564996320572e-12,6.265754540052314e-09,1.0000000003877365,1
380,02:29:30,5.341733036455543e-11,6.157894239468631e-12,3.4804933240443662e-12,8.806255644854764e-13,1.6756885540577039e-12,3.794313234693412e-09,1.0000000003609293,1
381,02:30:00,7.503272789356795e-11,6.022500573352392e-12,3.155127976789651e-12,8.060931691263437e-13,1.6840355948942225e-12,1.0621918219306661e-08,1.0000000003344862,1
382,02:30:30,7.346720365362569e-11,4.5990913851757484e-11,5.803240232588886e-11,6.070708257759349e-11,5.313174470490735e-11,1.2034411500713391e-08,1.0000000003084097,1
383,02:31:00,4.340361111953237e-11,7.569216064261625e-12,2.9758454127427632e-12,8.724195513388914e-13,1.6452701633278424e-12,2.8957372345848583e-09,1.0000000002826905,1
384,02:31:30,4.659394321448107e-11,7.535106328711755e-12,2.501130137283251e-12,6.367907149247343e-13,1.2584784863570976e-12,1.0797222449213242e-08,1.0000000002573264,1
385,02:32:00,9.850981242493223e-11,7.167219386077547e-12,2.6381173833105743e-12,7.364134777086343e-13,2.174973769179992e-12,1.1457207926482434e-08,1.0000000002323224,1
386,02:32:30,1.4447785100462847e-10,8.917423626553398e-12,3.92809073319956e-12,1.1993425540169125e-12,2.7447404717052764e-12,5.393068524496041e-09,1.0000000002076672,1
387,02:33:00,3.9217279349302806e-11,3.676507394806787e-12,2.4736055581646203e-12,5.058945893273301e-13,1.082479698114253e-12,2.9062392822599474e-09,1.000000000183361,2
388,02:33:30,1.107866376602295e-10,9.238772244988669e-12,4.279605350768426e-12,1.569905563971152e-12,4.6903400470968525e-12,3.0746868195646132e-09,1.0000000001594072,2
389,02:34:00,8.784525871602801e-11,6.134083186403439e-12,1.9727876624264108e-12,7.026270008458971e-13,1.2624993747282247e-12,1.8722039577032702e-09,1.000000000135794,2
390,02:34:30,9.276247532801144e-11,5.577467693068599e-12,2.452667060774734e-12,1.2092989144106609e-12,4.236982871592296e-12,2.710376491645357e-10,1.0000000001125249,2
391,02:35:00,4.135531174602657e-11,5.013683348831954e-12,2.047501102717978e-12,6.907246523433093e-13,1.4218521282017577e-12,2.9416229587774356e-10,1.0000000000895992,2
392,02:35:30,1.249092314807821e-10,1.1226215309465566e-11,3.721537124522316e-12,1.4801567458297354e-12,3.993014236797404e-12,1.7556488925340085e-09,1.00000000006701,2
393,02:36:00,1.0113811659780604e-10,5.985552592364567e-12,2.0872239050249036e-12,1.6190191113277007e-12,3.950133120315783e-12,5.728881670317393e-09,1.0000000000447569,2
394,02:36:30,4.748467995997732e-11,5.0554210925007124e-12,2.648154836302505e-12,8.089910811660041e-13,2.610401246217241e-12,1.2194226238083628e-08,1.000000000022841,2
395,02:37:00,3.759984371182067e-11,6.14498203543148e-12,3.2600981641438106e-12,7.966912975104518e-13,2.3372553311261915e-12,3.64413322306171e-09,1.0000000000012537,2
396,02:37:30,5.131958703658367e-11,6.408061130154645e-12,2.3761725881384076e-12,1.1044243241301698e-12,3.2159336934959803e-12,3.6671180279568657e-09,0.9999999999799969,2
397,02:38:00,6.579564613961157e-11,7.343366302926126e-12,1.9974698662952863e-12,9.583136344680037e-13,3.5487889436734356e-12,3.334433499643515e-09,0.9999999999590713,2
398,02:38:30,1.1965395234274314e-10,5.5595765535822834e-12,3.4846937731573897e-12,8.486851566967842e-13,2.9279303107281777e-12,2.2189823813575874e-09,0.9999999999384679,2
399,02:39:00,5.08523971378516e-11,8.103435733774268e-12,2.7629287031612584e-12,6.959053064692079e-13,1.344394092771743e-12,2.6149853426542975e-09,0.9999999999181882,2
400,02:39:30,1.4329877768795818e-10,6.488857716580888e-12,2.3642912173764524e-12,1.1696180286889302e-12,5.050906760968552e-12,4.270843695697847e-09,0.999999999898231,2
401,02:40:00,6.457146290402817e-11,5.655628751576551e-12,1.749783725938574e-12,8.370761742392513e-13,1.9264643850461396e-12,2.9859452490060556e-10,0.9999999998785924,2
402,02:40:30,1.1825118570997756e-10,7.634630671735033e-12,2.4049845322909496e-12,1.471648855742249e-12,5.3599821063608775e-12,1.9721919180921466e-10,0.9999999998592747,2
403,02:41:00,1.5764219921384909e-10,9.282817887522595e-12,4.39996955069286e-12,1.017973766002401e-12,4.253390048744285e-12,2.1139641680713564e-10,0.9999999998402747,2
404,02:41:30,9.46521340609515e-11,8.15167822202283e-12,2.2186819491207437e-12,1.1861626113623237e-12,3.249651294104159e-12,7.384989127288511e-10,0.9999999998215857,2
405,02:42:00,2.778686013289413e-10,1.2931308832563983e-11,4.454730208945174e-12,1.3160690397174912e-12,4.935605669415953e-12,6.149722590297893e-10,0.9999999998032122,2
406,02:42:30,5.5213640252504136e-11,8.029529540500868e-12,3.70038315186233e-12,7.632776516617558e-13,2.3419149214902134e-12,1.7213880947966208e-09,0.9999999997851486,2
407,02:43:00,1.4333867361671295e-10,1.0789393296539606e-11,4.063911149721137e-12,1.490492746249379e-12,3.5645646578420056e-12,1.0487304062888876e-09,0.9999999997673938,2
408,02:43:30,1.3166046294597e-10,8.882725222751401e-12,2.5296500056947595e-12,6.303015265703407e-13,1.2306913357357579e-12,7.116862695663976e-10,0.9999999997499488,2
409,02:44:00,7.55029515159599e-11,1.1212254834342318e-11,1.4360862999348968e-12,8.271681758401445e-13,3.010211033092863e-12,1.6990278923770392e-10,0.9999999997328068,2
410,02:44:30,1.0722137993061843e-10,1.0144234189174148e-11,2.4849585919949054e-12,1.2765308865558799e-12,3.6275729806603333e-12,2.1070025515280883e-10,0.99999999971597,2
411,02:45:00,1.9289042176674824e-10,1.5214479355490435e-11,3.0923784287831934e-12,7.810312799744233e-13,1.7629611483689196e-12,2.310113606946762e-10,0.999999999699439,2
412,02:45:30,1.6363690467830918e-10,1.0342041374219561e-11,6.1811717636748136e-12,7.605782564534355e-13,2.572170888927565e-12,2.399725870257581e-10,0.9999999996832067,2
413,02:46:00,9.875933027720749e-11,9.391235760811792e-12,3.151784219473819e-12,1.0245642888451813e-12,2.1855960343277995e-12,1.9820865504071012e-10,0.9999999996672745,2
414,02:46:30,1.337608754117069e-10,1.023766824016662e-11,3.8927958619472585e-12,1.4733322198981162e-12,3.313720999487099e-12,3.7094516159635037e-10,0.9999999996516415,2
415,02:47:00,1.1133100204912416e-10,1.1445474677695277e-11,3.0096343265345202e-12,7.874034318627939e-13,1.8134019875722931e-12,2.703181764173756e-10,0.9999999996363051,2
416,02:47:30,1.2532249671512533e-10,8.907392137976552e-12,2.074566956013074e-12,9.719168445496897e-13,1.5496301647258065e-12,4.940697188171613e-10,0.999999999621264,2
417,02:48:00,1.0631191040045934e-10,1.0576258237514419e-11,3.3554173249790187e-12,1.0030043255440814e-12,1.5959172871993196e-12,7.998350846775606e-10,0.999999999606516,2
418,02:48:30,5.303151773321337e-11,8.87074104359849e-12,3.967360187421526e-12,6.629074950738333e-13,2.0019402644414446e-12,5.455734372318453e-10,0.9999999995920639,4
419,02:49:00,1.535990884551977e-10,5.708943053286604e-12,2.710662792686731e-12,1.0686037744099778e-12,1.6058979115552336e-12,1.9231447303271985e-09,0.9999999995779015,4
420,02:49:30,1.1430368921141268e-10,1.003048549229716e-11,2.503197971381933e-12,8.681080328512422e-13,1.977151277436439e-12,3.6932407331433245e-09,0.9999999995640284,4
421,02:50:00,7.474374542903306e-11,7.441620041328185e-12,3.016918844715772e-12,6.725274586681058e-13,1.3556344761360103e-12,4.278310026379803e-09,0.9999999995504464,4
422,02:50:30,5.6575643269519644e-11,7.518683106765671e-12,1.7992861075376563e-12,6.577116729835112e-13,2.1217164326516973e-12,1.384774484954582e-08,0.9999999995371512,4
423,02:51:00,3.2976135021207086e-11,4.554909033803443e-12,1.1483316409695733e-12,4.3766324891087746e-13,1.006741194028632e-12,6.409915095358825e-09,0.9999999995241418,4
424,02:51:30,3.004595761249337e-11,4.134034688107769e-12,2.12952700626872e-12,5.361860091498488e-13,1.0181157997500623e-12,9.569196097524937e-09,0.999999999511418,4
425,02:52:00,4.4532898628091124e-11,5.490527730507746e-12,1.0448614377118552e-12,2.8585381679285616e-13,5.341834406670654e-13,4.829040064849722e-08,0.9999999994989778,4
426,02:52:30,2.5153258298521872e-11,5.04020209092459e-12,2.831154126170341e-12,4.694242406388113e-13,9.740507007658441e-13,8.876080667343835e-09,0.9999999994868206,4
427,02:53:00,1.8022595431927836e-11,3.466328261448233e-12,1.696684462918864e-12,4.699692429033445e-13,8.702315339211639e-13,9.09781137447546e-09,0.9999999994749464,4
428,02:53:30,3.1541270355390245e-11,3.103824149202542e-12,7.318236964095926e-13,4.0123714663557674e-13,6.93991324937548e-13,7.602464826274523e-08,0.9999999994633522,4
429,02:54:00,3.253982108323755e-11,4.1687438881550916e-12,1.3726239042176781e-12,4.2435363525864653e-13,1.0001185813846888e-12,4.758978732632592e-08,0.9999999994520383,4
430,02:54:30,2.82039702470824e-11,4.6323427615786735e-12,2.5145355683046702e-12,6.702035844696292e-13,1.68399604573222e-12,5.25153833210665e-09,0.9999999994410027,4
431,02:55:00,2.864431719651176e-11,4.3245920456850776e-12,6.483564555265757e-13,2.5231477507494243e-13,3.9527711253600756e-13,3.6159164318208446e-09,0.9999999994302456,4
432,02:55:30,1.4200827497944344e-11,4.011648357174859e-12,2.5726022801133885e-12,8.770514678800916e-13,2.180348106628082e-12,4.024642253490985e-09,0.999999999419764,4
433,02:56:00,1.8871881405921937e-11,2.9639237842283774e-12,6.155528191294454e-13,2.610345797110263e-13,5.039883006023605e-13,1.1473965480278775e-08,0.9999999994095589,4
434,02:56:30,1.818787704776835e-11,2.8861510956496593e-12,1.4739689394091525e-12,4.0529355006710004e-13,7.872992533720027e-13,6.847620619717412e-09,0.9999999993996291,4
435,02:57:00,2.1128511214606845e-11,2.8644379861741033e-12,1.0755001080113558e-12,3.2705239034018635e-13,7.278794503575612e-13,2.0170930974689298e-09,0.999999999389973,4
436,02:57:30,4.5683151485996037e-11,6.660211645831825e-12,2.3334966851309133e-12,6.501370019252186e-13,1.4789974252427084e-12,1.5026837433212153e-09,0.9999999993805911,4
437,02:58:00,2.4530018128780165e-11,3.739622260459233e-12,1.3402175341569666e-12,4.207914385255483e-13,8.398929032044184e-13,1.8697546022260602e-08,0.9999999993714807,4
438,02:58:30,3.832260161893e-11,4.041716871725273e-12,1.2472194177483805e-12,3.8921855673655073e-13,6.350629763115475e-13,9.024021956644407e-08,0.9999999993626415,4
439,02:59:00,1.704490729091116e-10,2.940952057981216e-12,8.368223918494282e-13,2.6567045296782405e-13,4.587199193217441e-13,1.0881327041308443e-07,0.999999999354072,4
440,02:59:30,1.900519587240627e-11,3.431428997678703e-12,1.7417083717654628e-12,5.748113971774808e-13,1.708636559222123e-12,6.845286628293057e-08,0.9999999993457734,4
441,03:00:00,4.417758444640657e-11,3.138454605745471e-12,8.715337021854212e-13,3.577180720772853e-13,5.082059619968979e-13,3.004177995714491e-08,0.9999999993377441,4
442,03:00:30,1.871533762270296e-11,4.5041702423239456e-12,7.759160995165544e-13,3.056667547898963e-13,5.094735342421141e-13,1.3567546249300058e-08,0.9999999993299842,4
443,03:01:00,2.873869893848441e-11,3.029653902859768e-12,9.189564368966496e-13,3.042004044778358e-13,4.857900190900244e-13,6.606658786665134e-08,0.9999999993224912,4
444,03:01:30,1.4355188715834524e-11,4.474744385265343e-12,1.5377284003113998e-12,5.021986450903308e-13,1.0291497572152305e-12,4.722683158572975e-09,0.9999999993152642,4
445,03:02:00,2.0868681707775707e-11,2.6297759722450235e-12,8.223890350433751e-13,3.1335466069573126e-13,5.137307527264437e-13,2.098962400948226e-08,0.9999999993083065,4
446,03:02:30,1.388915761243972e-11,4.494761186561481e-12,2.567604825218752e-12,6.119725642694306e-13,1.4288706366276396e-12,1.865701515547782e-08,0.9999999993016141,4
447,03:03:00,1.280676198944716e-10,4.221991461424423e-12,8.753714096499698e-13,2.6377523115505173e-13,4.026792985688921e-13,5.734156472269918e-09,0.999999999295186,4
448,03:03:30,1.8850947179046797e-11,2.420276222112824e-12,8.573908153470608e-13,3.167570722824769e-13,6.067746097486833e-13,4.705662194232339e-08,0.9999999992890224,4
449,03:04:00,1.309434779727675e-11,6.248602185691863e-12,3.988209313847324e-12,8.07320828486282e-13,2.1064646420988537e-12,5.597201453834912e-09,0.9999999992831233,4
450,03:04:30,2.3906235797225565e-11,3.128111938867582e-12,3.1597540016380547e-12,7.308057021882525e-13,1.3306012669408802e-12,3.120202394210737e-08,0.9999999992774874,4
451,03:05:00,7.573001205126859e-12,7.34880374784276e-12,4.392959802697088e-12,1.0233488347515676e-12,2.513995178671626e-12,6.0983657864918025e-09,0.9999999992721152,0
452,03:05:30,7.561156385217796e-12,4.98938741873898e-12,2.65409367814765e-12,8.815364311731916e-13,2.329466345248952e-12,1.1952351417820559e-08,0.9999999992670054,1
453,03:06:00,1.087112220043452e-11,5.306503918428665e-12,3.0693363315105777e-12,1.0585415431863856e-12,2.4705704637458155e-12,1.8190850652617714e-09,0.9999999992621578,1
454,03:06:30,5.1629937075929735e-11,4.124697172620633e-12,2.3918386854414824e-12,7.193971093887857e-13,1.2858873620025221e-12,2.1448205694243248e-09,0.9999999992575735,1
455,03:07:00,1.4885267261086553e-11,2.8465593153035804e-12,2.279523439570367e-12,7.595948315769859e-13,1.5349652127130624e-12,9.527265174306802e-09,0.9999999992532492,1
456,03:07:30,2.5086375089058816e-11,3.418403332692867e-12,1.6327987144810202e-12,5.749641780943041e-13,1.0954735866111349e-12,2.865799760016562e-09,0.9999999992491851,1
457,03:08:00,7.097716149986553e-11,4.063314218329363e-12,5.627628543045219e-12,1.7770030095648951e-12,3.6037911271304257e-12,1.048248557943471e-08,0.999999999245385,0
458,03:08:30,6.428929310554008e-11,3.732868652014004e-12,3.803763639350832e-12,1.1689104846697462e-12,1.3598256270532422e-12,6.753432782331029e-08,0.999999999241842,0
459,03:09:00,8.082339060080844e-12,2.4018040506356795e-12,2.5294632778918298e-12,8.875707120938154e-13,1.320081646481359e-12,1.3351585546760295e-08,0.9999999992385602,1
460,03:09:30,1.1485115218668906e-11,4.7099681487273924e-12,4.932570057402276e-12,9.806805129907977e-13,2.0353064229372205e-12,1.9241377359509236e-08,0.9999999992355387,0
461,03:10:00,1.914696879288804e-11,2.290212266744676e-12,1.5670293472106479e-12,5.922255440299188e-13,1.2067813831588742e-12,6.5747369655599835e-09,0.9999999992327748,1
462,03:10:30,7.286346597603174e-11,6.101758763153722e-12,2.838711618838369e-12,1.083999676656052e-12,2.823414738416773e-12,8.526734747638836e-09,0.9999999992302713,1
463,03:11:00,3.382219616824766e-11,6.341987499281106e-12,3.2537784392161318e-12,5.671501020325063e-13,1.6267787381512877e-12,3.149630135098981e-09,0.9999999992280308,2
464,03:11:30,2.853893315450822e-11,4.302450616316001e-12,1.4937840652430493e-12,9.183009299113154e-13,3.0058195715641817e-12,5.679477249052448e-10,0.9999999992260438,2
465,03:12:00,2.6288612166417347e-11,4.354453235290085e-12,2.939441384430171e-12,7.665838830826256e-13,1.855687359942448e-12,3.990851944259023e-10,0.9999999992243176,2
466,03:12:30,1.1974725242229968e-10,5.635968399186374e-12,5.108707839561512e-12,1.1695092982094094e-12,4.270420207780406e-12,1.740167268741484e-10,0.9999999992228479,2
467,03:13:00,3.499963148359249e-11,3.2690969090505253e-12,1.4654895102505007e-12,7.075641774395551e-13,1.3309858580704977e-12,1.994965132409683e-09,0.9999999992216371,2
468,03:13:30,3.916320035346933e-11,6.3491301891219616e-12,1.5834315444455663e-12,1.348464381942905e-12,5.321921351543056e-12,9.792451101710086e-11,0.9999999992206857,2
469,03:14:00,4.3631570368058476e-11,4.70177733522098e-12,3.697723094207047e-12,7.672475222986383e-13,1.9413977504389046e-12,1.762525603370538e-09,0.9999999992199934,2
470,03:14:30,6.399144479025347e-11,4.300038162859648e-12,1.74420867263491e-12,1.0456625043248026e-12,2.5032336702283405e-12,7.760090945437583e-10,0.9999999992195562,2
471,03:15:00,3.161330422965058e-11,3.977613715264786e-12,3.289160312949478e-12,9.801027460874686e-13,4.179075354917292e-12,6.496516708146689e-11,0.9999999992193794,2
472,03:15:30,5.212854236018986e-11,6.435365771772674e-12,1.9967910744963353e-12,6.295097691941926e-13,1.400483627229042e-12,1.5063554305895942e-10,0.9999999992194624,2
473,03:16:00,4.803641281380374e-11,7.405383182700972e-12,1.660059332723865e-12,1.0530326624274576e-12,2.4787984145758806e-12,8.479057227329044e-11,0.9999999992197989,2
474,03:16:30,3.471866763663842e-11,6.164569699255629e-12,1.976874026831774e-12,1.875261810320395e-12,5.553487303382895e-12,8.85661129721394e-11,0.9999999992203956,2
475,03:17:00,5.2452558864499383e-11,6.01802808995649e-12,2.0229445614152117e-12,8.635546167405432e-13,4.49976047942275e-12,7.37920029407753e-11,0.9999999992212533,2
476,03:17:30,8.897981499394389e-11,9.796511208910107e-12,2.9486574347543483e-12,1.2367024241793186e-12,3.404347759187367e-12,1.0630318761076196e-10,0.9999999992223652,2
477,03:18:00,9.212665791985958e-11,7.745270530780765e-12,2.7536656389512955e-12,1.376391836507822e-12,6.92870731295405e-12,2.0735189555422076e-10,0.9999999992237378,2
478,03:18:30,4.713203790603189e-11,7.414322100129622e-12,2.8123056776085796e-12,4.4338447787897166e-13,1.200398767214958e-12,5.956323392497756e-09,0.9999999992253694,2
479,03:19:00,6.934180580449657e-11,6.25702854059122e-12,2.5484075195993206e-12,6.350212336195234e-13,1.4092174753826955e-12,1.4915852202956133e-10,0.9999999992272568,2
480,03:19:30,1.1390624027125836e-10,9.527113283101268e-12,5.2951121606239965e-12,1.1632066244733684e-12,5.641735913683355e-12,2.4369721231667688e-09,0.9999999992294055,2
481,03:20:00,8.390985394204113e-11,8.982820441590054e-12,2.5261277639042237e-12,5.441269280386529e-13,1.3343322613569155e-12,3.852629466167531e-10,0.9999999992318133,2
482,03:20:30,5.082223593804279e-11,5.256241599646747e-12,2.3141796599364953e-12,1.0514000981456226e-12,3.2220219152928165e-12,1.7193403958780753e-10,0.9999999992344781,2
483,03:21:00,6.737643310816636e-11,6.92169032589641e-12,2.385704966151577e-12,1.811200122920491e-12,5.5602533250439365e-12,1.1846435180833825e-10,0.9999999992374035,2
484,03:21:30,6.837062382468152e-11,9.589781169276065e-12,2.7765969689017297e-12,5.754823271340599e-13,2.209387724713516e-12,9.759215599512865e-10,0.9999999992405886,2
485,03:22:00,4.0976781134590945e-11,7.689525241843621e-12,2.538484410027723e-12,8.66799055953301e-13,3.2820839945217964e-12,1.585280832860806e-10,0.999999999244032,2
486,03:22:30,5.0913703422847e-11,7.1003532243392745e-12,2.2259185621936013e-12,7.118055317623243e-13,1.917572979753934e-12,1.1957168609439675e-10,0.9999999992477376,2
487,03:23:00,1.1095860150599451e-10,8.975300817651659e-12,3.482425182652042e-12,7.638012502445274e-13,2.773619657504283e-12,4.179580987715066e-09,0.999999999251703,2
488,03:23:30,6.951786873753842e-11,7.861202070640943e-12,1.3618041490312145e-12,6.313389013035409e-13,1.1255271481372132e-12,4.658432957949984e-10,0.9999999992559293,2
489,03:24:00,6.070276230220708e-11,9.324605215011385e-12,3.4549574138884834e-12,1.1858679268683103e-12,6.617893850429153e-12,3.2849491405803313e-10,0.9999999992604178,2
490,03:24:30,7.671902681388292e-11,7.476081689568305e-12,3.983658858607206e-12,1.5135087921109394e-12,5.979938950211677e-12,1.7254905967056089e-10,0.9999999992651666,2
491,03:25:00,1.4180810555866958e-10,6.798499578127811e-12,4.014056672362613e-12,5.745090272984089e-13,1.4137795822532376e-12,8.545171134242994e-09,0.9999999992701779,2
492,03:25:30,1.1304163176058169e-10,1.0514842005493482e-11,1.919533604530014e-12,8.358486348569657e-13,2.009347949832191e-12,1.4436921875995064e-10,0.9999999992754526,2
493,03:26:00,6.295153040042854e-11,6.249060147213638e-12,2.3859438094365528e-12,1.5235191213838564e-12,6.8118230490888154e-12,1.2478413092202662e-10,0.999999999280988,2
494,03:26:30,7.09920129591166e-11,9.42205509961767e-12,1.9144655879134694e-12,7.536769571994498e-13,3.636253783177248e-12,1.9299495700655963e-10,0.9999999992867883,2
495,03:27:00,1.1633454949192071e-10,8.441260147279615e-12,2.7895882043451804e-12,1.208320974896818e-12,4.6127523599726606e-12,1.7301918269529702e-10,0.9999999992928522,2
496,03:27:30,1.346497677547795e-10,6.869132088128894e-12,2.1711880293575776e-12,8.990934769496035e-13,3.453804651464361e-12,2.7325158607483253e-10,0.9999999992991839,2
497,03:28:00,7.789713965193443e-11,1.0237911412917147e-11,2.256085946987144e-12,7.62737830358698e-13,2.8908452219404698e-12,2.495369115918209e-10,0.9999999993057773,2
498,03:28:30,1.9081948630675431e-10,7.965034321259966e-12,2.1002577280787352e-12,7.707931547591155e-13,3.5745431566961636e-12,1.9761207229932036e-10,0.9999999993126373,2
499,03:29:00,1.9479083134576284e-10,1.3038975457415841e-11,2.835921838921365e-12,6.993165956241658e-13,2.188045214533885e-12,3.552318470848106e-10,0.9999999993197631,2
500,03:29:30,1.6576672339085834e-10,5.394625052764021e-12,2.1499516488327366e-12,8.594511960811446e-13,1.6691041853935755e-12,1.9708408687366017e-10,0.9999999993271554,2
501,03:30:00,2.3907624718414687e-10,8.360745217803632e-12,2.3015121810002894e-12,6.857754045444564e-13,2.2531016184276585e-12,3.182134676750574e-10,0.9999999993348158,2
502,03:30:30,1.553522848303562e-10,1.093043915809447e-11,3.050977120375035e-12,4.4350735266557264e-13,1.6762502879127232e-12,5.188574899113622e-10,0.9999999993427452,2
503,03:31:00,1.4998788496563052e-10,7.555316935875289e-12,1.93704699525369e-12,7.209068473093185e-13,2.8242096910631293e-12,2.6796843305843325e-10,0.9999999993509423,2
504,03:31:30,2.8731801081636566e-10,9.467003864277707e-12,2.759820063652219e-12,4.0971384478080167e-13,1.3542135332188142e-12,5.949702578575879e-10,0.9999999993594098,3
505,03:32:00,1.6788592426727953e-10,7.53417338373365e-12,2.9159610534109053e-12,5.368012885593408e-13,2.1901865287810923e-12,3.1787181768510523e-10,0.9999999993681489,3
506,03:32:30,2.916794882507794e-10,1.1217091325613577e-11,2.1742366423664662e-12,5.204964827281571e-13,1.605829618015606e-12,3.2382613452877884e-10,0.999999999377158,3
507,03:33:00,3.1556678159550123e-10,8.974827477777249e-12,2.093123444884746e-12,6.42740077131345e-13,2.5530689111592597e-12,3.748741274943039e-10,0.9999999993864389,3
508,03:33:30,1.587390464725152e-10,1.1019251020725886e-11,2.178860498404665e-12,6.035976034400537e-13,2.8743147888027364e-12,3.9314882385548677e-10,0.9999999993959947,2
509,03:34:00,2.1259579752043512e-10,1.0424328550307738e-11,3.646520813076812e-12,5.592442518510784e-13,1.9334231556151858e-12,4.1670309314971133e-10,0.9999999994058224,3
510,03:34:30,1.8030066631555544e-10,9.918348368212001e-12,2.2318189717993663e-12,2.852048332391773e-13,9.130338727067615e-13,3.8457271342762147e-10,0.9999999994159237,3
511,03:35:00,1.722139251240304e-10,9.592834483221333e-12,2.4016631646778186e-12,5.8373328693446e-13,2.4936334640385488e-12,2.336017447425797e-10,0.9999999994263019,3
512,03:35:30,2.241769806670697e-10,1.1199174853434352e-11,4.1435491388813225e-12,9.485535637232623e-13,3.6242350875026474e-12,4.667012542486114e-10,0.9999999994369556,2
513,03:36:00,1.3781030489583687e-10,8.421888991168138e-12,1.961700082391498e-12,1.0469038388703742e-12,3.3226623012846794e-12,3.435403161553273e-10,0.9999999994478863,2
514,03:36:30,1.693525055809332e-10,1.1703204021512616e-11,1.5357245932444503e-12,4.886690093598674e-13,1.5860195533739198e-12,4.495692634286536e-10,0.9999999994590997,2
515,03:37:00,2.140274464617114e-10,1.088748483221179e-11,2.1242340585888732e-12,5.320010609498051e-13,2.589338131574632e-12,2.970936844973263e-10,0.9999999994705896,3
516,03:37:30,2.7136670792625726e-10,9.474550679099515e-12,2.7073577958980948e-12,1.2068759985351679e-12,6.305779666119549e-12,3.7914517661184827e-10,0.9999999994823585,3
517,03:38:00,1.5458492457176344e-10,9.828529910231233e-12,2.2621916715465943e-12,4.570473287905406e-13,1.35307317244537e-12,3.5525881037652346e-10,0.9999999994944115,2
518,03:38:30,2.9280647306154743e-10,1.0799842147045965e-11,3.3705468831521935e-12,5.028895646830177e-13,2.501247550194733e-12,3.048789305683893e-10,0.9999999995067461,3
519,03:39:00,2.6955783715571847e-10,8.730430286578114e-12,2.447592303989066e-12,5.198860974933724e-13,1.932923248376876e-12,2.8802022011038793e-10,0.9999999995193634,3
520,03:39:30,2.631722070607551e-10,1.47225727111218e-11,2.7704311815199852e-12,5.780051038396176e-13,2.0657368126660216e-12,4.4584750317460483e-10,0.9999999995322663,2
521,03:40:00,3.8104606720871533e-10,9.40802201062808e-12,2.097275965187254e-12,2.8506714676410194e-13,8.340963858365672e-13,3.7038726389212885e-10,0.9999999995454557,3
522,03:40:30,1.8191294790844924e-10,1.1413400688532056e-11,1.8473149829853676e-12,6.666048519277288e-13,2.5812957623800385e-12,3.5990460474112463e-10,0.9999999995589308,2
523,03:41:00,3.680813341111049e-10,1.1586571562808194e-11,2.4197134395390014e-12,5.725125693228108e-13,1.7520438427874438e-12,3.0493872585605877e-10,0.9999999995726956,3
524,03:41:30,9.545876940661466e-11,8.734117410665344e-12,2.819730596591977e-12,8.209579623973152e-13,4.33105121556838e-12,3.248128958052279e-10,0.9999999995867509,2
525,03:42:00,3.8223530320812045e-10,9.662015651243614e-12,2.5282643606246944e-12,4.240094804424475e-13,1.5381586930880227e-12,3.1256844971474926e-10,0.9999999996010951,3
526,03:42:30,2.584012673222265e-10,1.1482218869250378e-11,3.165863084576315e-12,4.310174377791318e-13,1.5801216807831915e-12,5.710288996247723e-10,0.999999999615733,3
527,03:43:00,2.3273708069116121e-10,9.177743401911964e-12,1.9411137792281742e-12,5.116438989804019e-13,1.8092914162888799e-12,2.4016530034093656e-10,0.9999999996306644,3
528,03:43:30,2.342343828963249e-10,8.726339658448347e-12,2.6053253102644235e-12,2.9169297194616383e-13,9.897626646804008e-13,3.201443987768691e-10,0.9999999996458901,3
529,03:44:00,1.832049267676597e-10,1.1816817108590376e-11,2.702839476049078e-12,5.670190536198391e-13,2.1903642193204725e-12,4.4080883542861975e-10,0.9999999996614127,2
530,03:44:30,1.7525940990913272e-10,1.1210280996722505e-11,1.983294392632781e-12,1.1157012564087544e-12,4.392040027889642e-12,2.896150464573028e-10,0.9999999996772337,2
531,03:45:00,2.249263690043704e-10,1.1735030802073892e-11,2.3657442450898975e-12,6.649555334094964e-13,2.1461571446710208e-12,3.3502191088704034e-10,0.9999999996933534,2
532,03:45:30,2.9129912423150987e-10,8.734966660582827e-12,2.29864592194731e-12,4.3117375788491053e-13,1.286197065297298e-12,2.9365524641222944e-10,0.9999999997097764,3
533,03:46:00,2.2320400645468814e-10,1.0037408573009302e-11,2.4094041122202e-12,7.624036490616172e-13,2.127624636546062e-12,4.2964602756271187e-10,0.9999999997265002,2
534,03:46:30,3.9154279604513864e-10,1.3174007659141371e-11,3.156303964931946e-12,1.0078025127622945e-12,5.124470318924534e-12,6.376957073779539e-10,0.9999999997435255,3
535,03:47:00,1.674827855718978e-10,1.3725511155404056e-11,3.2292157167027526e-12,1.048136326216467e-12,2.299831883351998e-12,5.971431535859165e-09,0.9999999997608585,2
536,03:47:30,5.103249906456307e-11,7.446798813677515e-12,7.231055156887098e-12,1.0375820472834697e-12,1.6686262923656099e-12,4.355833774392626e-09,0.9999999997784986,0
537,03:48:00,1.603296207921997e-11,4.198043250203752e-12,3.919678958460429e-12,8.951443095873599e-13,1.6428806595512862e-12,1.2241477125156521e-08,0.9999999997964462,0
538,03:48:30,1.199288475856896e-10,6.139577030797447e-12,4.718043293804494e-12,1.6591923558648502e-12,3.0212377158725596e-12,1.6741927863472337e-08,0.9999999998147056,0
539,03:49:00,1.0997440771526867e-11,3.829377111461488e-12,2.2437910084501066e-12,8.741959037667214e-13,1.4754188417458344e-12,8.500389014671906e-09,0.9999999998332765,0
540,03:49:30,1.0696362497689511e-11,5.663885772744284e-12,1.9618694933473047e-12,8.504611644745535e-13,1.7324171134569883e-12,2.713226539261683e-09,0.9999999998521613,0
541,03:50:00,1.9268929515400737e-11,7.726068430396592e-12,2.8492838828753786e-12,1.0580969690662978e-12,2.4276601573369324e-12,2.1150737978172783e-08,0.9999999998713646,0
542,03:50:30,1.704919947139815e-11,5.224572970565361e-12,4.479212642725432e-12,9.491122472468966e-13,1.3246829373821438e-12,3.281674663936023e-08,0.9999999998908828,1
543,03:51:00,7.111052707254298e-11,8.33581868086738e-12,2.1978431681152676e-12,6.703708462946926e-13,1.5692691029325798e-12,7.626633865862648e-09,0.9999999999107217,1
544,03:51:30,4.2322677448176405e-11,6.759163420043066e-12,2.462175840405281e-12,7.528991635312844e-13,1.6523243393761794e-12,8.702256330315678e-09,0.9999999999308822,1
545,03:52:00,3.781744395103566e-11,1.0772287780076842e-11,2.4348618923752655e-12,5.95550683316085e-13,1.1378134957710898e-12,1.8666063914076505e-08,0.9999999999513638,1
546,03:52:30,1.0462886081952881e-10,6.634538047793793e-12,2.6962278950236028e-12,8.317476647840564e-13,1.5865672960780003e-12,2.3756097417280345e-08,0.9999999999721714,1
547,03:53:00,5.3285899008450544e-11,7.372675902763848e-12,3.2813600379620427e-12,6.969253152258532e-13,1.5744110288786753e-12,8.401985344878565e-09,0.9999999999933071,1
548,03:53:30,4.042353099789351e-11,4.5354390362714936e-12,1.4794209318629256e-12,4.589885935022599e-13,8.848255619348213e-13,2.474806015434517e-09,1.0000000000147713,1
549,03:54:00,3.584597411050515e-11,6.765509878782677e-12,3.65024809954562e-12,9.264157160200838e-13,2.3215101626095327e-12,9.811630708215444e-10,1.0000000000365665,1
550,03:54:30,3.201054896872512e-11,7.0466069552298634e-12,2.1263773156984184e-12,6.846922815272976e-13,1.3478736918423197e-12,5.1386371788696935e-09,1.0000000000586977,1
551,03:55:00,2.9323421911666726e-11,5.311485907733346e-12,2.744982526867255e-12,7.404467318653089e-13,2.1481815188393037e-12,6.453942277321968e-09,1.0000000000811609,1
552,03:55:30,4.4257971638779374e-11,6.885180156601551e-12,1.6384103683821362e-12,5.813565699135584e-13,2.0679153075513868e-12,6.200859156832069e-09,1.0000000001039644,1
553,03:56:00,5.159438623986769e-11,9.156252746631514e-12,2.0875961267950396e-12,4.973542844719036e-13,1.3961996534015055e-12,6.2270344850531635e-09,1.0000000001271054,2
554,03:56:30,4.4567470755643934e-11,5.054299996536678e-12,1.9775818834117245e-12,1.0495865598464476e-12,4.4930290083792396e-12,3.4619572025226617e-10,1.0000000001505889,2
555,03:57:00,6.242979900196924e-11,6.625201224533411e-12,3.3075580671405913e-12,5.966058433303985e-13,1.2145298280149412e-12,1.2264423947555904e-09,1.0000000001744187,2
556,03:57:30,7.786866223224185e-11,6.9009152498147e-12,2.353739206937914e-12,1.0506958167307586e-12,2.677160699384711e-12,6.133057486767578e-10,1.0000000001985958,2
557,03:58:00,8.846764269422887e-11,7.805958452957692e-12,2.4749410292866952e-12,9.548969497178502e-13,3.9290909784819295e-12,5.15477613027938e-10,1.0000000002231204,2
558,03:58:30,6.27945506798272e-11,1.0198704004963647e-11,2.2970102208251062e-12,5.709273053395868e-13,1.3627552534666255e-12,2.2342246978606086e-09,1.0000000002479967,2
559,03:59:00,7.296573879544703e-11,6.481214686471969e-12,2.5457907011518225e-12,9.893505251609326e-13,3.137509782332946e-12,4.254187468889329e-10,1.0000000002732286,2
560,03:59:30,6.183422161254244e-11,7.722187616775828e-12,2.54822419937298e-12,1.0801731971868515e-12,3.00809274876455e-12,2.555106204021674e-10,1.000000000298815,2
561,04:00:00,4.542368294881277e-11,7.141734183884728e-12,2.7364940035919244e-12,9.582670132298217e-13,4.773616278992242e-12,1.8304553608999046e-10,1.0000000003247609,2
562,04:00:30,3.3185181497354585e-10,9.965009690639906e-12,4.562321361128533e-12,8.775670831778736e-13,2.7303377639022434e-12,2.4192618052943574e-09,1.000000000351071,2
563,04:01:00,3.860588142519567e-11,7.712927024712158e-12,1.9495329764372616e-12,7.64613119821687e-13,1.467224781681678e-12,1.7234704648730248e-09,1.0000000003777425,2
564,04:01:30,5.554720498562899e-11,1.0479973727423243e-11,2.2575268528852167e-12,8.022621652351168e-13,2.602007475860854e-12,2.924382521368852e-09,1.000000000404782,2
565,04:02:00,1.351215973454977e-10,1.111640117820872e-11,4.1671759191228584e-12,1.1038842197554586e-12,2.894365707680821e-12,1.906968242631876e-10,1.0000000004321925,2
566,04:02:30,6.591077298821696e-11,7.22963759878659e-12,2.046783864039211e-12,7.55134096582733e-13,2.41430367462212e-12,6.181680327204173e-10,1.0000000004599718,2
567,04:03:00,1.3942413450927842e-10,7.783503326520707e-12,2.373212091981015e-12,7.029241106764221e-13,2.734468900195623e-12,9.791882464933126e-10,1.00000000048813,2
568,04:03:30,1.1083213965802427e-10,6.775393659403989e-12,2.4632663234101627e-12,8.190622667632265e-13,2.3526467191784073e-12,9.580837765600776e-10,1.000000000516666,2
569,04:04:00,3.3172573789253825e-11,6.685115067019076e-12,1.8931724246336966e-12,5.14061853969824e-13,9.72989813983309e-13,2.5507442477224956e-10,1.0000000005455807,2
570,04:04:30,7.237721136260015e-11,7.231527801132133e-12,3.060385267624196e-12,8.124908043342776e-13,1.9314184596791144e-12,5.159120329230382e-10,1.0000000005748815,2
571,04:05:00,7.819264354261823e-11,8.063655217706608e-12,4.712959347918525e-12,5.755556567711182e-13,2.2245369570611627e-12,1.4366057179255754e-09,1.0000000006045708,2
572,04:05:30,4.4496777752263015e-11,7.040543802347988e-12,1.8881073964995815e-12,1.8252408506958407e-12,5.905068715594646e-12,2.178212439592958e-10,1.0000000006346472,2
573,04:06:00,1.0914687266525237e-10,7.571761270698324e-12,2.073910491193912e-12,1.6818708391168055e-12,4.44765534683686e-12,4.6544559796120366e-10,1.0000000006651177,2
574,04:06:30,2.0464044535654875e-10,1.070043002192454e-11,3.5074619966043174e-12,8.154920516246983e-13,2.0015160112884594e-12,5.002541964696933e-10,1.0000000006959866,2
575,04:07:00,4.222227369659888e-11,6.827787247961529e-12,2.1737874879914066e-12,6.90366841729176e-13,2.6169188137845657e-12,1.1839411005304794e-10,1.0000000007272527,2
576,04:07:30,6.758218587782915e-11,6.621989083211491e-12,2.3042877056459955e-12,9.43959964955425e-13,4.3312558707079455e-12,1.2978767997365332e-10,1.0000000007589231,2
577,04:08:00,1.1671740508077872e-10,7.43378186895797e-12,3.1036638253376015e-12,7.394062988203795e-13,2.695712462764018e-12,4.4939288844457137e-10,1.0000000007909988,3
578,04:08:30,1.2751355405722875e-10,1.0894373105760428e-11,7.855197044606138e-12,1.0298082783465072e-12,3.5330785834822583e-12,1.748074040062989e-09,1.000000000823483,2
579,04:09:00,2.678155506298305e-10,1.251812269523329e-11,4.951277165002003e-12,7.660542901727144e-13,1.925351424853524e-12,2.303164313692848e-09,1.0000000008563825,2
580,04:09:30,3.7931881683067253e-11,7.67585186837921e-12,2.415149736054406e-12,1.0359083726850675e-12,2.888942889653762e-12,2.589456345722378e-10,1.0000000008896979,2
581,04:10:00,1.2991012618807546e-10,1.2323452489064752e-11,3.068093956508787e-12,7.162567813265762e-13,2.173013355536432e-12,7.383783173707324e-09,1.0000000009234316,2
582,04:10:30,9.235612237280784e-11,9.414294878541386e-12,2.27768013380212e-12,6.101979372810014e-13,1.6486088241135365e-12,2.3745065592990388e-09,1.0000000009575913,2
583,04:11:00,3.307774720280377e-11,7.539204133714395e-12,1.98295756768149e-12,5.966773173545439e-13,2.0322322237554714e-12,2.2996237418470872e-10,1.0000000009921781,2
584,04:11:30,1.0188300632653623e-10,9.176222620326172e-12,2.2604280160374084e-12,5.378564911369656e-13,1.5544351636114723e-12,1.810978899544482e-10,1.0000000010271939,2
585,04:12:00,4.93446292649726e-11,7.493352660563497e-12,2.177894681235428e-12,1.3244572112556548e-12,3.9946386220778145e-12,8.679138179573155e-11,1.0000000010626457,2
586,04:12:30,6.712424637657822e-11,9.837487088804303e-12,3.2398492797593664e-12,1.0135160953991167e-12,5.825362960808852e-12,1.5529903094227196e-10,1.0000000010985368,2
587,04:13:00,1.7411238011739917e-10,8.533451265973383e-12,3.3787903260130323e-12,1.1823837473189002e-12,2.327134989534609e-12,5.89897699437728e-10,1.000000001134868,2
588,04:13:30,1.3178129130971016e-10,8.366061215500715e-12,2.199648368093833e-12,8.04078390115465e-13,2.223876136328123e-12,8.912722086625593e-10,1.0000000011716474,2
589,04:14:00,9.080327460072953e-11,7.259439523621246e-12,1.9924012640849376e-12,6.731630897017483e-13,2.5314938272966564e-12,2.0991682860524543e-10,1.0000000012088752,2
590,04:14:30,6.448609809629112e-11,8.699215194656911e-12,2.3584262659675524e-12,8.7460955071873e-13,2.1976813094362962e-12,9.449084228958675e-10,1.000000001246559,2
591,04:15:00,1.305453230697887e-10,7.1955008505732385e-12,2.158381064429679e-12,1.5948059011594673e-12,4.62112561537189e-12,1.2895335722959168e-10,1.0000000012847017,2
592,04:15:30,5.5956264644902817e-11,8.418148696316971e-12,2.5662956523718536e-12,7.980407240703904e-13,2.8950429443200535e-12,1.6257425051356322e-10,1.0000000013233044,2
593,04:16:00,2.2444825337904518e-10,1.3033359422754627e-11,3.1653302260653855e-12,8.223276617456354e-13,2.4078717043848817e-12,4.619080648778447e-10,1.0000000013623773,2
594,04:16:30,7.094994004506485e-11,9.710978952786472e-12,3.2101803155063824e-12,1.5597934449202064e-12,2.9623650326088746e-12,6.065211421931768e-10,1.000000001401921,2
595,04:17:00,6.413541448419722e-11,1.1207173434270299e-11,2.9070048464618137e-12,6.351942721115943e-13,1.6460079771935485e-12,1.558011722825921e-09,1.000000001441941,2
596,04:17:30,8.378730344803393e-11,7.584064779578822e-12,3.5030810585883706e-12,1.0286546952006265e-12,5.108777903660091e-12,1.7422074204331086e-10,1.0000000014824417,2
597,04:18:00,1.5068703028099178e-10,1.2082981969689063e-11,3.0915431927124118e-12,1.17390495458009e-12,5.985697567075251e-12,1.5781264961916978e-10,1.0000000015234254,2
598,04:18:30,7.410828922555455e-11,1.1519340623323269e-11,2.8537399086949614e-12,1.2079557890794404e-12,5.4526446430456215e-12,2.3026423250178387e-10,1.0000000015649002,2
599,04:19:00,1.3824064449640715e-10,8.06168342963482e-12,3.154275089308036e-12,1.1322862140619218e-12,5.0798675774819914e-12,4.943165397124617e-10,1.00000000160687,2
600,04:19:30,5.891028029216324e-11,7.632374109005385e-12,1.7522179319929546e-12,3.3694500262993815e-13,8.292441624882647e-13,1.638986678110367e-10,1.0000000016493367,2
601,04:20:00,8.813570029198225e-11,9.314075045695856e-12,2.747793572075641e-12,1.2764747313440367e-12,4.259824365274546e-12,1.9837519513077603e-10,1.0000000016923094,2
602,04:20:30,1.4893606768605834e-10,9.310258444412515e-12,3.1735250100216587e-12,1.694569141449777e-12,8.920923703299612e-12,2.1544151368766647e-10,1.0000000017357902,2
603,04:21:00,9.834639988676414e-11,9.422046732547149e-12,3.673113631435242e-12,7.698495562494404e-13,3.644388236547913e-12,3.520839558205767e-10,1.0000000017797837,2
604,04:21:30,1.3051167364790343e-10,8.577697680339883e-12,2.0982339499057373e-12,4.554958690395148e-13,1.0917504141307239e-12,3.0282540710313073e-10,1.0000000018242967,2
605,04:22:00,9.739611402892468e-11,8.475145441389714e-12,2.5255385209734533e-12,1.0773673273280612e-12,4.177795363863692e-12,1.6289872416293115e-10,1.0000000018693356,2
606,04:22:30,2.4406370314836085e-10,1.3033956471827744e-11,2.4203425210088467e-12,8.345774022888415e-13,2.9722799288181994e-12,3.4791803110437534e-10,1.0000000019149016,2
607,04:23:00,1.0290883351315809e-10,8.154283451902856e-12,2.8865594319331066e-12,6.062315071797167e-13,1.7222188227912614e-12,7.447884991196939e-10,1.0000000019610025,2
608,04:23:30,4.7181701626664825e-11,8.67426183615239e-12,2.2028845915257186e-12,9.785753372403588e-13,2.058048350317827e-12,1.5033524562043414e-10,1.0000000020076456,2
609,04:24:00,4.60475377451433e-11,9.159357631111056e-12,2.4142309859933253e-12,9.860100391826723e-13,4.78914738300064e-12,2.1098707891112072e-10,1.0000000020548319,2
610,04:24:30,2.0717449664999326e-10,1.4312533157540146e-11,3.573552449018453e-12,7.632688963412156e-13,1.8325339911644795e-12,1.1034639232843154e-09,1.0000000021025706,2
611,04:25:00,1.6751750865339947e-10,8.377077201590199e-12,2.8662613331158752e-12,8.999511045932063e-13,2.038212760981889e-12,1.0114684891849201e-09,1.0000000021508684,2
612,04:25:30,5.4636499986922146e-11,9.5733232625595e-12,2.80673406149896e-12,6.365610251802115e-13,1.516038256247763e-12,6.035493676294726e-10,1.0000000021997262,2
613,04:26:00,1.4037928139961657e-10,1.1503014871750817e-11,5.058392746463785e-12,2.0301210591884883e-12,6.426190501231078e-12,8.199620359392151e-10,1.0000000022491549,2
614,04:26:30,8.599181360286635e-11,6.368531674958749e-12,2.0932224489356844e-12,4.944716786734251e-13,1.4755216081455804e-12,3.236804335294867e-10,1.0000000022991586,2
615,04:27:00,7.519031844242103e-11,1.3073547447922747e-11,3.165312100582779e-12,8.806013255397504e-13,3.768910549908314e-12,1.4247729781872638e-10,1.0000000023497415,2
616,04:27:30,4.8589182480278354e-11,9.530177783779538e-12,2.452492703876795e-12,1.76297491476057e-12,6.103908268841313e-12,1.2277550766266725e-10,1.0000000024009141,2
617,04:28:00,2.0579205647996118e-10,1.3710465572778015e-11,4.206159662273798e-12,5.708684652232446e-13,2.2419160460024966e-12,5.968837070779122e-10,1.0000000024526772,2
618,04:28:30,2.935707250111314e-11,1.085831026938885e-11,2.3560146362435123e-12,7.602073485265191e-13,3.40990590580384e-12,1.7062863925331238e-10,1.0000000025050413,2
619,04:29:00,9.651921853406786e-11,8.125826695055912e-12,1.958416523805557e-12,6.750562299674349e-13,2.818118311034431e-12,2.171663219216108e-10,1.000000002558012,2
620,04:29:30,2.2408814991049335e-10,1.0846668007584502e-11,3.734689716563534e-12,5.169731375058252e-13,1.5661459873595908e-12,7.048830179044889e-10,1.000000002611594,2
621,04:30:00,1.0055660642160046e-10,1.0561193264668697e-11,2.4673583698823737e-12,7.304657525777268e-13,1.6500393827725119e-12,2.0466029378714608e-10,1.000000002665797,2
622,04:30:30,1.625917426972978e-10,9.994693438205218e-12,2.1470776584722472e-12,9.909394790591432e-13,2.9336779305548184e-12,2.402359377107432e-10,1.0000000027206253,2
623,04:31:00,2.1320408997981873e-10,1.8024390558279253e-11,5.266626537621105e-12,8.554761089403375e-13,2.3700020771089198e-12,1.3049143120022911e-09,1.0000000027760865,2
624,04:31:30,1.075893644529515e-10,1.0012161466316133e-11,2.372429558324202e-12,5.878354491818916e-13,1.8401694478721493e-12,3.194582283637255e-10,1.000000002832189,2
625,04:32:00,1.391054602779894e-10,1.4029082254005781e-11,3.1505984903039664e-12,1.6808444574281553e-12,5.346119373029836e-12,2.164844123450641e-10,1.0000000028889398,2
626,04:32:30,1.5293995488111822e-10,1.4373768454999184e-11,2.980489808029908e-12,1.0149379926820577e-12,2.7805144482113402e-12,2.7104400461502077e-10,1.0000000029463447,2
627,04:33:00,1.9722388019630623e-10,9.736653313632955e-12,4.165544355546506e-12,7.329348489013921e-13,2.8537391612572248e-12,4.749641213765931e-10,1.0000000030044116,2
628,04:33:30,1.8259666237942996e-10,1.8733200845898022e-11,3.933041451371091e-12,7.779620528056428e-13,1.970822657730931e-12,6.052833162785489e-10,1.0000000030631493,2
629,04:34:00,2.416881704411074e-10,9.336217527974391e-12,2.534162317329382e-12,1.0120680598753378e-12,1.8307756918508795e-12,2.944150722871483e-10,1.0000000031225622,2
630,04:34:30,1.166337940957779e-10,1.409996389560402e-11,6.634189812915997e-12,7.934374577712922e-13,2.50466782945385e-12,4.398045481519002e-09,1.0000000031826612,4
631,04:35:00,4.602632370575637e-11,7.0201784645387195e-12,3.068436993982687e-12,5.404875947944166e-13,1.2802041749492885e-12,7.631961682917416e-10,1.000000003243456,4
632,04:35:30,4.294443425526044e-11,6.094025439417096e-12,1.9538369780511853e-12,4.706277162337563e-13,1.4967985012462562e-12,2.9089769319859533e-09,1.000000003304948,4
633,04:36:00,5.760077099344361e-11,7.334995000071495e-12,1.7609092187475954e-12,4.576588267329657e-13,1.1608398576381838e-12,1.579534868804537e-08,1.0000000033671503,4
634,04:36:30,5.439527802799669e-11,6.4453446334894196e-12,1.6992076790696206e-12,8.217503410614763e-13,2.213602959568305e-12,3.637718790574411e-09,1.0000000034300724,4
635,04:37:00,4.046332917709675e-11,7.695426688541792e-12,1.577726870136488e-12,4.558636028080763e-13,1.1745252061266422e-12,5.2335788121988605e-08,1.000000003493718,4
636,04:37:30,4.550308430853526e-11,5.9054518773907195e-12,2.238564287655816e-12,3.9635858573882017e-13,1.0767124388468406e-12,1.0541620027897707e-08,1.0000000035580985,4
637,04:38:00,4.7349465805830116e-11,5.568685827953181e-12,1.962815498034374e-12,5.324731364112897e-13,1.1804720585249178e-12,6.9663489500881995e-09,1.0000000036232242,4
638,04:38:30,6.490389429986874e-11,6.225877384631712e-12,2.1036126412295684e-12,5.160409979400859e-13,1.335406706271631e-12,3.293081335874396e-08,1.0000000036891006,4
639,04:39:00,4.231214611496212e-11,9.427853211564597e-12,3.0174788977286787e-12,4.98985691115614e-13,9.398121724392506e-13,5.2528477157097325e-09,1.0000000037557382,4
640,04:39:30,8.192251246093642e-11,4.682403670048657e-12,1.5751808011636798e-12,2.8997431948427284e-13,6.205780379678546e-13,6.55330201323877e-08,1.0000000038231474,4
641,04:40:00,3.138674706784241e-11,4.7642453984021696e-12,1.5114204668143357e-12,3.9114088138276485e-13,1.0118650619476015e-12,1.9696857327372005e-08,1.0000000038913353,4
642,04:40:30,1.1204039733151234e-11,5.372315749748965e-12,5.423169960613616e-12,8.670115913239938e-13,1.726146061994001e-12,1.1054829728252088e-08,1.0000000039603132,4
643,04:41:00,2.3730547606876144e-11,5.894016462623476e-12,2.1275680960185104e-12,4.3896416959522017e-13,7.812596112799224e-13,3.626644498841068e-09,1.0000000040300914,4
644,04:41:30,1.75703740438542e-11,5.423108661367898e-12,3.2525653730485205e-12,7.070826637747135e-13,1.4421543200085025e-12,2.955593594727361e-09,1.000000004100677,4
645,04:42:00,2.9821555543393795e-11,4.268675360462083e-12,2.0579888060845806e-12,5.420258197897025e-13,1.1566869194293043e-12,1.7361012411466561e-09,1.000000004172082,4
646,04:42:30,4.146352232933612e-11,5.6420204000830824e-12,3.928241261821097e-12,6.642648144800823e-13,2.116119770705534e-12,3.2953688227229345e-08,1.0000000042443165,4
647,04:43:00,2.237903573496729e-11,5.292600222685478e-12,3.0868515484437623e-12,4.698222739367985e-13,1.0304331506705176e-12,2.5629983586192756e-09,1.0000000043173898,4
648,04:43:30,3.02453161601109e-11,3.8260906601450155e-12,9.180444454950429e-13,3.7115921638885036e-13,7.956616401491223e-13,1.3610106288555104e-08,1.0000000043913124,4
649,04:44:00,9.285106685937406e-11,4.348417364051842e-12,9.23250713225199e-13,3.420788193310192e-13,6.681899862479284e-13,5.1341145190851643e-08,1.0000000044660982,4
650,04:44:30,2.2308879851577007e-11,4.046245770738867e-12,2.073584539851479e-12,5.306857755521499e-13,1.618105961590012e-12,1.938406254962669e-08,1.000000004541753,4
651,04:45:00,2.3942329518911023e-11,5.653290606206848e-12,3.540419198840323e-12,9.110734424144499e-13,2.4948357612953123e-12,4.758156731581776e-10,1.0000000046182913,4
652,04:45:30,3.1635083203768944e-11,9.36153347803306e-12,5.925490160799172e-12,1.0606527819664611e-12,2.5227820675391333e-12,3.6038010686249124e-10,1.0000000046957247,4
653,04:46:00,2.1097565075933083e-11,2.5631457434640595e-12,1.4920791075761605e-12,4.176003582718297e-13,1.2273871812019796e-12,2.584620747059654e-09,1.000000004774063,1
654,04:46:30,1.520636347424954e-11,5.178510935971605e-12,2.4314462733647394e-12,5.076870709311459e-13,1.2955893388962701e-12,9.92988424539964e-09,1.0000000048533182,1
655,04:47:00,1.0745284056212768e-10,7.135965568675151e-12,3.3629156016992898e-12,8.278631887990486e-13,1.8774671688468386e-12,6.089978962185434e-09,1.0000000049335036,4
656,04:47:30,1.7336687306799223e-11,3.3372848861176747e-12,1.2865784929641113e-12,5.589934574209179e-13,1.2458466394477776e-12,1.0317645982809059e-08,1.000000005014629,4
657,04:48:00,4.975885185229408e-11,7.169804140890975e-12,2.3746429805221755e-12,5.957028762392767e-13,1.3202583644101149e-12,5.351715091200148e-10,1.0000000050967097,4
658,04:48:30,2.4751962572257067e-11,5.1593016938052636e-12,1.3157812186957641e-12,3.0861949103614634e-13,6.342428236814752e-13,3.968387054423288e-09,1.0000000051797548,4
659,04:49:00,1.761142658469414e-11,4.8910858552006e-12,2.524613726563108e-12,8.436881659395845e-13,2.944551916996413e-12,4.311349120708697e-09,1.0000000052637799,4
660,04:49:30,4.652333426460524e-11,4.61204641552339e-12,9.291439386834794e-13,2.738768738587443e-13,4.090457163039361e-13,2.049244882119642e-08,1.000000005348797,4
661,04:50:00,4.251668741872412e-11,3.4982006560359145e-12,1.142393278467883e-12,3.9842121085911154e-13,8.541827181320269e-13,4.257566244038635e-08,1.0000000054348188,4
662,04:50:30,1.9854036862334688e-11,3.903811382299546e-12,1.1664615296218447e-12,2.9504495057098384e-13,6.389922337501702e-13,2.614462569756147e-08,1.000000005521859,4
663,04:51:00,2.189162136221132e-11,6.6852557761210896e-12,3.0631958110362968e-12,9.719858385462482e-13,1.84219181042341e-12,5.062177506634443e-09,1.000000005609932,4
664,04:51:30,2.739896906203592e-11,5.801407974124973e-12,2.226412329754639e-12,4.588693321867817e-13,9.57484664981488e-13,6.001047084159428e-09,1.000000005699052,4
665,04:52:00,2.514540314867437e-11,5.2901858288192634e-12,3.4112510335520243e-12,6.33121405045435e-13,1.495968486545892e-12,8.01167446770252e-09,1.0000000057892309,4
666,04:52:30,2.183396138995769e-11,2.394999762497076e-12,1.661672534158055e-12,3.982462313913074e-13,1.3872221106582858e-12,5.1733498013516545e-08,1.0000000058804863,4
667,04:53:00,1.9848928261539287e-11,3.078882182845157e-12,8.920167334863949e-13,2.7135208235936445e-13,5.056327228582938e-13,2.4595398753117558e-08,1.0000000059728322,4
668,04:53:30,2.0635234815491052e-11,2.9089063041069233e-12,1.4232478408016736e-12,3.964942397498801e-13,8.707997500344955e-13,3.149579987093199e-08,1.0000000060662808,4
669,04:54:00,3.2728745973755284e-11,6.752379038517029e-12,4.598016331352543e-12,8.839972707622372e-13,2.058932028865084e-12,4.616547129809121e-09,1.0000000061608518,4
670,04:54:30,2.6952790247741246e-11,4.149434579854836e-12,1.744244683626099e-12,3.5579290301770563e-13,8.99425489935608e-13,1.944979741391488e-08,1.000000006256558,4
671,04:55:00,1.2171722711255029e-11,5.081276741112326e-12,3.817819321924728e-12,6.842879243778371e-13,1.2912278435250015e-12,8.594577009934501e-09,1.0000000063534142,4
672,04:55:30,1.7062213101566e-11,2.9228087124908164e-12,1.3287985124434412e-12,4.623753142520508e-13,9.897807732392339e-13,1.3825158388394533e-08,1.0000000064514398,4
673,04:56:00,4.363442726404084e-11,5.836785694916918e-12,1.6952150673547043e-12,7.679533856932158e-13,1.8809730322777785e-12,3.773913156311187e-08,1.00000000655065,4
674,04:56:30,3.08677829615555e-11,6.034541724527903e-12,1.6316361109146666e-12,3.8202465059892534e-13,6.628747251234338e-13,2.1433764343828907e-08,1.0000000066510606,4
675,04:57:00,1.617508769432224e-11,3.1193067467076985e-12,1.3722514094959552e-12,3.243567215494555e-13,6.737781211430439e-13,6.080921250686872e-08,1.0000000067526886,4
676,04:57:30,1.730218609372895e-11,3.2503307180767684e-12,1.1447496436079329e-12,3.231488538467658e-13,6.747705928817326e-13,2.080996828938625e-08,1.000000006855554,4
677,04:58:00,3.824337557641529e-11,6.79743804156455e-12,2.8067825491152453e-12,7.672026437628325e-13,2.24085693155601e-12,1.2477585370241949e-08,1.000000006959671,4
678,04:58:30,1.2237785569409364e-11,2.7358970745522534e-12,1.825797730962784e-12,4.628172217338228e-13,7.541798633276597e-13,3.38559824385515e-08,1.0000000070650605,4
679,04:59:00,2.8024757762066538e-11,3.737352242413734e-12,1.0332346177315877e-12,3.069961186906373e-13,4.88865531938898e-13,6.52172583895238e-08,1.00000000717174,4
680,04:59:30,1.2084023855809522e-11,6.456646595780388e-12,4.80901326442772e-12,9.567885231643882e-13,2.6534311849341066e-12,1.1652762441944088e-08,1.000000007279728,1
681,05:00:00,3.047611588294946e-11,4.23331915193203e-12,2.818589704525968e-12,7.280772756567958e-13,1.1469805702550424e-12,6.727562601878402e-10,1.0000000073890432,1
682,05:00:30,1.836050205169516e-11,6.6950974882414585e-12,3.720010757770312e-12,7.595514938847314e-13,1.744822089719163e-12,4.380939340648706e-09,1.0000000074997077,1
683,05:01:00,3.575424495130405e-11,5.915639588644409e-12,2.7017169072534952e-12,9.296924367035655e-13,1.7686680678795447e-12,4.90721080294393e-10,1.0000000076117386,2
684,05:01:30,9.619929148532545e-11,5.716010554774757e-12,2.604335062342732e-12,8.365226588644869e-13,2.2768276633258013e-12,8.762056025452113e-11,1.0000000077251558,2
685,05:02:00,8.288400347698837e-11,6.148066985468815e-12,2.702306609484703e-12,5.070059471034626e-13,1.5748233824273533e-12,2.056522341920352e-10,1.0000000078399824,2
686,05:02:30,5.474205993429117e-11,6.249830882406541e-12,2.051057721026978e-12,7.384921242856798e-13,1.658769282486873e-12,7.953966474605625e-11,1.0000000079562377,2
687,05:03:00,6.28087169332839e-11,6.4221906488507045e-12,2.7085560880855434e-12,9.398596267234316e-13,2.9265964733881995e-12,2.9695454885699743e-10,1.0000000080739444,2
688,05:03:30,2.0267690455347375e-11,4.274366190808484e-12,1.1112014795009811e-12,4.944315249335421e-13,8.195761185255092e-13,1.5574883817948635e-10,1.0000000081931235,2
689,05:04:00,4.309680781702871e-11,4.019263270974184e-12,2.625623106937606e-12,9.358418896915676e-13,1.9555477506275425e-12,1.0039162706004035e-10,1.0000000083137977,2
690,05:04:30,6.299779271361459e-11,5.693692712082476e-12,3.1171980780492375e-12,6.216688834412865e-13,1.5620438207709376e-12,7.584446040926213e-10,1.0000000084359906,2
691,05:05:00,6.970491709217999e-11,4.97719472565028e-12,2.0288571173802007e-12,8.434055062690133e-13,1.7137078053466052e-12,7.670689932618372e-11,1.0000000085597238,2
692,05:05:30,4.2226664929641225e-11,4.535307665264983e-12,1.732783784727311e-12,5.040255886037186e-13,1.3996009883634889e-12,1.0008180207166255e-10,1.0000000086850218,2
693,05:06:00,3.5367171254763e-11,6.696468542333342e-12,2.1427602339941793e-12,1.3405277290341215e-12,4.432660365389801e-12,1.0086427484189621e-09,1.0000000088119083,2
694,05:06:30,2.998428553106631e-11,5.208815915803323e-12,2.439612712537619e-12,7.730442913602455e-13,2.13764138421957e-12,1.544167255030742e-09,1.0000000089404104,2
695,05:07:00,2.217275516591683e-11,5.277745653542638e-12,2.4159814094664322e-12,7.088146470912615e-13,2.2883122053661727e-12,7.561515946153578e-09,1.0000000090705508,2
696,05:07:30,2.6109423620888418e-11,5.877801363815545e-12,2.7812189083972632e-12,8.764156233831342e-13,2.2730032833262575e-12,1.4314404493913247e-10,1.0000000092023538,2
697,05:08:00,2.7170464478259834e-11,5.090076588975703e-12,5.403313561226798e-12,1.7970632474332203e-12,9.079421403217122e-12,1.8264340915004767e-10,1.0000000093358488,2
698,05:08:30,2.0884703736123363e-11,4.441444988377578e-12,1.5961574779040646e-12,5.286876497002765e-13,1.2277376670712146e-12,3.706002936356572e-10,1.000000009471062,2
699,05:09:00,5.2601688395547814e-11,4.558694611462034e-12,2.4387061188236253e-12,4.958736693206654e-13,1.002430244207573e-12,2.6681225909774692e-09,1.0000000096080188,2
700,05:09:30,2.2930212681030188e-11,4.2765325821860335e-12,2.471049100317099e-12,8.047513163118492e-13,2.8134267055984397e-12,8.174104394311785e-11,1.0000000097467496,2
701,05:10:00,3.305963397454398e-11,5.396842313099007e-12,2.6295066653881834e-12,1.3949459511506197e-12,3.1652558702154228e-12,4.182917061460587e-10,1.0000000098872812,2
702,05:10:30,8.044806215128032e-11,9.014449474374346e-12,4.347561399471618e-12,8.448081287519157e-13,1.8779639741983167e-12,2.453975410894635e-09,1.0000000100296422,2
703,05:11:00,2.7932850356655056e-11,4.587628956381687e-12,2.3808610240638244e-12,7.057214007548549e-13,1.4352594519286233e-12,3.843639060948453e-09,1.000000010173863,2
704,05:11:30,3.7738743775783495e-11,4.846349588894078e-12,3.649651206907547e-12,1.0571767075220207e-12,2.686026278615068e-12,2.7860245706554746e-09,1.0000000103199742,2
705,05:12:00,4.885612326651565e-11,6.014214467728668e-12,2.0557505098251696e-12,1.6601281328487528e-12,6.03925878004849e-12,1.398682709024573e-10,1.0000000104680056,2
706,05:12:30,8.090382868706238e-11,7.562457970075505e-12,2.404770750343514e-12,1.3096389804303592e-12,3.9914469771544e-12,5.097461357251901e-10,1.0000000106179912,2
707,05:13:00,7.050070496510488e-11,6.942409373497308e-12,4.064451169199441e-12,9.795293628675043e-13,2.5441644001475952e-12,1.0625550864581685e-09,1.000000010769961,2
708,05:13:30,2.4601381350637154e-11,4.5261668150358155e-12,1.5641238120888276e-12,9.47538099613782e-13,2.7163044754010503e-12,9.715677440176465e-11,1.0000000109239473,2
709,05:14:00,5.1857526757077724e-11,5.429691755778734e-12,5.417653804415192e-12,1.8685678181335414e-12,2.8164333885359406e-12,9.061278399165367e-08,1.0000000110799838,1
710,05:14:30,8.50433191537446e-12,2.1291131861031196e-12,2.4294641127508684e-12,7.784995143436051e-13,1.3971518799534094e-12,3.2339635668791675e-08,1.0000000112381078,1
711,05:15:00,2.5991828139765242e-11,3.0054299263132437e-12,1.2743233343637266e-12,5.591934657218781e-13,1.146507767770394e-12,1.1484737239707757e-08,1.00000001139835,1
712,05:15:30,5.734345574457737e-11,4.180553837957646e-12,2.4127379048083145e-12,1.4206569994331064e-12,3.4919895946430444e-12,2.9194467428007022e-08,1.0000000115607501,1
713,05:16:00,1.1661433032894923e-10,7.90114907882034e-12,3.049563993255043e-12,8.23939867742689e-13,1.5845811114679493e-12,4.26559621049102e-09,1.0000000117253436,2
714,05:16:30,2.5661774942134295e-11,6.929057856881313e-12,1.8553211361148655e-12,4.941195754288064e-13,9.69478779170369e-13,5.376140937246719e-10,1.0000000118921655,2
715,05:17:00,3.6689483101407196e-11,6.1163620312335175e-12,3.0316874607380097e-12,9.003028053656839e-13,2.3748959815701514e-12,7.123832452513171e-10,1.0000000120612575,2
716,05:17:30,7.212262241999847e-11,5.9564696060830714e-12,3.5842490948483467e-12,1.4985671241019394e-12,5.432820051573748e-12,9.12312730220076e-10,1.0000000122326573,2
717,05:18:00,3.162651022754439e-11,6.5016927413296785e-12,2.062658688318647e-12,9.76427899329399e-13,2.3663008643057997e-12,1.7069158692966745e-09,1.0000000124064026,2
718,05:18:30,4.4775697718550954e-11,5.56144588465269e-12,3.0311221288148287e-12,1.5658982113346019e-12,5.9945246366165695e-12,1.8949553386926014e-10,1.000000012582537,2
719,05:19:00,3.9146969054201957e-11,4.58304559890012e-12,4.050853633131981e-12,7.10370593665224e-13,2.2214761244147767e-12,2.990955399854433e-09,1.0000000127611026,2
720,05:19:30,3.977771386282704e-11,6.7665504944067505e-12,2.306235077147611e-12,8.781914737719515e-13,2.4561269212330593e-12,8.856839074365606e-11,1.0000000129421374,2
721,05:20:00,2.5183881524578562e-11,4.586947018139837e-12,2.2709831051580683e-12,1.2895067278810773e-12,4.840169769778022e-12,7.897430552195397e-11,1.0000000131256928,2
722,05:20:30,7.382092596782919e-11,7.135969408872394e-12,2.0067032528635464e-12,1.2106849655340572e-12,2.9635776585223078e-12,1.3692979892612027e-10,1.000000013311807,2
723,05:21:00,9.066828445547823e-11,5.418440060280328e-12,3.3069402276302734e-12,1.1306703266294308e-12,4.161631417899179e-12,3.1246987693182157e-09,1.0000000135005263,2
724,05:21:30,3.208455795741914e-11,6.0228674980475435e-12,3.35648857659547e-12,9.708550919357766e-13,3.2396634505556476e-12,3.902290121154486e-09,1.0000000136918985,2
725,05:22:00,2.944239543750825e-11,6.290316341473159e-12,2.26004025140892e-12,8.056819071081634e-13,1.6358744886634515e-12,1.47406733976499e-10,1.0000000138859713,2
726,05:22:30,2.955930811834579e-11,5.265009309707853e-12,2.55348745131355e-12,5.701508484038037e-13,1.6937552606602773e-12,1.1170108514076771e-10,1.0000000140827938,2
727,05:23:00,6.842250445322789e-11,5.336498029496602e-12,3.154958878781014e-12,1.5507783597754485e-12,6.7733019253238914e-12,1.1883087849391848e-10,1.0000000142824164,2
728,05:23:30,5.491021687089702e-11,8.757711105200006e-12,2.2821174622399346e-12,1.4476631113785633e-12,6.808026525033466e-12,1.0904878402317345e-10,1.0000000144848893,2
729,05:24:00,1.048839948158167e-10,8.288287824211147e-12,4.551345100261165e-12,1.3061175300421003e-12,3.767520355472454e-12,2.5410842050095855e-09,1.000000014690263,2
730,05:24:30,2.629286691963474e-11,5.7054886465784076e-12,2.339892234041295e-12,6.767072252342211e-13,1.930120829745995e-12,3.321472382864241e-10,1.0000000148985952,2
731,05:25:00,5.342472144656201e-11,6.2365806591314435e-12,3.847209586991365e-12,1.376141443254345e-12,3.1206647793474966e-12,1.0757834741365054e-10,1.000000015109938,2
732,05:25:30,7.509261887689215e-11,6.6415332729057004e-12,3.6260716395914186e-12,1.2936432315014302e-12,6.4892004263751075e-12,1.2994656754724242e-10,1.0000000153243447,2
733,05:26:00,3.3846900378955555e-11,6.554607628034535e-12,2.673985814642795e-12,1.4341150438984556e-12,4.526222675184695e-12,1.0576050918774513e-10,1.0000000155418796,2
734,05:26:30,7.728098928487406e-11,1.100832603298891e-11,4.414817599478074e-12,6.721489748280026e-13,2.237336096820928e-12,1.0933972982662627e-10,1.0000000157625957,2
735,05:27:00,8.738170702677535e-11,7.034492656854832e-12,2.767288754019763e-12,1.0673034613993854e-12,3.801411627114169e-12,1.7515101242521452e-10,1.0000000159865539,2
736,05:27:30,9.312833799959153e-11,7.779639567421157e-12,2.32254471189501e-12,1.07742753807708e-12,5.518726638740838e-12,1.6600603586352294e-10,1.000000016213819,2
737,05:28:00,8.704887913365755e-11,1.596672387129959e-11,4.0515361855874915e-12,1.2657174860146968e-12,5.828501535089909e-12,2.0492910896283902e-10,1.0000000164444505,2
738,05:28:30,6.186634948679572e-11,7.264533249742784e-12,2.019091482079139e-12,1.0564816924654842e-12,3.5861783999070935e-12,1.5493866704144679e-10,1.0000000166785128,2
739,05:29:00,7.823725410443208e-11,8.460019096789108e-12,2.6614215955791683e-12,7.835010414006272e-13,2.9110943272141464e-12,1.3871723265782928e-10,1.000000016916077,2
740,05:29:30,8.171077878675903e-11,9.652959817266233e-12,2.01891502047638e-12,1.1152461865360362e-12,6.203040042659068e-12,3.214104345131951e-10,1.0000000171572057,2
741,05:30:00,1.2280605520643036e-10,8.90923957032617e-12,2.921258135800721e-12,4.45365544395352e-13,1.5847866146461993e-12,3.400507330088633e-10,1.0000000174019699,2
742,05:30:30,5.973616729001385e-11,7.92418897494427e-12,3.2402394605655743e-12,6.526599669046716e-13,1.5398283734047161e-12,1.4564611720413872e-10,1.0000000176504427,2
743,05:31:00,7.787147328822818e-11,1.1894335244750076e-11,3.5685305569786214e-12,1.1730387858224498e-12,5.378177912817928e-12,2.1477700278926787e-10,1.0000000179026955,2
744,05:31:30,8.796569411186684e-11,1.1819648242283267e-11,2.216126236991686e-12,1.064985305014625e-12,3.5480743939135683e-12,1.9163786531214666e-10,1.0000000181588005,2
745,05:32:00,5.300632741202824e-11,7.64127071095268e-12,2.121860108008199e-12,4.1650671443063463e-13,1.0038144679397545e-12,1.989716410180972e-10,1.000000018418838,2
746,05:32:30,1.0855361304781325e-10,5.122651956917746e-12,2.437645571969978e-12,9.058660373045499e-13,3.52776507770766e-12,2.2868589791214798e-10,1.0000000186828875,2
747,05:33:00,1.1053041656644806e-10,6.730394898378211e-12,2.295427208172377e-12,8.866987982079117e-13,3.256899875795225e-12,1.8086631659640338e-10,1.0000000189510245,2
748,05:33:30,9.380792716264295e-11,6.7527201246448956e-12,2.343761664952594e-12,7.981365498334511e-13,3.750094307266433e-12,1.7783641312177758e-10,1.0000000192233371,2
749,05:34:00,6.729372399304121e-11,5.609948205908493e-12,1.7911715904418067e-12,6.779570078010212e-13,2.4520614364379025e-12,2.471324736839726e-10,1.0000000194999092,2
750,05:34:30,1.5154769775481406e-10,8.81101034309988e-12,3.582156141143861e-12,4.239485869499993e-13,1.5831935635104555e-12,3.304005986914684e-10,1.0000000197808243,3
751,05:35:00,1.2358402869188351e-10,9.23590584348991e-12,2.531190917364811e-12,9.710512998242925e-13,3.0199834899671185e-12,2.475328166328468e-10,1.0000000200661743,3
752,05:35:30,1.4002063336417453e-10,1.0206878971151754e-11,2.135326404961609e-12,9.109082081286382e-13,3.6635332949542396e-12,3.0479863599280103e-10,1.0000000203560524,3
753,05:36:00,1.8953392246969768e-10,1.0373416033408267e-11,2.110474755326829e-12,5.124142613781871e-13,1.4801460420482236e-12,2.0304148389511847e-10,1.000000020650548,3
754,05:36:30,1.2088600133493377e-10,9.270739472979665e-12,1.5742050569318634e-12,4.2261980458034124e-13,9.668578311390063e-13,2.4250837665788064e-10,1.0000000209497606,3
755,05:37:00,2.4675585554677034e-10,9.647967748970821e-12,2.5978528213212272e-12,6.712236851856392e-13,2.1517134849763417e-12,3.9914035162293026e-10,1.0000000212537912,3
756,05:37:30,1.4808583613594062e-10,1.1457495591423477e-11,2.329251489504088e-12,7.135521675793483e-13,2.9422606227149095e-12,3.0388249256325443e-10,1.0000000215627363,2
757,05:38:00,2.2774570663936096e-10,1.1998274290840999e-11,2.8405808646867393e-12,1.0128743551493562e-12,4.7954592461888516e-12,4.286246452024182e-10,1.0000000218767022,3
758,05:38:30,1.6961701404593254e-10,7.2152416531578315e-12,2.0715234066526926e-12,4.445475209545461e-13,1.2223452093980535e-12,2.61883635465366e-10,1.0000000221958,2
759,05:39:00,1.4284886710005093e-10,8.290122801556826e-12,2.3154019740212195e-12,5.184077975997474e-13,1.8425520580582385e-12,3.7802472405185173e-10,1.0000000225201355,3
760,05:39:30,1.1997371147987382e-10,9.313125956941997e-12,2.6994642790577393e-12,6.086165510397426e-13,2.1708761330965496e-12,2.4806103904570044e-10,1.0000000228498227,2
761,05:40:00,1.590625785057174e-10,7.357923619888371e-12,2.4350344270993696e-12,5.637267796635175e-13,2.4142633718512047e-12,3.8112871687362263e-10,1.00000002318498,2
762,05:40:30,1.089167968417695e-10,9.920924668148839e-12,7.2725032522649e-12,2.574522556372465e-12,5.878032973989199e-12,2.6581873569470834e-08,1.0000000235257231,2
763,05:41:00,1.4177363170457591e-11,4.136798856285369e-12,5.1435658409381585e-12,5.672115907939852e-13,1.0997545233830334e-12,1.2705757300128986e-08,1.0000000238721751,1
764,05:41:30,1.4963194729516006e-11,4.015895418015947e-12,3.557955678121569e-12,8.430601724090722e-13,1.7288834851374076e-12,7.237736353841075e-09,1.0000000242244664,1
765,05:42:00,1.4118302452272037e-11,3.254789765966865e-12,2.3172843243777325e-12,7.76242202795122e-13,1.1643352313489015e-12,2.1089587939247505e-08,1.0000000245827227,1
766,05:42:30,1.9077947782262073e-11,3.601642576890302e-12,1.963786943764181e-12,7.135577846019749e-13,1.1175855048730554e-12,4.170429418872177e-08,1.0000000249470788,1
767,05:43:00,2.587819709009754e-11,4.109943184693082e-12,2.436063834378707e-12,7.907079803081388e-13,1.259860216445152e-12,1.0179795775443961e-08,1.000000025317672,1
768,05:43:30,7.423148682858488e-11,8.93674271055037e-12,2.3157001184247716e-12,5.144218654650036e-13,1.0376137424805605e-12,1.2929913832733616e-08,1.00000002569464,1
769,05:44:00,7.286102972782172e-11,8.884024938439732e-12,1.884184937605445e-12,5.839534179057468e-13,1.516892916211215e-12,3.916158303093602e-09,1.0000000260781332,2
770,05:44:30,3.9273313506425165e-11,6.1746921614732155e-12,2.3754644580979655e-12,8.6756833274902e-13,2.5000154173222665e-12,8.482758536148644e-10,1.0000000264682964,2
771,05:45:00,8.22812130617331e-11,8.181291378336938e-12,1.5831975023551924e-12,5.504067489150699e-13,1.3507611334140408e-12,3.0168837564812917e-10,1.0000000268652833,2
772,05:45:30,1.6206190491032536e-10,1.4604061752741355e-11,3.897711378313661e-12,1.4965280919628842e-12,3.3635094401901195e-12,2.0080824115737524e-10,1.0000000272692553,2
773,05:46:00,2.5964875763040456e-11,5.930962449288308e-12,1.8959814452637203e-12,6.079402070694735e-13,1.488560398398475e-12,5.335732512873593e-10,1.0000000276803718,2
774,05:46:30,3.273721505870554e-11,6.32819886123814e-12,3.603366162586814e-12,1.6086643369509785e-12,8.969863608427479e-12,1.1365201592298502e-10,1.000000028098801,2
775,05:47:00,2.4715904492481604e-11,5.272848499906337e-12,1.6952896290442128e-12,9.916823034673038e-13,2.5858598179851606e-12,9.194888648824229e-11,1.0000000285247168,2
776,05:47:30,1.5220238961486788e-10,8.246217126443288e-12,3.5541176361179194e-12,7.557519740058911e-13,2.5031532179077394e-12,7.520750248668335e-10,1.0000000289582944,2
777,05:48:00,5.9641978058587e-11,5.638359503059341e-12,2.1370646234260086e-12,6.933691766786142e-13,2.002412098609222e-12,7.687933308149532e-10,1.0000000293997175,2
778,05:48:30,2.978429663470378e-11,3.7378513953973016e-12,2.153454892010703e-12,1.3921680963334275e-12,5.828924682418444e-12,5.0107759076884655e-11,1.0000000298491747,2
779,05:49:00,4.5736960340972506e-11,7.759587837819528e-12,2.718270974312585e-12,1.324525324790623e-12,6.902020832742404e-12,1.139209346147795e-10,1.0000000303068604,2
780,05:49:30,5.056224802202469e-11,8.935495393484871e-12,2.2322695083919245e-12,1.1682709258887035e-12,6.20669653350436e-12,1.0743620357693212e-10,1.0000000307729726,2
781,05:50:00,4.4193084479772763e-11,6.5039491226368454e-12,2.6487715521996573e-12,6.547225595829231e-13,2.2067832205794465e-12,8.264476901719863e-11,1.0000000312477184,2
782,05:50:30,3.4601820503013163e-11,5.906613829469412e-12,2.1096478076023225e-12,1.005825439325477e-12,3.3483630668173737e-12,9.858264332068595e-11,1.0000000317313116,2
783,05:51:00,6.53417960338542e-11,7.214752727847523e-12,1.9838953680721013e-12,5.22353976796634e-13,1.7447895372868148e-12,1.2891283061623872e-10,1.000000032223971,2
784,05:51:30,4.5098806069910824e-11,5.091534639080252e-12,2.343948338028743e-12,3.486881304631387e-13,1.0087143086748163e-12,1.194076542355356e-10,1.0000000327259226,2
785,05:52:00,7.848165380716987e-11,7.987378086091947e-12,3.3044353374795654e-12,1.5626054751076294e-12,6.3906893914493764e-12,1.0955760209988059e-10,1.0000000332373997,2
786,05:52:30,7.13762282715996e-11,6.19467808427794e-12,2.408836624771933e-12,7.943276111127528e-13,3.651053990855693e-12,1.6387865473285177e-10,1.0000000337586412,2
787,05:53:00,7.355580382011312e-11,6.65530289433054e-12,3.3630791173874234e-12,1.328727031230602e-12,8.763683516973579e-12,1.312588769034277e-10,1.0000000342898965,2
788,05:53:30,5.825867864799481e-11,7.97652039134484e-12,2.0580821838225304e-12,1.6125899962000877e-12,6.13103950896306e-12,1.0622496015306314e-10,1.0000000348314233,2
789,05:54:00,9.200586369310256e-11,7.168659119738291e-12,2.3747780517804e-12,5.571069383783812e-13,2.2517175765397517e-12,1.5929247741627505e-10,1.0000000353834853,2
790,05:54:30,7.302098071245576e-11,8.006335116269335e-12,5.216448162782322e-12,8.377375665656037e-13,3.282846199474475e-12,9.420146122306544e-11,1.0000000359463521,2
791,05:55:00,6.740807503908148e-11,6.36679598137274e-12,2.8844667468479336e-12,8.389336543421724e-13,3.4073674580773706e-12,1.0744287932227085e-10,1.0000000365203112,2
792,05:55:30,1.955648094658092e-10,9.787242061743204e-12,3.896447478325581e-12,1.6275260690160605e-12,8.583589003901267e-12,2.3209803421902372e-10,1.0000000371056532,2
793,05:56:00,6.893167786108052e-11,8.936276031880726e-12,1.9945871959215507e-12,6.22164213156887e-13,2.4688083979384463e-12,8.390322758651647e-11,1.0000000377026765,2
794,05:56:30,4.902542123256647e-11,8.239161674198425e-12,3.2945036471838865e-12,9.89371692931878e-13,3.189692129673129e-12,1.5164581758717028e-10,1.0000000383116947,2
795,05:57:00,2.021652158191442e-10,9.937905238566549e-12,3.482947685056328e-12,1.0669260903392261e-12,5.634027353442254e-12,3.623940906791734e-10,1.000000038933029,3
796,05:57:30,4.9312640564477434e-11,8.030640147833265e-12,1.8636911990434428e-12,6.257470497486642e-13,1.8108041083433587e-12,1.4456800205902554e-10,1.00000003956701,2
797,05:58:00,1.6115242031632468e-10,8.83103291522938e-12,2.5587452913190592e-12,7.852147134002648e-13,2.494336669490261e-12,2.3182160330740946e-10,1.000000040213985,2
798,05:58:30,7.133064275699993e-11,7.354737602258816e-12,2.623666309236709e-12,1.000437044241444e-12,2.842041159516943e-12,1.6589075157887113e-10,1.0000000408743086,2
799,05:59:00,1.516578318187878e-10,7.397411464021661e-12,2.1831618434004393e-12,5.090089299650601e-13,1.9224703945590646e-12,2.4887381661068224e-10,1.0000000415483485,2
800,05:59:30,8.142995702386892e-11,8.959785041272405e-12,2.9780992721702947e-12,8.43282887818906e-13,2.4208633861271877e-12,2.549979977436068e-10,1.0000000422364874,2
801,06:00:00,1.4706168973771275e-10,9.217712488398714e-12,2.143014359823221e-12,4.263539738110323e-13,1.5168487464235833e-12,2.3987486271421074e-10,1.0000000429391194,2
802,06:00:30,1.0603198340015849e-10,8.5960333643824e-12,2.1546440209837208e-12,6.072381498288985e-13,2.581259109025765e-12,1.9792559605839117e-10,1.0000000436566532,2
803,06:01:00,2.3732922273830613e-10,8.739476224477546e-12,2.2836037813557766e-12,3.516521269542485e-13,1.505123817874025e-12,2.4545620548533323e-10,1.0000000443895103,2
804,06:01:30,1.438077805919086e-10,8.453148183205819e-12,2.2799451169585833e-12,4.769064274511602e-13,1.1294323223997538e-12,2.7844892990621265e-10,1.0000000451381317,2
805,06:02:00,7.307525668558355e-11,8.766960278956978e-12,2.2553347530901785e-12,9.159907296019172e-13,2.886887225241971e-12,2.2519108034718683e-10,1.0000000459029685,2
806,06:02:30,1.0056463805766694e-10,9.021328809029532e-12,1.6717898750947385e-12,9.468350045200761e-13,3.871068308294973e-12,2.0721425828934224e-10,1.0000000466844934,2
807,06:03:00,1.2542180762646532e-10,9.768623325445395e-12,2.657970522865999e-12,1.192924425216874e-12,5.3178011165889356e-12,2.4516959701547545e-10,1.0000000474831956,2
808,06:03:30,1.3410431859799167e-10,1.0358451240466126e-11,2.8860084977153963e-12,7.942172941131798e-13,3.214059495053251e-12,2.8038247715170986e-10,1.0000000482995781,2
809,06:04:00,1.240102113596428e-10,8.998384098639352e-12,2.0291994630431676e-12,4.912586433007135e-13,1.4715901728897596e-12,3.543175243076644e-10,1.0000000491341683,2
810,06:04:30,1.532101897195593e-10,1.0017428967192193e-11,2.2500230673288666e-12,4.402522959585615e-13,1.2312410051225079e-12,2.47559732547985e-10,1.000000049987512,2
811,06:05:00,1.7966079047853058e-10,7.908090571647714e-12,2.038669735435201e-12,7.139953969893787e-13,2.663786045484897e-12,3.407984946976443e-10,1.0000000508601727,3
812,06:05:30,1.2745365800894522e-10,1.3123611497887613e-11,2.4596008672669884e-12,4.605362353864092e-13,1.668952912614597e-12,3.074432504511905e-10,1.000000051752738,2
813,06:06:00,1.9679480982265046e-10,1.305804945429042e-11,2.921715295424044e-12,7.668424920338921e-13,3.2454160204392503e-12,3.4941369683520566e-10,1.0000000526658182,3
814,06:06:30,1.3840621238590703e-10,1.1269305084895459e-11,2.4950885988216235e-12,5.492523221335091e-13,1.8915133502047965e-12,2.3399002718635204e-10,1.0000000536000473,2
815,06:07:00,1.9020655021264704e-10,1.3945332435088552e-11,1.3827378212212315e-11,4.96199642424643e-12,6.305085983808345e-12,1.0336932503310352e-08,1.000000054556082,2
816,06:07:30,7.816126082062677e-11,9.88680263760332e-12,5.0111557179924116e-12,8.45059564457767e-13,1.8092969771699793e-12,1.6968740922860129e-09,1.000000055534608,2
817,06:08:00,8.038592294661414e-11,8.371240150163749e-12,3.41602016934772e-12,9.064246750520315e-13,1.3526052035602567e-12,2.209711976469803e-09,1.0000000565363376,2
818,06:08:30,1.262840148137721e-10,9.909296998940295e-12,4.1057518080264875e-12,1.0245539949082358e-12,3.017007230159753e-12,1.0032246421197367e-09,1.000000057562008,2
819,06:09:00,2.8343933693381083e-11,7.064501926353823e-12,2.0508692654050524e-12,5.331854040407016e-13,1.1297055554151598e-12,7.49017087097812e-10,1.0000000586123894,2
820,06:09:30,2.0629693189919684e-10,1.283014564864664e-11,4.347742759056137e-12,1.2431593821294414e-12,3.0839494362287963e-12,2.2179987250425795e-09,1.0000000596882852,2
821,06:10:00,5.142569831754759e-11,5.946576113857955e-12,3.4725499880694777e-12,9.643880693023222e-13,2.0154117975191105e-12,1.1790650492566413e-08,1.000000060790529,1
822,06:10:30,4.0861143528584505e-11,6.3763149449549216e-12,2.1850989889973333e-12,1.196383634714247e-12,3.174917872116314e-12,1.5994493631917377e-09,1.0000000619199887,2
823,06:11:00,1.0527265219933482e-10,1.2056652967932809e-11,6.269831770058314e-12,1.4570956535512377e-12,5.798355853626533e-12,2.880514733442182e-10,1.0000000630775712,2
824,06:11:30,4.588252297853475e-11,1.0577449863782157e-11,2.628871809106658e-12,1.2510550473032338e-12,3.669460694174014e-12,1.6089996290610928e-10,1.0000000642642186,2
825,06:12:00,7.13978476955122e-11,5.805120154056575e-12,2.4635483061529403e-12,8.295820246603166e-13,2.673438002858567e-12,1.040056584380941e-10,1.000000065480915,2
826,06:12:30,8.222597506444706e-11,9.141939659727253e-12,2.6417978566222524e-12,1.2942669111742798e-12,4.578026740743468e-12,2.952859370049008e-10,1.0000000667286844,2
827,06:13:00,5.7226499196960235e-11,7.866866671444438e-12,2.0391337375115605e-12,9.291839545499388e-13,1.5645455300987272e-12,2.5365283132465183e-10,1.000000068008602,4
828,06:13:30,1.2004440156840999e-10,7.640927979612192e-12,2.565540310280042e-12,7.157166132269522e-13,1.7903624024810408e-12,2.765936906056854e-08,1.00000006932178,4
829,06:14:00,5.228988013019946e-11,7.61555482420049e-12,1.726671762435609e-12,4.747859240226066e-13,1.1049563304946198e-12,2.1966587697845304e-08,1.0000000706693883,4
830,06:14:30,1.1527269137704627e-10,8.530199065230155e-12,3.000781277933293e-12,8.082395756802562e-13,2.5163263523052376e-12,3.615183838281143e-09,1.0000000720526436,4
831,06:15:00,7.550903281136729e-11,5.227390800556332e-12,2.8127081813309563e-12,6.929856118787386e-13,2.1396666075111513e-12,2.910246497800176e-08,1.0000000734728207,4
832,06:15:30,2.3215785995684617e-11,4.159189470925025e-12,1.4162854678421115e-12,3.828655251365152e-13,6.832753046019249e-13,6.748835333389673e-09,1.000000074931248,4
833,06:16:00,3.015618820875134e-11,4.241618015359653e-12,1.4743901135069603e-12,5.558674610125804e-13,1.1138600409744561e-12,9.406987259445825e-09,1.0000000764293195,4
834,06:16:30,1.720486101480611e-11,3.5311242448067206e-12,1.3945479294146203e-12,3.2707482393313143e-13,5.265759150224725e-13,5.021473524074864e-09,1.0000000779684932,4
835,06:17:00,2.4713677216897743e-11,3.223747855069349e-12,1.2899480126422105e-12,3.686121925386221e-13,8.548046935794187e-13,5.25284794706509e-08,1.0000000795502892,4
836,06:17:30,4.117646208896686e-11,6.583954828058027e-12,2.3277062750459076e-12,6.007327774188886e-13,1.340203906680936e-12,3.210711466074768e-08,1.000000081176307,4
837,06:18:00,3.984039719846473e-11,2.8424694774396167e-12,9.47550797109036e-13,2.742016236502348e-13,5.808543606897631e-13,8.723319708903511e-08,1.000000082848222,4
838,06:18:30,3.328836287586895e-11,2.9400126096664306e-12,7.925626590671567e-13,2.9875659540958945e-13,5.36095955126195e-13,2.5876185482046337e-08,1.0000000845677806,4
839,06:19:00,1.7339693746570504e-11,4.142582560714641e-12,1.0383860015053715e-12,2.67186835643726e-13,4.606492579818505e-13,3.63167259354991e-08,1.0000000863368241,4
840,06:19:30,1.5583203442861314e-11,3.903508004390117e-12,2.8080452466911443e-12,6.861212845749256e-13,1.5340630230238116e-12,2.3583747061341843e-09,1.0000000881572844,4
841,06:20:00,2.4155029211376193e-11,5.632589005143575e-12,1.8115313303670447e-12,3.7716474561320504e-13,8.735201477850261e-13,1.4357407946818297e-08,1.00000009003118,4
842,06:20:30,1.656371105689338e-11,3.4234130267982216e-12,1.413958126722041e-12,4.181734266070848e-13,9.204455710756753e-13,3.758463808684122e-08,1.0000000919606389,4
843,06:21:00,3.3538026453835395e-11,4.928090924957739e-12,1.1295032260483822e-12,3.358168342327116e-13,7.950791554957411e-13,1.1192269216335608e-07,1.000000093947897,4
844,06:21:30,2.9370476873581504e-11,4.890875586495358e-12,1.3893318510856424e-12,3.4418155323432556e-13,5.762553020841874e-13,1.7881825736716072e-08,1.0000000959952973,4
845,06:22:00,1.65457445153488e-11,3.0477335919177374e-12,2.4469668285086257e-12,5.083496587995318e-13,1.4676329417249687e-12,9.191409188480967e-08,1.0000000981053128,4
846,06:22:30,2.582831417541715e-11,3.5845002033316768e-12,9.876802108284447e-13,3.649320115768128e-13,6.101899058262595e-13,5.888844598571067e-08,1.0000001002805428,4
847,06:23:00,1.495919395178204e-11,2.6297915438153106e-12,1.06493815478194e-12,3.759243834939764e-13,9.642601601232729e-13,3.552625678129476e-08,1.0000001025237193,4
848,06:23:30,2.878922955585325e-11,2.8444660688865157e-12,9.218392873969676e-13,3.5087891394253593e-13,8.54897621069684e-13,7.316668348637893e-08,1.0000001048377287,4
849,06:24:00,2.4023808212613198e-11,4.107185833986963e-12,9.213808003040585e-13,2.7358511972426413e-13,4.5340780024488517e-13,3.2304598935281156e-08,1.0000001072256115,4
850,06:24:30,2.7490307441893315e-11,3.2185587201223353e-12,1.0959494249615283e-12,3.079002499606364e-13,5.654038647925163e-13,1.3187720854391293e-08,1.0000001096905706,4
851,06:25:00,9.750475021355939e-11,5.3167120470070144e-12,1.353261896146713e-12,4.217615663977978e-13,9.657285647295633e-13,2.2415595995150406e-08,1.0000001122359878,4
852,06:25:30,5.3975543427231694e-11,4.23621341042447e-12,9.552305723508718e-13,2.778290161041541e-13,4.40488378748286e-13,1.646116746402492e-07,1.0000001148654398,4
853,06:26:00,6.726246012637136e-11,3.5584913398276694e-12,1.191017469661731e-12,2.5750720417441354e-13,6.914728330368908e-13,1.1864673518288035e-07,1.0000001175826958,4
854,06:26:30,2.9071875512677864e-11,2.1387618719744822e-12,6.584967612165363e-13,2.309746110233011e-13,3.8241582543786103e-13,4.2172085840451474e-08,1.0000001203917548,4
855,06:27:00,2.217023992740482e-11,1.8487959864078595e-12,8.282311423790854e-13,2.668535517170761e-13,3.9569336966628295e-13,1.446884983206707e-08,1.0000001232968403,4
856,06:27:30,6.04614039893566e-11,3.564389272020949e-12,1.283614945336548e-12,3.0203572977885247e-13,4.101454876060083e-13,4.724968227171524e-08,1.0000001263024214,4
857,06:28:00,5.263403433012753e-10,1.0861970337331004e-11,3.022322504683827e-12,1.975148553538512e-12,2.4218955114824893e-12,5.631432084853665e-08,1.0000001294132435,0
858,06:28:30,1.4213211546750748e-10,5.307234266326479e-12,4.059086794142987e-12,1.9759182604394423e-12,2.1949859073965547e-12,8.38016050986732e-09,1.0000001326343337,0
859,06:29:00,1.5413292602987727e-11,3.821148360658151e-12,4.619535941397045e-12,6.647520214601975e-13,1.5557301127154769e-12,1.5413816867535183e-09,1.0000001359710222,0
860,06:29:30,6.389562198497448e-12,4.082328255531446e-12,7.6773280685273e-12,7.670956370288141e-13,1.6990608764941749e-12,2.689501753300243e-09,1.0000001394289777,0
861,06:30:00,8.762983426432047e-12,4.7708328702519375e-12,6.776866467409684e-12,7.996330188980277e-13,2.1491074866219042e-12,2.0149220990256174e-09,1.0000001430142236,0
862,06:30:30,6.1971539013411525e-12,4.6927712469977745e-12,6.0865794117245426e-12,6.560002559970687e-13,1.4914988416633727e-12,1.2860572383311703e-09,1.000000146733159,0
863,06:31:00,6.131501101826923e-12,6.108793148304125e-12,7.056709736222457e-12,8.389332605122815e-13,2.5867819493388633e-12,2.1569635912403247e-09,1.0000001505926077,0
864,06:31:30,3.7767304591711393e-10,1.3515826757665968e-11,6.781563156560878e-12,8.879029593506254e-13,1.627780887801098e-12,4.696277001056423e-08,1.0000001545998396,0
865,06:32:00,8.328294719311282e-12,3.328908148494319e-12,6.8024356984351025e-12,6.701104284124221e-13,1.5419602459885434e-12,3.6637010443513106e-09,1.000000158762595,0
866,06:32:30,8.620207337130146e-12,3.966191981316319e-12,4.169151203795545e-12,7.491183732029984e-13,1.4204589409583856e-12,9.35767452577198e-09,1.0000001630891509,1
867,06:33:00,5.798002947685057e-12,3.785661719328696e-12,5.965219016525372e-12,7.508211921400966e-13,1.393923927047138e-12,2.503251934485648e-08,1.0000001675883499,1
868,06:33:30,1.0850617309836379e-11,4.4456352612730384e-12,4.726445701719837e-12,9.64041699915038e-13,1.878714554556216e-12,2.6751313292692082e-09,1.000000172269636,1
869,06:34:00,7.361107679780966e-12,3.8115338505221895e-12,4.212073414716707e-12,6.805759987583027e-13,1.6915317608293972e-12,9.503828034152071e-10,1.0000001771431317,1
870,06:34:30,6.643827233922156e-12,4.0856393044154905e-12,5.3831629986198116e-12,7.343492982944352e-13,1.5327948912703108e-12,4.2466089670360934e-09,1.0000001822196865,1
871,06:35:00,5.783759321174337e-12,3.429772735958026e-12,6.940342794088805e-12,8.171323522410667e-13,1.5931159135889437e-12,4.918929968604002e-09,1.0000001875109266,1
872,06:35:30,5.912131264454836e-12,3.497294936932352e-12,3.827202057062738e-12,8.179012336793722e-13,1.5884626353481993e-12,6.04398016951313e-10,1.0000001930293518,1
873,06:36:00,4.649481913890627e-12,1.573377247990427e-12,2.0357206961103336e-12,7.496193417740708e-13,1.200380944626719e-12,2.1781773220759347e-09,1.0000001987884017,1
874,06:36:30,5.215703567200183e-12,2.6109420039174948e-12,2.6888986728318437e-12,6.7738706292248e-13,1.2815106415953545e-12,6.612535700415429e-09,1.000000204802532,1
875,06:37:00,5.921238975944327e-10,5.813672456487438e-12,2.599404820525764e-12,1.9958982057844463e-12,1.5041762357541669e-12,3.533824709966299e-08,1.0000002110873354,0
876,06:37:30,7.1672822323218984e-12,2.3275801564027016e-12,2.7229222071620063e-12,6.577250444875313e-13,1.549291399280323e-12,3.940711492216085e-09,1.00000021765964,1
877,06:38:00,6.4009792569335386e-12,3.957559885653036e-12,6.105013027008165e-12,8.098031699506e-13,2.0507638856537166e-12,8.119174510207682e-10,1.0000002245376167,1
878,06:38:30,7.201778722822137e-12,4.757730174268715e-12,6.2191735840925366e-12,8.433516222306159e-13,1.5132618312570117e-12,5.2847592862081935e-09,1.0000002317409427,1
879,06:39:00,5.539937791325772e-12,4.143057799250061e-12,8.411098619778474e-12,9.30038136871297e-13,1.7758956385059852e-12,1.9498027516572306e-08,1.0000002392909382,1
880,06:39:30,7.147479726634957e-12,3.3198025202674795e-12,4.5397136034835806e-12,6.829877002500031e-13,7.559370870476524e-13,1.2508456204311724e-08,1.0000002472107334,1
881,06:40:00,6.313612378386628e-12,1.825659180484209e-12,2.6729532321127804e-12,7.355255112707502e-13,1.3925888367279268e-12,3.934424720998231e-09,1.000000255525475,1
882,06:40:30,4.893113884423708e-12,1.74205396274076e-12,3.3635839577531723e-12,5.605327000185595e-13,5.375867816662619e-13,2.7503319551317906e-09,1.0000002642625414,1
883,06:41:00,5.4667257892611875e-12,2.810890216889593e-12,2.9418674000388068e-12,6.610123671480138e-13,7.974949201539425e-13,3.135643870751235e-09,1.000000273451779,1
884,06:41:30,5.810440934468851e-12,2.2119215681002024e-12,2.1518530470818337e-12,6.596733260386805e-13,1.2506882071854376e-12,2.796363869513989e-09,1.0000002831258004,1
885,06:42:00,4.773292256992524e-12,2.4522718865934693e-12,1.6827126861710392e-12,5.964964807342967e-13,1.2041074618005374e-12,7.684998923986189e-10,1.0000002933202947,1
886,06:42:30,4.248030914141512e-12,1.9935210489865353e-12,2.4133738973929897e-12,5.560784524213753e-13,9.448461317331494e-13,3.309957178543766e-09,1.0000003040743854,1
887,06:43:00,5.813773116402332e-12,2.227824522608205e-12,2.337825969071936e-12,6.750364834822818e-13,1.7028795135332724e-12,7.620756418129627e-10,1.0000003154310653,1
888,06:43:30,4.909604414728914e-12,2.5987067813584123e-12,1.910498994637791e-12,6.077931360445066e-13,1.2046376743318768e-12,1.9184032055058884e-09,1.0000003274376668,1
889,06:44:00,4.8388886403844894e-11,4.286991376624432e-12,3.2446850368410884e-12,8.874208891864496e-13,1.981980855621258e-12,1.2362946012720463e-08,1.000000340146409,1
890,06:44:30,5.61808970008514e-12,1.7070455831142875e-12,3.1884558537689373e-12,6.185229853638068e-13,1.3961958432760385e-12,1.5356459111331776e-09,1.0000003536150497,1
891,06:45:00,2.4449003785614495e-10,5.744526367099176e-12,2.7639066265764937e-12,9.683397683954024e-13,1.755810902711311e-12,3.7828352172894955e-08,1.0000003679076204,0
892,06:45:30,7.1701113521940295e-12,2.340948355173266e-12,2.304410108993533e-12,7.041414745205602e-13,1.4286502401387452e-12,6.97537459558015e-09,1.0000003830952817,1
893,06:46:00,5.426493663806174e-12,3.0901782888595314e-12,2.565165217939235e-12,8.678023561758471e-13,2.161336696628518e-12,3.43565495119164e-09,1.0000003992573532,1
894,06:46:30,6.9885887861833295e-12,2.6966315926285183e-12,5.182151137948091e-12,8.166437559441261e-13,1.313102048030135e-12,3.361997756795946e-09,1.000000416482481,1
895,06:47:00,7.426947117120508e-12,3.9972249260897166e-12,6.7605769570020376e-12,8.930701845039501e-13,1.744189174207378e-12,2.0858547216700945e-08,1.0000004348700418,1
896,06:47:30,4.642095198072556e-12,2.5771582765002004e-12,3.5670487467035725e-12,6.665792419463891e-13,1.068752842567695e-12,2.0579777239266033e-09,1.0000004545318106,1
897,06:48:00,3.5916547314862314e-11,2.2675692924045637e-12,2.7469553778952674e-12,6.097671401145524e-13,6.5526964694185e-13,4.774021011376678e-09,1.0000004755939202,0
898,06:48:30,2.7150277223359503e-11,2.618732380603454e-12,2.045114901937879e-12,4.930611034500127e-13,1.005011943487077e-12,7.623166125045788e-09,1.0000004981992299,0
899,06:49:00,3.37676388167116e-10,6.881249783638535e-12,2.950201749687527e-12,1.349282459452854e-12,1.1263869773361853e-12,4.592268958186182e-08,1.0000005225101827,1
900,06:49:30,6.635611867872904e-12,2.9995087166121766e-12,4.373767741480283e-12,6.553536897436732e-13,1.1259217314863484e-12,1.0801402812532926e-08,1.0000005487122414,1
901,06:50:00,1.0468732179735376e-11,2.978716494480155e-12,2.5316875648716657e-12,6.381332348730314e-13,1.5029103571909578e-12,1.3955897539476586e-08,1.0000005770181033,1
902,06:50:30,8.699156160297887e-12,2.727952982651794e-12,5.00126773336557e-12,7.086161116354568e-13,1.1116426967427948e-12,2.2051875529324525e-08,1.000000607672862,1
903,06:51:00,6.515215352598597e-12,3.9812041015199565e-12,4.192713916610519e-12,8.366041829949705e-13,1.925994184594237e-12,8.765895062996181e-09,1.0000006409603948,1
904,06:51:30,5.1364279231388264e-12,2.8356885337514327e-12,3.617028595015903e-12,8.139994455688723e-13,8.400805682593249e-13,1.1297207515398624e-08,1.0000006772113301,1
905,06:52:00,6.042097843264023e-12,2.739686156804354e-12,3.7367133807760924e-12,7.957246579811524e-13,9.675315757456366e-13,1.0819588794745644e-08,1.000000716813068,1
906,06:52:30,6.040631434106412e-12,2.579558189081513e-12,3.7007878447451445e-12,6.514961897322552e-13,1.2805001491558126e-12,8.860136615978537e-09,1.0000007602224816,1
907,06:53:00,5.151549951360135e-12,2.064013044679124e-12,3.021470022516193e-12,6.878760315984302e-13,1.2823350384860622e-12,2.0730915022852097e-08,1.0000008079822282,1
908,06:53:30,5.276559888971131e-12,2.0355135007664124e-12,3.1463557016719233e-12,6.142792013892906e-13,6.983967210627655e-13,7.035753664584187e-09,1.000000860741876,1
909,06:54:00,4.13770371271868e-12,1.9942719054807865e-12,2.9520525503181446e-12,7.377957694053456e-13,7.713143676977002e-13,4.519124640737112e-09,1.000000919285597,1
910,06:54:30,5.13308935112599e-12,2.087046218611297e-12,2.0357205993399463e-12,6.382473577805935e-13,1.3123941776431307e-12,1.0142677223684593e-08,1.0000009845689897,1
911,06:55:00,8.13416527209288e-12,2.6685617973586963e-12,2.3351361482494333e-12,7.623428601881311e-13,1.4659529610839935e-12,5.200529911233489e-09,1.000001057768687,1
912,06:55:30,6.4864345387856144e-12,2.15182444368939e-12,1.6782749775627064e-12,5.786423007700905e-13,1.2047443512954889e-12,9.930945659624145e-09,1.0000011403502675,1
913,06:56:00,5.8107814809233435e-12,2.2692717877227567e-12,2.618689435489312e-12,6.29778418305673e-13,1.0603097779167946e-12,2.5488951967854536e-08,1.0000012341628675,1
914,06:56:30,5.878355538424816e-12,2.2527347398914536e-12,4.0537767026415785e-12,7.319933101592159e-13,1.7823566896087691e-12,2.220436167627218e-09,1.0000013415735451,1
915,06:57:00,6.097889748658654e-12,2.6594402142936304e-12,6.219764635050769e-12,6.497793093570485e-13,9.261892885956368e-13,1.2787889598468217e-08,1.0000014656622758,1
916,06:57:30,8.126502101429386e-12,5.1594004692725185e-12,8.83629717454424e-12,9.798970084148672e-13,1.5593612764403836e-12,1.227626519522686e-08,1.0000016105119807,1
917,06:58:00,3.9158513134759876e-12,2.6012175948496495e-12,3.0715498022415925e-12,7.825669810176939e-13,1.3473916745599645e-12,1.8219419206489394e-09,1.0000017816519964,1
918,06:58:30,5.6207359620370725e-11,3.658127395978865e-12,3.5383632125066664e-12,6.162160820865081e-13,8.759463339690525e-13,9.14672075965677e-09,1.0000019867581469,1
919,06:59:00,8.753656991168988e-10,2.8988263101751643e-11,4.877612347796059e-12,1.878082468102089e-12,1.931913094572801e-12,1.7150660289547242e-07,1.000002236799409,0
920,06:59:30,1.2090375309371892e-09,3.5001908693871556e-11,1.0356226142233901e-11,6.111131152496252e-12,5.854637518655172e-12,1.5611382530576655e-07,1.0000025479990937,0
921,07:00:00,1.1346804513723189e-09,4.096654368563418e-11,1.1336552063996167e-11,1.0185628017432115e-11,9.828171265033545e-12,7.893918992866722e-08,1.000002945366439,0
922,07:00:30,7.134095802302548e-10,7.1162811604127215e-12,3.150609456052997e-12,9.52190215149322e-13,1.1545174933540953e-12,3.475100629500772e-08,1.0000034694655988,0
923,07:01:00,8.956287395644344e-11,4.438380822732755e-12,4.332998077489967e-12,6.870133882705973e-13,1.789477016040257e-12,3.637191064402488e-08,1.0000041904335202,0
924,07:01:30,6.364701331859645e-11,3.3792601587459183e-12,2.54952928341053e-12,6.23519623154258e-13,1.429188352829838e-12,1.0190126245455014e-07,1.0000052400234891,0
925,07:02:00,2.1143810295485274e-11,2.5061389206109004e-12,3.940609022813846e-12,6.727780823613995e-13,1.1365083212406223e-12,2.3847994816475176e-09,1.0000068951268106,0
926,07:02:30,1.4071730116484344e-10,8.01524749788794e-12,1.9817937688332186e-12,1.2508550410727271e-12,1.1475907775089868e-12,6.400819148127088e-08,1.0000098396729367,0
927,07:03:00,1.9004715531704698e-10,1.0964589763995822e-11,2.217432732259343e-12,1.273548400579659e-12,2.2169237503950373e-12,1.8134443120985272e-07,1.0000162581053527,0
928,07:03:30,3.337073311837715e-10,2.1517014741692193e-11,2.38881004727617e-12,1.2890777641268229e-12,1.8025533718015779e-12,1.749950463937267e-07,1.0000376569439298,0
929,07:04:00,4.349330862382688e-10,2.543854313074608e-11,3.827266962678788e-12,1.3700459019773353e-12,1.9145582220524837e-12,1.8579598655927024e-07,1.000931867748917,0
930,07:04:30,1.2433202499400471e-12,3.5489590261768503e-13,1.8365144306802435e-13,7.670292608129968e-14,1.1584657283695009e-13,4.766730541213019e-10,30.080506408072125,0
931,07:05:00,6.656265513286436e-79,3.644470085523943e-79,2.861475711990736e-78,6.341494717692605e-79,6.185912153425988e-80,0.0,31.000010734825285,0
