index,start_time,eeg_delta_power,eeg_theta_power,eeg_alpha_power,eeg_beta_power,eeg_spindle_power,eog_var,emg_rms,label
1,23:41:30,3.822584034724334e-10,1.1070933650006511e-10,8.979497003951369e-11,4.7432015237425514e-11,6.163015103469446e-11,2.7058112998204723e-08,9.605491065971648,0
2,23:42:00,6.0926286809145e-10,3.920518900980036e-11,6.1643066575498755e-12,2.6344857482006624e-12,3.6280566489767775e-12,1.0749137884279541e-07,2.0000149280832984,0
3,23:42:30,1.8506972508913507e-11,5.981315977077892e-12,2.561363211523956e-12,1.051495118459764e-12,1.6171169405949022e-12,2.0244677911926583e-08,2.000003667315295,0
4,23:43:00,1.1962521959219539e-11,4.40945124799781e-12,4.390108577144833e-12,1.122111284129101e-12,1.5666560062584435e-12,7.858777558521406e-10,2.0000033254193146,0
5,23:43:30,8.424906131466075e-11,9.041439208531674e-12,6.195307883345464e-12,1.2959033341185847e-12,3.0676780235823253e-12,1.595044766960587e-08,2.0000051356679567,0
6,23:44:00,1.8386805967222787e-10,2.3791250756079405e-11,5.11226700968062e-12,1.8526879598179697e-12,2.5320772313543694e-12,6.0427590635219e-08,2.0000090010450124,0
7,23:44:30,1.0393868058785382e-10,8.00920964569959e-12,2.64657546644208e-12,1.036647086713424e-12,1.876075413771393e-12,4.778495126851727e-08,2.0000175733776224,0
8,23:45:00,1.946044221511485e-10,2.7289698815271946e-11,6.255328724845734e-12,3.1831723190744753e-12,4.803271769662694e-12,7.934862956035436e-08,2.000043099338596,0
9,23:45:30,3.856850735167434e-10,3.831811570312124e-11,5.470289387632426e-12,2.5828664489213927e-12,3.8905396494827095e-12,9.039131054601318e-08,2.0002145746086533,0
10,23:46:00,3.038615700002143e-10,3.8539533760733425e-11,5.419859898059074e-12,1.7185132873968728e-12,3.671869331934965e-12,3.5212348795447426e-08,7.342826469177985,0
11,23:46:30,3.7956592001268485e-10,3.36336741762938e-11,7.298615499907059e-12,2.2734780996427006e-12,4.960958744945505e-12,5.309203455366276e-08,2.00026801366892,0
12,23:47:00,5.47819425994493e-10,2.6714912096636395e-11,5.014535594107919e-12,2.1565150902554588e-12,2.7959837475519268e-12,4.05226777202668e-08,2.0000515701170536,0
13,23:47:30,1.1277361135462521e-10,4.812499383868248e-12,2.3783200342805694e-12,1.2494169997708918e-12,1.733378114824793e-12,6.227148813162597e-09,2.000022093015374,0
14,23:48:00,7.777274185190312e-11,4.98671998280792e-12,2.655892787837843e-12,1.096277913664945e-12,1.7639321992446478e-12,1.2478987510531236e-08,2.00001231239958,0
15,23:48:30,5.496660223508112e-11,3.639231517689863e-12,3.3221048201611276e-12,1.4704082018312395e-12,4.2387136712234014e-12,8.819047230916527e-09,2.0000078602364795,0
16,23:49:00,4.642696114121548e-11,4.168829358611209e-12,3.2932740314872113e-12,1.112375109177772e-12,2.1738343584835837e-12,1.5825173849506403e-08,2.0000054558456637,0
17,23:49:30,5.3857973943872864e-11,4.324954870024555e-12,2.215597820380946e-12,9.882124877768558e-13,1.7710396671980978e-12,4.948119238417913e-09,2.000004008619617,0
18,23:50:00,3.945004514398269e-11,3.3899529359861922e-12,1.6034263014261731e-12,1.0322686627234977e-12,2.1380890792933268e-12,7.999382652444289e-09,2.000003069395315,0
19,23:50:30,2.9774617277990385e-10,1.5193750159839368e-11,4.451305878540884e-12,1.9326741288933025e-12,2.5412213961584165e-12,2.518428075091304e-08,2.0000024250917248,0
20,23:51:00,5.363969606862428e-11,5.309314576173387e-12,2.0375781544297416e-12,9.055166140330979e-13,1.7251682987131435e-12,4.766256161852387e-09,2.000001963859561,0
21,23:51:30,7.023878693878507e-11,4.10621588676071e-12,1.183629271194666e-12,8.621514287183998e-13,1.2933330425030368e-12,5.839561628996943e-09,2.000001622330313,0
22,23:52:00,3.8920832284186315e-11,4.2386506723471295e-12,1.6066118389997271e-12,1.1613539940527917e-12,1.5845120781769385e-12,4.006591514647604e-09,2.0000013623908335,0
23,23:52:30,4.5211043509303924e-11,2.8346455287079224e-12,2.185136658911094e-12,9.013888959146918e-13,1.5753719721992467e-12,5.440442321589408e-09,2.0000011599871272,0
24,23:53:00,4.454268322330323e-11,3.186827801559921e-12,1.840044105255871e-12,7.852307122091747e-13,9.80890271981023e-13,5.247294355907142e-09,2.0000009993242016,0
25,23:53:30,3.4577717503561416e-11,3.1005093024757375e-12,1.221153540443135e-12,8.033409774958956e-13,1.4035755356353639e-12,3.0525301882649914e-09,2.0000008696797567,0
26,23:54:00,2.6834626234086595e-11,2.9239082675317025e-12,1.89520666312817e-12,9.68546138643312e-13,1.3025637386867182e-12,3.149454200050879e-09,2.000000763566244,0
27,23:54:30,1.209747729808201e-10,3.305978938358347e-12,1.3729975524849835e-12,8.605897148153112e-13,1.1600366355789125e-12,9.902866285456623e-09,2.0000006756260307,0
28,23:55:00,3.678049230774907e-11,2.8635320325187987e-12,1.3448343852353963e-12,8.656878855660051e-13,1.0958578163415016e-12,8.27788205916223e-09,2.0000006019433147,0
29,23:55:30,5.222878010227715e-11,3.6242380576484504e-12,1.877200512763975e-12,8.295150294372988e-13,1.6419216736983349e-12,4.505823961234606e-09,2.000000539602238,0
30,23:56:00,2.0139253230730545e-11,3.1951740176887605e-12,1.7154250289421086e-12,8.647970023510451e-13,1.1128361193547673e-12,4.961761885239532e-09,2.0000004863953786,0
31,23:56:30,1.193867304366777e-10,3.7591004613623285e-12,2.551558512611047e-12,1.7272825794986569e-12,1.6707582070133431e-12,2.0824244143977258e-08,2.00000044062681,0
32,23:57:00,2.875642834675867e-11,2.4552555803197537e-12,2.582803992996853e-12,9.272054574245561e-13,1.6820908001373092e-12,4.590878002060553e-09,2.0000004009762256,0
33,23:57:30,5.641160625729857e-11,4.321971152433594e-12,2.497806375167356e-12,1.0159260697276774e-12,2.092676554132322e-12,4.141804005547798e-09,2.0000003664033823,0
34,23:58:00,2.3298953940715125e-11,3.173261181285389e-12,1.4893292268096642e-12,1.0233631059576944e-12,1.4475170914384434e-12,3.621020153400922e-09,2.0000003360797565,0
35,23:58:30,1.4884870847997558e-11,2.5476452288590427e-12,2.7608637519292378e-12,6.337401374309538e-13,1.3187382159332296e-12,4.798687765382261e-09,2.000000309338891,0
36,23:59:00,2.0395688934245757e-11,3.2533917087674593e-12,3.570677659208015e-12,9.45718877932492e-13,1.7720755046710718e-12,5.753714414671904e-09,2.00000028563982,0
37,23:59:30,1.4675930237805712e-11,2.2416144855559635e-12,1.823689300325369e-12,8.20605337999668e-13,1.777654544566611e-12,5.161390538989719e-09,2.0000002645397608,0
38,00:00:00,1.4475894779634125e-11,2.535318995255669e-12,8.381241205685998e-13,5.885189903520239e-13,9.554976819367152e-13,1.8517029516034394e-08,2.0000002456735086,1
39,00:00:30,8.685910361211481e-11,4.952573823704832e-12,2.4632181828109694e-12,1.611780711115078e-12,2.2687632756262973e-12,3.121687537154294e-08,2.0000002287376906,0
40,00:01:00,1.8821442861822773e-11,3.310973868951498e-12,2.031375771883575e-12,1.0161419671596888e-12,1.8457158108817095e-12,9.902463593812951e-09,2.0000002134786303,0
41,00:01:30,1.681111946047332e-11,3.3390689114476716e-12,1.6408050480357909e-12,7.827357131943494e-13,1.4892820359806324e-12,1.78130037354283e-08,2.0000001996829027,1
42,00:02:00,1.391990654142326e-11,2.6718221142524757e-12,9.056226555631992e-13,3.955690207957576e-13,5.406856660373174e-13,1.2593931928588093e-08,2.000000187169913,1
43,00:02:30,1.8111645782745497e-11,3.0287432187741844e-12,2.0910413541125335e-12,6.914833446994803e-13,1.0819872680733046e-12,2.7256601878813513e-08,2.0000001757860275,1
44,00:03:00,1.3159607099905741e-11,3.4985269119150963e-12,9.750452489467778e-13,5.003178952651656e-13,8.438174321612179e-13,1.1744411402361172e-08,2.000000165399889,1
45,00:03:30,1.87669505398157e-11,5.367222950481572e-12,2.2081059790323347e-12,6.961164786096064e-13,1.9187113619697772e-12,3.757158879991697e-08,2.000000155898658,1
46,00:04:00,1.3650363019824673e-11,3.2250346384146104e-12,1.0168895708938499e-12,5.390422887936399e-13,1.0104628241771257e-12,1.753538825840899e-08,2.0000001471849673,1
47,00:04:30,1.8804938210274562e-11,5.83918142212835e-12,1.6493940889450252e-12,6.574326641350829e-13,1.447160630819074e-12,1.2589438490685164e-08,2.0000001391744524,1
48,00:05:00,2.490011504387218e-11,5.7838607524440545e-12,2.3319527475530733e-12,7.447421746904509e-13,1.574240814965846e-12,2.6265842343718096e-08,2.00000013179372,1
49,00:05:30,6.869061092840124e-11,1.3506710084822168e-11,3.5244236084780896e-12,2.4110212774689204e-12,8.465502827949329e-12,7.217916133411018e-09,2.0000001249786874,2
50,00:06:00,1.811579174115551e-11,4.824034839494517e-12,3.22871467200397e-12,1.404882307404671e-12,1.907871115997482e-12,3.9846546884260165e-08,2.000000118673199,1
51,00:06:30,2.6500505289342056e-11,5.594345611943622e-12,1.8949838677318514e-12,9.059412243589819e-13,1.943895751009976e-12,3.374984298944933e-08,2.00000011282788,1
52,00:07:00,2.8545870323509418e-11,6.967368372483641e-12,2.2855978248681207e-12,1.371590444987644e-12,3.5509948423599066e-12,2.512733335609763e-08,2.000000107399183,2
53,00:07:30,4.034526481643185e-11,8.908535126514112e-12,2.2303281709531396e-12,1.442157495915447e-12,5.065465167088074e-12,1.1096828709581221e-08,2.000000102348576,2
54,00:08:00,4.045882674189359e-11,1.3543311943810656e-11,3.6379599616359844e-12,1.7595616428574313e-12,5.654029792685173e-12,9.151207500517999e-09,2.000000097641873,2
55,00:08:30,2.05792440024243e-11,3.819837339777764e-12,4.948741147213264e-12,1.0955803062153932e-12,2.6013404007506835e-12,4.313323425995929e-09,2.0000000932486532,2
56,00:09:00,8.357559310681376e-11,3.2062229438091135e-11,9.44687686807648e-12,4.006934151593458e-12,2.1052418904532625e-11,2.321149394439934e-08,2.0000000891417824,2
57,00:09:30,4.794605472333192e-11,1.9517369870238873e-11,3.775738214080954e-12,2.0027858646257377e-12,8.567719084406574e-12,6.2855870902843285e-09,2.000000085296991,2
58,00:10:00,8.815141857378908e-11,2.3823623971356086e-11,7.429211307066686e-12,4.105505202162987e-12,2.3899559737935554e-11,1.9988236440224333e-08,2.00000008169252,2
59,00:10:30,2.4074167616167483e-11,5.588715116954745e-12,1.9665391455310757e-12,1.235316391529969e-12,4.217263404989481e-12,3.002350118308986e-08,2.000000078308819,2
60,00:11:00,4.496623894549271e-11,7.40722258369226e-12,5.524217256923703e-12,2.4611046918100552e-12,1.2549226806566367e-11,1.1961415559201049e-08,2.000000075128279,2
61,00:11:30,1.3670124974025336e-10,1.543259922942112e-11,6.972482725247752e-12,2.0517897344583966e-12,1.2657244881655329e-11,1.0227821946806202e-08,2.000000072135011,2
62,00:12:00,5.0546635342706264e-11,7.899786458942592e-12,5.446500465620053e-12,4.760002554265975e-12,3.189546696508096e-11,1.5265527623309315e-08,2.0000000693146407,2
63,00:12:30,6.895991947521432e-11,1.4691961120194207e-11,7.717689176918337e-12,2.482647232982029e-12,1.2190522446551135e-11,6.190409299513388e-09,2.0000000666541506,2
64,00:13:00,6.817704461126938e-11,8.108302158998039e-12,5.980411676368084e-12,2.8520038302579047e-12,1.5917373610238206e-11,1.1746187595594469e-08,2.000000064141719,2
65,00:13:30,7.496941490646922e-11,1.7679690265382678e-11,7.433518631918752e-12,3.363559475318485e-12,1.5371205879021025e-11,5.693237263789111e-09,2.000000061766594,2
66,00:14:00,1.246929603576938e-10,4.826825236972222e-11,1.4982610734803195e-11,2.8145085572304135e-12,1.614790674881204e-11,5.745337397331364e-09,2.0000000595189804,2
67,00:14:30,1.311239450275435e-10,9.518396454065706e-12,4.419642594708208e-12,3.00483433676955e-12,1.5833696682579505e-11,2.1198410637011162e-08,2.00000005738994,2
68,00:15:00,1.7146571820619126e-10,2.071550008103841e-11,1.0376636652827839e-11,2.7719192622327045e-12,1.8954980019285324e-11,2.8390362754376127e-09,2.0000000553713027,2
69,00:15:30,1.389497651865911e-10,2.120048268017954e-11,1.9049725649320826e-11,2.537378560619935e-12,1.670038399724817e-11,4.770243925596437e-09,2.0000000534555875,2
70,00:16:00,1.264269907321816e-10,1.0317053725478472e-11,6.359849546297894e-12,2.386126704736492e-12,1.7720808151195335e-11,4.938095670121993e-09,2.000000051635935,2
71,00:16:30,8.189414274745386e-11,1.3430194730580934e-11,6.210956515673458e-12,2.7611255968869553e-12,1.9821480366635138e-11,1.3880567386416907e-09,2.0000000499060477,2
72,00:17:00,9.595279999092778e-11,1.0037715808309906e-11,4.383324318294669e-12,1.1513663510714486e-12,7.130299003934228e-12,2.361941483753167e-09,2.0000000482601346,2
73,00:17:30,9.08364663398653e-11,1.543040365641191e-11,5.9337991910526046e-12,3.11529676936961e-12,1.4963501470250066e-11,7.513850173147853e-09,2.0000000466928616,2
74,00:18:00,1.0492499030504522e-10,1.1294511416034443e-11,6.582443653130255e-12,2.4474330002647656e-12,1.5756361491714916e-11,7.861334735882618e-10,2.0000000451993127,2
75,00:18:30,1.0589427624330667e-10,1.3286505774569385e-11,6.528289063010767e-12,2.8503216542279447e-12,1.9117801565377992e-11,1.1325924608750845e-08,2.0000000437749494,2
76,00:19:00,1.6738087167686428e-10,1.6099886328350546e-11,5.3803253376840615e-12,1.947879105501818e-12,1.16182531416748e-11,8.33995477707006e-09,2.0000000424155737,2
77,00:19:30,1.079294952592183e-10,9.252994943340956e-12,4.442082364107675e-12,1.9068432320539857e-12,1.3313684837077048e-11,3.1967422796572652e-09,2.000000041117303,2
78,00:20:00,3.053609484377412e-10,1.4248452885584809e-11,8.931494398186314e-12,2.097117826082072e-12,1.487945018644618e-11,3.390397870700915e-09,2.0000000398765394,3
79,00:20:30,1.6919265590268488e-10,1.6386819768663966e-11,7.63328469556911e-12,1.844202417104303e-12,1.3065901880776356e-11,2.6065892781573434e-09,2.000000038689946,2
80,00:21:00,2.2252310261915494e-10,1.5738545624730732e-11,5.768911049226739e-12,4.586016383739887e-12,3.8073577262728655e-11,4.371410549079856e-09,2.0000000375544227,3
81,00:21:30,1.5362136432990446e-10,1.756357713164476e-11,6.530252223496508e-12,1.5779134774131703e-12,1.0949369090664675e-11,2.63902461126237e-09,2.0000000364670893,3
82,00:22:00,2.3743571242303295e-10,1.749471669057404e-11,9.606984431863314e-12,3.035531962445323e-12,2.0471873693583955e-11,4.010912090139304e-09,2.000000035425261,3
83,00:22:30,1.9819930251380248e-10,1.6900194957523888e-11,4.579299233156042e-12,1.4534627821493694e-12,9.709112664005503e-12,5.893569118079885e-09,2.0000000344264426,3
84,00:23:00,2.9669616967851715e-10,2.0691751879731537e-11,7.872117236330752e-12,2.246275527995039e-12,1.6410477541462738e-11,1.7421481883737758e-09,2.000000033468305,3
85,00:23:30,2.4851612565668937e-10,2.0475379452334013e-11,9.065208571986124e-12,2.139715952252494e-12,1.5255629311447215e-11,2.5067867437945076e-09,2.0000000325486735,3
86,00:24:00,4.692567205697752e-10,2.6193202978267642e-11,6.700425729814716e-12,2.1338565612336984e-12,1.4372656428144172e-11,3.989502826478761e-09,2.0000000316655187,3
87,00:24:30,4.727998599540714e-10,1.5278467497921142e-11,7.044475266296385e-12,1.3778978919452109e-12,9.20566312371734e-12,2.9795412059526715e-09,2.0000000308169397,3
88,00:25:00,3.2831291642819824e-10,1.7331970172812047e-11,7.902460460941192e-12,1.916089995884188e-12,1.4236501663197608e-11,2.820736240462926e-09,2.0000000300011607,3
89,00:25:30,4.1069274643145423e-10,1.6621547710052278e-11,8.007487270620047e-12,2.1380023130262247e-12,1.668874012241992e-11,4.000600573953266e-09,2.000000029216517,3
90,00:26:00,4.0241842360005907e-10,2.1752509327155357e-11,9.884804156170467e-12,1.4618352137264696e-12,9.362671351748445e-12,1.5508070585537236e-09,2.0000000284614474,3
91,00:26:30,4.5158748258767886e-10,1.5575946809630356e-11,6.8073254483091435e-12,1.5196850662661714e-12,8.906103153278657e-12,6.2937208221337885e-09,2.0000000277344885,3
92,00:27:00,3.2210198094894644e-10,1.8548493510378628e-11,7.127145643324514e-12,1.796599353464002e-12,1.3172168816988768e-11,2.6427051924952955e-09,2.0000000270342664,3
93,00:27:30,3.407074732094361e-10,1.0849362503509364e-11,6.618066472007085e-12,1.4282076295860596e-12,1.0288999049788742e-11,7.06209780148663e-09,2.000000026359487,3
94,00:28:00,4.952776001137147e-10,1.6978116720763133e-11,6.9136358610763834e-12,1.5545823501522246e-12,1.0609561197906777e-11,2.232419184011975e-09,2.000000025708937,3
95,00:28:30,3.847778969350002e-10,1.925321923478124e-11,6.507169055543297e-12,2.880918188199607e-12,2.197194257903471e-11,5.820738358265851e-09,2.000000025081473,3
96,00:29:00,4.460789286776366e-10,1.787195643076549e-11,5.979422575579052e-12,1.2722294528344751e-12,8.906364515664534e-12,4.637040330680144e-09,2.000000024476017,3
97,00:29:30,1.2943191703970311e-09,3.472034125912803e-11,1.992052690141153e-11,4.518484141339369e-12,1.934880989986922e-11,6.163174385052452e-09,2.0000000238915545,3
98,00:30:00,2.551803788097296e-10,2.3791520861853372e-11,7.308350260065931e-12,4.165997291429836e-12,6.897308437994827e-12,3.630180971696598e-08,2.000000023327129,3
99,00:30:30,5.688325490016303e-10,2.013672085537453e-11,7.174688495040286e-12,1.7944493960147492e-12,1.110270791042818e-11,1.618286697692511e-08,2.0000000227818373,3
100,00:31:00,1.3757595345486676e-10,1.3955832080145012e-11,6.526928743121951e-12,2.004799774846161e-12,4.252769662518539e-12,5.529339667846621e-08,2.000000022254826,1
101,00:31:30,7.821812376449848e-11,8.606449664448251e-12,5.737938861765667e-12,1.732188978411496e-12,7.347873587649742e-12,2.8669570169857717e-08,2.0000000217452887,2
102,00:32:00,9.801468933513167e-11,1.7036441491693114e-11,1.0840765889790658e-11,3.5061906663716273e-12,1.7834408615985556e-11,9.545277567006787e-09,2.0000000212524633,2
103,00:32:30,1.6459502713054591e-10,7.408670149807243e-12,8.651470033016618e-12,2.7478147751317638e-12,1.901989581816121e-11,1.2074815136833446e-08,2.0000000207756288,2
104,00:33:00,8.812606387455669e-11,8.092174960583062e-12,4.950935619095432e-12,2.8530756202421077e-12,5.8166013124170845e-12,1.9735845399954243e-08,2.0000000203141033,2
105,00:33:30,5.2737450762975175e-11,5.519899582283447e-12,3.879129623272869e-12,8.666333388404798e-13,3.563794742927442e-12,3.128849795627792e-08,2.000000019867239,2
106,00:34:00,5.944492221873516e-11,7.269105534150642e-12,6.125444515779195e-12,2.452278522413558e-12,1.4621692904380046e-11,2.1016328737958357e-08,2.0000000194344234,2
107,00:34:30,2.9945998939579395e-11,4.35327674395344e-12,5.608923152189815e-12,2.5851798417576436e-12,1.5116693638525358e-11,6.662995265297062e-09,2.0000000190150753,2
108,00:35:00,1.9124725382467461e-10,1.1271163794920617e-11,6.957408082174806e-12,2.935310648823741e-12,1.860735983605869e-11,4.743326600576642e-09,2.000000018608643,2
109,00:35:30,1.1483996127499429e-10,7.235798761307388e-12,6.382718504060128e-12,2.9571597389397544e-12,1.8572295541413877e-11,1.7164642430225428e-08,2.000000018214603,2
110,00:36:00,6.63982430518529e-11,6.340218535907142e-12,7.75904595394753e-12,3.3158344700837536e-12,2.399762845158698e-11,1.8935673578680128e-08,2.000000017832457,2
111,00:36:30,4.95273267524688e-11,7.976683872511615e-12,9.964122011933607e-12,1.7922844046490752e-12,1.2377746877476652e-11,8.449710421492832e-09,2.0000000174617325,2
112,00:37:00,1.474308651224637e-10,1.306373125586804e-11,1.0765977516591797e-11,2.0446740044240845e-12,1.215735451391331e-11,9.21806407589307e-09,2.0000000171019807,2
113,00:37:30,2.2655911272345518e-10,1.6754135413636127e-11,8.383362759444639e-12,2.1025754376539835e-12,1.3472756874574592e-11,3.424381230979395e-09,2.0000000167527725,2
114,00:38:00,5.4129122344540024e-11,7.99386559514991e-12,5.052526551692237e-12,2.306060784387412e-12,1.7180852524841837e-11,1.0277568681139405e-08,2.0000000164137024,2
115,00:38:30,7.501269662669515e-11,1.1235037982769186e-11,7.790883555194391e-12,2.2749707118353745e-12,1.7110554209049297e-11,4.773840524615608e-09,2.0000000160843827,2
116,00:39:00,1.3063080081919784e-10,7.925203569467087e-12,3.691777123576062e-12,1.4255074710608902e-12,9.991676056504566e-12,5.668917646410017e-09,2.0000000157644444,2
117,00:39:30,8.081354997534704e-11,1.2384836379644305e-11,7.698288003306563e-12,2.670574391610305e-12,2.0817299006573618e-11,2.6733632969824672e-09,2.0000000154535336,2
118,00:40:00,1.2538318035832478e-10,9.61942036568047e-12,4.5774097478724505e-12,1.404362886586955e-12,7.932571568369647e-12,5.520064853165461e-09,2.000000015151316,2
119,00:40:30,8.524982280565585e-11,9.723800659148459e-12,7.032851277792503e-12,3.7497476449040025e-12,2.935482753005849e-11,1.9563825516069996e-09,2.000000014857472,2
120,00:41:00,1.41827770819577e-10,1.0873039804636044e-11,6.646721471491063e-12,2.791912925286432e-12,2.247277408034318e-11,1.599994044769052e-09,2.000000014571695,2
121,00:41:30,1.5366167078876444e-10,1.5432893173289267e-11,6.850511978952574e-12,1.9385773250989394e-12,1.465735800167236e-11,1.491830797209338e-09,2.000000014293693,3
122,00:42:00,1.5725843733449067e-10,1.3883168698526683e-11,8.849153755666206e-12,1.46266924159724e-12,1.0940694846466679e-11,1.8142249830440406e-09,2.0000000140231875,3
123,00:42:30,1.0793142166490846e-10,1.8398319037766238e-11,5.192886528118952e-12,1.6737626190029866e-12,1.2769431171444886e-11,2.579940883021481e-09,2.0000000137599123,2
124,00:43:00,1.9573669249545013e-10,1.6532702356797697e-11,7.190832718894825e-12,1.369412756022063e-12,9.688429909591255e-12,1.7055586917014828e-09,2.0000000135036133,3
125,00:43:30,1.52511787109787e-10,2.3146513196095125e-11,5.9638151962000365e-12,1.733874111027085e-12,1.3544035727942315e-11,1.5199884677757455e-09,2.0000000132540463,3
126,00:44:00,4.0283711781285853e-10,1.7750565770513157e-11,5.353036293052752e-12,1.0112735797409407e-12,6.4888534661680744e-12,4.178882231317734e-09,2.0000000130109776,3
127,00:44:30,3.169833179273536e-10,1.765069044016793e-11,4.653430052568742e-12,9.899146725287273e-13,5.631624912163766e-12,1.901563952677091e-09,2.0000000127741857,3
128,00:45:00,4.361271632637801e-10,2.7838902404015652e-11,1.2618304615650758e-11,1.7880766540101378e-12,1.3236886454479707e-11,3.1607626857419446e-09,2.0000000125434565,3
129,00:45:30,1.987887238810897e-10,1.3633378259659701e-11,4.6354749038823785e-12,8.893631685165244e-13,5.928950247678913e-12,5.300022852975217e-09,2.0000000123185844,3
130,00:46:00,3.4726560124629713e-10,1.7316691139340265e-11,6.329488969943343e-12,2.114937695663818e-12,1.6691130331604225e-11,2.0154913048728805e-09,2.000000012099375,3
131,00:46:30,3.4537488240580414e-10,2.0928482532041725e-11,4.940087106524668e-12,1.3033722404211803e-12,9.305543257204049e-12,1.7387824283086821e-09,2.000000011885638,3
132,00:47:00,4.949387276038586e-10,2.3240457080927933e-11,6.644527615715898e-12,1.1337449558510273e-12,7.850185658337263e-12,1.0595232501713125e-09,2.000000011677196,3
133,00:47:30,3.983000733013622e-10,1.854721329983551e-11,6.755286114576153e-12,1.787734748763631e-12,1.3492683083505978e-11,2.0414624020551447e-09,2.0000000114738756,3
134,00:48:00,4.6312601353145266e-10,2.351454947253173e-11,6.395174266385309e-12,1.312359226624806e-12,9.190268154187013e-12,4.411516285457184e-09,2.00000001127551,3
135,00:48:30,5.803453868257839e-10,2.8439703645498773e-11,5.025497285637644e-12,9.188296797309521e-13,5.775300734587239e-12,1.185560248040585e-08,2.00000001108194,3
136,00:49:00,2.8237194620423886e-10,1.33141614998851e-11,5.3175149827181865e-12,1.1699463601760524e-12,7.704826964367325e-12,2.6314723086697537e-09,2.0000000108930136,3
137,00:49:30,2.855538662974009e-10,1.2765777952378211e-11,7.37438008764941e-12,2.3758439311659823e-12,1.9600403272973617e-11,3.0978741045176335e-09,2.0000000107085834,3
138,00:50:00,3.4291943107691175e-10,1.9431938464122542e-11,7.0424990143089965e-12,1.4959669635398587e-12,1.089539967556259e-11,1.2530868352216845e-09,2.0000000105285087,3
139,00:50:30,6.002158364719669e-10,1.9404128550359532e-11,7.681788556022107e-12,2.101340481284315e-12,1.1484558601560787e-11,1.323985922467416e-08,2.0000000103526534,3
140,00:51:00,5.968712390453887e-10,3.146379931470181e-11,9.375360586320067e-12,3.2214171275508067e-12,1.1261284420023887e-11,2.9498499577908472e-08,2.0000000101808877,3
141,00:51:30,1.5800090087575728e-10,1.252109992612612e-11,5.374913101076941e-12,1.362360112325241e-12,6.073902579122364e-12,1.7263198849695576e-08,2.000000010013086,3
142,00:52:00,1.2454658333683342e-10,9.983983854842223e-12,7.842334152703314e-12,1.4965403156805218e-12,7.070727792069334e-12,5.336752324951557e-09,2.000000009849128,3
143,00:52:30,2.2744315160879194e-10,1.1173585560877597e-11,4.970440790961417e-12,1.7481606212752445e-12,9.913235441555936e-12,5.398950333750196e-09,2.0000000096888972,3
144,00:53:00,1.074715099898194e-10,8.565943687722023e-12,8.288494828511198e-12,2.299298237375863e-12,1.5198900045579818e-11,1.5767497243069718e-09,2.000000009532282,2
145,00:53:30,1.5982382285166797e-10,1.5308235719549318e-11,5.6215797389730764e-12,2.1282598233262166e-12,1.3131242976228696e-11,3.961870040728243e-09,2.0000000093791757,2
146,00:54:00,4.3145605598104513e-10,1.780748820721969e-11,7.682531927708966e-12,1.952764858765615e-12,1.3880693553473014e-11,3.4443998882589436e-09,2.000000009229474,3
147,00:54:30,3.5872528745505245e-11,5.681648851906253e-12,4.774777454118997e-12,2.39628543190879e-12,1.8515906928077438e-11,4.275237157836373e-09,2.000000009083077,2
148,00:55:00,8.25544131019589e-11,8.197226374202069e-12,6.700152811298087e-12,2.777955429432864e-12,1.9858899983210613e-11,4.9078570207469114e-09,2.0000000089398884,2
149,00:55:30,9.663953428743551e-11,7.93408743634732e-12,6.473344416469589e-12,2.2387299270307907e-12,1.777885326960805e-11,2.081545033999268e-09,2.000000008799817,2
150,00:56:00,1.398474545490099e-10,1.3913334764482396e-11,7.062918293328361e-12,2.3350497740325793e-12,1.794335188418712e-11,2.099123832712421e-09,2.000000008662771,2
151,00:56:30,1.8496233666309823e-10,1.2850439423833461e-11,7.449657773335552e-12,1.9405819400015058e-12,1.3890320476854586e-11,1.1581841814408945e-09,2.000000008528666,3
152,00:57:00,1.8479649427936599e-10,1.3449960091189451e-11,4.9093095029454136e-12,1.5213302203154273e-12,1.1265174915061518e-11,2.2252981746989873e-09,2.0000000083974188,3
153,00:57:30,3.015044138195181e-10,1.7504785075947097e-11,8.642056320879811e-12,1.1161746517811248e-12,6.40779309911169e-12,3.766308104968352e-09,2.000000008268949,3
154,00:58:00,3.743257811002926e-10,3.0653759405483733e-11,1.0350229886008757e-11,1.0831874724873911e-12,6.7146300429473435e-12,2.6119862346982665e-09,2.000000008143179,3
155,00:58:30,2.3084320927990227e-10,1.235824568478762e-11,5.207556973556277e-12,1.43969656813469e-12,9.854636131690773e-12,3.1892295302004217e-09,2.000000008020034,3
156,00:59:00,1.5663624587665753e-10,1.3628751040211366e-11,4.535293435233948e-12,1.5674067893958152e-12,1.1692452488578252e-11,1.41941065025619e-09,2.000000007899441,3
157,00:59:30,1.3106422681675473e-10,1.0866966291355795e-11,4.417485909105875e-12,1.1709959752274658e-12,8.348775516355994e-12,2.252478530064205e-09,2.000000007781332,2
158,01:00:00,3.145447538324453e-10,2.399906302701349e-11,4.414546549176107e-12,2.4552747320406982e-12,1.7581023882651372e-11,6.335988956518986e-09,2.0000000076656397,3
159,01:00:30,1.9489678400829559e-10,1.3779057837236917e-11,7.809931037121881e-12,1.928837432958725e-12,1.5405649697354823e-11,9.550177383804078e-10,2.000000007552297,3
160,01:01:00,1.7648946049720643e-10,1.581936181579991e-11,6.221879023629185e-12,1.662905563127664e-12,1.2874982509746655e-11,1.5772185268829402e-09,2.0000000074412423,3
161,01:01:30,2.3679300505037164e-10,2.4046483194468604e-11,6.5776256278292614e-12,1.9469917158617502e-12,1.5631945861655536e-11,7.23349158979551e-10,2.000000007332415,3
162,01:02:00,4.627093596719949e-10,2.5470344420022885e-11,5.6817504310234944e-12,1.780461318376239e-12,1.0018792664226541e-11,1.0366432073651838e-08,2.000000007225756,3
163,01:02:30,3.3256487455848495e-10,4.40864710684487e-11,1.2912110986809013e-11,3.648218274905998e-12,1.6309352998408825e-11,2.2550053559262216e-08,2.000000007121208,3
164,01:03:00,1.5752978106721253e-10,7.058981289075672e-12,2.718576541560411e-12,1.2652184927203129e-12,7.854314229267388e-12,1.1557364761736791e-08,2.000000007018717,2
165,01:03:30,2.2182606536934369e-10,2.530068911832466e-11,1.6319255116224558e-11,1.2541965343863478e-12,6.6021088688969695e-12,4.452660278302949e-09,2.0000000069182287,3
166,01:04:00,1.0639939080271594e-10,1.6061061961069274e-11,7.2037522572548025e-12,2.369128059594489e-12,1.4328201539012784e-11,2.3582108549963144e-08,2.000000006819692,2
167,01:04:30,1.0817025954267668e-10,9.248034901701971e-12,8.274668786559599e-12,2.7767112602206656e-12,2.23329174071021e-11,3.2339822314671366e-09,2.0000000067230572,2
168,01:05:00,2.9701074550574143e-10,2.7590457049986858e-11,8.600806876497093e-12,1.315638619153192e-12,7.111851124470119e-12,7.58561902448004e-09,2.0000000066282757,2
169,01:05:30,1.3638448763564581e-10,1.4347742537129446e-11,9.328298102738935e-12,1.935663516372329e-12,9.904299337404488e-12,1.4446967873470147e-08,2.000000006535301,2
170,01:06:00,1.5109470963800163e-10,1.4060821896699792e-11,9.027976894051074e-12,2.6540209040622623e-12,1.744331350418244e-11,7.867262134486289e-09,2.000000006444089,2
171,01:06:30,9.506702699614253e-11,2.4725384934103742e-11,1.0867322037424288e-11,2.2036535434388113e-12,1.3385025547026145e-11,5.908116846683304e-09,2.0000000063545933,2
172,01:07:00,7.217300866057668e-11,6.194452839205229e-12,3.2216329393614484e-12,1.8305759914840627e-12,1.1680138572371726e-11,8.183600192753657e-09,2.0000000062667724,2
173,01:07:30,1.5168486922713589e-10,1.2666594135574618e-11,7.527038021068786e-12,2.2873667609549635e-12,1.5867420914575614e-11,1.4245558539243992e-09,2.000000006180586,3
174,01:08:00,2.7428464120307914e-10,8.187973010253617e-12,5.743311050847944e-12,1.0719344626296977e-12,6.738869377695196e-12,1.726504874532013e-09,2.0000000060959935,2
175,01:08:30,8.791403216803406e-11,1.7354850860442603e-11,5.380855982545276e-12,2.54741383092025e-12,1.8969419912597855e-11,3.968908268560602e-09,2.0000000060129555,2
176,01:09:00,1.5008599462845057e-10,1.4888788411430432e-11,9.590474525883328e-12,2.269432381592725e-12,1.600117997621945e-11,5.840741009506055e-09,2.000000005931435,2
177,01:09:30,2.087050864456311e-10,1.0112395080504701e-11,4.78907222649378e-12,1.6180152750701313e-12,1.086475432381849e-11,3.4373914567748606e-09,2.000000005851395,3
178,01:10:00,1.75749480160004e-10,2.2180949582753943e-11,9.254938093538018e-12,1.5662552386552017e-12,1.0399134841435298e-11,2.6650180855676895e-09,2.0000000057728013,3
179,01:10:30,1.352462193713458e-10,7.255840160230084e-12,4.128424136248912e-12,1.106005071388926e-12,6.305978232573679e-12,4.284916170865933e-09,2.000000005695619,2
180,01:11:00,2.5964208105151086e-10,2.1164287402708258e-11,1.2704992506793142e-11,1.8653651189556687e-12,7.722725756635079e-12,1.3325830499037956e-08,2.000000005619815,3
181,01:11:30,8.082822571438489e-11,8.088106755235012e-12,3.31385041350736e-12,1.672517951105435e-12,7.147336148644871e-12,1.0559136347713714e-08,2.0000000055453566,2
182,01:12:00,1.632064075085992e-10,1.4787242649964633e-11,5.053629253579477e-12,1.794079935659015e-12,1.1104216814300344e-11,1.1966517371381472e-08,2.000000005472213,3
183,01:12:30,1.557714000378758e-10,1.9340184985722767e-11,1.2076672050257399e-11,3.0602341487462807e-12,2.097761049935809e-11,1.7994883494032354e-09,2.0000000054003526,2
184,01:13:00,8.810450940210441e-11,6.410027556874071e-12,5.100437178315759e-12,1.826530277940718e-12,9.745652008522545e-12,1.3826727765219965e-08,2.0000000053297464,2
185,01:13:30,5.253370679021794e-10,1.784936750859776e-11,1.0029893653202782e-11,3.156748781257701e-12,2.001422076190696e-11,5.766692369777264e-09,2.000000005260367,2
186,01:14:00,9.935176181419998e-11,1.757592233793957e-11,6.701929163986626e-12,2.6990598707778992e-12,1.6313012642852855e-11,2.5501291623199796e-09,2.000000005192184,2
187,01:14:30,1.8137418979978553e-10,1.0917526393023361e-11,8.773753479827701e-12,2.9076989753012683e-12,2.0150043749884263e-11,2.236837663858129e-09,2.000000005125173,3
188,01:15:00,6.022612271762424e-11,6.853915711434913e-12,4.5439077888123985e-12,1.7553950116380694e-12,1.2182148940110844e-11,8.612094561541443e-10,2.000000005059306,2
189,01:15:30,1.9034681580913939e-10,1.699571697469665e-11,1.0842991514158501e-11,2.0586505248871947e-12,1.4799058787341234e-11,7.834705465115514e-10,2.000000004994557,2
190,01:16:00,1.0491326816173036e-10,1.1170190751824593e-11,4.876172718467777e-12,1.0196433517873406e-12,5.735210983881965e-12,4.4271251153523265e-09,2.0000000049309032,2
191,01:16:30,3.0911569051259343e-10,2.1290568765604134e-11,7.345838513918919e-12,1.4439124515330614e-12,8.226376482305614e-12,1.3047133285464214e-09,2.000000004868318,2
192,01:17:00,1.6973221720765862e-10,1.7033696657829534e-11,3.9889653391780755e-12,8.382884726093027e-13,4.021768648057242e-12,2.0783979630546843e-09,2.0000000048067776,2
193,01:17:30,2.1217771264854047e-10,1.3887988618123374e-11,6.764882640242854e-12,2.1975085142620166e-12,1.410474322163654e-11,1.3852333915924368e-09,2.000000004746261,3
194,01:18:00,3.2306500004918655e-10,2.1201899308636925e-11,6.173458909814302e-12,1.3457365146818156e-12,5.89528783214607e-12,1.1764988676249812e-09,2.000000004686746,2
195,01:18:30,1.9328026834654887e-10,2.2905111412897203e-11,6.238789077227685e-12,2.2418879019754053e-12,1.3339023012106487e-11,3.997328423784905e-10,2.0000000046282094,3
196,01:19:00,1.6095376436218537e-10,2.175269744063719e-11,6.602225552849411e-12,2.7357288665498333e-12,1.5230779652670893e-11,2.8310710378017108e-09,2.0000000045706314,2
197,01:19:30,1.3515261066215504e-10,2.2140891457775604e-11,7.326392603521436e-12,1.1236486849561856e-12,4.925516455303761e-12,5.917086128373327e-09,2.000000004513991,2
198,01:20:00,1.2680350661989656e-10,1.2472176342631457e-11,5.2467826777690335e-12,2.0542273621864407e-12,1.1195559036553558e-11,2.7638073864453716e-09,2.0000000044582675,2
199,01:20:30,2.788323077163809e-10,1.848002283549789e-11,1.526890356116896e-11,1.7805484820017408e-12,1.0101765726604785e-11,1.9626404557221107e-09,2.000000004403443,3
200,01:21:00,1.258149429916465e-10,1.0630337829520975e-11,5.8626764420421915e-12,1.7384551485770434e-12,6.663455380041911e-12,8.31490891365846e-09,2.000000004349497,2
201,01:21:30,2.0031748365558935e-10,1.5687451049249815e-11,1.1442220327880908e-11,2.877903777986534e-12,1.5427165037500124e-11,2.8420161265820996e-09,2.000000004296412,2
202,01:22:00,1.9946289542151059e-10,2.221345007430212e-11,8.04542873752758e-12,1.5984270158862197e-12,6.536606852306349e-12,5.266894521030673e-09,2.0000000042441703,2
203,01:22:30,8.923379053761583e-11,2.2949409399841175e-11,5.952074699682841e-12,9.054392851296774e-13,2.898178974683875e-12,2.6104751976743418e-08,2.0000000041927537,5
204,01:23:00,3.4392648128938413e-11,9.032470596036412e-12,1.996543595094852e-12,8.593062555235877e-13,2.2859747262112765e-12,6.070451589194026e-09,2.0000000041421457,5
205,01:23:30,6.14643469513293e-11,1.7280308857558217e-11,4.156986775570974e-12,6.274775541331314e-13,1.8745506446082896e-12,8.86310471507981e-09,2.0000000040923274,5
206,01:24:00,5.295815045339899e-11,8.701158926512455e-12,2.2132262881598903e-12,8.343070758704756e-13,2.898155219491115e-12,2.0972242550431376e-08,2.000000004043287,5
207,01:24:30,3.0923861291767463e-11,6.706428015014171e-12,3.5686766848344394e-12,5.56896933775676e-13,1.1101503581900508e-12,6.188118947183871e-09,2.0000000039950057,5
208,01:25:00,6.694575769351806e-11,1.1565046220403796e-11,4.6494720365681705e-12,9.138212355727741e-13,2.6466449530187413e-12,7.536534333171303e-09,2.000000003947469,5
209,01:25:30,4.036968949624922e-11,1.3915083860095228e-11,3.0505385704973122e-12,9.60143554006896e-13,3.377297705850495e-12,4.839972734788808e-09,2.000000003900662,5
210,01:26:00,3.6420457366757195e-11,5.796662643210069e-12,2.5942642401191074e-12,1.2454774455041324e-12,5.076628066777714e-12,3.2384713784890585e-09,2.00000000385457,5
211,01:26:30,3.956726114465638e-11,9.051306414599704e-12,2.826540151719301e-12,1.113705715889812e-12,3.1391387938215824e-12,4.760009010550562e-09,2.0000000038091783,5
212,01:27:00,3.3557511362877307e-11,1.1303767954343885e-11,3.3526150365361345e-12,5.235462393434842e-13,1.2511500713110184e-12,3.4050267108002034e-08,2.0000000037644736,5
213,01:27:30,2.9432270587743007e-11,5.810378906458716e-12,2.11058655574883e-12,4.789249715255204e-13,9.529023948279693e-13,1.0337423129929966e-08,2.000000003720442,5
214,01:28:00,1.7765575450830548e-11,5.0297660053160224e-12,1.685854147453399e-12,4.245740038049715e-13,7.190672614480474e-13,5.09452319293269e-09,2.000000003677071,5
215,01:28:30,4.885509686242166e-11,6.1249112850583324e-12,2.483040717970864e-12,5.482536188051701e-13,1.343394013345097e-12,4.824825304727107e-09,2.000000003634347,5
216,01:29:00,2.8360865151028615e-11,7.365476692965768e-12,2.0752437913189585e-12,6.67014629459279e-13,1.8093682453661855e-12,1.2521687977202046e-08,2.0000000035922576,5
217,01:29:30,1.6856307824744612e-11,5.894764980192748e-12,2.513178581693873e-12,6.247493545529515e-13,2.3162700907645877e-12,3.8687818064296655e-09,2.0000000035507903,5
218,01:30:00,3.439955941916092e-11,8.66579003455293e-12,2.774045789950522e-12,6.964556581501264e-13,2.5719341448967184e-12,1.5331987562896583e-08,2.0000000035099346,5
219,01:30:30,3.7505210935920854e-11,9.634767314135574e-12,1.862045418116195e-12,6.064229409731199e-13,2.457096157044487e-12,6.5482319037571185e-09,2.000000003469677,5
220,01:31:00,2.3685811734265744e-11,5.561515997769862e-12,2.797581468741642e-12,9.54860113518592e-13,4.096985807879475e-12,4.1285071920423275e-09,2.0000000034300065,5
221,01:31:30,3.4312704856185874e-11,1.0251460560268047e-11,4.860410716826887e-12,1.149723377505322e-12,4.422374297559678e-12,1.623103230295878e-09,2.000000003390913,5
222,01:32:00,4.34574746927079e-11,5.779500937451177e-12,3.0025063564359606e-12,7.771155362749681e-13,3.3657685729837853e-12,1.3080051310514255e-09,2.0000000033523837,5
223,01:32:30,1.9962560919746213e-10,2.139258608650854e-11,9.647350014068097e-12,2.5455496864071474e-12,1.6331434189929826e-11,2.1770971666531994e-09,2.0000000033144105,5
224,01:33:00,4.5581823180299264e-11,6.0065163141154155e-12,6.0191933144369216e-12,2.393088575696496e-12,1.570223807222657e-11,1.5115117609123507e-09,2.0000000032769814,5
225,01:33:30,4.3992910495573095e-11,1.0197979202925724e-11,3.365672959739119e-12,1.8640733990194918e-12,1.0487594637443938e-11,1.6125167961487895e-09,2.000000003240087,5
226,01:34:00,5.094522813547984e-11,1.1789077548601946e-11,7.057633620614055e-12,1.1657492913088165e-12,4.271661324417759e-12,6.863549702082157e-09,2.0000000032037173,5
227,01:34:30,7.891508941184894e-11,1.3389070362059204e-11,8.39476565569085e-12,2.105358414481241e-12,1.0282957490306912e-11,1.943230309380395e-09,2.0000000031678615,5
228,01:35:00,6.291148291108753e-11,1.273082186280393e-11,6.9517154869153315e-12,2.350397165406357e-12,1.5251041537186986e-11,3.5866091506110057e-09,2.000000003132511,5
229,01:35:30,4.268759636773597e-11,1.4551684424201339e-11,3.944316484140516e-12,2.4294377340829844e-12,1.2516730274126059e-11,1.926489347191302e-09,2.0000000030976577,5
230,01:36:00,4.2820226467287183e-11,9.655489362686097e-12,4.424023151381471e-12,1.3502708222982798e-12,7.1017056365735266e-12,3.9441919745595396e-09,2.0000000030632905,5
231,01:36:30,6.490915941568572e-11,1.7453419611171867e-11,4.823619901589295e-12,1.8838383616698253e-12,1.1859206257518119e-11,4.304262037836737e-09,2.0000000030294025,5
232,01:37:00,4.319573869559712e-11,1.0574205958596408e-11,5.302395593231767e-12,2.669777494612967e-12,2.0090547901921393e-11,1.0809610242615714e-09,2.0000000029959843,5
233,01:37:30,8.921801869513451e-11,1.7248486280615976e-11,8.139357742752757e-12,2.0952248664038135e-12,1.5054585494156434e-11,1.1726121196796206e-09,2.0000000029630276,5
234,01:38:00,2.2272443001540137e-10,1.0950671580975069e-11,5.637174664084005e-12,2.192139655741064e-12,1.4095619439953903e-11,1.124880460493449e-09,2.0000000029305247,5
235,01:38:30,1.352306168099253e-10,1.1185857860989037e-11,4.5430751268498764e-12,1.4567098858248432e-12,8.538603078066258e-12,2.1104170012395067e-09,2.000000002898466,5
236,01:39:00,5.809492653793163e-11,1.0446496032239772e-11,6.713714032436012e-12,2.6073125421244534e-12,1.81706450243474e-11,2.4208376826805934e-09,2.000000002866845,5
237,01:39:30,7.646428729309423e-11,2.927444759271636e-11,5.753742664113402e-12,1.6703716718510476e-12,1.132099122602047e-11,4.784465091405995e-10,2.0000000028356544,5
238,01:40:00,1.0390544258846598e-10,7.432086455011171e-12,3.927912201918259e-12,1.6732255542316775e-12,1.1210085379771549e-11,2.2548575679731733e-09,2.0000000028048857,5
239,01:40:30,5.2732267143970164e-11,7.750749285562718e-12,5.935637615262825e-12,1.9089110318720045e-12,1.295976713077172e-11,1.165765053806894e-09,2.0000000027745317,5
240,01:41:00,1.382739790984931e-10,1.9965303579992036e-11,1.7085864723918347e-11,5.072128065261497e-12,2.24555994979428e-11,1.7276148683830807e-08,2.0000000027445854,2
241,01:41:30,4.4478362040994776e-11,6.019317688199348e-12,2.996625307958539e-12,1.702133566479245e-12,3.43774430552986e-12,2.587164449393426e-08,2.0000000027150397,2
242,01:42:00,1.070195166018664e-10,4.443013189743095e-12,2.5341889334484693e-12,1.7484300753975945e-12,5.882317392436456e-12,1.3444158318026388e-08,2.0000000026858875,2
243,01:42:30,3.305325288858815e-11,5.113130052288063e-12,4.37706396136721e-12,4.201043963175366e-12,3.473321843149591e-11,2.2800929753352805e-08,2.0000000026571234,2
244,01:43:00,6.518639195885152e-11,7.752490493239452e-12,3.158199304936511e-12,2.4294693229692334e-12,1.8374181036147082e-11,3.3789784113377496e-09,2.000000002628739,2
245,01:43:30,5.277753299611868e-11,7.099157254536507e-12,4.352328457353421e-12,1.3577335804962615e-12,9.148864460882279e-12,1.6497312000626042e-09,2.000000002600729,2
246,01:44:00,6.318936466055535e-11,7.399815099817737e-12,3.3792837534909848e-12,1.8608578710235435e-12,1.431927653306381e-11,4.193058379247459e-09,2.0000000025730857,2
247,01:44:30,1.8607540903383282e-10,2.1096834891460367e-11,8.740755320453005e-12,2.1064461683160777e-12,1.3169909229496355e-11,4.5567543731873716e-09,2.0000000025458045,2
248,01:45:00,3.7366789860599185e-11,4.144146315848457e-12,3.5803874305314763e-12,2.449462718601448e-12,1.8095672450847038e-11,1.009885401110866e-08,2.0000000025188784,2
249,01:45:30,4.422739956628605e-11,5.68099208076784e-12,4.932202976933822e-12,2.543479224044682e-12,1.9787604031248735e-11,1.8768425583992563e-09,2.000000002492303,2
250,01:46:00,7.657009415773398e-11,9.728335133829529e-12,1.375351969254722e-11,1.4898175796514218e-12,8.59747051784903e-12,8.294334213618851e-09,2.0000000024660713,2
251,01:46:30,6.529911832843376e-11,9.065694843071788e-12,3.5557957217833525e-12,1.4868530913478829e-12,1.0888684412520083e-11,8.665223087388667e-10,2.000000002440178,2
252,01:47:00,4.838608444521285e-11,5.9064548116785584e-12,4.607904602650754e-12,1.934633555000139e-12,1.5367675742476416e-11,1.212915399830439e-09,2.000000002414616,2
253,01:47:30,5.846292891234749e-11,9.094853997612973e-12,5.944255306179887e-12,2.347303583963512e-12,1.862487471699989e-11,2.7358676769441754e-10,2.0000000023893825,2
254,01:48:00,5.811603052296036e-11,8.634846023652203e-12,3.427118133558964e-12,1.4354334734837281e-12,9.449837074866124e-12,1.419422714874514e-09,2.0000000023644695,2
255,01:48:30,1.0408306612104269e-10,1.0254586578092482e-11,6.618310582992158e-12,2.671554896435801e-12,2.194608408369433e-11,1.8283081830078086e-10,2.000000002339874,2
256,01:49:00,8.68199507622567e-11,9.10824115769083e-12,4.204854437195899e-12,9.526499987655898e-13,6.3746493508107115e-12,2.0123793580920492e-10,2.00000000231559,2
257,01:49:30,8.355743684090121e-11,9.91904782928885e-12,4.413269540868591e-12,1.4779043152474013e-12,1.0275408566580888e-11,2.4767506760709095e-10,2.0000000022916127,2
258,01:50:00,5.1410509619948414e-11,9.02297317843031e-12,3.5721999598575393e-12,1.4026395457219365e-12,1.1014185876951934e-11,2.6403948732421227e-10,2.000000002267937,2
259,01:50:30,1.5853375083528006e-10,1.0216128616271143e-11,3.995159784388488e-12,1.532160513700062e-12,1.190125872458889e-11,2.6626353672634025e-09,2.0000000022445588,3
260,01:51:00,1.5414541878408782e-10,1.784092784501311e-11,1.178114790855628e-11,1.8062938033166228e-12,1.3756440847031233e-11,1.5537102496912762e-09,2.0000000022214715,3
261,01:51:30,1.6883546591358552e-10,1.249440047968724e-11,4.3926952697176615e-12,1.263875758118272e-12,9.490962371568032e-12,4.737015671255066e-10,2.000000002198673,2
262,01:52:00,3.014185624068625e-10,1.401146760854201e-11,7.71889067872441e-12,1.9252416808047522e-12,1.5021423475240043e-11,3.632593197901978e-10,2.000000002176157,3
263,01:52:30,3.5527668614191193e-10,2.669036980281038e-11,1.0624711075815683e-11,2.989546272928912e-12,2.4799841027869724e-11,7.23370280675541e-10,2.0000000021539193,3
264,01:53:00,1.531024954436107e-10,1.1208413659383772e-11,6.2822678247688535e-12,1.5294884058149039e-12,1.1652980740574789e-11,6.555954314749804e-10,2.0000000021319555,3
265,01:53:30,2.164413337528665e-10,1.332147138961795e-11,7.972263627332505e-12,1.4546565179296077e-12,1.1414361157639646e-11,6.684236984823949e-10,2.0000000021102617,3
266,01:54:00,3.667747018258519e-10,2.1330085742769467e-11,8.52471649316372e-12,1.4429842257827301e-12,1.0675551682778418e-11,7.539581769838379e-10,2.000000002088835,3
267,01:54:30,4.466560630515193e-10,1.79646509738127e-11,1.054897010898192e-11,1.6832669170113053e-12,1.310523791427489e-11,8.160964998230699e-10,2.000000002067669,3
268,01:55:00,6.529133338213195e-10,1.1691062214516433e-11,8.446220813649774e-12,9.977309310837924e-13,6.813533423239067e-12,1.589468233308199e-09,2.0000000020467614,3
269,01:55:30,3.355694054333854e-10,1.7338418974881672e-11,7.648347305747005e-12,1.7580504690583768e-12,1.3898286147921957e-11,4.45274183359616e-10,2.0000000020261077,3
270,01:56:00,2.445052193460594e-10,1.5775126508637563e-11,6.754526478237562e-12,2.1937285603748847e-12,1.7193554466913426e-11,5.302119367514979e-10,2.0000000020057045,3
271,01:56:30,3.2536491135455055e-10,1.527440820304992e-11,4.297730408206227e-12,1.2639461428778498e-12,9.876354518576134e-12,5.042616659477655e-10,2.0000000019855464,3
272,01:57:00,5.199366486119435e-10,1.6043179336935162e-11,4.968957875306302e-12,9.017080035151543e-13,5.830023466427692e-12,1.4844255453789433e-09,2.000000001965631,3
273,01:57:30,3.5270695201777866e-10,1.786830595461845e-11,4.854579720139068e-12,1.3035214583404144e-12,9.811190707368726e-12,8.583829620872389e-10,2.000000001945954,3
274,01:58:00,3.8255008279768673e-10,1.4295175697273799e-11,5.752350505991389e-12,1.8395662010010128e-12,1.5014437255525653e-11,7.724004045428917e-10,2.0000000019265123,3
275,01:58:30,6.258680501095273e-10,1.590546286410108e-11,8.0301120831399e-12,1.6164358586412256e-12,1.2484037208536655e-11,1.052692577159687e-09,2.0000000019073028,3
276,01:59:00,3.212787901761625e-10,1.5923126117354046e-11,6.2625656710936694e-12,1.0806765365793102e-12,7.621687234628142e-12,1.567617268081841e-09,2.000000001888322,3
277,01:59:30,3.6168427630643474e-10,1.4420857997246026e-11,6.912072478563574e-12,1.078738710254722e-12,7.134499887609798e-12,7.133716041719685e-10,2.000000001869566,3
278,02:00:00,3.4736940488613114e-10,1.6889453071644856e-11,3.95036692889336e-12,1.903782321053216e-12,1.500417130768856e-11,6.689298477333809e-10,2.0000000018510318,3
279,02:00:30,5.19721295395285e-10,1.5522748879588968e-11,9.594603316600167e-12,1.6854132079708588e-12,1.376367207795806e-11,8.09413661738687e-10,2.0000000018327153,3
280,02:01:00,5.754322183019987e-10,1.672733256163929e-11,5.054852869942662e-12,1.6463264073543773e-12,1.3346770224079534e-11,4.340406063666523e-10,2.0000000018146147,3
281,02:01:30,5.915136962869625e-10,2.0495551375699593e-11,6.097150289114259e-12,1.3102666815297455e-12,1.0010411550669593e-11,7.361507085944284e-10,2.000000001796726,3
282,02:02:00,5.733341008131812e-10,1.5341163368505956e-11,4.442734575173505e-12,1.12472125637265e-12,7.910802136914768e-12,3.983939684598316e-10,2.0000000017790467,3
283,02:02:30,3.0157974687522864e-10,1.4982613673934857e-11,5.531949847399325e-12,1.4744801892893446e-12,1.1106161624691854e-11,8.619659082476628e-10,2.000000001761573,3
284,02:03:00,5.215234435428655e-10,1.7455520230706614e-11,4.8315517729937455e-12,1.4202389073572828e-12,1.1469875960818732e-11,5.521870720751236e-10,2.000000001744303,3
285,02:03:30,4.726139265125557e-10,1.8924111934464457e-11,4.016023556628983e-12,1.4356181419507703e-12,1.0609948159645181e-11,7.516495239136743e-10,2.000000001727234,3
286,02:04:00,6.087925360425928e-10,1.139608765180065e-11,3.866359333768316e-12,9.028949952580632e-13,6.491325576908862e-12,7.104230995837749e-10,2.0000000017103603,3
287,02:04:30,5.912461530879638e-10,2.5061566936592947e-11,4.162540733109442e-12,1.0089440459199886e-12,7.70786501806515e-12,7.74988953393086e-10,2.0000000016936816,3
288,02:05:00,5.626177919243324e-10,1.7682654120682043e-11,7.883681063584619e-12,1.981053923958618e-12,1.6092255008095096e-11,8.847561636612365e-10,2.0000000016771953,3
289,02:05:30,6.684383941973156e-10,1.689755451635635e-11,3.587733599283194e-12,1.013849124777918e-12,7.45136163764301e-12,5.965895657476069e-10,2.000000001660898,3
290,02:06:00,3.8492433302735666e-10,1.092423617967381e-11,4.9828567906413074e-12,9.6130576140902e-13,7.0022599221272494e-12,6.741913330980077e-10,2.000000001644787,3
291,02:06:30,7.6693636130189e-10,1.7191924018112166e-11,6.118721541497659e-12,7.358856834802559e-13,4.928804467073625e-12,1.2164082067001942e-09,2.0000000016288606,3
292,02:07:00,4.049904174799505e-10,1.2198342586183262e-11,6.098713385834493e-12,8.251812552831191e-13,5.553092841347961e-12,8.127676817872714e-10,2.000000001613115,3
293,02:07:30,4.50633716832508e-10,1.6935559180686845e-11,9.239164642024222e-12,8.132070001530755e-13,5.481260636176055e-12,1.3744586119850683e-09,2.0000000015975488,3
294,02:08:00,5.02389612775829e-10,1.2104966041807625e-11,3.263513423927102e-12,7.94222661311145e-13,5.566764113818328e-12,8.194308809625971e-10,2.0000000015821584,3
295,02:08:30,5.969422750026536e-10,1.51196323605659e-11,5.509508244504457e-12,1.1224528005237694e-12,8.375073380629045e-12,1.3764864681515914e-09,2.0000000015669417,3
296,02:09:00,5.154295734271753e-10,1.7136887865141047e-11,8.498692675184132e-12,1.7908094127946639e-12,1.4292683997987508e-11,9.91269385918857e-10,2.0000000015518973,3
297,02:09:30,5.118561046464364e-10,1.4630609089387578e-11,6.18486646423704e-12,1.3466793042300656e-12,1.083565361369525e-11,7.838500245576897e-10,2.0000000015370216,3
298,02:10:00,5.753120345167143e-10,1.4728216215650582e-11,5.82208458615732e-12,1.6136202173044775e-12,1.3055128655281208e-11,5.754555011183214e-10,2.000000001522314,3
299,02:10:30,8.308928934099378e-10,1.8529457761370488e-11,4.2631032777349254e-12,1.1361164284219722e-12,8.467520208439503e-12,1.0062561607048578e-09,2.0000000015077704,3
300,02:11:00,5.293675696704955e-10,1.4535824785529644e-11,4.1472434630875305e-12,7.993555938960732e-13,4.895452322040161e-12,1.1639692167763637e-09,2.000000001493389,3
301,02:11:30,7.008666242473997e-10,1.3987912374640198e-11,5.644948292710014e-12,1.767391464559822e-12,1.4712503808700584e-11,7.007833632397027e-10,2.000000001479169,3
302,02:12:00,5.6181025736556e-10,2.166044067343379e-11,4.921811086431949e-12,1.280331759365487e-12,1.0082958253814155e-11,1.3819714451370492e-09,2.0000000014651054,3
303,02:12:30,1.141184561769473e-09,4.6433220359114174e-11,1.221241012513725e-11,7.449348993357765e-12,9.40703128705721e-12,1.1444596353876318e-08,2.000000001451199,3
304,02:13:00,3.903328117491283e-10,2.3494354807145762e-11,7.80778676369651e-12,7.745662619268837e-13,3.903434507108934e-12,8.569111731589245e-09,2.0000000014374475,3
305,02:13:30,2.141637788912753e-10,1.3763965052883848e-11,6.4191754653636136e-12,1.769308125816408e-12,6.369058108813516e-12,1.1479348628493062e-08,2.0000000014238464,3
306,02:14:00,7.580652490917614e-11,6.5347958446576985e-12,3.942900338716717e-12,1.469893901053155e-12,9.828034736230598e-12,7.554136001968295e-10,2.000000001410396,2
307,02:14:30,2.9673666166785653e-10,1.974723610985592e-11,1.561562928194057e-11,1.950057069565278e-12,1.1928083213474337e-11,9.525798144146015e-10,2.0000000013970936,3
308,02:15:00,6.580147129216442e-10,1.2479530895933082e-11,6.291914257763124e-12,1.112483134793676e-12,6.0400556170673096e-12,1.1265844833022518e-09,2.000000001383938,3
309,02:15:30,1.7448656030897932e-10,9.515396866460671e-12,3.749400643075248e-12,1.4257499115957197e-12,1.095445250537009e-11,3.8852460313316755e-09,2.0000000013709265,2
310,02:16:00,1.190931960514646e-10,2.1043349160136887e-11,1.1166765896054614e-11,2.1401362862907153e-12,1.577019658004295e-11,5.88905307791458e-09,2.0000000013580572,2
311,02:16:30,2.7798913019543883e-10,1.799138260641285e-11,9.538045192112218e-12,1.7475788515323053e-12,1.133458344184508e-11,7.542510063660352e-09,2.0000000013453287,2
312,02:17:00,3.465342508714641e-10,1.9555818760202562e-11,6.216377744387172e-12,2.162870157691127e-12,1.656188535899777e-11,5.8790225089585445e-09,2.0000000013327384,2
313,02:17:30,5.7955197065592695e-11,6.5974388895712776e-12,5.587242467846645e-12,3.6065659818166175e-12,3.0764011683223955e-11,8.91406267528117e-10,2.0000000013202857,2
314,02:18:00,1.1119667367128692e-10,8.853977859061786e-12,7.266362874990556e-12,2.4726590415645324e-12,1.9652406370074484e-11,3.3914529449591316e-09,2.0000000013079684,2
315,02:18:30,1.1420446625196088e-10,1.3559169203907711e-11,7.806865528896936e-12,1.3625181003101926e-12,1.0185430340850329e-11,9.016691241122401e-10,2.0000000012957844,2
316,02:19:00,6.356680185618114e-11,9.68719654081004e-12,5.382251943882117e-12,2.1440782567194734e-12,1.7383793640037873e-11,2.9405356570030485e-10,2.0000000012837322,2
317,02:19:30,6.307532541595303e-11,7.319249904545762e-12,4.158799798356267e-12,1.0473384103654418e-12,7.59661350571503e-12,2.983069456655108e-10,2.000000001271812,2
318,02:20:00,1.965108835543612e-10,1.7232285164955336e-11,7.117383814770154e-12,1.6944068856345452e-12,1.1583155792493778e-11,1.8912608494619064e-09,2.0000000012600183,3
319,02:20:30,5.293592287812769e-11,8.864386962693749e-12,4.238114589112964e-12,2.2811789644275186e-12,1.86006317005955e-11,9.978687970596298e-10,2.000000001248352,2
320,02:21:00,1.1371283187186249e-10,1.1082155864419764e-11,4.969390709094502e-12,2.854313590332655e-12,2.3520950872360066e-11,1.3001133605781422e-09,2.000000001236811,2
321,02:21:30,6.926383087267886e-11,9.746274049157586e-12,5.618945177541597e-12,1.6930670583396435e-12,1.3507073509456238e-11,1.0837040171531219e-09,2.0000000012253936,2
322,02:22:00,1.325358427752797e-10,1.3492539643214402e-11,3.4470662929828755e-12,1.7637194919778903e-12,1.2518426704932758e-11,1.2397605956771914e-09,2.0000000012140995,2
323,02:22:30,1.194511517198616e-10,1.1691275355046181e-11,2.6118656617236597e-12,1.209932111904963e-12,8.983145614405579e-12,3.789235068937778e-09,2.000000001202926,2
324,02:23:00,1.368974518390297e-10,1.3521811517854591e-11,4.9886796748131e-12,1.3918925921717882e-12,1.0319160270579264e-11,1.935990492405238e-10,2.000000001191872,3
325,02:23:30,7.331912296118281e-11,9.09277669209684e-12,4.059292186516543e-12,1.5427177610462317e-12,1.193285428911685e-11,6.806204943647193e-10,2.000000001180936,2
326,02:24:00,3.357060369991506e-10,1.4928475824484743e-11,4.7973354937228014e-12,1.0786839683692454e-12,7.119928819677618e-12,6.072391532545339e-09,2.0000000011701164,3
327,02:24:30,1.1431615476668654e-10,1.4064536539982776e-11,4.275855708099562e-12,1.8448011258189975e-12,1.490409988613652e-11,1.3578023726878533e-10,2.000000001159412,2
328,02:25:00,2.1704169631215744e-10,1.250153969133653e-11,6.1750943218354576e-12,2.4558632361252935e-12,2.0183965840561916e-11,2.46433022643823e-10,2.000000001148822,3
329,02:25:30,9.43317871736173e-11,8.069961458486711e-12,3.758073508810893e-12,1.1913794179402118e-12,9.293947655938081e-12,2.2592743422179348e-10,2.0000000011383436,2
330,02:26:00,1.4329645969976212e-10,2.6632063140106222e-11,5.842615452747016e-12,1.2854100667020861e-12,9.983411296127445e-12,1.7883022684619971e-09,2.0000000011279773,2
331,02:26:30,1.1605116949836664e-10,1.020836205393377e-11,5.608269250139904e-12,1.8131737530659407e-12,1.4656485364492317e-11,2.600024106911984e-10,2.0000000011177197,2
332,02:27:00,2.223431617430825e-10,1.3147140375974854e-11,9.740765893305259e-12,1.0249733338778536e-12,6.886301539278409e-12,4.240716924263005e-10,2.0000000011075714,3
333,02:27:30,1.8582864809127316e-10,1.4626667917047573e-11,4.4205603748975674e-12,9.136469407879277e-13,6.5813578354952984e-12,1.4122478147154478e-09,2.0000000010975287,2
334,02:28:00,1.199422192127004e-10,1.026437944526291e-11,4.192425549717407e-12,1.5254434715249769e-12,1.1044313582440043e-11,2.601909314850418e-10,2.0000000010875936,2
335,02:28:30,1.1233493164302688e-10,9.265432412938577e-12,5.277291200338012e-12,2.324178475639369e-12,1.921337507360487e-11,2.7744758482654395e-10,2.0000000010777623,2
336,02:29:00,2.210570742434071e-10,1.750825914771194e-11,7.438660336828727e-12,1.4138631086124062e-12,1.0836701452641904e-11,5.461247487725429e-10,2.0000000010680354,2
337,02:29:30,1.9527944051029807e-10,1.7637973310212517e-11,8.028668673506529e-12,7.998128979954346e-13,4.374081146397176e-12,4.888911703861506e-09,2.000000001058411,2
338,02:30:00,2.1659324613338672e-10,1.1497021711905868e-11,4.2333268591534125e-12,8.618804795960303e-13,5.676865248738684e-12,4.494547033260162e-09,2.000000001048887,3
339,02:30:30,1.5649485700428456e-10,1.282232008497144e-11,4.671523552891417e-12,1.6067632335662307e-12,1.2101158457143342e-11,2.6096081217129677e-09,2.0000000010394636,2
340,02:31:00,1.5732157573647715e-10,1.1497696159266473e-11,3.87489210405409e-12,1.172760458496836e-12,8.330442122958946e-12,2.837347108322004e-09,2.0000000010301386,3
341,02:31:30,1.0196095287384076e-10,9.709257505779e-12,3.3100011167173784e-12,1.85966649265505e-12,1.52046155718863e-11,6.108171814925444e-10,2.000000001020912,2
342,02:32:00,3.2060942541615515e-10,2.0189190456379423e-11,1.0462119867844909e-11,2.5219804597213775e-12,1.4774286593299453e-11,7.58755228095349e-09,2.000000001011781,3
343,02:32:30,3.178789837337795e-10,2.4291260183011227e-11,1.116787614097842e-11,3.804726070028569e-12,1.078337523906353e-11,6.70416170876887e-08,2.000000001002746,3
344,02:33:00,1.8988203723182264e-10,1.462261832479224e-11,7.258430200173229e-12,1.18701133579235e-12,5.1592159266097496e-12,2.904593809006138e-08,2.0000000009938055,3
345,02:33:30,1.2303998900715202e-10,1.1639466507123455e-11,1.0203679279588682e-11,1.3770095614947287e-12,8.890271897928528e-12,1.7560083127647058e-08,2.0000000009849583,2
346,02:34:00,1.9154852488401046e-10,1.7253382329768814e-11,8.5871476192928e-12,1.937805331040398e-12,1.0683904440654419e-11,1.4837055928660981e-08,2.000000000976204,2
347,02:34:30,1.0896839247801416e-10,8.232406575109885e-12,7.980664073896745e-12,1.8341142208885813e-12,1.0405381543181898e-11,3.113301843118271e-08,2.000000000967541,2
348,02:35:00,6.129472900595487e-11,7.089556544114121e-12,2.8164398483451957e-12,1.3560081613775484e-12,5.838745179443905e-12,7.794704059034222e-09,2.0000000009589693,2
349,02:35:30,1.9368493563950554e-10,1.30788800519131e-11,7.559162460746657e-12,1.7462143926945436e-12,1.2848728534887146e-11,8.696261078069898e-09,2.000000000950486,2
350,02:36:00,7.118685987562985e-11,1.076454467411412e-11,9.212868025442828e-12,2.0981013341960973e-12,1.6394238276627122e-11,2.282224640454328e-09,2.0000000009420913,2
351,02:36:30,1.0257236709974602e-10,1.371520986922202e-11,7.967850948115378e-12,2.5835566226443993e-12,2.074781811087087e-11,1.858180156026678e-09,2.0000000009337837,2
352,02:37:00,1.0740857401829501e-10,1.4281786966112959e-11,2.036146266101747e-11,2.017492830427865e-12,1.141879622673666e-11,7.049048266964269e-09,2.0000000009255627,2
353,02:37:30,4.2148913421728404e-11,4.4131637761099745e-12,2.3469699050402308e-12,1.0488347446513286e-12,6.497427162634426e-12,8.459236267994318e-09,2.000000000917427,2
354,02:38:00,4.180654956165251e-11,1.1405656658782481e-11,4.621734318518509e-12,1.922543062296098e-12,1.4424547911238852e-11,8.52470651648352e-10,2.0000000009093766,2
355,02:38:30,1.1454838393112251e-10,1.0656110382791337e-11,1.4507508754712614e-11,1.9860650137107462e-12,1.1910008476759282e-11,3.405624752902531e-09,2.000000000901409,2
356,02:39:00,2.7982206252827433e-10,1.7550656914423236e-11,1.3469224937910855e-11,1.969169965603438e-12,1.3926468071818545e-11,6.3712293063651076e-09,2.0000000008935253,3
357,02:39:30,1.3149600071336878e-10,9.588159380938067e-12,5.6366506261867366e-12,1.6327108907875186e-12,1.262756731282541e-11,3.768250235004165e-09,2.0000000008857235,2
358,02:40:00,2.1797155332560027e-10,1.6705870867808338e-11,1.0886588299417842e-11,1.8605425885271838e-12,1.1862096916779947e-11,5.9122419160413106e-09,2.0000000008780034,2
359,02:40:30,4.3750133448662425e-11,7.663495124339806e-12,2.5979515744657544e-12,2.2178427224238325e-12,1.7357211833686027e-11,2.512280869794117e-09,2.000000000870363,2
360,02:41:00,1.8806497414620085e-10,1.0128338621253792e-11,6.156262087314714e-12,1.6823072579319366e-12,1.1755781227654022e-11,3.042547308458598e-10,2.000000000862802,3
361,02:41:30,2.8872483711502337e-10,1.4090302161400697e-11,7.542271106981267e-12,2.341103480126034e-12,1.917323224007031e-11,7.188825241016866e-10,2.00000000085532,3
362,02:42:00,6.893898412459203e-11,7.919284272798226e-12,5.711113297633744e-12,2.4857867081065422e-12,1.75816924087532e-11,2.4030593664283293e-09,2.0000000008479155,2
363,02:42:30,1.9574396617894813e-10,1.5090283323403174e-11,8.661773071388774e-12,2.766332145515026e-12,2.242383688873908e-11,2.149646637318153e-09,2.000000000840587,2
364,02:43:00,1.482191468455354e-10,1.5836278929728413e-11,7.891134622288506e-12,1.4197120818984995e-12,9.593102850398829e-12,9.169063614560134e-10,2.000000000833336,2
365,02:43:30,1.2738813942239208e-10,1.4713345808698666e-11,5.840791099901759e-12,1.4472744342969498e-12,1.1039370606839779e-11,3.915665297228076e-10,2.0000000008261605,2
366,02:44:00,1.8975118359369253e-10,1.6486486459498746e-11,4.140534413314576e-12,9.748976073959168e-13,6.6529020159472506e-12,1.2455033904820526e-09,2.0000000008190595,2
367,02:44:30,1.294734310114282e-10,1.1476405017393262e-11,6.258183515412e-12,1.7429262892763425e-12,1.2381227552436255e-11,3.5711112625999067e-09,2.000000000812033,3
368,02:45:00,4.263327317034285e-10,2.2272727936707725e-11,8.245798104027946e-12,2.7365099364238424e-12,2.2032874288686553e-11,1.279553341211123e-09,2.0000000008050787,2
369,02:45:30,1.4816419411347717e-10,1.63886762841106e-11,6.100743094827828e-12,3.4605517590279058e-12,2.5084903835140977e-11,4.127088478744712e-09,2.000000000798197,3
370,02:46:00,5.846513866959631e-11,6.096193590112778e-12,5.436353444456073e-12,2.36618851702254e-12,1.860478388511883e-11,2.495684430329981e-09,2.0000000007913874,2
371,02:46:30,8.120552729417325e-11,1.369974389625431e-11,6.703491217322906e-12,2.8832139124765316e-12,2.3571537764778535e-11,9.48606561464069e-10,2.0000000007846483,2
372,02:47:00,1.5446987207666746e-10,1.4309206083339937e-11,5.7646740726070665e-12,1.1212292278444284e-12,7.696650482375499e-12,8.733141543004435e-10,2.000000000777981,2
373,02:47:30,2.72724068809642e-10,1.9278401392443015e-11,8.317798457581445e-12,2.5447434485453818e-12,1.7060780094919132e-11,2.4910441921839313e-09,2.000000000771383,2
374,02:48:00,7.863099290295101e-11,1.833266968050556e-11,4.6663822782540355e-12,6.367825147831996e-13,2.083117174975075e-12,5.724355691533328e-09,2.000000000764853,5
375,02:48:30,6.36977543031751e-11,2.0624623835961815e-11,3.7318268942574845e-12,8.137880598705572e-13,2.4773639855234682e-12,1.3162549102166408e-08,2.000000000758392,5
376,02:49:00,3.920298598369742e-11,1.1740432058370847e-11,4.693156422125176e-12,6.763538854921408e-13,1.6883157361689299e-12,2.442172397013504e-10,2.000000000751999,5
377,02:49:30,5.4927316778501285e-11,1.4290711905566713e-11,3.907215306107334e-12,8.708350165702764e-13,3.5802050098837417e-12,5.421983943104234e-09,2.000000000745672,5
378,02:50:00,5.394472994784885e-11,1.5793879512875375e-11,3.669862866684689e-12,6.956650937751976e-13,2.4059305572941283e-12,1.6619144522743582e-08,2.0000000007394116,5
379,02:50:30,6.502992145450066e-11,1.0537437778445167e-11,2.4076275037521737e-12,5.784648571584297e-13,1.4882012407032407e-12,1.831365710013434e-08,2.000000000733218,5
380,02:51:00,4.90827915222332e-11,9.218819064717369e-12,2.5913945329876596e-12,8.329554064623432e-13,2.5135650136382548e-12,4.304521800733523e-09,2.0000000007270886,5
381,02:51:30,3.2463239585561756e-11,1.2738880211913203e-11,3.941324919932755e-12,6.104560964491959e-13,1.5606587427807037e-12,5.1345087304099245e-09,2.000000000721024,5
382,02:52:00,4.3121125907236657e-11,1.3468515017918697e-11,3.0156471972321305e-12,3.908635624613495e-13,9.85293136542776e-13,2.2174462294973502e-08,2.0000000007150227,5
383,02:52:30,2.8635053897491764e-11,5.6007118567677455e-12,2.3584156779401524e-12,3.476657791029578e-13,1.051509193050214e-12,9.146149632487473e-09,2.0000000007090857,5
384,02:53:00,4.452232031585911e-11,7.625826754773377e-12,3.062934307227136e-12,4.811491030034678e-13,7.066733417016397e-13,1.1358742817960366e-09,2.000000000703211,5
385,02:53:30,4.6703203934171997e-11,1.2845358217346807e-11,3.271090489587267e-12,5.931675592935218e-13,1.2136581031303295e-12,3.40066903217948e-09,2.0000000006973977,5
386,02:54:00,3.899874474869763e-11,7.720251407720922e-12,2.4606374396539856e-12,3.7875321509398333e-13,9.554791356609002e-13,2.332646430951368e-08,2.000000000691647,5
387,02:54:30,7.104505738478773e-11,8.338916604139162e-12,2.931718751448218e-12,4.783985431313485e-13,1.3841240140139857e-12,5.888264083790904e-08,2.000000000685957,5
388,02:55:00,5.104945066800843e-11,6.366382642525492e-12,1.5541853275697375e-12,4.046528995858884e-13,1.0832374568513176e-12,6.046286651369576e-08,2.0000000006803274,5
389,02:55:30,4.6479731641053236e-11,7.877683780908142e-12,2.3414043728049048e-12,3.6523506788457773e-13,7.230342812054676e-13,2.5242991646778914e-08,2.0000000006747576,5
390,02:56:00,2.3303228399354077e-11,7.04925147575416e-12,2.0130149512746463e-12,4.217809148018322e-13,9.138822269825528e-13,2.719912035098873e-09,2.0000000006692478,5
391,02:56:30,2.8059063804662078e-11,7.387022419724383e-12,2.0880001723051418e-12,4.0799045444968337e-13,7.14030461268358e-13,1.198104128964222e-09,2.000000000663796,5
392,02:57:00,2.1347246998637504e-11,4.4149670648099116e-12,2.2214591941434345e-12,5.311287681140354e-13,1.109665157805477e-12,7.620231343598797e-09,2.0000000006584036,5
393,02:57:30,2.0305011467938888e-11,5.551705255962557e-12,2.326922649428015e-12,4.836894252136997e-13,9.47400539743824e-13,6.555400343250657e-09,2.0000000006530683,5
394,02:58:00,3.368911179192893e-11,8.767562535325253e-12,1.4327911294586528e-12,3.4470384029482986e-13,4.49632111628743e-13,5.890514973655871e-09,2.0000000006477907,5
395,02:58:30,2.6360643642818817e-11,6.032889973005642e-12,2.114907244014939e-12,4.037196344235497e-13,8.083951370968358e-13,8.35486552907076e-09,2.00000000064257,5
396,02:59:00,3.2287970628672275e-11,6.364844139059918e-12,3.9891274948017815e-12,4.931725063540694e-13,9.840670612106892e-13,2.2597579880282045e-09,2.0000000006374052,5
397,02:59:30,3.883080360830685e-11,8.261499549518812e-12,3.3312837685833884e-12,4.1647345201564075e-13,8.810202498084226e-13,7.915425736125914e-09,2.0000000006322973,5
398,03:00:00,2.1180523070288376e-11,8.660378428614828e-12,1.7873568386793087e-12,3.9676448795180594e-13,8.110443807665181e-13,7.514476017056595e-09,2.0000000006272445,5
399,03:00:30,2.7438484900031632e-11,5.0600814995577775e-12,3.134783082979939e-12,5.721514556676184e-13,1.767859890202012e-12,7.116925896133624e-09,2.0000000006222454,5
400,03:01:00,1.9430518962497496e-11,5.601367695417051e-12,1.905698708320536e-12,4.2215214515117676e-13,8.265106063663103e-13,9.016924457265776e-10,2.0000000006173013,5
401,03:01:30,4.574238231390724e-11,1.151246639100925e-11,2.465527824392734e-12,4.60677744578436e-13,8.728201482954677e-13,1.5098456951137327e-08,2.0000000006124115,5
402,03:02:00,3.386058799070699e-11,5.902489072865643e-12,2.846026392114719e-12,7.099319758156409e-13,3.1180803137597235e-12,7.693283500881765e-09,2.000000000607575,5
403,03:02:30,2.9409267196295764e-11,1.0350884339964084e-11,1.356674667886344e-12,7.114976396843253e-13,1.6508608103559482e-12,5.836843811948546e-09,2.0000000006027916,5
404,03:03:00,3.30391568699033e-11,1.4175637838922183e-11,2.845651989844328e-12,4.3573691706534e-13,1.047899375543267e-12,1.6463695002697975e-08,2.000000000598061,5
405,03:03:30,5.945046546160658e-11,1.0217092944527013e-11,2.0117951456860047e-12,4.088549545871255e-13,7.808243278106397e-13,2.6199541818018074e-08,2.0000000005933827,5
406,03:04:00,4.2748422083990014e-11,7.574248853736043e-12,2.654039447771873e-12,4.3127641302228944e-13,8.315558389482869e-13,5.995829200659013e-08,2.0000000005887557,5
407,03:04:30,3.202583496723491e-11,6.833239051456641e-12,1.7768161994267932e-12,4.010706399954159e-13,1.011690366559014e-12,3.725053808717989e-08,2.00000000058418,5
408,03:05:00,2.9027659572002946e-11,5.615092191839489e-12,2.3657412667300913e-12,4.195281422036893e-13,1.0593862977997891e-12,3.442381605014396e-08,2.000000000579656,5
409,03:05:30,1.3790328229221417e-11,4.465060965488057e-12,1.8161068231785263e-12,5.258145397985003e-13,6.481958778686066e-13,4.90485278981687e-09,2.0000000005751817,5
410,03:06:00,1.9559422444505452e-11,7.139657630442014e-12,2.1009728064911085e-12,3.338091609782048e-13,7.686988744293226e-13,5.1017158511254706e-09,2.0000000005707577,5
411,03:06:30,1.9451378021566924e-11,5.196660043008029e-12,1.663333583331487e-12,3.828222498402878e-13,8.91565890632739e-13,4.418266178413733e-09,2.0000000005663843,5
412,03:07:00,3.435210995954541e-11,6.775718872724893e-12,1.936920220786613e-12,4.474941128975529e-13,9.964716967941326e-13,2.441406156074688e-08,2.0000000005620597,5
413,03:07:30,1.9648689672235438e-11,5.109495506449183e-12,1.2009953186248081e-12,5.01079233724149e-13,9.870225284818946e-13,1.3101326561433964e-08,2.000000000557784,5
414,03:08:00,2.5677952855351336e-11,1.0075163694465602e-11,5.7187466579460255e-12,3.752739192440335e-12,2.5179258545920447e-12,2.2572322677199406e-08,2.000000000553558,5
415,03:08:30,3.137745203123146e-11,4.4728741594246924e-12,2.9074530074514298e-12,9.626706164509225e-13,2.135007479746177e-12,1.8342696274119664e-08,2.000000000549379,1
416,03:09:00,1.2656847056967744e-10,6.083679770118312e-12,5.177125052781172e-12,1.913337543864147e-12,3.6257532060655064e-12,2.009760297325486e-08,2.0000000005452483,0
417,03:09:30,7.294238425327403e-11,4.647238294287177e-12,3.687443628683387e-12,1.966522629030375e-12,2.3210649684149515e-12,9.524297730772732e-09,2.000000000541164,0
418,03:10:00,1.54916922643175e-11,2.4850389121768174e-12,1.3966117408884917e-12,9.936870261255445e-13,1.8264818399850844e-12,2.1695106431307024e-08,2.0000000005371272,1
419,03:10:30,1.9811922746671778e-11,3.3231303107969526e-12,1.348877620733015e-12,3.5238869214654116e-13,5.656776917656692e-13,3.690397511686628e-08,2.000000000533138,1
420,03:11:00,2.288177518382549e-11,3.5752835167858987e-12,2.5424904912029527e-12,9.28941444976504e-13,5.409028905304799e-12,3.244214874321173e-08,2.0000000005291954,1
421,03:11:30,5.378458159595232e-11,8.716579490267494e-12,3.63598442394046e-12,1.0569394918511013e-12,5.881112181073213e-12,1.6150436647167866e-08,2.0000000005252985,2
422,03:12:00,3.433105882551283e-11,4.9375604132741155e-12,3.489038804795921e-12,1.2666428505069524e-12,6.938377014283291e-12,3.286558079811189e-09,2.0000000005214473,2
423,03:12:30,3.945705495623444e-11,6.192737548146875e-12,6.145888882742563e-12,1.5686962029178273e-12,1.1347701755891448e-11,2.1423917757396238e-09,2.0000000005176424,2
424,03:13:00,1.4227319818126597e-10,1.3972383074988393e-11,8.392224074202553e-12,1.432758938000439e-12,7.824901480434462e-12,4.943657937063365e-09,2.000000000513882,2
425,03:13:30,3.635396923594072e-11,6.862016091235636e-12,3.7665361134354286e-12,2.3402817396228407e-12,1.7273071962166725e-11,2.1228771112796114e-09,2.0000000005101666,2
426,03:14:00,2.5263236393059524e-11,4.492065259489784e-12,3.4751452769152982e-12,1.074071073688148e-12,7.770487905742333e-12,2.6067465192049547e-09,2.0000000005064953,2
427,03:14:30,5.471103656745057e-11,1.0532847374918372e-11,5.193684469450908e-12,1.2094121078697331e-12,6.956966020240014e-12,2.3942546179185257e-09,2.000000000502868,2
428,03:15:00,3.131581889234242e-11,7.125704706658636e-12,6.768287305433768e-12,2.5083607566229957e-12,1.9872518808916404e-11,1.03936141408777e-09,2.000000000499285,2
429,03:15:30,7.03471439271668e-11,1.1104750597831189e-11,5.485049518725142e-12,1.2102961442810629e-12,8.15387528892778e-12,1.0620601554405441e-09,2.0000000004957457,2
430,03:16:00,5.0646589742124224e-11,7.184809802084246e-12,3.878401438380494e-12,1.294243235512022e-12,9.943462464540045e-12,3.9511838647786417e-10,2.0000000004922485,2
431,03:16:30,6.776923504456472e-11,6.6205898606186654e-12,4.737938238677603e-12,1.6862908065034254e-12,1.2691680805119622e-11,1.11435345530387e-09,2.0000000004887952,2
432,03:17:00,4.3604111033836564e-11,4.450314155541006e-12,2.5149507814336112e-12,1.4732671267710488e-12,1.0497734264346273e-11,6.5691897884674314e-09,2.000000000485385,2
433,03:17:30,7.023278173497152e-11,6.197436536466519e-12,3.367692318458387e-12,2.084718373549196e-12,1.5681731681827423e-11,1.8069247436488978e-09,2.0000000004820166,2
434,03:18:00,6.562044593441475e-11,9.973468119161216e-12,5.082593337561066e-12,2.7261140070063287e-12,2.068266458996728e-11,2.129175644883349e-10,2.000000000478691,2
435,03:18:30,2.5002511169206596e-11,4.984530434549174e-12,2.6534616154175945e-12,2.1948944856805814e-12,1.741988881169719e-11,4.905016991986991e-10,2.0000000004754064,2
436,03:19:00,7.611867267243399e-11,7.829329141500549e-12,5.694545416449269e-12,2.6283618086833868e-12,1.837753958328017e-11,8.086860626645956e-10,2.0000000004721636,2
437,03:19:30,3.018697683896759e-11,3.906209799710872e-12,5.334963102990791e-12,3.0489546919648024e-12,2.546990268456039e-11,3.5048230510090005e-10,2.000000000468962,2
438,03:20:00,4.8973799253665593e-11,8.050020361839266e-12,3.3291844060794854e-12,1.042892750459408e-12,7.224975721231778e-12,1.4392800602679503e-09,2.000000000465801,2
439,03:20:30,3.8225191800009154e-11,4.673481910611461e-12,3.842269579311778e-12,1.495937811021344e-12,1.0553381463704698e-11,7.544692795175387e-09,2.0000000004626814,2
440,03:21:00,5.166946742667922e-11,6.1661724683259106e-12,5.352439641319645e-12,9.562337807744372e-13,6.0294385265208796e-12,4.798446707424753e-09,2.0000000004596026,2
441,03:21:30,6.300316881119112e-11,1.0159179007349797e-11,6.812648934165447e-12,2.1319298057326594e-12,1.453120332479107e-11,2.549105840947815e-09,2.0000000004565632,2
442,03:22:00,3.1976791530202156e-11,6.810975840658366e-12,5.032701406761142e-12,1.9219419019044602e-12,1.5777940853923885e-11,3.265596657267469e-10,2.0000000004535643,2
443,03:22:30,5.1276068177187065e-11,9.011238712352782e-12,4.237653944265236e-12,1.7937488491339167e-12,1.3129720865520667e-11,2.839153347528496e-10,2.000000000450605,2
444,03:23:00,3.9175551899306236e-11,6.934356513481824e-12,3.5857777086148393e-12,2.496023867489027e-12,2.0529297548793007e-11,9.456575254504994e-10,2.000000000447685,2
445,03:23:30,6.115979004663648e-11,7.704205592642716e-12,2.8057570582342634e-12,1.1380151627328868e-12,7.948804488849262e-12,8.154268645795868e-10,2.0000000004448055,2
446,03:24:00,2.047490173288126e-11,6.4855436708903296e-12,3.0904191250983117e-12,2.0189811507649843e-12,1.5725714345683826e-11,2.162067307008239e-10,2.000000000441964,2
447,03:24:30,6.499489884366392e-11,5.954515294634704e-12,4.021129171104385e-12,2.5501399008764987e-12,1.8486953955931583e-11,6.933676640624117e-10,2.000000000439161,2
448,03:25:00,8.18445034460297e-11,7.986399219429946e-12,4.904205047135985e-12,2.478594052913962e-12,1.998383325608785e-11,2.343560455759815e-10,2.0000000004363976,2
449,03:25:30,5.610427188948593e-11,6.750522877305115e-12,2.490708707190768e-12,9.10322780469446e-13,6.053007691055002e-12,2.127416318247094e-10,2.000000000433672,2
450,03:26:00,6.058873667990634e-11,6.722259507531206e-12,3.1495463792610363e-12,1.887880116186522e-12,1.5635659927801976e-11,1.1793780463950567e-10,2.000000000430985,2
451,03:26:30,6.04369794190125e-11,7.496856098575307e-12,3.845480502035432e-12,1.6524537147913503e-12,1.2414761407852228e-11,3.022956885353708e-10,2.0000000004283356,2
452,03:27:00,3.6738790157621314e-11,6.251188862705466e-12,3.626553491967606e-12,2.310328838512081e-12,1.8921039956164837e-11,9.907890481678443e-11,2.0000000004257235,2
453,03:27:30,6.493772806352029e-11,9.990871410480612e-12,5.785970893464069e-12,1.9665369144479268e-12,1.5884590434009733e-11,1.1992584588450228e-10,2.0000000004231495,2
454,03:28:00,5.567371961787114e-11,1.324551757059661e-11,3.97003833708289e-12,1.5921908035187582e-12,1.192775458680789e-11,5.911657481345127e-10,2.0000000004206124,2
455,03:28:30,7.452098453346323e-11,7.017783706021452e-12,5.269172698083057e-12,2.5309497963880574e-12,2.0012997477087387e-11,4.38014904671838e-10,2.0000000004181127,2
456,03:29:00,6.7136086150087e-11,9.10671911545701e-12,3.4164888068578534e-12,1.56220799718912e-12,1.2034181472391525e-11,1.2909156963028786e-10,2.0000000004156506,2
457,03:29:30,8.291741026135848e-11,7.70642925741286e-12,3.627100624116728e-12,1.6593258023733623e-12,1.3101077800861934e-11,5.326763541627557e-10,2.0000000004132246,2
458,03:30:00,4.6210557982038885e-11,5.956543183335854e-12,4.357625885674776e-12,1.9581757474719454e-12,1.50592230790121e-11,2.1796905463938924e-10,2.000000000410835,2
459,03:30:30,7.615230607449478e-11,8.738012434452334e-12,5.324899915686097e-12,1.6531575952727335e-12,1.2908503191721059e-11,4.1687200412511507e-10,2.0000000004084817,2
460,03:31:00,6.838786155427661e-11,6.86328365421093e-12,4.341432322990808e-12,1.3975668456019028e-12,1.065355773193735e-11,1.8185352494735994e-10,2.0000000004061644,2
461,03:31:30,1.3012795967077695e-10,2.6949640920140178e-11,1.9621342943485966e-11,1.6154585841254673e-12,1.1919886281078883e-11,3.228524137476133e-10,2.0000000004038836,2
462,03:32:00,9.408366362248596e-11,6.3436990693849425e-12,4.338721764232348e-12,1.4621097334752687e-12,1.1598276900426985e-11,1.1459109749828176e-10,2.0000000004016387,2
463,03:32:30,1.012053256801567e-10,8.125490227540535e-12,4.204021647987874e-12,1.292546118775564e-12,9.925880103937423e-12,3.7393957046384127e-10,2.000000000399429,2
464,03:33:00,7.616306995792528e-11,9.381986272657943e-12,3.2873300762040603e-12,1.748796882202929e-12,1.4086324954721278e-11,6.660265004871095e-10,2.000000000397255,2
465,03:33:30,1.4804798511826828e-10,8.517579310218122e-12,7.1469365293928346e-12,1.9526363739159463e-12,1.535057845484456e-11,1.3704989191073266e-10,2.0000000003951155,2
466,03:34:00,8.639949517904149e-11,9.563806174030504e-12,4.696755933407447e-12,2.0980294068328683e-12,1.6696520772275984e-11,4.87122071701748e-10,2.0000000003930114,2
467,03:34:30,9.960689698800782e-11,9.32704705118531e-12,5.126597543336688e-12,1.4050648175282932e-12,1.0915465672428633e-11,1.1998044313184953e-10,2.0000000003909424,2
468,03:35:00,9.856133611023657e-11,9.092726654946298e-12,4.76953269554294e-12,2.143262154377312e-12,1.7287759923959434e-11,2.5550828485179595e-10,2.000000000388909,2
469,03:35:30,1.1190257881879586e-10,1.9477115380714138e-11,4.996111144836917e-12,2.0656212002878246e-12,1.6576849378465606e-11,1.788102013985411e-10,2.0000000003869096,2
470,03:36:00,9.232899632717857e-11,1.0361568184197452e-11,5.107912954276649e-12,1.1451017219757358e-12,8.435687907756294e-12,4.2959014563374953e-10,2.0000000003849445,2
471,03:36:30,7.859918570554206e-11,1.0189783675392804e-11,4.440502672314497e-12,1.7043272685544016e-12,1.3230814550686383e-11,1.9973091646633985e-10,2.0000000003830145,2
472,03:37:00,3.6699644365825753e-10,1.1889316703432052e-11,3.3035862253502786e-12,2.204220661840158e-12,1.797685596427985e-11,8.24250503257812e-10,2.000000000381118,3
473,03:37:30,2.1346738462117206e-10,1.3074981035812593e-11,5.631812148406573e-12,2.1778066179280323e-12,1.7647430803525746e-11,1.6920657637673664e-10,2.0000000003792557,3
474,03:38:00,1.4692359043296216e-10,8.495339326598493e-12,5.4351017733741094e-12,9.030257700500041e-13,5.490715502570878e-12,1.2645938423366541e-09,2.000000000377427,2
475,03:38:30,1.2341838961849154e-10,1.1988975426438872e-11,7.036099319242236e-12,1.730348996876278e-12,1.3658527719128637e-11,4.78187851106067e-10,2.0000000003756324,3
476,03:39:00,2.652409449930016e-10,1.9399087751960483e-11,8.709936589842145e-12,1.463926697646324e-12,1.1022209010523981e-11,2.629606868655477e-10,2.0000000003738716,3
477,03:39:30,1.347506874822432e-10,9.7999192697923e-12,6.020198145562826e-12,2.0960326313302377e-12,1.7421607460712366e-11,3.811263672697407e-10,2.000000000372143,2
478,03:40:00,1.8899835483372026e-10,1.623088877503785e-11,5.7480468997946336e-12,1.4190298316172762e-12,1.0716969805831546e-11,2.900821141028136e-10,2.00000000037045,3
479,03:40:30,2.34091994317081e-10,1.1473226684096432e-11,5.957332605304214e-12,1.8946970502864956e-12,1.4809924050817146e-11,1.6689248163232822e-10,2.0000000003687886,3
480,03:41:00,1.997341122448023e-10,1.1864562973440848e-11,5.246966512750226e-12,2.4984286592018442e-12,2.039053132463936e-11,4.833592180740036e-10,2.000000000367161,3
481,03:41:30,5.871575054883041e-10,1.6144736009052906e-11,7.576146959789922e-12,1.8874116275307276e-12,1.4400679470453237e-11,3.305436592552171e-10,2.0000000003655662,3
482,03:42:00,1.7204801388259453e-10,1.2253804389138584e-11,3.4777063382014694e-12,8.324353167267038e-13,5.894270070325558e-12,3.0559655966785037e-10,2.000000000364004,3
483,03:42:30,5.732538556669488e-10,1.7164525329364802e-11,6.719261514349396e-12,1.0996270917857302e-12,7.806648933692127e-12,5.128198961523816e-10,2.0000000003624745,3
484,03:43:00,3.2297078918766255e-10,1.517082977106388e-11,7.589441002081374e-12,1.7490473548115856e-12,1.3849509280841607e-11,8.544463683670471e-10,2.0000000003609784,3
485,03:43:30,2.7127171199738915e-10,1.2172082562462006e-11,4.4307255902841045e-12,1.3234455415920651e-12,1.038180667131306e-11,5.063262746074796e-10,2.0000000003595146,3
486,03:44:00,4.3789563144105914e-10,1.1951108098370724e-11,5.6932624876089505e-12,1.1442026350499494e-12,8.8725186083024e-12,6.263919941577038e-10,2.000000000358083,3
487,03:44:30,2.4057241716247153e-10,1.0819174866742916e-11,7.17157705196893e-12,1.723995839429472e-12,1.430756513371314e-11,4.567780941121644e-10,2.0000000003566836,3
488,03:45:00,6.92448174990529e-10,1.4234660903708045e-11,6.024360525102067e-12,1.1100795319081595e-12,8.104119490432218e-12,4.0744169490790744e-10,2.0000000003553167,3
489,03:45:30,4.4860379260056275e-10,1.0563444557940627e-11,4.373342692056661e-12,1.0637707306215106e-12,7.377288904789901e-12,6.000209673160167e-10,2.0000000003539813,3
490,03:46:00,5.487085735020118e-10,2.0223843712210602e-11,7.203858929302147e-12,1.3975007838805784e-12,1.0746568309370074e-11,5.263813843683212e-10,2.0000000003526783,3
491,03:46:30,3.192881583325249e-10,1.020146015830077e-11,4.106779837617431e-12,8.718491796667539e-13,6.013546521589166e-12,6.739641120510533e-10,2.000000000351408,3
492,03:47:00,5.114216028918677e-10,1.1354244273052902e-11,4.7206948538443935e-12,9.768414908588434e-13,6.7761530962541955e-12,5.376359095418749e-10,2.0000000003501683,3
493,03:47:30,3.6501095546673183e-10,1.1206247891348633e-11,5.766914071728371e-12,1.575619906542846e-12,1.2847031064685168e-11,4.35320359759883e-10,2.0000000003489595,3
494,03:48:00,9.723803757201377e-10,1.8782070124779092e-11,6.9199205501728846e-12,1.064157993595453e-12,7.641821965073067e-12,5.933266408370446e-10,2.0000000003477836,3
495,03:48:30,3.5664936601036283e-10,1.1494928149073319e-11,4.101065301335784e-12,1.4010634702548648e-12,1.1019987709549925e-11,4.030511886712133e-10,2.000000000346639,3
496,03:49:00,5.653035429489663e-10,1.6987269001368145e-11,5.792266041389564e-12,1.5615355112276892e-12,1.2340860754335535e-11,5.91177294799755e-10,2.000000000345526,3
497,03:49:30,7.059914649923174e-10,1.0143377267184528e-11,4.285848523507476e-12,1.3025683867804113e-12,1.0018848123586251e-11,4.073708456773322e-10,2.000000000344444,3
498,03:50:00,3.228553372133865e-10,1.4344956275925734e-11,5.229473122649338e-12,1.0246240701738374e-12,7.361674855791025e-12,4.238476541343443e-10,2.0000000003433933,3
499,03:50:30,3.352197185750554e-10,1.0098707157610916e-11,3.478560527980901e-12,1.1269400555949092e-12,8.357197543404469e-12,7.829682844794448e-10,2.0000000003423746,3
500,03:51:00,7.762540589347171e-10,1.7590430846527563e-11,5.964223668153535e-12,1.0422175643984603e-12,7.5618305484823e-12,6.76243601583291e-10,2.0000000003413865,3
501,03:51:30,2.948751068853497e-10,1.3665904385218393e-11,5.372575191591494e-12,1.510627396457087e-12,1.1951901061383274e-11,4.3862835016529954e-10,2.00000000034043,3
502,03:52:00,4.861286097014334e-10,1.3226078590406974e-11,5.689637451823676e-12,1.1600826433579822e-12,8.706854123804502e-12,5.385025345852627e-10,2.000000000339504,3
503,03:52:30,4.949564302282903e-10,1.0944390593887443e-11,3.2215697421218578e-12,9.941094216235184e-13,7.566164531125274e-12,6.188553873839914e-10,2.0000000003386087,3
504,03:53:00,5.784347455462747e-10,1.348845123534484e-11,5.488577433485116e-12,1.8292034247180343e-12,1.4596185292667844e-11,3.666831743254255e-10,2.000000000337744,3
505,03:53:30,5.526986340022552e-10,1.2083608757750226e-11,6.174310142851198e-12,8.469734495201646e-13,5.65432149933992e-12,4.326859071668987e-10,2.0000000003369105,3
506,03:54:00,9.136999031549286e-10,3.396586063307431e-11,1.247981950036626e-11,5.6805306259061555e-12,8.681013592529211e-12,2.0408804183910392e-08,2.0000000003361076,3
507,03:54:30,5.157972067594093e-10,2.5499638441596823e-11,8.753240211700588e-12,2.442676566404537e-12,8.512387500110083e-12,5.0169375687216e-08,2.0000000003353358,3
508,03:55:00,1.8089368530923797e-10,9.075125805710592e-12,5.104339780741805e-12,1.737842561514802e-12,4.03518636841941e-12,3.94398950428399e-08,2.0000000003345937,1
509,03:55:30,1.3659369868115304e-10,1.1316929628914985e-11,1.075041263296084e-11,1.2261801785445893e-12,4.960088556313836e-12,2.2564278389774254e-09,2.0000000003338823,2
510,03:56:00,7.417678058390125e-11,5.988882142749212e-12,2.8828228141331955e-12,2.3315232013917192e-12,1.9214438945959558e-11,3.52104629710323e-09,2.000000000333202,2
511,03:56:30,2.496302774995081e-10,1.7117084308915917e-11,1.068904556205355e-11,1.9754159610050308e-12,1.3723891945743322e-11,1.5885197618120731e-09,2.0000000003325513,2
512,03:57:00,8.560873935570783e-11,6.6696444567784216e-12,2.9397279814833702e-12,2.5090118970256685e-12,2.0682450523173257e-11,4.410051661740243e-10,2.000000000331932,2
513,03:57:30,1.1008293502459954e-10,1.45981883438376e-11,5.3810833626106886e-12,1.742743369665757e-12,1.3480985987293414e-11,1.528883905913476e-09,2.0000000003313425,2
514,03:58:00,2.125146602748819e-10,5.7313196477901935e-12,3.6547393571896995e-12,2.7908810847366506e-12,2.1875128070312845e-11,2.2698497718851094e-09,2.000000000330784,2
515,03:58:30,4.7139364005764557e-11,8.292321558288143e-12,4.241811277283756e-12,1.9667653989143063e-12,1.526062261138784e-11,1.1607402400651803e-09,2.000000000330255,2
516,03:59:00,1.8255709823109788e-10,1.5800891200088292e-11,1.6626185016852428e-11,2.0444873719941218e-12,1.3676777595233956e-11,3.1654719819144578e-09,2.000000000329757,2
517,03:59:30,5.984523429802872e-11,6.026722355225887e-12,2.988491158880659e-12,1.6465590474711567e-12,1.19140441599528e-11,4.490013211097151e-09,2.0000000003292886,2
518,04:00:00,7.697200398343398e-11,8.554399810304673e-12,5.137935156770226e-12,3.516990074305669e-12,2.94176028618546e-11,5.17816259448876e-10,2.0000000003288503,2
519,04:00:30,1.0442172059905306e-10,1.0084484279329829e-11,4.536377185127229e-12,1.1361453672755008e-12,7.663019994041099e-12,1.3647501754201874e-09,2.000000000328442,2
520,04:01:00,4.654909730369577e-11,5.030871074200496e-12,4.1086428787907565e-12,9.575411690210455e-13,6.353219233990381e-12,2.10955867898924e-09,2.0000000003280642,2
521,04:01:30,1.3873943853808464e-10,1.6271961554644637e-11,7.627973197331402e-12,1.0025076372760913e-12,6.721450002829183e-12,1.7278540019992124e-09,2.0000000003277174,2
522,04:02:00,9.70509891454666e-11,1.056261398850836e-11,7.108510250460279e-12,2.0017501360935427e-12,1.542477599492194e-11,7.877574854549986e-10,2.000000000327399,2
523,04:02:30,7.371651192025314e-11,8.236031095089244e-12,4.871759171375259e-12,1.8559622153679137e-12,1.3211840617994443e-11,1.0674822696876929e-09,2.0000000003271117,2
524,04:03:00,2.481932860981277e-10,1.3997928545191303e-11,9.315256928781932e-12,1.821323827169284e-12,1.2951405091399275e-11,3.1704180644181246e-09,2.0000000003268537,2
525,04:03:30,5.870232514442931e-11,6.896326997471958e-12,6.96088880671412e-12,1.2453000212018172e-12,8.582011997368962e-12,2.4500069580152376e-09,2.0000000003266254,2
526,04:04:00,1.204452758197403e-10,5.793717778294681e-12,7.0311052383603405e-12,1.9931896498480578e-12,1.5167776136273295e-11,8.892643774667993e-10,2.0000000003264273,2
527,04:04:30,8.562368172999776e-11,7.1596070393348376e-12,7.75708410321944e-12,3.0251511515330934e-12,2.3479241963779316e-11,2.2746128627496722e-09,2.00000000032626,2
528,04:05:00,4.8206600269073694e-11,8.265978150868605e-12,3.82098996763742e-12,9.859568130773676e-13,7.1255580372494296e-12,5.943847656608239e-10,2.0000000003261222,2
529,04:05:30,3.95529912365472e-11,7.499894157219791e-12,6.522908051984219e-12,2.278010763774047e-12,1.680973448226119e-11,1.7555222630426028e-10,2.0000000003260143,2
530,04:06:00,1.0824500319879494e-10,1.2562499337678093e-11,6.1241006618750744e-12,1.2176719176368767e-12,8.128333142598668e-12,2.4954335830070614e-09,2.0000000003259357,2
531,04:06:30,2.4989331483225344e-10,1.575350592026545e-11,1.0220979547542976e-11,3.3214980349824916e-12,1.563680373783383e-11,1.053322226738198e-08,2.000000000325888,2
532,04:07:00,8.115333310032605e-11,7.913966489068385e-12,4.201916065751727e-12,1.3994208092474565e-12,5.9581054186504935e-12,1.929167583847865e-08,2.0000000003258696,1
533,04:08:00,5.475100044884682e-11,4.871138532837724e-12,2.385044253705408e-12,9.551140210109617e-13,3.611137513654537e-12,1.374188292553209e-08,2.0000000003259233,2
534,04:08:30,8.776897337564166e-11,9.5751646289706e-12,1.2742352104787067e-11,1.4536833702802585e-12,7.149174471726827e-12,5.561178959485013e-09,2.000000000325995,2
535,04:09:00,7.421122561824659e-11,3.813673456739482e-12,4.004994140726109e-12,3.343726738719562e-12,2.7725769187721865e-11,1.9125836719020344e-09,2.000000000326096,2
536,04:09:30,1.14246125486083e-10,9.87582338187304e-12,1.0267439121466436e-11,4.206471834424925e-12,3.4321509904485206e-11,1.9203351167022023e-09,2.0000000003262275,2
537,04:10:00,1.132805162118606e-10,2.7364970736625447e-11,1.399954430600159e-11,2.335685617397313e-12,1.502600930561534e-11,1.3396388713378353e-09,2.000000000326389,2
538,04:10:30,6.758656555103816e-11,8.783240092033258e-12,5.873225217376982e-12,2.3714788361355757e-12,1.8023446925290927e-11,1.1478840231142394e-09,2.00000000032658,2
539,04:11:00,1.2419132388307735e-10,7.201759774111437e-12,5.400407853539141e-12,2.3674052855813033e-12,1.7575131288002226e-11,9.328005354521615e-10,2.000000000326801,2
540,04:11:30,4.875326226773724e-11,6.976884598900982e-12,3.07673729964537e-12,2.5179998530981806e-12,2.058254162704323e-11,2.9887281063715425e-10,2.000000000327052,2
541,04:12:00,6.241098717691722e-11,7.696988398988649e-12,7.751532901994399e-12,1.344449873835662e-12,9.357667030901742e-12,6.466789942480792e-10,2.0000000003273333,2
542,04:12:30,9.74401730328891e-11,2.0852720088383315e-11,9.777438724859435e-12,1.7036432270640213e-12,1.1456777201864997e-11,3.8076199105590926e-09,2.0000000003276446,2
543,04:13:00,5.506797948887409e-11,6.668144221578022e-12,3.392089493214082e-12,1.9919361983636416e-12,1.4259712512690925e-11,8.995740143274049e-10,2.0000000003279856,2
544,04:13:30,4.57087425105131e-11,6.420624805330478e-12,6.348767026934041e-12,2.027040214988737e-12,1.593026996926203e-11,9.250672482048046e-10,2.0000000003283573,2
545,04:14:30,6.497247293771257e-11,3.748953745890018e-12,3.041687693370845e-12,1.0174424601573403e-12,5.743782627644701e-12,5.519736299676192e-09,2.00000000032919,2
546,04:15:00,6.847026826286552e-11,1.190213320483375e-11,2.1801886765990022e-11,1.4088773494906335e-12,7.23989157261069e-12,4.466026205214359e-09,2.000000000329652,2
547,04:16:00,2.7121356820963578e-11,3.1609237741169984e-12,1.6971392751731228e-12,9.013543140817843e-13,2.01570764468722e-12,1.4416649460616988e-08,2.0000000003306657,1
548,04:16:30,7.051392034546224e-11,6.773740193831938e-12,4.51653651019366e-12,2.472017523541283e-12,1.7697914849087705e-11,2.0827236812012712e-08,2.000000000331218,2
549,04:17:00,8.350552405731991e-11,1.958345681189342e-11,9.755228591142746e-12,1.9721354189346367e-12,8.915259579876358e-12,8.887602922621984e-09,2.000000000331801,2
550,04:17:30,1.0862939647531953e-10,1.4637865499930723e-11,1.3570492234040304e-11,3.059149112714477e-12,1.730287579781009e-11,2.4430855604580022e-09,2.000000000332414,2
551,04:18:00,8.039234666862432e-11,1.7943520063235626e-11,5.6542189596045834e-12,1.9670356724269788e-12,1.2936165345630103e-11,2.690146990531827e-09,2.0000000003330576,2
552,04:18:30,7.444450655265822e-11,1.0648683518238117e-11,6.650913707101084e-12,2.42672895876799e-12,1.9173642116629635e-11,9.715417180488827e-10,2.0000000003337317,2
553,04:19:00,1.3090642626399891e-10,7.348137878896388e-12,1.0158245507011817e-11,2.1119080725261392e-12,1.4978776071536448e-11,3.71984291216993e-09,2.000000000334435,2
554,04:20:00,5.0789672813896594e-11,3.2489179841010316e-12,2.13245499098414e-12,1.419354157924119e-12,2.3418809904839582e-12,5.443345761711053e-09,2.0000000003359375,1
555,04:20:30,4.634829129077106e-11,5.2679811767180745e-12,3.05899727483473e-12,8.903968851604035e-13,4.6190555981026975e-12,2.3310337463139202e-08,2.0000000003367338,2
556,04:21:00,5.508872151376889e-11,7.122979258243522e-12,4.483546673151377e-12,1.510973175444898e-12,1.0432972918178335e-11,1.7912615007743085e-08,2.00000000033756,2
557,04:21:30,1.1322082840697984e-10,9.41680629152571e-12,4.646731827448452e-12,1.6537762605044214e-12,1.1487576035643257e-11,1.3810284795619164e-09,2.000000000338417,2
558,04:22:00,6.189120347518937e-11,1.0130911024795004e-11,4.911074270918882e-12,1.7551382252006207e-12,1.3332236470030244e-11,1.1903410367844712e-09,2.0000000003393055,2
559,04:22:30,4.3822351998383945e-11,6.027707001423042e-12,5.3298759200877374e-12,8.132702076997327e-13,3.3442372939070853e-12,5.742468067091533e-09,2.0000000003402243,2
560,04:23:00,1.7210447587442104e-10,8.043311914211659e-12,5.992756855475181e-12,1.701380755953242e-12,1.2130506555394595e-11,4.316256758083373e-09,2.000000000341175,2
561,04:23:30,5.468126008038094e-11,7.469182228210965e-12,6.505897437500085e-12,9.507715368950677e-13,4.053113646337982e-12,8.97007784597866e-09,2.0000000003421565,2
562,04:24:00,2.5403188634747755e-10,1.7913721501191007e-11,6.692413133316514e-12,1.981024848763916e-12,1.4141193643224932e-11,1.809026239539649e-09,2.000000000343169,2
563,04:24:30,1.0042424465921652e-10,1.2747300627641058e-11,5.9071247511903605e-12,2.9844572186838225e-12,2.2717417497281438e-11,1.2704833734955613e-09,2.0000000003442127,2
564,04:25:00,2.769561051629272e-10,2.0380881938578418e-11,9.210254128695895e-12,1.1555608729013425e-12,6.366396584238264e-12,1.707753773271623e-09,2.0000000003452874,2
565,04:25:30,6.196813651546961e-11,1.3773596817002114e-11,7.891281145290308e-12,1.3691596292763517e-12,5.816869991023871e-12,5.160134889334137e-09,2.0000000003463945,2
566,04:26:00,9.782492592877416e-11,9.882205440299734e-12,3.649305188227989e-12,1.3071619110134265e-12,6.681397737734815e-12,5.725469213760373e-10,2.000000000347532,2
567,04:26:30,7.859101704936396e-11,4.910211818482411e-12,5.3033554302312416e-12,2.154162205466263e-12,1.4629976756910916e-11,8.613215217974212e-10,2.0000000003487006,2
568,04:27:00,6.453206960730889e-11,7.286822885953959e-12,5.427192718883694e-12,2.47704867533193e-12,6.0024157965054525e-12,1.4312070097986237e-08,2.000000000349902,2
569,04:27:30,1.53151976211694e-11,2.4866696409695426e-12,1.3189511342031925e-12,1.125217990127528e-12,1.4263689813766361e-12,1.3319397253043168e-08,2.0000000003511347,1
570,04:28:00,3.005559669266889e-11,6.673542607004225e-12,4.0216736327425336e-12,9.592554711259054e-13,5.923339350496527e-12,2.0658321936707568e-09,2.000000000352399,2
571,04:28:30,6.195079351772662e-11,7.965095323685701e-12,6.180991491593545e-12,3.663387027887342e-12,2.840482344743446e-11,1.5731877017670264e-09,2.0000000003536953,2
572,04:29:00,5.1506569300262855e-11,6.5273366978558465e-12,5.870395601952e-12,1.3472561447533681e-12,6.392993436120053e-12,5.4381444405126645e-09,2.0000000003550236,2
573,04:29:30,3.801319472076788e-11,4.939434462649579e-12,2.5943507358878498e-12,1.7364659369203015e-12,1.175394433141429e-11,2.4338454463099655e-09,2.0000000003563825,2
574,04:30:00,1.677694040866716e-10,2.2214278871549845e-11,5.3381323763530095e-12,1.423752294000824e-12,7.473409568087713e-12,7.675366286065785e-10,2.0000000003577747,2
575,04:30:30,3.2798256846143315e-11,4.768855852997167e-12,5.607484895564756e-12,1.3407185150982285e-12,8.664506795200756e-12,4.070055084597159e-09,2.0000000003591993,2
576,04:31:00,3.576857668652046e-11,6.975691862696279e-12,5.604958266597544e-12,1.3865559705228385e-12,1.0081970559245394e-11,3.2844578207634866e-10,2.0000000003606564,2
577,04:31:30,4.397533022579577e-11,5.045150822781868e-12,9.073794750826078e-12,1.3002082703605657e-12,8.731988879253953e-12,9.745128680599766e-09,2.0000000003621463,2
578,04:32:00,2.736620894930132e-11,4.044014704096307e-12,2.9392850443065393e-12,1.5300513217748368e-12,4.652650156900543e-12,1.74431454488893e-08,2.0000000003636673,2
579,04:32:30,9.394126511482249e-11,2.276796079463037e-11,4.758153193018147e-12,2.046815693990504e-12,1.5771706992518307e-11,7.605870777308046e-09,2.0000000003652225,2
580,04:33:00,3.215226409889225e-11,7.835959142101878e-12,7.938566267831327e-12,1.915050522161352e-12,1.3118772225364612e-11,3.947635868744966e-09,2.00000000036681,2
581,04:33:30,8.582879382289469e-11,1.1141593606425066e-11,4.135890913708818e-12,1.5295322027510518e-12,1.107214858892145e-11,2.6881320057713724e-09,2.0000000003684306,2
582,04:34:00,7.789903080753094e-11,1.5910318258301925e-11,1.0888411261240423e-11,1.5904025895855383e-12,1.1490724582561254e-11,2.0768309828669414e-09,2.000000000370085,2
583,04:34:30,3.7276612601896785e-11,6.5661252710823705e-12,3.9698907879188626e-12,1.6609721482547474e-12,1.3323328557433028e-11,1.78623849405622e-10,2.0000000003717715,2
584,04:35:00,3.3538126247426483e-11,7.520259320150932e-12,2.8209848438606985e-12,1.9723380674612017e-12,1.5773714079297417e-11,1.6464197012571656e-10,2.000000000373492,2
585,04:35:30,4.2071176792917625e-11,8.07233041278782e-12,6.464679120713421e-12,1.5749210547965095e-12,1.1338323352151996e-11,8.1974095679645e-09,2.000000000375245,2
586,04:36:00,4.8695564524005944e-11,7.016277962671413e-12,3.88041352943354e-12,2.2937487743049963e-12,1.9440505769139663e-11,4.0727660100305474e-10,2.0000000003770326,2
587,04:36:30,3.37215712163929e-11,4.988242734434559e-12,3.7570430297177625e-12,1.616300314071865e-12,1.1868875575521096e-11,1.0329342946187844e-09,2.0000000003788534,2
588,04:37:00,2.841049827134788e-11,4.230596281779402e-12,2.6505641563159e-12,9.906091342817988e-13,7.278724650971466e-12,3.267277345496341e-10,2.0000000003807084,2
589,04:37:30,1.295002035621119e-10,9.769108258083835e-12,1.0050123366795735e-11,2.5384676209720598e-12,1.7726584300449672e-11,1.6881123559235278e-09,2.0000000003825966,2
590,04:38:00,5.328252458412264e-11,1.2105098509384385e-11,2.539975212496839e-12,1.2197913543973785e-12,7.355111223358779e-12,1.1763170458549316e-09,2.00000000038452,2
591,04:38:30,3.110977855402081e-11,9.007150715895345e-12,5.23653952144796e-12,2.0558003288742813e-12,1.594141732959683e-11,1.9890714129171782e-10,2.0000000003864775,2
592,04:39:00,5.673229509373293e-11,1.1710953371978452e-11,5.284640414825448e-12,2.3285724395102398e-12,1.906082315007164e-11,4.483002356805747e-10,2.000000000388469,2
593,04:39:30,4.225071050240807e-11,7.847966203649281e-12,4.461678522730945e-12,1.6781154885158993e-12,1.2999846958455872e-11,3.035281447422458e-10,2.0000000003904956,2
594,04:40:00,3.72079450347985e-11,5.743076781503152e-12,3.062936357041339e-12,2.069021654063083e-12,1.6945719912513215e-11,5.242766824739225e-10,2.0000000003925567,2
595,04:40:30,7.869124072952406e-11,7.096674176366281e-12,5.312197369098185e-12,9.73397657306639e-13,5.967978164094112e-12,1.801041276453083e-09,2.0000000003946523,2
596,04:41:00,7.183162059218487e-11,1.0572811314302788e-11,1.209776894144488e-11,1.3371862430585886e-12,7.669974487179829e-12,7.276608336975341e-09,2.0000000003967835,2
597,04:41:30,7.881870488604994e-11,1.4735172568221318e-11,3.878385882075482e-12,2.0838753965405606e-12,1.5860425518297436e-11,7.803562610507227e-10,2.0000000003989498,2
598,04:42:00,5.032218385930356e-11,1.3585915751689307e-11,4.448613092732197e-12,2.551445928292859e-12,2.0276510980381617e-11,1.1096835815977981e-10,2.000000000401151,2
599,04:42:30,2.6669677002474573e-11,6.6994089127212815e-12,3.1757209704743586e-12,2.820403209388469e-12,2.2880300519608955e-11,6.997933580315209e-11,2.000000000403389,2
600,04:43:00,4.729438698844925e-11,4.708856979977206e-12,4.3100478568109286e-12,1.1146851686165499e-12,8.417865344130807e-12,2.3061760712836966e-10,2.000000000405662,2
601,04:43:30,5.0194611663310326e-11,8.523784384123692e-12,3.304343121459348e-12,1.1051412170134403e-12,8.255464281919274e-12,2.024460419768745e-10,2.0000000004079705,2
602,04:44:00,2.821308855584547e-11,1.0654161652771913e-11,5.844349947354725e-12,1.6758993892110082e-12,1.3026429242285524e-11,1.3743222287910834e-10,2.000000000410316,2
603,04:44:30,3.2684469729287114e-11,5.750461727021092e-12,3.98500537178238e-12,1.2747857330360348e-12,9.645173116865008e-12,1.0613733760320113e-10,2.000000000412697,2
604,04:45:00,7.35024333438481e-11,9.537413199360694e-12,1.4345490125249756e-11,1.8840121445185174e-12,1.4939332142736656e-11,1.9223179390725106e-10,2.0000000004151155,2
605,04:45:30,7.356722304995781e-11,6.207778718052377e-12,7.019340925087141e-12,2.0939337699549926e-12,1.599992760051382e-11,2.9146495460036164e-10,2.00000000041757,2
606,04:46:00,9.330851424896589e-11,2.9563469879864416e-11,4.82932842988072e-12,1.4166105755367832e-12,9.822353049334567e-12,3.365024252942563e-10,2.0000000004200618,2
607,04:46:30,6.666105023032733e-11,5.494701986673607e-12,3.833175456382838e-12,1.9517392420698828e-12,1.4831349773100803e-11,7.908268873565569e-10,2.0000000004225904,2
608,04:47:00,4.15574911597782e-11,7.063951669254195e-12,2.590435937109096e-12,1.139286951887552e-12,8.319776926821048e-12,1.1053033137235072e-09,2.0000000004251564,2
609,04:47:30,5.324006566581981e-11,9.70311213347936e-12,4.899764138298432e-12,3.1815482687757447e-12,2.598306242542952e-11,3.551336071003372e-10,2.0000000004277587,2
610,04:48:00,1.518501192442607e-10,1.2504354252691866e-11,8.33648179624421e-12,1.3261958439179061e-12,8.16422816925723e-12,4.2254852966841914e-10,2.0000000004304,2
611,04:48:30,5.41271053666428e-11,7.9379140199265e-12,5.322919367592983e-12,2.2130286466150125e-12,1.8059976843329152e-11,3.8337340448925233e-10,2.0000000004330794,2
612,04:49:00,4.343332234100476e-11,7.019798952579374e-12,4.424224240110505e-12,1.4951653030773745e-12,1.1619495330867373e-11,3.8100357237479083e-10,2.0000000004357963,2
613,04:49:30,8.586273944609262e-11,1.8940458829247143e-11,1.1415259271476261e-11,1.6196676840658415e-12,1.1652874040569053e-11,1.286304139285281e-09,2.0000000004385514,2
614,04:50:00,5.852800383548206e-11,6.52302930559682e-12,4.225487783185637e-12,1.3651124467201097e-12,1.0417354964773322e-11,6.809402763323285e-10,2.0000000004413447,2
615,04:50:30,8.602714004931647e-11,1.606298057908876e-11,1.3872431627330606e-11,1.4938184828091197e-12,1.0759128811752008e-11,3.715267752030606e-10,2.000000000444178,2
616,04:51:00,2.2405979509367618e-10,1.3611334643199186e-11,1.9268935709821627e-11,2.598118307634626e-12,1.8904430311113778e-11,1.3658163443735095e-08,2.00000000044705,2
617,04:51:30,9.080245452220125e-11,1.2129198180183696e-11,6.467662995487327e-12,3.1068071831713374e-12,1.343100486416654e-11,1.7144681440341304e-08,2.000000000449961,2
618,04:52:00,1.5278476300316924e-10,9.524523986541701e-12,9.142375915466502e-12,2.5164777730347543e-12,1.1418216762718368e-11,2.202251091152071e-08,2.0000000004529124,2
619,04:53:00,3.5017674648917866e-11,3.780955986334955e-12,2.373961296357414e-12,1.4545700799933177e-12,2.6609289995575423e-12,2.8718579670787125e-08,2.000000000458932,1
620,04:53:30,4.6244831812906174e-11,7.187377666639946e-12,2.6933483743968406e-12,1.593773783068208e-12,5.219591208482403e-12,3.778560869121546e-08,2.000000000462001,1
621,04:54:00,1.0642279829691565e-10,4.698141698013403e-12,3.2457710695817707e-12,1.193131385137892e-12,3.297388268874037e-12,2.591625972532637e-08,2.0000000004651115,1
622,04:54:30,1.3103736753066074e-10,1.0090816688312792e-11,2.928251913999199e-12,2.2289143019212495e-12,1.4837611525809012e-11,1.0008399434940087e-08,2.0000000004682628,2
623,04:55:00,3.65383060191972e-11,6.64621918144989e-12,4.29891748976802e-12,2.1622600804022917e-12,1.6263071812012194e-11,8.228124693400517e-09,2.0000000004714553,2
624,04:55:30,7.114787996122717e-11,8.689711528978198e-12,1.1602213824617561e-11,1.3354373000137114e-12,6.979888320681493e-12,1.9496368112392494e-08,2.0000000004746887,2
625,04:56:00,3.8646768996970993e-11,5.83519123936535e-12,4.0236858239573326e-12,1.3999970424304308e-12,8.850620069930425e-12,5.1731455551848064e-09,2.0000000004779634,2
626,04:56:30,1.1777035041908954e-10,1.789727648490262e-11,1.3853426575101828e-11,1.4643606208800278e-12,9.54167909216702e-12,6.325429736659604e-09,2.0000000004812803,2
627,04:57:00,3.180538116199377e-11,4.182539541617693e-12,4.445516225743277e-12,1.8480473207209766e-12,1.49452130954006e-11,3.866317613531807e-10,2.0000000004846394,2
628,04:57:30,5.333571583650722e-11,8.796551337866893e-12,7.039697273169474e-12,2.176437327323612e-12,1.4791710647661617e-11,2.5170236868379505e-09,2.0000000004880407,2
629,04:58:00,7.275215803477998e-11,7.622686411166279e-12,3.971277423144853e-12,1.3509991934387306e-12,7.970464518087967e-12,1.1487433781991653e-08,2.000000000491484,2
630,04:58:30,3.912863373249911e-11,6.3455758933975604e-12,3.959163487509733e-12,1.442517586492873e-12,1.0875937255594198e-11,1.9571330058470465e-09,2.000000000494971,2
631,04:59:00,7.099098969021271e-11,1.7374065165865392e-11,5.254353310260392e-12,1.4196756336759656e-12,9.824651809461003e-12,1.7722827744695209e-09,2.000000000498501,2
632,04:59:30,4.036176942145586e-11,7.443221497563812e-12,2.9922972309870397e-12,1.4599786575427309e-12,1.1287970605019935e-11,7.869576475666381e-10,2.000000000502073,2
633,05:00:00,8.943366263751847e-11,7.641646311440066e-12,4.942647056441867e-12,1.4636987212847482e-12,1.0458996097566094e-11,3.5106125125147308e-09,2.0000000005056897,2
634,05:00:30,4.7308828824920456e-11,5.267807337382971e-12,3.709776465708574e-12,1.2428290942763124e-12,9.223142884625506e-12,1.194450747384278e-09,2.000000000509351,2
635,05:01:00,6.288584525243218e-11,1.0164992870793815e-11,4.223236346444286e-12,1.9449687041234222e-12,1.5517008454806988e-11,2.3979366104785927e-09,2.000000000513056,2
636,05:01:30,1.5950341504427632e-10,1.3003276736432564e-11,5.55618380192687e-12,1.1007625159829761e-12,7.418039247865637e-12,1.1020593009185535e-09,2.0000000005168084,2
637,05:02:00,4.163660243043928e-11,1.2413047803488683e-11,3.891482693584161e-12,3.111455186625589e-12,2.560486954552595e-11,1.0805302032424868e-09,2.000000000520604,2
638,05:02:30,7.426510292870708e-11,9.12390508491947e-12,6.340611847769251e-12,1.0624492198076695e-12,6.617857406248323e-12,1.6035026772775735e-09,2.000000000524445,2
639,05:03:00,6.597544582274677e-11,9.974916563421159e-12,6.601486143092141e-12,1.7275426646040529e-12,1.2264891388148629e-11,9.5788904873453e-10,2.000000000528331,2
640,05:03:30,1.851088772911102e-10,1.020312467750837e-11,5.766750666667078e-12,2.2045315655281747e-12,1.627372781490774e-11,7.4010908317092164e-09,2.000000000532264,2
641,05:04:00,1.1548717735668173e-10,8.71603808214694e-12,1.1633980200087335e-11,1.6582579722394027e-12,9.455464661281717e-12,7.109773730754239e-09,2.0000000005362426,2
642,05:04:30,8.74643974826925e-11,1.0623718987078844e-11,4.325123085158719e-12,2.31784738952047e-12,1.8114719601499924e-11,1.5627968932010215e-09,2.000000000540268,2
643,05:05:00,7.89086054345719e-11,9.847810296781726e-12,6.52295241403228e-12,2.316561406119778e-12,1.8278328314289818e-11,4.2474367907692607e-10,2.00000000054434,2
644,05:05:30,1.1693054855694594e-10,6.7716142563589616e-12,5.7782982384455736e-12,2.2905298827459594e-12,1.6359165890204332e-11,2.403491702111822e-09,2.00000000054846,2
645,05:06:00,7.033218468928571e-11,4.235758869899696e-12,3.4214140044398244e-12,1.7070195254251121e-12,1.1683760190306622e-11,4.568423842802856e-09,2.000000000552628,2
646,05:07:00,2.7769020042067102e-11,2.4637282997833585e-12,1.5999724385911965e-12,6.448889836882558e-13,1.3410171010738792e-12,1.5540703751667703e-08,2.0000000005611085,1
647,05:07:30,3.6897986613581567e-11,2.4297952148970483e-12,2.0756878163063422e-12,8.178673182749014e-13,4.575193577591016e-12,9.935967564855506e-09,2.0000000005654224,2
648,05:08:00,1.175400759081906e-10,8.174052685678038e-12,7.75071085567348e-12,1.8092824749232121e-12,1.3225358893933996e-11,2.6133620039253777e-09,2.000000000569784,2
649,05:08:30,8.870301648025574e-11,9.93723360341509e-12,7.725834385812319e-12,2.397175209272286e-12,1.6995771366597233e-11,4.807235256856909e-09,2.000000000574197,2
650,05:09:00,3.944063811949871e-11,6.691402685435983e-12,4.719105685440351e-12,1.5576745473715441e-12,7.30798974742401e-12,7.662448549254288e-09,2.0000000005786593,2
651,05:09:30,2.586386934182775e-11,2.4859783088340746e-12,1.9563804542703927e-12,1.2949178407995135e-12,6.555254703015112e-12,5.3945717598082615e-09,2.0000000005831717,2
652,05:10:00,5.693956475295818e-11,9.313653229572358e-12,4.321882824115126e-12,2.7545474463209296e-12,2.016538504321827e-11,2.4337817690939747e-09,2.0000000005877356,2
653,05:10:30,6.991343774337382e-11,1.2513250647133388e-11,6.266376936777493e-12,1.3811843882782116e-12,9.684487207948074e-12,2.010932889856405e-09,2.0000000005923506,2
654,05:11:00,7.871942938863454e-11,5.935162745103576e-12,1.343570450911015e-11,2.346108788772384e-12,1.588963369908618e-11,1.1175999578156236e-09,2.0000000005970175,2
655,05:11:30,5.690454571425092e-11,7.622094158657913e-12,3.781498940080671e-12,1.6528376957267891e-12,3.212731817964463e-12,3.026184987753233e-08,2.000000000601736,1
656,05:12:00,3.619415825717192e-11,3.0437147376585187e-12,2.401309096534655e-12,6.140409451305202e-13,2.163686174407461e-12,8.171841515328483e-09,2.0000000006065073,1
657,05:12:30,1.8982712515610953e-10,5.351212018802791e-12,2.5283037950447255e-12,1.8724206711618284e-12,2.2331923137514304e-12,1.9569960877090914e-08,2.0000000006113314,1
658,05:13:30,2.681164889430153e-11,3.2640505717005728e-12,2.344621994376618e-12,1.2437326144562368e-12,1.652164564701312e-12,8.259928885809336e-09,2.0000000006211405,0
659,05:14:00,1.9672446676516073e-11,3.128935291938682e-12,2.6774587191918757e-12,8.77210803335789e-13,1.112758516661721e-12,1.3310408364783559e-08,2.0000000006261267,1
660,05:14:30,1.2777438040802623e-11,2.8316515349957855e-12,1.3229911894543684e-12,5.370033013227895e-13,1.13146099097067e-12,8.95399358262018e-09,2.000000000631167,1
661,05:15:00,2.92985229839963e-11,5.938002625679231e-12,2.1042016054386745e-12,6.281806353090527e-13,1.7874765028603883e-12,2.266582753474575e-08,2.000000000636263,1
662,05:15:30,4.855014827620267e-11,5.053789683336089e-12,2.421014256444154e-12,1.0513167633827075e-12,4.128026917572616e-12,7.325605597103387e-09,2.000000000641414,2
663,05:16:00,6.487944336367632e-11,9.043031890643246e-12,2.423616878320274e-12,1.4627594309738758e-12,9.752240285861922e-12,1.3336647114962396e-08,2.0000000006466228,2
664,05:16:30,2.1768935445223647e-10,1.2502349267575933e-11,6.630116705188439e-12,1.473971100565667e-12,8.638831661692063e-12,1.539994426493991e-09,2.0000000006518874,2
665,05:17:00,4.035743914971836e-11,7.598767102448234e-12,4.566477674482584e-12,2.522504128560354e-12,2.0557787291021174e-11,3.872382409641209e-09,2.0000000006572094,2
666,05:17:30,8.93621117391367e-11,9.66753369316449e-12,1.1609932747321125e-11,1.753172718531979e-12,1.1071243806619459e-11,3.9282625670564715e-09,2.000000000662589,2
667,05:18:00,3.7559736972181316e-11,8.139746578129204e-12,7.935155152578536e-12,1.0457207071039227e-12,6.051805026929223e-12,6.2930074705920695e-09,2.000000000668027,2
668,05:18:30,1.0323513993934535e-10,9.655388469813377e-12,3.792200102129547e-12,2.7878217259270933e-12,1.7751010627111276e-11,1.1579888169600266e-09,2.000000000673524,2
669,05:19:00,3.771042319798665e-11,7.683307882529685e-12,3.991740156090561e-12,1.0648184646717918e-12,6.194922661669475e-12,1.500394982391551e-09,2.0000000006790795,2
670,05:19:30,6.17384238774885e-11,1.226810934742216e-11,6.3397659504725324e-12,2.287416430074695e-12,1.666643104638307e-11,2.4815720555467307e-09,2.0000000006846945,2
671,05:20:00,1.1459401656970763e-10,1.5408879543049113e-11,7.653523660875805e-12,2.1631437002243894e-12,1.2651835711668308e-11,4.916989100940042e-09,2.00000000069037,2
672,05:20:30,2.6064826291246725e-11,4.5952637975711805e-12,2.482407687594034e-12,1.2269114988584563e-12,1.970340057846375e-12,1.4719778265768417e-08,2.000000000696107,1
673,05:21:00,3.0991112031847394e-11,5.231927869805855e-12,1.9418885372750782e-12,8.164699447807909e-13,3.238383517348435e-12,5.873183375968338e-09,2.0000000007019056,2
674,05:21:30,5.2469753702041415e-11,1.3836635468337475e-11,2.5586698209400695e-12,6.271178636588265e-13,1.786330002519722e-12,2.3637628709301045e-09,2.0000000007077663,2
675,05:22:00,3.606344470136866e-11,6.476102328300867e-12,1.637230377590881e-12,4.812879257998807e-13,9.95953674698217e-13,6.492008952279907e-09,2.000000000713688,5
676,05:22:30,3.849012906704457e-11,6.394524403180568e-12,1.4509675812599383e-12,4.5014574650516926e-13,6.367361049913566e-13,1.772567358669048e-08,2.0000000007196745,5
677,05:23:00,3.3241378924626147e-11,5.9240632966157185e-12,1.996720766260051e-12,4.857520074445444e-13,9.734328758010435e-13,9.987861386947578e-09,2.0000000007257244,5
678,05:23:30,1.7637366364327466e-11,3.5332829493100253e-12,1.7375492260548614e-12,4.3726602475578405e-13,7.271344615950219e-13,4.441629988647393e-09,2.0000000007318395,5
679,05:24:00,1.6601726410986998e-11,3.927354780678548e-12,1.6795664912813458e-12,4.560074315286324e-13,6.015601738845024e-13,5.597330629411093e-09,2.0000000007380185,5
680,05:24:30,7.203074133257593e-11,1.1457408905540732e-11,1.9172840782354883e-12,3.2489894187595614e-13,6.401303072378658e-13,4.546956049892629e-09,2.0000000007442633,5
681,05:25:00,2.97482103219452e-11,7.170292989244619e-12,2.3607207980493867e-12,4.405852953439198e-13,9.013011653684545e-13,1.369864699856267e-08,2.0000000007505743,5
682,05:25:30,5.005290646417528e-11,6.135258464778935e-12,1.5730648115077344e-12,3.6330432423582294e-13,5.688492500806605e-13,1.7135885102477492e-08,2.0000000007569514,5
683,05:26:00,8.426558554496679e-11,1.0137873523759914e-11,2.375834022726806e-12,3.1189402362997933e-13,5.630541379311164e-13,4.751407830478181e-09,2.0000000007633965,5
684,05:26:30,1.0914566084981686e-10,9.575171644075752e-12,3.962730504100116e-12,4.570902990417213e-13,8.436655810938117e-13,3.022543608564219e-08,2.0000000007699095,5
685,05:27:00,1.0401816240826722e-10,7.904891535792307e-12,2.3539692284432616e-12,3.766918708809304e-13,8.933426429003507e-13,1.4869152610672987e-08,2.0000000007764918,5
686,05:27:30,1.3202601739487426e-11,3.029078575629652e-12,1.4685254156220226e-12,3.652746117406898e-13,7.371959164399978e-13,9.360312077111864e-09,2.0000000007831433,5
687,05:28:00,1.690630014002968e-11,4.666274026192912e-12,2.6739268954042874e-12,4.464842338311544e-13,8.673301746040976e-13,3.2097975674006746e-09,2.000000000789866,5
688,05:28:30,1.0440694931856193e-10,9.699791265445514e-12,1.320737331920703e-12,3.517479740079198e-13,7.419225927405086e-13,2.7301296881403446e-08,2.0000000007966587,5
689,05:29:00,1.3622315196421653e-10,7.986042460544919e-12,2.661433164243297e-12,4.2586490709782955e-13,1.0899379686894905e-12,3.429865868212668e-08,2.0000000008035235,5
690,05:29:30,8.715361235052301e-11,7.800214999064342e-12,2.2636668487360458e-12,3.8586390979084013e-13,8.648356631635082e-13,1.9137481895719755e-08,2.00000000081046,5
691,05:30:00,1.029558577037287e-10,9.185169991307752e-12,2.4855836310623203e-12,3.730097893750413e-13,8.653173381094356e-13,1.1772516848726505e-08,2.0000000008174696,5
692,05:30:30,9.882070392674749e-11,9.166586855357917e-12,3.259126614837852e-12,3.9369302359900867e-13,1.1163638365339878e-12,4.065330708671103e-08,2.0000000008245538,5
693,05:31:00,5.392407030075808e-11,6.515032537076007e-12,3.695082773510229e-12,4.3489546017456134e-13,1.0255651950274772e-12,4.524625362846494e-08,2.000000000831711,5
694,05:31:30,5.93593936954935e-11,5.875520444679461e-12,2.472428893176596e-12,4.494011349866335e-13,1.1238324726755365e-12,3.2793012885560166e-08,2.000000000838943,5
695,05:32:00,1.9920489840645777e-11,8.971818131164308e-12,1.8138344420059653e-12,3.362130030140327e-13,7.516331221772789e-13,5.941275552556031e-09,2.000000000846253,5
696,05:32:30,3.19541926575093e-11,6.066544978289403e-12,3.826225162721194e-12,7.494640100133693e-13,1.3792606516492825e-12,2.327203157723952e-08,2.000000000853639,5
697,05:33:00,1.8432627089294243e-11,5.726797705624431e-12,2.766570323711603e-12,5.813987069167448e-13,9.039697980380216e-13,3.000977145948042e-09,2.0000000008611027,5
698,05:33:30,1.9780492816413495e-11,6.241152615903771e-12,1.5240745958047982e-12,3.5367450933779946e-13,9.648059940932203e-13,2.266286943757109e-08,2.000000000868646,5
699,05:34:00,2.8248331789662898e-11,1.0146277642917384e-11,2.3608491408820874e-12,3.282221753053756e-13,7.382073785724085e-13,6.597993827938138e-09,2.0000000008762675,5
700,05:34:30,5.96591449152578e-11,8.527460561470638e-12,2.5491214319330345e-12,4.682679838220939e-13,1.1209476281838634e-12,2.1741172001074843e-08,2.0000000008839693,5
701,05:35:00,4.598151537907331e-11,8.617192050253112e-12,2.6979445964931427e-12,4.118915639829535e-13,8.289841907207295e-13,4.560104587476767e-08,2.0000000008917516,5
702,05:35:30,2.6606383081173174e-11,7.006574487680237e-12,2.08930175273775e-12,3.299821870160192e-13,7.16084222925421e-13,8.910213234115549e-09,2.000000000899616,5
703,05:36:00,3.644490835607889e-11,6.6443157857881914e-12,1.208916252542143e-12,3.1501878677785685e-13,7.312813655334958e-13,7.551402485256024e-09,2.000000000907563,5
704,05:36:30,2.2473910427474607e-11,5.4695592944008306e-12,1.2476173593329734e-12,3.4568857645921986e-13,8.10988195850946e-13,5.586035336389643e-09,2.0000000009155934,5
705,05:37:00,3.834835249282953e-11,8.17124515914308e-12,2.0051871400997534e-12,4.3730020568330205e-13,1.1979930457133863e-12,2.2767682400320506e-08,2.000000000923709,5
706,05:37:30,4.33939208493302e-11,7.6308063817366e-12,2.518717019323183e-12,4.168669706339394e-13,9.340484261498785e-13,3.539725898176824e-08,2.0000000009319088,5
707,05:38:00,4.473958664928753e-11,6.579726438152695e-12,2.050850908110192e-12,4.012913924265833e-13,1.012926888707666e-12,2.5166001572733863e-08,2.000000000940196,5
708,05:38:30,2.7581811763122423e-11,5.195889098215803e-12,2.337734469844488e-12,3.7187671751088597e-13,9.238017846702755e-13,5.0376470887756265e-08,2.0000000009485692,5
709,05:39:00,2.2469844501538978e-11,4.394367506126198e-12,1.7203609118664318e-12,4.0353345208917416e-13,7.272251643940894e-13,1.7716545427292642e-08,2.0000000009570313,5
710,05:39:30,4.2424977400822914e-11,7.381978939199284e-12,2.790184733827086e-12,4.169857583269542e-13,8.025855225292113e-13,1.5467112162292828e-08,2.000000000965582,5
711,05:40:00,3.2749062775561975e-11,4.2536048011411295e-12,2.5493088282779418e-12,4.583045043652249e-13,1.0673676765412136e-12,9.364936550408404e-09,2.0000000009742216,5
712,05:40:30,3.774351258099021e-11,5.789206432495701e-12,2.2439036889643975e-12,4.579851036718114e-13,6.729776965822318e-13,4.651966888118619e-08,2.000000000982954,5
713,05:41:00,2.3032188986670214e-11,3.0011537011945164e-12,2.4975265591227046e-12,1.2255892868596883e-12,1.7739704274162235e-12,2.0955251376322834e-08,2.000000000991779,5
714,05:41:30,1.8811586995426052e-11,9.648959004635595e-12,2.6394252194687897e-12,3.499165893795418e-13,7.102061090628401e-13,1.39105302495684e-08,2.0000000010006986,5
715,05:42:00,2.426423956497893e-11,8.838235286862832e-12,2.1615374929496366e-12,4.132619427745269e-13,7.88067920949786e-13,2.0660992604287952e-08,2.00000000100971,5
716,05:42:30,2.174621395201282e-11,4.597354640054776e-12,2.8073327553518108e-12,3.786487561542161e-13,8.004884249094785e-13,1.4853666840871326e-08,2.000000001018818,5
717,05:43:00,1.6449219263650527e-11,4.760125924521165e-12,2.055999531071441e-12,4.3198455021964467e-13,7.798447262970163e-13,1.7250483727828823e-08,2.0000000010280217,5
718,05:43:30,1.2352768913273714e-11,4.986113051361503e-12,1.2931143801613512e-12,4.1727317847906583e-13,1.0736020349378534e-12,1.9930398959453045e-09,2.0000000010373222,5
719,05:44:00,3.077740757914375e-11,8.405103142881418e-12,2.508422360220515e-12,6.460574532632955e-13,1.0993903721419226e-12,9.368313094344593e-09,2.0000000010467223,5
720,05:44:30,2.3171634357600298e-11,9.220422569122548e-12,1.6285451058670394e-12,3.667561814263444e-13,9.227382340552542e-13,1.1681026108333809e-08,2.0000000010562213,5
721,05:45:00,2.924148002731288e-11,7.366973779832688e-12,1.3111193325510753e-12,3.266702869587018e-13,7.883781483955242e-13,8.080043527715923e-09,2.0000000010658208,5
722,05:45:30,2.4188843225502573e-11,7.079722997761841e-12,2.2603847150547215e-12,3.8602059806962414e-13,7.799265755735562e-13,2.869953943851881e-09,2.0000000010755223,5
723,05:46:00,1.872592006675886e-11,4.057585623324566e-12,1.9861747677070463e-12,3.9863458970680565e-13,1.073177505190735e-12,4.385529621500923e-09,2.0000000010853283,5
724,05:46:30,7.004267433691387e-11,1.460014298268007e-11,2.6671924457208193e-12,4.66282240748298e-13,1.322608979418481e-12,1.5078567592085486e-08,2.000000001095238,5
725,05:47:00,3.656524556217795e-11,1.3518692613931205e-11,1.6084062036507031e-12,3.6614957398424363e-13,9.003267909376399e-13,1.367193783843201e-08,2.000000001105254,5
726,05:47:30,1.1252120274043696e-10,7.776203608564008e-12,3.715064950764385e-12,4.0278597022259913e-13,9.6082543904857e-13,5.8733986638651e-08,2.000000001115376,5
727,05:48:00,8.601659404253395e-11,9.159278957713023e-12,2.5809989816833643e-12,4.0232508959629035e-13,1.3941416652783213e-12,3.910892312288272e-08,2.000000001125607,5
728,05:48:30,2.3452259975901353e-11,7.905610898918338e-12,2.4631491413375275e-12,4.1525167474893506e-13,1.075862211601292e-12,7.821184022614616e-08,2.0000000011359473,5
729,05:49:00,1.8031211565744625e-11,6.038790957277952e-12,1.781719405261625e-12,4.591200691746773e-13,5.737461524348647e-13,7.502962216215351e-08,2.0000000011463976,5
730,05:49:30,4.759219999786178e-11,7.784195783831714e-12,2.882626662502301e-12,4.276932144129963e-13,1.2963667851874563e-12,1.020993254003651e-07,2.00000000115696,5
731,05:50:00,5.733532274695533e-11,7.073018570983824e-12,5.13696027040889e-12,4.828694413413783e-12,2.3874335690027512e-12,6.372022362628416e-08,2.0000000011676358,5
732,05:50:30,2.0822477464773817e-11,4.798793327468322e-12,2.96763926518311e-12,8.121729793874266e-13,1.9212455995250412e-12,1.4105113024691044e-08,2.0000000011784267,5
733,05:51:00,1.7915712456401974e-11,5.620044467828433e-12,1.6866862881793558e-12,3.2901824158061367e-13,7.404747682492492e-13,2.8373474727892907e-09,2.000000001189334,5
734,05:51:30,5.1062337555539993e-11,1.290276029793737e-11,3.183217717744844e-12,5.168781884801055e-13,1.5941292343904012e-12,1.2182349499546184e-08,2.000000001200359,5
735,05:52:00,2.283496379874373e-11,6.215678804548983e-12,2.5489364340730273e-12,3.4428559631682744e-13,8.116106590888778e-13,1.3971480229976384e-08,2.000000001211502,5
736,05:52:30,2.435158621505278e-11,7.535950883450367e-12,1.5533084031456284e-12,3.9948438008139315e-13,7.882486917053041e-13,3.405294247242061e-09,2.0000000012227663,5
737,05:53:00,2.397836759127091e-11,5.033663267494621e-12,1.9394689166292798e-12,4.1100763703252974e-13,6.82763968723972e-13,1.9254203225527293e-08,2.000000001234153,5
738,05:53:30,3.4861583303305584e-11,9.28678007988299e-12,1.9759229869800152e-12,3.0129441300217925e-13,8.139255242250564e-13,6.00328617767313e-09,2.000000001245663,5
739,05:54:00,1.7963313416854343e-11,6.398288616959989e-12,1.599776475222628e-12,3.5946381866029104e-13,7.087338129920265e-13,3.1296083863586024e-08,2.000000001257298,5
740,05:54:30,4.696209916142612e-11,8.782223376195274e-12,1.6058150477484389e-12,3.4449873686379676e-13,8.341530074536808e-13,3.351563986579881e-08,2.0000000012690586,5
741,05:55:00,1.567535277777139e-11,4.4702790325095e-12,1.4324881789450112e-12,3.4489461189456896e-13,7.568300199758609e-13,2.5794474152604332e-08,2.0000000012809487,5
742,05:55:30,1.9507754639483326e-11,1.043345642115281e-11,1.906796536345399e-12,3.9233920945985974e-13,1.2021839195839031e-12,2.30578269349604e-09,2.000000001292968,5
743,05:56:00,2.66055913762496e-11,5.897086568693088e-12,1.9198284532515664e-12,5.527273459429707e-13,1.7811991804598134e-12,6.754331856280322e-09,2.000000001305119,5
744,05:56:30,7.509897584078795e-11,8.997221872355427e-12,2.82626420610364e-12,4.877856933455925e-13,1.0642260004072454e-12,1.7918189025296982e-08,2.000000001317403,5
745,05:57:00,1.9527463653390743e-11,3.1481439238803147e-12,2.6734993186324653e-12,4.2933028073795567e-13,1.3368844096722596e-12,2.12033945419973e-09,2.0000000013298225,5
746,05:57:30,2.4517896636770108e-11,5.849253762594641e-12,3.673086760710147e-12,2.1329272470429463e-12,2.7790766855091843e-12,3.076735744491739e-09,2.000000001342377,5
747,05:58:00,4.043330590762157e-11,1.8322318890764508e-11,3.7816609633041205e-12,4.43457549085599e-13,9.926052412546128e-13,3.7054157092442534e-09,2.0000000013550707,5
748,05:58:30,3.64821941728021e-11,1.3149789105896047e-11,3.174024351181458e-12,4.683812980101768e-13,1.1158875765455674e-12,2.0950341661815464e-08,2.0000000013679036,5
749,05:59:00,2.1406291471835006e-11,6.7488604222286604e-12,2.830840653056361e-12,4.869958760561734e-13,8.979410806102152e-13,3.5804729538458533e-09,2.00000000138088,5
750,05:59:30,2.618332458928265e-11,4.712932500890899e-12,1.200186483976213e-12,4.078282983145201e-13,1.0104322851621209e-12,2.415736132420044e-09,2.0000000013939996,5
751,06:00:00,2.382096027320546e-11,5.369693849799398e-12,2.1686627506820776e-12,3.677884023857533e-13,8.703795440559558e-13,1.6405479812461937e-09,2.000000001407264,5
752,06:00:30,3.7309993106790194e-11,2.0209775834266888e-11,3.997844199383984e-12,4.745486653572242e-13,1.0834076732511677e-12,1.2511161570367127e-08,2.0000000014206765,5
753,06:01:00,2.699962526876384e-11,9.182646067358348e-12,2.8906661547078028e-12,4.3874908829648426e-13,1.0113781108110319e-12,2.156902359437986e-08,2.0000000014342385,5
754,06:01:30,3.044276730451053e-11,6.7045808533102296e-12,2.3617473741595213e-12,3.999442009571227e-13,6.76816930989592e-13,2.340145591477289e-09,2.0000000014479515,5
755,06:02:00,3.112172209601845e-11,9.515103460944744e-12,2.290289273093303e-12,3.51306992816331e-13,7.495563973169272e-13,9.19118324356281e-09,2.0000000014618187,5
756,06:02:30,1.9753306501036227e-11,4.095866240018185e-12,1.130253886856749e-12,3.4115544494598677e-13,6.076687888912045e-13,4.209527202106384e-09,2.0000000014758412,5
757,06:03:00,9.231429467840851e-11,1.362413342931428e-11,2.0654593404881714e-12,4.107049046714001e-13,7.113754253657464e-13,2.2429647675012672e-08,2.0000000014900214,5
758,06:03:30,2.8747650864265228e-11,5.669333391058264e-12,2.2339967875447305e-12,4.537856205956041e-13,9.09670603820942e-13,2.5643296023923213e-08,2.000000001504362,5
759,06:04:00,2.172670813844754e-11,5.2059490259589195e-12,2.3918054203708265e-12,4.5409140180509277e-13,8.720876985480375e-13,5.781544215214625e-09,2.0000000015188637,5
760,06:04:30,1.495067292055959e-11,2.7363099158578505e-12,1.848279231936001e-12,3.236993391820677e-13,4.166038042540224e-13,2.2236147531144887e-09,2.0000000015335297,5
761,06:05:00,2.6808029801786493e-11,4.789198886725699e-12,3.1642351181377923e-12,1.475389384077839e-12,1.7205894176003778e-12,7.84710708156877e-09,2.000000001548362,5
762,06:05:30,1.5123879446890784e-11,3.3110269893752558e-12,2.402670300968218e-12,6.465860202951437e-13,1.012359190986689e-12,4.913770949455726e-09,2.0000000015633623,1
763,06:06:00,4.716218979045471e-11,2.9011233787805623e-12,2.2123257471470263e-12,5.348977611256677e-13,1.895948178380078e-12,6.971755165835913e-10,2.0000000015785337,2
764,06:06:30,2.8519695235974796e-11,5.026893567632442e-12,2.4463459596786037e-12,6.568205509062247e-13,2.2315868527205275e-12,6.351334392719141e-09,2.0000000015938793,2
765,06:07:00,3.839162232581518e-11,3.1817186249609374e-12,2.7742520414671632e-12,9.793845301964175e-13,4.982085214003007e-12,1.3330998935856412e-09,2.0000000016093997,2
766,06:07:30,2.60137947663923e-11,7.718021089689187e-12,2.3048357165038135e-12,1.1621534500228905e-12,7.2626872123272316e-12,5.942681007804657e-09,2.0000000016250987,2
767,06:08:00,5.89042262029469e-11,1.0292660920336388e-11,3.500809250516631e-12,1.3742763892458253e-12,5.908929625295147e-12,2.665492616968528e-09,2.000000001640979,2
768,06:08:30,3.351282000402413e-11,4.674781218534087e-12,4.955250918713287e-12,1.5554204995505963e-12,1.0156762234719713e-11,1.5456044304980862e-09,2.0000000016570416,2
769,06:09:00,5.067832937006688e-11,1.3743181360705753e-11,8.605968286621501e-12,1.8459207529305344e-12,1.2753238181876955e-11,3.617202193380409e-10,2.0000000016732895,2
770,06:09:30,3.0784331271859133e-11,8.426463051358417e-12,3.2644417240247253e-12,1.2426556686250806e-12,8.929870111203654e-12,3.481019858783903e-10,2.000000001689726,2
771,06:10:00,2.0824556300407692e-11,3.923472783944749e-12,2.468006499493588e-12,2.2319262947856215e-12,1.762602642272487e-11,7.794046840715519e-10,2.0000000017063537,2
772,06:10:30,5.809988800820258e-11,2.118851111348746e-11,6.3469364722108835e-12,4.324609500916894e-12,3.136095190287933e-11,2.8223831733518882e-09,2.000000001723175,2
773,06:11:00,2.6438611755737857e-11,6.067718749401085e-12,2.0608324593449033e-12,1.244646867715655e-12,3.5230360507167218e-12,1.5229059242562207e-08,2.0000000017401938,2
774,06:11:30,3.7846451154701015e-11,7.770948109868808e-12,4.168878688404744e-12,2.1475714818514e-12,1.7013513709334814e-11,5.5116072240393986e-09,2.0000000017574115,2
775,06:12:00,3.3199047388158326e-11,4.978119558968841e-12,4.445474533241241e-12,3.658217728516273e-12,2.9202432430033256e-11,1.4980823807022289e-09,2.0000000017748314,2
776,06:12:30,7.944555848206521e-11,2.923868960345536e-11,6.4098776444703275e-12,3.4268373446341663e-12,2.7013921614405972e-11,1.1605418453911241e-09,2.0000000017924564,2
777,06:13:00,7.542588432803504e-11,2.5082062161652075e-11,6.009390463986935e-12,2.7615126445707725e-12,1.916827615669415e-11,7.541425106959341e-11,2.0000000018102897,2
778,06:13:30,1.0128433321671049e-10,1.750696322162047e-11,4.0740268017848796e-12,1.622640806735356e-12,1.0894049143848203e-11,1.7276727058572797e-09,2.0000000018283335,2
779,06:14:00,3.3227833677408287e-11,5.074859756719513e-12,2.400486648583225e-12,1.284922052203363e-12,8.378450694694853e-12,7.392406373991282e-10,2.000000001846592,2
780,06:14:30,4.493189472587408e-11,1.0333616714366473e-11,3.8738077442666395e-12,3.182239941934456e-12,2.5067628946206307e-11,1.781318093873493e-10,2.000000001865068,2
781,06:15:00,2.8445846002351748e-11,4.243511424222352e-12,3.2989441187533877e-12,2.6535990239612984e-12,2.1855050103524893e-11,3.0867819724414156e-10,2.0000000018837647,2
782,06:15:30,7.125246166711434e-11,9.126356941905218e-12,5.3979441169154334e-12,3.019150151548854e-12,2.4701200046538465e-11,4.3576282352372396e-10,2.0000000019026856,2
783,06:16:00,9.982780276796316e-11,8.469595275307271e-12,7.631888935641555e-12,2.273322088024064e-12,1.636406209514307e-11,6.087395066150025e-10,2.0000000019218334,2
784,06:16:30,4.2051186516087554e-11,6.4541700131223974e-12,4.594352196185016e-12,1.93681985842221e-12,1.4519749877645226e-11,1.1929664063238948e-09,2.000000001941213,2
785,06:17:00,1.267147365347847e-10,8.076928606051095e-12,6.73300496465186e-12,2.2860187577063184e-12,1.694516934633002e-11,1.6431937113864008e-09,2.000000001960826,2
786,06:17:30,2.8271829143683895e-11,7.897351122515584e-12,8.198016809996197e-12,4.396694918477824e-12,3.7187047111749365e-11,2.0791695384244079e-10,2.000000001980677,2
787,06:18:00,9.530663070972113e-11,7.321571538666016e-12,4.635783964063313e-12,1.8874960152977723e-12,1.381489510991376e-11,8.748463897990232e-10,2.0000000020007693,2
788,06:18:30,2.985320446728145e-11,4.5735437929164345e-12,4.84542647260507e-12,2.9325836835347475e-12,2.460485393598792e-11,4.850967438109384e-10,2.000000002021106,2
789,06:19:00,3.201406329341528e-11,4.950242264147229e-12,3.5622752413271928e-12,1.7506313699403535e-12,1.1809041085416683e-11,8.761629482929657e-10,2.0000000020416917,2
790,06:19:30,3.013422797300806e-11,6.7544145010870315e-12,3.2943755070030655e-12,2.38812139291733e-12,1.9070265348391575e-11,5.549235240336955e-11,2.0000000020625337,2
791,06:20:00,3.790960703849895e-11,6.463699917058742e-12,6.435021932868035e-12,2.520286449873275e-12,1.9868887282713727e-11,9.408561142843094e-10,2.0000000020836293,2
792,06:20:30,5.8257593409738e-11,9.194608457652898e-12,5.037203750927635e-12,2.0649591009962567e-12,1.4729047263482144e-11,5.355010727929032e-10,2.0000000021049855,2
793,06:21:00,4.3551247370605565e-11,6.666302422991816e-12,6.600675336771919e-12,3.946993908099676e-12,3.370044543725265e-11,8.829109718792721e-11,2.0000000021266056,2
794,06:21:30,6.551548056934229e-11,9.477081554068458e-12,4.65632230772954e-12,3.0511842653865037e-12,2.5643112675091897e-11,1.7834758475165647e-10,2.000000002148491,2
795,06:22:00,9.089795533992936e-11,1.0743083891880098e-11,7.764939103345545e-12,2.7794620854490658e-12,2.1551628748299566e-11,6.103931246232782e-10,2.0000000021706525,2
796,06:22:30,5.063167900963261e-11,7.996808309732042e-12,8.126160862883571e-12,1.530013163380399e-12,1.0614586438132893e-11,1.68137919540739e-09,2.0000000021930915,2
797,06:23:00,8.717465832056445e-11,8.050846292155986e-12,4.569635166553381e-12,1.5407724632885454e-12,1.1403210997782002e-11,3.5781656597337585e-10,2.0000000022158124,2
798,06:23:30,8.764560219285926e-11,1.607981418860789e-11,7.614838877253427e-12,1.9383983563901925e-12,1.3771764349161692e-11,2.3631667117910276e-10,2.000000002238819,2
799,06:24:00,7.935615321374408e-11,1.0744759622861066e-11,6.328259749163143e-12,2.0078005739464727e-12,1.6182970154285522e-11,1.4617312080655046e-10,2.000000002262117,2
800,06:24:30,7.956651041372347e-11,7.670824721146059e-12,4.821772726733735e-12,2.176420697928885e-12,1.698699297537015e-11,1.4670248106195386e-10,2.0000000022857103,2
801,06:25:00,1.4809319384440058e-10,1.5310067819263738e-11,5.44062767323652e-12,1.2336396875485886e-12,8.138895705318928e-12,1.9680507895358677e-10,2.0000000023096036,2
802,06:25:30,6.323472683382322e-11,7.472641045658149e-12,4.7213655545122476e-12,1.7191999626060093e-12,1.334255416532512e-11,3.8820758656408247e-10,2.0000000023338016,2
803,06:26:00,8.824662762917237e-11,1.3011848270700981e-11,6.5626094707409635e-12,1.3454501752808755e-12,9.689475291599786e-12,4.5696662056914034e-10,2.0000000023583095,2
804,06:26:30,1.5831273806788018e-10,1.128656486091902e-11,3.9428639928443436e-12,9.454755282491151e-13,6.378890958585306e-12,5.865643564547149e-10,2.000000002383133,2
805,06:27:00,1.6359805916260004e-10,1.3811224040095355e-11,5.723568507070817e-12,1.8866544569223296e-12,1.4670861019085825e-11,1.3902038664001607e-09,2.000000002408276,3
806,06:27:30,1.215359984682162e-10,7.933779055453935e-12,3.693612125558584e-12,1.9390086302883634e-12,1.5681235016152042e-11,2.8521363898854223e-10,2.000000002433744,3
807,06:28:00,9.274167490353394e-11,9.214366711324718e-12,4.8036511823937885e-12,1.0751449819915834e-12,7.796886226306255e-12,6.666982729670042e-10,2.0000000024595437,2
808,06:28:30,1.4188175719619e-10,1.0785466167719445e-11,3.6868201254251275e-12,7.488494007675794e-13,4.549449649747319e-12,3.5065771842546624e-10,2.0000000024856797,3
809,06:29:00,2.0637357501159887e-10,1.0985968129755313e-11,5.049629307980114e-12,2.2278151402195624e-12,1.7302928423455002e-11,1.2288370226275936e-09,2.0000000025121576,3
810,06:29:30,1.1534874969049593e-10,8.907464279482064e-12,5.30966215236196e-12,1.5535089461751497e-12,1.2176794312799849e-11,2.859118109505974e-10,2.0000000025389837,2
811,06:30:00,1.1691937590436106e-10,1.7257266140376158e-11,5.1381549801353545e-12,1.353004088916874e-12,1.0393247204286702e-11,2.9148976877798716e-10,2.0000000025661633,2
812,06:30:30,2.0290017105962656e-10,1.5353805956233483e-11,4.267181761583063e-12,1.4493211089373934e-12,1.1045245054217571e-11,6.289048016951872e-10,2.0000000025937013,3
813,06:31:00,1.0757753539915613e-10,1.0767715726632592e-11,5.036592447245082e-12,1.614792146431756e-12,1.160049789392768e-11,2.827170358788767e-10,2.000000002621606,2
814,06:31:30,3.249481681273279e-10,1.0149238472031301e-11,4.8522872767955984e-12,1.7884431047348505e-12,1.3923419423754698e-11,2.0111011091993937e-10,2.0000000026498825,3
815,06:32:00,3.0274576047111115e-10,1.0671228881688959e-11,5.695397160431146e-12,1.1380670923754921e-12,7.989163326103886e-12,1.3892446253248974e-09,2.0000000026785374,3
816,06:32:30,1.3213283769070138e-10,6.585772456978454e-12,2.918608301100523e-12,1.215422020561408e-12,9.057345265960889e-12,3.734197563721129e-10,2.0000000027075773,2
817,06:33:00,2.5244228961535013e-10,1.0791942818188901e-11,5.375612538036628e-12,2.3483595707519975e-12,1.893415935325651e-11,1.4644175287826566e-09,2.0000000027370084,2
818,06:33:30,2.8797693196405857e-10,2.05983882712801e-11,6.1699798781503895e-12,1.882877852397758e-12,1.460279966248225e-11,3.6816405516712235e-10,2.000000002766838,3
819,06:34:00,7.837211308239524e-11,7.570954588779327e-12,3.219041849108065e-12,1.2849261201856374e-12,1.0017216455331454e-11,2.370198083373151e-10,2.0000000027970724,2
820,06:34:30,2.277006767733295e-10,1.3029648701124878e-11,5.682110930646715e-12,1.5818969852609318e-12,1.2081968683780264e-11,4.987136786844933e-10,2.000000002827719,3
821,06:35:00,1.5373033965976478e-10,7.507572275262559e-12,3.3845502316327597e-12,9.710283182425992e-13,6.764102574937684e-12,5.767188224258067e-10,2.0000000028587857,2
822,06:35:30,2.2383632012108926e-10,1.1513870718634199e-11,5.428235371966295e-12,1.4166855972869966e-12,1.0412093030093819e-11,2.8541652768612905e-10,2.000000002890278,3
823,06:36:00,1.3763799206619888e-10,7.644830595864834e-12,3.652382550941676e-12,1.9438382125625096e-12,1.6059976674202282e-11,2.759730024016264e-10,2.0000000029222074,2
824,06:36:30,2.2746474245433166e-10,2.1752571755587685e-11,9.761003035621406e-12,8.493218393050887e-13,4.980556456581905e-12,4.767917990419239e-10,2.0000000029545792,3
825,06:37:00,2.2348333001073798e-10,1.9294427682006232e-11,6.684953671432536e-12,1.4975105488637241e-12,1.1520241433237257e-11,4.29175844374644e-10,2.0000000029874005,3
826,06:37:30,1.9533293489219862e-10,1.172737174890568e-11,3.8028780808244846e-12,2.6021984209107844e-12,2.166470947341323e-11,3.81566246916401e-10,2.0000000030206815,3
827,06:38:00,3.6357889888124645e-10,1.1602482364867293e-11,6.368332735176835e-12,2.0240187360365117e-12,1.617992675327098e-11,4.5858698160807174e-10,2.000000003054429,3
828,06:38:30,2.2013199708790376e-10,1.0006541239216326e-11,3.2608195380957538e-12,9.604651993190483e-13,7.136542356453037e-12,3.528574108883089e-10,2.000000003088651,3
829,06:39:00,2.3977348896603703e-10,1.3240906588197061e-11,3.837168330828316e-12,1.1437579679821722e-12,8.26971492605296e-12,6.458135667336774e-10,2.0000000031233585,3
830,06:39:30,1.805920710163495e-10,1.2934949787391646e-11,3.37468128561828e-12,1.3788069903131198e-12,1.009411959694428e-11,3.459503158554421e-10,2.0000000031585583,3
831,06:40:00,5.127341186950655e-10,1.0957922731652425e-11,6.797219613631905e-12,1.722902326519799e-12,1.3671553427214468e-11,3.66821230334246e-10,2.00000000319426,3
832,06:40:30,2.1110385747381166e-10,9.650922826960913e-12,4.6581163200901175e-12,1.0845675981240763e-12,7.691185570856096e-12,5.803865191529433e-10,2.0000000032304737,3
833,06:41:00,3.654509123629768e-10,1.4219091990744393e-11,6.267481553913852e-12,1.0949344491229937e-12,8.286201571187967e-12,5.653311635637151e-10,2.0000000032672083,3
834,06:41:30,4.1823422624196497e-10,1.1481232494688808e-11,5.585502195162882e-12,1.2752096461580607e-12,9.556569022099022e-12,6.548577015187801e-10,2.000000003304474,3
835,06:42:00,3.492705083170813e-10,1.4222564666711852e-11,2.66194404771745e-12,1.0684760368542596e-12,8.077875776322932e-12,3.77799311228212e-10,2.0000000033422802,3
836,06:42:30,4.283762429417697e-10,1.0172079603261845e-11,3.902424430825054e-12,1.0089287286413701e-12,7.544823154735885e-12,4.920536759451019e-10,2.000000003380638,3
837,06:43:00,3.0088711567956967e-10,1.1196010114550651e-11,3.70915890716426e-12,1.0775872674907422e-12,7.799153598350226e-12,5.041446630067107e-10,2.0000000034195566,3
838,06:43:30,4.235697512778031e-10,1.2058111211261628e-11,8.703770192242156e-12,1.727973862152117e-12,1.4088073732340996e-11,5.723436462888789e-10,2.000000003459047,3
839,06:44:00,2.8502400222251105e-10,1.0255350060570334e-11,2.8257031818917597e-12,1.0349956608951778e-12,7.37278793202168e-12,7.294489520706702e-10,2.0000000034991214,3
840,06:44:30,3.396916166231499e-10,9.943448282162855e-12,3.222900052409166e-12,1.4341389437400716e-12,1.1153673123551146e-11,5.517880608714765e-10,2.0000000035397902,3
841,06:45:00,3.154767846022168e-10,1.1919578530436141e-11,4.388894769737866e-12,1.2790723205725166e-12,9.790259231175526e-12,3.934454710325201e-10,2.0000000035810652,3
842,06:45:30,2.570106657323265e-10,1.174531292484861e-11,4.814799142780779e-12,1.1771656722589545e-12,9.010967652456088e-12,8.135847989809072e-10,2.000000003622959,3
843,06:46:00,4.700926078904272e-10,1.1167974056131787e-11,9.515323602694084e-12,1.5415737347660077e-12,1.1821385948139354e-11,3.8761167789939686e-10,2.0000000036654817,3
844,06:46:30,3.2318223190026514e-10,1.7067488027377755e-11,2.6563386433862435e-12,1.4393639608600396e-12,8.80776044982383e-12,6.817229416952673e-10,2.0000000037086476,3
845,06:47:00,6.249456404222689e-10,1.0783559720467951e-11,2.8616868352948087e-12,1.0538419409571638e-12,7.2666024202943266e-12,4.710568871983246e-10,2.000000003752469,3
846,06:47:30,3.529934949180674e-10,1.3647741730028331e-11,3.7692195703812025e-12,1.5953189160533826e-12,1.2677819695939542e-11,4.2588100246640975e-10,2.0000000037969583,3
847,06:48:00,2.5842052386046584e-10,9.970340048950266e-12,3.768172004249556e-12,1.624012015676509e-12,1.3073125232090859e-11,5.77855851675167e-10,2.0000000038421306,3
848,06:48:30,3.422478847685771e-10,8.568265581796624e-12,2.9717350235390265e-12,1.6949167974780335e-12,1.3379792742875227e-11,6.172068571339834e-10,2.000000003887997,3
849,06:49:00,4.994386061237459e-10,1.1842278015129962e-11,3.175508328335234e-12,1.4711114737608346e-12,9.700915087879134e-12,6.836254993853655e-10,2.0000000039345727,3
850,06:49:30,2.8239193662753357e-10,1.220598507341508e-11,4.3274299334698285e-12,1.2476577293077697e-12,9.652988635455368e-12,5.060069244090172e-10,2.0000000039818726,3
851,06:50:00,3.9919320021044357e-10,1.0041584108205574e-11,3.478191944257278e-12,5.422096686750623e-13,3.250828981543734e-12,1.0114401391261767e-09,2.0000000040299097,3
852,06:50:30,4.551307069670049e-10,2.155687051830642e-11,5.96498812291582e-12,1.5986271884616762e-12,6.805409584618962e-12,3.344510463438762e-08,2.000000004078702,3
853,06:51:00,2.663545217641181e-10,1.4733048000676836e-11,6.885001533487082e-12,3.5904112567885216e-12,7.187546686441539e-12,3.7111317593751824e-08,2.0000000041282635,3
854,06:51:30,9.827923846412562e-11,8.619690110136776e-12,3.8560755478020225e-12,5.322166365839572e-13,1.288132882871797e-12,3.2822798753853015e-09,2.0000000041786103,2
855,06:52:00,8.040050025747022e-11,9.566661832369467e-12,4.155137817821315e-12,8.575572206966973e-13,3.5019427633742587e-12,1.7540614800472432e-09,2.00000000422976,2
856,06:52:30,1.0416343068653537e-10,8.824328415143342e-12,4.435010516160754e-12,2.040437828637786e-12,1.4084589791837212e-11,4.041712811766949e-09,2.000000004281727,2
857,06:53:00,5.43316773112422e-11,5.518760252758953e-12,4.624827921580955e-12,2.0636517252359215e-12,1.532929349535612e-11,1.0543428044269705e-09,2.0000000043345305,2
858,06:53:30,3.8317857407973214e-11,7.008301967935661e-12,4.068142274233617e-12,2.668511954809278e-12,1.9555041881342355e-11,9.104479822912652e-09,2.000000004388186,2
859,06:54:00,1.0650634673133756e-10,9.063218983268913e-12,1.4839775433836624e-11,2.6914641429297237e-12,2.158373737772306e-11,6.502873173673754e-10,2.000000004442714,2
860,06:54:30,3.918618954803872e-11,5.309284508722181e-12,8.55240095478371e-12,1.6535443535087815e-12,1.1268534673869462e-11,2.8416985311946693e-09,2.0000000044981325,2
861,06:55:00,3.4901668166408373e-11,4.528388554031856e-12,4.614094512823584e-12,1.3193862520027478e-12,9.374953400056097e-12,1.879810716426913e-09,2.0000000045544604,2
862,06:55:30,4.675560773208074e-11,7.436321134863115e-12,6.332528894186942e-12,1.419057272228256e-12,8.154555717061458e-12,3.1485836966260794e-09,2.000000004611718,2
863,06:56:00,2.22490696495679e-11,5.675403951622842e-12,4.262259065317855e-12,1.5031675130182421e-12,1.1371709990513916e-11,2.066442080451735e-09,2.0000000046699253,2
864,06:56:30,4.936066314228172e-11,6.066138919875155e-12,2.754411794545213e-12,1.6074295438072922e-12,1.1579580887991479e-11,4.036096655350572e-10,2.0000000047291033,2
865,06:57:00,2.1255983354917934e-11,3.675370287099174e-12,2.25626575906822e-12,1.1375267822754738e-12,8.851133919442474e-12,1.5707546113295457e-10,2.000000004789272,2
866,06:57:30,2.122462800125455e-11,5.133894588225663e-12,3.3713072724688646e-12,9.84980898047102e-13,6.3978530717778246e-12,1.3763882169749798e-09,2.0000000048504547,2
867,06:58:00,5.063268543250348e-11,8.758846105851744e-12,5.499303021157849e-12,1.8037831334964943e-12,1.2741040717840774e-11,2.089140367308317e-09,2.000000004912674,2
868,06:58:30,3.891870770405344e-11,8.39102320562036e-12,4.5003869860998836e-12,1.6434196886220617e-12,1.2278564670040472e-11,1.409104070339623e-10,2.000000004975952,2
869,06:59:00,4.577392324465616e-11,8.831937453798606e-12,4.720551095302937e-12,1.6213424938067443e-12,1.2176213367384036e-11,2.676369273483694e-10,2.000000005040314,2
870,06:59:30,2.5292762718762045e-11,3.56419576603477e-12,4.335908101739711e-12,2.0828633400189687e-12,1.7018135795948653e-11,4.682127607149271e-11,2.0000000051057834,2
871,07:00:00,5.116778482247147e-11,1.9093179407690953e-11,5.954815599602868e-12,1.8200127439008173e-12,1.3603989092568077e-11,6.053275863417299e-10,2.0000000051723856,2
872,07:00:30,4.9486854729704985e-11,5.756929466643283e-12,3.1514097304940937e-12,7.066239562605621e-13,4.008189346382228e-12,1.3263542169653895e-09,2.000000005240148,2
873,07:01:00,8.403159259255796e-11,1.5742099165704577e-11,1.371764986574238e-11,2.6990607995632758e-12,1.9177971823584442e-11,2.0844807031869938e-09,2.000000005309095,2
874,07:01:30,7.611226261483014e-11,1.2817628768667843e-11,1.6916123161980875e-11,2.61486833369862e-12,1.7081686130500348e-11,9.064247004231764e-09,2.0000000053792566,2
875,07:02:00,2.8389499063769363e-11,4.376348019195132e-12,4.600585771065423e-12,9.210216438888534e-13,5.633304837376066e-12,8.294652156409652e-09,2.0000000054506586,2
876,07:02:30,4.86794613770817e-11,6.573080247535888e-12,5.238689475908292e-12,3.667332534345809e-12,3.047249993149738e-11,7.347386788066046e-10,2.0000000055233307,2
877,07:03:00,4.582779230153198e-11,6.383724353510202e-12,4.860820455554093e-12,1.986850870134535e-12,1.4752052122155425e-11,6.151913178768489e-09,2.000000005597305,2
878,07:03:30,5.557539279744e-11,7.353544805971527e-12,8.851103773496226e-12,1.2175385576366476e-12,7.0855368011304226e-12,3.016268212946257e-09,2.0000000056726095,2
879,07:04:00,3.034599001723133e-11,5.345804036614393e-12,3.4235175842658237e-12,1.2037958040337277e-12,8.810326228440026e-12,5.876022298122355e-10,2.0000000057492775,2
880,07:04:30,8.515328176019322e-11,1.0922729998293683e-11,5.034479376867405e-12,2.2684750925290364e-12,1.5894073468105766e-11,6.753955251916272e-10,2.000000005827341,2
881,07:05:00,7.399081940153956e-11,1.2052380359442308e-11,6.076083272666323e-12,1.63800106661352e-12,1.1493535267621581e-11,2.705128627679285e-10,2.0000000059068346,2
882,07:05:30,5.568764655547754e-11,1.4637459364111377e-11,1.0628912111456266e-11,1.9265178046411696e-12,1.429363203788971e-11,2.0523832978439342e-10,2.000000005987793,2
883,07:06:00,1.136385816727978e-10,1.072373355779562e-11,8.365454971683673e-12,2.506773090646597e-12,2.0248136687354058e-11,1.672355082999932e-10,2.0000000060702514,2
884,07:06:30,1.220514379223511e-10,1.574242531151832e-11,7.63837141470519e-12,2.4146464580076726e-12,1.6977551365032705e-11,4.494183653875389e-10,2.000000006154247,2
885,07:07:00,9.57082199158443e-11,1.2245602506226624e-11,4.065417047204058e-12,1.966583101330953e-12,1.4560250253414485e-11,7.859635460507624e-10,2.000000006239817,2
886,07:07:30,1.6335355944734833e-10,1.01214686542557e-11,1.0490321875212674e-11,1.8425668389665994e-12,1.2902053272127378e-11,2.9749841287916455e-09,2.000000006327001,2
887,07:08:00,5.657683674826709e-11,1.1332569815675163e-11,4.8500900880600066e-12,2.295607751869759e-12,1.7427585103371717e-11,2.2862777116066817e-09,2.000000006415843,2
888,07:08:30,1.1562195614760895e-10,3.596218030728534e-11,5.62485877232186e-12,9.423511120464626e-13,3.8062698142187836e-12,6.519086246024903e-09,2.000000006506379,5
889,07:09:00,6.685368490628724e-11,1.6633481208757398e-11,3.737473007297282e-12,5.64838569637633e-13,1.5185835971899166e-12,1.3295232791292934e-08,2.0000000065986545,5
890,07:09:30,2.676253961796847e-11,4.048674982657826e-12,1.9525483122854493e-12,4.71545576048007e-13,8.444266475780092e-13,6.148248169659729e-09,2.000000006692714,5
891,07:10:00,3.6971541287673785e-11,7.444208831951472e-12,3.721474978171045e-12,7.838786696249665e-13,2.4998041710508228e-12,1.3170482926719114e-09,2.0000000067886043,5
892,07:10:30,4.6482952476413176e-11,6.455744689928954e-12,3.4065690880856964e-12,1.2013567068773593e-12,1.8724660074921768e-12,2.1815724431523853e-08,2.0000000068863715,5
893,07:11:00,2.8157225192421252e-11,8.313509194770871e-12,2.4741903304787962e-12,3.498279421406784e-13,8.152237031265433e-13,7.661207585949335e-09,2.0000000069860637,5
894,07:11:30,3.779635069861603e-11,1.1818257071373524e-11,2.3856953808799843e-12,4.1074619534358457e-13,6.801792191433269e-13,6.648628191113241e-09,2.0000000070877335,5
895,07:12:00,3.937352074467769e-11,9.124033118572187e-12,1.8763984598679063e-12,3.8433969884218043e-13,8.426482238568326e-13,1.2363072382423113e-08,2.0000000071914315,5
896,07:12:30,4.694763787146967e-11,6.0670148335211005e-12,1.6074571404039073e-12,3.4244176099160723e-13,7.039039832775643e-13,1.2998242257684684e-08,2.000000007297212,5
897,07:13:00,1.8968553428480257e-11,4.4380151006079706e-12,2.527904045209843e-12,3.178595149042326e-13,8.86330439953369e-13,9.816149563598448e-09,2.0000000074051316,5
898,07:13:30,2.61944949043693e-11,7.462385755651598e-12,3.316532487876237e-12,5.824396639771968e-13,1.2446082497578139e-12,6.863378227555685e-09,2.0000000075152458,5
899,07:14:00,1.09220646888574e-10,8.402270512785716e-12,3.000155916286108e-12,4.1055570096963855e-13,1.0344128401120163e-12,2.58268000213664e-08,2.000000007627615,5
900,07:14:30,2.5923208808691255e-11,3.5783143039890102e-12,2.3619490149612306e-12,4.3035677099014474e-13,6.594689404300888e-13,3.48523429523465e-09,2.0000000077423015,5
901,07:15:00,5.326046557326017e-11,7.719201921173463e-12,2.4947201797233845e-12,4.2655889081433905e-13,1.0836232119253755e-12,3.7116236533531896e-09,2.000000007859367,5
902,07:15:30,2.253874910425873e-11,5.892694489925123e-12,1.5643161986347307e-12,3.995830934589874e-13,7.907844175673968e-13,7.087643953894961e-09,2.0000000079788807,5
903,07:16:00,3.481645353965265e-11,5.752867554646654e-12,2.874290661244885e-12,5.300449382894019e-13,1.0253239867534733e-12,1.0694096330398536e-08,2.0000000081009066,5
904,07:16:30,1.2370956483292053e-10,7.054468265848366e-12,1.4880924153186139e-12,3.8270893735287897e-13,9.32669952567853e-13,2.1309134593416832e-08,2.0000000082255167,5
905,07:17:00,3.112406343308258e-11,7.150479078788816e-12,1.3500315071835657e-12,3.3539023666491264e-13,5.515843279354744e-13,1.539493305299933e-08,2.0000000083527842,5
906,07:17:30,6.295083623320852e-11,6.977126414013814e-12,2.4392290247188286e-12,4.2300566078534936e-13,1.256505963245867e-12,4.707788728241839e-09,2.0000000084827834,5
907,07:18:00,2.5430867065635104e-11,7.236814496195037e-12,2.507241517904055e-12,3.1908243236155326e-13,9.158423768622445e-13,9.305680199053445e-09,2.000000008615594,5
908,07:18:30,2.2259964475674158e-11,8.148400854608183e-12,3.1756325613804306e-12,4.4067568765602147e-13,9.263262523971143e-13,1.8904710332466152e-08,2.0000000087512966,5
909,07:19:00,3.758216270328639e-11,5.799833421812639e-12,1.9879478475944693e-12,3.358373048327347e-13,6.638657231916295e-13,4.1116989637760296e-09,2.0000000088899754,5
910,07:19:30,5.653271389397226e-11,8.525210650400003e-12,3.58220927980314e-12,3.654771673289776e-13,8.910922843237766e-13,1.5747522545871362e-08,2.000000009031716,5
911,07:20:00,4.61842095957563e-11,8.465823361731236e-12,3.2628374742928725e-12,3.6618972962568453e-13,9.07221372536413e-13,2.7591503886773652e-08,2.0000000091766084,5
912,07:20:30,8.896212693220295e-11,8.846413563294453e-12,3.51792472075283e-12,3.9687884465431744e-13,1.0444201787770713e-12,2.267645811967256e-08,2.000000009324747,5
913,07:21:00,3.712091220360652e-11,6.8689730018639995e-12,1.2227442178585908e-12,3.300590687024659e-13,5.873885669969588e-13,3.3018979225740914e-08,2.000000009476229,5
914,07:21:30,5.536652284889441e-11,5.71463754126019e-12,3.799474189032415e-12,1.4427660017984201e-12,1.6639376175759176e-12,3.650207548814833e-08,2.0000000096311545,5
915,07:22:00,1.9254217474253822e-11,5.1118282560282025e-12,2.3607317587110156e-12,3.6600307751357117e-13,8.308739519272344e-13,1.2948171224916453e-08,2.0000000097896273,5
916,07:22:30,3.463573214757226e-11,1.119329585928492e-11,2.7442801804222988e-12,3.7629699574800666e-13,9.601105040462763e-13,1.0045957432505454e-08,2.0000000099517563,5
917,07:23:00,2.3428275250073032e-11,4.831046531375197e-12,2.9333529014825454e-12,3.4569202927197414e-13,1.0203388337095371e-12,1.6735832395479463e-08,2.000000010117654,5
918,07:23:30,2.7805438933507955e-11,5.836759683044562e-12,3.074440663533549e-12,2.0381503958675628e-12,1.5890208380829201e-12,1.9539124900496056e-08,2.000000010287437,5
919,07:24:00,1.2099941067122586e-11,4.663700511855841e-12,1.768446912554734e-12,3.3021342112128157e-13,6.264276111181829e-13,7.826897081124251e-09,2.0000000104612257,5
920,07:24:30,5.546883622513323e-11,1.445119569113955e-11,4.2760545357836725e-12,4.636757558203738e-13,1.2094747749695577e-12,9.48044722911103e-09,2.0000000106391473,5
921,07:25:00,3.930764157285297e-11,1.0149561491796758e-11,1.5811258494426002e-12,3.865868977828321e-13,8.017161782586221e-13,2.8560008238009864e-08,2.000000010821332,5
922,07:25:30,4.870391962365612e-11,1.7168689625398135e-11,1.76071298409605e-12,3.818740849262825e-13,8.123787695932248e-13,6.145650358303228e-08,2.0000000110079164,5
923,07:26:00,4.766977858739118e-11,7.89035794778438e-12,1.5365078840310372e-12,3.5898707609927194e-13,7.90260997517128e-13,5.227902195814438e-08,2.0000000111990417,5
924,07:26:30,5.7402479596952744e-11,6.8839707447167985e-12,1.5347689325704552e-12,3.1004334621731964e-13,5.863703238144251e-13,5.1837419385019644e-09,2.0000000113948557,5
925,07:27:00,3.074437138559514e-11,5.627302192825528e-12,1.6702572004901817e-12,4.156796461859514e-13,8.289249767383891e-13,1.8900197807645658e-08,2.0000000115955117,5
926,07:27:30,4.889979741206672e-11,5.6975447357649615e-12,1.538622966883959e-12,3.7781651109795093e-13,1.0463733630913074e-12,4.069102565272734e-09,2.0000000118011685,5
927,07:28:00,5.638212794593732e-11,8.805615706920318e-12,1.7394353260962813e-12,3.342350595749817e-13,9.83545152223103e-13,1.1479778496421845e-08,2.0000000120119927,5
928,07:28:30,2.5164510585226496e-11,6.479576989831922e-12,1.921644595800387e-12,3.002335197971311e-13,7.031116100840099e-13,2.315806161479999e-09,2.000000012228158,5
929,07:29:00,8.176899746933855e-11,7.188035349035515e-12,2.149837583189949e-12,3.732121699797945e-13,8.629330296131027e-13,1.3029938515869338e-08,2.000000012449844,5
930,07:29:30,5.693232315553962e-11,7.719363908728521e-12,1.9857602720592804e-12,3.409806324602308e-13,7.901778568081135e-13,2.189190611836232e-08,2.000000012677238,5
931,07:30:00,1.3712160305484757e-10,1.0786203853094492e-11,2.608589085762128e-12,4.840250446938965e-13,1.3575676670814179e-12,5.7112524605906606e-08,2.000000012910537,5
932,07:30:30,4.596593235990322e-11,6.633296887556512e-12,2.27083504648819e-12,4.013911391891592e-13,8.303052498764043e-13,1.0891763329181847e-08,2.000000013149945,5
933,07:31:00,2.4115577064006175e-11,3.0550180148777308e-12,1.14815840674599e-12,3.5812732201624834e-13,6.905986296671295e-13,8.232320710780956e-09,2.000000013395675,5
934,07:31:30,3.351294685550806e-11,9.041284081413008e-12,1.6913142081246162e-12,3.542745466924263e-13,8.852868497669694e-13,1.1535101665557455e-08,2.0000000136479503,5
935,07:32:00,2.7766341979801222e-11,1.3454027543652083e-11,2.145695563830508e-12,4.029403408066212e-13,8.514141720257747e-13,8.8374907271663e-09,2.0000000139069996,5
936,07:32:30,5.464766996689369e-11,1.1991952042553854e-11,2.0634632363337917e-12,3.855657080326719e-13,6.670667529763027e-13,2.927747137996817e-08,2.00000001417307,5
937,07:33:00,5.670022100198498e-11,5.777952948072896e-12,1.9747957099075097e-12,3.9683134379825906e-13,7.437953776924248e-13,1.4183564571828859e-08,2.000000014446413,5
938,07:33:30,2.363897215694941e-11,5.741237901706706e-12,2.242660653405271e-12,3.77965713031655e-13,7.684877325866588e-13,3.513603021913092e-08,2.0000000147272927,5
939,07:34:00,1.59692040838211e-11,4.522549537259549e-12,2.18849239784188e-12,5.051968183834873e-13,1.081806234616408e-12,1.9519977393728715e-08,2.0000000150159867,5
940,07:34:30,5.6060611776392255e-11,6.99801703198289e-12,2.635295473937613e-12,3.5485644406719103e-13,8.357108093095157e-13,1.864368147636553e-08,2.0000000153127835,5
941,07:35:00,3.7604670466766884e-11,4.736699120593562e-12,2.8478611060236873e-12,3.998041320269393e-13,9.874945180738928e-13,4.0280493047728e-08,2.0000000156179865,5
942,07:35:30,2.8742676635171535e-11,5.686260738479279e-12,2.3882916642502987e-12,3.9258554371415426e-13,9.703927328986495e-13,1.7522768132788713e-08,2.0000000159319127,5
943,07:36:00,3.0565713332425203e-11,7.0561582216163045e-12,2.3075671228064778e-12,3.2922383166497807e-13,8.904315527878313e-13,4.037176233670296e-09,2.000000016254894,5
944,07:36:30,2.2897098695428356e-11,5.161321024862852e-12,1.5302443244238293e-12,3.3664385620847004e-13,7.448379201191097e-13,1.1113850287110944e-08,2.0000000165872764,5
945,07:37:30,1.1645480166745989e-11,3.122511339990062e-12,1.7806589219339519e-12,3.524312683342594e-13,5.572122550126524e-13,1.2831647380343494e-08,2.0000000172817227,5
946,07:38:00,2.4800916116997605e-11,4.892974572647616e-12,1.2389190919919302e-12,4.923576088016092e-13,1.0354651700250622e-12,8.793418476668092e-10,2.0000000176445676,5
947,07:38:30,2.959552056916825e-11,6.601290992233865e-12,1.6699707689892764e-12,4.2843187871316403e-13,1.0112431684840851e-12,5.9335956014807274e-09,2.00000001801838,5
948,07:39:00,4.110601737028539e-11,1.5276112941365548e-11,1.9692964600965186e-12,5.176313755474476e-13,6.922045657942333e-13,1.8488993439719223e-08,2.0000000184036018,5
949,07:39:30,1.843227289796563e-11,6.820259407580626e-12,1.7825297511988918e-12,4.624409305341616e-13,9.928547691296419e-13,2.479423937270613e-08,2.000000018800695,5
950,07:40:00,1.7763448146441107e-11,1.0101660092828712e-11,2.15001708440243e-12,3.602007474791931e-13,8.765423840675969e-13,1.1333396572997819e-08,2.0000000192101437,5
951,07:40:30,2.8437210601275512e-11,2.226995919292413e-11,2.3573911434109484e-12,3.9295649397617454e-13,8.405309387773844e-13,1.1326781211942329e-09,2.000000019632459,5
952,07:41:00,2.8845108052823934e-11,1.0190997598445623e-11,2.30945949371662e-12,5.338423309416724e-13,1.1268391170169768e-12,2.954384207380277e-09,2.000000020068178,5
953,07:41:30,2.8065069213885674e-11,1.436241728089557e-11,1.3072977605835726e-12,3.660035221899061e-13,7.31456782636912e-13,8.332520790445581e-09,2.0000000205178643,5
954,07:42:00,2.57669896223087e-11,6.2995504899677185e-12,1.9666661857030777e-12,4.944216955902041e-13,1.3114069805718464e-12,1.4020371621597276e-08,2.0000000209821125,5
955,07:42:30,7.126309589029972e-11,5.487661425590898e-12,4.386726013792372e-12,1.805058963082996e-12,1.6235175614254713e-12,2.314081209372682e-08,2.0000000214615468,5
956,07:43:00,2.3433426494618344e-11,4.701746686973295e-12,6.014918769545554e-12,1.6265933708581715e-12,1.4356356736624724e-12,1.4270716814226846e-08,2.0000000219568252,5
957,07:43:30,1.1285301369588265e-11,2.226233748245422e-12,1.1775018825319042e-12,4.3872568232441737e-13,5.497261047731495e-13,6.648104452858146e-09,2.0000000224686407,5
958,07:44:00,2.435641290768541e-11,3.1931047696435513e-12,1.571894180482562e-12,6.22373692295152e-13,8.831131407505208e-13,2.8835375365259477e-09,2.0000000229977233,5
959,07:44:30,5.6267104827007634e-11,4.522014061674181e-12,2.0390794910521445e-12,6.117716099917119e-13,1.090044593118628e-12,1.5588369864893566e-08,2.0000000235448434,5
960,07:45:00,1.149052625346501e-11,2.8704150827309647e-12,1.6979347762808116e-12,4.119163700914014e-13,6.393154042913275e-13,3.0086216921977256e-08,2.000000024110813,5
961,07:45:30,1.3209561311721313e-11,3.183934366553827e-12,1.1899947731866234e-12,4.085125560363171e-13,7.284598188544919e-13,4.601870925428768e-09,2.0000000246964906,5
962,07:46:00,2.147160137571919e-11,4.4322446217200596e-12,3.998436823923596e-12,1.051817412798708e-12,2.333826744076254e-12,6.439806326619925e-09,2.0000000253027794,5
963,07:46:30,1.5013700552045266e-11,3.2786988974667787e-12,1.3201894958333474e-12,6.723561267004825e-13,2.0795353428506864e-12,2.7432261911355143e-09,2.0000000259306367,5
964,07:47:00,4.844172722892594e-11,7.0704562544838945e-12,3.3636090026842127e-12,9.69084199541706e-13,5.141710852097085e-12,9.58570484897042e-09,2.000000026581072,5
965,07:47:30,8.739352365645575e-11,8.117810415725268e-12,3.6947365869748406e-12,1.8410454289651835e-12,1.163629284334365e-11,2.161144722048593e-09,2.000000027255152,5
966,07:48:00,2.196446901799039e-11,2.9844417473333e-12,3.1178947788916894e-12,1.5695474041286531e-12,8.486651916283017e-12,5.074751244388613e-10,2.0000000279540093,5
967,07:48:30,3.941534157074414e-11,1.1102405981819507e-11,4.6619710459612636e-12,1.947265609572959e-12,1.3203912018171292e-11,9.51236396353689e-10,2.000000028678836,5
968,07:49:00,6.364714716620737e-11,1.7349575288569114e-11,6.1449894368973886e-12,2.8226136679111017e-12,2.0549898860611335e-11,4.95787950544713e-10,2.0000000294308977,5
969,07:49:30,3.6750755529523836e-11,5.551285608027056e-12,3.4397172791440253e-12,2.2832574205820144e-12,1.7828327574426088e-11,7.941337371027603e-10,2.000000030211532,5
970,07:50:00,8.316803251748853e-11,1.076365302054086e-11,3.0913305043296057e-12,2.070100864886075e-12,1.2046068063363332e-11,3.729931032844458e-10,2.000000031022157,5
971,07:50:30,3.718082566577439e-11,3.7175420290213756e-12,2.3115628882500076e-12,1.3084015692926925e-12,6.304214665268145e-12,5.602163390546358e-10,2.000000031864276,5
972,07:51:00,3.763347938740402e-11,1.0046360597955012e-11,3.5903173972313963e-12,2.1697275413856907e-12,1.3355938013193213e-11,5.087640026721191e-09,2.000000032739482,5
973,07:51:30,2.4599318110254366e-11,3.4129892063552257e-12,3.689332268604225e-12,1.0066831325183434e-12,6.728621881813393e-12,1.286005498044768e-09,2.000000033649462,5
974,07:52:00,1.7610293893458143e-10,1.6690949628578245e-11,5.337893971489151e-12,2.0674044543805425e-12,1.1592634932164065e-11,1.8166469590176124e-09,2.0000000345960074,5
975,07:52:30,2.4583225900247477e-11,4.735957121938025e-12,2.874391767451603e-12,2.987716021325783e-12,2.4960341459677443e-11,1.8308183156838636e-10,2.000000035581017,5
976,07:53:00,4.195347713163182e-11,9.66733436671326e-12,5.757133839345042e-12,2.190323203902262e-12,1.6780419438431657e-11,1.7014101107459466e-09,2.0000000366065045,5
977,07:53:30,3.107077942347693e-11,1.5922534658626298e-11,6.988076564400043e-12,2.9077818607173565e-12,2.243900393055943e-11,1.7011631095245843e-09,2.00000003767461,5
978,07:54:00,7.222533883355484e-11,1.0088539625269522e-11,4.273333800278853e-12,2.3066114017557365e-12,1.6286785961418146e-11,5.400110642110593e-10,2.000000038787599,5
979,07:54:30,2.8085822938416277e-11,4.732786027194384e-12,3.8087512253386535e-12,2.6496870501909443e-12,2.169428091309286e-11,1.0975759691438857e-09,2.0000000399478783,5
980,07:55:00,8.139011749133825e-11,2.29672151311396e-11,9.253991130626222e-12,2.1200003465454527e-12,1.4167237702523734e-11,1.346368405660794e-09,2.0000000411580006,5
981,07:55:30,5.10205883692481e-11,1.1713665398076401e-11,4.02590187170205e-12,1.949312356690164e-12,1.4620963311553565e-11,6.597715763421431e-10,2.000000042420671,5
982,07:56:00,3.865206502073609e-11,7.978873392143906e-12,3.7798089339851694e-12,2.4690432570127064e-12,1.908120607841034e-11,9.946615525748327e-10,2.000000043738759,5
983,07:56:30,5.1502608382096435e-11,9.144922491732354e-12,5.262407197967824e-12,1.7074658865629191e-12,1.1665426812472491e-11,1.4871031008932996e-09,2.0000000451153035,5
984,07:57:00,5.278007583738409e-11,9.320576350487999e-12,6.228017451111033e-12,2.382978600297346e-12,1.8207593191315387e-11,7.861758605704578e-10,2.000000046553521,5
985,07:57:30,2.6302436181758006e-10,1.0158572109931064e-11,6.418103771032324e-12,2.0655987973515617e-12,1.411061703644149e-11,1.0668843311923749e-09,2.000000048056813,5
986,07:58:00,6.302839790593309e-11,5.6474311278325885e-12,3.402316114530123e-12,5.767368390112566e-13,1.5298549921582545e-12,3.12476886958461e-09,2.000000049628768,5
987,07:58:30,4.6552174776386693e-11,7.551638933720847e-12,3.738628955525843e-12,1.9834900243056215e-12,1.4498392247324138e-11,1.966421208708531e-09,2.0000000512731693,5
988,07:59:00,7.573989711316842e-11,1.006556472237309e-11,1.4102144992109136e-11,1.9214611573671178e-12,1.4071087021624789e-11,7.870915868357786e-10,2.000000052993995,5
989,07:59:30,2.553316101504171e-10,1.2007561260439758e-11,8.841139335770621e-12,1.836007501362021e-12,9.914167782780709e-12,1.684715809624396e-09,2.0000000547954144,5
990,08:00:30,3.099174467888257e-11,4.174398065184409e-12,1.856544343139327e-12,5.868210626723545e-13,1.3490390058696275e-12,1.1446369313401327e-08,2.000000058657617,1
991,08:01:00,2.6438793118087253e-11,3.1402992035656567e-12,3.327821892389875e-12,1.580324600459686e-12,1.156015788647173e-11,1.8649836056746805e-09,2.0000000607275914,2
992,08:01:30,3.738596452643867e-11,4.659930631329155e-12,6.020375072325589e-12,2.1684785045415083e-12,1.63646696095004e-11,3.12980554378872e-10,2.0000000628964854,2
993,08:02:00,3.15849903099137e-11,5.7483476402294126e-12,4.446425201739198e-12,1.885542442860355e-12,1.4135834642821856e-11,3.1629605229625695e-09,2.000000065169139,2
994,08:02:30,5.367489205448768e-11,1.0409555168023163e-11,7.564403981162994e-12,8.781080986155611e-13,3.126224617564026e-12,2.102725648087676e-09,2.000000067550377,2
995,08:03:00,8.834065172968839e-11,7.682758632471362e-12,6.762967545258806e-12,1.336164012208302e-12,8.058225519991649e-12,8.035438243467075e-10,2.0000000700449094,2
996,08:03:30,3.831968267731959e-11,6.8989073669890226e-12,3.988203759820574e-12,2.799062325048737e-12,2.0703214877364214e-11,2.7416708272993486e-09,2.000000072657187,2
997,08:04:00,6.012475309599722e-11,1.817198758405836e-11,7.051581477564446e-12,3.1127844748852115e-12,2.3828806954654123e-11,1.9881709018794516e-09,2.0000000753912084,2
998,08:04:30,4.766922777672938e-10,2.3126931575733705e-11,1.193886334004003e-11,4.7478994240869296e-12,2.3008096880455215e-11,2.67626577831193e-08,2.000000078250259,2
999,08:05:00,2.3507643507814336e-10,2.4590844965652038e-11,1.1281175496708605e-11,9.540533605520566e-12,7.361638544859753e-12,5.387292238102726e-08,2.000000081236555,0
1000,08:05:30,7.317668435274063e-10,7.148241994280255e-11,1.1263804539371174e-11,5.8177831134811574e-12,7.724109643977422e-12,2.2239179162262415e-08,2.000000084350752,0
1001,08:06:00,1.2166032483028743e-10,1.6030651412570505e-11,4.369724697824948e-12,1.2801726330154796e-12,2.843911072248381e-12,2.5816003961480425e-08,2.000000087591301,0
1002,08:06:30,2.582923328852198e-10,4.5359597651350596e-11,5.551277904040048e-12,1.7560492155976881e-12,3.1398035078130214e-12,1.247968797212758e-08,2.000000090953544,0
1003,08:07:00,3.90318947716201e-10,3.2813934161624924e-11,6.942255310293321e-12,2.102105858692452e-12,2.397867958421234e-12,3.1106110410749274e-08,2.0000000944285046,0
1004,08:07:30,9.554842290794976e-11,1.653237876976731e-11,5.608053632438215e-12,2.1651763032564313e-12,4.252265429590498e-12,1.0883224249306978e-08,2.000000098001223,0
1005,08:08:00,4.09520701736949e-10,3.734645970212242e-11,7.177496158726194e-12,2.8166244789106716e-12,2.8094230504567912e-12,3.2507058362220795e-08,2.000000101648466,0
1006,08:08:30,1.514044044644428e-10,1.1842926353232784e-11,3.5277374794921152e-12,1.1998259379266206e-12,2.24901666427921e-12,9.755208442624803e-09,2.0000001053355536,0
1007,08:09:00,1.0028779397884604e-10,1.5208474805613076e-11,4.294250402902732e-12,1.6752427806378638e-12,2.3669953578037795e-12,1.4655273347131033e-08,2.000000109011936,0
1008,08:09:30,2.997462154848543e-11,5.575322356902809e-12,2.7524546041045666e-12,1.4494315361597314e-12,1.701979375058773e-12,2.1721118434115236e-08,2.000000112604965,0
1009,08:10:00,2.656253675246704e-10,4.124631133790146e-11,7.248003732439429e-12,1.7243492441562604e-12,2.8059240509574888e-12,3.550451362565894e-08,2.000000116011047,0
1010,08:10:30,1.0013977526150979e-11,2.9584607873522016e-12,2.4407990271095776e-12,1.1001401335762278e-12,1.5790924544222965e-12,4.419972852805509e-10,2.0000001190829266,0
1011,08:11:00,1.635282688072049e-11,2.692853611170488e-12,3.0710390954975688e-12,8.151291727010133e-13,8.076669826071159e-13,9.146240119166614e-09,2.000000121611189,0
1012,08:11:30,8.05851477091744e-12,2.9189667294193798e-12,2.322953839624778e-12,7.062278138476531e-13,9.071404826794924e-13,8.807336416961156e-10,2.000000123296958,0
1013,08:12:00,2.558726226475435e-10,2.095851789031293e-11,6.614890102212892e-12,3.318758211297654e-12,3.675349750834885e-12,4.092683682630318e-08,2.0000001237109686,0
1014,08:12:30,1.7459183934654933e-10,1.2399589852298353e-11,5.716136343555437e-12,1.059413295659267e-12,1.3211031542159482e-12,1.5133932187989367e-08,2.000000122231078,0
1015,08:13:00,2.4389454857302182e-11,3.7835171369147976e-12,3.239118618353502e-12,6.856646543993542e-13,9.164626118123211e-13,3.375693062411904e-08,2.0000001179449276,0
1016,08:13:30,3.290860391568548e-11,2.707480110905677e-12,2.2387203988975054e-12,6.577763714784297e-13,1.0792161055364294e-12,1.4132034070880713e-08,2.0000001094947604,0
1017,08:14:00,1.3111200223684722e-10,8.318439059635254e-12,2.8481073509044733e-12,6.11703825180311e-13,1.0166392915326844e-12,4.42921074883866e-09,2.000000094823488,0
1018,08:14:30,1.1340261362177143e-11,2.6376336968790375e-12,2.5432111318856698e-12,6.287686358561735e-13,7.431203335747202e-13,1.39895355888778e-08,2.000000070746571,0
1019,08:15:30,1.5834072340246576e-10,7.696026053687234e-12,5.301992552166813e-12,9.366769942362393e-13,1.4922115477709527e-12,5.126920332383108e-08,1.9999999709135874,0
1020,08:16:00,1.4390510054817917e-10,8.274967718083132e-12,2.832132956737761e-12,1.2331161898410972e-12,1.5924582359540189e-12,3.8845846739054094e-08,1.9999998727988026,0
1021,08:16:30,1.544268114569192e-11,3.66764313222156e-12,2.3409848046882355e-12,5.755276516376527e-13,1.0453584324051852e-12,2.8151377301946476e-08,1.999999712950329,0
1022,08:17:00,2.845627246173553e-10,2.414934490553212e-11,7.1970465873123956e-12,3.3079683063897957e-12,3.780249660565132e-12,1.1993907987942698e-07,1.9999994453562744,0
1023,08:17:30,4.437152416521383e-10,4.645127655583307e-11,1.096584845206302e-11,3.645581985413284e-12,3.8897844907565884e-12,6.549103369138004e-08,1.999998983374953,0
1024,08:18:00,8.791498369874263e-11,9.361224264115124e-12,2.650069420105468e-12,1.366556246786913e-12,2.572072184147451e-12,5.669428346315859e-09,1.9999981936238755,0
1025,08:18:30,1.4710398392772723e-10,2.369876083514142e-11,5.592569171800855e-12,1.4706469525119117e-12,3.289256631583919e-12,2.2616179171826397e-08,1.9999977287296573,0
1026,08:19:00,7.661828746073894e-10,8.299203695259471e-11,9.343632520513288e-12,2.4238252410556442e-12,4.582979195939478e-12,4.438938185427792e-08,6.415143182630605,0
