index,start_time,eeg_delta_power,eeg_theta_power,eeg_alpha_power,eeg_beta_power,eeg_spindle_power,eog_var,emg_rms,label
1,00:49:00,4.390981008836435e-11,5.094508573533218e-12,1.643517735345649e-12,5.661092742811655e-13,7.193948540919264e-13,3.510609583468641e-09,2.7583005354428964e-06,0
2,00:49:30,2.793281792794522e-11,3.072415149532228e-12,9.258260916645281e-13,3.573495790193327e-13,3.748837701719111e-13,2.0723222193373933e-09,2.6650879007636454e-06,0
3,00:50:00,1.2340312723716652e-10,6.830903434826522e-12,1.7255729861275454e-12,4.97759076881729e-13,6.771166526236827e-13,9.465071511211193e-09,2.9076799731450254e-06,0
4,00:50:30,2.2261118574083855e-11,2.281023731440734e-12,1.3850186192771573e-12,3.841454250794596e-13,6.275413044567908e-13,3.2907372413989567e-09,2.9757809039407786e-06,0
5,00:51:00,3.843631156799772e-11,2.508052407582187e-12,1.1531922041495688e-12,2.943706633072684e-13,4.958104954132368e-13,5.2670313659520435e-09,2.882666735736633e-06,0
6,00:51:30,4.524436796211377e-11,2.473041194801766e-12,1.0652515786061078e-12,2.3488279079306534e-13,3.8549099994212197e-13,4.182837930382221e-09,2.6420237812964654e-06,0
7,00:52:00,2.0974099361981128e-10,6.682421683411433e-12,1.7605858368560596e-12,4.206738466998106e-13,7.169582757016681e-13,5.826201338152208e-09,2.6825522127080423e-06,0
8,00:52:30,1.2545416052374614e-10,7.008449964866154e-12,1.7399816666080235e-12,5.117048152207819e-13,8.737131925833115e-13,1.2056693781290314e-08,2.8829930229059992e-06,0
9,00:53:00,8.689015415430393e-11,9.921806980417115e-12,2.179872020199755e-12,6.106230806095272e-13,1.0718185865624083e-12,1.0062142713770314e-08,2.906623123870189e-06,0
10,00:53:30,2.1768011617939333e-10,1.1330474524612658e-11,2.7214933507819566e-12,6.528646119705256e-13,1.0574696544850774e-12,5.670642466473744e-09,2.6947986770770544e-06,0
11,00:54:00,5.60212055987256e-11,2.105901462187771e-12,7.951907444314907e-13,4.2104435262009366e-13,5.694752009351004e-13,3.1774648592537715e-09,2.6721441888361613e-06,0
12,00:54:30,5.076377451289235e-12,1.3119650695192262e-12,9.718355310977233e-13,3.743289013183181e-13,6.775830716347247e-13,2.807382656315171e-09,2.7939385834727417e-06,0
13,00:55:00,1.2197558841164789e-11,1.5118024889364356e-12,7.781892691812264e-13,4.1561377130151583e-13,7.428456227336535e-13,2.8569734158213435e-09,2.855490509611496e-06,0
14,00:55:30,4.65967675656641e-12,1.5038048598792486e-12,9.909258123580433e-13,3.483109612729855e-13,5.404862323413713e-13,2.2127444171217558e-09,2.7566830184433e-06,0
15,00:56:00,2.3848761238746567e-11,1.6808269099374906e-12,1.2160663796664696e-12,2.7217870704091136e-13,4.4116406811180404e-13,2.1148444100720984e-09,2.672866573707315e-06,0
16,00:56:30,1.3841207127566622e-11,2.084564204479776e-12,1.1619974938680742e-12,3.3867136344609044e-13,5.556541227880154e-13,2.6101858156929488e-09,2.7637952497514475e-06,0
17,00:57:00,1.5610710001517128e-11,2.4216272301042445e-12,1.93868933686264e-12,3.5071572542497813e-13,6.360143142692348e-13,3.1757842714581066e-09,2.9411162600952054e-06,0
18,00:57:30,1.8994188558758637e-11,2.6067467244753022e-12,1.517100943194556e-12,3.481337574977959e-13,4.889994863880563e-13,2.5230425881545127e-09,2.831907446756783e-06,0
19,00:58:00,1.6290820898698575e-11,2.2287581027105856e-12,1.5945000611159582e-12,3.077456733176128e-13,6.177335074370494e-13,1.3116184085541836e-09,2.7557918770225938e-06,0
20,00:58:30,9.657816767252787e-12,2.1728530707529213e-12,8.586344437161317e-13,3.117560356530207e-13,4.4916880740748297e-13,3.2406705586776403e-09,2.7368388921059594e-06,0
21,00:59:00,9.240775172075431e-12,1.5641311735754766e-12,1.0263251095788057e-12,3.081211246458284e-13,4.952866369687484e-13,3.6979208455091354e-09,2.906652469496568e-06,0
22,00:59:30,8.301334007194218e-12,2.21050926452983e-12,7.187846469632122e-13,3.6084132699774015e-13,5.168673040589095e-13,3.801070213783484e-09,2.9623920047505775e-06,0
23,01:00:00,6.08503552841871e-12,2.6186647595387124e-12,1.9510982756207003e-12,3.54113821986712e-13,5.755809092246507e-13,3.1796475154532777e-09,2.920615510587489e-06,0
24,01:00:30,2.7566667918310506e-11,3.17100218417602e-12,1.1187307367556217e-12,2.6452716220735524e-13,4.690722828983918e-13,2.2811597912309458e-09,2.7065678924341303e-06,0
25,01:01:00,1.8888481397848194e-11,1.7490380200005152e-12,1.0153369815568243e-12,3.19079381542097e-13,5.918555441928277e-13,3.2412393761920434e-09,2.8328689399830017e-06,0
26,01:01:30,1.0552738422061935e-11,2.297017041560883e-12,8.048693634970744e-13,3.9116134952556733e-13,6.465227245683283e-13,4.562008099235994e-09,2.9645251271248615e-06,0
27,01:02:00,2.4952151980177098e-11,1.198877480203883e-12,6.735326918803273e-13,3.7243635804439854e-13,6.022094477565555e-13,5.20732604057262e-09,2.967338652203216e-06,0
28,01:02:30,2.738928815906494e-11,1.6674420519351327e-12,8.737089523835992e-13,3.189331987792404e-13,5.521618816484708e-13,7.430512026688393e-09,2.7234728248651463e-06,0
29,01:03:00,1.7369790428915244e-10,7.11961562674171e-12,1.4015620868515562e-12,3.2721124127512805e-13,5.586257143584737e-13,1.0454173680776734e-08,2.623087320921786e-06,0
30,01:03:30,8.146247939924957e-11,8.584679952707578e-12,1.8986183137999697e-12,6.77876880986088e-13,9.692740401987356e-13,3.54968953566288e-09,2.854088325156207e-06,0
31,01:04:00,2.678320526155897e-11,3.691562360165568e-12,2.025333536082629e-12,4.84030109971687e-13,4.504540730003994e-13,3.5903045597846906e-09,2.88247423352489e-06,0
32,01:04:30,1.2227794700206985e-11,4.5441253316870804e-12,1.5451691770250992e-12,3.1065282312907463e-13,4.054684657609613e-13,5.108204149324553e-10,2.683878854137286e-06,0
33,01:05:00,5.211688705282548e-12,4.5974914025410795e-12,1.6917326373882046e-12,2.490798982315348e-13,3.0255355568725707e-13,5.369575616605761e-10,2.4875496020697913e-06,0
34,01:05:30,6.312978016282699e-12,1.5587979987436573e-12,2.113357109486364e-12,2.561407969068506e-13,3.6925890864620123e-13,6.461114360063648e-10,2.7688595931511553e-06,0
35,01:06:00,2.890624736102152e-11,1.7581068357863728e-12,2.0165082672264026e-12,3.1207327374210005e-13,4.319263675329603e-13,1.061612317813772e-09,2.7364748628058867e-06,0
36,01:06:30,1.2038867581795963e-11,2.933644260957525e-12,2.5197847074484406e-12,3.8244741249742745e-13,5.428848812771607e-13,2.3245314576820848e-09,2.450386623530067e-06,0
37,01:07:00,1.2860912068449972e-11,2.1341426331592606e-12,2.0003877176954285e-12,2.2352052497400694e-13,3.3262404375998727e-13,1.1933923628929491e-09,1.546130807650555e-06,0
38,01:07:30,1.0646995379584206e-11,9.560306876425167e-12,1.4900779166407848e-12,2.0180254559636291e-13,3.7916454186947346e-13,5.361267250032373e-10,1.8724497734113367e-06,0
39,01:08:00,1.2753299152669345e-11,9.303418532690655e-12,2.2236305643335385e-12,2.9227694389910147e-13,5.233936544466492e-13,5.158458714897118e-10,2.2015724616119506e-06,0
40,01:08:30,6.7497772558343124e-12,4.1220057650797365e-12,1.7517394042942076e-12,2.4505695235492274e-13,4.980874718759474e-13,1.842497224146831e-09,2.035607130892654e-06,0
41,01:09:00,6.768777077956892e-12,5.476193745232595e-12,1.8859920198138983e-12,2.0968857316475173e-13,2.738929540509791e-13,5.767823910233196e-10,2.103749829086764e-06,0
42,01:09:30,5.823353544711039e-12,4.703660516230401e-12,1.7209520250086386e-12,2.705886373852162e-13,4.627610098042381e-13,4.884731761742662e-10,2.3079660109780697e-06,0
43,01:10:00,8.98179129453356e-12,8.465211495465458e-12,1.8962767479925795e-12,2.670082081130552e-13,3.9531495669511495e-13,4.395051396194238e-10,2.7063746909985052e-06,0
44,01:10:30,4.693540513055588e-12,1.0344581769174189e-11,2.1864178601240807e-12,2.6474350853440456e-13,3.9820209705055945e-13,4.207770814893826e-10,2.907249351085298e-06,0
45,01:11:00,1.3652533613352487e-11,1.0078108805639644e-11,1.5901053152325654e-12,3.0393027596411915e-13,5.359632398633532e-13,2.9777852356652947e-10,2.8453341927786927e-06,0
46,01:11:30,1.2079792971961279e-11,3.8803961514371234e-12,2.2741730291003613e-12,3.084361624683963e-13,5.939098060353726e-13,1.6785608581069957e-10,2.5613777433639624e-06,0
47,01:12:00,5.6934900324676575e-12,2.5763940951133054e-12,2.1189646202398453e-12,2.2462015610343966e-13,3.757397875556773e-13,3.70207560691358e-10,2.5140335995209668e-06,0
48,01:12:30,7.195444807559897e-12,4.399705362537228e-12,1.5876865070433852e-12,2.6388669691560653e-13,3.8068963034387024e-13,2.55689148045871e-10,2.700979055113771e-06,0
49,01:13:00,9.490931485088524e-12,7.664682246196211e-12,2.0807826837242584e-12,2.4451725347673274e-13,4.4798107032258236e-13,1.374840887282085e-09,2.863428789193225e-06,0
50,01:13:30,5.240896640024854e-12,2.4623085024488385e-12,1.6882303873601138e-12,2.3565988479574954e-13,4.3023173436732845e-13,6.23559745211303e-10,2.715682536870061e-06,0
51,01:14:00,4.6362939110529385e-12,4.49742766927782e-12,1.3507777875831766e-12,2.2693157715556598e-13,3.649032306623755e-13,4.367472624195335e-10,2.649939118708503e-06,0
52,01:14:30,6.1413403162224125e-12,9.905885102872387e-12,1.6579184282938725e-12,2.7521475805098385e-13,4.821820265210999e-13,1.0583175220323728e-10,2.8693543040868004e-06,0
53,01:15:00,7.199565404859852e-12,2.6374212596590448e-12,2.263411590974357e-12,2.508241249207884e-13,3.686084658831032e-13,4.841189512392866e-10,2.803511856029622e-06,0
54,01:15:30,2.860218518729019e-12,1.3704953440142376e-12,1.638203741284993e-12,2.4939520242670475e-13,3.001984712130209e-13,3.8522464220883397e-10,2.613203736587628e-06,0
55,01:16:00,3.798464000984959e-12,1.4740421679439205e-12,1.978280061809698e-12,2.5496918460707057e-13,2.1020741696210751e-13,1.0541922470233194e-09,2.51873477917208e-06,0
56,01:16:30,3.3905376884447025e-12,2.3478806845040482e-12,1.6814277179046005e-12,2.2522162111844344e-13,2.835647563455637e-13,2.1069293791846362e-10,2.7348221015269367e-06,0
57,01:17:00,3.4320205774821506e-12,1.4947073178830364e-12,1.6310060110638824e-12,2.4136331642496493e-13,2.7591783559499877e-13,6.019134005166529e-10,2.8919927321260435e-06,0
58,01:17:30,3.400776120996854e-12,3.4413445022092295e-12,1.4184110389365666e-12,2.8039429098061525e-13,3.3140038045616874e-13,1.0407515012949244e-09,2.820468426717974e-06,0
59,01:18:00,6.499061877754592e-12,1.6011509052992498e-12,7.557391149603049e-13,2.675698905712865e-13,5.549079384922305e-13,1.2332077031734429e-09,2.678575663987543e-06,0
60,01:18:30,8.381829307093782e-12,2.116982317294552e-12,7.341051020836348e-13,2.314533224337825e-13,5.496671897116057e-13,3.7256184493739355e-10,2.7520112565286403e-06,0
61,01:19:00,6.478899215786349e-12,2.0488704159365685e-12,7.676263586372371e-13,2.162457697552759e-13,3.4694577458193193e-13,3.7774419355368995e-10,2.901260816368941e-06,1
62,01:19:30,7.658300029114376e-12,1.7795760844447356e-12,1.8855589017890694e-12,2.506232048286634e-13,4.0011232312501337e-13,7.163274443316323e-10,2.8909201097351028e-06,1
63,01:20:00,8.883444199747875e-12,2.338460981584214e-12,1.2426472225808244e-12,2.347583376319282e-13,4.1400665911650915e-13,6.551570350977227e-10,2.7609621615853347e-06,1
64,01:20:30,2.8075456246964888e-11,1.0719078046821218e-11,7.430226988749442e-13,1.4996660497564072e-13,3.2868601747103005e-13,9.018215044310563e-10,2.640709671319218e-06,1
65,01:21:00,4.559748456590836e-11,1.0711889807285784e-11,9.094119825968351e-13,2.9655300898023507e-13,6.296779770057052e-13,2.788719067224142e-10,2.9376780374260462e-06,1
66,01:21:30,2.7826611493621198e-11,6.260329037525779e-12,1.0816013226356514e-12,2.820293318267828e-13,1.0480667881990158e-12,6.759073602192591e-10,2.9321687770693214e-06,1
67,01:22:00,2.7866386452978202e-11,3.299307042488432e-12,8.26025724085902e-13,2.4550151007268386e-13,5.461314631320199e-13,3.27406064670727e-10,2.8378377591616368e-06,1
68,01:22:30,4.2933831878414036e-11,4.802553140634188e-12,9.581743783434396e-13,1.1916353580378393e-13,3.0086183856639166e-13,2.543281445871056e-10,2.5814841533669294e-06,1
69,01:23:00,1.8788924786723066e-11,4.2832860592297505e-12,1.2053508482482589e-12,2.814902301064435e-13,6.021307103890749e-13,4.775593967563237e-10,2.741725633286112e-06,1
70,01:23:30,8.877700133944008e-11,1.5969230799398277e-11,1.606190239776787e-12,2.857295977325471e-13,8.292501846741838e-13,4.775854248024142e-10,2.7516979501604207e-06,1
71,01:24:00,2.8377030805208677e-11,8.303440131930154e-12,1.0801807549237498e-12,2.336556461652635e-13,7.279930034922953e-13,1.5953675199648832e-10,2.775720908883998e-06,1
72,01:24:30,4.027473650569645e-11,8.857153748937532e-12,1.072404177029458e-12,2.4325317422952873e-13,7.272898016134884e-13,1.0772123761229079e-10,2.3989130224039246e-06,2
73,01:25:00,2.7520738512685725e-11,8.194334254201757e-12,1.1103150294496142e-12,2.362975526702278e-13,7.155837454223299e-13,1.147564015668587e-10,2.4432126852438272e-06,2
74,01:25:30,1.7564401744921058e-11,2.3958889886422197e-12,7.506895584351631e-13,1.69715826928075e-13,4.853528241851746e-13,1.2330457573311383e-10,2.8222801746270347e-06,2
75,01:26:00,5.254759948320326e-11,1.152421565947305e-11,1.4841170823932782e-12,4.572223099350459e-13,1.3257039814006484e-12,2.2720155337920434e-10,2.6479461130554624e-06,2
76,01:26:30,3.442080887196137e-11,6.358122950067367e-12,9.19333370934138e-13,1.803431978620775e-13,4.873423917083595e-13,1.4213617775582987e-10,2.809737150956185e-06,2
77,01:27:00,3.65558553817938e-11,6.5106803540249386e-12,1.0985701077885362e-12,2.7763669324833907e-13,1.016580257120697e-12,1.3906792154052122e-10,2.5335619150293596e-06,2
78,01:27:30,4.192476078027755e-11,9.143449773068828e-12,1.1808467469223474e-12,2.934643861659273e-13,1.179350309474553e-12,1.3641796404477363e-10,2.2037354992296513e-06,2
79,01:28:00,2.7980723005442978e-11,5.131809041943728e-12,8.723330129705572e-13,2.1086896230651955e-13,4.3406476670886656e-13,1.3052023434864194e-10,2.7502332559967638e-06,2
80,01:28:30,4.563882528265304e-11,5.6419693259643145e-12,1.2743985887721738e-12,2.3802964042136114e-13,7.220413300261589e-13,1.2927325170282577e-10,2.811433915724426e-06,2
81,01:29:00,6.698676258570533e-11,5.056590182129607e-12,9.061366787906754e-13,1.7560218885024137e-13,5.241460952470276e-13,2.2278825136438954e-10,2.46817360201357e-06,2
82,01:29:30,5.197565385448931e-11,9.111213883701268e-12,1.3897052183904903e-12,2.9621850681497427e-13,9.763005426991312e-13,1.2777691610776403e-10,2.4147930379801393e-06,2
83,01:30:00,5.6351182083895244e-11,9.850164339529318e-12,1.1383354769862145e-12,2.445488291860839e-13,8.189293455075051e-13,1.764144131948422e-10,2.4661978398158444e-06,2
84,01:30:30,5.393322778310331e-11,6.905511519975844e-12,1.7758571847670904e-12,2.9528406654562825e-13,1.0827504638220209e-12,3.8870165717838127e-10,2.7324027672147553e-06,2
85,01:31:00,2.9918026778343846e-11,8.951827690210265e-12,1.9620743655019576e-12,2.7289281591442226e-13,9.536714968384882e-13,5.957142552195336e-10,2.0741530750623206e-06,2
86,01:31:30,2.1564437237405754e-11,3.1807176939706374e-12,1.8110137879604144e-12,1.8441090700346573e-13,3.978873653238107e-13,9.139044360814264e-10,2.5191141017041207e-06,2
87,01:32:00,1.7356994424096785e-11,6.885677424879519e-12,1.3192059757320048e-12,2.2633602398279774e-13,5.459601703451046e-13,5.768783999190123e-10,2.763904717284826e-06,2
88,01:32:30,2.177472413287534e-11,3.3033194359997123e-12,1.2997533661673815e-12,2.277597033917803e-13,3.795005096501053e-13,1.1155674431769547e-09,2.848720369370077e-06,2
89,01:33:00,1.624541618438642e-11,2.6685990274124686e-12,1.0366310725969838e-12,2.21657332689709e-13,5.241551310579777e-13,1.2731367086696293e-09,2.634321736258272e-06,2
90,01:33:30,1.2424746625472582e-11,4.0991505526593645e-12,8.357440894428785e-13,2.299560016270735e-13,6.681479824749113e-13,2.887175155882578e-10,2.4234800513924976e-06,2
91,01:34:00,3.8530380110100836e-11,3.413815284241339e-12,1.2234975268578212e-12,2.2737040133171638e-13,6.204138089078005e-13,8.470873174773114e-10,2.433999985446863e-06,2
92,01:34:30,2.3309391744999494e-11,3.622446604590819e-12,1.1849166871291439e-12,2.738807340923863e-13,7.857814834044603e-13,5.240638727003566e-10,2.5679686082994637e-06,2
93,01:35:00,3.168009372173154e-11,4.9284511037547815e-12,1.5453341502430615e-12,2.424068708861544e-13,6.227411996363583e-13,4.361905576524553e-10,2.5670041080596796e-06,2
94,01:35:30,2.979729677984222e-11,3.0946049284416285e-12,8.356126026150919e-13,1.794303101366648e-13,5.517350942008601e-13,9.20941884994019e-10,2.421882481953461e-06,2
95,01:36:00,3.8373454486036596e-11,3.771447631345609e-12,9.918111959461535e-13,1.8556716712913148e-13,6.07544765224073e-13,5.417306033610973e-10,2.3870597136955558e-06,2
96,01:36:30,1.8971547860004226e-11,7.033769790561069e-12,1.0237127382241815e-12,3.679319207663724e-13,9.714350586745e-13,2.668866951899039e-10,2.4681862088749413e-06,2
97,01:37:00,3.939433151752097e-11,6.292453498236478e-12,1.3820677146190918e-12,3.0819034459377377e-13,1.0480780838139511e-12,1.7907117364587103e-10,2.309625406432298e-06,2
98,01:37:30,3.8796115410134944e-11,4.981677849184768e-12,8.648653579495561e-13,1.850030545797528e-13,5.640419827895822e-13,1.901872924705624e-10,2.122543727022901e-06,2
99,01:38:00,3.356170188056618e-11,3.078845674706695e-12,8.591920410232154e-13,1.2231046690986199e-13,3.8813232271323023e-13,2.9369299925838127e-10,1.669976247487114e-06,2
100,01:38:30,4.3199112454578445e-11,8.660792884596344e-12,1.1559377360940027e-12,2.717964547754657e-13,8.496630930571799e-13,2.3023964798924552e-10,1.537629299771294e-06,2
101,01:39:00,4.6098410831985996e-11,5.154734576259979e-12,1.0790745930955757e-12,2.967783857593757e-13,1.4759938125251355e-12,1.3038291400142658e-10,1.5830803173831632e-06,2
102,01:39:30,5.73110933734872e-11,7.050453067755737e-12,8.192863900435785e-13,1.788553381697307e-13,4.553680125093579e-13,1.9665099893969815e-10,1.4921992640310005e-06,2
103,01:40:00,5.52383920527994e-11,7.985357391683188e-12,8.772748664188289e-13,2.0995436526245513e-13,6.882562589021547e-13,1.430130083289986e-10,1.3076147019945065e-06,2
104,01:40:30,9.314034689875307e-11,7.725366882669007e-12,1.0942195517062243e-12,2.1143610475449247e-13,8.303227094851358e-13,1.7151082507566522e-10,1.474784728246082e-06,2
105,01:41:00,7.306793615780345e-11,5.642232827181213e-12,2.279594095978601e-12,3.008217722517164e-13,5.339390238185894e-13,8.031762143964882e-10,2.9107392335360853e-06,0
106,01:41:30,9.187780022961126e-12,4.6392931969606286e-12,2.6867392413909367e-12,2.6194788735239557e-13,6.804717982826252e-13,1.2942253692573935e-09,2.30047513483534e-06,0
107,01:42:00,1.5424579991537743e-11,2.7119296187038634e-12,1.494371270088919e-12,1.6566188360437153e-13,3.953055586772844e-13,1.1213237287662e-09,2.550937733066802e-06,0
108,01:42:30,1.210660591335574e-11,2.211740912313594e-12,1.2811270269104212e-12,1.9926220450872515e-13,3.0804253267174386e-13,7.389789423003566e-10,2.5261126825733438e-06,1
109,01:43:00,2.18834685809047e-11,3.755123022284112e-12,1.3496459986374398e-12,2.563246883092471e-13,4.824045569194155e-13,1.284753341229081e-09,2.7706997636634158e-06,1
110,01:43:30,3.9062526721985485e-11,4.016004126412254e-12,1.036724428338102e-12,2.2177024594241724e-13,2.892288483328643e-13,1.2869344429719612e-09,2.782153865080645e-06,1
111,01:44:00,2.248391535691081e-11,2.646303836509936e-12,1.2724293926284624e-12,2.531770882837471e-13,4.67920372505865e-13,1.3370941283448008e-09,2.813628261229303e-06,1
112,01:44:30,1.3003100312954112e-11,2.5904994844910994e-12,1.1722446989223034e-12,1.8150715634930146e-13,3.9572713508822586e-13,6.329198976155829e-10,2.7219456017586432e-06,1
113,01:45:00,2.0716156272865993e-11,2.7551588694299385e-12,1.2892173017970782e-12,1.8429415052303385e-13,2.8441401947581594e-13,5.345962250631549e-10,2.942005320694644e-06,1
114,01:45:30,2.436372959875547e-11,6.029150001265399e-12,1.4990500864212412e-12,2.470544853091839e-13,7.490433467810865e-13,5.167195068661728e-10,2.999652919394131e-06,4
115,01:46:00,2.6493517842887246e-11,3.2569525603988155e-12,1.1988188432334858e-12,1.7948239392532614e-13,3.8516977177951666e-13,3.4234141339369e-10,2.921450076866699e-06,4
116,01:46:30,2.6016491761980755e-11,2.7959451756915376e-12,1.4547484037231835e-12,2.301782653033259e-13,6.128559971441783e-13,9.468356575339367e-10,2.772459808245255e-06,4
117,01:47:00,2.1332155741780123e-11,2.7294336544234227e-12,6.585071642914261e-13,1.956334356488241e-13,5.567627005321854e-13,3.4412312096570647e-10,2.7841320636932504e-06,4
118,01:47:30,1.415368831496376e-11,3.408319568740744e-12,6.621994037584859e-13,2.0782726790428873e-13,6.292732203070024e-13,3.611722221344306e-10,2.864153129125613e-06,4
119,01:48:00,3.3925987289521114e-11,2.444955558979938e-12,1.310262575061352e-12,1.8743349670815245e-13,3.0318080710993224e-13,4.348063387652125e-10,2.895716532892828e-06,4
120,01:48:30,4.346291478584324e-11,4.431168382162582e-12,1.1791422285733734e-12,2.805583527352529e-13,9.66371700759211e-13,4.835340846035664e-10,2.819652319242705e-06,4
121,01:49:00,2.9679599962298494e-11,2.6116009157629464e-12,1.2637884410544574e-12,1.869974600337472e-13,4.058556210082742e-13,9.88388940473196e-10,2.7040078528437227e-06,4
122,01:49:30,4.494061091514076e-11,5.089261426733676e-12,1.90684907939006e-12,2.619973482638828e-13,5.521901657185265e-13,3.9479210276784635e-10,2.5273188079781118e-06,4
123,01:50:00,2.184985765480352e-11,3.121845412120277e-12,5.829423483291377e-13,2.117210793806457e-13,4.770870698358388e-13,2.9875544433053495e-10,1.7077284410300404e-06,4
124,01:50:30,2.986723150119613e-11,6.627955226174462e-12,1.766321891078059e-12,2.787034713137919e-13,9.293034855920502e-13,2.678352267579698e-10,1.6371474107511793e-06,4
125,01:51:00,2.7207979273799218e-11,2.8166895324414294e-12,8.811987717655124e-13,1.9242231322116727e-13,6.915136980092918e-13,5.353292651717968e-10,1.5188058062210435e-06,4
126,01:51:30,3.01502619316732e-11,4.145985634766691e-12,6.635811225784684e-13,2.1718088146778376e-13,8.090585305750927e-13,2.015794366147599e-10,1.558061114741322e-06,4
127,01:52:00,2.95297124373932e-11,4.5372471583801105e-12,1.511148400954581e-12,2.1114724270268207e-13,4.683591176799216e-13,2.394471262384636e-10,1.548000311938638e-06,2
128,01:52:30,2.191894130827611e-11,4.734214322999975e-12,1.3038830629806015e-12,3.3488265973828224e-13,1.675489101822704e-12,2.1965754648142657e-10,1.787811180882627e-06,2
129,01:53:00,3.998442895646046e-11,4.5954673772309494e-12,9.54731234159827e-13,2.118757362120822e-13,8.635331416865431e-13,1.3545331425426611e-10,1.5407622515845905e-06,2
130,01:53:30,4.24102425227108e-11,4.45122281740738e-12,8.967254262119182e-13,3.117447129958655e-13,1.82934293658192e-12,1.3650771052488338e-10,1.470196851095266e-06,2
131,01:54:00,5.917893354868608e-11,5.599587008279415e-12,1.0537266781785264e-12,3.419534245694429e-13,1.582486070375552e-12,1.4558733161613166e-10,1.4753596729956632e-06,2
132,01:54:30,7.373846729041626e-11,6.599458442841485e-12,9.79337066990576e-13,2.578346281257646e-13,1.1575227237783337e-12,1.5179474833382714e-10,1.6435575495968733e-06,2
133,01:55:00,9.315144533956329e-11,8.413282785896213e-12,7.252735659338355e-13,1.4965134955999847e-13,5.717106342359078e-13,1.958628027487517e-10,1.3970870221816308e-06,2
134,01:55:30,3.067218492683819e-11,4.185993537532556e-12,7.579434738148474e-13,1.714346163479431e-13,7.070167582256755e-13,1.5956777261212617e-10,1.4585796065245508e-06,2
135,01:56:00,7.388706931825991e-11,7.58324874550784e-12,1.143309258824985e-12,2.1996815304708368e-13,8.29607725621553e-13,2.519797290236488e-10,1.4941718018133847e-06,2
136,01:56:30,9.0351478956119e-11,5.828491455417629e-12,7.683028255651036e-13,1.6077428863713954e-13,5.307583875785403e-13,2.9882105693739364e-10,1.4399841477351877e-06,2
137,01:57:00,8.91834083850794e-11,7.730152016065761e-12,9.672225834969393e-13,1.3948556243744144e-13,5.888937481069527e-13,2.349196830015912e-10,1.3753114566800066e-06,2
138,01:57:30,8.860385073648582e-11,6.916266535546312e-12,7.345633796602396e-13,2.0651233176057562e-13,7.830161284497867e-13,2.7581287003654315e-10,1.3399758230564316e-06,2
139,01:58:00,6.04189071472272e-11,6.1132595055945115e-12,1.7844467578339982e-12,1.7438958560492875e-13,2.7410280489805217e-13,7.300808861673523e-10,2.5468227320718036e-06,2
140,01:58:30,1.4869460203933668e-11,3.32520506074209e-12,2.102507698460667e-12,1.5958882570076928e-13,3.574210269267876e-13,2.2994157338249654e-10,2.570774300167627e-06,0
141,01:59:00,1.5613158811936784e-11,4.305588908311198e-12,1.703584099044041e-12,1.607966656668623e-13,3.1596213114632284e-13,1.6581216868257882e-09,2.458695556824312e-06,0
142,01:59:30,3.212604339007967e-11,4.367094520177322e-12,1.3597178952548558e-12,2.3525157127993734e-13,3.655796196091621e-13,9.949939421179698e-10,2.6408159110601817e-06,1
143,02:00:00,4.187116119867808e-11,4.078801250202152e-12,2.7358983297863586e-12,2.0139292980910591e-13,2.9953034366305035e-13,7.972794663240602e-10,2.7544159088631727e-06,1
144,02:00:30,2.1587403210906338e-11,5.897574984856943e-12,9.85796970061109e-13,2.6524383879460474e-13,5.753891066119737e-13,1.3034168936715498e-09,2.675440065845569e-06,1
145,02:01:00,3.443340375360938e-11,3.3058538843221715e-12,1.5005977222809113e-12,1.9662822417665638e-13,3.9252253469862076e-13,4.286253886015911e-10,2.5950934256609086e-06,1
146,02:01:30,2.0110667220874542e-11,2.740941724333529e-12,1.2765453346242642e-12,2.1437928155144756e-13,2.7087964603472884e-13,5.312048919563237e-10,2.5111999714847745e-06,1
147,02:02:00,2.4429089230530917e-11,3.440221305505266e-12,9.437396206543933e-13,1.9447777311505258e-13,2.881672044287711e-13,6.362984784046089e-10,2.4150091309086817e-06,1
148,02:02:30,3.5270531347315595e-11,5.4974537363247956e-12,1.1786140777935613e-12,2.7106320061649395e-13,6.241736210332364e-13,7.805451466719341e-10,2.4604539766768614e-06,1
149,02:03:00,1.465099344408968e-11,3.263245749342425e-12,1.0594270214910398e-12,2.1119128105983036e-13,3.860934859746815e-13,7.236530293989575e-10,2.5270946051962577e-06,1
150,02:03:30,2.1170428404640456e-11,1.9447999441665667e-12,8.491292889829885e-13,1.8110675320581083e-13,3.32371363529256e-13,2.7915243423780513e-10,2.194519607309156e-06,2
151,02:04:00,1.726739045038852e-11,2.703841255773865e-12,5.466105771578068e-13,1.6290075861029316e-13,2.674336739702707e-13,4.1660923240625507e-10,2.105437768957568e-06,2
152,02:04:30,2.3272109702691246e-11,7.036239063341375e-12,1.1337854051870127e-12,3.2847863705681396e-13,1.0832388350361649e-12,1.9674463441624138e-10,1.950422288813391e-06,2
153,02:05:00,3.006031237705494e-11,3.847771190987487e-12,1.6805184114178532e-12,2.2093511683702185e-13,7.120279973227497e-13,2.405910368550891e-10,2.0076034620503367e-06,2
154,02:05:30,3.3366094846169064e-11,3.4686359354139096e-12,9.24540406829345e-13,1.8617565807983218e-13,5.183526983563145e-13,2.6705603981871054e-10,1.844025485932267e-06,2
155,02:06:00,2.1740390436552148e-11,2.4522382055553056e-12,7.205736278427747e-13,2.2011080564543754e-13,5.550863696350159e-13,2.4740628331961585e-10,1.7130659773353966e-06,2
156,02:06:30,5.298166682314049e-11,4.449932930608526e-12,1.6060956194174684e-12,1.7693917454283433e-13,4.924737728648574e-13,4.915392401152262e-10,1.533486936118746e-06,2
157,02:07:00,2.4520553186047162e-11,2.638449683427033e-12,8.563672119237028e-13,1.7272486662292238e-13,4.25362493172849e-13,2.0256700163423864e-10,1.4618959752490144e-06,2
158,02:07:30,6.097628468821543e-11,7.16462646224704e-12,1.523615725036122e-12,3.312771707698601e-13,1.336430962278755e-12,1.9913613939094647e-10,1.3319038599774915e-06,2
159,02:08:00,1.6568968816208533e-11,1.5780227343728776e-12,6.944347125227677e-13,1.8166204952690187e-13,7.336844400661942e-13,2.6019319566551434e-10,1.5299669759371381e-06,2
160,02:08:30,2.056632809225263e-11,4.357302003683284e-12,1.113755779669707e-12,1.4437243799823752e-13,3.1766992681349353e-13,3.277745762423045e-10,2.1976456999151596e-06,2
161,02:09:00,5.742228798055563e-11,4.605535720173816e-12,1.2618002073679522e-12,2.4217070310516414e-13,4.953598011667317e-13,6.261334237759121e-10,2.3717491771970216e-06,2
162,02:09:30,1.5162803150410686e-11,3.9524546773919204e-12,7.675433192632908e-13,3.4227664586176465e-13,1.400837374198118e-12,2.138492787875994e-10,2.1791096503238835e-06,2
163,02:10:00,3.2585459179094984e-11,1.0200175657648176e-11,1.7444373005808036e-12,3.375422259150811e-13,1.563672145753156e-12,9.495919572257886e-11,1.719923562083722e-06,2
164,02:10:30,4.542239922304408e-11,5.44359175316132e-12,2.0296401814529554e-12,1.7944154374910148e-13,5.183529329723482e-13,3.611552089966529e-10,1.9116953955870304e-06,2
165,02:11:00,6.097870187817254e-11,3.4733143776860893e-12,1.39443030114728e-12,1.9622027669948634e-13,5.316157935677677e-13,2.697235437950068e-10,2.2710331286642668e-06,2
166,02:11:30,6.282401138614637e-11,7.127467830422036e-12,1.397523574161882e-12,2.522799393158741e-13,8.539136823483378e-13,3.2706799668587097e-10,2.179218177948837e-06,2
167,02:12:00,5.710759855268124e-11,3.0476822223760073e-12,8.773725770880121e-13,2.420861684382634e-13,5.077667421905763e-13,3.2635743953909457e-10,2.294871036965955e-06,2
168,02:12:30,3.365963994657007e-11,3.234073935504274e-12,1.552437276393683e-12,2.4408255988225015e-13,7.924842914347649e-13,2.268905053655747e-09,2.2601890326915304e-06,0
169,02:13:00,4.880989435757543e-12,1.8535678819129367e-12,2.3794617622100884e-12,2.011694126928788e-13,2.91486483492191e-13,1.6726921407385457e-10,2.309259770265634e-06,0
170,02:13:30,4.714804839767891e-12,2.5379513626952894e-12,2.3806748339028603e-12,2.187086883925761e-13,5.167804679559894e-13,2.2903422993558296e-10,2.199960542023552e-06,0
171,02:14:00,3.84138674202429e-12,1.607702103605428e-12,1.1994523877632174e-12,2.340640264087254e-13,3.9703729141107376e-13,1.1050533412126197e-09,2.837146203757404e-06,0
172,02:14:30,4.9652530590230346e-12,2.522252940759032e-12,1.370465927041407e-12,2.022468842599446e-13,3.872611266047041e-13,6.072968065571467e-10,2.77055225662084e-06,0
173,02:15:00,5.009612884630641e-12,1.3881916159555653e-12,1.2392919123783755e-12,1.980785362166396e-13,2.9237683530881684e-13,5.995371711130863e-10,2.7144802336865848e-06,0
174,02:15:30,6.12302034280548e-12,1.5633844475563484e-12,8.43394689028047e-13,2.391571637676164e-13,3.0717250141060913e-13,1.4063975789298214e-09,2.887589304038092e-06,0
175,02:16:00,9.234193361163682e-12,1.6636842954197326e-12,1.6826243402600531e-12,2.968613557570454e-13,3.4767436116213605e-13,5.90190673537229e-10,2.9479894420220385e-06,0
176,02:16:30,3.844792628672603e-12,1.57805061770225e-12,1.635029400670825e-12,2.3198712240247477e-13,4.571069360546957e-13,1.7559342044685868e-10,2.6966182201974842e-06,0
177,02:17:00,8.908830782006726e-12,2.45240620570442e-12,2.0694050716424914e-12,3.3445774142115445e-13,4.222129142777612e-13,1.883823156391769e-10,2.5764585575130476e-06,0
178,02:17:30,8.89466640328494e-12,1.69045589852387e-12,1.961624829973337e-12,2.07720271948893e-13,3.536450893743801e-13,1.6784686906973935e-10,2.71120406951128e-06,0
179,02:18:00,6.343752444906762e-12,2.4023545707221648e-12,1.7112675980086183e-12,2.0461129965500595e-13,2.772012108610085e-13,1.4644901212620025e-10,2.522711565533742e-06,0
180,02:18:30,8.102001245183246e-11,2.9302918773600346e-12,1.4582067791187797e-12,2.980032562509168e-13,5.013080128294884e-13,6.196345729580245e-09,2.8146908574830736e-06,0
181,02:19:00,6.257360638745787e-11,2.9173230302612517e-12,1.2412795961636245e-12,2.3730811500534645e-13,2.8471884274860493e-13,3.6310376811015634e-09,2.6961754376990206e-06,0
182,02:19:30,1.4796742410776008e-11,1.3571447766068237e-12,1.5579834934827045e-12,2.2686859156065514e-13,3.945196417022289e-13,1.6084727400296297e-10,2.7599985858934513e-06,0
183,02:20:00,7.276212444170137e-12,1.092643150217663e-12,1.634745373115204e-12,2.541572089231603e-13,2.9289931776238725e-13,2.555563064447736e-10,2.8935517521863494e-06,0
184,02:20:30,8.880713799126634e-12,1.7493915960301613e-12,1.4455627924687133e-12,2.6784316341347e-13,4.336670710722368e-13,2.300281121044718e-10,2.8294267228340222e-06,0
185,02:21:00,4.450165576043205e-12,2.7369689355879853e-12,1.1626778078862448e-12,1.7281658801774594e-13,3.5077109133860297e-13,5.947684863155006e-10,2.6309226678815388e-06,0
186,02:21:30,3.928644393429625e-12,1.2727269202850457e-12,1.3082045793711215e-12,1.475858236629698e-13,1.63828327038298e-13,8.36844752924225e-10,2.6651146955893127e-06,0
187,02:22:00,5.7730156390015375e-12,3.067836405856467e-12,1.271293125966549e-12,2.1635813565808477e-13,3.1996442730300846e-13,1.597884562960768e-10,2.877405661474779e-06,0
188,02:22:30,6.483718620644022e-12,2.628374074618216e-12,1.7038787020133615e-12,2.1901714914166143e-13,2.093140285504057e-13,2.6946096801887513e-10,2.928727943728295e-06,0
189,02:23:00,1.5396761682428055e-11,2.4434139801555044e-12,1.6129921162702872e-12,2.559293778315198e-13,3.2416296562137674e-13,2.1059412184932782e-10,2.7967457434928447e-06,0
190,02:23:30,4.955212546658694e-12,1.9130128797129566e-12,1.3236174858216355e-12,1.5591889654603677e-13,3.078816363566107e-13,1.8126833180260078e-09,2.747201346606768e-06,0
191,02:24:00,3.877380058222027e-12,2.8257906321853425e-12,1.5913644289085721e-12,2.0026599224906874e-13,3.5816085246194693e-13,1.186647896296296e-09,2.925160215767178e-06,0
192,02:24:30,4.015585174405452e-12,1.597455941980518e-12,1.1982695880664938e-12,1.8498915569234465e-13,2.999090845328625e-13,7.96857209506941e-10,2.9455084146668896e-06,0
193,02:25:00,3.822580892649707e-12,1.5126774666966695e-12,1.3508476044752306e-12,1.5213865003920752e-13,2.588029438557317e-13,6.450598436161316e-10,2.8104527847780708e-06,0
194,02:25:30,4.0786983664794365e-12,3.3429501033501163e-12,1.7467313611978585e-12,1.570561973984606e-13,2.5273034257139644e-13,2.6460884379895743e-10,2.692840267196266e-06,0
195,02:26:00,4.355470245617018e-12,2.4379331141985064e-12,1.4899661299283826e-12,1.7617118292066005e-13,2.6697749307613775e-13,1.00760389272406e-09,2.901395398059187e-06,0
196,02:26:30,4.655802060813986e-12,1.7655799147800145e-12,1.9497754655427516e-12,1.7235153174078308e-13,2.6396365470394805e-13,5.184618506982715e-10,2.9558120878379833e-06,0
197,02:27:00,3.6524014759183725e-12,2.2812443766571447e-12,1.2300322313114854e-12,1.7281082698815753e-13,2.2477917861259324e-13,3.858414028113031e-10,2.8492808024879075e-06,0
198,02:27:30,5.371089155275438e-12,1.7571525852716852e-12,1.1069802527669544e-12,1.563064959278776e-13,3.0497064670149405e-13,3.0284368379237306e-10,2.684907785890524e-06,0
199,02:28:00,4.559203118027024e-12,1.7417974670057972e-12,1.2734836185955658e-12,1.5394305739823145e-13,2.7204814488171987e-13,9.256495091217557e-10,2.800674135869556e-06,0
200,02:28:30,3.8432395882289475e-12,2.623129988843126e-12,1.7412102727204984e-12,2.1917153660864324e-13,3.1664289089273344e-13,3.235125982549245e-10,2.9470660212472316e-06,0
201,02:29:00,3.82344594186285e-12,1.785268656027367e-12,1.9777995974220554e-12,2.006722389981289e-13,3.4461868148102123e-13,1.3026626038516322e-09,2.8259869331791484e-06,0
202,02:29:30,4.832662184346475e-12,1.2725006478249094e-12,1.2599674573879867e-12,1.583941986753038e-13,3.078642178916026e-13,9.793118906502055e-10,2.7032921410694514e-06,0
203,02:30:00,5.663140441118042e-12,1.6848030023221173e-12,1.3915152042523342e-12,1.9253464304937923e-13,3.35406527976461e-13,2.872599938719341e-10,2.722845444858774e-06,0
204,02:30:30,4.216714284082009e-12,2.1430870293722435e-12,1.7026488942968718e-12,1.7443812970439924e-13,3.3144420044605937e-13,6.353647189148971e-10,2.9243125422375746e-06,0
205,02:31:00,6.01006871197524e-12,2.9343000917218044e-12,1.6496202778457977e-12,2.1161271202112833e-13,4.279356818836892e-13,2.9671856850611794e-10,2.9007425437730614e-06,0
206,02:31:30,3.721891113257514e-12,2.4233726565421116e-12,1.4643327339437923e-12,1.5032885459009203e-13,2.885910640668299e-13,1.7911146993229077e-10,2.751967846230765e-06,0
207,02:32:00,5.520267538178006e-12,2.162592604941842e-12,1.191149658816831e-12,1.4231573837074682e-13,2.7018150554214875e-13,4.266433161303703e-10,2.725312676443567e-06,0
208,02:32:30,7.2605562337921106e-12,1.9021189171865228e-12,2.2405064803064518e-12,1.8289778817683018e-13,2.3832133748372044e-13,4.801022359563236e-10,2.956448191371507e-06,0
209,02:33:00,5.055001669238722e-12,4.114805216711977e-12,1.587865795645065e-12,2.1737609670277533e-13,4.681396005379742e-13,2.466377783201097e-10,2.982846228130392e-06,0
210,02:33:30,3.6033973267166496e-12,2.71885213429807e-12,1.783174245037313e-12,2.2112848393886735e-13,3.634598355667561e-13,2.655950590891632e-10,2.8347183003169005e-06,0
211,02:34:00,4.2009987304636334e-12,2.805890535294714e-12,1.492309511855428e-12,1.7200615506520717e-13,2.5325310393726973e-13,2.0856867992406035e-10,2.741872746957946e-06,0
212,02:34:30,4.543523636135862e-12,1.6314358556786242e-12,1.637306955407425e-12,1.7468963399496087e-13,3.545347972358589e-13,8.365079681966527e-10,2.864551818634052e-06,0
213,02:35:00,2.8781285655840447e-12,1.774125225696983e-12,1.5595601360496549e-12,1.612366223001297e-13,1.6292424423756496e-13,3.53651844634513e-10,2.900225632929712e-06,0
214,02:35:30,3.5134240747186464e-12,2.5999596483361694e-12,1.8721644367478393e-12,1.7474415926407414e-13,2.9369008939875986e-13,3.421127343749794e-10,2.8601815954785575e-06,0
215,02:36:00,2.2393024937988586e-12,1.3112951148006174e-12,7.880788418171734e-13,1.236960030844201e-13,1.6395318215583473e-13,2.577038355575308e-10,2.641566465692053e-06,0
216,02:36:30,3.0535609916373106e-12,3.113761686621315e-12,1.7354281675898497e-12,1.4009332318956497e-13,3.02243606490746e-13,1.3713094254595335e-10,2.7637694048047746e-06,0
217,02:37:00,2.6538468170839044e-12,2.404243804786732e-12,1.6850289218275636e-12,1.7605290027274877e-13,3.0059339104066767e-13,4.946149040932784e-10,2.9730035320384712e-06,0
218,02:37:30,5.831191557835578e-12,2.1645076402834885e-12,1.971088053440437e-12,2.1548749633123188e-13,3.3276832991848024e-13,1.004385960524554e-10,2.8983974810350868e-06,0
219,02:38:00,4.8300752894725936e-12,2.759307350664299e-12,1.5690201491342523e-12,1.7987781441082153e-13,3.3388320777949327e-13,3.462015743155006e-10,2.745629167685635e-06,0
220,02:38:30,3.568609211598368e-12,1.0182604332028553e-12,1.5584968377168218e-12,1.6164489856491091e-13,2.356631727041696e-13,1.1447500088359942e-09,2.7829897663788374e-06,0
221,02:39:00,4.470777967416744e-12,2.485624263078028e-12,1.6758736007587371e-12,1.948315610425706e-13,4.1085547345100165e-13,7.078337965298215e-10,3.039458942513928e-06,0
222,02:39:30,4.159096512132969e-12,2.6954713638456157e-12,1.9189840596230827e-12,1.418966601532914e-13,3.4944477471522894e-13,1.4166926926044441e-09,2.9867286926594093e-06,0
223,02:40:00,3.834924967820665e-12,1.867066789208264e-12,1.8145195596717879e-12,1.6115131373630965e-13,3.267123841972659e-13,3.7438908908839497e-10,2.870146881157151e-06,0
224,02:40:30,2.0599038044142525e-12,1.9207113534920764e-12,1.0411729844174264e-12,1.6903726923736667e-13,2.69836315092036e-13,2.9703245107072695e-10,2.7624431869914904e-06,0
225,02:41:00,2.8462003314890323e-12,2.3814534177239542e-12,1.4590852066031272e-12,1.3024340011564292e-13,1.9363831262918465e-13,4.351467623760767e-10,2.716660817102376e-06,0
226,02:41:30,3.3605167107496447e-12,2.596608555329821e-12,1.529069237127189e-12,1.6287944750795735e-13,2.7876673021314436e-13,2.0135045556411525e-10,2.889759233007153e-06,0
227,02:42:00,5.366305995956686e-12,3.321066686867358e-12,1.4941527133447897e-12,2.4254002157445773e-13,4.877112811636776e-13,1.603921612475171e-10,2.8568183656540487e-06,0
228,02:42:30,5.306871473732532e-12,3.4530438820996438e-12,1.5579541201339909e-12,1.87307087307969e-13,3.0331288441862257e-13,9.80162833689986e-11,2.7403990766775904e-06,0
229,02:43:00,5.37242588058919e-12,2.331960810964342e-12,1.500244305460516e-12,1.8612125288836554e-13,3.4937410278366314e-13,1.0668202276850478e-10,2.733301581252593e-06,0
230,02:43:30,4.498276655832082e-12,4.013994017419718e-12,1.4809921000249513e-12,1.6005096849702353e-13,3.132625006901664e-13,2.0834914907632367e-10,2.8863538392323314e-06,0
231,02:44:00,3.3017482642083262e-12,4.536297179812697e-12,1.3039261918290678e-12,1.6968828222521002e-13,2.7897241230849194e-13,1.0379874545755826e-10,2.8678705611638957e-06,0
232,02:44:30,4.866570847935963e-12,2.3794629171584596e-12,1.3059472279930041e-12,1.5855165758437777e-13,2.72937551651579e-13,1.3046523678463647e-10,2.6371321770459544e-06,0
233,02:45:00,7.279048521052724e-12,4.5083608119022805e-12,1.6128432953800086e-12,1.7507545104664138e-13,4.775757936381243e-13,1.7620720024669407e-10,2.602609255601991e-06,0
234,02:45:30,2.3361678022861068e-12,1.7592892723094136e-12,1.5080099906609087e-12,1.809508917272683e-13,3.322112954708195e-13,4.40209649222716e-10,2.8103747888173684e-06,0
235,02:46:00,6.371799354226151e-12,3.720121353463339e-12,1.7257150102895204e-12,1.845531047091556e-13,3.33581123417425e-13,1.1881981412587106e-10,2.8963501248231282e-06,0
236,02:46:30,3.5795874298010744e-12,3.4204112347058686e-12,1.2849086867834407e-12,1.5153904705272949e-13,2.933552413705001e-13,3.537960611783813e-10,2.690952789686514e-06,0
237,02:47:00,3.334678730076168e-12,3.008262591037107e-12,1.2665024236650925e-12,1.5130086968852253e-13,2.5266490742407555e-13,8.429882571829902e-11,2.6333060737035233e-06,0
238,02:47:30,3.5982556978291816e-12,3.075102001595814e-12,1.5697491710131956e-12,1.6967799272297956e-13,3.0526309877987687e-13,1.0378436456274344e-10,2.7353241233881785e-06,0
239,02:48:00,2.829192002420304e-12,3.106473619099992e-12,1.2376235482084219e-12,1.7952160849513877e-13,2.898776846901373e-13,2.8364203066644713e-10,2.871581016968992e-06,0
240,02:48:30,3.987841660193439e-12,1.8613622993027346e-12,1.1015417273177934e-12,1.7184904572408617e-13,2.3394990577553404e-13,8.205695698269409e-10,2.8052905028554255e-06,0
241,02:49:00,3.438107934860553e-12,1.235790104488092e-12,1.2373742220181842e-12,1.6918282595021074e-13,2.7960394507360323e-13,4.908238043546775e-10,2.7290845574538136e-06,0
242,02:49:30,3.1816553186904377e-12,2.2875545254680773e-12,1.2989962511816195e-12,1.895317748448098e-13,3.8133454896066387e-13,6.802091721900685e-10,2.829708199990547e-06,0
243,02:50:00,3.105292434575929e-12,2.1702254923081836e-12,1.4901466811980594e-12,1.9987495039025943e-13,5.011819280508273e-13,3.762593005950068e-10,2.858821358715369e-06,0
244,02:50:30,2.8524677894655877e-12,2.8903545724303977e-12,1.20024641969108e-12,1.920435543191361e-13,3.2218812505235027e-13,1.7528195743078186e-10,2.75459320379197e-06,0
245,02:51:00,4.3208889407673254e-12,2.691005323612777e-12,1.8333977404716837e-12,1.8777106048715998e-13,4.091319262023487e-13,1.6685913621048006e-10,2.594371233120267e-06,0
246,02:51:30,4.318438480830839e-12,3.869506202341703e-12,1.740159103250678e-12,1.6935739805848693e-13,3.597260564880237e-13,4.400360563619204e-10,2.345746232697963e-06,0
247,02:52:00,2.8962374879675206e-12,2.988157128253883e-12,1.6919127351474644e-12,1.6774113129247012e-13,2.6795698324956214e-13,7.607815651641151e-10,2.530576428988226e-06,0
248,02:52:30,3.4014331809025486e-12,2.9399377376703374e-12,2.214624963404392e-12,1.8262059022745143e-13,2.8531739648271737e-13,4.3808601072175576e-10,2.6300023494847694e-06,0
249,02:53:00,2.9457920685234065e-12,1.462865961677532e-12,1.6563329128983153e-12,1.5340431563100516e-13,2.2727810678499487e-13,3.1748067109377225e-10,2.502878634504985e-06,0
250,02:53:30,3.3341872996999697e-12,1.37532524213475e-12,1.348722393007722e-12,1.612743331711075e-13,2.9421141857239974e-13,4.348992918615088e-10,2.7681205410594394e-06,0
251,02:54:00,3.5474907941480622e-12,2.4049337413624703e-12,1.829151764583027e-12,2.3367470375605524e-13,3.0718863987868684e-13,5.694531489077639e-10,2.8541948419705447e-06,0
252,02:54:30,6.359445445751809e-12,2.0707320038060942e-12,1.4334612351628472e-12,2.1622939902511866e-13,4.929318043990986e-13,1.2557629263319615e-09,2.8762502946658947e-06,1
253,02:55:00,3.0860688329111843e-11,2.3648117973529935e-12,1.023352586478885e-12,3.746627128963945e-13,5.800824910182892e-13,5.898339955093772e-09,2.7248047515093935e-06,0
254,02:55:30,1.1289132159015095e-10,6.363424013498889e-12,1.710498080710448e-12,7.045857927345608e-13,9.068860150357843e-13,6.437515865862496e-09,2.821041331634625e-06,0
255,02:56:00,8.082645891408615e-11,7.061539661610685e-12,1.505171730762168e-12,4.621342036312278e-13,9.688559328578485e-13,5.258252547581015e-09,2.8638785502147395e-06,0
256,02:56:30,9.840207646503324e-11,6.903215700516355e-12,1.7750150690159455e-12,5.547287829313217e-13,8.301426919314436e-13,1.0024269381941508e-08,2.870804260596327e-06,0
257,02:57:00,1.2941842750458222e-10,7.845445477946337e-12,1.852651175607628e-12,4.4295498583423465e-13,5.9046796882073e-13,8.924091065412125e-09,2.687927296836632e-06,0
258,02:57:30,1.5888877129601354e-10,7.87465974174555e-12,2.185831774538692e-12,3.6847686770633775e-13,5.474702889418113e-13,2.9283726092984356e-09,2.8140790516444487e-06,0
259,02:58:00,1.045768042637084e-11,1.6181075245164815e-12,2.0617427883273854e-12,2.6414832815398023e-13,3.702037593326182e-13,1.2693089948422494e-10,2.9027211790677605e-06,0
260,02:58:30,5.615479953460668e-12,1.825946333909755e-12,1.1889332826248781e-12,2.8969859773081555e-13,3.234819300635913e-13,1.0212970376406032e-10,2.915019297003308e-06,0
261,02:59:00,4.929036601021442e-12,2.8345919897643753e-12,1.8890173891800705e-12,2.9535595881786635e-13,3.284464541233569e-13,1.441673645818381e-10,2.8001082623967725e-06,0
262,02:59:30,1.0093842470192378e-11,1.450117151081059e-12,1.5359518920214636e-12,3.3701227630050846e-13,4.897569719536161e-13,7.97414713462255e-09,2.742308995884503e-06,0
263,03:00:00,5.517005008967935e-12,2.660977689106244e-12,1.6919732754177767e-12,2.3183407871845005e-13,2.9585895075763273e-13,2.931954284826337e-10,2.938256803494735e-06,0
264,03:00:30,4.083687809151402e-12,2.825916269843215e-12,2.3189095858249068e-12,2.5751048398038523e-13,4.52438050002624e-13,4.906079213133606e-10,2.881452808823826e-06,0
265,03:01:00,3.964954731362664e-12,4.252754934611319e-12,1.549590954281618e-12,1.9571019855828033e-13,4.0928889092027877e-13,4.040933649468313e-10,2.8152860267097707e-06,0
266,03:01:30,4.057057018758295e-12,2.1295111569524657e-12,1.3510315556029647e-12,1.9536208757907358e-13,2.344033828781018e-13,1.501365635371193e-10,2.6752256737648014e-06,0
267,03:02:00,3.838814211068284e-12,3.147667538040146e-12,1.6925907105767978e-12,1.949553472465336e-13,3.549192168751397e-13,4.630855593086418e-10,2.852995952244602e-06,0
268,03:02:30,4.573892819179548e-12,1.912181019653745e-12,1.920808333703051e-12,2.206132606261804e-13,3.1714438862334344e-13,4.569691138765431e-10,2.914862132430257e-06,0
269,03:03:00,4.3012984817605065e-12,2.4099025933905413e-12,2.0368566654256833e-12,2.4492274548015766e-13,2.818542963174696e-13,3.58927280592373e-10,2.8391505001396832e-06,0
270,03:03:30,3.0801830407887506e-12,2.3032380860345545e-12,1.1793492607740895e-12,1.5093289856129628e-13,2.764892058982586e-13,9.308278970644717e-10,2.674941907143385e-06,0
271,03:04:00,3.880372170187412e-12,4.653069093546569e-12,1.6622356914095094e-12,1.894046357875338e-13,2.626089597538417e-13,3.9752236955368994e-10,2.808542952968989e-06,0
272,03:04:30,3.7541484602342845e-12,2.632667263115712e-12,1.962344771804931e-12,1.9909230797998674e-13,3.438906562524897e-13,2.756677122912702e-09,2.9091979189740073e-06,0
273,03:05:00,3.1978274914912814e-12,4.621910699335503e-12,2.482320119535244e-12,1.984117995550854e-13,3.2166796148764066e-13,6.989207400085596e-10,2.766174253009541e-06,0
274,03:05:30,3.9229367752014605e-12,3.352400357590146e-12,1.6443535702868313e-12,1.684939619952498e-13,2.8528847342178313e-13,5.071403688013167e-10,2.6309917112616057e-06,0
275,03:06:00,3.4505865795425174e-12,5.1558420280375925e-12,1.5025527602866716e-12,2.0988025316884977e-13,3.6394507987527784e-13,4.915862484260082e-10,2.7548071296161498e-06,0
276,03:06:30,4.266150834025522e-12,2.4486257317865635e-12,2.842807307158719e-12,1.7665038914421858e-13,2.8715904357694327e-13,7.235123390838957e-10,2.8886350146301467e-06,0
277,03:07:00,3.5215394863397193e-12,2.1410096693098906e-12,2.183056756974369e-12,1.7806874468668296e-13,2.694834713819613e-13,1.2122890000952536e-09,2.860059248776115e-06,0
278,03:07:30,2.702209513590899e-12,1.6533490448743956e-12,1.3017065181272612e-12,1.5855690070290237e-13,3.436625907313448e-13,7.514688451316322e-10,2.710504887693692e-06,0
279,03:08:00,2.903593278480701e-12,2.626274644328e-12,1.3201130828483844e-12,1.776946148388128e-13,3.585446018951824e-13,5.316990653840329e-10,2.7350290618817934e-06,0
280,03:08:30,4.0940453350389414e-12,3.1137527609667833e-12,1.359112890106298e-12,1.8473303918827076e-13,3.514111003683536e-13,3.4695745882578875e-10,2.912810629508607e-06,0
281,03:09:00,2.9183600542384098e-12,4.177901810850997e-12,1.7524231854887018e-12,1.7256119369049407e-13,2.2454919852692247e-13,8.694019360164607e-10,2.865853132197963e-06,0
282,03:09:30,2.7814189262759243e-12,1.8999655924337393e-12,1.5073521110750437e-12,1.7881529994474367e-13,2.807933054593069e-13,7.874115769132509e-10,2.7684792574475285e-06,0
283,03:10:00,2.435851815957864e-12,1.97068140053518e-12,2.615412084519016e-12,1.9735482663285336e-13,5.766457427502492e-13,2.3408660395698216e-10,2.789994600893739e-06,0
284,03:10:30,3.5094781451006798e-12,3.2066817265005917e-12,2.0729776350415875e-12,2.1613361725523698e-13,4.136428359412289e-13,3.9611493080296286e-10,2.9913960917912217e-06,0
285,03:11:00,7.149383885035756e-12,3.0639521114841633e-12,1.6104306789973336e-12,2.6966331859018014e-13,4.556645841845177e-13,9.256426684556378e-10,2.9867553936698025e-06,0
286,03:11:30,9.578454373598756e-12,2.9247754523079674e-12,1.5519487772661152e-12,3.847970201305156e-13,6.108298004052207e-13,3.2790932277179696e-10,2.79885869573942e-06,0
287,03:12:00,5.4180040574094046e-12,2.2406678428288546e-12,1.3426977422888113e-12,1.4565387492950182e-13,2.1806976341582857e-13,2.2726618271582986e-10,2.7721399916304996e-06,0
288,03:12:30,7.687989895891119e-12,4.887546928886504e-12,1.3796967330522503e-12,2.1447244482852065e-13,4.3697422626787867e-13,1.9829260838957475e-10,2.889800000861891e-06,0
289,03:13:00,4.957284126687533e-12,2.2762078591065833e-12,2.1356147406847794e-12,1.8727587484486875e-13,3.178929226428305e-13,7.551337752722083e-10,2.9088800197012826e-06,0
290,03:13:30,3.443861667348272e-12,2.6028197618326788e-12,1.4985331195118455e-12,2.149087398813209e-13,3.485148358654131e-13,1.10939586665262e-09,2.8062349666553946e-06,0
291,03:14:00,4.883484494582018e-12,3.834171885352028e-12,1.7099267515416115e-12,1.507447290125675e-13,2.726557636059929e-13,9.159519489909463e-11,2.7387335730754497e-06,0
292,03:14:30,3.2538644951448163e-12,2.076701063581912e-12,1.75080297303297e-12,1.6116344701446088e-13,2.8864195256548844e-13,7.550874565917145e-10,2.845181444296636e-06,0
293,03:15:00,4.06961533284751e-12,4.4148903048277336e-12,1.5818111188538351e-12,1.9201090959410328e-13,4.120729137867918e-13,3.1186531634567897e-10,2.939418167861212e-06,0
294,03:15:30,3.3195673654491847e-12,2.3271752019394754e-12,1.6387736473918313e-12,1.5964126727168457e-13,3.769756819707432e-13,4.997463958220027e-10,2.880560824338029e-06,0
295,03:16:00,2.6810255288628916e-12,8.528348179003715e-13,7.250949003987335e-13,1.4649105858913974e-13,1.6643159643215208e-13,1.3537799109100683e-09,2.6908338629395878e-06,0
296,03:16:30,5.267701130981958e-12,1.1152521898020519e-12,5.678357434438301e-13,2.2290525985082287e-13,3.189632258113944e-13,1.0405153131191217e-09,2.869697200950377e-06,0
297,03:17:00,6.225364092015087e-12,1.03232728640165e-12,6.375266053700225e-13,2.1433127969895331e-13,3.0928427874879744e-13,8.597873877945678e-10,2.923993014721007e-06,0
298,03:17:30,6.674605166223334e-12,2.7976650014120075e-12,1.4402744764244697e-12,2.0814348160747965e-13,2.650311328271609e-13,3.6886507572323727e-10,2.851677942401621e-06,0
299,03:18:00,2.5289197114953693e-12,1.7005989443714724e-12,1.0457294470152986e-12,1.3352919629471438e-13,2.5941153436984444e-13,4.828124034238682e-10,2.709859974002931e-06,0
300,03:18:30,3.427634843926958e-12,1.3253448117228479e-12,8.137088624169319e-13,1.8120129596327863e-13,1.9775416251397015e-13,7.189797248945952e-10,2.806371389708792e-06,1
301,03:19:00,8.406190497283393e-12,2.576145582376671e-12,1.0177782867454895e-12,1.9050838875510872e-13,4.028848157506932e-13,8.207526750604115e-10,2.8875772275663027e-06,1
302,03:19:30,1.0059230572305436e-11,3.578375481109484e-12,2.220536808052936e-12,2.680544902316591e-13,6.840190854229356e-13,4.881320925706447e-10,2.8581679935165087e-06,1
303,03:20:00,9.563179722314833e-12,1.9940002208152835e-12,4.587906925531705e-13,8.529912903448102e-14,1.8894087749224715e-13,1.0830256549495746e-09,2.736614087022251e-06,1
304,03:20:30,3.397617603560631e-11,5.76386286259984e-12,1.105669016419686e-12,2.314933411770365e-13,3.9089838978813183e-13,3.2676301637508913e-10,2.85989345444385e-06,1
305,03:21:00,3.4481888797137633e-12,3.993992348136041e-12,1.7066271866441485e-12,1.8548290418263613e-13,3.6379047037089694e-13,4.3601356136208504e-10,2.9556772516107375e-06,0
306,03:21:30,5.323621278555213e-12,1.157048805641473e-12,1.2973302630663017e-12,1.8919329679842996e-13,4.91117837111853e-13,4.6007663477443057e-10,2.906517472244656e-06,1
307,03:22:00,3.85906920033862e-12,1.7401242179620718e-12,8.253908484248771e-13,1.4824867025858366e-13,1.889896099588629e-13,4.3032938855945124e-10,2.8078718351052682e-06,0
308,03:22:30,1.0716634173103735e-11,4.503908741262269e-12,6.915322310614317e-13,1.5414407237448756e-13,2.958801847532464e-13,8.065329292738546e-10,2.736374500258235e-06,1
309,03:23:00,2.24561181469533e-11,2.5401241662799854e-12,1.3785230632368111e-12,2.6249445807699436e-13,6.923442817061217e-13,4.4804262154183806e-10,2.91294770088119e-06,1
310,03:23:30,5.493173891792951e-12,2.1771421902239415e-12,8.773144647295183e-13,1.2873300095292614e-13,2.77111198570261e-13,4.321523571513854e-10,2.894406597797906e-06,1
311,03:24:00,1.4653294152297403e-11,4.270167616786521e-12,4.500575161626315e-13,1.5381856564514811e-13,2.9010000541847886e-13,2.616410360274348e-10,2.8291974318140415e-06,1
312,03:24:30,1.9504818636512728e-11,5.7575396512732235e-12,7.84613023376347e-13,2.3119751563587517e-13,8.561450841885617e-13,1.4992812087045267e-10,2.7383496267309013e-06,1
313,03:25:00,4.2542299685339686e-11,7.45076840520439e-12,2.243808775237196e-12,3.7873999225973195e-13,1.1038981591784703e-12,1.6063956438716045e-10,2.783085436338427e-06,1
314,03:25:30,3.792608237677225e-12,4.144693068055708e-12,1.845413409758098e-12,2.7086956324962984e-13,7.781824999970248e-13,2.1188632124905345e-10,2.8859103342517884e-06,0
315,03:26:00,7.914176977239868e-12,1.5801682275217787e-12,5.009059721909754e-13,1.7357921604860902e-13,2.5246313958697205e-13,9.971204069133608e-10,2.822244235758794e-06,1
316,03:26:30,8.83755046106843e-12,2.78342011425518e-12,1.0755003697177896e-12,1.752180880148693e-13,3.3274692338808087e-13,2.261525678169547e-10,2.7031481601761843e-06,1
317,03:27:00,5.585091045702651e-11,7.268920663047913e-12,2.931627222056238e-12,3.176179322845996e-13,8.178226607493426e-13,2.253016175802469e-10,2.870321629714546e-06,1
318,03:27:30,1.4715120320191116e-11,2.2814005926960722e-12,8.820725888829246e-13,2.391548095570787e-13,4.3172203460484036e-13,2.3837125083127563e-10,2.922588364060169e-06,1
319,03:28:00,1.2412297698520133e-11,2.868761968547582e-12,7.115339821273932e-13,1.7166991629583998e-13,7.152928268069601e-13,2.1136051639637856e-10,2.8178286541644768e-06,1
320,03:28:30,2.284447853086472e-11,7.448411220970878e-12,1.6498150623514063e-12,2.7353355386598574e-13,7.362102443549468e-13,1.8480274960768172e-10,2.665753835641768e-06,1
321,03:29:00,1.8982333375596073e-11,4.750309104938738e-12,5.810067082895526e-13,1.9853061332339318e-13,6.774405165199603e-13,1.1735983517673524e-10,2.7443913163060184e-06,1
322,03:29:30,2.6185408002826774e-11,8.89371395747907e-12,1.2252562218108995e-12,3.3094480730838224e-13,1.3856133994951726e-12,1.0102136073393687e-10,2.4645762421224963e-06,2
323,03:30:00,2.8221883500117594e-11,6.4933989614733796e-12,1.3638333397694394e-12,2.836067913975428e-13,9.48396835670199e-13,2.1645139663451302e-10,2.545011376806288e-06,2
324,03:30:30,9.81378492234617e-12,1.388691159566263e-12,6.217433089868327e-13,2.9358876607238703e-13,1.0180366972389595e-12,7.529300372543209e-11,2.553837618912667e-06,2
325,03:31:00,2.532448407764806e-11,6.4529536546677155e-12,1.2505502212688503e-12,3.0108373613208717e-13,1.2550949254257228e-12,1.178557421344307e-10,2.4691779883355324e-06,2
326,03:31:30,5.4319987650588685e-11,4.476262993190197e-12,1.9464037688384694e-12,2.472100798279902e-13,9.739704661380243e-13,1.7944082408471874e-10,2.7024943660298957e-06,2
327,03:32:00,1.2937828499948125e-11,3.3728669980337842e-12,6.352721291848782e-13,1.9568330699475227e-13,3.185620997481725e-13,2.801969708508093e-10,1.555649862025751e-06,2
328,03:32:30,1.7841467605690166e-11,1.9867923993887297e-12,6.608049798567717e-13,1.5940094391048172e-13,6.656504451624676e-13,9.162707927879286e-11,2.1230488383990154e-06,2
329,03:33:00,2.0872453592402374e-11,4.395380535636954e-12,6.864632257406902e-13,2.2926846676735204e-13,9.659956990670896e-13,1.6485607691500687e-10,2.095623032079956e-06,2
330,03:33:30,5.648790338106266e-11,5.17788525108541e-12,9.83135579420803e-13,2.0973134727904567e-13,4.591524431199209e-13,1.3956159423736623e-10,2.287160415351217e-06,2
331,03:34:00,2.26394327096206e-11,2.993733765211026e-12,8.498707413985827e-13,1.9164747516269114e-13,6.48442726273187e-13,1.75162700149465e-10,1.5540345175955605e-06,2
332,03:34:30,3.414034166226513e-11,5.360462209875552e-12,7.823154505744891e-13,3.5227355791101957e-13,1.790781787867484e-12,1.1450135606057609e-10,2.1520704345433024e-06,2
333,03:35:00,3.100522160256071e-11,4.2673181367482424e-12,8.867528021694659e-13,2.2325841937728088e-13,1.1641484410215465e-12,9.842743569909463e-11,2.3298087871798394e-06,2
334,03:35:30,7.331227762081636e-11,7.85723063091879e-12,8.246666281766382e-13,3.267810417505367e-13,1.5482258906743062e-12,1.725589821945679e-10,2.1055322121272404e-06,2
335,03:36:00,3.264832294423175e-11,7.481957695176402e-12,1.0638600122510423e-12,2.5844652713434367e-13,1.073844634002315e-12,1.258968144030727e-10,2.0609006981500555e-06,2
336,03:36:30,1.969711156041197e-11,3.4592379833950037e-12,7.790729558385145e-13,1.7407088022063756e-13,8.000093262647164e-13,1.1570414067621396e-10,2.15348203495492e-06,2
337,03:37:00,4.30230266307347e-11,7.158044425061317e-12,7.460262814917525e-13,2.659473187805183e-13,1.368893796738117e-12,1.6170113445399176e-10,2.071131301686439e-06,2
338,03:37:30,4.910541077849155e-11,5.885713016303443e-12,7.946400980302727e-13,1.5114655747644127e-13,5.203791842148635e-13,1.642228624636488e-10,2.2030462210190677e-06,2
339,03:38:00,6.362482026141522e-11,7.926631553143594e-12,9.320972814683087e-13,3.107267994725098e-13,1.947230393247214e-12,2.865379906894924e-10,2.1198141732795154e-06,2
340,03:38:30,6.565808708289043e-11,5.218012670736144e-12,6.87899307074162e-13,1.7309720326070684e-13,6.290330807959918e-13,2.8306095065020573e-10,2.243556763885523e-06,2
341,03:39:00,5.833819879367185e-11,4.937537337712213e-12,5.742754105190521e-13,1.4618976736679892e-13,5.615060447525565e-13,2.3054213988938264e-10,2.2220419734164846e-06,2
342,03:39:30,4.103482894392336e-11,5.3238390718206274e-12,9.015175154121581e-13,1.3677694747055033e-13,6.195562510839786e-13,2.5492777344855967e-10,2.0349678327190215e-06,2
343,03:40:00,1.0631879672156077e-10,4.493840526200989e-12,6.673198830053904e-13,2.3399846553629506e-13,9.26128254609358e-13,3.8377967913064467e-10,1.9680810819691244e-06,3
344,03:40:30,6.36977919296923e-11,7.098280099782608e-12,6.612345886368257e-13,1.268718395015308e-13,4.920699679118658e-13,2.547269149357475e-10,2.049678510608119e-06,2
345,03:41:00,8.658614471154167e-11,5.882662379454443e-12,7.088704166737137e-13,1.1432200995382303e-13,3.4125832712480257e-13,1.8154609430101505e-10,1.8704170812515935e-06,3
346,03:41:30,1.1145143401835718e-10,5.8793108886414665e-12,8.729442966931739e-13,1.4044720374146152e-13,4.689889863029151e-13,3.420951729163237e-10,1.9134775946336194e-06,3
347,03:42:00,9.882897082853513e-11,7.098861340684978e-12,8.033468206339346e-13,2.7188625932269797e-13,9.65105619310701e-13,3.5038269100049374e-10,1.8877992859616295e-06,2
348,03:42:30,1.0552384958840688e-10,7.067504821893737e-12,7.304025818258811e-13,1.1441347781918418e-13,3.134368357151975e-13,2.746765757873251e-10,1.9654068159417716e-06,3
349,03:43:00,8.598840520858652e-11,4.534457819295831e-12,6.413031784868882e-13,1.1797612872150118e-13,4.5009333337743165e-13,1.9741698443039776e-10,1.7776059584828047e-06,3
350,03:43:30,1.1624965940676484e-10,5.652247654643268e-12,8.369754081072695e-13,1.252765385514059e-13,4.1098957002270633e-13,3.335146343539094e-10,1.9746299368607776e-06,3
351,03:44:00,9.787910234487038e-11,6.716780238819021e-12,7.054541763267821e-13,1.1002767869549081e-13,3.7814489451787826e-13,3.4951762140159116e-10,1.8859207958235218e-06,3
352,03:44:30,1.0214169649963222e-10,4.515191635470164e-12,6.814595170172384e-13,1.2513525373122021e-13,4.193972683660685e-13,3.2927488254946496e-10,1.5866275639667101e-06,3
353,03:45:00,6.92157804217008e-11,5.115090045281342e-12,6.118571865052526e-13,1.2248583382839973e-13,5.075665381756128e-13,3.424495266447187e-10,1.5333282795878961e-06,2
354,03:45:30,1.1154167702032148e-10,5.7102459449253555e-12,4.576152258173656e-13,9.785461370857937e-14,3.8042020204037586e-13,4.782814542476817e-10,1.5124579912618932e-06,2
355,03:46:00,9.669964489832045e-11,5.05729987998498e-12,5.634658650183458e-13,1.2615281048978496e-13,4.5040466284305897e-13,3.647485142279286e-10,1.555442208163409e-06,3
356,03:46:30,1.6878696198179787e-10,7.501622254239966e-12,8.049749663896227e-13,9.710170293138211e-14,2.844917225119393e-13,3.618449616590398e-10,1.8404862933570256e-06,3
357,03:47:00,9.427728004278229e-11,3.909986099413884e-12,6.700188029581925e-13,1.678805993683963e-13,8.34612975365442e-13,2.803205572299588e-10,1.7611888715760772e-06,3
358,03:47:30,1.183218720550025e-10,8.373018259691486e-12,7.511653865500423e-13,1.193813808922514e-13,4.536507265147662e-13,4.0818873207550053e-10,1.760413195240057e-06,3
359,03:48:00,8.534184788064548e-11,5.6055545045508576e-12,6.104278680669326e-13,1.2900436613545395e-13,5.153832537874922e-13,4.6562160606990384e-10,1.7582912487644184e-06,2
360,03:48:30,1.4739332362259574e-10,5.310359607904116e-12,7.536983282079876e-13,1.210983802148803e-13,4.5119789453525757e-13,4.075893139698216e-10,1.7793427157813514e-06,3
361,03:49:00,1.1506371997120542e-10,4.634600773833895e-12,6.715352436382924e-13,1.0544021513130829e-13,3.96448857494461e-13,3.7044111715533594e-10,1.756836010445027e-06,3
362,03:49:30,1.3904429696479474e-10,5.631861255062735e-12,6.306204693211732e-13,9.381097504024685e-14,3.460077139441694e-13,4.2246806642831267e-10,1.59783063241855e-06,3
363,03:50:00,1.8230139450076697e-10,6.310830053196921e-12,6.353196680774637e-13,1.2055071747599546e-13,4.007838034583136e-13,4.925562993909465e-10,1.6886887674919784e-06,3
364,03:50:30,1.1505343815403096e-10,3.8584952492120594e-12,7.473972914083508e-13,1.2197883936954028e-13,5.788716768752126e-13,3.3004317148181066e-10,1.6528290640027368e-06,2
365,03:51:00,1.4599707203075122e-10,5.09324978732083e-12,7.142495091353207e-13,3.231262770755391e-13,5.190367232286199e-13,1.1557586194295744e-09,2.2667391880877273e-06,3
366,03:51:30,7.481129589524823e-11,5.640442202943996e-12,7.710829746683747e-13,1.1937514825207696e-13,1.84390430129765e-13,7.918552627085871e-10,2.6599845024067463e-06,2
367,03:52:00,5.2793967368427985e-11,5.47390848424843e-12,8.463844877809517e-13,1.7023416620212087e-13,3.929819199184582e-13,7.621285754592043e-10,2.8879601654862206e-06,2
368,03:52:30,2.4501745648238187e-11,5.4145946621070784e-12,1.7554540391630536e-12,1.6288221080984736e-13,2.775118443902007e-13,3.79703095318299e-10,2.9171490372504747e-06,2
369,03:53:00,4.600173058969498e-11,6.294316195020286e-12,1.121805157389836e-12,1.410193276036549e-13,2.9090156702274545e-13,2.542908891750891e-10,2.8103500528245877e-06,2
370,03:53:30,5.938615992212603e-11,5.462711332178572e-12,1.0552969689465802e-12,1.1844111870661372e-13,2.7565094461491995e-13,3.035895901214814e-10,2.7164264520057753e-06,2
371,03:54:00,1.3004365104454752e-11,2.6948204838826316e-12,7.737426009403056e-13,1.3952718857357247e-13,3.230578403458509e-13,1.4069512452126197e-10,2.7935101084130732e-06,2
372,03:54:30,1.539344246429275e-11,4.51954461325939e-12,2.9953053314741397e-12,2.1766781323365813e-13,7.644690169635439e-13,2.424620878792866e-10,2.8774000399229915e-06,1
373,03:55:00,7.909445030991547e-12,2.777087206650266e-12,1.2666489724045902e-12,1.773268281032222e-13,3.3567732670088595e-13,5.125797790727023e-10,2.831526044685462e-06,1
374,03:55:30,7.337674177121718e-12,2.7377401199485813e-12,6.51430028533538e-13,1.3338040497116872e-13,2.4764956163373976e-13,7.513188707272427e-10,2.6459807825092223e-06,1
375,03:56:00,1.459703002834631e-11,4.19746822610806e-12,2.0692482955530743e-12,1.9836352670310674e-13,3.2028229329938375e-13,4.589781349100686e-10,2.786300460582544e-06,1
376,03:56:30,2.1258773184222223e-11,2.1881138846995763e-12,1.1172355612789393e-12,1.5766964879429843e-13,2.74789358841156e-13,3.773664345679012e-10,2.8604297714875444e-06,1
377,03:57:00,1.253074622087736e-11,2.4341724475901875e-12,1.207384521972472e-12,1.836722092926994e-13,6.777256413243762e-13,2.5309795497525373e-10,2.7468668709311914e-06,1
378,03:57:30,1.5516680695472312e-11,2.340449714002778e-12,7.100888369749349e-13,1.362446997552638e-13,2.7073944325346227e-13,2.2780358869662546e-10,2.6372333605277534e-06,1
379,03:58:00,2.6745215260549403e-11,4.488660784535353e-12,1.7405728810646962e-12,1.826299506587241e-13,3.9327286099511505e-13,2.452777595390946e-10,2.8580255561057626e-06,1
380,03:58:30,1.774202406620775e-11,3.249318511586057e-12,1.155312326029402e-12,1.47965699265277e-13,4.783067750809505e-13,1.7525524793393685e-10,2.9357355222746026e-06,1
381,03:59:00,1.3927296533713267e-11,3.0052295114713515e-12,8.567255156551068e-13,3.3261176897427514e-13,1.4110243175776119e-12,9.916682888866939e-11,2.8212721091490815e-06,2
382,03:59:30,4.789595514684557e-11,4.345646774701853e-12,1.396023340165648e-12,1.3149559457873097e-13,2.9856257820704983e-13,2.8098168598628255e-10,2.643916288136836e-06,2
383,04:00:00,2.561105693097835e-11,2.981129806090889e-12,1.0770388528634646e-12,1.5834831065817406e-13,3.4519223231924226e-13,3.133232750562414e-10,2.894244863850135e-06,1
384,04:00:30,2.0461617036802056e-11,3.692308081870874e-12,7.629221253226063e-13,3.3388502049896385e-13,1.6333488096851854e-12,1.0724651195522631e-10,2.8754688968943872e-06,2
385,04:01:00,3.1967603657875533e-11,4.031617191547352e-12,2.4835674542372495e-12,2.6496665343018044e-13,7.761756763361152e-13,1.666178796982167e-10,2.873010113532961e-06,1
386,04:01:30,4.410326838942054e-12,1.995373303237235e-12,1.6494341397747963e-12,1.8083525397198514e-13,5.260766536607145e-13,9.717100003533605e-11,2.67099147080489e-06,0
387,04:02:00,4.129940009084925e-12,2.116075693272762e-12,1.9567465932269674e-12,2.4450674755020003e-13,4.878900363849925e-13,1.6423879247714675e-10,2.816262447597356e-06,0
388,04:02:30,5.311876172538669e-12,1.6465132644771752e-12,8.997866281258867e-13,1.7055061403872693e-13,2.769600339034662e-13,8.014615029410149e-10,2.7209211813010822e-06,0
389,04:03:00,8.24639907463979e-12,1.7084263601540586e-12,6.919770353414606e-13,1.7150574917561129e-13,2.0424946235031869e-13,7.930273146653496e-10,2.5800400901017242e-06,1
390,04:03:30,7.42479351033336e-12,2.587861032192049e-12,1.6320796320616565e-12,2.1494128431520492e-13,5.530170643777312e-13,3.686433469445267e-10,2.4212423057961913e-06,1
391,04:04:00,2.048070611430819e-11,2.514295484322757e-12,1.1500844496794661e-12,2.031656449418865e-13,4.954034310070069e-13,4.800710631163785e-10,2.4908536319035247e-06,1
392,04:04:30,1.2524502519177933e-11,2.5149814370141076e-12,1.8189201242565736e-12,2.0503769563040268e-13,4.3475155012897154e-13,2.1102889401679005e-10,2.718142985333871e-06,1
393,04:05:00,2.083101411405515e-11,1.4844344890444045e-12,7.986738499058568e-13,1.6249601176599452e-13,3.1450595456792896e-13,4.634356639286694e-10,2.84569732615932e-06,1
394,04:05:30,2.7493138376097488e-11,5.300238827095594e-12,2.0658490591033423e-12,2.150103722685443e-13,5.213172201313783e-13,1.1722630606990394e-10,2.6833004548778022e-06,2
395,04:06:00,1.1042801450954818e-11,2.8633078242069117e-12,6.43560015866144e-13,1.346545524977709e-13,2.295809512065479e-13,1.9803815077399168e-10,2.737995027743107e-06,2
396,04:06:30,2.0438795311483262e-11,2.845320893716202e-12,9.83570108324835e-13,1.4578052076735352e-13,3.8667883445413036e-13,2.5037776447187924e-10,2.868522262514437e-06,2
397,04:07:00,3.762440416218137e-11,4.92565355007922e-12,1.2105987886218807e-12,2.844664661566834e-13,5.64503577719828e-13,1.3226956583945127e-10,2.796104393610016e-06,2
398,04:07:30,2.1452338315178648e-11,2.927169352101348e-12,7.723070240336596e-13,1.4425096474278395e-13,3.7856648978233087e-13,3.0035010623187925e-10,2.6818157607775884e-06,2
399,04:08:00,3.991782416391794e-11,3.516254969232739e-12,1.0930383503691051e-12,2.6711423304775537e-13,8.617181595758298e-13,2.4954918379895745e-10,2.7192616195840497e-06,2
400,04:08:30,1.5607766026199008e-11,1.9422336658082915e-12,8.240778417891294e-13,1.7729525374526063e-13,4.746319685477207e-13,1.593054142575583e-10,2.906522749842536e-06,2
401,04:09:00,8.291760567579997e-11,8.089381280732312e-12,2.014247584527049e-12,2.71480995406655e-13,1.1138951195492307e-12,1.5254292666117967e-10,2.8369172517268583e-06,2
402,04:09:30,1.5227615378761758e-11,3.3875001088855837e-12,8.221373480483274e-13,1.4639348022569328e-13,3.4420463085109607e-13,1.1088156826139915e-10,2.7437142693088588e-06,2
403,04:10:00,5.1892925036059656e-11,6.028742329560498e-12,1.0928688532147017e-12,2.633504654576185e-13,7.678496315289238e-13,1.5541460751802466e-10,2.6287375983187962e-06,2
404,04:10:30,3.7341829642757205e-11,6.221956861126644e-12,1.0483714848206125e-12,2.614489330428115e-13,1.161136203693709e-12,1.1486722468674895e-10,1.5693010881692987e-06,2
405,04:11:00,4.7560726789583264e-11,5.865077997382269e-12,1.3093358276875726e-12,2.21867483405931e-13,7.578645897383831e-13,2.5430103527572013e-10,1.7568761291715366e-06,2
406,04:11:30,2.5935872543303647e-11,5.342345937135381e-12,1.305145018805758e-12,3.3324677799292553e-13,9.686312938460233e-13,1.4411349701508912e-10,1.338327792559185e-06,2
407,04:12:00,3.896266339662177e-11,7.48212984783748e-12,1.270639071864851e-12,2.2075364487147796e-13,5.611417341778317e-13,1.0988095404422492e-10,5.679660980197358e-07,2
408,04:12:30,4.017502695906184e-11,5.873441419890439e-12,1.9725047854272197e-12,2.6319404287611657e-13,1.2369533639738351e-12,1.2824985628949242e-10,9.115907908183439e-07,2
409,04:13:00,2.931533407703723e-11,5.600831596100476e-12,1.0005817719353061e-12,1.8287078083660826e-13,6.845891812059362e-13,9.989342182518516e-11,6.266815421496569e-07,2
410,04:13:30,1.7658421621929492e-11,2.9295736305282145e-12,6.871924648524392e-13,1.5426453255179953e-13,3.132879613482417e-13,2.5019098492817553e-10,5.849545634640036e-07,2
411,04:14:00,2.910526750133073e-11,3.116277801272558e-12,6.390912965262489e-13,1.1200457168860325e-13,2.855472356521652e-13,1.2708754182582165e-09,5.732522542110058e-07,2
412,04:14:30,7.602426551877387e-12,1.5940023504674225e-12,4.604279277311851e-13,1.1988034672622792e-13,1.8359662040255428e-13,8.822192116674895e-11,5.929602001099899e-07,4
413,04:15:00,1.020165227042635e-11,4.549528665749494e-12,5.700103852775825e-13,1.322864415619358e-13,1.6886216320129758e-13,1.2508811281185182e-10,2.1902699380070905e-06,4
414,04:15:30,2.562014634185817e-11,2.832367356836809e-12,8.549751686094022e-13,1.547490993049399e-13,3.1136156366744936e-13,1.8150453857887515e-10,1.4781737976902025e-06,4
415,04:16:00,1.0266355003036617e-11,2.044308595856761e-12,7.963322547878614e-13,1.228478601755708e-13,2.1157656113486336e-13,1.7957731256274344e-10,5.842757924037429e-07,4
416,04:16:30,1.5616761713312462e-11,3.1427436700195032e-12,7.994086442148311e-13,1.5306820126589756e-13,2.690053128413633e-13,2.0401911856438952e-10,7.903990597685485e-07,4
417,04:17:00,6.315288826876672e-12,2.382917925533629e-12,7.956440261419901e-13,1.2263234110261228e-13,2.093155728052064e-13,1.7955903385459527e-10,1.0839113701800272e-06,4
418,04:17:30,9.904846483286256e-12,1.7869049584754014e-12,8.51544919449043e-13,1.1147364449277261e-13,2.6151858294276047e-13,1.0475555875028803e-10,5.623474263099063e-07,4
419,04:18:00,7.1772411240507e-12,1.820418251402287e-12,4.29523385745868e-13,9.337397068821668e-14,2.0236627597905388e-13,1.6309826845300409e-10,6.368717314961323e-07,4
420,04:18:30,4.0561592161094776e-11,2.9621703305757558e-12,7.256915267926755e-13,1.5083643011015804e-13,2.683546738174702e-13,1.3500535855089163e-09,6.132731488301931e-07,4
421,04:19:00,2.1082314959101216e-11,1.9952392257416424e-12,7.147714554187742e-13,1.6210475747113223e-13,1.732644672269266e-13,4.746119315645541e-10,1.2202977936881632e-06,4
422,04:19:30,1.4272838164015309e-11,3.4151923003300546e-12,8.919665551318026e-13,1.4635531667949452e-13,2.5380808746786604e-13,1.7811520850172837e-10,1.07093912670488e-06,4
423,04:20:00,1.6341506613798538e-11,2.8889634023761177e-12,6.973756101984553e-13,1.2637225998562096e-13,2.1317425076195865e-13,1.897169754493278e-10,6.744136225481234e-07,4
424,04:20:30,8.946307925006454e-12,2.340668617020399e-12,8.406512118862891e-13,1.6724477551237158e-13,3.130070994699912e-13,3.178114798859588e-09,6.5702766256598e-07,4
425,04:21:00,7.151027942365083e-12,1.4288018687592298e-12,7.731236306478649e-13,1.5776268487417625e-13,2.627055385673683e-13,2.912829836007681e-10,6.387254814247834e-07,4
426,04:21:30,8.089935373301117e-12,1.8864404869517946e-12,1.0535071773926825e-12,1.7294069525353492e-13,4.3342805000923423e-13,1.768659676672702e-10,1.5646074142672607e-06,4
427,04:22:00,1.1143190404039581e-11,2.2728375930020905e-12,8.258607658733216e-13,1.1959532829022458e-13,2.1651351109991423e-13,1.1614633603599449e-10,1.0926343906238886e-06,4
428,04:22:30,9.743869575294262e-12,1.4847080319941632e-12,5.723971414265532e-13,1.3540199312282907e-13,3.1402135361150855e-13,1.5033893560623322e-09,8.782361911100553e-07,4
429,04:23:00,6.966527053538934e-12,1.6882789754309895e-12,6.839167797219347e-13,1.7396451561536654e-13,3.798489919895118e-13,1.53130251963786e-09,9.630981335897213e-07,4
430,04:23:30,1.5299604000318383e-11,1.6454058344404629e-12,4.025358546781197e-13,8.678957733088307e-14,1.251861396078896e-13,2.2769239964883397e-10,6.278909923920374e-07,4
431,04:24:00,6.444778950287089e-12,1.4685915667030416e-12,6.379462061536972e-13,1.2496372690349658e-13,2.522691729690469e-13,5.447654885133606e-10,7.436750353588219e-07,4
432,04:24:30,9.846883894508679e-12,2.0824830713712455e-12,7.545931949498134e-13,1.2693389107890198e-13,2.3727086359984527e-13,1.4918040567201094e-09,6.967782712042412e-07,4
433,04:25:00,1.594274100787807e-11,2.18720191856408e-12,5.405671565531423e-13,1.19630218288374e-13,2.1052001813822502e-13,1.7531345851434838e-10,8.392521577494441e-07,4
434,04:25:30,7.260705533934553e-12,2.619273901485532e-12,8.138770224258454e-13,1.4555309459013594e-13,2.6541945639836783e-13,1.829117082548148e-10,5.729848393242918e-07,4
435,04:26:00,6.012761614921871e-12,1.4958727468512398e-12,6.670552920066196e-13,1.1043963731145062e-13,1.207438991289657e-13,1.1980739680570643e-10,5.757539045114469e-07,4
436,04:26:30,7.349806300867925e-12,2.763317455038168e-12,9.765628209857422e-13,1.2972229020281617e-13,2.2624897572226624e-13,4.9788829329163225e-11,5.726070207699629e-07,4
437,04:27:00,1.566520100485437e-11,1.6998360758773322e-12,1.2236255980976017e-12,1.6768470765609727e-13,4.430991923559651e-13,3.6352488379204386e-09,6.761149795577763e-07,4
438,04:27:30,9.732589928102917e-12,1.6676450250300227e-12,7.553993368147734e-13,1.2328098850929714e-13,2.102592820100678e-13,5.765851265922633e-10,9.409179654703261e-07,4
439,04:28:00,1.2309568799544201e-11,3.806091419471463e-12,9.7803524405513e-13,5.028654468521314e-13,4.755543205134228e-13,1.673053913011797e-10,1.5434377271168652e-06,4
440,04:28:30,5.503711982872227e-12,1.5117521718842919e-12,5.06685563316339e-13,1.2746911831191475e-13,1.2208679456246365e-13,5.327435138545952e-11,9.60261661952935e-07,4
441,04:29:00,8.229287546974208e-12,2.4932139198768127e-12,8.090025992611267e-13,1.1469276685021743e-13,2.20206764048918e-13,4.64067814801646e-11,9.60194882043862e-07,4
442,04:29:30,1.0317031785438625e-11,3.0729112029734174e-12,1.7876942632277409e-12,1.3247851848552645e-13,2.5502995398789766e-13,3.486628915829904e-10,6.881771328161013e-07,4
443,04:30:00,7.672691291684181e-12,1.1865152797146728e-12,4.732644758057004e-13,9.106313085405882e-14,2.0484031516007978e-13,4.067617326871879e-10,1.031102304003339e-06,4
444,04:30:30,7.86719447007173e-12,2.0944924499267465e-12,6.906902480038719e-13,1.3963179540255455e-13,2.655364319986768e-13,2.9294966249788744e-10,1.1390860855821702e-06,4
445,04:31:00,3.8733068470281535e-11,2.1081212389718714e-12,8.466185500738848e-13,1.659803316837162e-13,3.271174621321271e-13,5.706059452491851e-09,7.47207140149222e-07,4
446,04:31:30,7.47523693474449e-11,4.440981836153896e-12,9.30213217252994e-13,1.766043751698254e-13,2.1570422953935818e-13,1.0801292355687024e-08,6.678627883505623e-07,4
447,04:32:00,1.987825590819736e-11,1.6848762112085342e-12,6.055027225195473e-13,1.7321090443625153e-13,2.0543037648118013e-13,9.805939568294102e-10,6.742461635993804e-07,4
448,04:32:30,6.1492192366216585e-12,3.706638415929977e-12,6.776519672923946e-13,2.2939012729228784e-13,3.5784233524033467e-13,8.071558386282577e-11,7.534699122037472e-07,4
449,04:33:00,6.741182346701887e-12,1.6003337496537543e-12,6.880031320076368e-13,1.4182341897719992e-13,2.6533002107638014e-13,7.293453910035664e-11,6.310261318467443e-07,4
450,04:33:30,7.54685601921087e-12,2.2642661202158682e-12,6.523534702034154e-13,1.369201524570031e-13,3.353122802949343e-13,2.1724880935662e-09,8.225334406162618e-07,4
451,04:34:00,1.494785192845558e-11,1.6012595056791298e-12,6.217811158181688e-13,1.1624521893380477e-13,1.5694973642493642e-13,5.0906595188376386e-09,6.072063630582997e-07,4
452,04:34:30,8.197858417388464e-12,1.584102740621777e-12,5.359316839503787e-13,1.3047966363731674e-13,1.9225708485540212e-13,2.5401945823321805e-09,7.568040030242896e-07,4
453,04:35:00,3.262973937367389e-11,2.595833807806049e-12,9.737770715403177e-13,1.913127735569714e-13,2.8422890529865653e-13,1.664922194620576e-10,1.0075349706170924e-06,4
454,04:35:30,6.170150203276322e-12,2.1403060915606268e-12,7.326318877444039e-13,2.1970674586072924e-13,3.5174850971624203e-13,1.0292095447701506e-09,1.7758661277097989e-06,4
455,04:36:00,7.667010563956864e-12,1.4513157813357601e-12,9.919069255602887e-13,1.8720073808988792e-13,3.586316850539907e-13,1.2558331275509462e-09,6.432092484953902e-07,4
456,04:36:30,9.679790632924019e-12,1.688966456433696e-12,4.772084589367688e-13,1.1948776578221107e-13,1.5215937176043465e-13,4.943281477037036e-10,8.261333837012093e-07,4
457,04:37:00,1.870398852901801e-11,2.431611704796518e-12,1.0158532037931964e-12,1.3512898968772038e-13,3.0969123642232454e-13,2.0443386864109736e-10,8.197912104916485e-07,4
458,04:37:30,9.980114352879489e-12,1.7984074255742656e-12,9.571395562597356e-13,1.6950224369116776e-13,2.40535934379168e-13,8.142372137077639e-10,6.699694968502912e-07,4
459,04:38:00,4.306616893256846e-11,2.9800039850277725e-12,7.122899054720127e-13,1.16041722537184e-13,2.992199468797387e-13,1.7077700809988476e-09,7.537012815210622e-07,4
460,04:38:30,3.1703482738240574e-11,1.7296217536065057e-12,6.329078167890109e-13,1.9329274631303276e-13,2.799035658275066e-13,5.754243487947324e-10,7.822967294813497e-07,4
461,04:39:00,2.6000272230106427e-11,1.57888043709031e-12,7.643577229695843e-13,1.813702213492161e-13,2.8576067564705105e-13,1.4274728453188475e-09,7.556227221752599e-07,4
462,04:39:30,2.29442069294724e-11,1.724320375033017e-12,5.023811859141387e-13,1.1029108230891314e-13,2.3353961128341034e-13,6.876715068962413e-10,7.768517602630771e-07,4
463,04:40:00,2.9366937249587624e-11,1.4192708827623208e-12,4.4769447192815866e-13,1.1875141886308445e-13,1.89252001171179e-13,6.484741939039779e-10,7.589932226447781e-07,4
464,04:40:30,1.3180899957365652e-11,2.302187381678894e-12,6.684445127702153e-13,6.863850362595264e-13,4.755288755197119e-13,1.4624959737011794e-09,8.698948116855107e-07,4
465,04:41:00,7.401699609455428e-12,1.3903959490355675e-12,5.714989194206834e-13,1.4350911431156467e-13,2.3203109935969243e-13,7.889911502307818e-10,1.036061991737857e-06,4
466,04:41:30,1.0943417028474114e-11,1.449577220848303e-12,8.357346767677152e-13,1.6278022584194599e-13,3.235030966955757e-13,2.5429740367168173e-09,1.232684147915012e-06,4
467,04:42:00,8.017467393157522e-12,2.106877352899348e-12,6.988765690585527e-13,1.333267803313594e-13,2.0817594556904863e-13,4.690262184902057e-10,7.273741745350278e-07,4
468,04:42:30,7.52424897841947e-12,1.6290079044537892e-12,5.162234980471638e-13,1.9186223408909932e-13,3.4091401569600117e-13,4.690511056241426e-10,1.1533906545337979e-06,4
469,04:43:00,1.8542778162433185e-11,2.1954594522528976e-12,6.644681299757115e-13,1.3311707202522867e-13,1.6022268788456988e-13,4.2893713441176396e-09,8.209661765828926e-07,4
470,04:43:30,1.806979266801654e-11,1.7471292354580326e-12,5.247446250603564e-13,1.3745742805467405e-13,1.931599029288727e-13,3.632697840671385e-09,8.843239440483874e-07,4
471,04:44:00,1.9667321914245456e-11,1.713572417021441e-12,4.292765681553066e-13,1.354924416878883e-13,1.9412071718742686e-13,4.054632674301015e-09,7.213828168933975e-07,4
472,04:44:30,2.8272738831306218e-11,2.0161246033383526e-12,6.4728279275691e-13,1.6356240701892076e-13,2.766315341230432e-13,1.0396790911259038e-08,9.129530368035699e-07,4
473,04:45:00,1.904933792586174e-11,1.8914267600428676e-12,4.4677298830037795e-13,1.4417257983999174e-13,1.7562245363608116e-13,3.4078072832155822e-09,8.284914267897136e-07,4
474,04:45:30,5.58584381532884e-11,1.7557399565125237e-12,4.2827485230526454e-13,1.3488325102169232e-13,1.2414523097508993e-13,4.947676595390945e-10,7.506969292764978e-07,4
475,04:46:00,7.30927092621914e-12,1.8075243312421327e-12,7.540965921452638e-13,1.7220411933199547e-13,2.6987824779846335e-13,2.363564009505624e-10,1.3377126299546702e-06,4
476,04:46:30,7.634360109568745e-12,2.5884939887996065e-12,9.203716344030073e-13,1.873536555736056e-13,2.6190006610513287e-13,1.7746160757201641e-10,6.705704378473883e-07,4
477,04:47:00,6.6740318803284744e-12,2.007045523076159e-12,8.350021183383217e-13,1.3787132408229004e-13,2.456910763113455e-13,1.2314840984669408e-10,7.028796919163656e-07,4
478,04:47:30,8.914486674031398e-12,1.9227204516784197e-12,5.867589346361398e-13,1.755913229282779e-13,3.2178389020581763e-13,2.2766631802414263e-09,8.896737733313559e-07,4
479,04:48:00,3.958148953766146e-11,2.7806366961983545e-12,5.700100996204998e-13,1.4240578342794877e-13,2.750490158185181e-13,2.3541768104908637e-09,8.246709403693869e-07,4
480,04:48:30,9.129273481682904e-12,1.7506275121430707e-12,4.3447884396171494e-13,1.13889522408361e-13,1.4532207978691626e-13,1.0201549221660353e-09,9.238296662994881e-07,4
481,04:49:00,9.285708411981046e-12,1.436411777007218e-12,4.59745334742579e-13,1.556531687335187e-13,1.9204776421299946e-13,1.8110519717396979e-09,9.554300600697142e-07,4
482,04:49:30,1.8784821493175023e-11,2.6012264567318072e-12,7.122102670279332e-13,1.7906873045336468e-13,2.6327579711701815e-13,1.9996940557159944e-09,1.0275917162756778e-06,4
483,04:50:00,7.290797491076862e-12,1.816808643550416e-12,6.494564526244379e-13,1.558670159935551e-13,2.307634097717854e-13,2.467610544984142e-09,1.224415717997501e-06,4
484,04:50:30,4.464620442190098e-12,2.180834638215693e-12,9.1060201056773e-13,1.599095146495746e-13,2.3542517674970316e-13,8.603185643434841e-11,1.1806787808361307e-06,4
485,04:51:00,8.515427952868e-12,2.3797301755133206e-12,6.885140226837394e-13,1.3363206605510478e-13,2.482275538786568e-13,1.1084745408506994e-09,8.409570262505145e-07,4
486,04:51:30,1.6488728768597376e-11,2.0140618161012332e-12,5.442510577392099e-13,1.6977682466950325e-13,2.8701137282401895e-13,5.003162870223539e-09,8.991280953274101e-07,4
487,04:52:00,1.6500816819713457e-11,1.5875606503162022e-12,5.571636803075795e-13,1.2578865504036558e-13,1.9300890752443958e-13,1.5018484619533604e-09,1.2373506245888406e-06,4
488,04:52:30,2.2185588684575705e-11,1.5023431630085978e-12,3.977183758600217e-13,1.2136902574585245e-13,2.0131672920254974e-13,1.846214688324609e-09,1.4412164617416548e-06,4
489,04:53:00,9.704207605101284e-12,1.3320716414297727e-12,5.386847632110005e-13,1.311031737686624e-13,2.260141680137841e-13,1.7158567701280655e-09,1.2273539735497342e-06,4
490,04:53:30,1.0649054110843299e-11,1.4751311712351463e-12,1.1067086646759956e-12,1.8263316197678823e-13,2.3336873912083837e-13,3.3876762591321803e-09,1.6901801432487094e-06,4
491,04:54:00,6.852165786941953e-12,1.4977466007954913e-12,6.436719243588154e-13,9.640709188775709e-14,1.286708638855302e-13,3.548977676323731e-10,1.1432980863165252e-06,4
492,04:54:30,6.642907067411822e-12,1.3976524084421387e-12,3.363300215261217e-13,1.2280787328807873e-13,1.6510089689879148e-13,1.0240136279010148e-09,1.1818214773225666e-06,4
493,04:55:00,2.6943188349040315e-11,1.7789894127847633e-12,6.795689191112467e-13,1.3946434388071e-13,2.5386666815847544e-13,1.979911895327078e-09,1.243915456490817e-06,4
494,04:55:30,7.142343043403348e-11,3.1079081225106488e-12,8.639576748614561e-13,1.9632494962151612e-13,3.453213610368098e-13,4.3338500881347595e-09,1.247155309176088e-06,4
495,04:56:00,3.709878037425863e-11,2.7341655590166077e-12,6.025084458435318e-13,1.2939695468127433e-13,2.7057655758688545e-13,2.3230825461199445e-09,1.3501631021852467e-06,4
496,04:56:30,1.1050315298757606e-11,1.9350825671882207e-12,6.430247755222361e-13,1.6679458640192992e-13,2.7654941866437195e-13,1.2176975463572013e-10,1.427387586438485e-06,4
497,04:57:00,1.7031989915026537e-11,1.702792900589699e-12,5.11864076827119e-13,1.4313083093119964e-13,3.0226416643480184e-13,7.632008868205213e-10,1.7595865700583822e-06,4
498,04:57:30,4.7254088067611226e-12,1.7296284261301029e-12,5.765051783998694e-13,1.145227960423168e-13,1.759766041571824e-13,2.37121582085048e-10,1.16406638947844e-06,4
499,04:58:00,2.9280179698478497e-11,2.2373543107988114e-12,7.926140421981084e-13,1.4104751630309375e-13,2.4116895715767257e-13,1.4161729815308641e-09,1.1499708442550608e-06,4
500,04:58:30,1.8682108401991937e-11,1.848951702297131e-12,4.4005284837535963e-13,1.2136665537965242e-13,2.4256967094086677e-13,1.0240254269313578e-09,1.151230743006584e-06,4
501,04:59:00,1.0459058526358275e-11,1.583213230719985e-12,7.816466734569292e-13,1.727779284295057e-13,3.2399245238245143e-13,2.818437299252455e-09,1.5027786475337624e-06,4
502,04:59:30,8.21796600855868e-12,2.3310425051450428e-12,6.044645237134583e-13,1.1707288012837934e-13,1.6730592327720093e-13,1.2787248001558295e-10,9.22125292339914e-07,4
503,05:00:00,6.3194912074308e-12,1.2919702100294013e-12,5.057753834479481e-13,1.8428755288059162e-13,3.4134375863190256e-13,1.1885977125377226e-10,1.321262950301677e-06,4
504,05:00:30,2.1027286289808328e-11,4.166012900959765e-12,9.629705058127292e-13,1.351020779383532e-13,2.867736033483922e-13,5.874215021541836e-11,9.405631127469248e-07,4
505,05:01:00,2.3875438106096362e-11,1.0053323322705519e-11,7.807312365969949e-13,1.320773299234756e-13,2.726511969103113e-13,8.199530750858709e-11,9.440356242729018e-07,4
506,05:01:30,1.3088310233040753e-11,3.994050097778818e-12,5.026693303111298e-13,1.1144092242301958e-13,2.367294620375507e-13,6.62945916995336e-11,8.466728602433022e-07,4
507,05:02:00,1.2551270671803792e-11,3.306986178953279e-12,6.083387303009349e-13,1.0971887645088158e-13,2.630533872567186e-13,4.268540918496569e-11,1.107758810796982e-06,4
508,05:02:30,1.1238396933578764e-11,2.857263243170695e-12,1.3677998352910503e-12,3.5105899447068797e-13,6.833697426900807e-13,8.481544661719615e-10,2.412704383980029e-06,1
509,05:03:00,1.2476761204349404e-11,3.821606562691176e-12,8.41306890254676e-13,1.488464780408047e-13,5.433891585276766e-13,7.057792663506172e-11,1.4208194778605876e-06,1
510,05:03:30,3.7947113846825e-11,4.6396294322253255e-12,1.2209512177051476e-12,1.9702255155911465e-13,4.127323878069118e-13,6.810138290019203e-11,7.800522372673658e-07,1
511,05:04:00,3.100542901398388e-11,5.638049501204382e-12,1.1700692879164623e-12,1.545207826040368e-13,3.652944872476702e-13,6.726043209020575e-11,7.674692645179474e-07,1
512,05:04:30,3.1463278342852443e-11,2.930513539267453e-12,9.818241494093061e-13,1.7397800911835078e-13,3.535933759569118e-13,6.504446853772289e-11,1.0118128119751138e-06,1
513,05:05:00,1.3066987842172349e-11,2.2158216271629374e-12,6.585157494765234e-13,1.3851378503920396e-13,2.960007132137328e-13,7.434137997497941e-11,8.806742536174198e-07,1
514,05:05:30,2.4101443901272407e-11,8.400818048935469e-12,8.902054028809691e-13,1.43686885753016e-13,3.4186323213500754e-13,5.1151714054101496e-11,8.095687043777651e-07,1
515,05:06:00,2.058942972934643e-11,5.811874392729048e-12,9.385666422143606e-13,1.0924078100537635e-13,2.946483893708369e-13,8.040650117069956e-11,8.426176248559054e-07,1
516,05:06:30,3.4864489737666826e-11,3.646295833593323e-12,1.0292611034102304e-12,4.726193815349291e-13,1.2175892299020496e-12,2.80311766249657e-10,2.0309826352848643e-06,2
517,05:07:00,6.358220919463119e-12,2.8589109715047695e-12,1.4959739519774328e-12,3.544797169024414e-13,5.726512556531418e-13,7.972790519563236e-10,2.8242777256822395e-06,0
518,05:07:30,7.76854475229875e-12,3.040236703956594e-12,1.1793535939971057e-12,2.6721690114066664e-13,4.817878758102989e-13,5.016480644073525e-10,2.5248944724691415e-06,0
519,05:08:00,2.0027815336077983e-11,2.4794564304427006e-12,6.526516847909913e-13,1.0881254561107865e-13,2.7432239707378977e-13,1.6009453550595332e-10,1.6025104649366795e-06,1
520,05:08:30,9.8654226455341e-12,2.009289993494495e-12,6.019732275863585e-13,2.855452999171044e-13,6.129496645571706e-13,9.764882076949243e-11,1.6300458540334897e-06,2
521,05:09:00,1.59116692292411e-11,1.8259666902204713e-12,4.5018108359621004e-13,2.4151081004312087e-13,8.699816869832769e-13,7.078059444477364e-11,1.5596715834186693e-06,2
522,05:09:30,2.1711113338852452e-11,2.799681578586437e-12,1.3712950570839071e-12,2.6639373925648105e-13,9.009755774194655e-13,2.9003715206496565e-10,2.185144243486769e-06,2
523,05:10:00,1.1737993155198631e-11,1.710399021314363e-12,5.47733915481757e-13,1.4895459249720728e-13,4.2599957179893655e-13,1.242630389280658e-10,1.4461149567894504e-06,2
524,05:10:30,1.3601482396361547e-11,1.9808647475593293e-12,6.159531200002943e-13,2.254086058030869e-13,1.1919546056341426e-12,7.221934830090532e-11,1.3339708709416381e-06,2
525,05:11:00,1.3628667241704615e-11,2.206149581467934e-12,6.288169087330054e-13,1.9893893649183117e-13,8.628878837955701e-13,7.543108275094649e-11,1.2984947294378948e-06,2
526,05:11:30,2.6543422150773306e-11,4.168638444728518e-12,1.884575880736643e-12,1.7867465990350068e-13,5.136548231174016e-13,1.752999374266118e-10,1.950538748415765e-06,2
527,05:12:00,9.739029029682538e-12,9.182662047699787e-13,3.094010351207169e-13,9.329207827152783e-14,2.1648219111747206e-13,9.122797752625513e-11,1.1329644914306585e-06,2
528,05:12:30,1.5529709736265586e-11,3.09977322746507e-12,5.59412288996496e-13,2.7792741898949997e-13,1.170444575703532e-12,6.583148838957475e-11,9.390638747677984e-07,2
529,05:13:00,1.5186658618051435e-11,1.6030630722789567e-12,7.011661653859135e-13,2.8423776143289897e-13,1.6131936340109287e-12,8.586252991736623e-11,8.617524966620715e-07,2
530,05:13:30,1.5613920005925175e-11,3.6296238184024565e-12,9.273474205998965e-13,1.5600101276318404e-13,5.474594106121043e-13,6.619785458633743e-11,1.0149966605798305e-06,2
531,05:14:00,2.0674613166724574e-11,2.944645568928472e-12,7.084026447761529e-13,1.5248052607896487e-13,5.464193333998794e-13,8.076114814068586e-11,8.188929411352998e-07,2
532,05:14:30,3.144684728453504e-11,3.5940123313985818e-12,5.677577314454317e-13,3.005518243991985e-13,1.1476664343857472e-12,8.049110880570644e-11,8.749507408491294e-07,2
533,05:15:00,4.040299515356687e-11,6.0484384479728715e-12,9.036250524430903e-13,1.7530537742582682e-13,5.493914379788147e-13,9.805108810776404e-11,7.37130803016153e-07,2
534,05:15:30,3.035052266390861e-11,3.962752572414603e-12,6.835638832288868e-13,1.6165321713688034e-13,7.80553701558152e-13,1.1191851556850477e-10,7.099135392813069e-07,2
535,05:16:00,1.8032805889823674e-11,2.4974181899286005e-12,8.225505058062067e-13,1.485035826113379e-13,5.411425218228317e-13,9.145058180718791e-11,7.103929625083656e-07,2
536,05:16:30,3.8211101488789786e-11,4.154898863382943e-12,7.932077176799289e-13,2.4250223609001966e-13,1.2434437424558696e-12,1.369746333583539e-10,7.395172597569846e-07,2
537,05:17:00,3.3518793644692703e-11,4.072577519421878e-12,6.452637376519116e-13,1.3392491407927104e-13,4.303459420908907e-13,1.486351638015912e-10,9.63738837962997e-07,2
538,05:17:30,3.594193508279019e-11,4.068766431580961e-12,6.86384399876199e-13,1.5766772008474636e-13,5.381952623543489e-13,1.3041435753613165e-10,8.364457793577362e-07,2
539,05:18:00,4.840555713322874e-11,5.551808819939438e-12,8.009283863307915e-13,2.0898473845112648e-13,1.0847359129198246e-12,2.529555728776954e-10,8.090828219212836e-07,2
540,05:18:30,5.322003928074153e-11,3.5187895000803487e-12,7.7030443514111e-13,1.819821912089434e-13,6.066056524483308e-13,1.7851069553777773e-10,8.124809650842673e-07,2
541,05:19:00,5.7496584230926804e-11,4.199483710702845e-12,6.623033959571918e-13,9.326727214765074e-14,3.1887026263314395e-13,1.9563541851303152e-10,8.159371195106631e-07,2
542,05:19:30,5.140374827095195e-11,5.523428657909897e-12,5.441987977398441e-13,1.0093422497257394e-13,2.8871536179566753e-13,2.3019179261871053e-10,8.462861641372864e-07,2
543,05:20:00,5.955184259854154e-11,3.692169947087588e-12,6.712074261670942e-13,1.315700567219697e-13,4.0609385054032816e-13,3.2495287177810694e-10,7.965474155804865e-07,2
544,05:20:30,9.134554924031646e-11,3.4972727961601792e-12,7.542358619604074e-13,1.0127960228571623e-13,2.427626128451202e-13,2.426714907382167e-10,9.293102085775701e-07,2
545,05:21:00,7.28772340164333e-11,6.514101497781905e-12,7.485065952558795e-13,1.4800820316318245e-13,5.32252724221263e-13,2.6918295053146774e-10,9.314537512034971e-07,2
546,05:21:30,8.874865430339696e-11,7.031069041656307e-12,1.1430684609819475e-12,3.4889992810457834e-13,5.726956033163622e-13,1.881443229971797e-09,2.462136774304903e-06,0
547,05:22:00,5.2592632243285363e-11,4.683591322133661e-12,1.787694796118714e-12,2.5221989299112686e-13,5.688121729102778e-13,7.087351904814265e-10,2.7186049656610082e-06,0
548,05:22:30,4.735095819558105e-11,3.681206028832292e-12,6.969466367497596e-13,1.2332052680599574e-13,2.466091829475117e-13,6.212536572205211e-10,2.6395445168751278e-06,1
549,05:23:00,3.4641251787470173e-11,3.723977933644297e-12,1.6754164591185435e-12,2.784540206217114e-13,7.090214305455005e-13,1.8327118078048833e-09,2.7671676162630497e-06,0
550,05:23:30,1.6775889307793102e-11,2.3187617030040864e-12,4.79100636880824e-13,1.5672294530473607e-13,4.50641931371397e-13,1.1413517852422495e-10,1.5024970873350675e-06,1
551,05:24:00,5.186362459150828e-11,2.4971684847771083e-12,7.911432623735244e-13,1.3837342320490905e-13,3.9732358951458527e-13,1.9602620730995885e-10,1.5559376245063293e-06,1
552,05:24:30,1.4820291457243174e-11,2.30470517735736e-12,5.772986353903655e-13,1.3874582131257593e-13,3.5440383212559635e-13,9.991455710266115e-11,1.5248146985427772e-06,2
553,05:25:00,2.0045678704276654e-11,2.318014281098493e-12,9.081953767590609e-13,2.9639645244708873e-13,1.4227793623493927e-12,7.871360554052126e-11,1.4703927673349887e-06,2
554,05:25:30,2.795746208451944e-11,2.645538892153424e-12,6.450349714175754e-13,1.1394783148995947e-13,3.9772888781004135e-13,7.00406000329218e-11,1.4635838504795065e-06,2
555,05:26:00,2.4139880912579064e-11,2.5525552331337145e-12,5.362136341820072e-13,1.63687287153301e-13,6.555096742085641e-13,7.209470399999998e-11,1.4736674844454506e-06,2
556,05:26:30,1.9460330598047524e-11,2.354503609463517e-12,7.220728407106847e-13,2.382095600984529e-13,1.3361446973836526e-12,8.759541974891631e-11,1.4113847965920032e-06,2
557,05:27:00,3.7942046854538466e-11,5.725652739587125e-12,8.056643661220525e-13,1.8341430958326396e-13,8.665596083132745e-13,1.236474739981344e-10,1.4755961533725673e-06,2
558,05:27:30,3.5290335152088976e-11,4.7560980717619276e-12,5.063714096992332e-13,1.6168261198409428e-13,7.17975701371848e-13,9.848885443599449e-11,1.4573805553894095e-06,2
559,05:28:00,5.5420029090039597e-11,3.9777268814149125e-12,7.834751516442497e-13,1.594001360089093e-13,6.515795372707104e-13,1.3161110116784633e-10,1.4590854699011425e-06,2
560,05:28:30,3.994696020813621e-11,3.740541289423752e-12,7.319249635506198e-13,9.031791374532605e-14,3.161748375283859e-13,1.2443437062584362e-10,1.475354232770443e-06,2
561,05:29:00,4.6432916653162535e-11,4.506862099942808e-12,6.786076181107318e-13,2.1864317807319782e-13,9.584183028594173e-13,1.399345193578052e-10,1.4795666843774733e-06,2
562,05:29:30,4.422526461002789e-11,4.392450530247777e-12,7.061596229634186e-13,1.1487999729290492e-13,4.104944890316067e-13,1.8859485072834014e-10,1.4217689791026626e-06,2
563,05:30:00,3.9181936666830456e-11,3.71760052468035e-12,7.492506061587318e-13,1.59503486897383e-13,6.749874463179515e-13,2.0851798381212616e-10,1.5230153479150132e-06,2
564,05:30:30,7.56030415990982e-11,5.976803794851807e-12,5.960572108750881e-13,1.310622807318731e-13,4.89251643218444e-13,2.748827032210699e-10,1.4278258924416983e-06,3
565,05:31:00,6.534706083735713e-11,5.152326212502406e-12,7.659084999706383e-13,1.141329452098639e-13,4.839212762460762e-13,2.935344735234019e-10,1.4665208095463837e-06,2
566,05:31:30,1.1614741914910401e-10,6.117901925550878e-12,6.931266948247357e-13,1.205570373172851e-13,4.864314689673534e-13,3.0101945977481474e-10,1.43120613573006e-06,3
567,05:32:00,6.460852906735867e-11,3.886049455721906e-12,6.278535043585687e-13,1.5518234554285412e-13,4.568393939080189e-13,1.9887229469827157e-10,1.2867970479509477e-06,2
568,05:32:30,1.6504236402376433e-10,8.235683781653691e-12,1.1857389594723824e-12,1.2327455977382517e-13,4.871671172559056e-13,3.960074952847187e-10,1.2076905716429714e-06,3
569,05:33:00,6.600308454350006e-11,5.512101268181987e-12,7.454487634517051e-13,1.0097289192752342e-13,3.274853981577352e-13,3.096334584722084e-10,1.1588144620484005e-06,2
570,05:33:30,9.856573122939205e-11,3.9965477279046575e-12,5.675614372042487e-13,1.2417379514812528e-13,4.907025576286328e-13,3.5928969248921804e-10,1.0515527099700716e-06,3
571,05:34:00,1.5677317192099674e-10,6.16470882102047e-12,5.626888603298463e-13,1.1778914681568618e-13,4.988916404738575e-13,3.4141813908345677e-10,1.0584223407883745e-06,3
572,05:34:30,6.80589548059691e-11,3.86920801279846e-12,5.301653404268609e-13,7.642237016635494e-14,2.2501998832023344e-13,2.8681139829267486e-10,1.1146404055923626e-06,3
573,05:35:00,9.878767990657978e-11,8.054501005010853e-12,8.420863603452052e-13,1.0955576541885345e-13,3.292603234680528e-13,5.705375899862825e-10,1.1254521877677421e-06,3
574,05:35:30,1.571071639266069e-10,5.285562789147651e-12,5.453222604226125e-13,6.806617259210149e-14,2.1590298553978198e-13,4.671663050164059e-10,1.0857607413889978e-06,3
575,05:36:00,1.0003858395340335e-10,4.17746420418478e-12,4.805386646968709e-13,1.1285919307460303e-13,3.390152855812244e-13,2.8979512346315495e-10,1.1585357596791752e-06,3
576,05:36:30,1.3084571273417493e-10,4.997476920499466e-12,6.428817395667029e-13,1.1963841692379494e-13,4.1370273943698074e-13,3.606078343155007e-10,1.1273872951495182e-06,3
577,05:37:00,1.5817906778809297e-10,4.223540278181471e-12,5.765206094841083e-13,8.053739829222347e-14,2.2327535074126225e-13,4.559766361176405e-10,1.0954825745769347e-06,3
578,05:37:30,1.1692392608029745e-10,5.68855134903397e-12,8.058995773453562e-13,9.711483628214037e-14,3.8483242527440346e-13,4.0227953106150884e-10,1.0914435358479925e-06,3
579,05:38:00,1.3307623615007294e-10,6.51978779282688e-12,6.385468735116171e-13,1.2233407294862366e-13,4.29657279328234e-13,4.430744182674348e-10,1.0531919481674622e-06,3
580,05:38:30,1.1939941212362604e-10,3.9361487565511465e-12,7.003985542805087e-13,1.1643686262322208e-13,4.135650044856902e-13,3.588208989857887e-10,9.90799095267593e-07,3
581,05:39:00,1.17731803877516e-10,4.128909987383568e-12,7.429106944221649e-13,1.057903101667061e-13,3.758067539837504e-13,4.52896787962908e-10,1.0878904934961728e-06,3
582,05:39:30,1.237227029006714e-10,4.591352069132199e-12,5.910199829300004e-13,1.331034663758212e-13,4.765560119483724e-13,5.648234578093826e-10,9.822480631132884e-07,3
583,05:40:00,1.4312731801328862e-10,7.20134811879115e-12,4.881371221461921e-13,9.404639859728959e-14,3.3752285453880494e-13,3.4878127442436207e-10,1.027133451761299e-06,3
584,05:40:30,1.0699850967006596e-10,3.945890819145335e-12,7.647096251617765e-13,1.0123461375496467e-13,3.8350736900994554e-13,3.6164272258436207e-10,9.6692173189204e-07,3
585,05:41:00,1.0283921859874345e-10,5.4507420872211855e-12,7.256626801597668e-13,1.1542595219313142e-13,2.7708161908667755e-13,4.570950315289986e-10,1.0878204738954797e-06,3
586,05:41:30,9.508986242328731e-11,5.422607218786587e-12,5.641600823990574e-13,1.2155086972504538e-13,4.870743023844065e-13,3.988003818710561e-10,1.134879154454158e-06,3
587,05:42:00,1.582903579787795e-10,4.3462517762002175e-12,5.851211192354111e-13,1.0201153605186343e-13,3.4923537186315854e-13,5.878759704526748e-10,1.1014277611143215e-06,3
588,05:42:30,8.976226484615042e-11,3.525642735074897e-12,6.283476808030267e-13,1.0105658464283251e-13,3.42805523398239e-13,5.190196860468587e-10,1.0190060130454086e-06,3
589,05:43:00,1.8531158435669906e-10,6.034131407105953e-12,6.576653979915888e-13,1.174002582915596e-13,3.6555069800952324e-13,4.713848726255143e-10,9.964750550527434e-07,3
590,05:43:30,1.9842075611253272e-10,5.655874594958316e-12,5.901044056814546e-13,1.040303721944475e-13,3.210861951151048e-13,4.4662546359308634e-10,9.733236749805727e-07,3
591,05:44:00,1.0239545954464252e-10,3.3956670301051383e-12,5.504524852349938e-13,8.333620813681976e-14,3.536056691726468e-13,4.3967482521262e-10,9.603915705711622e-07,3
592,05:44:30,1.3465441062199918e-10,4.093824699355231e-12,5.450868428056945e-13,7.786745441648973e-14,2.628872347173403e-13,4.4274905469168717e-10,9.787617887337712e-07,3
593,05:45:00,1.6931777405103475e-10,5.181740805585491e-12,8.331985380623288e-13,1.3023853072094607e-13,4.916912538732353e-13,5.899797876332509e-10,1.0174461427282735e-06,3
594,05:45:30,1.6383524243347253e-10,4.064700435051414e-12,7.098994674375056e-13,1.363334879347516e-13,4.842102075714072e-13,6.332043570699587e-10,1.0308905357256404e-06,3
595,05:46:00,1.5081748773224815e-10,7.156967249225573e-12,1.0168595295867649e-12,1.3056033879556726e-13,4.3352785040947207e-13,4.4003937026809316e-10,9.201996632050506e-07,3
596,05:46:30,1.3347707709852553e-10,4.003346452514651e-12,5.702914344786976e-13,9.46361162384147e-14,3.6109443457910436e-13,4.722244931193414e-10,9.658346788369917e-07,3
597,05:47:00,1.7846495805741458e-10,4.983404809987503e-12,4.662241357913467e-13,9.440392540074111e-14,2.9585773434923463e-13,6.15205043173443e-10,9.61310385560106e-07,3
598,05:47:30,1.1219814953664355e-10,5.504767055028641e-12,7.285956338279817e-13,1.1346973862668374e-13,3.9359188266554697e-13,7.564034168195335e-10,1.0552625536035593e-06,3
599,05:48:00,1.0532712615042279e-10,4.449044117443443e-12,6.26885494795505e-13,1.0152150226841636e-13,3.471681987129385e-13,4.848825480671604e-10,1.0219168134478604e-06,3
600,05:48:30,1.165046211352367e-10,3.7049705919220975e-12,4.4300193521349996e-13,8.094911607870438e-14,2.0813567127136226e-13,6.099833011796981e-10,9.217359241786599e-07,3
601,05:49:00,1.3352129669025412e-10,3.691223563781093e-12,4.2603614067241795e-13,8.687014037918459e-14,2.9147480572921046e-13,5.706136312063648e-10,1.0253025005739367e-06,3
602,05:49:30,1.4494913466959762e-10,4.197125843043289e-12,4.799122055647854e-13,1.2103710425420865e-13,3.938038743370217e-13,4.81483746435336e-10,1.0248416361367342e-06,3
603,05:50:00,1.610048172474467e-10,4.8711923191488476e-12,5.569308755497437e-13,1.1121263594852153e-13,3.850901067788742e-13,4.676241614476817e-10,9.6930777097794e-07,3
604,05:50:30,8.724465002676588e-11,3.5081056842213897e-12,4.5071185910785855e-13,1.022296898024352e-13,3.526477787209253e-13,5.156304666855417e-10,9.922879037115416e-07,3
605,05:51:00,1.310697847078249e-10,3.509098000531809e-12,4.4366365323291005e-13,8.211117816566832e-14,2.3864612492183394e-13,4.666021191629081e-10,9.934872229976103e-07,3
606,05:51:30,1.6336960107936193e-10,5.245685361689357e-12,6.286429170551985e-13,1.1277222185491982e-13,2.2034361197297605e-13,9.51239455780521e-10,1.0862492820715323e-06,3
607,05:52:00,1.2455597658927327e-10,2.9868360510151376e-12,6.04529351383733e-13,9.520894118354218e-14,3.782989296808169e-13,5.437881554796159e-10,9.639849948207705e-07,3
608,05:52:30,2.2749327233625692e-10,7.314224129839901e-12,6.703153023678455e-13,1.0452631691379815e-13,3.6512816684986004e-13,5.305484988047187e-10,1.0534166182756293e-06,3
609,05:53:00,1.5114450446109686e-10,5.503439330205598e-12,5.740821594767135e-13,1.0295325402510025e-13,3.7488864416733504e-13,5.159536534430726e-10,1.0495888010457123e-06,3
610,05:53:30,1.6254347323050326e-10,5.491995003718324e-12,5.980142373028078e-13,9.378267048651115e-14,3.304366883739431e-13,5.428962605159945e-10,1.0468406596379645e-06,3
611,05:54:00,1.2451822971212608e-10,3.878810940745845e-12,5.256433613866106e-13,8.198070112410513e-14,3.0646694043468637e-13,4.4654739682304527e-10,1.0214341033463194e-06,3
612,05:54:30,1.522876233193927e-10,5.3730177782005876e-12,5.613815946635768e-13,1.353852319365463e-13,3.523943817478365e-13,4.400954918274896e-10,9.568918155714567e-07,3
613,05:55:00,1.7130375287192027e-10,4.348200644377361e-12,6.422897668991551e-13,1.125923725362147e-13,3.6307732040926284e-13,5.073689336517968e-10,9.18765781080405e-07,3
614,05:55:30,1.2316313785584859e-10,5.141318022034059e-12,6.975404503074308e-13,7.028881623208877e-14,2.2364910032870385e-13,5.162027429741563e-10,9.628489496393357e-07,3
615,05:56:00,1.9102582836058233e-10,4.60120167095206e-12,6.512615455059725e-13,1.0099316640466398e-13,3.442863734177967e-13,4.1830187386008217e-10,9.691878796140503e-07,3
616,05:56:30,1.6343228448337542e-10,5.54763854082844e-12,7.977960479401561e-13,8.473821876059592e-14,3.435821525830968e-13,6.029505073512207e-10,1.018988756965263e-06,3
617,05:57:00,2.086061159896329e-10,5.304265568544812e-12,6.260213449780334e-13,9.368793875198988e-14,2.5518519063354226e-13,5.706843362633744e-10,9.470665636755374e-07,3
618,05:57:30,1.7410084701001765e-10,3.97340906024385e-12,5.807308866137313e-13,8.97099162954271e-14,3.651549441015438e-13,5.069937146502057e-10,9.759023693917456e-07,3
619,05:58:00,1.2680037874448945e-10,5.003108584606028e-12,5.590323099531645e-13,1.1074291196451577e-13,3.343048359912084e-13,5.219853524271055e-10,9.320788854278481e-07,3
620,05:58:30,1.516364847891682e-10,4.719018757148062e-12,6.808847014904462e-13,1.1408976698137894e-13,3.5651751787009946e-13,5.022256397324553e-10,1.0021210172731944e-06,3
621,05:59:00,1.6108242620779606e-10,5.5722605861423865e-12,5.746045078538586e-13,8.133216059456811e-14,2.9712419268076833e-13,5.863448377406858e-10,1.0559062158913445e-06,3
622,05:59:30,1.460207243745307e-10,5.161105270775788e-12,8.746621895274369e-13,1.2571089405439299e-13,4.0318161606952984e-13,6.282447014081755e-10,1.001804607573998e-06,3
623,06:00:00,1.2344427060128763e-10,4.490575165383545e-12,5.205869762821582e-13,8.668467850617774e-14,2.32027974104394e-13,3.945467087925377e-10,9.402783725277594e-07,3
624,06:00:30,1.3832457961466016e-10,4.688029255779941e-12,6.157978069306055e-13,3.925211682613555e-13,7.12016932657709e-13,1.004390724199945e-09,1.6414317814157124e-06,3
625,06:01:00,1.5696881306566721e-10,6.869841421331222e-12,7.273379738835213e-13,7.914802194115385e-13,5.873664727082771e-13,1.7498196971875993e-09,2.907920873627927e-06,3
626,06:01:30,1.5293621656709813e-10,4.335442740665197e-12,5.457976617547918e-13,1.8875957124466995e-13,3.1683516850654544e-13,1.3307757267224143e-09,2.7843242249956724e-06,3
627,06:02:00,9.655955103801225e-11,4.6549743886341616e-12,6.775746403906249e-13,1.6516761636241736e-13,2.614764966533256e-13,9.38848064782222e-10,2.798200069607694e-06,3
628,06:02:30,7.553811704958516e-11,5.958719380940393e-12,1.6408448578017006e-12,2.8361161025311095e-13,4.955377816930025e-13,6.75229705389827e-09,2.943609787082308e-06,3
629,06:03:00,8.77663650741669e-11,4.793058760370072e-12,8.174420907381687e-13,1.225045633934772e-13,2.4656217429200126e-13,4.473673680057063e-10,2.818527385984193e-06,2
630,06:03:30,3.805298068198764e-11,5.652564600679329e-12,1.0867086572166498e-12,2.2721639935569694e-13,2.7674966979327086e-13,8.528404176162411e-10,2.5474106938361923e-06,2
631,06:04:00,3.680090387255167e-11,4.2163111432659025e-12,6.947833168827302e-13,9.459585770188098e-14,2.1924144957703385e-13,5.125325761262002e-10,2.473812200751508e-06,2
632,06:04:30,3.2383449479589486e-11,3.705055251256927e-12,9.177682116558244e-13,1.0052341110775448e-13,3.2918147530593925e-13,3.9864328837772284e-10,2.143549683295746e-06,2
633,06:05:00,5.701703243743532e-11,5.923375850167922e-12,1.3050448132251678e-12,1.7243460535863636e-13,4.565377202096554e-13,2.99736818399122e-10,2.5555887347459685e-06,2
634,06:05:30,2.808477290487648e-11,4.395171086107242e-12,8.680814857176181e-13,1.1626562427795485e-13,4.4393400981260636e-13,2.391322019783813e-10,2.2602076934769717e-06,2
635,06:06:00,4.8487176644814426e-11,6.272178408177345e-12,1.355029297181106e-12,1.9985293389795347e-13,5.747471952714332e-13,4.583419966472427e-10,2.571089878928923e-06,2
636,06:06:30,5.2015285953723004e-11,1.7571532040859772e-12,4.85681869956013e-13,1.6503733976059873e-13,8.229173891233171e-13,1.646228079563237e-10,2.6998728615657052e-06,2
637,06:07:00,1.8430520833775156e-11,3.516464189411695e-12,6.258232850351937e-13,1.4262879830690223e-13,6.273745616678824e-13,1.126467080287517e-10,2.70666796582391e-06,2
638,06:07:30,4.080652670420102e-11,4.089361309976637e-12,1.1958788820203825e-12,2.3234469806319106e-13,1.3226087378596558e-12,1.751489032945953e-10,2.584327807120674e-06,2
639,06:08:00,5.7387199760294885e-11,4.41178586049605e-12,1.0164616746735248e-12,1.1134475184670928e-13,3.294633441586583e-13,2.8026655682545946e-10,2.600908732216557e-06,2
640,06:08:30,3.591797169731967e-11,3.529407770848649e-12,4.592914775977256e-13,1.5296250965310472e-13,4.660709403433891e-13,1.2455690139368996e-10,2.407252146199911e-06,2
641,06:09:00,3.349681152374457e-11,4.4617209628099636e-12,1.0419093721694829e-12,1.6173359035843896e-13,7.917334269381447e-13,9.275365162117968e-11,2.491773297307389e-06,2
642,06:09:30,5.6593875898913556e-11,6.550345521573959e-12,1.6184875649708837e-12,1.9251510256632237e-13,6.989693843484485e-13,3.2520501591352527e-10,2.5783765489508112e-06,2
643,06:10:00,2.5761853484923558e-11,2.3027815684078593e-12,6.443092728866332e-13,1.0597094505058826e-13,4.115575370753797e-13,1.0312564327155005e-10,2.630938868537852e-06,2
644,06:10:30,5.604385306396559e-11,3.974462669740343e-12,1.8909881841488373e-12,1.5672897922195248e-13,2.9338150234266543e-13,8.101680942509739e-10,2.8259372220060106e-06,2
645,06:11:00,1.8076380407101896e-11,1.8335210231143823e-12,5.936214268948035e-13,1.1386696742175273e-13,3.87116143852828e-13,1.4771650551023315e-10,2.539402076402113e-06,2
646,06:11:30,3.3849910189895974e-11,3.3093445312180628e-12,8.858268648906958e-13,1.553262236528258e-13,7.159812626631713e-13,1.7710922434106992e-10,2.020072694910562e-06,2
647,06:12:00,2.473548496708871e-11,2.58356180202273e-12,9.151465573162585e-13,1.3707615286602255e-13,5.243203651487239e-13,1.1140563907950613e-10,1.8475190808852126e-06,2
648,06:12:30,4.1417099555685185e-11,4.161597287833569e-12,8.000614422746923e-13,1.9269066854789454e-13,1.0914588666572183e-12,1.0817339280241424e-10,1.7980747303666105e-06,2
649,06:13:00,2.6090076760833873e-11,2.7707213186682807e-12,6.888260528601552e-13,1.139478075305158e-13,4.928643165935704e-13,9.68315496030727e-11,1.8084664412181714e-06,2
650,06:13:30,3.457071167849306e-11,3.692881296942188e-12,9.091807911162021e-13,1.4974873509298545e-13,7.552336359434677e-13,8.877822407440328e-11,1.70126995870049e-06,2
651,06:14:00,3.7536468085313454e-11,3.870391044882861e-12,6.674502539952707e-13,9.990210675617218e-14,4.0109526873567093e-13,1.3183559215912204e-10,1.5326010043863059e-06,2
652,06:14:30,5.227747395044351e-11,4.8841465726562964e-12,6.839155946031396e-13,9.447060172550507e-14,3.4952642070640925e-13,1.2822193106962962e-10,1.624386319401255e-06,2
653,06:15:00,7.34515192785161e-11,6.8374547584821136e-12,1.1067166999986787e-12,1.6097071976765824e-13,6.658833240417188e-13,1.326387386785185e-10,1.5938202763842336e-06,2
654,06:15:30,4.7081242481176675e-11,4.451009102201598e-12,6.063553460651969e-13,8.635859669102838e-14,2.8791861312159327e-13,1.8928114567879286e-10,1.6257253419886123e-06,2
655,06:16:00,3.063049464479936e-11,4.014494880712007e-12,6.730428715976764e-13,1.400735749770153e-13,7.672464039996847e-13,1.2551016891171465e-10,1.8014538062214728e-06,2
656,06:16:30,9.423320535299554e-11,1.0221790715767673e-11,2.353498758974982e-12,1.8998058414219485e-13,6.921750736489911e-13,4.227317638628257e-10,2.2362725006314426e-06,2
657,06:17:00,7.521058693607802e-11,6.964900839270561e-12,1.6511648314686505e-12,2.384016484429169e-13,3.9356784826127663e-13,8.904150081000823e-10,2.784280331041511e-06,2
658,06:17:30,5.784043505251682e-11,2.5785287774731214e-12,5.684762110428448e-13,1.1479238883522354e-13,3.94533003903016e-13,2.6606522624965703e-10,2.5816652605557857e-06,2
659,06:18:00,3.810080112521801e-11,6.601525684832854e-12,6.548752049086249e-13,1.223728358502051e-13,5.195425905280248e-13,1.6050499260224963e-10,1.8447828334142933e-06,2
660,06:18:30,3.241671908152945e-11,3.0254855200012935e-12,7.148497042828991e-13,1.6795246445216875e-13,7.652116917289398e-13,1.2450448503023317e-10,1.2041186425647564e-06,2
661,06:19:00,6.051150777108379e-11,4.611839643613797e-12,7.569781601043924e-13,1.4140494614854838e-13,5.387182157358642e-13,1.2045141843928668e-10,1.1842572427051892e-06,2
662,06:19:30,8.381224588039874e-11,5.625318326542825e-12,1.770937431645187e-12,1.3980471910180068e-13,3.6654166741436854e-13,6.021779460731962e-10,2.2923750567957574e-06,2
663,06:20:00,1.85140176528373e-11,2.6278577719518637e-12,6.379079737973555e-13,1.1552083969262977e-13,2.917785501599461e-13,1.4991331748148146e-10,2.47341189436092e-06,2
664,06:20:30,3.5230751916336974e-11,3.783722613245095e-12,7.119594299447779e-13,1.8959902751841553e-13,7.600808398855156e-13,9.938014613245539e-11,1.6942384352652975e-06,2
665,06:21:00,4.9434627518184955e-11,6.4723820577050896e-12,1.1801560631692956e-12,1.5741455850188937e-13,6.8603607846987e-13,2.729519703361316e-10,1.7990181756940927e-06,2
666,06:21:30,3.8876637270556655e-11,4.105690666380899e-12,1.966253400010404e-12,2.4075130925839006e-13,3.3290125011267765e-13,1.1610747476376403e-09,2.8571130366629252e-06,1
667,06:22:00,2.0495893746349697e-11,2.01822445969105e-12,5.321267234234669e-13,9.78053371527832e-14,2.8066929134743256e-13,1.9315588223736622e-10,2.6230727843073276e-06,1
668,06:22:30,1.8862241631498228e-11,3.063285308248771e-12,6.000090538215865e-13,2.2553832587677332e-13,9.510746702242382e-13,6.377085141838133e-11,2.2651000856734724e-06,2
669,06:23:00,3.534783628681392e-11,2.7954924648649668e-12,4.972140022271106e-13,1.2983222478634078e-13,6.328829137477369e-13,8.672854874052125e-11,1.819851929668022e-06,2
670,06:23:30,5.151846007427242e-11,6.128861451748072e-12,1.7202460478384292e-12,1.1666358389295904e-13,4.167468615588685e-13,3.6596578203566517e-10,2.27186380026556e-06,2
671,06:24:00,3.747102041452077e-11,3.5001388485697137e-12,9.014378202008639e-13,2.004482407319632e-13,3.2694736963962243e-13,3.26598037067764e-09,2.850335319995688e-06,0
672,06:24:30,5.22233223053465e-11,2.6933626273101903e-12,9.256737578280643e-13,1.6305487690339447e-13,7.27729627809915e-13,2.1268297871604935e-10,2.7438812850757598e-06,1
673,06:25:00,5.1212978254964785e-11,3.891284257338026e-12,1.3209775451633274e-12,1.7699200925886272e-13,9.457034425700746e-13,2.243473722361591e-10,2.436332363045202e-06,2
674,06:25:30,3.39996653374265e-11,2.244434383023876e-12,5.284521443660938e-13,9.151999365485831e-14,2.200407402494641e-13,4.0965765414957464e-10,2.429336648160613e-06,2
675,06:26:00,5.345070360537515e-11,4.908096730419855e-12,1.2782592743147498e-12,1.2711020094797043e-13,3.169471615609083e-13,2.554610094871879e-10,2.735199666852025e-06,2
676,06:26:30,6.023888741052945e-11,8.196824759061829e-12,9.259678705044448e-13,3.19422445572836e-13,1.3405793454802512e-12,1.0964595073229077e-10,2.183887325695794e-06,2
677,06:27:00,3.831866249002331e-11,3.854439438698463e-12,8.83247152555829e-13,1.519770533976082e-13,3.3742854924365817e-13,3.608977938954184e-10,2.5072928474517787e-06,2
678,06:27:30,5.2573038667540475e-11,3.204486745093495e-12,9.37157391426449e-13,1.0138035312240594e-13,3.491562416382197e-13,1.563093935749794e-10,2.345232358539423e-06,2
679,06:28:00,1.6453705956304403e-11,2.469020727709977e-12,9.115873225079025e-13,1.8766950683981968e-13,7.953107527943534e-13,8.140511910364882e-11,2.293896680994582e-06,2
680,06:28:30,2.3984316214289472e-11,3.3373078359401712e-12,8.665073143218554e-13,2.2345266073673477e-13,1.2823072494561674e-12,1.0216207264834016e-10,2.0628854525356297e-06,2
681,06:29:00,4.1935800882769345e-11,4.4986013636450755e-12,6.567891120610081e-13,1.380203916410254e-13,5.944260531596383e-13,9.698395662200272e-11,1.9835839589905377e-06,2
682,06:29:30,2.6003800778285398e-11,2.5089283927630216e-12,6.832617407510206e-13,1.4041002120220034e-13,5.700305325521451e-13,1.103559808834019e-10,1.926635177891735e-06,2
683,06:30:00,3.067627659763459e-11,4.26861486893205e-12,7.337167727191562e-13,1.317958958881724e-13,6.151214913274565e-13,1.1657580329788747e-10,1.9285827170266755e-06,2
684,06:30:30,4.371364668170464e-11,4.1609239055255e-12,6.251698953826737e-13,1.0452108848047368e-13,4.084615410799806e-13,1.2202679106172836e-10,1.845312000366647e-06,2
685,06:31:00,4.3415101541208836e-11,3.9137312111242735e-12,6.109749844287942e-13,1.3928912399552473e-13,6.553279336961445e-13,1.0508953173662551e-10,1.8270497284297295e-06,2
686,06:31:30,1.6480593036487778e-11,3.1441265021276477e-12,5.879114035163923e-13,1.206363272878211e-13,4.751255116951806e-13,8.66651805127023e-11,1.8513831708728619e-06,2
687,06:32:00,3.245606402886988e-11,3.84697516937696e-12,7.84967072261482e-13,1.3127921565518724e-13,7.205208225805171e-13,1.1123771346699588e-10,1.8390800240828191e-06,2
688,06:32:30,1.3012062633775863e-10,6.168773938565169e-12,1.6569975974572271e-12,1.935868976339851e-13,3.998313554004801e-13,4.491234236573936e-10,2.543893569967439e-06,3
689,06:33:00,3.0586570029731545e-11,4.523139625229836e-12,5.630125449351755e-13,9.120282747842092e-14,2.921840712300581e-13,1.0450399249360767e-10,2.825274922628133e-06,2
690,06:33:30,5.970556431789943e-11,4.676205560367934e-12,1.0290399360327987e-12,1.4239867278286083e-13,4.817047048616388e-13,2.433583688787928e-10,2.8712316331476023e-06,2
691,06:34:00,9.425334121597906e-11,4.1319309215380806e-12,2.183898998805007e-12,2.066459231993214e-13,5.407894307532464e-13,3.5022044923434833e-10,2.6743496401006187e-06,2
692,06:34:30,4.046205655683761e-11,5.312932575300942e-12,9.159849381651523e-13,1.3548909641255024e-13,5.028519886369781e-13,2.8780551501234566e-10,2.4961126907422196e-06,2
693,06:35:00,3.4381288690767655e-11,4.622995005610038e-12,1.1552908076865264e-12,1.824327504509904e-13,7.858330415067336e-13,2.3253723988784632e-10,2.4282084350698308e-06,2
694,06:35:30,2.3873015685271985e-11,6.024592335846768e-12,1.5905018852439287e-12,2.4862231177624673e-13,4.865298005143234e-13,1.6264543652863646e-09,2.7276153187516264e-06,0
695,06:36:00,2.690936364087257e-11,1.975628516730316e-12,8.710422935379305e-13,9.17054569182951e-14,1.7191524028525532e-13,1.9493392723731134e-10,1.9582315236764632e-06,1
696,06:36:30,2.785737621679455e-11,8.961052790136352e-12,8.442480222661096e-13,1.4287819474433583e-13,5.282853787053147e-13,1.4108180666117967e-10,1.6659153612021562e-06,2
697,06:37:00,3.34902837957058e-11,7.913952555210883e-12,1.2683042564958524e-12,1.9505585183646693e-13,5.059195298735942e-13,3.0861571076126195e-10,2.5450359782286142e-06,2
698,06:37:30,2.8709445386901065e-11,6.037200986523128e-12,1.2827397386856997e-12,1.5940045800269607e-13,4.4969117596958967e-13,2.666854304623319e-10,2.5112593890999697e-06,2
699,06:38:00,3.320550240430144e-11,5.4168010116781875e-12,8.735950605883206e-13,2.404968204141107e-13,1.212556512913117e-12,8.796629786139917e-11,1.7711337906154862e-06,2
700,06:38:30,2.2845809730030174e-11,5.11101861141118e-12,1.164050670813591e-12,4.117563874938545e-13,2.283567656880513e-12,8.870884561558297e-11,1.2096445687273378e-06,2
701,06:39:00,7.86203316453019e-11,5.852957202624587e-12,1.952095198111261e-12,1.3899367000320914e-13,3.563835696452788e-13,3.1104622199308635e-10,2.444714457523291e-06,2
702,06:39:30,3.9021377269911417e-11,4.379539406932856e-12,1.1532899767700894e-12,9.878855175570474e-14,2.8252081250214616e-13,1.29709537615144e-10,2.5109216580346068e-06,2
703,06:40:00,3.7812465578466555e-11,4.193657822886188e-12,1.5713227848647567e-12,1.823128149075142e-13,6.137790186573083e-13,1.8601513027687238e-10,2.3649883374515395e-06,2
704,06:40:30,1.9522867365857854e-11,3.2986392597645017e-12,7.113214267387035e-13,1.839407451977485e-13,5.20777324819518e-13,8.524419031967077e-11,2.6452649230955045e-06,2
705,06:41:00,2.959349162956598e-11,5.9905455615863245e-12,9.489551824248734e-13,2.661421875867008e-13,1.188993641333046e-12,1.1596205186085048e-10,2.065675194925835e-06,2
706,06:41:30,8.630688318266327e-11,1.0028335498442844e-11,2.2791545877735995e-12,3.4488689581702487e-13,1.4728780625860175e-12,1.539379036003292e-10,7.915942131686536e-07,2
707,06:42:00,3.753527725008166e-11,6.587831751322707e-12,1.1115417849582421e-12,1.3510641228166684e-13,3.7533162032973276e-13,7.869667526301231e-10,7.597127625456993e-07,2
708,06:42:30,1.0645200725734108e-11,2.4955729822585787e-12,6.113444237961405e-13,1.084643223466674e-13,2.83184659238623e-13,5.521361948093279e-10,8.292516000121116e-07,4
709,06:43:00,1.176248688501028e-11,2.3076767295974115e-12,8.932886810741326e-13,1.2473048825082606e-13,2.21059710141564e-13,4.3517865841426614e-10,7.627638529864371e-07,4
710,06:43:30,1.1118296563610898e-11,1.9794993468248666e-12,4.639691422646187e-13,9.354201821849821e-14,1.9707519692512966e-13,5.7428297678134416e-11,6.878766517319976e-07,4
711,06:44:00,1.7192660846202912e-11,3.0003411818730477e-12,7.603335652389363e-13,1.1232773073095963e-13,2.704394052358836e-13,6.870070950397804e-10,8.5724926221808e-07,4
712,06:44:30,1.6276259698863444e-11,3.534265422983018e-12,9.43389952053775e-13,1.1525790237206933e-13,2.7391565606071026e-13,2.0457903008043892e-10,7.348073840387314e-07,4
713,06:45:00,1.329868547936233e-11,1.8930351255336605e-12,4.636215149246138e-13,1.0318453432874426e-13,1.7325850439242074e-13,1.447489434434019e-10,6.79288020877455e-07,4
714,06:45:30,1.0577861401312991e-11,2.6456348051244928e-12,5.671542543477006e-13,1.3210730909408963e-13,2.811330997784511e-13,3.383980822571193e-10,7.143626249572379e-07,4
715,06:46:00,2.9735120610513e-11,3.2755425526184013e-12,9.955472951654623e-13,1.387664013548603e-13,2.9166472694806587e-13,9.019417439999999e-10,8.025685006906506e-07,4
716,06:46:30,1.2253493465929757e-11,2.033981545617958e-12,6.220682468508395e-13,1.265574977744481e-13,2.168626318570355e-13,7.721468336978874e-10,1.1871253219193044e-06,4
717,06:47:00,9.196148754478824e-12,2.0962738329897045e-12,1.0621972818433942e-12,1.04067798076781e-13,2.5175185387860134e-13,3.978867645890809e-10,6.894936992143352e-07,4
718,06:47:30,9.39538367866894e-12,2.6605607200967077e-12,9.945705696697994e-13,1.2228521622446125e-13,2.1470176248744246e-13,6.695385431651028e-10,7.720367894563681e-07,4
719,06:48:00,1.2808144748949538e-11,2.2929269384013933e-12,7.816063466036965e-13,1.2464012840651695e-13,2.629989962708787e-13,1.7047969843621396e-10,7.374600736793295e-07,4
720,06:48:30,1.7882085431338147e-11,3.226784845654083e-12,8.024603743400157e-13,1.019136753003312e-13,2.1144415622716287e-13,1.7492390631418377e-10,7.923523445945312e-07,4
721,06:49:00,1.1177312923241633e-11,3.5556226119891445e-12,7.317473378748568e-13,1.6751730605159634e-13,2.387837501504214e-13,2.601303610460356e-10,1.3098205596675637e-06,4
722,06:49:30,1.713007958298361e-11,3.902615322070261e-12,1.0961369213484942e-12,3.2698422333434037e-13,3.222350672551169e-13,5.847410480109738e-10,2.6241589298879906e-06,4
723,06:50:00,9.689142689566941e-12,2.7033617889353685e-12,9.857396223933412e-13,1.271596593032861e-13,3.107895800940273e-13,1.4684928673887516e-10,2.7687687065144885e-06,4
724,06:50:30,1.493458649372097e-11,3.1615154417301134e-12,1.1135807043757889e-12,1.4983395765892965e-13,3.793620780611222e-13,6.394863095220849e-11,2.5959256108718577e-06,4
725,06:51:00,3.578545757443514e-11,4.2168858587154995e-12,1.0331302846765e-12,1.2769488371097756e-13,3.046510278288204e-13,6.100139242381343e-11,1.6033636521876634e-06,4
726,06:51:30,1.8817067975721816e-11,4.494731659476213e-12,7.67121732786937e-13,1.0824089015827987e-13,2.8603427517197313e-13,1.0142733212620025e-10,1.6328263774730428e-06,4
727,06:52:00,2.0403563577354303e-11,2.424322398954462e-12,6.287402509943227e-13,1.3979412940442378e-13,3.5581467706412567e-13,2.9886584415690532e-09,7.028902722674571e-07,4
728,06:52:30,2.2468696496606574e-11,2.1356772074441643e-12,7.984397167541131e-13,1.687299387015423e-13,4.1563290369876095e-13,1.2765200249571465e-09,6.561501706105378e-07,4
729,06:53:00,1.4590614689133982e-11,1.7927085565545932e-12,6.050407141556267e-13,1.375465318694666e-13,1.7680415012012154e-13,3.832090227349245e-10,8.238635023128009e-07,4
730,06:53:30,1.4127531718551583e-11,4.550458090019031e-12,1.200219505783556e-12,1.4242221533405692e-13,3.368366368350595e-13,1.2541586876839502e-10,1.2887654494927423e-06,4
731,06:54:00,1.0897408343672326e-11,2.1510873367633278e-12,9.602929836380402e-13,1.2423593616110328e-13,2.8822253678025776e-13,3.718453347897942e-10,8.779099770298815e-07,4
732,06:54:30,1.88098912804694e-11,2.842416330533052e-12,1.2685287701774184e-12,1.110245716927049e-13,2.976955042923993e-13,5.13251818052126e-10,6.256469698148856e-07,4
733,06:55:00,1.1111203002851412e-11,2.8366005058368333e-12,5.338408323178175e-13,9.896491629116487e-14,2.0194063687781433e-13,1.0157570579586282e-09,6.040597346147667e-07,4
734,06:55:30,2.2225814524243463e-11,2.793682653726638e-12,8.371704039684928e-13,1.113907596565355e-13,1.854310289745994e-13,5.796355158911385e-10,7.29444840487336e-07,4
735,06:56:00,2.5067838597267664e-11,2.672983661939281e-12,5.960512174607819e-13,1.1511754827836436e-13,2.4896718335086996e-13,7.067593786730315e-10,7.120138760512106e-07,4
736,06:56:30,1.8022073482909147e-11,1.4731059720024034e-12,5.53574052564416e-13,1.105492509437693e-13,1.7610840550974662e-13,2.63133164171325e-09,7.580823337530156e-07,4
737,06:57:00,5.6204764877383226e-11,1.986888816163824e-12,6.80922089603882e-13,1.4295367517610186e-13,2.903159066431453e-13,6.167148584274347e-09,6.420227560574489e-07,4
738,06:57:30,3.281482250976553e-11,2.952146290393479e-12,1.0702594007739411e-12,1.6189837816593047e-13,3.466248132019283e-13,1.0435278495972783e-08,6.649452728331312e-07,4
739,06:58:00,4.0070838357092316e-11,2.800828817626274e-12,8.501803355916691e-13,1.6493999202037107e-13,3.459615224657567e-13,2.8564555685925925e-09,7.36734850965401e-07,4
740,06:58:30,1.741182437195721e-11,2.073005997101569e-12,7.611374726113039e-13,1.2103003926002361e-13,2.0241235543661674e-13,1.1242279180639778e-09,6.569815100159278e-07,4
741,06:59:00,1.8211619619682564e-11,2.6762412855780396e-12,8.749752316756224e-13,1.9724233664901223e-13,3.94943857318339e-13,6.696841826291357e-10,1.582684491254604e-06,4
742,06:59:30,6.3140389184670865e-12,2.0609545260011355e-12,1.0343920181148185e-12,2.0584927066815003e-13,3.539800937923206e-13,2.9923641244830724e-09,2.091386250025465e-06,4
743,07:00:00,4.4706458740747344e-12,3.284698170371832e-12,1.2411202967160068e-12,2.0283688998065995e-13,3.518717973880064e-13,1.113578491877311e-09,2.1047133152877677e-06,4
744,07:00:30,7.664518693262918e-12,2.987225210020462e-12,8.597495376422467e-13,2.2230521033635136e-13,3.953744030539783e-13,7.030328887517146e-10,2.321807370897684e-06,4
745,07:01:00,1.89796741366282e-11,3.857213002155874e-12,1.1747151371893174e-12,1.423618779885848e-13,3.842888704538644e-13,7.013819822792866e-11,1.4271064599098403e-06,4
746,07:01:30,3.464169980683495e-11,3.191669914499634e-12,1.0255181833040314e-12,1.37750239961932e-13,3.1513075707193583e-13,1.9980014713064466e-10,8.318794739805942e-07,4
747,07:02:00,1.2129719748326253e-11,3.1192974451062585e-12,1.0159678623294709e-12,1.1763422892322035e-13,2.684754216616985e-13,7.910429902463646e-11,7.205100799668254e-07,4
748,07:02:30,1.8156884534235364e-11,2.403946954781631e-12,6.223951273617212e-13,1.1177453212251047e-13,2.649569638332281e-13,6.67589359615912e-11,7.215106664618181e-07,4
749,07:03:00,2.6950234478602108e-11,3.7911429869121315e-12,6.874262050440069e-13,1.6965243865744354e-13,2.6167627195628334e-13,5.811963903964882e-10,1.2538970022287759e-06,4
750,07:03:30,6.42382427801816e-12,2.208663792887605e-12,6.949463542496067e-13,9.993919906593334e-14,1.9910373751986798e-13,8.732688587303153e-11,1.2881374118127597e-06,4
751,07:04:00,2.9801941984972286e-11,2.9131967501221617e-12,8.363912751082726e-13,1.165582414807631e-13,2.4650186106769423e-13,2.0470746009788746e-10,9.41507221039233e-07,4
752,07:04:30,3.2480801254487483e-11,2.9191031997192592e-12,7.544906271358826e-13,1.5290429989698753e-13,3.311644211450762e-13,7.355882381146775e-11,6.992526778764756e-07,4
753,07:05:00,1.521626134507984e-11,4.741965650157458e-12,1.0120221101308973e-12,1.5276905431840036e-13,2.7840069465026594e-13,6.981728814266117e-11,7.51309646543676e-07,4
754,07:05:30,7.983414335383516e-12,1.8850500407564125e-12,6.042404063783839e-13,1.2620998111375397e-13,2.680181175018657e-13,5.944010108093279e-10,8.731729304939404e-07,4
755,07:06:00,6.435148890778721e-12,1.6617854862634952e-12,6.499295742442727e-13,9.853099959685172e-14,1.9914434931338939e-13,5.611941030364882e-11,7.795070119705743e-07,4
756,07:06:30,1.2540039581895128e-11,2.167651330606711e-12,6.616739260393965e-13,8.718280979950415e-14,1.9470903648402403e-13,5.0681220508971184e-11,8.596779535199288e-07,4
757,07:07:00,2.0839031364773085e-11,2.2404035587074577e-12,1.210560319520033e-12,5.520961745870288e-13,6.908387952919791e-13,6.271033961084443e-09,2.824670839748338e-06,0
758,07:07:30,5.2669139848329315e-12,1.1730805166175443e-12,3.602999061694285e-13,9.778236220925894e-14,2.040645830757664e-13,7.560559402995883e-11,2.065870544374268e-06,1
759,07:08:00,1.3201427437200952e-11,2.3618278470973083e-12,9.95007521819002e-13,1.4040949114047707e-13,3.1402824190634944e-13,8.063745083325101e-11,2.1623802837177164e-06,1
760,07:08:30,4.131499553392083e-11,3.5984748293968096e-12,1.0159729102816834e-12,1.522145653615625e-13,3.4269476806551234e-13,6.495884924312755e-11,1.986662007694661e-06,1
761,07:09:00,1.1715676432588337e-11,1.417826910961866e-12,8.886731965591385e-13,8.477933084087573e-14,1.6284241677956362e-13,5.965787386008229e-11,2.529107800012747e-06,2
762,07:09:30,3.9224048956943096e-11,4.856381425887211e-12,1.229822141409455e-12,1.6490626610040945e-13,5.575435305952568e-13,9.554188320307269e-11,2.3780579182296465e-06,2
763,07:10:00,2.63504874572334e-11,4.480928380874003e-12,1.096921940178335e-12,1.3569679934064508e-13,2.5250007670375106e-13,1.840580318604115e-10,2.4322297272704954e-06,2
764,07:10:30,1.883599269728672e-11,3.752224267074114e-12,9.677283367318834e-13,1.5696508055667838e-13,5.78989920210079e-13,5.371028385163236e-11,2.2566967722764166e-06,4
765,07:11:00,3.7155799812267195e-11,5.442661258040488e-12,9.878931136273615e-13,3.686975529431189e-13,1.5389411052759503e-12,8.99720221179698e-11,1.3367882535150144e-06,4
766,07:11:30,1.0818500224484153e-11,2.2318194585470906e-12,6.420583455006138e-13,1.2016929647090514e-13,2.433182123529016e-13,1.272993531643566e-09,7.462315317541035e-07,4
767,07:12:00,1.3588654868000061e-11,2.3271344467960263e-12,5.262157154616425e-13,1.1012402593585966e-13,1.377638473912387e-13,3.593248898455967e-10,7.675475278956019e-07,4
768,07:12:30,1.0268636996686307e-11,1.6327391010854157e-12,6.083848597358413e-13,1.149710693933379e-13,2.437071950002262e-13,1.3231822885925923e-09,6.713108895694263e-07,4
769,07:13:00,8.208747127943417e-12,1.772477137316911e-12,5.240209774439047e-13,1.1805141252156425e-13,2.199118328442293e-13,9.599667587052948e-10,7.67930866199123e-07,4
770,07:13:30,8.861179184454518e-12,1.5328359525361085e-12,5.330384473871172e-13,1.6511029431551505e-13,2.6363700374015536e-13,3.935633690200273e-09,8.716446902331833e-07,4
771,07:14:00,1.97613846388146e-11,2.358143391543441e-12,1.1253358703119129e-12,2.9569010243342004e-13,3.7362766763248597e-13,6.0033262044968986e-09,2.0524322293839655e-06,4
772,07:14:30,6.015939111755801e-12,2.349055481415293e-12,9.24560558886504e-13,1.4547263076104408e-13,2.5855471829746333e-13,1.4399562252641975e-10,1.2351679494497624e-06,4
773,07:15:00,8.939109616630657e-12,3.4370740858164535e-12,7.393527822741531e-13,1.0703542238853867e-13,2.155506908178148e-13,6.513815556126198e-11,6.772377780357924e-07,4
774,07:15:30,9.435094838817196e-12,3.4047373688025888e-12,1.177633068770229e-12,1.6259545372635729e-13,2.6804057277739676e-13,8.294425248834017e-11,1.5968679740681527e-06,4
775,07:16:00,1.433068238050092e-11,2.4030725068666197e-12,5.770342527304471e-13,1.1194860892679532e-13,2.5041809831775785e-13,1.0012022342847735e-10,8.752305781138483e-07,4
776,07:16:30,9.125644584782647e-12,1.7550385480053831e-12,7.779825279335915e-13,1.0692929526542761e-13,2.6172429043053417e-13,1.0201596950035663e-10,6.94704581373552e-07,4
777,07:17:00,3.514324898097629e-11,3.4572286283104833e-12,7.562701627896205e-13,1.5705725154330121e-13,3.7703720640534525e-13,8.530102020543208e-11,1.0890581623704595e-06,4
778,07:17:30,1.1159809161810732e-11,2.365123605153619e-12,7.396003146433132e-13,1.2263282103299624e-13,1.9461789521092466e-13,5.55422047306447e-11,1.794857112744709e-06,4
779,07:18:00,1.0269182797925608e-11,3.069183911729312e-12,4.440439953635049e-13,9.195084744732557e-14,2.4433569833528593e-13,4.35816778620576e-11,1.4856867263654055e-06,4
780,07:18:30,1.3218211642557197e-11,3.555214031226029e-12,1.2992900854794478e-12,8.867344983447074e-13,7.822817112231827e-13,1.6820349333574756e-10,1.8126073563872112e-06,1
781,07:19:00,1.6049083101854328e-11,3.87493243825384e-12,7.270991536600981e-13,1.1870511273255977e-13,2.2266309622383988e-13,8.807164175604936e-11,1.1664890355692846e-06,4
782,07:19:30,1.9941974641330526e-11,3.945997197844691e-12,7.088739348960109e-13,1.1705126663957048e-13,3.38034442044236e-13,7.32895422252949e-11,1.6663730224862566e-06,4
783,07:20:00,3.6256450321894355e-11,4.521891602063099e-12,8.096195766918411e-13,1.4096998918268284e-13,2.839856849601045e-13,9.244593799176954e-11,8.89482616801116e-07,4
784,07:20:30,1.668526332797669e-11,4.081506947385015e-12,6.148121713555974e-13,1.2243128078242217e-13,3.129377201023071e-13,6.053905461728393e-11,8.568979475112698e-07,4
785,07:21:00,2.456672058361787e-11,4.94279236893358e-12,7.148516034444489e-13,1.2059645647640125e-13,2.9157466042986834e-13,1.6844597956652944e-10,1.087876695567735e-06,4
786,07:21:30,2.212785156439611e-11,4.083312861503167e-12,8.476731379319036e-13,1.4303083685679586e-13,3.1003939530491655e-13,1.78400975380192e-10,7.137789443705005e-07,4
787,07:22:00,1.4357001993748819e-11,2.513565098066173e-12,9.714440175014707e-13,1.277491546199131e-13,3.409862589495552e-13,9.340540549004112e-11,1.2417627239710988e-06,4
788,07:22:30,4.8436515600348335e-11,3.3322112590653744e-12,9.216504991213194e-13,1.0688774734820812e-13,1.9351671028307784e-13,6.171565373080931e-11,8.738933622707634e-07,4
789,07:23:00,1.1468471368597662e-11,6.079003340231599e-12,9.653645104890583e-13,1.356676280203681e-13,2.995674289632243e-13,5.2175969911879274e-11,1.1417791881989855e-06,4
790,07:23:30,2.1672568564908237e-11,3.4015529779411674e-12,9.615559646619844e-13,1.1659005954284766e-13,3.252465708311812e-13,6.754350994699586e-11,2.14094556009509e-06,4
791,07:24:00,1.779921317640954e-11,5.379648433822708e-12,9.218396009473573e-13,1.2943994965478545e-13,2.8600406497817977e-13,1.0237187489689983e-10,1.1024256195237297e-06,4
792,07:24:30,3.253321315617355e-11,4.173498222177192e-12,8.470115063187536e-13,9.742016679912502e-14,2.337659771608352e-13,1.0146344689163236e-10,1.2095469167579987e-06,4
793,07:25:00,2.274028118068968e-11,3.721582659238483e-12,1.1498555650760306e-12,1.6668498639288292e-13,3.2362349352271697e-13,5.807863756323731e-10,1.395991279021257e-06,4
794,07:25:30,1.2814292423635781e-11,3.594759536342156e-12,7.336664749701315e-13,1.2249222802724402e-13,2.6357297757078375e-13,5.576571715226336e-11,1.0953912840011832e-06,4
795,07:26:00,2.365096027763515e-11,5.146649414657549e-12,1.1927110559113278e-12,1.2481436104820482e-13,2.5211199330720746e-13,9.718666365629627e-11,7.284408210726127e-07,4
796,07:26:30,3.16863793263701e-11,2.808474171989826e-12,5.156206619482482e-13,1.2757811763448287e-13,3.06337738012903e-13,7.380140137152261e-11,8.742702744033499e-07,4
797,07:27:00,2.650732237346236e-11,3.9752773002326474e-12,6.886160989339661e-13,1.4017075960728259e-13,3.648897344253796e-13,5.482931641679012e-09,8.374363806713208e-07,4
798,07:27:30,6.74675680781596e-12,2.9438063000992246e-12,7.22303593183279e-13,1.5449406377945848e-13,4.3454194111482365e-13,1.3506849481722904e-10,6.997004196229322e-07,4
799,07:28:00,9.51946525732565e-12,1.9924107389334394e-12,8.012967940312067e-13,1.2678170975146817e-13,3.2353124735231335e-13,4.761378956080108e-10,7.437785005575083e-07,4
800,07:28:30,4.397932983776433e-12,1.8527599942112676e-12,5.388517316614931e-13,1.0243535501722279e-13,2.0895403019195912e-13,2.1547117627851847e-10,6.895036531389129e-07,4
801,07:29:00,1.8047278444740035e-11,2.669904364595937e-12,6.786229604824241e-13,1.0057338091994171e-13,1.5742034380770097e-13,4.180895811028806e-10,7.545587391011241e-07,4
802,07:29:30,1.3130165516233083e-11,3.555141925689287e-12,7.99995755547406e-13,1.251980939762848e-13,2.7974457215809387e-13,6.032247753722906e-11,7.555504461644856e-07,4
803,07:30:00,2.1991620584705164e-11,3.349940733904168e-12,1.070381807341446e-12,1.0103209857421392e-13,2.0698686652892296e-13,1.6787573220060356e-10,7.66771424720632e-07,4
804,07:30:30,1.3141092300913616e-11,2.6571725222021843e-12,5.829686387363383e-13,1.0262795249123606e-13,1.3304972131878012e-13,7.604219034229902e-10,7.982704470810597e-07,4
805,07:31:00,1.0870792185319562e-11,2.5007235085396166e-12,7.599744134317219e-13,1.0466680071929028e-13,2.148457574557915e-13,5.619738706164058e-10,7.285899787863699e-07,4
806,07:31:30,2.3128378381274747e-11,3.66867178736648e-12,1.2890500653083796e-12,5.024135490294729e-13,4.779690197472476e-13,1.7489301146153086e-09,2.577166666939636e-06,0
807,07:32:00,8.855110698050976e-12,9.120965355515096e-13,5.464304096716071e-13,9.112948655864376e-14,1.9602378073888066e-13,8.107831919648833e-11,1.7848938379284786e-06,1
808,07:32:30,2.2839144166490845e-11,8.607593957880388e-12,7.510539468048547e-13,1.2893326186289518e-13,2.608147370789614e-13,4.8926140505679e-11,8.536629423261989e-07,1
809,07:33:00,3.2932152762106874e-11,5.90720060735217e-12,1.0142734452968512e-12,1.9103642110206469e-13,3.137546354821609e-13,5.48586597925048e-10,1.9288058323718738e-06,1
810,07:33:30,8.580983222448895e-12,4.7963663920826885e-12,1.344892548008366e-12,1.7372761199488625e-13,2.0038335001596378e-13,4.718957000085595e-10,2.813446948264322e-06,0
811,07:34:00,2.4287109635818604e-11,2.699898492949999e-12,5.794995676749154e-13,1.060581133195784e-13,2.7748869391303214e-13,7.753729512735253e-11,2.3698278169871447e-06,1
812,07:34:30,1.0128253729476024e-11,2.8799395050846546e-12,8.137471360396587e-13,1.0551168735632732e-13,2.3888409926574845e-13,8.599824930677639e-11,2.252054727968704e-06,1
813,07:35:00,3.305753569508531e-11,4.172431077329072e-12,1.4247629331281285e-12,4.5212126547443366e-13,1.0545105085808847e-12,6.459522316622223e-10,2.477767142175455e-06,1
814,07:35:30,1.5592578915914244e-11,2.9507332402848818e-12,1.0344170295687559e-12,1.5554188095204293e-13,1.8196402038571244e-13,2.8157133807407405e-10,2.354037037156641e-06,0
815,07:36:00,7.983100191989238e-12,1.6896139754686687e-12,8.928815731289119e-13,1.1236919472401379e-13,3.2572460504817385e-13,8.644901201097392e-11,1.2609843098534516e-06,1
816,07:36:30,4.41086525519365e-11,5.666284657669388e-12,1.1923829363499008e-12,1.7812717979868888e-13,6.097930953244679e-13,1.1177204859061727e-10,1.4284793559435044e-06,1
817,07:37:00,1.3157107846472599e-11,2.466216993519698e-12,6.268340900264928e-13,1.2506892962822563e-13,3.1131077910649383e-13,8.548122045629626e-11,1.0528658954965555e-06,1
818,07:37:30,1.87726276849001e-11,5.465311827125977e-12,1.4174684519873904e-12,2.629692172161236e-13,9.894784502350506e-13,8.684424325069956e-11,9.753649284832328e-07,2
819,07:38:00,2.3111121418867543e-11,3.8891908055404254e-12,2.423363732518372e-12,1.88853361727303e-13,4.75054516691732e-13,4.4816174147072695e-10,2.1035716495611865e-06,0
820,07:38:30,1.2711992449991512e-11,1.7203782025216296e-12,5.39504183421664e-13,9.643515090318907e-14,1.5228034643905613e-13,7.651499670101507e-11,1.1278255320477973e-06,1
821,07:39:00,1.355623656642512e-11,1.8059170636981093e-12,7.506243149455442e-13,1.708120215517602e-13,7.23662738730877e-13,7.011855446716047e-11,1.0507258769889677e-06,1
822,07:39:30,2.9378371192136003e-11,5.826761157447291e-12,1.237894368681072e-12,2.434374562673367e-13,1.1222216252067695e-12,8.508762063517144e-11,7.970554891051471e-07,2
823,07:40:00,1.3001016306336173e-11,2.6347863365318843e-12,1.2269248765992212e-12,1.7706661356387358e-13,4.65638395236835e-13,7.045252814397803e-11,7.77457728558105e-07,2
824,07:40:30,3.025434257440086e-11,2.8300000355215188e-12,1.0001378719236683e-12,1.6287510038615628e-13,4.417488695802874e-13,1.5964202012422493e-10,6.812567174432293e-07,2
825,07:41:00,2.452485059151466e-11,4.758777003966774e-12,2.074311441747994e-12,3.801175147390717e-13,1.3608120561352706e-12,2.000280026987105e-10,8.208904926372631e-07,2
826,07:41:30,1.9080266881711336e-11,2.640399878644039e-12,8.113010074804118e-13,1.1214047083780355e-13,1.8633944985087109e-13,2.4132743105053495e-10,8.354300560671286e-07,2
827,07:42:00,1.4810214680967243e-11,3.2219334374754178e-12,7.549469724470829e-13,2.2550095229395376e-13,6.16951272763794e-13,7.760897811665293e-11,7.520166588112642e-07,2
828,07:42:30,1.7830958339078263e-11,3.213296815072564e-12,1.2178005896520883e-12,4.999542884563398e-13,2.2907870315348727e-12,5.629307476192043e-11,6.907260293577638e-07,2
829,07:43:00,1.842135025094237e-11,2.8650466938091e-12,9.763738588756096e-13,1.9976285905120265e-13,6.405419632909334e-13,6.448229261871055e-11,7.051497320104413e-07,2
830,07:43:30,4.487686296938229e-11,4.525360882293866e-12,1.3617858697781587e-12,1.5481257563592766e-13,5.147953352227081e-13,1.3628089410282577e-10,9.55364855089648e-07,2
831,07:44:00,2.8519408052943863e-11,3.4965247012486392e-12,1.374538340952317e-12,1.7712281576118813e-13,5.685124987921858e-13,2.2081127925728394e-10,1.1651004671843268e-06,2
832,07:44:30,2.0702663096901504e-11,4.241319617733861e-12,1.2701618690769783e-12,3.002769973159804e-13,1.2946086053647369e-12,7.483255334628255e-11,7.848607264679925e-07,2
833,07:45:00,3.941552978900676e-11,3.970435925457399e-12,1.098673566542207e-12,2.6973377224968445e-13,1.2375038080312526e-12,8.07798624886694e-11,7.223718015630737e-07,2
834,07:45:30,3.6589109526209986e-11,5.7809932262780246e-12,1.50553884282677e-12,2.1150713059344398e-13,7.573431118000091e-13,1.1488410745657063e-10,1.290376761834112e-06,2
835,07:46:00,1.7532269383467168e-11,3.316939401593573e-12,1.3756036845678879e-12,2.57604495811042e-13,6.7761222092949e-13,3.1721949497393677e-10,1.9594880582192876e-06,2
836,07:46:30,8.385310320064935e-12,2.4887405797291544e-12,1.6403327877190978e-12,1.8694818002273787e-13,3.042898661860379e-13,3.0398561841426605e-10,2.292818323580655e-06,0
837,07:47:00,2.158518288606823e-11,2.562690729745808e-12,1.0367466502378583e-12,1.5914804244527265e-13,2.632392438946176e-13,2.1316651938743484e-10,1.2788026130434911e-06,1
838,07:47:30,3.493737631159061e-11,5.487489087474765e-12,2.1117719671750765e-12,1.8396421929403879e-13,6.548928914399658e-13,1.7937664895122083e-10,1.8475287020643049e-06,1
839,07:48:00,9.67714300819608e-12,3.9117645923629315e-12,2.2976035575265473e-12,2.876570900394664e-13,6.658811795038523e-13,5.372753976221672e-10,2.8254894545114944e-06,0
840,07:48:30,1.2272237465725714e-11,2.513855629524624e-12,6.486477200237234e-13,1.3422883111071128e-13,2.9432263312307094e-13,1.4203101367813439e-10,2.5943578399756923e-06,1
841,07:49:00,1.6695319509143842e-11,1.4952712105805317e-12,5.58785744139469e-13,1.343837537025363e-13,3.68633184716705e-13,1.7579704090666665e-10,2.728105224615655e-06,1
842,07:49:30,2.9094334704516902e-11,4.687958128176828e-12,1.5507953462250209e-12,1.995614603694252e-13,4.560566885690489e-13,2.957703358893827e-10,2.759421458477697e-06,1
843,07:50:00,4.1420700845627555e-11,2.5083886866331656e-12,6.990736534118236e-13,1.13512337312704e-13,2.0566358644440296e-13,1.55262955034513e-10,2.554301822284716e-06,1
844,07:50:30,2.443973433596241e-11,6.681869957060545e-12,2.1544866200535925e-12,1.9150410720906426e-13,5.143395484774441e-13,1.3027131414452673e-10,2.5161875752152155e-06,1
845,07:51:00,8.320902502401376e-12,2.6762097819854302e-12,1.3893628230611238e-12,1.6316786653754203e-13,4.4053301196369365e-13,1.9381536563270227e-10,2.854047685377608e-06,0
846,07:51:30,1.1029325414005893e-11,2.1933715335297076e-12,8.629704580015182e-13,1.6324768472154964e-13,3.062683144873346e-13,1.77997843215583e-10,2.6807417928052035e-06,0
847,07:52:00,1.557131978465081e-11,1.7310816550116269e-12,5.562935726728043e-13,1.3636631704656872e-13,2.2530911170478683e-13,1.4172349967714674e-10,2.3437676448710894e-06,1
848,07:52:30,2.6793280839586976e-11,2.8484251889904133e-12,1.1886828625659327e-12,1.8672694914849393e-13,4.664695828691615e-13,1.2763862629991768e-10,2.3830511429526216e-06,2
849,07:53:00,8.921925026268367e-12,2.5049958149844502e-12,7.550568507255984e-13,1.3626611358520574e-13,2.989532844685221e-13,1.0892981907401918e-10,2.4667030324624834e-06,2
850,07:53:30,4.2377375025959154e-11,3.948662682399233e-12,1.2930602852896612e-12,1.4942329350961234e-13,4.346979326487154e-13,1.023177088834019e-10,2.208682943835707e-06,2
851,07:54:00,1.727810301967369e-11,2.2058765893681797e-12,1.3019832268323887e-12,3.070895762900459e-13,7.259234492401015e-13,5.728545615635665e-10,2.4596360772252896e-06,0
852,07:54:30,2.7116505664228143e-11,3.5308727881573883e-12,9.43333667395775e-13,2.2533118737950311e-13,4.644634441646754e-13,1.0958280080241426e-10,1.3893649558963176e-06,2
853,07:55:00,1.4123735463808942e-11,4.771335250014558e-12,9.371606918820687e-13,3.3174053817320826e-13,8.517915196970957e-13,6.902773380389573e-11,1.2142015549143885e-06,2
854,07:55:30,2.5092171294634645e-11,4.406427298229971e-12,1.493648357565467e-12,1.8192575996769572e-13,3.845178083374126e-13,7.522201122686419e-10,2.8079261376414247e-06,0
855,07:56:00,1.2863967142099264e-11,1.5716120195324746e-12,7.597794766542918e-13,2.1581326855823625e-13,3.8549867298094903e-13,1.916195172530041e-10,2.8141360940952427e-06,2
856,07:56:30,2.4850954334136385e-11,3.785227044267624e-12,1.9666378657650573e-12,1.7747779197538205e-13,4.2011395442649294e-13,1.6513079069410148e-10,2.7423315604764604e-06,2
857,07:57:00,2.647515496438459e-11,2.9241982821357404e-12,7.363118576150231e-13,1.2569663291778893e-13,3.513290290401759e-13,1.1047914859259257e-10,2.8160156270019357e-06,2
858,07:57:30,4.128276791399292e-11,4.1788911162993945e-12,1.3442147823338238e-12,1.6374971072716037e-13,4.908387309738365e-13,9.256614635632372e-11,2.8043701939071596e-06,2
859,07:58:00,1.462095262113534e-11,2.3712763908458695e-12,8.1050784530348e-13,1.0766848331068541e-13,2.8472700564189424e-13,6.172555330348422e-11,2.690162434863557e-06,2
860,07:58:30,1.435596160107434e-11,2.7690663129988205e-12,1.3456065415516122e-12,1.5370813050673827e-13,4.122832025142501e-13,1.4081340958002742e-10,2.7506884140722844e-06,2
861,07:59:00,3.4759182337244784e-11,2.9555885023351227e-12,1.8245056719901404e-12,2.5210838054732133e-13,5.408027783388474e-13,7.224043148431274e-10,2.7878645238882307e-06,1
862,07:59:30,2.1161497047585296e-11,1.864241257249922e-12,1.3759720760974177e-12,2.006941553652086e-13,3.7099284981217264e-13,1.5171404935003567e-09,2.047779714079193e-06,0
863,08:00:00,4.886115698375549e-11,3.857055308503784e-12,1.0408245270114924e-12,1.5872788729419373e-13,4.3778208969335954e-13,1.94339491343978e-10,1.2672181158747316e-06,1
864,08:00:30,1.3841950496382457e-11,2.4580581847371274e-12,9.788587027797746e-13,1.6453517511526118e-13,6.727195133281657e-13,1.302346695418381e-10,1.0987038238903449e-06,1
865,08:01:00,1.1226802794407704e-11,3.761337794720982e-12,1.4569549997559403e-12,2.1004766444873957e-13,4.053955275393306e-13,5.022173510233195e-10,1.7580089800101245e-06,0
866,08:01:30,1.0085489260869788e-11,2.0231834269842244e-12,4.580201791839366e-13,1.0606242912632093e-13,2.1404625487744109e-13,1.6120111996290808e-10,1.3628962497915162e-06,1
867,08:02:00,2.624389189526967e-11,4.840756253083021e-12,9.209102900405525e-13,1.0486283543407869e-13,3.337365210056005e-13,8.701260633547324e-11,1.092071050299658e-06,1
868,08:02:30,2.2874711893807988e-11,2.4227780575531077e-12,7.097802539446086e-13,1.99301295884717e-13,4.700132848375763e-13,1.4421599477728394e-10,1.6718474433521807e-06,1
869,08:03:00,1.9729622985788845e-11,3.6104906113988775e-12,9.969791099830055e-13,1.8136963455801907e-13,4.904727240985771e-13,8.384989299884772e-11,1.2491290829098992e-06,2
870,08:03:30,2.98070023980919e-11,2.793342714586812e-12,7.630911314628238e-13,2.3504999701379675e-13,6.330277547217433e-13,1.8854295743012345e-10,1.076983446412491e-06,2
871,08:04:00,2.0229915978332215e-11,4.100480939770558e-12,7.669681853930854e-13,2.7656168773623903e-13,6.113910884243516e-13,9.631363207813441e-11,1.0325827308309149e-06,2
872,08:04:30,1.909779322641276e-11,3.156727828072298e-12,1.3979621833546985e-12,1.5373312831661036e-13,5.570488130930783e-13,1.9928575248834018e-10,1.176374916643754e-06,1
873,08:05:00,3.754562205259144e-11,6.4885136001448825e-12,1.0229705924428078e-12,3.232769196800173e-13,8.566528035382882e-13,5.717045793163236e-11,9.204489740957466e-07,2
874,08:05:30,2.8152440122523586e-11,4.012090393079566e-12,1.40944329928585e-12,2.7528705600355713e-13,1.3494919447009655e-12,9.540065917344306e-11,1.0775992536541254e-06,2
875,08:06:00,1.4463822165449466e-11,2.682850942525199e-12,6.468221226319985e-13,1.4299410719977048e-13,3.861983827103967e-13,2.2053658258085041e-10,1.0200976107383658e-06,1
876,08:06:30,2.6373243765921125e-11,3.91288987362042e-12,9.721450118207369e-13,2.451015942933377e-13,4.567628471131572e-13,9.297077680965705e-11,9.009019202737171e-07,2
877,08:07:00,2.6362444043510035e-11,5.298673381053089e-12,1.275802432055514e-12,1.8761719544486067e-13,4.090612242439983e-13,9.721422422299038e-11,1.0762324946591904e-06,2
878,08:07:30,3.1074760052733614e-11,3.590833521744948e-12,9.1369547218397e-13,1.4259873557005712e-13,3.1478855805220006e-13,1.7057879603533604e-10,1.7091741201541327e-06,2
879,08:08:00,2.922352153022912e-11,4.309937410776152e-12,9.608889120706926e-13,1.2980651807491926e-13,3.9089835378010543e-13,1.1045382520801094e-10,1.1503872463674335e-06,2
880,08:08:30,2.4454917563543092e-11,3.750441449787378e-12,1.1560678255881673e-12,5.376805854928809e-13,2.056780373861404e-12,7.140171508389573e-11,1.157370665786553e-06,2
881,08:09:00,5.056842877913675e-11,6.293472880473288e-12,1.260266357459765e-12,2.833613892527419e-13,1.2300395962388579e-12,6.684035950068585e-11,9.926296162791673e-07,2
882,08:09:30,2.153465444238484e-11,3.867605171505124e-12,7.514990167097208e-13,1.4254644399355834e-13,4.4588660442668576e-13,9.256729528866938e-11,1.0001870159458338e-06,2
883,08:10:00,2.8686736526373393e-11,6.778290294864095e-12,1.0179177862360964e-12,2.2436397240770064e-13,7.224274905866404e-13,7.067451056790122e-11,9.568536699749593e-07,2
884,08:10:30,5.724805651920887e-11,6.280588540036846e-12,9.356715798745155e-13,2.0889555910306446e-13,6.385843425540907e-13,1.1959985290513029e-10,9.483047489591943e-07,2
885,08:11:00,4.2631102604687635e-11,5.061018185356229e-12,1.5242665919674201e-12,1.5438831884889663e-13,4.550142521912032e-13,2.780414886022496e-10,1.942525166006779e-06,1
886,08:11:30,2.778177897499518e-11,3.8691579839900975e-12,1.8436049518911893e-12,2.7506882000782524e-13,5.629036154364986e-13,4.4680389926891627e-10,2.3721829029579146e-06,0
887,08:12:00,2.5606219384201663e-11,2.5268976011504114e-12,6.265599772252837e-13,1.4294777022952012e-13,2.591720790137675e-13,1.5515692501508913e-10,1.537251426252426e-06,1
888,08:12:30,1.142569948728962e-11,4.1430866815786025e-12,9.669454016046294e-13,1.7455871929771204e-13,4.0405149059424763e-13,1.0895846749212619e-10,1.6347359929137278e-06,1
889,08:13:00,1.9089153584006332e-11,6.252241842321001e-12,9.20560042197701e-13,2.0857829216017192e-13,8.452051847971361e-13,1.0985807132093279e-10,1.6505118088504158e-06,1
890,08:13:30,1.495818849094457e-11,4.049025293083363e-12,2.6359089282583985e-12,4.4009114448001804e-13,9.91037964140943e-13,1.4131327157061174e-09,2.898072705992411e-06,0
891,08:14:00,7.68874271234456e-12,2.2534131420394315e-12,1.1672689695675714e-12,1.2299245728208956e-13,2.138939499324613e-13,4.940834710044443e-10,2.795737681249228e-06,0
892,08:14:30,1.5061927002738887e-11,3.703510832163272e-12,6.115429900451881e-13,1.0938393734225912e-13,2.7007994184189917e-13,9.91751708178875e-11,2.2790225136216544e-06,1
893,08:15:00,2.2446609067092886e-11,5.252605817821052e-12,1.3516083077262873e-12,1.697307255832917e-13,5.327420308292858e-13,1.7048953512208503e-10,2.023381063655543e-06,1
894,08:15:30,2.8268605737571548e-11,7.221637815220312e-12,1.5695081097079395e-12,1.6438156516957727e-13,4.110141436426127e-13,1.0724405105755828e-10,2.009076047669754e-06,1
895,08:16:00,2.8061554115793834e-11,3.941192576305284e-12,6.927453660517994e-13,2.2448881842588281e-13,6.197010078871132e-13,7.693071716784635e-11,1.8332132443195009e-06,2
896,08:16:30,3.725942751672953e-11,4.2419611811009806e-12,1.0952559026720834e-12,1.7991812520743418e-13,6.986919131620583e-13,9.489662037838132e-11,1.9166884774213343e-06,2
897,08:17:00,1.8043964792435405e-11,4.856710013574115e-12,1.5970360017022914e-12,1.327703371672673e-13,4.32154253679215e-13,2.0311801525179692e-10,1.6996096775582621e-06,2
898,08:17:30,4.407686268806911e-11,2.3451131762266993e-12,2.0438056256385453e-12,5.27317524991286e-13,8.840670480993884e-13,8.838919028936074e-10,2.599690403625349e-06,0
899,08:18:00,4.580501909302999e-12,1.941279439717679e-12,1.3438025152671886e-12,1.374026020433782e-13,2.750891982786459e-13,3.867408177406858e-10,2.2055254772336666e-06,0
900,08:18:30,1.3258954872531187e-11,3.2805876140573914e-12,6.997960842140204e-13,1.2265079400515393e-13,2.9616746277352894e-13,2.1124792883423862e-10,1.7454106206410763e-06,1
901,08:19:00,1.976901000063098e-11,5.30371511346134e-12,2.424358719610886e-12,2.8238708346019757e-13,5.809571055971575e-13,3.2634528974485596e-10,2.3876931824886343e-06,2
902,08:19:30,2.5671122717043984e-11,2.4472201734546528e-12,6.664035075025909e-13,1.4672126127320656e-13,2.531510591760153e-13,1.3419715268455415e-10,2.6756854103539995e-06,2
903,08:20:00,1.1756048239278006e-11,2.401066097848435e-12,7.884310808430838e-13,1.4376491069124385e-13,2.9185750568792154e-13,2.8763018854189295e-10,2.5913727196663313e-06,2
904,08:20:30,2.2349864621832015e-11,4.330340011039591e-12,1.079862970355928e-12,2.03511953994246e-13,3.9281344120506706e-13,2.0738147285838133e-10,2.5841678419443455e-06,2
905,08:21:00,1.0891720603661053e-11,2.4007787645163063e-12,2.46528834583069e-12,3.2411368478422754e-13,4.230239578240954e-13,9.574313582334155e-10,2.568813347109849e-06,0
906,08:21:30,3.9297674746696685e-12,1.5579472697918821e-12,1.8426657750815882e-12,1.5149158207215187e-13,1.8651685006157795e-13,3.2370764340323724e-10,2.3763088177879318e-06,0
907,08:22:00,8.01000032129413e-12,2.5107540125993557e-12,1.7213429238168709e-12,1.3314940145499755e-13,2.0398279377987514e-13,4.595067455552263e-10,2.0319422359909485e-06,0
908,08:22:30,1.8534842430077638e-11,1.0830123163413908e-12,5.462166610581705e-13,1.305083248358863e-13,1.6376531258550716e-13,1.9775101661212617e-10,2.1305491219473466e-06,1
909,08:23:00,2.8379066881749188e-11,4.007684026700156e-12,1.6032967742408776e-12,1.5124891678950684e-13,3.5050724266737215e-13,2.3124672278979418e-10,1.9986521320748472e-06,1
910,08:23:30,6.898350036415802e-12,2.471398312751447e-12,6.426084461307829e-13,1.1743708082377904e-13,1.8792081439241866e-13,2.2866016517772288e-10,2.2345167729710507e-06,1
911,08:24:00,2.5279858710830936e-11,2.2409819467216885e-12,1.114595090401488e-12,1.4980454673210076e-13,3.869800814220552e-13,1.3771983709739366e-10,2.4363605035572423e-06,1
912,08:24:30,1.74342498884969e-11,2.738227981146209e-12,1.119037686723649e-12,1.3557412789206715e-13,3.32770296040445e-13,2.3165023163786002e-10,2.6694241555442643e-06,1
913,08:25:00,1.882038026799735e-11,3.834608559271274e-12,9.946393313722617e-13,3.975283494178668e-13,9.274613340454881e-13,6.157204873986281e-11,1.8850733185853706e-06,2
914,08:25:30,2.2873890706856327e-11,4.86628764580776e-12,1.1063869598018951e-12,2.726308594234084e-13,8.632273714417366e-13,1.3267213114644717e-10,1.8530468311542068e-06,2
915,08:26:00,1.1382988070947265e-11,1.705817615892695e-12,6.644204271176047e-13,1.3193316301926362e-13,3.0262711100917294e-13,9.009958430814812e-11,2.032922460313225e-06,2
916,08:26:30,3.2873699851281755e-11,2.9279410251154514e-12,6.355703359400159e-13,1.3552625415603695e-13,2.6958628697431e-13,8.552124068345678e-11,1.914025677435326e-06,2
917,08:27:00,3.0082921143030644e-11,3.326019938481092e-12,1.7374422346120435e-12,3.4511662580832067e-13,6.882564040574232e-13,7.65673961344307e-10,2.596412156699254e-06,2
918,08:27:30,5.022355112872013e-12,1.6419992623035984e-12,9.106407659590832e-13,1.268754827949933e-13,1.9747173682465631e-13,3.9797929678463645e-10,2.4439038394572615e-06,0
919,08:28:00,5.515269915282733e-12,1.7300799410090625e-12,1.3730956749216244e-12,1.886781678819685e-13,4.5044716472528896e-13,3.642775750575582e-10,2.5477363326701384e-06,0
920,08:28:30,6.140811810173093e-12,2.2902661387986322e-12,2.735871168256886e-12,1.9111992954258384e-13,5.297693413881764e-13,2.365152720583813e-10,2.7902465276221015e-06,0
921,08:29:00,1.184872466143649e-11,2.002362254950754e-12,2.0786485789809984e-12,1.8709625094053973e-13,2.648330281524655e-13,3.030668970236488e-10,2.750544706057838e-06,0
922,08:29:30,3.5288060664774167e-12,2.062326884337689e-12,1.6279179094007812e-12,1.2731780114362675e-13,2.1438601003992e-13,2.1228152295747599e-10,2.689662176090149e-06,0
923,08:30:00,4.425310982587626e-12,1.8059508037280562e-12,2.2240259805787862e-12,1.4316626690127037e-13,3.3502961039006377e-13,3.6683653439209873e-10,2.8578376251464846e-06,0
924,08:30:30,1.6755690291492795e-11,3.293082030374895e-12,1.6176339134812916e-12,1.6009326697706975e-13,2.0847038065947373e-13,3.755640948128394e-10,2.8312654532210043e-06,0
925,08:31:00,9.172887193631541e-11,4.235429850237197e-12,1.6915177781647799e-12,3.4509606239421793e-13,4.883331919339202e-13,1.2855101080932783e-09,2.89673976472673e-06,0
926,08:31:30,1.04476539856814e-11,1.103971600030274e-12,1.9696114158189892e-12,1.899221342871199e-13,2.0719112999668886e-13,5.472787266982715e-10,2.911806962123347e-06,0
927,08:32:00,4.816429990560531e-11,3.969249813145117e-12,2.2734595403794404e-12,5.816968257988063e-13,4.581682757337624e-13,1.8786072341893003e-09,2.894980854701032e-06,0
928,08:32:30,2.4721508278118958e-11,2.3840473993694806e-12,1.5903110274373894e-12,1.6794696183285445e-13,3.2014485727349037e-13,3.8162769780213985e-10,2.8337377544548135e-06,0
929,08:33:00,3.98776178290291e-12,1.6755006142607978e-12,1.6501271408405135e-12,1.435433382062452e-13,2.534778834249987e-13,5.049618521362962e-10,2.8492540048104797e-06,0
930,08:33:30,6.7108968023374405e-12,1.6591292847415364e-12,1.7977580055176635e-12,1.9442636373218393e-13,2.5869271178580985e-13,1.2914679539621396e-10,2.8911602756814646e-06,0
931,08:34:00,1.4052244181820671e-11,2.86937484396821e-12,1.54142403407928e-12,2.9719344381137034e-13,3.863789438893314e-13,6.575449737692179e-10,2.491038996814992e-06,0
932,08:34:30,7.017439759453882e-11,2.351580739900318e-12,9.016605211483608e-13,1.3554205719635778e-13,2.462247294830749e-13,1.1160272502410972e-09,2.519145115218068e-06,0
933,08:35:00,1.2347741244473283e-10,6.024405263402223e-12,1.8141454174930228e-12,2.032952942294382e-12,1.1907402934491712e-12,1.8426944547974756e-09,2.7525835721269434e-06,0
934,08:35:30,3.879664379156787e-11,1.8086819367272235e-12,1.445533969622101e-12,2.0226549020654155e-13,1.9521942592993766e-13,1.2869426524883397e-09,2.8411553433576155e-06,0
935,08:36:00,8.339385675526925e-11,6.324797589357297e-12,3.998658051593386e-12,4.169501132636396e-12,3.097663533563417e-12,5.341504622582167e-10,2.8166692186764117e-06,0
936,08:36:30,6.100185740784226e-12,1.584919756503054e-12,1.6974272524249615e-12,3.2097472996557773e-13,5.406558871234912e-13,7.355342789265294e-10,2.775716056152992e-06,0
937,08:37:00,2.6603682089261923e-11,2.6333176788281905e-12,2.264707447725584e-12,1.9684554653380693e-12,1.232938253179866e-12,3.209340798762139e-10,2.8019778414550054e-06,0
938,08:37:30,3.961362082924747e-12,2.1553548236121845e-12,1.3353881646752845e-12,1.3013459355507805e-13,2.123635105658011e-13,9.589966745176405e-10,2.3976705298785935e-06,0
939,08:38:00,6.590807157040909e-11,8.123829671488691e-12,4.925248690922831e-12,3.907699179815793e-12,2.1430404434262228e-12,6.847330822136625e-10,2.5575825161836782e-06,0
940,08:38:30,3.150344525967077e-12,1.0689791546670516e-12,1.2810117970279514e-12,1.147009533239302e-13,2.0997367614516417e-13,4.374967807032098e-10,1.9961884416992265e-06,0
941,08:39:00,1.0367759507882306e-10,7.45492923784341e-12,1.618431408790704e-12,4.329446868762796e-13,4.85458846797343e-13,1.45916224392406e-09,2.554627615785945e-06,0
942,08:39:30,2.3147076746812864e-10,2.3814282742543085e-11,4.1750240214227375e-12,1.834112397795138e-12,2.8350171400762182e-12,8.777753516826116e-09,2.8187805183632614e-06,0
943,08:40:00,2.3769168229522584e-10,1.8085791998399308e-11,3.824276363423882e-12,1.5975130797951297e-12,1.1864136617527904e-12,3.4510200790103697e-09,2.8871702988225174e-06,0
944,08:40:30,1.1939894520772534e-10,8.618161002129565e-12,1.5952448342564426e-12,3.1002695147910647e-13,7.169932349147601e-13,2.7696255233922627e-09,2.863516258576592e-06,0
945,08:41:00,1.4604292522813964e-10,1.6717501007159684e-11,3.45164277199167e-12,9.614304904157232e-13,1.2291685163585032e-12,5.315373985381838e-09,2.8484926029511523e-06,0
946,08:41:30,3.017037952300394e-10,1.8323554442055366e-11,2.5326522316656708e-12,4.098680671001767e-13,7.496005542588721e-13,7.999572044212673e-09,2.8818124809551195e-06,0
947,08:42:00,3.2752035236641963e-10,1.7307143644305327e-11,2.3886912719309813e-12,5.13037277911224e-13,8.042202434386205e-13,4.5037948705676814e-09,2.950910917836947e-06,0
948,08:42:30,4.076806918916908e-11,4.719603201294345e-12,1.0984125105266488e-12,6.480718448782713e-13,6.942814627449401e-13,3.177974955922963e-09,2.9473370529918623e-06,0
949,08:43:00,2.8070601134634244e-11,2.4595988265359935e-12,1.1740496563980098e-12,3.19246786001622e-13,3.861002279536742e-13,1.1590731228145952e-09,2.8878302586516326e-06,0
950,08:43:30,5.674437644779284e-11,2.1525261753376756e-12,1.5077393618360785e-12,2.1112326674464697e-13,3.7195887468583254e-13,1.5017867479299861e-09,2.9039075651386073e-06,0
951,08:44:00,3.266897058516963e-11,2.4828526030340887e-12,1.3022211291694482e-12,3.5387093155796586e-13,5.874708141496673e-13,2.5570633817229076e-09,2.909723441459931e-06,0
952,08:44:30,7.015622343625537e-12,9.251434770292972e-13,1.1482910534988467e-12,2.1506609662403745e-13,3.635994999672662e-13,2.926275483188806e-09,2.871323373533396e-06,0
953,08:45:00,2.08342786911486e-11,1.7329166801547258e-12,5.798496282312335e-13,2.2653579087512884e-13,3.164283219312506e-13,3.4746822695767352e-09,2.8916169448810727e-06,0
954,08:45:30,2.6787553388688058e-11,2.578098740986147e-12,6.201466404459034e-13,2.6706266473172587e-13,3.5041683295737316e-13,4.754331896427983e-09,2.855820293310785e-06,0
955,08:46:00,2.440311185799073e-11,2.267374530691468e-12,1.2091329082247249e-12,4.2928219798154337e-13,5.860806608544918e-13,3.925089958778381e-09,2.8964834547887533e-06,0
956,08:46:30,1.9214828831452774e-11,2.5837575197776332e-12,9.062930374832235e-13,2.8638071235447093e-13,4.703829166404462e-13,3.809200491434842e-09,2.858963871375791e-06,0
957,08:47:00,1.1752213001940147e-11,1.5932997201031796e-12,9.653219203331904e-13,2.980783030247315e-13,5.183936489981098e-13,5.053673509188257e-09,2.8793786263205995e-06,0
958,08:47:30,2.8179020532611308e-11,1.8117542746834353e-12,9.127995270821187e-13,3.622714717749594e-13,5.875027513507939e-13,4.921141471994513e-09,2.9043846113602773e-06,0
959,08:48:00,1.226586536139019e-10,8.20987842140354e-12,1.3855181064908825e-12,4.0005377994690317e-13,5.991111487757217e-13,7.037816444638462e-09,2.913125264554927e-06,0
960,08:48:30,1.0410832370383825e-10,4.867411452063692e-12,1.782420118830647e-12,6.841663382162383e-13,6.148491357467875e-13,1.1731391273595387e-08,2.947004945829932e-06,0
961,08:49:00,1.8448559488742922e-11,1.5270787756640632e-12,1.5861702124269486e-12,1.0817439198126557e-12,1.953763621425599e-12,2.5492141710378047e-09,2.855983872048093e-06,0
962,08:49:30,1.1399277434092364e-11,1.9748914392962545e-12,7.77909776095515e-13,2.964571955076837e-13,4.833361621682731e-13,3.5462572189232364e-09,2.9208863425134016e-06,0
963,08:50:00,8.204191999987283e-11,2.9769520733518363e-12,7.932185368773315e-13,2.261795123676364e-13,3.0172511673861485e-13,3.293530234292674e-09,2.9687385245306433e-06,0
964,08:50:30,1.5254818633021482e-10,1.2681182815762852e-11,2.1820314684878677e-12,3.0167190322317853e-13,6.747636499658919e-13,7.856643909539422e-09,2.869539810866839e-06,0
965,08:51:00,1.6359633458870875e-11,1.382160911800491e-12,1.1835541426297772e-12,2.4955771850784964e-13,4.610254807581831e-13,4.360162415695143e-09,2.823537427584996e-06,0
966,08:51:30,1.1405327975923322e-11,1.5313727274561562e-12,1.3805521871354933e-12,1.8837823479547765e-13,2.281955315095716e-13,4.3081159937676815e-09,2.8601015362407454e-06,0
967,08:52:00,2.146054204868965e-11,2.349264421909154e-12,1.0913058152591721e-12,3.056534117138662e-13,3.834559900474322e-13,3.644335848290809e-09,2.9255477033887827e-06,0
968,08:52:30,7.196038118197429e-11,5.62231461011003e-12,1.9172871962100703e-12,6.549983767768727e-13,1.4937793575740514e-12,6.043892739307763e-09,2.881015695055867e-06,0
969,08:53:00,4.311232730866994e-11,4.077298441727547e-12,8.501402855221213e-13,2.2716938339129083e-13,2.7300126571363083e-13,2.575870959818052e-09,2.7998420042445886e-06,0
970,08:53:30,1.1771180456344942e-11,1.7482574086511954e-12,1.2965778089491225e-12,5.060907981876552e-13,8.223030963634693e-13,4.3673472204194234e-09,2.8996187912875294e-06,0
971,08:54:00,2.1327931105177994e-10,1.4322629025660724e-11,1.809465496774872e-12,4.5412467663876284e-13,1.3864591969034103e-12,1.418635253158716e-08,2.8444952311076344e-06,0
972,08:54:30,7.30938794531824e-11,4.5542255073291865e-12,2.153522027691023e-12,8.063710472360689e-13,1.0434159750225804e-12,1.0564176878827106e-08,2.8939464023660427e-06,0
973,08:55:00,2.8438520957139275e-10,1.2452284832170027e-11,3.510671746090671e-12,6.83658468257002e-13,1.6207693158144802e-12,1.894894678882831e-08,2.9226385805303967e-06,0
974,08:55:30,2.568238060894339e-10,7.762869728571397e-12,2.1802689920537066e-12,4.267138009123221e-13,6.668963145363836e-13,6.082127390561096e-09,2.8792669420542138e-06,0
975,08:56:00,3.1339686323915955e-10,1.638908067052156e-11,3.0459716043153297e-12,4.707818329289111e-13,1.0153361251367471e-12,6.8744293312263365e-09,2.8651043049695675e-06,0
976,08:56:30,2.3597567924697725e-10,1.0482852592377915e-11,1.7276558159461895e-12,3.566256473250494e-13,7.034356038707304e-13,6.812080443020246e-09,2.881309201467825e-06,0
977,08:57:00,7.836054919178979e-11,4.526508477404521e-12,1.0517848947158238e-12,2.8964877552845283e-13,4.444213477907011e-13,4.7041234902209045e-09,2.8493571283647405e-06,0
