index,start_time,eeg_delta_power,eeg_theta_power,eeg_alpha_power,eeg_beta_power,eeg_spindle_power,eog_var,emg_rms,label
1,22:48:30,1.644072234495718e-10,6.412605233180627e-12,2.0269725152962437e-12,1.159959312212686e-12,1.4813577393173574e-12,1.7860297165541377e-08,3.2592411622719443e-06,0
2,22:49:00,1.3442570321938808e-10,7.248285897822286e-12,1.57584567210306e-12,9.666269728409956e-13,1.437081508986412e-12,9.976360330634639e-09,3.2539003421655188e-06,0
3,22:49:30,1.4389853810765273e-10,7.871556195220595e-12,2.5647503548405755e-12,1.404427583335373e-12,1.9786849867303753e-12,1.2526951005173306e-08,3.216679925964416e-06,0
4,22:50:00,1.0840460955676733e-10,7.333954363699722e-12,2.0030818816532704e-12,7.715510970245627e-13,1.1619810939062694e-12,1.4954930348663237e-08,3.1841431787111425e-06,0
5,22:50:30,7.051646472845977e-11,4.285086520793693e-12,2.4722996550494866e-12,2.892174327398383e-12,2.978639730560628e-12,4.448965022466057e-09,3.216629175056979e-06,0
6,22:51:00,1.751119514824553e-11,3.5464785634815597e-12,2.3407135883914807e-12,3.305219478221968e-12,2.5663420131277054e-12,3.919379464663676e-09,3.2169225757886846e-06,0
7,22:51:30,1.9670978162325197e-11,3.947002484967077e-12,1.922986344291952e-12,3.2104722630308418e-12,1.9944290769600944e-12,1.9911837131996437e-09,3.186714561572737e-06,0
8,22:52:00,4.1936717078578634e-11,4.2484426494731505e-12,2.633490032250768e-12,3.636683847635663e-12,2.963001394256553e-12,2.094950779284626e-09,3.224534645704754e-06,0
9,22:52:30,1.5374345426129167e-11,3.5888213000132248e-12,3.0167158954264176e-12,3.828302035973285e-12,2.7715975652113315e-12,1.793159544706536e-09,3.282415168481819e-06,0
10,22:53:00,1.586369294237701e-10,4.816470089526227e-12,2.0939361249391595e-12,1.0403411918736273e-12,1.2214964736952867e-12,8.074019629076975e-09,3.2083405748675467e-06,0
11,22:53:30,6.835085805675786e-11,3.905262597181506e-12,1.4250636123637677e-12,1.1104623803589442e-12,1.7007608743896126e-12,3.971014036265899e-09,3.0253243752230184e-06,0
12,22:54:00,8.238198245559286e-11,5.167255647657631e-12,1.3545804583460128e-12,9.206711679317215e-13,1.3252206521913782e-12,1.1379852121851833e-08,3.2100381970143277e-06,0
13,22:54:30,1.2651181676086673e-10,6.319869314684719e-12,1.7449438790334383e-12,7.217607593469676e-13,1.1141125197319248e-12,1.4531871209531729e-08,3.1632163093405113e-06,0
14,22:55:00,8.476347303669188e-11,5.402734498794347e-12,1.2799090561263898e-12,8.822902248493347e-13,1.1924779566357917e-12,7.344267215591324e-09,3.1740881075849825e-06,0
15,22:55:30,1.695031422086357e-10,4.4588004366088504e-12,1.609456431113195e-12,7.913647642496462e-13,1.0712487474520129e-12,1.3932206893856492e-08,3.2352792287177954e-06,0
16,22:56:00,1.7042066064716808e-10,1.6353139608001583e-11,4.547349038473769e-12,3.4948288140419003e-12,4.393761023079055e-12,9.785679302766278e-09,3.268337766002449e-06,0
17,22:56:30,2.253614276955665e-10,9.35455979628405e-12,2.6589862774551674e-12,8.811797987876508e-13,8.988309333331376e-13,5.09223938001457e-09,3.2237826408726626e-06,0
18,22:57:00,2.602807597143813e-10,7.599505499256092e-12,1.99767240358231e-12,5.367757554460938e-13,7.532700478727524e-13,3.0708611020053605e-10,3.2009090989663302e-06,0
19,22:57:30,1.7677430105158528e-10,4.891378328493263e-12,1.7287949786675734e-12,6.614917317043465e-13,1.0797018928339092e-12,2.601844216551493e-09,3.2129001150223624e-06,0
20,22:58:00,1.5336229421585285e-10,5.233506292933939e-12,1.91853284572762e-12,6.518999909044753e-13,9.867564396474906e-13,7.531936891861609e-09,3.200466956484816e-06,0
21,22:58:30,8.347066237800192e-11,2.811982475292595e-12,1.7942301918247196e-12,9.568423339911678e-13,8.929524098730251e-13,5.44917378482576e-09,3.2605119937691713e-06,0
22,22:59:00,8.240475528856186e-11,3.3353878131406788e-12,1.9448673664498016e-12,6.739635803740514e-13,7.759485735468977e-13,3.159884191701925e-09,3.235513884819464e-06,0
23,22:59:30,3.407810783338785e-11,2.405907247981062e-12,1.7119967873251983e-12,9.20230981226873e-13,1.0165006349292969e-12,8.987310359621592e-10,3.1955206645027265e-06,0
24,23:00:00,1.0296606188129646e-10,2.366805396685127e-12,1.9146944266202016e-12,8.311282414646262e-13,1.5810593133381189e-12,3.2393650522500936e-09,3.150481389276261e-06,0
25,23:00:30,8.802423957583957e-12,1.8871792177438986e-12,1.874044360628313e-12,1.626379188587825e-12,1.6785707625309205e-12,1.0792655360050588e-09,3.187398305958177e-06,0
26,23:01:00,1.1754232173897152e-10,5.071549358997146e-12,2.675290924090403e-12,1.3099775661364116e-12,1.46422501148097e-12,2.5115665119422526e-09,3.2430241382947952e-06,0
27,23:01:30,1.1427819211468695e-10,4.83875698170885e-12,1.6839046574052989e-12,1.1957260672859583e-12,1.084474229726784e-12,3.7088603812716897e-09,3.209782836810997e-06,0
28,23:02:00,1.5488842850212465e-10,5.753963915879139e-12,1.3330276740300509e-12,9.08745259268429e-13,1.0069348563837648e-12,6.114048307534715e-09,3.2583838912845956e-06,0
29,23:02:30,1.5875306116988868e-10,9.14238228741806e-12,2.609465847040352e-12,1.2067309568144445e-12,1.4375744577120396e-12,7.570003703676995e-09,3.2017190862393996e-06,0
30,23:03:00,1.8982615715580242e-10,8.389654173514092e-12,2.553447360922611e-12,1.5881032327266262e-12,1.3761917478779738e-12,2.5608643809593672e-09,3.1895098334556424e-06,0
31,23:03:30,1.49957500787314e-10,5.490342794076384e-12,2.280237762310386e-12,1.3632161414102499e-12,1.2990702096363671e-12,6.416892269820702e-09,3.2032653191177486e-06,0
32,23:04:00,6.05285811298329e-11,2.901508099726327e-12,2.003761693265595e-12,1.305230245936387e-12,1.2543249990917594e-12,3.1864367661142544e-09,3.2329426507515545e-06,0
33,23:04:30,6.947192630577921e-11,5.743255938865732e-12,1.3133271555228228e-12,7.350378350218317e-13,5.058887143859253e-13,9.901787375141866e-10,3.219507612161703e-06,0
34,23:05:00,8.751755022518883e-11,4.01389829118988e-12,1.3394914791409189e-12,8.649844828670268e-13,9.595472345203665e-13,6.436796464495603e-09,3.255806486727543e-06,0
35,23:05:30,1.6457059502753534e-10,5.868193808082121e-12,2.3611117472376288e-12,1.2323876134018516e-12,1.2427931696585604e-12,3.665011590190527e-09,3.1772760293336334e-06,0
36,23:06:00,1.363307727037701e-10,4.701991000343152e-12,1.4966029132588295e-12,8.83695918018162e-13,1.0611780143563207e-12,1.133061097779029e-08,3.1871849993999284e-06,0
37,23:06:30,7.70881938499033e-11,2.3537762110630365e-12,1.4846581132280982e-12,6.932078882159351e-13,5.514978675567756e-13,1.8310356734810366e-09,3.206696532511576e-06,0
38,23:07:00,1.5991588993589355e-10,4.061972230757563e-12,1.7431278690427527e-12,1.1183716502327384e-12,1.4757970091292777e-12,8.942398693345583e-09,3.205123936654438e-06,0
39,23:07:30,1.7413776959658652e-10,3.708424377562048e-12,1.6889005454944002e-12,1.1168566663397139e-12,1.4498811568699888e-12,3.893057217063712e-09,3.2633561502502672e-06,0
40,23:08:00,2.0054953177406553e-10,8.007805983359932e-12,1.7002217943830382e-12,9.52815116664856e-13,1.8009423696939314e-12,1.8170613806591465e-08,3.253766160322544e-06,0
41,23:08:30,5.4108510707414534e-11,2.7211699545658033e-12,9.842563974108415e-13,8.226790759851962e-13,7.335532270009711e-13,7.005418281258202e-09,3.1395874183593074e-06,0
42,23:09:00,1.370885813289387e-10,3.342830630688619e-12,1.62082899878267e-12,7.198477767641002e-13,6.754459901183454e-13,1.1759228648255429e-08,3.223970520486195e-06,0
43,23:09:30,1.1881497583185577e-10,3.6302989167206186e-12,1.7903718434722513e-12,1.044985414327146e-12,1.0709381174265892e-12,6.605960490883357e-09,3.214272127830817e-06,0
44,23:10:00,1.170796479027588e-10,3.815808068974492e-12,1.8398863640244895e-12,9.366953751470453e-13,1.2867345350233323e-12,6.120326507756114e-09,3.202173605076859e-06,0
45,23:10:30,8.247962631189529e-11,4.069974345178495e-12,2.2133654730628772e-12,2.137396368284924e-12,1.8569220534307495e-12,4.5375665141897215e-09,3.2451655188413235e-06,0
46,23:11:00,4.5678566062812616e-11,2.090061056992909e-12,1.9061643943295224e-12,1.6711885906647062e-12,1.5479045338114398e-12,5.918533338267193e-09,3.1597474359610273e-06,0
47,23:11:30,1.8221756690479305e-11,1.6358656689470539e-12,2.71893936344993e-12,7.205682670587846e-13,1.4649805888127227e-12,1.8616957006227997e-10,3.2271788683657283e-06,0
48,23:12:00,2.472908296917134e-12,1.7335949433410112e-12,2.2763771495051844e-12,8.39482651952097e-13,1.4371960333230965e-12,1.0078410999405387e-10,3.2245196857384246e-06,0
49,23:12:30,8.672775888913898e-12,1.0946792781976522e-12,2.2879630496533956e-12,7.081010564940648e-13,1.0015896461490647e-12,1.1774263033639645e-10,3.1572231752941054e-06,0
50,23:13:00,1.2679652719654803e-11,3.794131922638669e-12,4.881157505251121e-12,8.121185417965797e-13,1.7450250287179602e-12,1.462928424754347e-10,3.137178414129324e-06,0
51,23:13:30,1.9839036955200926e-12,2.1491680928887246e-12,2.859094985549972e-12,9.425967582674644e-13,1.716804016890984e-12,1.55403209937395e-10,3.1731171251641515e-06,0
52,23:14:00,1.116988246175266e-11,2.0186836357618012e-12,3.2614854792823236e-12,9.128444693385838e-13,1.728894992735955e-12,2.3290794355475595e-10,3.0956659301839846e-06,0
53,23:14:30,2.6643087880237565e-12,2.257257585581371e-12,3.74707354936813e-12,9.528062905990145e-13,1.8904235123412754e-12,2.1630216154399685e-10,3.0276782520756783e-06,0
54,23:15:00,2.0985156123125532e-12,2.770256710901292e-12,3.560170762424761e-12,8.870210840157696e-13,1.5364653095511311e-12,2.1032976596749614e-10,3.109535813398365e-06,0
55,23:15:30,1.4546820987618282e-12,2.7802260282298316e-12,5.725445976151236e-12,9.106269954509493e-13,2.134810145577289e-12,9.88981616018363e-11,3.105661788742168e-06,0
56,23:16:00,4.743690470920978e-12,3.031835363629698e-12,5.043801173219249e-12,9.674381431236123e-13,1.9264099977526545e-12,1.2200708495598693e-10,3.1654019556008795e-06,0
57,23:16:30,3.587434037297197e-12,1.5160887247377917e-12,4.281756614200457e-12,8.712828660613651e-13,1.2469121923918533e-12,2.706414404050124e-10,3.1512550904048154e-06,0
58,23:17:00,2.1373801234306275e-12,1.199433607872283e-12,5.455850844824746e-12,8.534223848562809e-13,1.4355953161014882e-12,1.967575047316306e-10,3.1619420469484427e-06,0
59,23:17:30,1.6569567107933103e-12,2.5688217378305594e-12,4.372698762157022e-12,1.005248073086868e-12,1.460880088661065e-12,2.2777720169578418e-10,3.185821908639503e-06,0
60,23:18:00,2.044594230095723e-12,1.528739770825159e-12,3.2775342187884876e-12,9.263592314048915e-13,1.684264396014286e-12,4.032763245666744e-10,3.2016134514892426e-06,0
61,23:18:30,3.374696162737408e-12,6.447379638190342e-13,1.1276165126985504e-12,6.669832206991023e-13,4.912431503241755e-13,3.9465565526685254e-10,3.1429933644457463e-06,1
62,23:19:00,3.731742378122025e-12,1.0473477487515448e-12,3.368885504125645e-12,8.958436926426425e-13,6.006010361182257e-13,3.3508843768241984e-10,3.181790931835081e-06,0
63,23:19:30,3.4415542852904027e-12,6.450336747913758e-13,1.8590982605322074e-12,6.593843636139062e-13,8.761914855343608e-13,1.9022475647176193e-10,3.162234140360903e-06,1
64,23:20:00,4.91886751371574e-12,1.2010897584933647e-12,1.7531845343147272e-12,9.34313088218297e-13,1.1408692546512628e-12,1.6332337457658217e-10,3.2373045808168074e-06,0
65,23:20:30,2.7801792784183675e-12,1.1176024167336154e-12,3.2777070282451577e-12,8.122946274476269e-13,1.2420934801884575e-12,2.85859937208331e-10,3.229035063756048e-06,0
66,23:21:00,2.5964213694981563e-12,5.776404091343527e-13,1.8260345463952804e-12,8.193286294953865e-13,6.004732359462939e-13,5.692846477514503e-10,3.216325452662158e-06,1
67,23:21:30,5.945146642869971e-12,9.647477552703754e-13,1.2916171435086723e-12,7.492520454701855e-13,9.319213688749547e-13,4.811666311690948e-10,3.2086572283949534e-06,0
68,23:22:00,5.903732145333829e-12,5.405134062387533e-13,6.816338046074935e-13,7.52191144385124e-13,5.841660862403185e-13,3.2672992228872053e-10,3.202855757630424e-06,1
69,23:22:30,2.4377837424715274e-11,9.061767513578451e-13,9.663474055243866e-13,7.847293914501283e-13,6.84164609433341e-13,2.3918113158680364e-10,3.1750520697538076e-06,1
70,23:23:00,2.5436045948248133e-11,6.113612375974604e-13,1.1182904590472562e-12,9.301825280386104e-13,7.741595843429383e-13,2.3855414135680823e-10,3.259913841617488e-06,1
71,23:23:30,1.2582919049240952e-11,1.3264450259220721e-12,3.736945009359675e-12,1.1314141723898594e-12,2.7054667304769296e-12,1.7421490014869608e-10,3.26215354662496e-06,1
72,23:24:00,1.6844967487297173e-11,1.2337087818312768e-12,7.760102231834907e-13,6.666879556305773e-13,5.583808653599542e-13,2.380010631705658e-10,3.198305487834556e-06,1
73,23:24:30,8.802957717079169e-12,1.5412667234607547e-12,6.91853409607121e-12,1.086898635178809e-12,2.3791647908178785e-12,2.0026433065101026e-10,3.2476208358802505e-06,0
74,23:25:00,8.069315667384787e-12,9.753366972286257e-13,2.1934414968413022e-12,9.185167384097213e-13,1.079574033280214e-12,1.923730666909242e-10,3.1326214322592396e-06,0
75,23:25:30,1.1283692765013027e-11,1.189414006253421e-12,8.377712813114828e-13,9.339642617766825e-13,8.29799857342589e-13,3.1044315199255173e-10,3.199322615953624e-06,1
76,23:26:00,1.778415505704822e-11,1.5725490297635674e-12,7.531230389651665e-13,8.122537838351429e-13,5.555855745191726e-13,2.2900335165428633e-10,3.218923807323466e-06,1
77,23:26:30,1.462952295990932e-11,1.4786811583516781e-12,1.3020029947889197e-12,1.0759695995031907e-12,1.450366146704956e-12,3.18507773746738e-10,3.1767999364432007e-06,1
78,23:27:00,2.7208061965644874e-11,1.1270189887132993e-12,2.8318973455894485e-12,8.331662582686694e-13,8.743478731325597e-13,2.661378060532557e-10,3.2199111968846114e-06,1
79,23:27:30,2.2620587358976325e-11,9.501140772068632e-13,7.971310436286254e-13,7.192864487446977e-13,5.300405121675463e-13,3.001896998861477e-10,3.205652602432021e-06,1
80,23:28:00,4.68966248499686e-11,2.00911129990823e-12,7.887122237559009e-13,7.36292091956371e-13,7.215178698634681e-13,1.8709523395689656e-10,3.1959781662393776e-06,1
81,23:28:30,3.115621945037891e-11,1.3180782709915718e-12,1.0928306452629366e-12,7.004981019527146e-13,8.82052779426573e-13,2.7243664288904845e-10,3.2004605609243143e-06,1
82,23:29:00,4.3045811969260245e-11,1.7098756953986826e-12,8.265953247460702e-13,6.786231287005234e-13,1.2800981479084495e-12,2.0199105673939864e-10,3.168085152511597e-06,1
83,23:29:30,3.778599661025662e-11,1.4923659573074074e-12,6.923065488019514e-13,4.0078329657113984e-13,9.78368405076312e-13,1.1038323923900761e-10,3.174613352194988e-06,2
84,23:30:00,2.1981053253854778e-11,1.658256500205759e-12,5.833254332923004e-13,3.354388577209605e-13,7.584770765044492e-13,6.888110998223793e-11,3.206140685113359e-06,2
85,23:30:30,3.87478165244167e-11,2.2944903165342782e-12,1.1113790271294332e-12,4.3806917311336864e-13,1.3023863475920891e-12,1.070090399079432e-10,3.2232899972117156e-06,2
86,23:31:00,2.2870537570519216e-11,1.3519990390596692e-12,8.88716786907497e-13,5.706898380893548e-13,7.420565013768297e-13,1.6509387225312777e-10,3.2549685395057156e-06,2
87,23:31:30,2.7838223122743065e-11,1.6567754817278912e-12,7.005420412193367e-13,2.5767465334864564e-13,5.337459808805878e-13,1.6149003474892378e-10,3.2171319446232235e-06,2
88,23:32:00,3.39811916247439e-11,1.5679707104567688e-12,5.354137026906213e-13,2.3534534549938374e-13,5.495297499238854e-13,7.70900272373735e-11,3.214144368021941e-06,2
89,23:32:30,4.2213131786450155e-11,2.649890103826315e-12,1.1168115496607023e-12,2.220956726999537e-13,4.952852097410067e-13,1.1115848457984026e-10,3.174707575962195e-06,2
90,23:33:00,3.7693888000429355e-11,1.7668073128072575e-12,7.434979544513504e-13,2.821284977007618e-13,8.393487828349578e-13,9.346669355616985e-11,3.1674255064694286e-06,2
91,23:33:30,2.6509934403864974e-11,1.3659285860711138e-12,6.567398024043686e-13,2.0957694430388704e-13,3.327587976353579e-13,1.2073760633110948e-10,3.2061033887594897e-06,2
92,23:34:00,3.2860461338080204e-11,2.1365606387029107e-12,1.0503165899140515e-12,2.0357198326616761e-13,5.484892434361664e-13,1.3659691983644362e-10,3.179018531296709e-06,2
93,23:34:30,3.7564941710425426e-11,1.5529144310664966e-12,9.774925650399396e-13,2.575759736197482e-13,5.648070176201139e-13,9.867002118880876e-11,3.1347964936060507e-06,2
94,23:35:00,2.977624445446408e-11,2.656192074682481e-12,5.020367873889484e-12,9.101944320998767e-13,3.051686324901354e-12,1.5056366560264565e-10,3.1304350843666386e-06,2
95,23:35:30,1.5042804669628298e-12,1.2333804692445767e-12,1.9067575866642156e-12,7.440651091039215e-13,1.7972933354433164e-12,8.291256146477987e-11,3.0819049595332208e-06,0
96,23:36:00,9.864612423975379e-11,6.606403532021035e-12,1.8827472313760684e-12,9.476749492828715e-13,1.07943186646255e-12,6.6813846295966395e-09,3.1545711003168823e-06,0
97,23:36:30,5.502423786077975e-11,5.46787213432204e-12,2.1784630551249507e-12,1.6074324235429847e-12,2.07641473446074e-12,6.3958352674712625e-09,3.17048930795464e-06,0
98,23:37:00,5.29304696276098e-11,4.224083254712367e-12,2.633802627950318e-12,1.7722605908017248e-12,2.7908583958344808e-12,7.717392926831703e-09,3.177156133377628e-06,0
99,23:37:30,9.129820437753174e-11,6.280278745500643e-12,2.0529158760055925e-12,1.094132832775757e-12,1.3608218808953069e-12,1.106183114422733e-09,3.2007071452742757e-06,0
100,23:38:00,2.13956179803965e-11,1.7847610163931301e-12,4.777395326309393e-13,4.712474096186509e-13,5.933900068068737e-13,2.7897822760000124e-10,3.1526180291803394e-06,0
101,23:38:30,4.707252455232714e-11,2.4907353173612735e-12,7.419413155272778e-13,4.671687543526471e-13,6.599053598190161e-13,1.8761812242848453e-09,3.150737515635251e-06,0
102,23:39:00,1.6682449606619982e-10,4.468865258981294e-12,2.864788863426712e-12,1.2145886867123714e-12,1.3788463604851212e-12,4.508009313798039e-09,3.1521665664638997e-06,0
103,23:39:30,1.5127785767986545e-10,4.032236275277716e-12,2.2188485533236654e-12,8.077828634655227e-13,1.291093944716551e-12,1.1693891552129168e-08,3.189493394538567e-06,0
104,23:40:00,2.167890133851333e-11,2.5798630183861764e-12,4.137354753007452e-12,7.824848981529785e-13,1.746762146098901e-12,7.129735810442935e-10,3.078537372745876e-06,0
105,23:40:30,9.111204276048477e-11,2.492414413745821e-12,1.6131681590451815e-12,5.544362128199116e-13,9.32028390176614e-13,3.769194236521813e-09,3.1377481775613374e-06,0
106,23:41:00,5.5223359345791066e-11,3.396235008974e-12,3.805578420660971e-12,2.2809679132508467e-12,3.6011291191767894e-12,2.040495274312462e-09,3.1689969949334082e-06,0
107,23:41:30,5.1968733818501176e-11,2.3983769882873184e-12,2.8089832903804496e-12,1.864085284797506e-12,2.8781244378207793e-12,1.9661005672183148e-09,3.150409085907412e-06,0
108,23:42:00,5.091399875637578e-11,2.3441583760867047e-12,2.388094784911024e-12,8.467767250989383e-13,1.3154081776288504e-12,9.867456160591942e-10,3.057502163096549e-06,0
109,23:42:30,1.58275756234118e-11,3.0917182142975574e-12,4.157827907993709e-12,9.273722956039408e-13,1.5938145578694539e-12,4.0176774941998494e-10,3.2005305116044088e-06,0
110,23:43:00,1.8987162328027516e-11,4.365781353358516e-12,3.747444490311218e-12,1.087466666851827e-12,1.8409435617213836e-12,4.988272251390244e-10,3.1453432156220677e-06,0
111,23:43:30,1.9927058550856874e-11,4.849643729919999e-12,3.746866202978503e-12,1.0117736813874963e-12,1.961104962646163e-12,3.689121089688316e-10,3.178236069819799e-06,0
112,23:44:00,8.061728181348753e-11,2.8462026281906574e-12,3.6066156835657595e-12,8.097362803610304e-13,2.2137199118615643e-12,3.9865104400507343e-10,3.170649039558701e-06,0
113,23:44:30,1.8622635365134126e-11,2.7779070804156025e-12,5.201935285823394e-12,7.574723412786861e-13,1.7589906700420724e-12,1.9326450867257164e-10,3.1509116040080976e-06,0
114,23:45:00,2.735610467052704e-12,2.77481327823844e-12,4.538893369860157e-12,8.440643377291429e-13,2.56993983762739e-12,1.8432375669257014e-10,3.1482915505566286e-06,0
115,23:45:30,1.0678585277293537e-11,2.2578580871155253e-12,4.054732562738659e-12,1.1084250270022881e-12,2.2947410367671153e-12,2.066056445340752e-10,3.1413377351482215e-06,0
116,23:46:00,1.0449720344044877e-11,1.5100837189112852e-12,3.980529631486103e-12,7.900131443908068e-13,1.7728850135820489e-12,1.777460400390534e-10,3.139575252182906e-06,0
117,23:46:30,1.438540294261341e-11,1.745056782544021e-12,3.822333960309884e-12,6.92271513169893e-13,1.1248413188146104e-12,2.1696134556590402e-10,3.1650888041105133e-06,0
118,23:47:00,2.7337082674405263e-12,1.6858759776100644e-12,3.470950548723324e-12,9.956897714093675e-13,1.4786268908653895e-12,3.8378972599296026e-10,3.1907820868652107e-06,0
119,23:47:30,1.820407034405399e-12,1.6592633534548903e-12,3.1539127134585797e-12,8.632472459805022e-13,1.615911274730585e-12,3.828980873322935e-10,3.1589224780706785e-06,0
120,23:48:00,6.273861160592997e-12,2.9852724516522925e-12,4.0336161911982245e-12,9.351340906375657e-13,1.4620775348510047e-12,1.6729832571709325e-10,3.1691683529291647e-06,0
121,23:48:30,1.6600655426418485e-12,2.522744752416087e-12,4.26643659805646e-12,8.794559051476966e-13,1.4860280513663598e-12,1.710778469654345e-10,3.1568609240398444e-06,0
122,23:49:00,1.815171840096935e-11,1.1723414750356359e-12,3.048004370417166e-12,7.36664605606478e-13,1.160772579609108e-12,2.623623751401603e-10,3.0847352408939097e-06,0
123,23:49:30,7.601985722402989e-12,1.6560539096288495e-12,3.7423991519700835e-12,7.841542297741196e-13,1.3807361322043722e-12,2.1519192991288953e-10,3.15208889760552e-06,0
124,23:50:00,2.0467561138693573e-12,2.651512205989279e-12,3.871832693247419e-12,8.523615936867717e-13,1.740647448306428e-12,2.33482892826176e-10,3.2228528195041944e-06,0
125,23:50:30,2.403860060067674e-12,6.250908671066714e-13,1.7311934519813627e-12,7.127598282323007e-13,9.487710066543764e-13,2.7042032885046333e-10,3.2053904541925345e-06,0
126,23:51:00,1.1937751170466095e-12,1.7132829346595783e-12,3.945751332097784e-12,7.94998703072142e-13,1.7477506418059164e-12,2.670594590669578e-10,3.1758658115981367e-06,0
127,23:51:30,2.165484837222837e-12,1.8489016829114265e-12,5.1619502215204764e-12,8.626446057764892e-13,2.05846142626177e-12,1.9416285787533935e-10,3.138826481653231e-06,0
128,23:52:00,8.16286803659052e-12,3.5569406505806977e-12,4.456704948264368e-12,9.894033794007129e-13,2.009891105885352e-12,2.132864087012784e-10,3.1383974741222847e-06,0
129,23:52:30,1.4952894178983694e-11,1.5255606521610721e-12,4.569938612197129e-12,8.039671646476639e-13,1.8925642572909757e-12,3.270417287430837e-10,3.179351568255552e-06,0
130,23:53:00,3.2136832534351934e-11,2.8105342598213567e-12,3.441298374117309e-12,7.379792455112259e-13,1.6881208483544178e-12,6.27088187047306e-10,3.191315099827917e-06,0
131,23:53:30,4.358669533216103e-12,4.5340993674692894e-12,3.922772287124355e-12,1.2686236804733103e-12,2.393989240091115e-12,4.4797601243876455e-10,3.2380109864609536e-06,0
132,23:54:00,1.9719146529897067e-12,1.3345897269244019e-12,3.2341264073525746e-12,8.760993075218449e-13,1.2280521829054425e-12,2.4341060570812083e-10,3.2111882416111536e-06,0
133,23:54:30,2.0592797594680037e-12,1.2575957755195843e-12,2.439148287586609e-12,8.474336154851168e-13,8.76743931489654e-13,1.9128828881302806e-10,3.171137535405084e-06,1
134,23:55:00,2.190846349909556e-12,6.116631709588671e-13,1.3624551168274748e-12,6.660061741270813e-13,7.13705438750578e-13,1.8172828083211117e-10,3.1253101258001553e-06,1
135,23:55:30,1.7480646789982797e-12,6.061447393754303e-13,9.352277684970875e-13,6.835601566520859e-13,7.469224321568718e-13,1.1817849712524926e-10,3.1831311087279438e-06,1
136,23:56:00,1.979255679622463e-12,6.494684572680525e-13,7.86081068211806e-13,5.917088652689754e-13,6.808122257777891e-13,1.3704629777525113e-10,3.1899148606675914e-06,1
137,23:56:30,4.132156546373888e-11,1.6471190703370983e-12,1.4504687973334398e-12,5.529872034547443e-13,1.067405925448803e-12,9.658038791720725e-10,3.1026962512152014e-06,1
138,23:57:00,3.2146136482602936e-12,7.576558163327182e-13,1.342268929653392e-12,7.316187647200733e-13,6.70858657967061e-13,2.6494847226387377e-10,2.685632896861155e-06,1
139,23:57:30,3.312949541248645e-11,7.619104282336966e-13,1.122981130419826e-12,8.730330701709946e-13,1.0269812025602642e-12,4.859889653804743e-10,2.8690701876417517e-06,1
140,23:58:00,2.2052747785462476e-11,2.0873850544583327e-12,2.7050065875721954e-12,1.0738368006418257e-12,1.9296628745265757e-12,1.8966396976812375e-09,3.1124446165220778e-06,0
141,23:58:30,1.983610475831304e-12,1.4808943301484695e-12,2.376213559467756e-12,5.780177802710132e-13,5.714680729423988e-13,2.399374108766756e-10,2.6754157698951925e-06,1
142,23:59:00,8.936956436813572e-12,6.337613790446298e-13,6.714113357354423e-13,4.553295332369128e-13,4.603068424405431e-13,1.970263069559495e-10,2.941735618521194e-06,1
143,23:59:30,7.936393682972183e-12,7.658165224611826e-13,9.015697644958581e-13,5.12765061627635e-13,6.207286139856626e-13,1.6736986014579426e-10,3.055062437491354e-06,1
144,00:00:00,1.1921690359979475e-11,8.693786808700279e-13,1.0019131607144498e-12,5.24170825605151e-13,7.63802625602424e-13,1.5241139911431975e-10,3.1053058725493918e-06,1
145,00:00:30,3.132988051690409e-11,7.174391155337019e-13,1.4554683129752656e-12,5.507473797007598e-13,6.311779549235363e-13,2.9093333134736746e-10,3.1390864318902564e-06,1
146,00:01:00,2.6983615764000835e-11,1.184331468819216e-12,4.394713680887492e-13,5.668954201033726e-13,6.070786209941709e-13,2.6922334748318797e-10,3.1595756348212363e-06,1
147,00:01:30,2.1078148790224212e-11,1.0128854690486412e-12,8.315236091375351e-13,4.262883860937972e-13,3.810398074571937e-13,2.4464695187680854e-10,3.149418794051047e-06,1
148,00:02:00,3.213678923821412e-11,1.8464596967012587e-12,2.1004384115489056e-12,6.413125208054104e-13,1.335077525090658e-12,3.055167884483429e-10,3.026110970004712e-06,1
149,00:02:30,3.486340355473101e-11,1.2034885946417081e-12,1.7782345236277617e-12,6.048510982952753e-13,8.094448149740587e-13,1.463778726097443e-10,2.603152813681366e-06,1
150,00:03:00,1.0928498586199263e-11,1.132093794847957e-12,8.535598801758495e-13,4.567282580032009e-13,5.43947360099207e-13,1.8989211638252904e-10,3.059795768979851e-06,1
151,00:03:30,5.1588313290186386e-11,1.277338051055232e-12,6.719899384035637e-13,4.271232949534173e-13,6.304569043257537e-13,2.2064605457784565e-10,3.0156229569367225e-06,1
152,00:04:00,1.9229588420002513e-11,1.0482353106220541e-12,8.730032260036967e-13,3.9045600910038634e-13,5.480887536548618e-13,2.2291997124712158e-10,2.9927448077282207e-06,1
153,00:04:30,4.697150180127072e-11,2.547077521778641e-12,1.8220102891308286e-12,1.56837249054671e-12,1.3830979197208395e-12,2.094878920393328e-09,3.1033081069137033e-06,1
154,00:05:00,6.550348590663726e-12,1.9089869085195077e-12,4.8898720836563426e-12,6.853405755677246e-13,1.2133949355597727e-12,1.6390042924332167e-10,3.092752211497326e-06,0
155,00:05:30,2.092922463222743e-11,6.304416521724738e-13,6.211525217315136e-13,4.491089459894054e-13,5.402244252389292e-13,3.4938171845089197e-10,3.043200860038106e-06,1
156,00:06:00,4.255564096460372e-11,1.2939546420555417e-12,6.170888741447741e-13,4.656227721999621e-13,5.701812931019073e-13,1.2645609044936375e-10,3.143795042882472e-06,1
157,00:06:30,2.4548725373141487e-11,1.3205762524504707e-12,9.145185816176143e-13,3.626470057424277e-13,5.38125194014771e-13,9.872983808670472e-11,3.1008173345386384e-06,1
158,00:07:00,2.6483858773847945e-11,1.6726684983653541e-12,2.1802947872536954e-12,5.751984396183832e-13,1.225874382046588e-12,3.247981354188279e-10,3.136741396165373e-06,1
159,00:07:30,1.2208675443950659e-11,1.8290401424882777e-12,2.27134429652015e-12,5.550833640960111e-13,7.032407460591086e-13,2.0829724098644044e-10,3.089890135405286e-06,1
160,00:08:00,2.6512656470769107e-11,9.214091902841308e-13,6.896953694124859e-13,4.599242151587944e-13,3.8208775879985735e-13,1.3284209304683033e-10,2.8579851724951365e-06,1
161,00:08:30,1.5043586721021167e-11,8.995336516578308e-13,4.0706800533462536e-13,3.432106809130478e-13,3.5409803635987325e-13,2.4177194420032207e-10,3.1064163071202478e-06,2
162,00:09:00,3.454389124270132e-11,1.8627094151092014e-12,9.669302938646947e-13,3.929804824482761e-13,7.74797688927698e-13,2.0267805088046003e-10,3.133744603147147e-06,2
163,00:09:30,2.8091172824511202e-11,1.7067306542164244e-12,1.4669603949909435e-12,4.660081848420254e-13,8.792855750904281e-13,1.5310125497713774e-10,3.1672492068359304e-06,2
164,00:10:00,3.8872849584339805e-11,2.5700298009959876e-12,1.6449341863470802e-12,5.638159230730409e-13,8.684523877981281e-13,2.410631780490378e-10,3.163192074849e-06,2
165,00:10:30,1.9898260398416202e-11,2.176696888757103e-12,1.4162897884423598e-12,5.847165287482608e-13,9.077788985583026e-13,1.2593494901698784e-10,3.105044292268105e-06,2
166,00:11:00,5.789561092253197e-11,1.4748577510359671e-12,6.886150385630749e-13,3.5971771317614063e-13,6.984628247101116e-13,1.5527116077850832e-10,3.118448436227611e-06,2
167,00:11:30,2.285447939426802e-11,1.1496735360625745e-12,8.71182200232651e-13,2.1397265818628672e-13,4.4848922332379997e-13,9.418556892499644e-11,3.0745007090757145e-06,2
168,00:12:00,1.8647449994976845e-11,1.6453352443179518e-12,6.41519461178425e-13,2.639748577281631e-13,8.427126823010025e-13,1.157369649642985e-10,3.0100906223537454e-06,2
169,00:12:30,3.165840237023791e-11,1.8873899983863735e-12,1.1964229603172563e-12,3.1703746391272097e-13,7.03564018499302e-13,1.0076572092600152e-10,3.103278872007381e-06,2
170,00:13:00,4.011493313693549e-11,1.647427228250163e-12,7.996627656737503e-13,1.8665602449992268e-13,6.116961187050658e-13,1.47220092725026e-10,3.139543644800921e-06,2
171,00:13:30,1.6204819942130703e-11,1.8842039016084057e-12,9.622982187990892e-13,1.9724207816301952e-13,5.822123236080456e-13,1.0295289248190691e-10,3.0500491274797248e-06,2
172,00:14:00,2.1864467966034103e-11,1.0111539841571368e-12,7.642779959752284e-13,1.7565744634512851e-13,6.629270921671349e-13,1.188137072144512e-10,2.8248668254076923e-06,2
173,00:14:30,2.834571129689189e-11,2.333307363337092e-12,7.504216996935287e-13,2.033416594558068e-13,7.186289732446268e-13,1.3452181970499907e-10,2.839770371395707e-06,2
174,00:15:00,2.4689408606461375e-11,1.7047987676068593e-12,7.795599593039301e-13,2.7426692697493263e-13,9.969392921358136e-13,1.0111465311931953e-10,1.8535086126026568e-06,2
175,00:15:30,2.440173724424744e-11,1.3425714752213791e-12,7.021204676796653e-13,2.0539784599467668e-13,3.2265229824339115e-13,1.444746519753159e-10,1.974733459275144e-06,2
176,00:16:00,3.421609057417865e-11,1.7401526611333186e-12,1.0051723873800839e-12,3.130584973300354e-13,1.6204486777287247e-12,1.1680488286946664e-10,2.081165541180523e-06,2
177,00:16:30,3.3370340462819934e-11,1.7064490913668421e-12,8.799636412078913e-13,2.6169109271128157e-13,1.2753742270803658e-12,1.1729547764418582e-10,1.918727400110562e-06,2
178,00:17:00,4.042860928840337e-11,2.2076853289559844e-12,1.0756019097891755e-12,2.3462430532400995e-13,1.056623774926907e-12,1.7214038038846027e-10,1.8623023191276608e-06,2
179,00:17:30,4.941843313192678e-11,2.945487366604609e-12,9.233209969132462e-13,2.9497029517299927e-13,1.733082904676304e-12,1.4557984643820612e-10,1.9451851593904734e-06,2
180,00:18:00,4.153452058701586e-11,2.0548432760080783e-12,9.95946274042041e-13,1.9312818782510427e-13,8.920273910132182e-13,1.9680772420294196e-10,1.8822424902234089e-06,2
181,00:18:30,7.165033448320118e-11,2.6661152970030827e-12,7.761314514802714e-13,1.8777738044968676e-13,8.971908631371201e-13,1.958110958232729e-10,1.8235500452030706e-06,2
182,00:19:00,3.295144000736173e-11,2.3028754060088247e-12,1.2143263812667507e-12,3.2335783787861296e-13,8.625937764382984e-13,1.9912353140206216e-10,1.8044054667556383e-06,2
183,00:19:30,4.865045666294996e-11,2.3205672073477283e-12,1.071375452438699e-12,1.92929447892269e-13,8.900859391953967e-13,1.809870085611615e-10,1.8498638241416874e-06,2
184,00:20:00,3.265850383848356e-11,1.3138819850961253e-12,6.739937807569659e-13,1.2660592515196793e-13,4.1036955233573474e-13,2.2213333987734062e-10,1.7062127597998347e-06,2
185,00:20:30,5.644821873891613e-11,2.8526378090838497e-12,1.4558650275919608e-12,1.9399895932455944e-13,8.361290435689879e-13,2.2187059225693498e-10,1.6724935126560923e-06,3
186,00:21:00,3.821681644181913e-11,2.035391088706918e-12,1.0504945930589638e-12,1.4960320350575448e-13,6.787788575825931e-13,2.3539922350408144e-10,1.0935803043955306e-06,2
187,00:21:30,4.635273148060622e-11,2.191058583632007e-12,1.0775281752388188e-12,1.1500995265674954e-13,4.664990785204612e-13,2.2205989665354183e-10,1.0822246409903526e-06,2
188,00:22:00,4.058104657730312e-11,2.961228524314484e-12,4.919635452559142e-12,5.596275911878189e-13,2.0004895995762625e-12,9.367079308735328e-10,2.5233510799246406e-06,1
189,00:22:30,4.889067667616842e-12,3.0976537460009824e-12,4.5061028890025384e-12,7.787340176516034e-13,1.4140400348640732e-12,1.0180649741542792e-10,3.218684817459096e-06,0
190,00:23:00,6.063388490291459e-12,2.0539714999536933e-12,3.3601352035564694e-12,6.362623653068127e-13,1.0376893860177106e-12,1.0682203579959427e-10,3.2418064615609603e-06,1
191,00:23:30,4.391028248665379e-11,1.926620597481705e-12,1.162194107271315e-12,5.999776819171709e-13,1.2348704149448735e-12,9.773590301187558e-11,3.166510775737333e-06,1
192,00:24:00,2.750338331090223e-11,2.891164169627242e-12,2.2359310604646724e-12,5.026416818308662e-13,1.1219784394777367e-12,1.3022901052678954e-10,3.1308664801334343e-06,1
193,00:24:30,3.151664125440403e-11,2.3210877591354025e-12,1.3342918606182185e-12,3.293025512491491e-13,8.926019225056155e-13,1.1845462522278361e-10,3.116369752399227e-06,1
194,00:25:00,2.7082785289933083e-11,1.7814604679039835e-12,6.925482518094259e-13,2.293392281048591e-13,3.260162862726496e-13,1.1176630680041075e-10,3.115143245431367e-06,1
195,00:25:30,2.6764689392967714e-11,2.3262000222378e-12,2.2232360769506226e-12,4.0627267693719154e-13,1.4054497987424713e-12,1.3019108585811636e-10,3.22949057551815e-06,1
196,00:26:00,3.143392968787531e-11,1.5275963423829832e-12,8.311663438597277e-13,3.7869388856233886e-13,9.503256371496005e-13,1.010296461777949e-10,3.167511188802752e-06,2
197,00:26:30,2.731968591891969e-11,2.522988579869324e-12,1.3300529132935472e-12,5.65372228390479e-13,1.2915289693159612e-12,1.3791840939797878e-10,3.123025136688217e-06,2
198,00:27:00,2.871508597282372e-11,1.9263438089845044e-12,1.3935445822595107e-12,4.1000311628133626e-13,1.2823651930311875e-12,1.418138834608346e-10,3.037655738470029e-06,2
199,00:27:30,3.4512344810570957e-11,3.3957629381633105e-12,3.1839429039307464e-12,9.723538463049535e-13,1.4548175486959292e-12,2.0755768948355494e-09,2.712047069750339e-06,1
200,00:28:00,3.7814973702399084e-11,1.944640761068206e-12,2.221534408114315e-12,5.021619319570712e-13,1.2241495574573225e-12,9.627269238529825e-10,2.8474612130749676e-06,1
201,00:28:30,8.332379983745404e-12,1.3387888349409107e-12,1.3628671608798228e-12,4.476862013803811e-13,8.866787157704636e-13,2.8164144643353083e-10,3.0028610525554828e-06,1
202,00:29:00,2.0165886610190746e-11,1.4296366943000742e-12,4.652882394726229e-13,2.560770437844189e-13,4.709298603660783e-13,6.917113108330372e-11,2.2710195543103295e-06,1
203,00:29:30,3.716721392515334e-11,1.9544992564221533e-12,9.130669209232277e-13,2.9275521846694184e-13,6.733040268564553e-13,1.3189467340057966e-10,2.571814672857076e-06,2
204,00:30:00,3.699526750065269e-11,2.0497399040819724e-12,8.377444726347032e-13,2.2335853332111854e-13,6.430455976322552e-13,1.1330358318926296e-10,1.983955243572172e-06,2
205,00:30:30,2.321393088926784e-11,1.5623828021100291e-12,6.117043426257281e-13,2.56823186553285e-13,6.8954884690835e-13,1.0936223138121956e-10,1.8835342567215097e-06,2
206,00:31:00,3.090234206795462e-11,1.4788301726114344e-12,6.375520950794125e-13,1.730479576601411e-13,5.735371707689521e-13,1.0519562047626262e-10,1.7553773801703227e-06,2
207,00:31:30,2.950440064463565e-11,1.7763296943272719e-12,6.109638834066833e-13,1.995926586811607e-13,6.27544337149403e-13,1.3050382574984447e-10,1.6974958633697498e-06,2
208,00:32:00,5.083471102261219e-11,1.7155021210642552e-12,7.47442388456498e-13,2.831942781119273e-13,8.788694463992751e-13,1.9455126080042286e-10,1.3866461537173164e-06,2
209,00:32:30,2.1997956061856978e-11,1.5627911669161819e-12,5.282405639474755e-13,1.2238726347180644e-13,2.4126558126040717e-13,1.3206083079364333e-10,1.5611176728867293e-06,2
210,00:33:00,1.961189220762686e-11,1.757742668728238e-12,8.603203278346337e-13,1.8837758418010758e-13,4.537819971300303e-13,1.6609056432759142e-10,1.3400618050031274e-06,2
211,00:33:30,2.2349806333209253e-11,2.6165298651733515e-12,8.424648486400712e-13,2.0789717251321645e-13,9.296906897941707e-13,1.6254957133843075e-10,1.186990058372335e-06,2
212,00:34:00,3.617268164551424e-11,2.9133890578154357e-12,9.121547852093828e-13,2.4958229097334885e-13,1.5456501655122063e-12,1.9557612270546834e-10,1.0052700289718929e-06,2
213,00:34:30,4.0494584258709535e-11,1.8685098190534438e-12,8.640982422686012e-13,1.699385154537061e-13,7.38458155135779e-13,1.786970471862623e-10,1.0751878180865352e-06,2
214,00:35:00,6.196535707511463e-11,2.165289526281069e-12,9.946452353064213e-13,1.4444251337619667e-13,4.784662648992411e-13,1.477824023751426e-10,9.777861797554044e-07,2
215,00:35:30,3.943882372811513e-11,1.9455639729959586e-12,1.115873771645307e-12,2.6037015698569094e-13,7.051743281514736e-13,2.2400363103841327e-10,1.799725011062313e-06,2
216,00:36:00,2.713964198318048e-11,2.053405880594011e-12,8.728998516676148e-13,1.3936590771729426e-13,5.3922346173139e-13,1.7093556566461837e-10,8.773693379550739e-07,2
217,00:36:30,4.729927615626034e-11,2.5034252012286443e-12,1.122759259210091e-12,1.3869124492659248e-13,4.3711848920226525e-13,2.512807901057654e-10,8.818673786408112e-07,2
218,00:37:00,3.0479113693567084e-11,1.721856634771361e-12,1.159042766759682e-12,1.7136745065123037e-13,7.660818146333403e-13,2.1823074984254e-09,8.037843216404484e-07,2
219,00:37:30,4.4911853476300665e-11,1.921557709549785e-12,9.498005734880917e-13,1.440882641849918e-13,6.174302956145416e-13,8.356060104487144e-09,8.013429873394572e-07,2
220,00:38:00,3.6290005455587036e-11,2.7230321019184224e-12,7.688015001578504e-13,1.613106106635595e-13,8.40827239261464e-13,4.518639242484859e-09,8.2477565603906e-07,2
221,00:38:30,2.954968919025843e-11,2.567249092022946e-12,1.1916443992100208e-12,1.690388724273493e-13,5.867350186324369e-13,8.362615073037259e-10,8.321744585809903e-07,2
222,00:39:00,2.9911883923091447e-11,2.561298622082598e-12,8.95842313754015e-13,1.925547708846157e-13,9.45709428260031e-13,1.4115205383295225e-10,7.736023354084319e-07,2
223,00:39:30,5.5775962493739554e-11,2.692112649991226e-12,1.2767922545580674e-12,1.8826927030770584e-13,8.778333720811002e-13,5.487873075024772e-10,7.114147240537464e-07,3
224,00:40:00,4.1430667664108853e-11,2.345450968752611e-12,1.0368919523443484e-12,1.430978859138942e-13,5.40379981236494e-13,3.461624103614862e-10,6.706862221059309e-07,2
225,00:40:30,3.789304711748652e-11,1.7910807568652147e-12,7.792047301887354e-13,1.9003502652957226e-13,3.4077740520203083e-13,2.2191020910587258e-10,8.560216684611252e-07,2
226,00:41:00,2.61043249004522e-11,2.439917809521586e-12,1.437315530910148e-12,1.8513766844248614e-13,8.127984691725146e-13,2.698462494004113e-10,7.563962353411106e-07,2
227,00:41:30,3.472078989209752e-11,2.3953018002091074e-12,1.1349280006767246e-12,1.8604354210619574e-13,5.492858645054327e-13,1.791045152635271e-10,7.090210772012401e-07,2
228,00:42:00,6.20661277766873e-11,2.3573192683667566e-12,1.4750115101121023e-12,1.9399775283406716e-13,5.576074838777126e-13,2.8706484769762485e-10,6.967642479463841e-07,2
229,00:42:30,5.678163409612911e-11,2.7634741886683507e-12,1.4976221610952513e-12,3.1656823538755396e-13,1.0373548084332289e-12,1.9598567784445808e-10,6.374215086485793e-07,2
230,00:43:00,2.8023599750699445e-11,1.7191381238463143e-12,1.1323625131599442e-12,2.9115194445018207e-13,7.883033345948611e-13,1.4642523716216583e-10,5.913218943083464e-07,2
231,00:43:30,1.3874364040427293e-11,2.0328455362053125e-12,1.4587787415731412e-12,4.4945615572867506e-13,1.263619335710234e-12,7.03900983702482e-11,6.190256957616646e-07,2
232,00:44:00,4.14514751338523e-11,3.489281271413045e-12,2.844425858711298e-12,7.992532202735878e-13,1.7749450329501661e-12,1.6379374768551165e-10,9.75598672088155e-07,2
233,00:44:30,5.9762813383464e-12,1.3991334365772062e-12,1.0903955769526246e-12,5.361136066622466e-13,1.1338255865315364e-12,4.152096636845341e-11,5.769805145361034e-07,1
234,00:45:00,1.385984830032014e-11,1.516530454547827e-12,1.2014469985261356e-12,5.789309300620519e-13,1.2340722456911256e-12,4.321255000043545e-10,5.673456864819271e-07,4
235,00:45:30,3.890746223956453e-12,1.0457566141462098e-12,1.303126999719069e-12,6.722664693678657e-13,1.3758824934225974e-12,1.7012272342721224e-10,6.044619282239503e-07,4
236,00:46:00,5.0455146209630454e-12,1.781674274977674e-12,1.3816373407428954e-12,7.465007509446437e-13,1.4667732229441192e-12,9.419060963910932e-11,6.599112092210642e-07,4
237,00:46:30,2.5666935638591945e-12,1.1809686324326233e-12,1.3602367347678018e-12,5.271858451652972e-13,9.690897921277128e-13,1.1281289133579709e-10,5.471246091468169e-07,4
238,00:47:00,5.1360941249153216e-12,7.40616900771586e-13,6.982207895278778e-13,5.070926643201097e-13,8.931164319232335e-13,2.70807583351834e-10,5.388005443221996e-07,4
239,00:47:30,6.2526557369515854e-12,1.0702458652506654e-12,7.863321622250526e-13,6.994478231141509e-13,9.78034750356562e-13,1.058293781297804e-09,7.511717998546953e-07,4
240,00:48:00,4.192080969130619e-12,1.5834761497047957e-12,1.833784162356449e-12,7.558358646202561e-13,1.857121884538919e-12,5.4946007395997716e-11,1.1556172412344115e-06,4
241,00:48:30,4.5186174043015e-12,6.383349971551114e-13,3.82952019303241e-13,4.274166586881192e-13,3.8994492222792285e-13,1.6408429300130333e-10,5.555813879870152e-07,4
242,00:49:00,4.6769812179513654e-12,7.072960281418403e-13,4.527652824787276e-13,4.178486794807264e-13,3.9684949241693834e-13,1.521495969610588e-10,5.465908495123046e-07,4
243,00:49:30,3.615696101265967e-12,6.406172066691309e-13,4.0389007667663866e-13,5.113728876708837e-13,4.845254647847069e-13,5.611705852046662e-11,5.59761771558079e-07,4
244,00:50:00,2.1880561737322293e-11,9.81081911199019e-13,7.920514684873922e-13,5.10830688900905e-13,8.527116479450878e-13,1.317478894845285e-09,5.006031387366096e-07,4
245,00:50:30,1.1218036972744217e-11,9.190234775684924e-13,4.746466114530628e-13,3.935663405932405e-13,5.415382617250442e-13,5.161377228111842e-10,4.539008737260617e-07,4
246,00:51:00,9.251880978921854e-12,5.726493951775129e-13,4.3702563146331274e-13,3.9077789561890824e-13,3.445388412154368e-13,5.508382473184279e-10,5.058923175889014e-07,4
247,00:51:30,4.721419367220781e-12,1.3757964511609825e-12,1.4025079193385217e-12,9.805982645301142e-13,1.6855275693862352e-12,1.46781723479324e-10,9.660513272285326e-07,4
248,00:52:00,2.5086661712141194e-12,1.6268781760091965e-12,2.3797805364748963e-12,1.0771440327669704e-12,2.175013629476743e-12,4.239587092255948e-11,1.5218921013194892e-06,4
249,00:52:30,4.391666383303307e-12,9.161543573926104e-13,8.696058477917995e-13,4.785724464069769e-13,7.209408386929566e-13,4.063398856190413e-10,6.242209635962935e-07,4
250,00:53:00,2.322540654960812e-12,8.864357841744162e-13,9.074349018871409e-13,5.204348406038411e-13,7.29397073295403e-13,1.0891393821335577e-09,5.491297352297943e-07,4
251,00:53:30,1.517021074460439e-11,5.339953732424998e-13,3.1525688151054607e-13,3.316426441426459e-13,3.1567350711826495e-13,7.58684955953724e-10,5.353650508606057e-07,4
252,00:54:00,3.099140818032689e-12,1.4637537078199555e-12,1.970244396598225e-12,8.653203305373929e-13,1.1559261024569498e-12,3.6133465329200544e-11,1.486189931084797e-06,4
253,00:54:30,4.71901666219884e-12,1.1020817278629374e-12,9.10130280161661e-13,5.715545903027078e-13,4.996923443099787e-13,5.6661412463527066e-11,1.1496259737141778e-06,4
254,00:55:00,1.9612542131547025e-12,5.777534043847282e-13,5.522645672703939e-13,5.544285076474496e-13,6.061088617228254e-13,4.799368298047126e-11,8.392574771534108e-07,4
255,00:55:30,6.731245385908426e-12,8.141741050476087e-13,3.610030477933575e-13,3.143522792095592e-13,3.4614163345504355e-13,6.810746476233546e-10,5.257414957285052e-07,4
256,00:56:00,6.098079147711734e-12,5.848571479726512e-13,6.97578459947407e-13,4.4438080701023304e-13,5.936064501267179e-13,5.689462230191697e-10,5.618990530746741e-07,4
257,00:56:30,8.512052810221892e-12,7.007505621238879e-13,3.445993075142981e-13,3.071125207678124e-13,1.9870260716968064e-13,7.71281842436446e-10,5.108784925533482e-07,4
258,00:57:00,2.076952248046734e-11,7.866769928838182e-13,6.352288198073295e-13,4.365544344051386e-13,4.691925649823692e-13,1.1372582607918161e-09,5.14488801195397e-07,4
259,00:57:30,7.45858005110922e-12,7.447687905772282e-13,5.699676714929001e-13,4.131646986877669e-13,2.4264638978430805e-13,4.754779253785462e-10,5.770144387838307e-07,4
260,00:58:00,2.8779192901379855e-12,8.663395863791782e-13,7.24995368312838e-13,6.411512189595375e-13,6.939386418623337e-13,5.0230003908873105e-11,7.515146124303495e-07,4
261,00:58:30,2.225361623336757e-12,6.313088075127911e-13,4.595602797176316e-13,4.3164530338628507e-13,3.574272223575042e-13,2.31327106939401e-10,6.1013013915181e-07,4
262,00:59:00,8.330058633947628e-12,1.1570540224663948e-12,5.665882740035615e-13,5.029001944351533e-13,6.769818169233681e-13,1.8428607195233842e-09,6.422775225870916e-07,4
263,00:59:30,7.449849808252794e-12,5.455456193213457e-13,3.41557689632408e-13,4.26961516059894e-13,4.125330432907952e-13,3.384936218125302e-10,6.205069969433855e-07,4
264,01:00:00,6.278878212432329e-12,1.0298218440381313e-12,1.0780486482916716e-12,6.806064326165107e-13,7.943423056689265e-13,1.2907812898284118e-10,1.0890556748749846e-06,4
265,01:00:30,3.970918635514809e-12,7.437780420594324e-13,4.897044611640506e-13,4.627179544404852e-13,5.289724242289932e-13,7.89187051602786e-10,6.25498314118831e-07,4
266,01:01:00,2.624817875019896e-12,7.61187594274839e-13,8.466664654914088e-13,4.2331544893587304e-13,6.905488352225448e-13,5.010849052565826e-11,7.277501021806402e-07,4
267,01:01:30,4.36067905727495e-12,6.583967890466769e-13,3.608200485556524e-13,3.751091292360311e-13,5.063339692703326e-13,6.733059776516562e-10,6.937002159608773e-07,4
268,01:02:00,3.751898376840375e-12,1.0908492944618036e-12,6.010118268704384e-13,4.4346310157106674e-13,4.024662034486834e-13,2.2079648250855395e-10,6.428028845029259e-07,4
269,01:02:30,4.446220837666196e-12,9.081556182723271e-13,8.287323972258693e-13,4.871167929722464e-13,6.549529535441515e-13,9.978414479512535e-11,6.378622443808034e-07,4
270,01:03:00,4.181399974264127e-12,8.260566127760203e-13,4.1337291180955804e-13,2.6191593439075055e-13,3.0854302182753647e-13,5.151785132453227e-11,5.398185832121054e-07,4
271,01:03:30,1.076065500335269e-11,8.288801576100636e-13,4.684430985460636e-13,4.702756319015564e-13,4.680470107860387e-13,2.3998248514814503e-09,5.657151986609579e-07,4
272,01:04:00,4.147745706878391e-12,4.590974319826248e-13,2.907733468947499e-13,2.680428997418259e-13,2.7219069800310686e-13,6.55916428934653e-10,4.3478336817629606e-07,4
273,01:04:30,2.611109415881422e-12,3.927550545951606e-13,2.890331792583289e-13,3.634023154355945e-13,3.7642537734202756e-13,3.38090404213671e-10,5.102103138795382e-07,4
274,01:05:00,6.3570171938444174e-12,6.336780053415512e-13,2.5190681816307266e-13,2.9070028737372387e-13,1.8297946772983553e-13,1.0487039093886303e-09,5.266411105902106e-07,4
275,01:05:30,1.5393279400888923e-11,4.4572082833375993e-13,3.4043630458950525e-13,3.282131799353892e-13,3.1849930690968644e-13,4.3333070545964543e-10,5.699593473600005e-07,4
276,01:06:00,3.700222890207149e-12,5.34594127670155e-13,3.2576594606485946e-13,4.0310783929375317e-13,2.4301943427217695e-13,5.4175366046247204e-11,5.4990967879286e-07,4
277,01:06:30,4.883525254078465e-12,6.292780288603014e-13,3.2145966649605484e-13,3.9432975724763844e-13,4.975512121646361e-13,5.5214778941751604e-11,5.53060967567543e-07,4
278,01:07:00,1.1527707843839299e-11,5.83177740927651e-13,5.182508184420689e-13,3.747058182829817e-13,3.7080068927203775e-13,2.485036093074739e-10,5.173971120374884e-07,4
279,01:07:30,3.4983693711558096e-12,5.409456032740623e-13,4.0058264646069536e-13,3.346077619582844e-13,2.8040229808776457e-13,1.9333106164301819e-10,4.679141961997048e-07,4
280,01:08:00,3.3939721312934586e-12,6.316039345650204e-13,3.6877455609415855e-13,2.5786753247683277e-13,2.1036510727086335e-13,4.0571246486476625e-11,5.275517996916531e-07,4
281,01:08:30,4.056512079100441e-12,5.589106364790224e-13,2.470577834473865e-13,4.070730953001962e-13,4.3804233284454366e-13,9.445568644025704e-11,6.016226982530542e-07,4
282,01:09:00,7.38071160270849e-12,6.260530737358355e-13,4.1636407199631765e-13,3.5528536959189785e-13,2.5652447269159464e-13,1.0539366685866335e-09,6.015519688088407e-07,4
283,01:09:30,5.081457509822282e-12,4.0546243758243434e-13,2.9973733616954897e-13,3.744421187892305e-13,2.8342501070835434e-13,1.085720405782154e-09,5.039678671068938e-07,4
284,01:10:00,2.1407833329120096e-12,1.2636880681248515e-12,8.198196064723681e-13,6.122451146390031e-13,9.741743205675387e-13,3.800474705595902e-11,7.456981190940712e-07,4
285,01:10:30,2.8102616660249772e-12,9.48744114258127e-13,1.012006320324893e-12,4.796869932253998e-13,8.575858599786307e-13,6.30024642392291e-11,8.070614222259026e-07,4
286,01:11:00,5.171639958306898e-12,8.51976672421668e-13,6.711853482799346e-13,5.594918991554544e-13,7.911994471340546e-13,4.64478832037336e-11,7.353558251315206e-07,4
287,01:11:30,3.0351079152217703e-12,1.0567790160469627e-12,7.181499078631829e-13,5.003406499326065e-13,5.599455326602633e-13,4.19732877684817e-11,9.702550270365718e-07,4
288,01:12:00,9.624696116936914e-12,1.4562524049911076e-12,1.2248743176777294e-12,8.598526339507755e-13,2.3279310686518028e-12,5.10506397625471e-11,8.569483530339622e-07,4
289,01:12:30,5.956600869636145e-12,1.094253294006395e-12,5.774716499332046e-13,3.400039492841298e-13,4.580271438756367e-13,5.067006262945239e-11,7.946131504322559e-07,4
290,01:13:00,6.446673210196702e-12,1.0185188293146511e-12,6.351152703900556e-13,4.0684998024951563e-13,7.781537413370422e-13,4.4811265156274566e-11,6.489980290554109e-07,4
291,01:13:30,2.6957585887561374e-12,8.959152137744971e-13,4.2624579278081864e-13,3.675031305991638e-13,3.7199344187980136e-13,5.997680400610302e-11,5.505889259882124e-07,4
292,01:14:00,7.606770588248759e-12,1.3323499996596985e-12,8.114534784297326e-13,3.9934050949324975e-13,4.592215516342783e-13,6.351584270763631e-11,7.774635034108143e-07,4
293,01:14:30,3.155806617438321e-11,1.5513265113355672e-12,9.637348933837482e-13,3.708391202965198e-13,9.291687056415903e-13,6.539692434476143e-11,7.381934053315252e-07,4
294,01:15:00,1.6976284110080817e-11,9.15200890614758e-13,1.1278137020041875e-12,3.4124123340194527e-13,4.665272670136093e-13,5.1055553192134386e-11,7.899616491981062e-07,4
295,01:15:30,6.122038751673244e-12,1.5140404792780906e-12,1.2459706682158047e-12,5.526551350359117e-13,1.5029469309289316e-12,4.86263781890558e-11,1.0052946387391853e-06,4
296,01:16:00,9.423210176356469e-12,1.1924615748995457e-12,8.360790622156047e-13,4.45868974759491e-13,6.964967984069593e-13,4.2240843114008104e-10,6.146880542703348e-07,4
297,01:16:30,5.360831019499334e-12,9.82862776890011e-13,7.581368351694733e-13,5.160806338684788e-13,7.350643327590315e-13,3.9192819058026695e-11,8.78374042044693e-07,4
298,01:17:00,2.631584216654358e-12,1.0428999293098722e-12,7.769640938009045e-13,4.369555809057699e-13,6.35725421049781e-13,3.6918701822378945e-11,6.478001939718179e-07,4
299,01:17:30,7.279871475410234e-12,1.1435613253934609e-12,5.785223145174775e-13,3.5356778764317037e-13,3.965147392005266e-13,5.5078098448986424e-11,7.04407475996689e-07,4
300,01:18:00,3.2611967685519882e-12,7.576976993303534e-13,5.885643043664566e-13,4.3342250019983143e-13,6.239818426134298e-13,5.621116606917807e-11,6.381431373781571e-07,4
301,01:18:30,4.154867711792601e-12,8.071102957564251e-13,5.958532774990241e-13,4.222077604421819e-13,3.701746149807989e-13,3.258806873146822e-09,9.548809781761943e-07,4
302,01:19:00,6.933027274436478e-12,1.2178281534197785e-12,4.835137654958539e-13,3.9105642473475937e-13,4.352235197206954e-13,3.620786633648472e-09,8.903201325926065e-07,4
303,01:19:30,5.03613290118886e-12,9.003134959831552e-13,4.498242323479102e-13,3.118662523049456e-13,2.931597142122406e-13,4.5116627220847536e-11,5.678849920218447e-07,4
304,01:20:00,1.5089445141593358e-11,1.3301614200145797e-12,1.5056908087483309e-12,4.295378751902254e-13,7.922063569274039e-13,5.803090068871295e-11,8.551062618960092e-07,4
305,01:20:30,7.127804448432622e-12,1.1879632825934189e-12,9.306889540493083e-13,3.0579958643234084e-13,5.522996627460836e-13,5.6113766038037374e-11,6.599726372075083e-07,4
306,01:21:00,7.202446089614375e-12,9.207549610204378e-13,5.821043335495356e-13,4.1637150788584163e-13,5.95509023481126e-13,5.843273649138503e-11,6.097306028109991e-07,4
307,01:21:30,2.588272697414895e-12,7.637171117659756e-13,1.0294203783461371e-12,4.0638303453777077e-13,6.043922542719205e-13,6.056962062610953e-11,9.009434302822307e-07,4
308,01:22:00,3.6052967794804704e-12,1.5598130267148463e-12,1.0698843262576727e-12,4.999386966295556e-13,1.2549751922397627e-12,4.103345006165368e-11,1.357116266607693e-06,4
309,01:22:30,2.1103720137023337e-11,1.417323282224996e-12,9.128602755066958e-13,2.5958763437237033e-13,4.734600428249026e-13,4.413362650664192e-11,8.746869323461943e-07,4
310,01:23:00,6.335982170818472e-12,1.5810928278217034e-12,8.273782286738468e-13,2.5975772294947656e-13,6.110997592987185e-13,5.0527662685590046e-11,8.714170568711161e-07,4
311,01:23:30,1.683119440172299e-11,1.448656843306273e-12,7.564370582810883e-13,2.3883538155380453e-13,6.362368128501988e-13,6.422734587020924e-11,9.461334609955291e-07,2
312,01:24:00,2.499845424370801e-11,1.6957943421125748e-12,7.114928368172771e-13,2.1839951658404403e-13,6.586566698479245e-13,5.263753245270537e-11,8.159767418579144e-07,2
313,01:24:30,1.7841829787669593e-11,9.876350963090181e-13,8.966519726105511e-13,1.7509742687116296e-13,3.4898353426362023e-13,7.311384630140788e-11,1.0765586583515728e-06,2
314,01:25:00,1.1045429331125596e-11,1.2839208582032157e-12,5.980579687394931e-13,2.043745204942592e-13,4.984801456465542e-13,6.217625161079782e-11,9.664748189461548e-07,2
315,01:25:30,1.8748939424643764e-11,2.028239958690473e-12,9.426474027520638e-13,1.818198641017773e-13,5.172188890505014e-13,9.114108841662512e-11,1.0180526144729058e-06,2
316,01:26:00,1.31308409436834e-11,7.368981298168829e-13,5.158327279392745e-13,1.195262051809194e-13,2.733902661433032e-13,9.053340248978208e-11,1.074103153954055e-06,2
317,01:26:30,1.3668429859075357e-11,1.7306950184271948e-12,1.0392152875768567e-12,1.8356840405409355e-13,7.526026003162964e-13,1.171962602495267e-10,9.83327766721178e-07,2
318,01:27:00,1.499661927629103e-11,1.4053656304591705e-12,5.575034711642631e-13,1.55556115434309e-13,4.807832262704965e-13,7.039469834264845e-11,1.0139103582974337e-06,2
319,01:27:30,2.348980404533282e-11,1.4461608384266188e-12,7.26123602788365e-13,1.5342153152445604e-13,6.229004819207172e-13,1.1397916994720361e-10,1.0888018357539142e-06,2
320,01:28:00,1.8591480054809994e-11,1.1128533195173388e-12,6.346579497440413e-13,1.122132022380616e-13,2.5931322388514297e-13,7.199481076265998e-11,1.0830443894721449e-06,2
321,01:28:30,2.171323989633373e-11,1.4793795947057606e-12,5.93853797131306e-13,1.2598717918290833e-13,4.083731730225938e-13,1.3093620776365312e-10,1.0349060447859726e-06,2
322,01:29:00,2.4130800674837494e-11,1.2507855336530352e-12,7.247253685523168e-13,2.627881011829713e-13,1.1740158084925457e-12,1.0554709505058976e-10,9.983031604466998e-07,2
323,01:29:30,2.5776340497865148e-11,1.5566081014300916e-12,8.69496436998593e-13,1.5056779334532591e-13,6.325885359806656e-13,1.178124329233321e-10,1.0289142475444757e-06,2
324,01:30:00,4.058771399013088e-11,1.8042116670564374e-12,1.0744111872283594e-12,1.329410757710991e-13,5.187829175485885e-13,1.1828830442958916e-10,9.722437363126994e-07,2
325,01:30:30,3.711324091891379e-11,1.918680075295916e-12,1.1357026035763004e-12,1.7870741619693034e-13,7.214481378224634e-13,2.0771858617513146e-10,1.1376875453989156e-06,2
326,01:31:00,4.821774699820017e-11,2.145791853473641e-12,1.2002877778893094e-12,1.381589599676824e-13,3.92941695745373e-13,2.3902675368579056e-10,1.170328939800743e-06,2
327,01:31:30,3.8709602247363746e-11,1.6451752183953703e-12,7.627003182489626e-13,1.8529932754512796e-13,6.735810500328231e-13,1.2268192216409128e-10,1.2147403953362946e-06,2
328,01:32:00,2.941466508065169e-11,1.833827800956604e-12,5.408676546713219e-13,1.1954965563629866e-13,4.1128907068425374e-13,1.6007054818499383e-10,1.335747233231128e-06,2
329,01:32:30,5.781935243099404e-11,3.8854634689429084e-12,2.5576167119195307e-12,1.6429230339533262e-12,1.95093889342867e-12,1.0508616894346608e-08,2.0058735726688926e-06,2
330,01:33:00,3.8519406040321474e-11,1.5562757561923683e-12,5.706871157519633e-13,1.9490438833387688e-13,3.6283627256367705e-13,1.5288916523209148e-10,1.7652446139201247e-06,2
331,01:33:30,2.7009840889016584e-11,1.3717582978208218e-12,6.615683865196245e-13,1.4912977953326534e-13,3.6970855865210016e-13,8.25868248669102e-11,1.4741803886064087e-06,2
332,01:34:00,1.5995060645522087e-11,1.4894443552036028e-12,7.913029484612839e-13,2.0685288313777032e-13,1.036309870100692e-12,1.1280583145729698e-10,1.6097997950933617e-06,2
333,01:34:30,2.109764795356098e-11,1.6138490025790456e-12,7.16774269837778e-13,1.397115735321352e-13,4.595669685697198e-13,1.4534522790997962e-10,1.6036107382012336e-06,2
334,01:35:00,2.6409019618682228e-11,2.097234776621612e-12,9.464433549759907e-13,1.678808841066498e-13,7.589810198901643e-13,1.2142233259602696e-10,1.4130840254222434e-06,2
335,01:35:30,2.5361897126554058e-11,1.8368095837445696e-12,9.925449286509215e-13,1.3569839171911173e-13,6.098374009370808e-13,2.460227518490165e-10,1.1994199874086964e-06,2
336,01:36:00,2.484753347381738e-11,1.6188848881825361e-12,1.0721922827539046e-12,1.4640453761496844e-13,4.936650158276208e-13,1.4740748677684731e-10,1.2390037444113613e-06,2
337,01:36:30,2.7634398588247607e-11,1.5834821167409149e-12,7.212038535772755e-13,1.6642116006446271e-13,8.255165339580166e-13,1.3318697535438025e-10,1.2642007642166707e-06,2
338,01:37:00,3.0440207624717615e-11,1.8519503391982662e-12,6.981707876935286e-13,1.3796980858231486e-13,6.899419759543924e-13,1.0549535890772219e-10,1.1553984412211268e-06,2
339,01:37:30,2.9551957560454295e-11,1.8217191807108133e-12,8.95534142576117e-13,1.091324403436565e-13,3.971179458034637e-13,1.286893851001789e-10,1.1188935603678087e-06,2
340,01:38:00,4.819791950680966e-11,2.287806629550851e-12,1.0495375601816258e-12,1.3580745326839169e-13,6.851815123217322e-13,2.8059217647307294e-10,1.181979801868956e-06,2
341,01:38:30,3.5184410788319513e-11,1.97880367134852e-12,1.0065375478867844e-12,1.2972686109736525e-13,7.047688558570637e-13,1.6232263274767993e-10,1.1743432062829634e-06,2
342,01:39:00,3.358388170636681e-11,1.9502567754381355e-12,1.1118735090454797e-12,1.1823408140280402e-13,5.194549007325896e-13,2.6639999746707575e-10,1.1092778186110647e-06,2
343,01:39:30,3.739397656130668e-11,2.643612864626524e-12,9.342274627684446e-13,9.987263530318511e-14,3.913122779652953e-13,2.3969476830148726e-10,1.0382578761446831e-06,2
344,01:40:00,3.539713529858143e-11,2.6580183333822907e-12,8.717736979353026e-13,1.2223834022661024e-13,6.166400821536525e-13,2.756459859606737e-10,1.1090907558514171e-06,2
345,01:40:30,3.770562174823018e-11,2.760729854932326e-12,1.1335858565969236e-12,1.1050194613994429e-13,4.4525986532378684e-13,1.9828329089473023e-10,1.0599668686416225e-06,2
346,01:41:00,7.107868403589231e-11,2.6382945419944385e-12,8.032827535853412e-13,9.250548737121412e-14,4.063425469120399e-13,2.902676682384232e-10,1.0048450297364184e-06,2
347,01:41:30,4.080151713438708e-11,2.6342906903795236e-12,1.1575293474647995e-12,1.0745965285815696e-13,4.920356012683412e-13,3.3096741255096534e-10,9.299317591374399e-07,2
348,01:42:00,4.917777826605753e-11,2.6737399661107414e-12,8.466786032208667e-13,1.2968820611397996e-13,5.59358464423614e-13,1.8950660102484245e-10,9.930666593818742e-07,2
349,01:42:30,3.9214338875141025e-11,2.143364438477246e-12,1.2423966316608972e-12,1.9094301612269476e-13,1.166158051477604e-12,2.390686883423378e-10,9.711502976912817e-07,2
350,01:43:00,3.761081043900286e-11,2.1544654010259576e-12,1.0707331270051634e-12,9.531994376861554e-14,3.477469543030172e-13,2.5809522020273605e-10,1.0226317780836433e-06,3
351,01:43:30,4.226969448295568e-11,2.6463714548447716e-12,8.431006020491639e-13,9.353746633672534e-14,3.4301779633506843e-13,3.0118193881456234e-10,9.659271657962212e-07,3
352,01:44:00,4.6367380743179417e-11,2.831967156040794e-12,1.0967426245953965e-12,1.2973071633104425e-13,5.880264159268106e-13,2.169058942698301e-10,9.951583751896072e-07,2
353,01:44:30,4.836444008214889e-11,2.993873173299542e-12,9.55154203857273e-13,7.572552048905012e-14,2.675689160996043e-13,2.7047149523354363e-10,9.050974202093981e-07,2
354,01:45:00,6.531011812364061e-11,3.3401215141632415e-12,1.0732174634073593e-12,9.99594148212814e-14,4.789267839927165e-13,2.1640855480734695e-10,9.758963453462218e-07,3
355,01:45:30,4.488853939144194e-11,2.6519751523917635e-12,1.093985585037042e-12,1.0638860682118638e-13,4.5275281881724495e-13,3.257249456621517e-10,9.359371905883109e-07,2
356,01:46:00,4.962149349887331e-11,4.022572859722492e-12,1.2485139026954247e-12,9.417799955265713e-14,3.5961396208306794e-13,2.910530869906448e-10,1.0159532897963697e-06,2
357,01:46:30,4.595699401727182e-11,3.2318768847094375e-12,6.843045763947806e-13,1.2653785146745994e-13,5.769434686928488e-13,2.1264995137606783e-10,9.147484449870667e-07,2
358,01:47:00,4.519500160742966e-11,2.2642345530786286e-12,7.762175722460346e-13,7.90593001629705e-14,2.5702378111861516e-13,2.42540221094234e-10,1.0798439411315381e-06,3
359,01:47:30,6.098825359912842e-11,2.8472624380055797e-12,1.6742598029340594e-12,8.450954374116762e-14,3.088653376951947e-13,2.831034202096343e-10,9.934673675917239e-07,2
360,01:48:00,5.522163984419716e-11,2.223995775412111e-12,8.497487054938311e-13,1.1146563553168642e-13,4.0676825463058786e-13,3.038733647237124e-10,1.0137262547930048e-06,2
361,01:48:30,6.935992454343865e-11,2.0959813484860823e-12,6.413946319104911e-13,8.558015360668814e-14,2.3668817040576596e-13,2.52813801018386e-10,1.2538063484108683e-06,2
362,01:49:00,4.510663270941568e-11,2.5183032747289083e-12,9.197934637012525e-13,1.1394918107012852e-13,4.2262705006046936e-13,2.1175816373524647e-10,1.2137196897947736e-06,2
363,01:49:30,4.9484795503938335e-11,2.86332538343571e-12,9.600433383030493e-13,1.26093774880682e-13,5.437713471675958e-13,2.0580132466018463e-10,1.1948474881567975e-06,3
364,01:50:00,3.868872769488564e-11,2.4252436364590226e-12,9.720892024755913e-13,7.774034359667182e-14,2.770416591907261e-13,2.631537222361394e-10,1.1498378902225647e-06,2
365,01:50:30,3.18465335772694e-11,2.6421794534477417e-12,1.3326290993210849e-12,9.850099522793332e-14,4.600473902298835e-13,2.4168261323588664e-10,1.1781323387938975e-06,2
366,01:51:00,6.22276491023219e-11,2.28063466451373e-12,1.4035775862522511e-12,8.995225367314195e-14,2.887113266998614e-13,2.896247989092706e-10,1.2130357137701246e-06,3
367,01:51:30,6.992459931245106e-11,3.094090453066694e-12,9.145742129728577e-13,6.588822615465808e-14,1.7799467977052442e-13,2.6072477994888763e-10,1.1002393113987647e-06,3
368,01:52:00,7.608028124449963e-11,2.7052862632883802e-12,7.372507361494546e-13,8.675178566664694e-14,2.8396115851221765e-13,3.515689056612706e-10,1.1565994280714228e-06,3
369,01:52:30,6.098455365433938e-11,2.5538036013967857e-12,9.940354894450485e-13,8.918808434470479e-14,3.024745091194662e-13,2.852522783616254e-10,1.1764901892198093e-06,3
370,01:53:00,5.09148578614795e-11,2.8441761240135874e-12,1.2713052130851303e-12,1.0165612409532697e-13,4.400768759058591e-13,2.9722736987698923e-10,1.2806833841573505e-06,2
371,01:53:30,7.356181430751333e-11,2.7486515520273927e-12,1.074265519749013e-12,8.164378817732059e-14,3.053300524101118e-13,2.47512413870523e-10,1.125118546441438e-06,3
372,01:54:00,5.6114178777085775e-11,2.805744098614852e-12,9.734237894182497e-13,1.0217395575493038e-13,3.418938596268152e-13,2.1608453242682731e-10,1.1613254946074278e-06,3
373,01:54:30,1.1183949356290491e-10,3.6160700968768164e-12,2.7665370523896823e-12,4.909905065786581e-13,8.497880421444768e-13,4.299782322496593e-09,2.5591098359093856e-06,3
374,01:55:00,7.832313911815387e-11,4.44398571267776e-12,2.113750542640961e-12,4.554199112896012e-13,9.952348843576685e-13,3.0183572824195765e-10,2.2832261036756074e-06,3
375,01:55:30,4.229030235558608e-11,3.2466049077487654e-12,2.426356756955568e-12,5.307146637688338e-13,1.5218347735150261e-12,1.418531600088408e-10,2.179360071866904e-06,2
376,01:56:00,4.239179812542391e-11,4.13932605045324e-12,2.2303699145654056e-12,4.270967848436596e-13,1.1506799883077242e-12,1.6237891057892747e-10,2.135610369446812e-06,2
377,01:56:30,3.27819160897664e-11,2.598554265340607e-12,1.7050583352812127e-12,3.250688973047986e-13,8.972710179930779e-13,1.4096223809190784e-10,2.036844365196654e-06,2
378,01:57:00,2.0101959027211968e-11,2.314670142786986e-12,1.6058921899359257e-12,2.839167644102964e-13,9.747147372360639e-13,9.501398799364397e-11,2.0040908403398726e-06,2
379,01:57:30,2.819967670753769e-11,2.3248491295605505e-12,1.0804908682279447e-12,3.0162609663967077e-13,9.273000913873756e-13,1.2269029152877038e-10,1.4483446950957012e-06,2
380,01:58:00,3.113718868903044e-11,3.0262104340363033e-12,1.0614920020871876e-12,2.688307172231561e-13,7.631521698897384e-13,1.1299400623657158e-10,1.7298843748845315e-06,2
381,01:58:30,3.497769672816658e-11,3.3833251802563102e-12,1.576468324039798e-12,3.390898812050672e-13,7.508853315522033e-13,1.9729436609184212e-10,2.1517030131177023e-06,2
382,01:59:00,2.206144816447225e-11,1.6458274425661575e-12,8.004989126934734e-13,2.629377181647064e-13,3.160201403102121e-13,8.826184478677269e-11,1.8874906813094162e-06,2
383,01:59:30,2.630298813133469e-11,1.5878966324203083e-12,6.384083051477254e-13,1.8308506205103142e-13,4.2930121184286497e-13,2.0399609532845199e-10,1.4014677111358574e-06,2
384,02:00:00,3.287667903291644e-11,2.4238765833885994e-12,6.755903206546453e-13,1.9414699861611123e-13,4.879124755807102e-13,1.1880325548964232e-10,1.9044030691895636e-06,2
385,02:00:30,4.9761334367748705e-11,1.4295997557807549e-12,1.2306379682870324e-12,2.6389458459001407e-13,6.248644169924063e-13,4.530126515136582e-09,2.4034812220261274e-06,2
386,02:01:00,2.1002117927905704e-11,1.627210717916484e-12,1.5625975495216277e-12,5.723532971618497e-13,1.5779716107817006e-12,8.989220018079337e-10,2.9205015813419967e-06,1
387,02:01:30,4.0546098004852036e-11,1.6933269930734904e-12,1.097531506907917e-12,2.615871444828557e-13,5.634383687141151e-13,1.831063539861737e-10,2.6302441828032483e-06,2
388,02:02:00,4.4567160526453385e-11,1.6320479789536076e-12,6.668992763300465e-13,1.9181227776730989e-13,5.093079453843893e-13,1.1727427531495253e-10,2.5202449183747017e-06,2
389,02:02:30,3.519386095644228e-11,1.879874944592545e-12,9.673923409762836e-13,2.0319504783969646e-13,5.039361014031529e-13,1.801661114143673e-10,2.8910714167378743e-06,2
390,02:03:00,3.874580698799702e-11,1.6760054129723723e-12,7.879089912533507e-13,5.025100252380252e-13,6.00799565325625e-13,1.4340484439662134e-10,2.6935557336378067e-06,2
391,02:03:30,4.5687812118101846e-11,1.699165862679264e-12,1.4531127995029156e-12,2.8211143305676503e-13,6.574540515880333e-13,1.8639966182115468e-10,2.808906906839993e-06,2
392,02:04:00,2.0022937265364266e-11,1.8018884976332275e-12,1.0318172615987205e-12,3.3405620399820624e-13,5.763069919211061e-13,8.428335791538179e-11,2.981278297537286e-06,2
393,02:04:30,4.3030268455523644e-11,2.2976881084249866e-12,6.270979315396961e-13,1.684722903874108e-13,5.119100588859528e-13,1.0789772504755155e-10,2.6233974292481155e-06,2
394,02:05:00,3.0393112911489237e-11,1.858679467414887e-12,4.281860801764804e-13,1.351761138550146e-13,4.637589294560441e-13,9.799717049658455e-11,2.253281237376293e-06,2
395,02:05:30,3.238967351115296e-11,2.072257110287596e-12,1.3223565162122049e-12,2.7974896079583123e-13,8.041259727931911e-13,2.0057123594195888e-10,2.663403004924976e-06,2
396,02:06:00,2.2142350822562644e-11,2.006395523247159e-12,7.781297236073038e-13,1.579203442770625e-13,2.9586143811304977e-13,1.2298192196746878e-10,2.497916490923582e-06,2
397,02:06:30,2.3414315032063546e-11,1.2980630050739987e-12,7.142883386767413e-13,1.759436086326045e-13,5.553575673172927e-13,1.1157379407730119e-10,2.449932168701068e-06,2
398,02:07:00,2.1021059855558213e-11,1.3265664885608905e-12,4.1190835722527065e-13,1.3905795904788033e-13,3.356043390414851e-13,8.360590228650327e-11,2.3797638577805376e-06,2
399,02:07:30,2.6784417690170656e-11,2.583180297636761e-12,6.645276984011427e-13,1.5378980205341456e-13,6.701804206045384e-13,2.778476146852623e-10,2.705631097292812e-06,2
400,02:08:00,3.061055633095346e-11,2.0430280282540624e-12,8.33168229880489e-13,2.0775508910561607e-13,7.671723204721935e-13,1.796676392351763e-10,2.8087419615970815e-06,2
401,02:08:30,3.061944184593575e-11,1.8902551481054015e-12,5.904421706599585e-13,1.793408027722054e-13,4.963562948374183e-13,1.0436639651553867e-10,2.7813744822868334e-06,2
402,02:09:00,2.747185396305521e-11,1.7415192871582757e-12,6.311047580359399e-13,1.2903628313496735e-13,3.843508996836483e-13,1.184947588531989e-10,2.728526479189609e-06,2
403,02:09:30,4.1430716772431265e-11,2.096904200139821e-12,7.917832588637572e-13,2.0064589376304108e-13,5.639534623505426e-13,1.9378038975542343e-10,2.8250331225161236e-06,2
404,02:10:00,4.769283735793383e-11,3.0907169283413244e-12,7.109579658506153e-13,1.9007495164539338e-13,4.739676458853529e-13,1.5095150916923616e-10,2.556081744822995e-06,2
405,02:10:30,1.751178596570675e-11,1.6217488933632916e-12,5.492886887104401e-13,1.4866885598398546e-13,3.161061891394754e-13,9.93719116380464e-11,2.575993973965973e-06,2
406,02:11:00,4.838385693934404e-11,1.771371880824885e-12,6.718140481611813e-13,1.2572022610342587e-13,4.482795651001379e-13,1.5592652111653233e-10,2.37989077968909e-06,2
407,02:11:30,4.317797390993293e-11,3.305245164732702e-12,1.1235060475962986e-12,2.4063913866046647e-13,7.888256184399383e-13,2.347462516814556e-10,2.6096199355518487e-06,2
408,02:12:00,2.8093236118891407e-11,1.6511518713825497e-12,6.118303072262637e-13,1.2547221868051093e-13,3.708671811650995e-13,1.4306156575327075e-10,2.1494872772679845e-06,2
409,02:12:30,4.798581722746013e-11,1.99176633187632e-12,7.466276103448084e-13,9.959104825861119e-14,3.2661073660733755e-13,1.9486773541344884e-10,2.2116065503462395e-06,2
410,02:13:00,2.945235014369449e-11,2.359435164557129e-12,6.694288233613649e-13,1.3995859220830978e-13,4.3356274246866875e-13,1.6720685106166397e-10,2.2667746243238227e-06,2
411,02:13:30,6.08299531970092e-11,1.6147471060048327e-12,4.367742481175359e-13,1.3501483383474023e-13,3.4628547900784415e-13,2.2338377168363127e-10,2.6262887206407083e-06,2
412,02:14:00,4.5886029321846126e-11,1.943053823865513e-12,7.653689646726302e-13,2.04134420936237e-13,6.123575037315398e-13,1.4721536465385747e-10,2.805904775863377e-06,2
413,02:14:30,3.5542812500541376e-11,1.947352451670693e-12,9.190192237664451e-13,2.0556540036104712e-13,4.624814532030409e-13,2.729541952182466e-10,2.927278614881564e-06,2
414,02:15:00,2.149971166621039e-11,1.8261445927436643e-12,6.219751418749677e-13,1.5549590483915353e-13,3.9236318375341626e-13,9.072768487754535e-11,2.7948977042320445e-06,2
415,02:15:30,2.355168083099793e-11,1.3167265271879135e-12,5.414346224894933e-13,1.355324309768459e-13,3.1053174624516183e-13,7.952774390940024e-11,2.7334484857992806e-06,2
416,02:16:00,4.542801522709956e-11,2.5245104792563814e-12,9.835422213894781e-13,1.6678318463214078e-13,4.699582918481327e-13,1.3763577597377863e-10,2.8126317263899342e-06,2
417,02:16:30,3.098807232584492e-11,2.6986777037595616e-12,5.273402539182237e-13,2.031289823188763e-13,6.482914086131256e-13,1.867939417927034e-10,2.8193221164894686e-06,2
418,02:17:00,5.190801184569508e-11,2.533715169127362e-12,8.69632049518839e-13,1.9534391207244e-13,7.715015336159333e-13,1.8928141371261904e-10,2.81287620504548e-06,2
419,02:17:30,5.074292552072397e-11,2.473205044568627e-12,5.947273718594889e-13,1.1877733320616966e-13,2.760410917114751e-13,1.472084401235126e-10,2.7253988870716057e-06,2
420,02:18:00,3.0255200977566936e-11,2.0036005187084424e-12,7.064502940800203e-13,1.7625786153670489e-13,5.225019912529104e-13,1.9161107564586216e-10,2.7877843744127508e-06,2
421,02:18:30,5.021149296128438e-11,1.741480275953032e-12,7.530286983325206e-13,1.9089330790008502e-13,4.2466385582416075e-13,1.9100528811282267e-10,2.6448688593420117e-06,2
422,02:19:00,3.268471592791464e-11,2.2443513150758002e-12,8.543245320190172e-13,1.0643446465881071e-13,2.684664903781516e-13,1.7839382697407056e-10,2.5225256918209707e-06,2
423,02:19:30,3.986545375539771e-11,2.6866538145458057e-12,6.187083358120414e-13,1.4817202047732876e-13,4.38921917698003e-13,1.1050982748199844e-10,2.55534118139129e-06,3
424,02:20:00,3.6117804969996027e-11,1.8584306922784986e-12,6.181087839685325e-13,1.728600481310145e-13,3.2557205139843654e-13,1.5590047648575454e-10,2.6971123411011524e-06,2
425,02:20:30,2.8308648857122737e-11,2.505758095548703e-12,1.0122053713185036e-12,1.5519454225415869e-13,3.451027336068508e-13,1.6577805481402554e-10,2.6882081373364687e-06,2
426,02:21:00,4.324194541734893e-11,1.7972440340928116e-12,9.137115261294065e-13,1.681488323138031e-13,4.339985350937474e-13,2.419036400303936e-10,2.668280667874245e-06,2
427,02:21:30,3.829038293830694e-11,2.599394316335849e-12,1.007139843605173e-12,2.112075006495296e-13,5.96588721868096e-13,1.926943557373804e-10,2.697278233905899e-06,2
428,02:22:00,7.665703889200502e-11,1.7436344131411527e-12,9.608940355234086e-13,2.1091453664345546e-13,8.004625851923717e-13,2.839613063551357e-10,2.742094505356929e-06,2
429,02:22:30,3.9064908268881e-11,2.4672073127037187e-12,7.460348837887419e-13,1.784472979192854e-13,7.148014483785606e-13,1.734901876312983e-10,2.740109923539052e-06,2
430,02:23:00,4.459723766477614e-11,2.131502216591959e-12,6.038120125943393e-13,1.733243515664417e-13,5.375394867527321e-13,1.3021591332733491e-10,2.808308767767169e-06,2
431,02:23:30,2.985323982504189e-11,2.312916273210472e-12,7.4297844742082e-13,1.2663575167653046e-13,3.1810690699808376e-13,1.6711388705120897e-10,2.4557930468443553e-06,2
432,02:24:00,5.274226137537498e-11,2.6956956175433495e-12,8.570384428902811e-13,1.168076587579084e-13,3.5477535698898023e-13,1.4617742706112516e-10,2.4850474067700963e-06,2
433,02:24:30,4.101968258258827e-11,1.7533501244206943e-12,6.504802006094641e-13,1.436797607190632e-13,5.923186998470812e-13,1.1549505765029984e-10,2.209794478314728e-06,2
434,02:25:00,2.97037460248769e-11,2.828331660126249e-12,7.783440207867917e-13,1.8726771740975038e-13,6.685455154661066e-13,1.5975996666689472e-10,2.2828649561364275e-06,2
435,02:25:30,4.145261449891302e-11,2.3655253585903273e-12,8.636344211101973e-13,1.5063792064962206e-13,6.417389197391124e-13,1.4760618679916998e-10,2.2237255122499465e-06,3
436,02:26:00,6.25659700153212e-11,1.84686756681543e-12,7.929465492249266e-13,1.1761323387423328e-13,3.822900785987223e-13,1.8071132792940883e-10,2.243522371829383e-06,2
437,02:26:30,3.69974857436999e-11,1.9782042837377857e-12,8.723947356057018e-13,1.726203833609274e-13,6.93516831709189e-13,2.907621919969973e-10,2.062178345982085e-06,2
438,02:27:00,3.9393667893386245e-11,2.5063502350132162e-12,9.14144039140748e-13,1.1061493583415172e-13,4.7447146792919e-13,2.651999210581014e-10,2.0429195399490003e-06,2
439,02:27:30,3.500437008359472e-11,2.8734633897922137e-12,8.727326488547539e-13,1.0442238296951425e-13,3.9490689254527904e-13,1.8003332365852235e-10,2.1829105759893754e-06,2
440,02:28:00,2.2529798306808913e-11,1.654982617795733e-12,8.12546726665244e-13,1.0224074725063935e-13,4.032812219033992e-13,1.8872622238261822e-10,2.0629796261988554e-06,2
441,02:28:30,3.9707379178698106e-11,2.2055369766028036e-12,9.63295601640333e-13,1.231980198817275e-13,5.999299556101143e-13,2.832220286111641e-10,1.8776802950079048e-06,2
442,02:29:00,3.925185632238596e-11,2.6671376257223978e-12,6.951936973046666e-13,1.0654475290939883e-13,4.634818468265373e-13,2.4667573000172304e-10,1.8202036296250562e-06,2
443,02:29:30,2.8441039791436913e-11,2.3038087577358122e-12,6.230286279988452e-13,7.411142367839982e-14,2.4685422162967927e-13,2.368055598114496e-10,1.822101156962332e-06,2
444,02:30:00,5.994964164479764e-11,3.1497084703353333e-12,1.0777571120912924e-12,1.4011094473969998e-13,7.428127502525323e-13,1.6854993657312997e-10,1.773819001353587e-06,3
445,02:30:30,4.258819653355481e-11,2.724566878704495e-12,8.582021874974578e-13,1.5700029127082397e-13,4.1039589501092163e-13,2.493934551632338e-10,1.873071321489226e-06,3
446,02:31:00,4.992543855621051e-11,2.501479699508667e-12,6.900776223023484e-13,9.114442764078607e-14,2.3481160414347684e-13,2.29757587116096e-10,1.7035564145552438e-06,2
447,02:31:30,4.498703445477272e-11,2.88009324507591e-12,9.496331963779079e-13,8.966559210446444e-14,3.4936123195685016e-13,2.3829683300920127e-10,1.628286663568834e-06,2
448,02:32:00,3.9296852645374425e-11,2.2468526006150723e-12,7.058887611533284e-13,1.1970503057588974e-13,5.888599480781156e-13,2.060834421171498e-10,1.5815970583204338e-06,2
449,02:32:30,2.843413081952641e-11,1.967708298320552e-12,1.0873396715230746e-12,9.653690627673459e-14,4.3869064196995124e-13,1.406538531380486e-10,1.666312816302561e-06,2
450,02:33:00,4.1780454597554655e-11,2.1880393160701172e-12,7.389684244146376e-13,8.71260159644076e-14,2.9231494526033665e-13,2.7905263680460844e-10,1.6124691544888758e-06,3
451,02:33:30,3.828280638521817e-11,2.0658757127688273e-12,1.1144426355168783e-12,1.2369872311961005e-13,6.618134834692457e-13,1.6207220275497496e-10,1.6298880091943833e-06,2
452,02:34:00,5.0915437310401625e-11,2.7461102322482344e-12,8.089161082446885e-13,7.896741808007183e-14,2.4568810124211064e-13,2.2214103431359013e-10,1.57126369326791e-06,2
453,02:34:30,4.059637055494788e-11,2.162564441501605e-12,8.027705097928357e-13,9.436972404200218e-14,4.532466970725021e-13,2.4287542168794327e-10,1.5526670499249966e-06,2
454,02:35:00,2.5273002926689854e-11,1.3160166135645547e-12,6.73914115090546e-13,7.387907105639057e-14,2.742689529815635e-13,2.392612139882675e-10,1.5087789400587865e-06,2
455,02:35:30,2.937765882358899e-11,2.819390897745761e-12,9.510273530948334e-13,8.375267339409367e-14,1.9783167356907125e-13,2.095011284716685e-10,1.5754334816801655e-06,2
456,02:36:00,5.351521009450951e-11,2.2418738757738386e-12,1.0060182258855627e-12,9.224228369645918e-14,3.874212499328328e-13,2.311087999257558e-10,1.6002340553180618e-06,3
457,02:36:30,4.381726423891757e-11,2.1891383038173565e-12,1.0185736041571131e-12,1.0273567177260274e-13,4.3244841372656626e-13,2.2892763172900308e-10,1.5716403138222563e-06,2
458,02:37:00,3.8736467075127945e-11,2.875946110580403e-12,1.0344645094569156e-12,6.303827135606733e-14,1.7042185224736173e-13,2.0495250466101623e-10,1.5379469811512907e-06,2
459,02:37:30,6.801467007874475e-11,2.5336237088690034e-12,7.552986720348938e-13,1.0576699123340099e-13,5.100481855037504e-13,2.2780161828761237e-10,1.6024366324781666e-06,2
460,02:38:00,5.1096412453674606e-11,2.463774796220497e-12,8.707679492623172e-13,7.945747188269454e-14,3.3109276675917765e-13,2.557999302657842e-10,1.5201984150229884e-06,2
461,02:38:30,5.902430109500429e-11,2.5992691631900355e-12,5.465201616670773e-13,1.1666958809131088e-13,3.327438637805066e-13,2.5256768236216473e-10,1.516366267761312e-06,3
462,02:39:00,4.133102070483474e-11,2.9980928276229556e-12,1.1515286618002012e-12,8.724189625487603e-14,2.4560087694871846e-13,1.5174635651087136e-10,1.6278599443720413e-06,2
463,02:39:30,4.799724335056131e-11,2.5515535095249197e-12,7.345500546042806e-13,8.355112376853849e-14,2.9734759197705803e-13,2.3313207797232546e-10,1.5768632242171616e-06,2
464,02:40:00,4.552125367233571e-11,3.183452093011497e-12,9.330459545655859e-13,7.646636898254489e-14,2.5719822063610315e-13,4.297689768861999e-10,1.5877833211320203e-06,2
465,02:40:30,7.555053142805436e-11,2.802241352246898e-12,8.707255244113522e-13,9.370932599503551e-14,3.2085474478353587e-13,3.1999768857748073e-10,1.6716399384741574e-06,3
466,02:41:00,4.8792174432173773e-11,2.4001244319966905e-12,8.044932711340196e-13,1.2744262424297145e-13,6.495601179134894e-13,1.277491587631733e-10,1.5431296908938559e-06,3
467,02:41:30,4.164442633218098e-11,2.436261332470114e-12,8.952309574294038e-13,1.345759058665738e-13,6.51387151204514e-13,3.2217511601177974e-10,1.6614064232621126e-06,3
468,02:42:00,4.4271422365611646e-11,2.150415509512506e-12,6.756732197215291e-13,9.187416053289057e-14,2.9168372673966393e-13,2.4235698611550495e-10,1.5916146015407296e-06,2
469,02:42:30,6.731055360875158e-11,3.463564522452039e-12,2.390161751088458e-12,3.4099462225337206e-13,1.0712237609197893e-12,2.3331894264817246e-09,2.848739497365167e-06,2
470,02:43:00,1.186605233313437e-10,4.420885836980502e-12,2.1191282198285325e-12,4.902378711414459e-13,1.7040288722039958e-12,3.0998873825135363e-10,3.1901617052809446e-06,3
471,02:43:30,2.960903913674632e-11,2.4280717271223677e-12,1.2445832211169094e-12,2.682342343209423e-13,7.423554278677731e-13,2.1990496910993887e-10,3.196838404563382e-06,2
472,02:44:00,7.492402755494687e-11,4.26340635114902e-12,1.2945626652917839e-12,2.6135013462486774e-13,7.928626968852468e-13,1.7377367104611603e-10,3.1557779068912536e-06,2
473,02:44:30,3.484037260978677e-11,2.328995951456633e-12,5.106928356611853e-13,2.0227979983323822e-13,6.20914407243404e-13,1.4803169933594902e-10,2.969461905080959e-06,2
474,02:45:00,2.234034821584375e-11,2.7719381940171175e-12,9.387302140702716e-13,2.496110781471382e-13,5.686622558730284e-13,1.456183544724e-10,2.9657581791170105e-06,2
475,02:45:30,4.3542185193171204e-11,2.3396291006812867e-12,1.0129030829544596e-12,1.8082505601251616e-13,4.780348927523565e-13,1.7928181911431377e-10,3.0319156526215424e-06,2
476,02:46:00,3.453727771231903e-11,2.01710287815133e-12,7.578574250093787e-13,1.3161720735818658e-13,2.295086868504443e-13,1.3568866187744176e-10,2.8216193552161855e-06,2
477,02:46:30,3.323479507941147e-11,1.991232425430506e-12,7.683123599454514e-13,1.364363514859111e-13,4.175023887815966e-13,1.4464506299869265e-10,2.7887608123911776e-06,2
478,02:47:00,2.2162072820492545e-11,2.419573310761367e-12,5.482555618701101e-13,1.0295614808733955e-13,2.493205617928476e-13,8.002545112067474e-11,2.325015582110348e-06,2
479,02:47:30,5.7995192056245286e-11,2.8874570300042034e-12,7.450269250742397e-13,2.8417335692151724e-13,5.598412262870658e-13,1.5194449402279365e-10,2.459897994665384e-06,2
480,02:48:00,4.271237738173183e-11,3.452450648719816e-12,7.729872450451036e-13,1.8876778570965978e-13,7.172004397424686e-13,1.3409998680993675e-10,2.111430392296714e-06,2
481,02:48:30,2.952005796729536e-11,3.5071959541355274e-12,1.0317390167204807e-12,2.605877325164348e-13,8.835963264983803e-13,1.3907317393420042e-10,2.2111643401639334e-06,2
482,02:49:00,4.207757213223798e-11,2.296263906111487e-12,5.676908858132397e-13,2.003184627638163e-13,4.723412795064966e-13,1.3977309058025093e-10,2.3352899757541063e-06,2
483,02:49:30,3.798425481805811e-11,2.7071591934538997e-12,1.0400592093740625e-12,1.8666628806014744e-13,5.023603407317029e-13,1.8704095096781776e-10,2.0259694628223633e-06,2
484,02:50:00,2.542628278172877e-11,1.913778036266087e-12,7.352130984449609e-13,1.2093575901702728e-13,3.4283842588005886e-13,1.5224027523456156e-10,1.6019365832640849e-06,2
485,02:50:30,4.3000803363136255e-11,2.3975549292206524e-12,1.346457191072995e-12,1.4586525331818913e-13,4.919525685826931e-13,1.7114619778383968e-10,9.906969627225287e-07,2
486,02:51:00,9.940827009112617e-12,1.797903108169062e-12,2.109454768973845e-12,5.948030365304994e-13,1.175278917167443e-12,5.7441230696622544e-11,5.209816265594598e-07,4
487,02:51:30,3.311325240757491e-11,2.0681780272770827e-12,2.030128409960186e-12,4.682995427252666e-13,9.957093092228332e-13,8.079984397562982e-11,6.89137246434016e-07,4
488,02:52:00,5.011413127880144e-12,1.2057894720389674e-12,7.925640761763091e-13,4.203427700452908e-13,6.510057914662985e-13,1.2766854009093783e-10,4.899683679924059e-07,4
489,02:52:30,5.084604011179481e-12,1.0001309431148788e-12,6.638804862055297e-13,3.5796857877070724e-13,4.557439764322115e-13,1.2977796756665275e-10,4.73266990956798e-07,4
490,02:53:00,3.401231922627556e-12,7.761878407769718e-13,8.0667727255953e-13,4.750622309438299e-13,8.688614747492332e-13,2.6710908900026326e-10,4.5836093080365355e-07,4
491,02:53:30,1.1626786623667425e-11,2.418047374173481e-12,1.7395617989982735e-12,4.817289226672294e-13,8.806013725062894e-13,1.6035201571866116e-10,6.836412703795037e-07,4
492,02:54:00,5.5660740532343354e-12,2.3301467296145565e-12,2.7889560807987797e-12,6.290095037287055e-13,1.238202274355889e-12,1.0809394617353252e-10,7.500554087102812e-07,4
493,02:54:30,2.6200890216560968e-12,9.220155715439647e-13,4.549158936742471e-13,4.3887255830602773e-13,5.979787305782343e-13,7.903468213678967e-11,5.938626010873213e-07,4
494,02:55:00,8.316598367173077e-12,1.570902795817256e-12,1.0498691033818776e-12,4.325349476074428e-13,6.332178902538549e-13,7.346497017088274e-10,5.949874068168433e-07,4
495,02:55:30,4.849193229074443e-12,1.0830296434197912e-12,6.837711439097191e-13,4.338178811524581e-13,6.124160050605024e-13,1.6374723660393874e-09,5.79935811325849e-07,4
496,02:56:00,7.253221755690293e-12,1.6536814048751894e-12,1.1734604620209647e-12,4.943715932534845e-13,7.286836904426387e-13,2.637104639893711e-10,5.60497841358434e-07,4
497,02:56:30,2.7251289518577603e-12,6.666430357250791e-13,5.814806712098773e-13,4.1136262842873985e-13,5.043590889528664e-13,1.847124865492447e-10,6.457256574238335e-07,4
498,02:57:00,4.158013615974199e-12,8.100017742803867e-13,4.732115800810252e-13,3.3495280013225075e-13,2.84877506193818e-13,5.357948793659558e-10,5.775086826186573e-07,4
499,02:57:30,1.3901223153667763e-11,2.6519859438422716e-12,2.0853703973212756e-12,6.387135674499447e-13,1.7601652971991635e-12,2.6727667583584684e-10,9.901132872537184e-07,4
500,02:58:00,2.394955994064598e-11,1.821390599393181e-12,1.291062631587653e-12,3.834142491412751e-13,6.196235167675621e-13,9.682073946023893e-11,7.758733400081194e-07,4
501,02:58:30,2.4047361246742547e-11,1.5161771353811252e-12,8.603000021107104e-13,4.3729380068548884e-13,7.367770032970967e-13,1.1463991492496539e-10,5.600697104228283e-07,4
502,02:59:00,4.764912759746028e-12,7.725442686380699e-13,5.130618200504238e-13,4.1673247659595477e-13,8.800216559794127e-13,1.3344190729516656e-10,5.812461950321338e-07,4
503,02:59:30,1.2742504059271816e-11,2.450187769505959e-12,1.367797528290839e-12,4.897615108934001e-13,8.8019013205853e-13,1.4625330754982257e-10,6.258624587231133e-07,4
504,03:00:00,1.5679428620915602e-11,2.2627453734610672e-12,1.6139790867367034e-12,4.846701694128139e-13,1.01524978194647e-12,1.8804177485137498e-10,6.490630363604603e-07,4
505,03:00:30,7.281933540234194e-12,2.099121696635589e-12,1.1466991552750348e-12,4.4471225213155827e-13,9.153894344482925e-13,8.207806901210444e-11,6.559242587789307e-07,4
506,03:01:00,7.678302154808587e-12,1.842049948374297e-12,1.3076820408206393e-12,5.061427045617285e-13,8.500278766454628e-13,1.2658505890773e-10,6.747236037786645e-07,4
507,03:01:30,1.829572405199155e-11,2.7645855635218636e-12,1.474887820262118e-12,4.334032581748884e-13,1.0919309703184889e-12,1.9841383520171338e-10,6.361548447708849e-07,4
508,03:02:00,1.91169850116742e-11,2.2404009059483436e-12,1.1568181361843804e-12,4.287925678990982e-13,7.732754935728851e-13,1.1707762781470332e-10,6.790364767521708e-07,4
509,03:02:30,2.1924451731846856e-11,1.6020816990114927e-12,9.090323093720388e-13,3.734350146236062e-13,8.412262285367096e-13,1.7363730902732376e-10,6.656550557544197e-07,4
510,03:03:00,1.728277796913136e-11,2.5006688232657603e-12,1.1647902068852628e-12,3.8671388654900377e-13,8.821986298829812e-13,1.230287967397523e-10,7.273856428843539e-07,4
511,03:03:30,1.2643973522959496e-11,2.3094457206233397e-12,1.686327182250546e-12,5.415209348916968e-13,1.0974967892003258e-12,9.271660251108323e-11,6.556728514307634e-07,4
512,03:04:00,6.769600838758012e-12,1.836114841204683e-12,8.727921012152302e-13,4.044777829416041e-13,5.671434573309462e-13,1.7225434610924503e-10,6.687656271182069e-07,4
513,03:04:30,3.50946371615071e-11,1.7171328680625842e-12,1.3649585392297641e-12,4.3155777508242984e-13,1.05505859766047e-12,1.1659828826477703e-10,9.352301751070656e-07,4
514,03:05:00,2.3688036765095012e-11,3.889034976920657e-12,2.690264404987452e-12,3.936298323750569e-13,1.3438920465140781e-12,9.245694922319738e-11,9.205235832057759e-07,4
515,03:05:30,8.003347945931309e-12,1.869453676527717e-12,1.3452838260048652e-12,3.4722049041844107e-13,8.114950361849693e-13,2.919174376981435e-10,6.163922042103063e-07,4
516,03:06:00,8.461981798120992e-12,1.5301500134294056e-12,8.482387883941313e-13,3.1052399829970986e-13,4.836473512328135e-13,2.1181459151848664e-10,7.791188601606803e-07,4
517,03:06:30,2.0218303327891938e-11,1.9762629389374634e-12,1.169240197112699e-12,3.4932488362210783e-13,8.334859723074611e-13,1.262696985990197e-10,7.319596690050559e-07,4
518,03:07:00,1.9583064739008025e-11,2.6986720401634293e-12,2.3056160266991297e-12,3.437388594947486e-13,1.0692093789726117e-12,1.8999249832816037e-10,7.941511763020576e-07,4
519,03:07:30,1.55256246794847e-11,1.3902105876962859e-12,6.269594944727659e-13,2.9537696707529714e-13,6.914974896473532e-13,1.2300050036008994e-10,7.899883731438387e-07,4
520,03:08:00,2.1953994957435122e-11,2.3209622118210934e-12,2.588752232053019e-12,4.910407530063384e-13,1.269793242052175e-12,1.3651770452469475e-10,8.449401080274605e-07,2
521,03:08:30,1.3257257580293553e-11,2.1601493835216384e-12,9.45752364974162e-13,3.7119366631584884e-13,1.1226820319147957e-12,1.264437827764372e-10,7.407758847260757e-07,2
522,03:09:00,1.7025333786587906e-11,1.779412799449947e-12,9.342648336088314e-13,3.0254027864857276e-13,8.325797818986874e-13,1.0424380749140511e-10,7.461005748827695e-07,2
523,03:09:30,2.259261349960561e-11,2.53009024225619e-12,1.0533394553365593e-12,3.0277083026006823e-13,5.830598374171089e-13,1.7978015497351144e-10,8.351641083491883e-07,2
524,03:10:00,1.2809287199068706e-11,2.1930842934923228e-12,1.1631706934246026e-12,3.6143423697000743e-13,7.74691590912273e-13,1.0357634070347359e-10,8.263035091314396e-07,2
525,03:10:30,2.9956358635897865e-11,2.5566254405180577e-12,1.2957437437239768e-12,3.2875259598381025e-13,5.424136213788701e-13,1.9320154882398483e-10,8.159510362259473e-07,2
526,03:11:00,2.749483805877425e-11,2.1612895621008196e-12,1.4399799336759457e-12,2.2107079744277956e-13,4.907479419813657e-13,1.5289539547604236e-10,8.581797473723031e-07,2
527,03:11:30,2.079086825053584e-11,2.189461048893124e-12,1.2976524103371541e-12,3.719170886073186e-13,1.0086601331587638e-12,1.61378894003909e-10,1.052977003249971e-06,2
528,03:12:00,2.2153732696618756e-11,2.4702795141868777e-12,1.388846716985187e-12,2.4631652532612284e-13,6.939601281561143e-13,1.2491074798811828e-10,1.039204993184591e-06,2
529,03:12:30,2.0340171218036734e-11,2.402293347606394e-12,1.2622548254521741e-12,3.089735622755238e-13,1.128068067088757e-12,2.276966555699498e-10,9.263432071132809e-07,2
530,03:13:00,1.6491829079193375e-11,2.3969378931255803e-12,1.3185006971331023e-12,3.1349384558332426e-13,8.987637477805748e-13,2.0368381813672448e-10,9.186888312599814e-07,2
531,03:13:30,1.913265641533098e-11,1.5707703822570526e-12,1.0516044688400197e-12,3.3526308114006135e-13,8.421170089744526e-13,1.4118371398068196e-10,8.76879658027042e-07,2
532,03:14:00,3.353161833533258e-11,1.5183682005369473e-12,1.4384203481014687e-12,2.561759385163694e-13,7.329145939793026e-13,1.9907533503502218e-10,1.2115662237469951e-06,2
533,03:14:30,1.3489668086028846e-11,2.2175447728698106e-12,8.715443588511797e-13,1.766435016624147e-13,5.550491767935011e-13,1.0270247438765223e-10,9.718093392897459e-07,2
534,03:15:00,1.347793244005976e-11,1.7677354871231406e-12,6.658087002290316e-13,1.9769253153469146e-13,5.322803032170126e-13,1.226398742490062e-10,1.0023117412588116e-06,2
535,03:15:30,1.8113884315907015e-11,2.892718452672576e-12,1.206284624615196e-12,1.7977674197063273e-13,4.0756621335869843e-13,1.1118022893207603e-10,8.200569627380429e-07,2
536,03:16:00,1.4694558817923587e-11,1.7505338028472368e-12,8.671633193610529e-13,2.374918264048024e-13,7.044918661890591e-13,1.3790647375518435e-10,9.432515371418335e-07,2
537,03:16:30,1.9149779164611237e-11,1.8456439560678796e-12,1.194671857579761e-12,2.401913307691439e-13,5.169831975071128e-13,1.0784668597526273e-10,1.084585364884757e-06,2
538,03:17:00,1.839486393370159e-11,1.5625616738472082e-12,7.935271860115623e-13,1.6376653796852778e-13,4.886075586619496e-13,8.80624815243436e-11,8.425162900555654e-07,2
539,03:17:30,1.457503175885196e-11,1.7836316147079679e-12,1.187274044982194e-12,2.1718656533214645e-13,8.832776876641187e-13,7.906221391625803e-11,8.997807418684829e-07,2
540,03:18:00,1.0472810648361623e-11,1.6081245834107846e-12,6.278895561570913e-13,1.8052490908545205e-13,6.584735081627825e-13,1.2042465935906775e-10,8.852045198004082e-07,2
541,03:18:30,1.803735884012411e-11,1.076790851695141e-12,4.593950123750309e-13,1.2410203721470855e-13,3.4097035295296406e-13,1.4702318025443132e-10,8.708214097515086e-07,2
542,03:19:00,3.7575063457409974e-11,3.3161348753347447e-12,1.1293824973143677e-12,2.0164049393982977e-13,6.503518035855411e-13,1.3994326255772024e-10,9.37946481459728e-07,2
543,03:19:30,2.5469345007529758e-11,1.5755374089124382e-12,4.5307403353433495e-13,9.689849564799145e-14,2.2549878978661194e-13,1.5053702610188526e-10,9.139525509200192e-07,2
544,03:20:00,2.0839818763781866e-11,1.1883416563589803e-12,6.356693026552373e-13,1.037980394960204e-13,2.661086765205626e-13,1.2934519177455114e-10,8.718271288871179e-07,2
545,03:20:30,2.7073910103721387e-11,1.6367578495023305e-12,4.487232821644846e-13,1.0168599043028713e-13,2.142446575819372e-13,1.420324301770346e-10,9.998755655620802e-07,2
546,03:21:00,2.0622554212810588e-11,1.7369016338711447e-12,4.57836429691518e-13,1.6421046065661324e-13,6.652781872837852e-13,1.2829591464350404e-10,9.173367877085548e-07,2
547,03:21:30,1.6952729795939528e-11,1.7110837684845782e-12,1.0303850223229543e-12,1.0159190764002058e-13,2.949786741772932e-13,1.1643833695104117e-10,9.105439384164324e-07,2
548,03:22:00,3.170015492295094e-11,1.719512360856234e-12,6.699173986814803e-13,1.1149028664780236e-13,3.3812018688553065e-13,9.11852472691334e-11,9.7430430815788e-07,2
549,03:22:30,1.912311048193459e-11,1.5027837907702026e-12,6.162565504368187e-13,1.8070129166754766e-13,7.591277690372051e-13,1.8556984002240206e-10,9.959888087602239e-07,2
550,03:23:00,1.5087999313263988e-11,1.6911782412234296e-12,9.784109328779423e-13,1.4259952713287592e-13,5.741919383734881e-13,1.6100355478926434e-10,9.448042160236953e-07,2
551,03:23:30,1.3916284886241582e-11,1.8847003786837714e-12,8.921914684008895e-13,1.0660891603261725e-13,3.0729943071734924e-13,1.1948157589683713e-10,1.0287589421542497e-06,2
552,03:24:00,1.752348162832101e-11,2.7621868444990237e-12,7.051264812649584e-13,2.8414095382540366e-13,1.5097938594032464e-12,1.413074536611294e-10,1.0013034206479118e-06,2
553,03:24:30,1.770368675839598e-11,2.256928207426443e-12,6.363566924718605e-13,1.2828955215834496e-13,5.288550670208641e-13,1.5873137849816948e-10,1.0101293664378435e-06,2
554,03:25:00,1.9832684750436885e-11,1.380804289580171e-12,6.152273735152079e-13,1.6375266378487534e-13,6.991723668165173e-13,1.576481598688448e-10,1.333354175447694e-06,2
555,03:25:30,4.424738721347287e-11,3.380140148664032e-12,3.3419588761611546e-12,4.58730140711578e-13,1.8598926565442967e-12,1.9599467717035502e-10,3.019727468697612e-06,1
556,03:26:00,4.509600247490392e-11,1.744276614049375e-12,1.5425748124175474e-12,3.682418277375348e-13,6.425242817071526e-13,1.7506690651345266e-09,3.1396847744723693e-06,1
557,03:26:30,5.3790300664850554e-11,2.8655452022157152e-12,1.2817375159670172e-12,3.5354387130196704e-13,7.717970071460721e-13,2.52181896465763e-10,3.1462107984513873e-06,2
558,03:27:00,9.370593346546788e-12,1.5646569849982821e-12,8.534893309740499e-13,1.7611803858204114e-13,4.169011695986169e-13,8.43009814901998e-11,2.9512181967737766e-06,2
559,03:27:30,1.4952229622792288e-11,1.4047006731597292e-12,4.398591185235759e-13,1.2887230301045742e-13,3.059632238999532e-13,6.631244416699347e-11,2.974497342901431e-06,2
560,03:28:00,2.7127654864801524e-11,2.0789320703780967e-12,6.493636941790474e-13,1.8985284671208156e-13,5.680824435223166e-13,1.102538782368455e-10,2.879861687352101e-06,2
561,03:28:30,3.9401999494809295e-11,1.7754711754750458e-12,4.535901516068792e-13,1.9698301209743174e-13,7.764540720274619e-13,9.636602037801529e-11,2.7893367506703057e-06,2
562,03:29:00,1.4860731230066952e-11,1.5716681966509065e-12,5.354595107486982e-13,1.0605044240472222e-13,3.282854245668836e-13,6.763445392457262e-11,2.768224335154433e-06,2
563,03:29:30,2.690705309726402e-11,1.5307749353290321e-12,6.765061918530137e-13,1.3241789993112477e-13,3.8113255043776067e-13,9.743045503156113e-11,2.842938236345529e-06,2
564,03:30:00,6.889158861350667e-11,2.936859060979131e-12,1.074623345935058e-12,2.8094193990458665e-13,7.406528517132978e-13,2.0105932741932022e-10,2.9642881660911333e-06,3
565,03:30:30,3.41607551256939e-11,1.4965185229723728e-12,5.623477081155934e-13,1.95593912488634e-13,4.2826436603964804e-13,1.1114576786813589e-10,2.7054241593983355e-06,2
566,03:31:00,1.866894047363579e-11,2.6327105452246733e-12,8.903757430398304e-13,1.9420803817062562e-13,9.57383678567177e-13,8.660323233576057e-11,2.49101921896817e-06,2
567,03:31:30,3.081504094290705e-11,2.7479418020704843e-12,1.7981965970783217e-12,4.465770648009867e-13,1.005623383564136e-12,2.4772934190105842e-09,2.85941070423711e-06,1
568,03:32:00,6.017708824269474e-11,1.7867976675606121e-12,1.0390292482448775e-12,2.827233727676111e-13,6.129659185094589e-13,1.1458053299028524e-10,2.43100465498074e-06,2
569,03:32:30,1.77142874650057e-11,1.5997675596300566e-12,4.805756985944275e-13,1.296199835738949e-13,3.2634848179959826e-13,1.6389737859098472e-10,2.1158898096355035e-06,2
570,03:33:00,4.07303720537875e-11,3.024199283210807e-12,1.0991445308337515e-12,2.8409096737324956e-13,7.426014316364598e-13,1.2441034537073227e-10,2.378592477431816e-06,2
571,03:33:30,1.5622096227872146e-11,1.6088678762464269e-12,7.058055721219561e-13,2.6197299937169964e-13,6.587231106113614e-13,9.15256730186946e-10,2.3845786503441743e-06,2
572,03:34:00,9.669269425960626e-12,1.0717436076564046e-12,5.032005626056617e-13,1.586506266042537e-13,2.540921820163313e-13,6.092443811338369e-11,2.0707132704728134e-06,2
573,03:34:30,2.6250358370143614e-11,1.9423948509513374e-12,1.1958953733497641e-12,2.4442204310310816e-13,5.763350514413576e-13,1.5294141332351212e-10,2.3232239080775962e-06,2
574,03:35:00,2.91499460682809e-11,2.2442340162875093e-12,7.1396971465791e-13,1.9866656798288267e-13,4.756704103853765e-13,1.3507398512513573e-10,2.2935240725578604e-06,2
575,03:35:30,2.227508963400049e-11,1.6979246145191387e-12,7.231768365932577e-13,1.636189314844719e-13,5.022319810830361e-13,7.317793592492236e-11,2.2248250842825535e-06,2
576,03:36:00,1.1090543040387104e-11,1.5481582990137018e-12,6.357179257314062e-13,1.1558123289164547e-13,2.840814204622244e-13,7.606463268624994e-11,1.9929740346546386e-06,2
577,03:36:30,3.1937118772728384e-11,3.2533819035731746e-12,1.4209752252466387e-12,3.3077092373463827e-13,1.1237551483338685e-12,2.865977545685588e-10,2.495634772838803e-06,2
578,03:37:00,3.29047771992676e-11,1.5873425311307095e-12,8.442172610704807e-13,2.1444572471622817e-13,6.451405265085334e-13,1.243370836179998e-10,2.60801630070578e-06,2
579,03:37:30,3.9137738887214195e-11,1.933019380308538e-12,5.673263819374069e-13,1.3435667209474506e-13,2.888600550060156e-13,1.1811420283788348e-10,2.451748725543736e-06,2
580,03:38:00,1.4876572683371825e-11,1.5952954500280047e-12,3.3396288353396585e-13,1.1411559054014255e-13,2.0989840067577759e-13,9.909890962849853e-11,2.38813724026146e-06,2
581,03:38:30,4.318779988176644e-11,1.8376972635265e-12,1.03814559873865e-12,3.177197254395297e-13,8.583171929049769e-13,2.826662015151826e-10,2.5158145380515315e-06,2
582,03:39:00,2.6814142263731894e-11,2.3575688839672738e-12,4.5015561581774355e-13,2.1815191082803754e-13,7.529964532961767e-13,1.0974259946405857e-10,2.4026320791456025e-06,2
583,03:39:30,1.7830814880892932e-11,1.3241977236547903e-12,3.091166216264642e-13,1.0656665634854242e-13,2.492441787913556e-13,8.866262766852493e-11,2.4532233204608282e-06,2
584,03:40:00,1.658016534646657e-11,1.7733098263504181e-12,9.129918930195995e-13,1.5384313845827508e-13,6.789949874123098e-13,1.1986897470303317e-10,2.332901148381113e-06,2
585,03:40:30,3.7373206532533823e-11,2.3220639200400503e-12,6.10773104283938e-13,1.3074164939413892e-13,2.303266432200558e-13,1.2297914828899113e-10,2.3108420930007256e-06,2
586,03:41:00,2.9249201657960526e-11,2.5351273711815736e-12,1.8136714581520696e-12,3.834271923612823e-13,8.075449346244478e-13,1.791854467730745e-09,2.7261258140897744e-06,2
587,03:41:30,2.415290356157482e-11,1.8612838479355035e-12,1.0612351408681698e-12,2.1252370482075752e-13,4.245201794328214e-13,1.4141284713946464e-10,2.301596405748353e-06,2
588,03:42:00,3.448856036557349e-11,9.185290060834679e-13,3.724974283130214e-13,1.2112347220632653e-13,2.8112982951811224e-13,7.314452541797151e-11,2.095429021060975e-06,2
589,03:42:30,3.5170570938731966e-11,2.3397994912080438e-12,6.59178954393401e-13,1.798891062409881e-13,6.109739736766034e-13,2.097722920261845e-10,2.0616626658342488e-06,2
590,03:43:00,4.039224320633482e-11,2.5197590333015515e-12,7.254710426636478e-13,2.230031330692314e-13,5.559598219642303e-13,2.1680941635545375e-10,2.3816487656457275e-06,2
591,03:43:30,2.659466281920213e-11,2.8020465816704836e-12,1.8457509906699932e-12,4.299487595849527e-13,1.3506846372314586e-12,9.807184335824255e-11,3.1407144466884023e-06,2
592,03:44:00,2.2947736800856912e-11,1.8850896859691716e-12,1.0511294111003838e-12,2.2506377814642373e-13,4.5171650679671637e-13,1.459375195535493e-10,2.976483289401133e-06,2
593,03:44:30,2.218880212918418e-11,1.7080344059392013e-12,7.347459322771106e-13,1.8762299992272458e-13,4.583224711470936e-13,1.0041887440231603e-10,2.909217640877125e-06,2
594,03:45:00,1.8345022068435565e-11,2.2065400532840634e-12,5.986957294689322e-13,3.742197332239401e-13,1.135070807404239e-12,1.2366013681203288e-10,2.8990515040659116e-06,2
595,03:45:30,2.7206842211671972e-11,1.3729380858517963e-12,4.092079378630787e-13,1.2461080868071668e-13,2.752594398868609e-13,9.217658202038975e-11,2.8966811225019687e-06,2
596,03:46:00,1.5978379223817965e-11,2.4321723043093374e-12,2.016613542437938e-12,4.778481728507636e-13,1.5649518767506248e-12,3.762096477348422e-09,2.9754770289457727e-06,1
597,03:46:30,3.648929388342171e-12,1.0862695094135071e-12,2.22692086503841e-12,5.543938661746159e-13,1.1577735724066162e-12,5.960640711352982e-11,3.262105921284866e-06,0
598,03:47:00,1.5903633683495121e-12,6.912847783997889e-13,1.5094850948841307e-12,4.415978714773941e-13,5.945078533087453e-13,4.8222099185392895e-11,3.235804542400805e-06,0
599,03:47:30,9.039536945494898e-12,9.724063312766283e-13,2.095160731479078e-12,5.667073693310058e-13,1.1126985306923446e-12,9.819620562969784e-10,3.213089279895247e-06,0
600,03:48:00,8.32183109199378e-12,1.4992229944672852e-12,1.6206670844289964e-12,7.245588859962616e-13,1.62633372791398e-12,4.5478142169807056e-10,3.205016082265048e-06,0
601,03:48:30,3.0778857260786814e-12,2.1537753890257943e-12,2.724171585157662e-12,5.586003230295897e-13,9.316271759988651e-13,8.69702935122419e-11,2.780799621460434e-06,0
602,03:49:00,2.2813287336523515e-11,2.7662375767160184e-12,3.804298088793701e-12,5.823293637082657e-13,1.724864211337605e-12,9.723325928329237e-11,2.7690001804546707e-06,1
603,03:49:30,4.701276971886606e-12,1.178179563040168e-12,2.285091222326474e-12,5.057251575480189e-13,1.1470020315936942e-12,7.330260772944003e-11,3.175769844971437e-06,0
604,03:50:00,1.8263334359537884e-11,2.0292063795252797e-12,3.9116646274680684e-12,7.76182747184327e-13,1.3623100477659905e-12,4.316495903600183e-10,3.23926825603462e-06,0
605,03:50:30,1.2438470848932162e-11,1.7696734697845653e-12,2.214350367288121e-12,6.709962391336408e-13,1.2426567747928256e-12,1.0111824369338741e-10,3.150003364503109e-06,0
606,03:51:00,4.340945162152434e-11,1.2416787624442943e-12,6.001385942334017e-13,2.659056125892432e-13,3.5107717211885065e-13,9.430491376968108e-11,3.1295644664970043e-06,1
607,03:51:30,4.156357631626756e-11,2.5657541166946317e-12,2.1853407358154896e-12,5.091762111158612e-13,1.0642132446714176e-12,7.560842277811047e-11,3.1645962593584714e-06,1
608,03:52:00,4.83278569205333e-11,2.259845710485188e-12,1.129885136063887e-12,2.4374397159765246e-13,6.289831177744147e-13,8.114840676540512e-11,3.160441026672957e-06,2
609,03:52:30,3.022039738558093e-11,1.9141315428915993e-12,6.323616765143542e-13,1.8681774220172723e-13,3.260192206476506e-13,1.3367507775835375e-10,3.0883382830510954e-06,2
610,03:53:00,2.0102297153300512e-11,1.7771877533873894e-12,7.793672390257371e-13,1.9678184376712348e-13,5.494988060649448e-13,1.3303897872621247e-10,3.099785712742205e-06,2
611,03:53:30,2.8575513784257362e-11,1.755386693025291e-12,1.5399877899725534e-12,3.1005219716790593e-13,6.806219126328444e-13,1.245858730166575e-10,3.1391164466114632e-06,2
612,03:54:00,3.049390347374082e-11,1.432492289042052e-12,7.910564262118483e-13,2.8687484173742195e-13,4.670730328271189e-13,7.630002119917883e-11,3.223680932568085e-06,2
613,03:54:30,1.9200895106049898e-11,1.5814544512803149e-12,8.656457025303134e-13,2.1501166606970895e-13,3.9405732470803757e-13,7.389841501048009e-11,3.12197757584958e-06,2
614,03:55:00,2.76463957407556e-11,2.2537511410593182e-12,1.3287118613660452e-12,3.2008229651746875e-13,7.627415193478513e-13,1.2309153690039607e-10,3.1530633423980015e-06,2
615,03:55:30,1.632930154153231e-11,9.22459620274098e-13,3.24637572973274e-13,1.290420368926257e-13,2.1789561923568266e-13,5.0572815649679953e-11,3.128200137545577e-06,2
616,03:56:00,2.8819400575367563e-11,2.209327676002497e-12,1.6177416120427776e-12,4.1258776775654936e-13,9.342318786819772e-13,1.0863575045993101e-10,3.1874847446164144e-06,1
617,03:56:30,3.872228342630445e-11,1.3675543610053083e-12,4.771398967456112e-13,1.3639207671796045e-13,3.0448553972546925e-13,9.266302891128782e-11,3.0288441161737257e-06,2
618,03:57:00,2.2961172694086252e-11,1.750117660600356e-12,7.720717708225805e-13,3.1947987940265194e-13,9.890975163047445e-13,5.747693172091847e-11,3.1621331627631297e-06,1
619,03:57:30,3.267520497978347e-11,1.7480360948861985e-12,9.392058293156773e-13,2.2999448113103505e-13,5.942462391833861e-13,1.0166850039722398e-10,3.117176517214828e-06,2
620,03:58:00,2.5121554048467587e-11,8.945730087219713e-13,3.5619638955291675e-13,1.0583807707662188e-13,2.1578321003772245e-13,8.541886364098073e-11,2.984888278368567e-06,2
621,03:58:30,2.26000254419534e-11,1.691461616467999e-12,7.788857337886309e-13,1.82334527689208e-13,3.987783233883887e-13,1.0071636762509882e-10,3.0600607878515094e-06,2
622,03:59:00,2.5150621936661238e-11,1.4006843228747199e-12,4.955816542421273e-13,1.7424695948654031e-13,5.626798182723004e-13,8.524252955329133e-11,3.0404875483298898e-06,2
623,03:59:30,4.613170060165436e-11,2.4668257672528654e-12,2.2336373804816834e-12,4.5091461426244666e-13,1.1780917155748588e-12,1.293653091122072e-10,3.147855995808467e-06,2
624,04:00:00,2.335000108744518e-11,1.5843451221925991e-12,5.30298806209499e-13,2.320927089408088e-13,3.890048994040008e-13,6.970631444683393e-11,3.1354912450760646e-06,2
625,04:00:30,3.18767216640075e-11,1.51981270857536e-12,4.958959477515214e-13,1.4527577571015806e-13,4.221078074208297e-13,8.220972418257102e-11,2.954720658987751e-06,2
626,04:01:00,3.0081973830772886e-11,1.3584991666147833e-12,6.313031671247046e-13,1.4076498758519594e-13,4.959916955883188e-13,6.67709353206172e-11,2.8739269815741317e-06,2
627,04:01:30,3.543210745526321e-11,2.0824327418867763e-12,7.858655295561257e-13,2.0524240051500638e-13,5.816561818678369e-13,1.2123471129168497e-10,3.0002454861366096e-06,2
628,04:02:00,1.9470095434766135e-11,1.206951833055944e-12,3.7760146925454036e-13,1.4079399631251431e-13,4.775596057846257e-13,6.264509386458796e-11,2.893926527104415e-06,2
629,04:02:30,1.9186863411817257e-11,2.2287493540761076e-12,1.3105444925755154e-12,2.4674530705325256e-13,4.610209568427482e-13,9.840528355915898e-11,2.9601226665980943e-06,2
630,04:03:00,5.3212852586544293e-11,2.5784204347115484e-12,1.129232341815989e-12,3.277377981433824e-13,6.657737893511096e-13,1.1673009354483168e-10,3.1446702795807554e-06,2
631,04:03:30,2.0451572120650487e-11,1.9536719649292703e-12,1.6401010588915866e-12,4.3744407509459756e-13,7.984320127516503e-13,3.7396025254761805e-10,3.115187664918823e-06,1
632,04:04:00,2.947789816003445e-11,1.048587809351558e-12,5.93119950816067e-13,2.585873987676542e-13,4.930556500148711e-13,7.331748578281946e-11,3.0854822638386927e-06,1
633,04:04:30,3.159096936397869e-11,1.999715588427536e-12,7.820303373709748e-13,2.791395195583309e-13,9.463232059409238e-13,1.0229549748261781e-10,3.1211913184604254e-06,2
634,04:05:00,2.288465313805557e-11,1.4430926951297197e-12,7.26948977387563e-13,2.388382847937848e-13,6.790901052184644e-13,6.147761855275415e-11,3.0980193313945502e-06,2
635,04:05:30,2.7245221421990552e-11,2.2471526343960933e-12,1.8794792933636337e-12,3.790314875110658e-13,9.353283277098579e-13,1.2600182075033212e-10,3.0835980529806686e-06,2
636,04:06:00,2.33729979456078e-11,2.1517457058240623e-12,1.0591517329654379e-12,2.6947417022249367e-13,6.092658898744459e-13,1.1415535749746665e-10,3.0465353238639883e-06,2
637,04:06:30,2.8130276164720787e-11,1.423817901241991e-12,9.056620110492438e-13,2.0978450022827218e-13,4.939426474483942e-13,1.841792027352173e-10,3.158766918572992e-06,2
638,04:07:00,1.7666839048593788e-11,1.224181259000068e-12,6.116313107271307e-13,1.8081593520476536e-13,4.347724096000054e-13,1.1286638340625543e-10,3.1572423548457727e-06,2
639,04:07:30,2.257284905602704e-11,1.956896419465976e-12,1.4080709929145876e-12,2.837179190464561e-13,4.214251983773827e-13,8.02457168871494e-11,3.121690651932391e-06,2
640,04:08:00,4.204400487736125e-11,1.344349208972216e-12,1.5669540844933364e-12,2.998372717809501e-13,1.1096792026834764e-12,1.368763306192285e-10,3.1157965003354016e-06,2
641,04:08:30,1.0344825892256548e-11,1.1510893800990969e-12,4.926472690932086e-13,1.573504310192001e-13,3.967784454217204e-13,6.063684295661593e-11,2.986632568090459e-06,2
642,04:09:00,1.7075829244243678e-11,3.169257901998999e-12,1.2704703157565064e-12,2.863250486296088e-13,7.925366216452293e-13,1.3489892375137277e-10,3.130000607519446e-06,2
643,04:09:30,3.4674110044837e-11,1.5057064916062403e-12,1.5305715931942993e-12,3.21018590198051e-13,6.906487490758939e-13,1.290553628610367e-10,3.1583543040219415e-06,2
644,04:10:00,2.027102133916662e-11,2.297803261996452e-12,1.398774305477325e-12,2.996309768472185e-13,1.0620035230295755e-12,1.3213970370318925e-10,3.204518974216531e-06,2
645,04:10:30,3.0459439509972903e-11,2.147389262701387e-12,1.5832004288880397e-12,2.5519401327262263e-13,7.276376083555491e-13,1.0845777013102696e-10,3.1784678355742524e-06,2
646,04:11:00,2.512056037120305e-11,1.0457629680963012e-12,3.5303545038841873e-13,1.5403141523778318e-13,1.9945254096274475e-13,6.197997813688876e-11,3.038867345180151e-06,2
647,04:11:30,1.8614328139923793e-11,2.0248511587182042e-12,5.749759797214733e-13,1.4896762633754733e-13,3.298939383665237e-13,1.1109823836589583e-10,3.1632351050514037e-06,2
648,04:12:00,4.481711603273287e-11,2.2687402424824917e-12,1.4234254196412137e-12,3.222916333614151e-13,8.109499644322078e-13,3.921399975755838e-09,3.1283057290188695e-06,2
649,04:12:30,1.047329588820319e-11,1.7016613254692426e-12,1.0842632951402943e-12,2.7415002969702425e-13,6.375576780265825e-13,8.395908779494361e-11,2.0568607992788436e-06,1
650,04:13:00,2.7129538638850592e-11,1.3847528356653279e-12,6.386875294600072e-13,2.343318509506669e-13,8.747899628428521e-13,8.496737119258837e-11,2.3658446980889986e-06,2
651,04:13:30,3.8429590265064404e-11,1.452891818337307e-12,7.135504974074754e-13,2.5922823916082634e-13,5.685009759431553e-13,9.785652080687973e-11,2.4549326839252807e-06,2
652,04:14:00,1.7968302010187514e-11,1.0520856103803934e-12,3.7136840919052267e-13,1.3298230958052636e-13,3.2454373812471173e-13,9.443613831080446e-11,2.3535041015555773e-06,2
653,04:14:30,1.6771697853444665e-11,1.038404879889531e-12,4.5015070269214766e-13,1.5113797913426374e-13,3.227790848127898e-13,8.163606356847548e-11,2.4503385237600572e-06,2
654,04:15:00,2.0888332237954754e-11,1.697374542849427e-12,4.94567298250457e-13,1.5917436514126013e-13,5.390548458908918e-13,7.711107819625576e-11,2.4993570757081644e-06,2
655,04:15:30,2.9232912177405775e-11,1.3930478162265575e-12,6.666434735592979e-13,1.1644647802484227e-13,2.75085376075099e-13,1.1172722188837213e-10,2.5858102981319065e-06,2
656,04:16:00,2.2769737500720335e-11,1.5321158028647932e-12,5.440178496595165e-13,1.098884695208357e-13,3.361301971889272e-13,9.234988116274722e-11,2.2406789520029844e-06,2
657,04:16:30,2.4605806063718484e-11,2.1018021208084317e-12,5.828930154038079e-13,1.753721747483789e-13,5.103035536001782e-13,8.606034836349557e-11,2.559290220777573e-06,2
658,04:17:00,3.1228762020502564e-11,2.026882677651397e-12,6.681023860365768e-13,1.3294472401150363e-13,4.0060492478296227e-13,1.728036423218451e-10,2.393177397359574e-06,2
659,04:17:30,1.3443677480647981e-11,1.4428103213732098e-12,6.666445818142504e-13,1.3394234103405747e-13,4.909627638400395e-13,7.466331663186274e-11,2.388986622345414e-06,2
660,04:18:00,3.196253287095193e-11,2.111527692257027e-12,4.850113268147766e-13,9.961768908074842e-14,2.4059366372710293e-13,1.3150988747305408e-10,2.508099674319321e-06,2
661,04:18:30,3.25562435571905e-11,2.3243707291146736e-12,7.007213455360657e-13,1.5165839169683825e-13,3.90373807735614e-13,1.5027782259117983e-10,2.583913194146601e-06,2
662,04:19:00,2.4405283627154007e-11,2.200228735156346e-12,5.09787642495059e-13,1.34629322551168e-13,5.045425291363928e-13,9.560905893659273e-11,2.3545547176546974e-06,2
663,04:19:30,2.1232069743806697e-11,1.7364921756344403e-12,5.806191433481238e-13,1.010260098797305e-13,3.247141356544745e-13,1.100866472778688e-10,2.516618513915277e-06,2
664,04:20:00,1.742329906788108e-11,1.399785149639641e-12,6.574583910705905e-13,9.267811935579248e-14,2.836955430162488e-13,1.416163229318206e-10,2.499901879203603e-06,2
665,04:20:30,1.7752638821393755e-11,1.5523183123804096e-12,6.034762983079179e-13,1.155169102454314e-13,2.987953897060402e-13,1.1610576281546981e-10,2.664668932837444e-06,2
666,04:21:00,1.4905608911181432e-11,1.6792483308173304e-12,4.799770159494241e-13,1.2320163082244984e-13,3.9435528849347815e-13,8.334214920764948e-11,2.8386443795903095e-06,2
667,04:21:30,2.7200226617647894e-11,2.0084867705114702e-12,6.181802092241713e-13,1.3681987472698985e-13,4.768430110029661e-13,8.754402183981391e-11,2.8717486821560753e-06,2
668,04:22:00,2.5518551062155624e-11,1.755151401205802e-12,5.966216819193476e-13,1.3400844322766342e-13,5.28141651892736e-13,1.6912798233087323e-10,2.6955216723795763e-06,2
669,04:22:30,1.311917473306535e-11,1.6525389165192721e-12,5.317121326060977e-13,1.64995938566049e-13,6.707152470310331e-13,1.2308792061201729e-10,2.848031742910713e-06,2
670,04:23:00,2.558797749098761e-11,2.9624717165151438e-12,7.739799131158461e-13,1.7776496564905388e-13,7.171427837256444e-13,1.063026793974204e-10,2.7975869704886174e-06,2
671,04:23:30,3.464205315852053e-11,3.004254780457121e-12,7.083351759761889e-13,1.0471334827676361e-13,3.002795876735315e-13,1.2284230920275393e-10,2.9529432576488707e-06,2
672,04:24:00,1.8346470780583106e-11,1.7054294727692603e-12,6.17859333840457e-13,1.1053725560298547e-13,2.29741960871774e-13,9.104488127735698e-11,2.786865226145553e-06,2
673,04:24:30,6.801273341946942e-11,3.719786169621781e-12,2.447800588364952e-12,3.53309306909709e-13,8.704507038641481e-13,2.2445355880119394e-10,3.019205298548118e-06,2
674,04:25:00,2.126567768638686e-11,1.6450547639978141e-12,7.122801037791736e-13,1.9079980904330615e-13,5.319695752061445e-13,1.2349798336568752e-10,2.279309220836442e-06,2
675,04:25:30,2.3980631212106687e-11,1.8258556004079135e-12,5.672469663792944e-13,1.3951690730808525e-13,4.4865362161441764e-13,1.4377994448656083e-10,2.0163971535925114e-06,2
676,04:26:00,1.2723440847615747e-11,1.9408448430930322e-12,5.064032330802759e-13,1.3393581094046825e-13,3.342385821646599e-13,9.536450244445719e-11,2.221323072405775e-06,2
677,04:26:30,4.288055127463715e-11,4.0880977864237514e-12,3.760784280199643e-12,2.4170787691474647e-12,2.8110162160782094e-12,3.873913255615137e-09,3.0825310222367993e-06,1
678,04:27:00,4.724612117417018e-11,1.7630360204743457e-12,9.20416266906698e-13,2.1306422382936747e-13,4.198904917176589e-13,1.7153406677581627e-10,3.068281877634997e-06,2
679,04:27:30,2.155729093782045e-11,1.82271987258107e-12,1.2723447508347675e-12,2.220363048292039e-13,5.897551755898709e-13,1.3790087638796565e-10,3.092448387723199e-06,2
680,04:28:00,2.5685749146717887e-11,2.1073227812995857e-12,8.253445970477747e-13,1.6792486543799252e-13,4.4993863710349303e-13,1.394743398777606e-10,3.083170238087923e-06,2
681,04:28:30,1.8508846417336202e-11,1.455753666251252e-12,1.0664918231181807e-12,3.5478497135679883e-13,8.041058054980704e-13,3.551180832896997e-09,3.1761951032490043e-06,1
682,04:29:00,1.0939932913211205e-11,1.0990341429472372e-12,1.602040092058632e-12,4.5014409369653253e-13,6.473386516847642e-13,7.079879359011221e-11,3.078621083056288e-06,1
683,04:29:30,4.68730525716526e-11,1.332620742470731e-12,9.107154715654813e-13,3.1885658113626374e-13,7.850127880591176e-13,1.0261126635731978e-10,3.1226240163480423e-06,2
684,04:30:00,4.904119126157778e-11,2.3868896931018868e-12,7.643612855024339e-13,2.672333181427916e-13,1.00170997344687e-12,9.386523805837795e-11,3.0826200319283306e-06,2
685,04:30:30,3.728125451270457e-11,2.450714790620505e-12,1.088083086011334e-12,2.2384184834894027e-13,5.875214288252297e-13,8.766022333981925e-11,3.106105165462346e-06,2
686,04:31:00,2.0358536948786647e-11,2.4024256025349986e-12,1.0656000362959369e-12,2.056358709152723e-13,5.420096783415755e-13,7.546328238212725e-11,3.0729060435558733e-06,2
687,04:31:30,1.3356491764761444e-11,1.6747143254893407e-12,5.126303610807755e-13,1.3468170386915202e-13,3.06876644572662e-13,6.943985219853983e-11,3.0675225751929064e-06,2
688,04:32:00,3.02400991271129e-11,1.2886004466272024e-12,7.076199135886169e-13,1.6561270341003368e-13,3.6603076970255603e-13,8.753260177026607e-11,3.079947847198601e-06,2
689,04:32:30,2.0461126168999794e-11,1.5381020666238525e-12,7.922617497838842e-13,3.2036070766157843e-13,1.3584346852212529e-12,3.3018132307285736e-10,3.102517110838412e-06,2
690,04:33:00,4.720043948721728e-11,1.9436816606134343e-12,1.1886673121039686e-12,2.3996625721735117e-13,3.6498631916592063e-13,1.9925538797940911e-10,2.9776901593103824e-06,2
691,04:33:30,1.4979157299632523e-11,1.5474899644571714e-12,7.156711721043901e-13,1.5525329579737327e-13,3.9342543739624787e-13,9.526664622725778e-11,2.763716076481086e-06,2
692,04:34:00,1.6198918962389066e-11,1.3487102143805755e-12,6.009262301190794e-13,1.5224786809765872e-13,5.537981431034207e-13,8.555335355813008e-11,2.7518874942766406e-06,2
693,04:34:30,1.5292394905367028e-11,2.2578830393414638e-12,7.950277675748991e-13,1.49961907224297e-13,4.418124999639326e-13,5.476380915839736e-11,2.5220298360223998e-06,2
694,04:35:00,2.0347856857718175e-11,1.9430219221896585e-12,6.42608496363959e-13,1.5108056249568958e-13,4.246434112204004e-13,9.862347718293687e-11,2.3656348765777046e-06,2
695,04:35:30,2.2872205256893932e-11,1.4658656965044099e-12,4.463736787888488e-13,1.202896241343026e-13,3.383707396033997e-13,8.033901494725287e-11,2.243607259680355e-06,2
696,04:36:00,1.3236672416980886e-11,2.015172319562051e-12,6.801300581267431e-13,1.2910111724031676e-13,4.02087156249817e-13,8.652213178942142e-11,2.0968018557062654e-06,2
697,04:36:30,2.5047619176286498e-11,1.9221116234859666e-12,1.0721597718245764e-12,1.855464128791914e-13,7.838356711019166e-13,1.0631560623628215e-10,2.2054474788182933e-06,2
698,04:37:00,1.2739615097774839e-11,1.4382215675425332e-12,7.900034047776229e-13,1.2586303834562233e-13,4.563666069988849e-13,6.429790144781341e-11,2.2734886576352334e-06,2
699,04:37:30,1.4717904186831075e-11,1.4677443258214231e-12,5.902439707733576e-13,1.2567769039901031e-13,4.345204939360872e-13,1.060231978017835e-10,2.2329638501792406e-06,2
700,04:38:00,2.4628922723324792e-11,1.7581469253768714e-12,1.1076386056938403e-12,1.528948634738625e-13,6.307309469318152e-13,1.0496648290480962e-10,2.2694739120920452e-06,2
701,04:38:30,1.446031221301591e-11,2.14145474440824e-12,7.155386491174535e-13,1.2337273057211587e-13,4.103515978310575e-13,8.941664388891174e-11,2.2632480551732874e-06,2
702,04:39:00,3.2374402453006375e-11,3.683852939565709e-12,1.0898718204382693e-12,1.6348347805868554e-13,6.957985686223887e-13,2.2274135331362434e-10,2.3049365991387e-06,2
703,04:39:30,2.6792814601921865e-11,1.9630164966499644e-12,6.955378149398674e-13,1.353208917138234e-13,5.87700138515553e-13,1.1967339822090517e-10,2.3362954110004493e-06,2
704,04:40:00,4.918404879030886e-11,2.3066873021622947e-12,7.297302787701514e-13,1.0815215289058173e-13,4.021651297892684e-13,1.4904854507380105e-10,2.3953642215963426e-06,2
705,04:40:30,2.520513354226077e-11,1.6813197336961116e-12,6.140693709904233e-13,1.0283640887047938e-13,3.107419060202791e-13,1.1805695442929595e-10,2.237924907567967e-06,2
706,04:41:00,3.673200552573802e-11,2.4751917954327367e-12,9.710822793407519e-13,1.9169323743762288e-13,7.399582381387551e-13,1.477605870787253e-10,2.3130333404054784e-06,2
707,04:41:30,4.3655402245802124e-11,1.6406475190576987e-12,7.828080449466807e-13,1.0987860074312728e-13,2.8414272542009673e-13,8.958284068081741e-11,2.3463960960959476e-06,2
708,04:42:00,2.6836909964790855e-11,2.2716966123034846e-12,8.083295465514059e-13,1.847424265588767e-13,8.083788751834452e-13,1.3269104479448743e-10,2.306873468061189e-06,2
709,04:42:30,2.742926248728149e-11,2.343492324572625e-12,1.02999160029235e-12,1.372410420034284e-13,5.027594948195807e-13,1.5862930040612367e-10,2.3249023677355454e-06,2
710,04:43:00,2.2071558723110618e-11,2.246200922169356e-12,9.44536191764793e-13,1.6209416864842546e-13,6.018032899812848e-13,1.5443145979891893e-10,2.3146814496642924e-06,2
711,04:43:30,2.8118581750298925e-11,2.6233406971944683e-12,8.737546188763127e-13,1.3285046985377176e-13,4.5288421597261755e-13,1.6936949828304126e-10,2.281915351610967e-06,2
712,04:44:00,4.2586214081698125e-11,2.0771712871418482e-12,7.704578434739047e-13,1.2551973557589715e-13,4.923106985515007e-13,3.0052146127614013e-10,2.214660794214364e-06,2
713,04:44:30,2.544994105708074e-11,2.4295457696538326e-12,6.66694361353733e-13,1.9221864485155188e-13,1.0747023081256528e-12,1.800483831567022e-10,2.318281649481016e-06,2
714,04:45:00,2.1276999945885586e-11,1.5608686763802805e-12,7.372278642841718e-13,1.0470453783273916e-13,4.1162083685903337e-13,1.8632017993684074e-10,2.34635886851856e-06,2
715,04:45:30,5.018202904520371e-11,2.361680967107324e-12,9.687220825021656e-13,1.2545941163747013e-13,4.725057945640286e-13,1.5812934819629954e-10,2.4360756938959327e-06,3
716,04:46:00,3.7763222054506833e-11,1.7707761522140643e-12,1.0126549077079084e-12,1.3329475657946345e-13,5.455129437206344e-13,1.9601553767523502e-10,2.4135357134079286e-06,2
717,04:46:30,3.044963317963951e-11,2.11824576371712e-12,7.887656413370243e-13,1.700694336210657e-13,8.60704080911354e-13,1.703200370305504e-10,2.2711409709369327e-06,2
718,04:47:00,3.437108307571153e-11,2.365676273057863e-12,7.986631066140086e-13,9.872473592238382e-14,3.5627365436061805e-13,2.144695900725554e-10,2.3256335634549182e-06,2
719,04:47:30,4.286192980277745e-11,3.203573903402604e-12,1.0334325627599038e-12,1.6311104858371614e-13,7.729538960868067e-13,2.5923458588541867e-10,2.2531445880433635e-06,2
720,04:48:00,5.413979227148246e-11,2.6243854852736718e-12,1.2226049640115646e-12,1.5152339791532478e-13,5.942856292234723e-13,2.150474776833468e-10,2.1842107771459995e-06,2
721,04:48:30,5.302412274734905e-11,5.9870069150073175e-12,4.154365812238583e-12,4.762452791085463e-13,1.0323223788841737e-12,2.8949052221865426e-10,2.995949736783891e-06,1
722,04:49:00,3.9999346710351447e-11,2.938083639653141e-12,2.6217307967366667e-12,3.954720955216269e-13,7.441533407973305e-13,1.5425958573894294e-10,3.2354649755778174e-06,1
723,04:49:30,5.446422580090461e-11,2.5904389528437785e-12,1.5377652094188062e-12,2.917243930654077e-13,7.129300151934907e-13,2.402919093646589e-10,3.1327707315520505e-06,2
724,04:50:00,3.359679919501794e-11,4.4679759895380375e-12,2.6593066810383175e-12,2.869948787683673e-13,7.716236117819054e-13,1.2351897798422569e-10,3.0659186353895675e-06,1
725,04:50:30,3.370135550371022e-11,2.3642399978921047e-12,1.10503125300183e-12,2.6358009220695503e-13,8.729854027296847e-13,1.1920469291748985e-10,2.9557504397969043e-06,2
726,04:51:00,3.120012103930586e-11,2.370985874413517e-12,1.006029460906413e-12,2.0399369912997118e-13,6.541394480148115e-13,1.3578915532179594e-10,1.9999024050327186e-06,2
727,04:51:30,2.7409997216324148e-11,1.9088732848338765e-12,1.0361348175195322e-12,3.4539353626440176e-13,8.676076722561333e-13,6.998331163029126e-11,1.732449710170729e-06,2
728,04:52:00,4.0129907645013753e-11,2.0930821490979594e-12,1.6950561541789654e-12,3.853422888460967e-13,8.084302952333797e-13,1.1598925663108626e-10,1.8544232240924292e-06,1
729,04:52:30,1.195612753049864e-11,1.883192689297339e-12,1.2694020162871479e-12,4.936188698162235e-13,1.024411196124514e-12,1.2926445335610185e-10,1.6527102982182424e-06,4
730,04:53:00,3.169681055025617e-12,1.5089576235512615e-12,1.0233226155951073e-12,3.786541908443483e-13,7.305536779109824e-13,8.673232122325387e-11,1.333553683948713e-06,4
731,04:53:30,2.974019672157289e-12,7.735859560281491e-13,5.260650243370202e-13,2.897335765185335e-13,5.115919426183821e-13,3.916319491112267e-11,1.1966804258893426e-06,4
732,04:54:00,3.547762077193599e-12,1.1668499525538208e-12,2.005913869088618e-12,4.698910784362906e-13,8.631119142020657e-13,2.761824657299674e-10,1.6590333704427922e-06,4
733,04:54:30,7.0199281473046474e-12,9.085866893153312e-13,5.878616451447362e-13,4.092415174379967e-13,5.111252335315875e-13,5.346502759224184e-09,1.4735561651850715e-06,4
734,04:55:00,2.602272133616955e-12,1.2203867406882428e-12,1.1147979230624919e-12,3.8015924079922445e-13,5.111091623168596e-13,4.634756839372908e-11,1.5398295319104386e-06,4
735,04:55:30,1.632952185678941e-11,1.1826895368567247e-12,1.1874136353623863e-12,4.009629998366978e-13,5.285424942864795e-13,7.611387956825379e-10,1.6389640467878752e-06,4
736,04:56:00,1.3252723119694378e-11,1.178579948003929e-12,8.885799321735925e-13,5.133665328291868e-13,8.051955458940128e-13,3.52747430023757e-09,1.4882762669077467e-06,4
737,04:56:30,4.7259596427445856e-12,1.8902415161609357e-12,2.7917930263678436e-12,4.581116744841181e-13,8.353149363912489e-13,2.5208228904620724e-09,1.453822836179081e-06,4
738,04:57:00,4.359956299494265e-12,7.740911792299428e-13,3.8327637056892527e-13,3.713405033431778e-13,3.9333504556919987e-13,1.7259383098819308e-09,1.4437453591165125e-06,4
739,04:57:30,7.195497283843057e-12,1.4155828109298914e-12,2.147199080423651e-12,5.419653767366486e-13,1.3604638525745329e-12,1.0179149436265574e-09,1.5925045900362913e-06,4
740,04:58:00,4.039540925578505e-12,1.139417166525335e-12,1.3621854698773237e-12,3.7075712268499706e-13,5.898460149863064e-13,6.170375407690825e-10,1.5208185966934274e-06,4
741,04:58:30,5.893353102217783e-12,1.0217513899540817e-12,7.546886428485072e-13,3.3370225926097633e-13,4.1680603077746626e-13,3.539932422501571e-10,1.8186990606183682e-06,4
742,04:59:00,4.804647284869045e-12,1.0541997511707348e-12,9.224381140213542e-13,5.121152508410104e-13,8.28840013399379e-13,4.842234056290894e-09,1.498993820429716e-06,4
743,04:59:30,5.214029992694409e-12,6.198607412380418e-13,5.896372130659827e-13,3.6312538766818156e-13,4.411949400992801e-13,3.1403801483716043e-09,1.659841963793698e-06,4
744,05:00:00,5.275741959977315e-12,8.432805592745296e-13,7.816179983215935e-13,4.909773110361171e-13,7.404846108843581e-13,1.8387582814522965e-09,1.5469364524178888e-06,4
745,05:00:30,3.494706390322209e-12,1.0360010462313631e-12,1.4705372379300478e-12,4.339885790708759e-13,7.609753314029668e-13,1.4079221138847542e-09,1.5631832205242923e-06,4
746,05:01:00,7.240380003054322e-12,8.865239859521233e-13,7.736875713361435e-13,4.28624651538378e-13,6.003115324348281e-13,1.3260076031503717e-09,1.6868864817086177e-06,4
747,05:01:30,5.057952958296694e-12,9.917382982722013e-13,1.1657229783653731e-12,3.2002870173837656e-13,5.857175543292495e-13,1.5358207907280442e-09,1.747261514284344e-06,4
748,05:02:00,3.707860940506287e-12,7.910218936749086e-13,9.1068146361748e-13,3.848056827475432e-13,5.383170469255455e-13,6.388988756263068e-10,1.6206699903743388e-06,4
749,05:02:30,6.787822545869153e-12,7.806949112727936e-13,7.606694929968671e-13,3.714714633012213e-13,6.161776572669056e-13,7.74353722948292e-10,1.6015081328502213e-06,4
750,05:03:00,6.593596037698526e-12,7.819234681222268e-13,3.422053633491983e-13,3.727206667465138e-13,4.1541929868725115e-13,2.5794705988288605e-09,1.5913557122602841e-06,4
751,05:03:30,9.671521962031922e-12,1.2157783861753722e-12,7.030756904695727e-13,4.4706597708836663e-13,4.2043700380992813e-13,9.867655950543832e-11,1.6523086226835327e-06,4
752,05:04:00,5.904865902226599e-12,1.7700159930490445e-12,1.5646585233684859e-12,5.812224445738928e-13,8.569978276010257e-13,6.99831540112839e-10,1.7161847268219096e-06,4
753,05:04:30,3.3015460388035053e-12,1.3241446495678057e-12,5.398244660111842e-13,3.6229032835125753e-13,5.146973334566135e-13,1.4702323446723795e-10,1.5370957032274665e-06,4
754,05:05:00,5.9486266360454566e-12,2.1653026403903464e-12,1.264379782385918e-12,4.266053749374388e-13,7.740392863477311e-13,2.5329633597199487e-10,1.7824896079644016e-06,4
755,05:05:30,1.185677963189931e-11,7.164418624527296e-13,5.842522229076282e-13,3.7275053594889404e-13,5.74333149080101e-13,7.028474344761979e-10,1.7981634385640963e-06,4
756,05:06:00,9.439555391701085e-12,1.454643995411014e-12,6.323381888470053e-13,3.153232626865229e-13,4.568235237112102e-13,1.5376729576338146e-10,1.5382402255711576e-06,4
757,05:06:30,6.383135766848564e-12,1.2908251096967514e-12,1.0794753822686327e-12,5.195682501513983e-13,9.82067885289065e-13,1.9932184507934008e-10,1.7248991914959223e-06,4
758,05:07:00,1.0001976110991839e-11,2.409704209556499e-12,2.071969078044112e-12,7.120850645282825e-13,1.6095465818055952e-12,1.199932991279608e-09,2.8549328839912966e-06,1
759,05:07:30,1.614668089652691e-11,1.3269155019366156e-12,9.016873953669984e-13,5.529349309896127e-13,1.1984988082580418e-12,1.1173075328537933e-10,2.806647880023767e-06,2
760,05:08:00,3.0904426822758215e-11,1.280819261573552e-12,7.55000567408883e-13,2.688595312205886e-13,5.883218895216403e-13,5.902207626864759e-11,2.5203355153067848e-06,2
761,05:08:30,1.7258709677752353e-11,1.9010901789266514e-12,7.496886876983086e-13,2.318775299059092e-13,6.760323158799013e-13,7.235719500766966e-11,1.948350242095541e-06,2
762,05:09:00,3.1723712980982316e-11,1.5576180033968528e-12,1.1274478475446218e-12,2.0286076984530837e-13,5.165814409520604e-13,8.760639002285729e-11,1.942876010045181e-06,2
763,05:09:30,9.65363950248274e-12,1.832802297259721e-12,9.051491189034706e-13,2.060961235326982e-13,5.370618041422255e-13,9.277780511878454e-11,1.8570356622941739e-06,2
764,05:10:00,2.3690921034271197e-11,2.0233302273866844e-12,1.288487319283922e-12,2.388196609673339e-13,5.171325960137835e-13,7.822460420093673e-11,1.8373271701178738e-06,2
765,05:10:30,3.11261677237982e-11,1.2286074758844032e-12,6.899369471841308e-13,2.4040291102208425e-13,7.084567602375393e-13,5.07178014971389e-11,1.870348376547406e-06,2
766,05:11:00,3.196767477915533e-11,2.426353628875258e-12,1.3689797877146953e-12,3.463341075861329e-13,9.603627542252957e-13,7.654212490327199e-11,2.031035001383859e-06,2
767,05:11:30,1.1101570076153322e-11,1.8584985902533896e-12,7.094140400986819e-13,1.9079467300240864e-13,4.428084409903742e-13,3.9833577870010425e-11,1.8432780958317892e-06,2
768,05:12:00,4.106804878812609e-11,2.109894513270836e-12,1.0712671987359115e-12,2.799738754395898e-13,7.670686996471389e-13,5.516009594936281e-11,1.963331054579717e-06,2
769,05:12:30,3.4467302874171934e-11,2.5870866727592704e-12,1.1216450430257213e-12,3.1217512384730367e-13,9.916284399206782e-13,6.382156427350969e-11,2.030291531047982e-06,2
770,05:13:00,1.0004570191297607e-11,1.0293688883346942e-12,5.176803577481422e-13,1.7328013085655046e-13,3.83492302410658e-13,3.9941883710747136e-11,2.1058785477301295e-06,2
771,05:13:30,2.6093266594087807e-11,2.8668665478710293e-12,1.0778762335185993e-12,2.5335957755559606e-13,6.529443916434817e-13,7.58315878003052e-11,1.9378047773824876e-06,2
772,05:14:00,5.9392714615857045e-12,2.165959440420601e-12,1.0706267814832902e-12,1.887994118363342e-13,4.553710985920971e-13,3.551647160979349e-11,1.919699287034064e-06,2
773,05:14:30,2.86689994099329e-11,1.6495252477392776e-12,9.784077735803196e-13,2.776239206181506e-13,8.697915586454552e-13,9.7818477074906e-11,1.7446318380642359e-06,2
774,05:15:00,5.670349723694524e-12,1.1152148493158774e-12,9.476192035501391e-13,3.572704995776297e-13,7.215916514617052e-13,1.41493685788568e-10,1.78575039655702e-06,2
775,05:15:30,8.413761557121319e-12,2.0829803335164854e-12,1.6268524663382585e-12,2.5595100766202327e-13,5.546275579819165e-13,4.598174843836649e-11,2.119016787008139e-06,2
776,05:16:00,2.1112186816734808e-11,2.2992838685232967e-12,9.357433972383597e-13,2.3768092508696956e-13,4.473768450564314e-13,6.202448117768086e-11,1.8947543842907006e-06,2
777,05:16:30,3.2977221850087626e-11,2.3341880842663004e-12,1.231277848165693e-12,2.944530688530277e-13,8.209122407001068e-13,8.932460062939454e-11,1.9593111162877647e-06,2
778,05:17:00,1.5658016665650023e-11,1.8952814088896494e-12,6.76897050465404e-13,2.42989945488988e-13,6.600533650028279e-13,4.787933178141625e-11,2.0248433693920676e-06,2
779,05:17:30,4.1250550819212415e-11,1.8912336426166536e-12,1.0769951282994457e-12,2.2581326689051585e-13,4.630330320411046e-13,1.0592764717855275e-10,1.958021401835527e-06,2
780,05:18:00,6.392434969302517e-12,1.874950442639742e-12,7.733721545447343e-13,2.700423735819914e-13,5.969095197923335e-13,3.553595628084452e-11,1.948862896353521e-06,2
781,05:18:30,2.0186787009293888e-11,2.70482277019483e-12,9.16490713668052e-13,2.337586771948168e-13,7.858256846417488e-13,9.259771256542848e-11,1.9035770612078422e-06,2
782,05:19:00,2.4743501546480227e-11,1.8022723175125266e-12,9.010015733577824e-13,2.2324001413431699e-13,6.517170914675101e-13,6.99965151540875e-11,1.939211043541452e-06,2
783,05:19:30,1.4201681065906747e-11,1.150242686378195e-12,7.951713064506447e-13,1.9216942461823133e-13,5.396310982279775e-13,6.177673330054466e-11,2.1022227117750947e-06,2
784,05:20:00,1.32128331660629e-11,2.4255811161014984e-12,7.948425808875796e-13,1.8034746516672898e-13,4.2257006763007704e-13,5.7658324619922206e-11,2.0801021992978285e-06,2
785,05:20:30,1.077230274244094e-11,2.481725778322544e-12,9.516932096963038e-13,2.388338528816181e-13,8.708869855617825e-13,8.189774240336092e-11,1.8571809707688173e-06,2
786,05:21:00,1.1971249384130108e-11,2.24937844894707e-12,9.299471284102012e-13,3.05934098186334e-13,5.332829740954308e-13,5.840535516296136e-11,2.380350153773822e-06,1
787,05:21:30,8.856565825190888e-12,1.5931108578029637e-12,1.1170686447433486e-12,1.6892918965968785e-13,5.540878837883817e-13,5.294220317266461e-11,1.8468865405879107e-06,2
788,05:22:00,1.695090556518538e-11,2.6895643499847753e-12,1.0403793599472832e-12,1.9728908757187367e-13,6.090770385539051e-13,5.6503645552921813e-11,1.6805670038356953e-06,2
789,05:22:30,3.4141056996830794e-11,1.3480490420841604e-12,8.810926622307805e-13,2.5211076689923146e-13,5.978162309494501e-13,7.585546672926938e-11,1.770531445987155e-06,2
790,05:23:00,8.155268388813088e-12,1.690445290445728e-12,6.929341525036291e-13,1.5525577434332333e-13,4.2356588393267943e-13,3.283929371400731e-11,1.781981540844631e-06,2
791,05:23:30,2.4980351119680245e-11,3.1773079624410512e-12,1.5320353028584405e-12,3.2324511453729306e-13,8.156875761749033e-13,6.120391340520586e-11,2.1400776871129193e-06,2
792,05:24:00,1.6923241952045802e-11,2.5775541118113415e-12,7.684874275668178e-13,2.815576355012558e-13,8.807067060188214e-13,4.406102778388869e-11,1.8381096159861031e-06,2
793,05:24:30,1.5383770182715688e-11,1.5168454771133594e-12,6.550301096955194e-13,1.9272777692717783e-13,3.562219738109072e-13,6.237763183127896e-11,1.7670177640155e-06,2
794,05:25:00,2.0589474924408608e-11,2.414924043965116e-12,1.6040924763063523e-12,3.9090203450271185e-13,1.2317311723078477e-12,8.14060071109632e-11,2.0395611021868284e-06,2
795,05:25:30,1.1838997703908148e-11,1.4311946081712703e-12,7.105579795014289e-13,2.049186338400093e-13,6.687033699686324e-13,4.5184902761198585e-11,1.9305481987826857e-06,2
796,05:26:00,1.3006904722057072e-11,1.6559748822710586e-12,9.482346097026599e-13,1.7581335509615295e-13,4.902448792213033e-13,5.5332952458863215e-11,1.9216452325124733e-06,2
797,05:26:30,1.8782774516494635e-11,1.175629107430526e-12,6.688805392886161e-13,2.078236617668403e-13,7.140464149090942e-13,5.2033160861515945e-11,1.9013499543285961e-06,2
798,05:27:00,1.522186700599513e-11,1.114174796369134e-12,5.289683007695921e-13,9.918944853125902e-14,2.233443669551709e-13,5.509235045476628e-11,1.974698379665492e-06,2
799,05:27:30,1.7326677568874184e-11,1.9029399165600907e-12,1.1307043188283304e-12,1.6078912357827935e-13,2.83032866764754e-13,5.6112437824275475e-11,1.9073110206851039e-06,2
800,05:28:00,2.6448239230312086e-11,3.0840881176625588e-12,1.6203689747237668e-12,4.780940905105468e-13,1.3042621557946288e-12,6.701013041833179e-11,2.548295621686934e-06,2
801,05:28:30,1.5008268874578786e-11,1.3411190528934484e-12,9.050814252662668e-13,2.7812598488603717e-13,5.92961890006243e-13,5.033456528366502e-11,2.552277133610229e-06,2
802,05:29:00,2.674768419197039e-11,1.341231742278549e-12,7.617586109057776e-13,1.993913132334065e-13,6.427593336383241e-13,7.266974507577692e-11,2.5881753610445873e-06,2
803,05:29:30,1.2766353193286557e-11,1.042681123659865e-12,7.004531248715616e-13,1.8837594148239013e-13,7.953136533537247e-13,3.958361774789527e-11,2.5819003127277932e-06,2
804,05:30:00,2.2968485229171497e-11,2.2705844361098167e-12,8.280704274669852e-13,2.431787286122995e-13,1.1961572268273167e-12,1.157608568160829e-10,2.4812323437480412e-06,2
805,05:30:30,1.1615416686751609e-11,1.510405348463477e-12,1.8882060111688146e-12,3.7646534436560095e-13,1.0229334402470667e-12,7.345287048444314e-10,2.8934481396134436e-06,1
806,05:31:00,1.5096298210839388e-11,1.1692535971155365e-12,6.193547069006057e-13,1.7233838827761362e-13,3.867724803578317e-13,6.86069765430111e-11,2.8551767949664562e-06,1
807,05:31:30,1.0421858592322167e-11,1.17039341583885e-12,5.015416628321018e-13,1.6737758806931775e-13,4.878598438881878e-13,5.057442312243404e-11,2.5471124331957974e-06,1
808,05:32:00,2.0254248856677632e-11,1.5313458856834483e-12,9.257269366247635e-13,1.6186516953232809e-13,5.338309760823505e-13,1.282409449588749e-10,2.7366530897259546e-06,2
809,05:32:30,2.579653392169233e-11,1.473061036111613e-12,6.856833817772383e-13,1.3679873290304574e-13,2.5868972658388914e-13,8.919616468577695e-11,2.454755950106769e-06,2
810,05:33:00,1.0419511488626792e-11,2.1011928934143352e-12,9.84710963834765e-13,2.8373138523651955e-13,1.3176183429835219e-12,4.428679449548272e-11,2.345548198039399e-06,2
811,05:33:30,1.419454074674125e-11,1.8341792340263856e-12,7.518930021478591e-13,2.7509846943459973e-13,1.3821993619526245e-12,4.371030391509725e-11,2.3985181819455685e-06,2
812,05:34:00,2.2941490671144914e-11,1.834097906816833e-12,7.854875863706529e-13,1.2457895225676544e-13,2.5537132644755306e-13,7.665001752895369e-11,2.1966120048235674e-06,2
813,05:34:30,1.8176753638471927e-11,2.1233844514713277e-12,8.272283088116858e-13,1.4276281863719105e-13,4.3866023175471296e-13,6.839943108666836e-11,2.185781901889648e-06,2
814,05:35:00,2.171399401832322e-11,1.7604919615168052e-12,1.3402954945763723e-12,1.9757169303525678e-13,4.59821520411326e-13,1.229030127059246e-10,2.2012267792578216e-06,2
815,05:35:30,1.649184920319968e-11,2.0444600963519885e-12,4.827102418448457e-13,1.2296359245101164e-13,3.422635683598104e-13,7.91163884797236e-11,2.202774088744624e-06,2
816,05:36:00,1.66822759846367e-11,1.6511340176766194e-12,8.666391097851946e-13,1.5332692548623665e-13,4.2042372709230107e-13,6.23624333339845e-11,2.224725233838681e-06,2
817,05:36:30,2.7784917286061155e-11,1.477840929923521e-12,6.816471645278227e-13,1.6704348912520705e-13,4.896929786251054e-13,4.947414584515405e-11,2.0651772542331746e-06,2
818,05:37:00,1.2327023866795615e-11,1.5836500503581097e-12,7.459653983023057e-13,1.6331341471250206e-13,6.636667167970919e-13,7.707965328587873e-11,2.138841043834525e-06,2
819,05:37:30,1.742227998858141e-11,1.7341441935332235e-12,9.957984597851144e-13,1.0920509448186657e-13,3.1643472668272745e-13,7.154085218315074e-11,2.106745978446757e-06,2
820,05:38:00,1.947593650397805e-11,2.0575851415326965e-12,1.100501824261489e-12,1.0042421346090391e-13,2.0918148982917175e-13,1.2835279732577413e-10,2.3296302172961273e-06,2
821,05:38:30,1.2689579639254177e-11,1.5985710016296156e-12,6.515723804072271e-13,1.2785706006021487e-13,3.650240392263595e-13,8.622407763219196e-11,2.127084109848449e-06,2
822,05:39:00,3.170544946428026e-11,2.109640354443337e-12,8.70283240866358e-13,1.1228084749038856e-13,3.345432398511843e-13,1.061730311514341e-10,2.0596422356436728e-06,2
823,05:39:30,3.309782000883144e-11,1.7282668505203738e-12,6.874120611053606e-13,1.1954365559199827e-13,3.468293001295905e-13,9.441183256105183e-11,2.2085491685230515e-06,2
824,05:40:00,2.1433692601452745e-11,2.053853241781209e-12,8.328649050300743e-13,1.2389485691506128e-13,3.6131657899746467e-13,9.480687077644803e-11,2.139403447750764e-06,2
825,05:40:30,3.35359672566165e-11,1.226652323952392e-12,7.457630682750558e-13,1.2375484704259982e-13,5.146710613803288e-13,8.664312224493918e-11,2.081881133641878e-06,2
826,05:41:00,1.7013249019292614e-11,1.9127892947123998e-12,8.033018970199335e-13,1.6997180643837922e-13,7.429126539552788e-13,9.872749012584797e-11,1.986222319501691e-06,2
827,05:41:30,2.2874309314446668e-11,1.3933102045770215e-12,8.319963942194575e-13,1.161330298721307e-13,4.4206499453986564e-13,1.3604999929521917e-10,2.029851842830295e-06,2
828,05:42:00,2.1506200555572907e-11,1.567865602043764e-12,4.715056743791012e-13,9.62470159584203e-14,2.9525954038936816e-13,1.3969425265687672e-10,2.0035207337006145e-06,2
829,05:42:30,3.4042168893140354e-11,1.487954180273268e-12,6.118036687425531e-13,9.162201791014888e-14,2.8719465267347573e-13,7.58142542797621e-11,2.130551270501031e-06,2
830,05:43:00,4.1784744847240714e-11,2.5526533587189953e-12,9.435737027689153e-13,1.0743277353968652e-13,4.792095609049189e-13,1.4755351716640566e-10,1.998183171300027e-06,2
831,05:43:30,3.311718307167802e-11,2.3803787159974086e-12,5.319702211109205e-13,9.061639516917326e-14,2.430056246583752e-13,1.4224137326789888e-10,2.143509761694405e-06,2
832,05:44:00,5.7784709352365865e-11,2.267764166292306e-12,1.7142558865960984e-12,1.0041450606151976e-12,2.592715858001986e-12,4.703118693026031e-09,2.6001923154023507e-06,2
833,05:44:30,1.6848933270614137e-11,1.857252442354478e-12,2.518223294625285e-12,5.627001091319705e-13,1.0478540320983243e-12,1.912789942821143e-09,2.9810008587053797e-06,0
834,05:45:00,1.3745885923336231e-11,1.0847483624350702e-12,1.2719680136300381e-12,5.877476086027627e-13,1.4783976275662609e-12,6.69719809136002e-11,3.1662463511326987e-06,0
835,05:45:30,3.079557201357432e-11,2.501719422048649e-12,1.5852418485801831e-12,4.889590806030856e-13,1.4964040214176828e-12,1.1156649707030399e-10,3.188043401755906e-06,0
836,05:46:00,4.1769830127515747e-11,2.3707547860216296e-12,1.0402943067661507e-12,2.9652644211338824e-13,8.358088631782564e-13,9.823998752984526e-11,3.1854992586401908e-06,1
837,05:46:30,2.0265759236555805e-11,1.3108629765566588e-12,9.134554790482825e-13,2.417549625115872e-13,4.1763394302083066e-13,1.3142539379337728e-10,3.2417402077094283e-06,1
838,05:47:00,2.0448825115843208e-11,1.8715208397647884e-12,1.2698509335390016e-12,2.5547609918724366e-13,6.624369549862401e-13,1.087729212318862e-10,3.160153347056468e-06,1
839,05:47:30,1.9577016131044426e-11,1.997376665349119e-12,1.1080444305185148e-12,1.6954582338487895e-13,3.472458780123962e-13,1.4389493636331873e-10,3.2200361567815924e-06,2
840,05:48:00,8.760341366153909e-12,1.4188995531341058e-12,6.938108516706039e-13,1.1680624595970467e-13,2.9061622341150386e-13,6.958269107176808e-11,3.1802064895801517e-06,2
841,05:48:30,2.3126415874023256e-11,2.370164692513476e-12,1.3061800569160008e-12,2.2775295825592677e-13,5.577395297892684e-13,1.2465687075433265e-10,3.1220510575105906e-06,2
842,05:49:00,1.508597524971959e-11,1.311131486363657e-12,8.345163012107833e-13,1.6464845587196122e-13,5.040297593818544e-13,8.056564549159096e-11,3.1487911783943076e-06,2
843,05:49:30,2.5677794395213738e-11,1.5165815503107177e-12,5.362401403030001e-13,1.3977473100094356e-13,3.7491682761025593e-13,1.1812072224306888e-10,3.182037859006369e-06,2
844,05:50:00,5.048044216270568e-11,1.7604566025379028e-12,7.286934844116893e-13,2.5664778258847e-13,4.0213726646463717e-13,1.0706275957237892e-10,3.1592659826208794e-06,2
845,05:50:30,1.2193124249568083e-11,1.1845235014272447e-12,4.1268932111704436e-13,1.3535293105337138e-13,3.617944530175728e-13,7.363765823982719e-11,3.1806912162800966e-06,2
846,05:51:00,3.3728237701756146e-11,2.302016165681187e-12,6.394838764447762e-13,1.6852579640694799e-13,4.078963650608289e-13,1.1411031726659668e-10,3.119947285138496e-06,2
847,05:51:30,1.0044131756238306e-11,1.6829285242586256e-12,6.955276942653068e-13,1.281920998414685e-13,2.6406648653085244e-13,8.937958131943357e-11,3.0906353084088377e-06,2
848,05:52:00,1.466168656205275e-11,8.079483241348265e-13,4.471164638539348e-13,1.1242929811773165e-13,2.2275899621924046e-13,6.840229322867925e-11,3.079088387745907e-06,2
849,05:52:30,2.139129183907646e-11,1.4138141327805222e-12,5.033791993988735e-13,1.3817016072612837e-13,3.1719780559400457e-13,1.0428873414854652e-10,3.1395076747175062e-06,2
850,05:53:00,2.5522700988242356e-11,1.3864021359181965e-12,6.188416224646977e-13,1.356542405586293e-13,3.6215874460018367e-13,1.1058999939763138e-10,3.080133176836767e-06,2
851,05:53:30,1.3224012470830721e-11,1.205858040912917e-12,5.312395585918132e-13,1.3454062730672164e-13,3.23276995202244e-13,8.677179844269535e-11,3.1088258170589706e-06,2
852,05:54:00,1.916555022144047e-11,1.7793509033416164e-12,8.398110820199792e-13,2.0940404266224155e-13,5.687842776940026e-13,1.3590937419039176e-10,3.0728271982903305e-06,2
853,05:54:30,1.38709798988431e-11,1.4584292601490772e-12,5.608512813059356e-13,1.2584114528610807e-13,2.9363572521132294e-13,7.144616478854845e-11,3.0001057614596762e-06,2
854,05:55:00,1.6410555223700717e-11,1.099364365397348e-12,5.469698338966329e-13,1.6379791638916471e-13,4.735987598358239e-13,8.157173418987441e-11,3.0453816529374393e-06,2
855,05:55:30,2.709976125509231e-11,1.7772686733449536e-12,9.863828749995712e-13,2.1059294498560366e-13,5.078749909087251e-13,2.3753170421409565e-10,3.0873024147152627e-06,2
856,05:56:00,2.0051869324332795e-11,1.6959677393483248e-12,7.520146378253229e-13,2.4506713057986384e-13,6.832361333252295e-13,6.549265305075809e-11,3.0581377692180577e-06,2
857,05:56:30,1.3436044649782261e-11,1.3664909602624325e-12,5.121785694789743e-13,1.4257222296538736e-13,2.77453238824078e-13,1.1572692582416319e-10,3.043955678754006e-06,2
858,05:57:00,1.4687823924054823e-11,1.5882219819863323e-12,9.028897079874794e-13,1.629429287037334e-13,5.688532139061323e-13,8.952256352564905e-11,3.0080726821146292e-06,2
859,05:57:30,1.618140101890099e-11,1.539081883546207e-12,5.045719740483602e-13,1.8004840801516563e-13,7.137066857995733e-13,1.3893683605376537e-10,2.9655881002050032e-06,2
860,05:58:00,1.2744748931182233e-11,1.44593301924441e-12,6.640186544404367e-13,1.4086542743637466e-13,5.424749881541767e-13,8.249019705307294e-11,3.016809569014779e-06,2
861,05:58:30,2.5694430429365224e-11,2.1221070106979806e-12,5.416174429264053e-13,9.551414436854838e-14,1.9981720576077705e-13,2.0284762972149578e-10,3.0273293647348316e-06,2
862,05:59:00,3.178436931171943e-11,2.957087860014925e-12,1.9141094596670105e-12,2.814747201156052e-13,7.440067084367699e-13,1.159446615545992e-10,3.1105202520246198e-06,2
863,05:59:30,1.5875731753327568e-11,1.2537703421285804e-12,4.91208822872876e-13,1.658123452600234e-13,4.855541603958849e-13,1.0481622727837035e-10,3.131471601375344e-06,2
864,06:00:00,3.1013894623367966e-11,1.434388925670982e-12,5.65914134416714e-13,1.3221526654010257e-13,3.878127272377042e-13,1.4180721192358727e-10,3.11770173073617e-06,2
865,06:00:30,3.278568495701032e-11,1.324442701410844e-12,6.286714327907754e-13,1.308438978126559e-13,4.0756922574909333e-13,2.0362841516989677e-10,3.104130612552826e-06,2
866,06:01:00,1.9011666596605593e-11,3.2000650053383915e-12,1.5442765159690614e-12,2.799084195028116e-13,8.872858724966794e-13,1.3080326661498326e-10,3.1491873564733687e-06,2
867,06:01:30,1.7220907665489938e-11,1.4146128059209834e-12,4.1510300170226645e-13,1.2748911174319473e-13,3.443946906818504e-13,1.754553748957723e-10,3.1524656915825508e-06,2
868,06:02:00,1.361271336392371e-11,1.1100612047806674e-12,6.425257969167617e-13,1.713918228052171e-13,4.806525798982118e-13,1.4541447523590185e-10,3.1279060069464675e-06,2
869,06:02:30,1.8403515456410538e-11,1.214205354448432e-12,5.949751928352949e-13,1.223737051514651e-13,3.414006068839242e-13,1.7439338874892798e-10,3.0738720549711296e-06,2
870,06:03:00,1.5684180274968352e-11,1.2919289907501307e-12,4.728236527405886e-13,1.115066240859245e-13,3.190323457535246e-13,9.788571314247532e-11,3.0484414745180053e-06,2
871,06:03:30,1.2550947241723346e-11,1.94575954301379e-12,6.111365450014788e-13,1.1767942060564475e-13,2.513951706700969e-13,2.539627645741734e-10,3.121063331746855e-06,2
872,06:04:00,2.463165374723446e-11,1.4159650098377624e-12,5.809088537388971e-13,1.0886411219435217e-13,3.038826646070727e-13,1.5658339563085257e-10,3.0945309354553012e-06,2
873,06:04:30,1.6199549215244604e-11,1.7617780892383583e-12,6.29062041446984e-13,2.1266559770479087e-13,1.0162629045177616e-12,1.2823976971768356e-10,2.9969141682290756e-06,2
874,06:05:00,2.3785058951058357e-11,1.0863753998215312e-12,5.813386023336362e-13,1.3219991077149722e-13,4.549315686512523e-13,1.4197909465130849e-10,2.9917322821947787e-06,2
875,06:05:30,1.7347846139351736e-11,1.6738126580625785e-12,7.311343523397326e-13,1.6203872093437864e-13,7.595905510719631e-13,1.0945300576163092e-10,3.0334962135953227e-06,2
876,06:06:00,1.6093639568589212e-11,1.4435561288623932e-12,5.265430120663706e-13,1.0505652604640369e-13,3.7431046647194986e-13,1.8037575317802987e-10,3.0653645070941697e-06,2
877,06:06:30,2.4171663976635175e-11,1.1707463561181854e-12,7.343031812048214e-13,8.63723255134468e-14,2.547056336423647e-13,1.3562432285925735e-10,3.0546631683258586e-06,2
878,06:07:00,3.5380657967465297e-11,2.396477537812211e-12,5.404344082509607e-13,1.4834287186806196e-13,4.902389861251181e-13,1.5517312133042767e-10,3.043642321219356e-06,2
879,06:07:30,2.810876728602009e-11,1.257667512314449e-12,7.500969799187781e-13,1.1672859799524188e-13,4.270371642083233e-13,1.700447767581761e-10,3.0400426165220634e-06,2
880,06:08:00,1.4808305462828002e-11,1.4319297945863123e-12,5.651630763426291e-13,1.3894976583488496e-13,6.813422912097278e-13,1.4916302802258376e-10,2.950168410643736e-06,2
881,06:08:30,3.967384038162347e-11,1.718803994975147e-12,5.794242992732023e-13,1.207583728049381e-13,5.989048798613957e-13,2.525339444245709e-10,3.005970324031221e-06,2
882,06:09:00,2.2423805119371692e-11,1.6983288369599925e-12,5.372827931632874e-13,1.1129919677853137e-13,4.5033431420466074e-13,1.8652375651143457e-10,3.0718144610462516e-06,2
883,06:09:30,1.84884531781414e-11,1.1754013489213621e-12,6.543802518115141e-13,1.3679390567145989e-13,6.99142359243757e-13,1.7614352271372545e-10,3.052739370528756e-06,2
884,06:10:00,2.5312947358840872e-11,1.796861302462776e-12,1.005195162530784e-12,9.927992906452307e-14,3.6786274723400727e-13,1.73992787837294e-10,2.9812716964519314e-06,2
885,06:10:30,2.1901846355201982e-11,1.2781904419824106e-12,6.955622055529692e-13,1.108260263523669e-13,3.249146812220373e-13,2.0001942059366646e-10,3.055038136949219e-06,2
886,06:11:00,2.8184401357091677e-11,1.447364787632014e-12,3.6908255516893233e-13,6.9212340325119e-14,1.5966487196793098e-13,2.154381153895469e-10,3.0461166676408486e-06,2
887,06:11:30,1.7904461793195607e-11,2.8020222020300756e-12,2.0521982444650052e-12,4.869261035830989e-13,1.3413278350025901e-12,3.90011562756295e-10,3.122512805780247e-06,0
888,06:12:00,6.01034955911342e-11,1.790342058790507e-12,1.5277714528382797e-12,1.5005444135014977e-12,1.5802898434555857e-12,9.57689413380767e-09,3.1465563946004427e-06,0
889,06:12:30,9.259216751990162e-12,1.2469302422578128e-12,1.3466716685240043e-12,5.017773443155949e-13,8.975389140337752e-13,1.746335516923295e-10,3.207862458216977e-06,0
890,06:13:00,3.827891580629669e-12,1.3771003680794625e-12,1.9949747383377884e-12,5.938159877445623e-13,9.459377578996975e-13,9.750269202041291e-11,3.1558835459446794e-06,0
891,06:13:30,2.5256159939700197e-12,2.077259125031841e-12,2.662090265218324e-12,6.923197000060379e-13,1.3057334481413695e-12,1.3305119412705106e-10,3.135590004007999e-06,0
892,06:14:00,2.8426898032926895e-12,1.3672628260735277e-12,1.9618441062821597e-12,6.462715219832979e-13,1.400833238798686e-12,1.3619502209879193e-10,3.136095760741134e-06,0
893,06:14:30,2.5623738454908276e-12,1.756850590496572e-12,1.9462343101686435e-12,5.423019919989557e-13,9.71349344797364e-13,1.0615563096805035e-10,3.1245096506342235e-06,0
894,06:15:00,2.525870739847492e-12,1.7637079416390262e-12,3.0511544052171284e-12,5.309219780558787e-13,9.91733809861673e-13,2.6981059628510727e-10,3.1409621707942097e-06,0
895,06:15:30,4.782728136575584e-12,1.5211868462499352e-12,2.1391141770563623e-12,7.07265234754102e-13,2.044364689774134e-12,1.04969504533333e-10,3.1509143638586617e-06,1
896,06:16:00,2.72249010482938e-11,1.7617291593766586e-12,1.114422073405028e-12,3.694546285164797e-13,8.341298874189427e-13,9.053315104637237e-11,3.124618114307063e-06,1
897,06:16:30,2.028136310954844e-11,2.2962979089789234e-12,2.0252706541293065e-12,4.03615106655084e-13,9.236849691096679e-13,8.211447144085175e-11,3.14854243302475e-06,1
898,06:17:00,4.377477692264179e-11,2.2393582407433514e-12,1.9496859908247386e-12,4.725128579824209e-13,1.0280993291755591e-12,8.664978750463768e-11,3.1303190152151336e-06,1
899,06:17:30,3.501058570459019e-11,1.4007633494390232e-12,7.46094944975906e-13,2.6292354159904074e-13,4.72614649228128e-13,8.166537630693224e-11,3.1338994662120316e-06,1
900,06:18:00,5.449745346155997e-11,1.8806615372995358e-12,1.1748300879305623e-12,2.529144325445055e-13,4.562104711227097e-13,9.082279896160662e-11,3.1000282990163785e-06,2
901,06:18:30,1.5434631103025326e-11,1.6328578676444983e-12,8.217493162613303e-13,2.5543893730224296e-13,6.75297915090803e-13,5.2491877376516015e-11,3.0996289164936184e-06,2
902,06:19:00,2.480770395064572e-11,1.504817333595009e-12,1.1744246383728195e-12,2.898948555242119e-13,6.226620646439954e-13,8.049826346444494e-11,3.1297901944209897e-06,1
903,06:19:30,9.763625969989456e-12,1.3855015885481443e-12,9.420573637121498e-13,2.4995032862211863e-13,3.968640013174124e-13,7.378407894058041e-11,3.1232595758901522e-06,1
904,06:20:00,9.319310823018132e-12,1.0966258640741962e-12,7.993920814962947e-13,2.3812041346292233e-13,3.3966098818867633e-13,8.287014246513486e-11,3.0859153476435407e-06,1
905,06:20:30,1.6703822458282287e-11,1.3288983086667804e-12,1.013249366088249e-12,2.445344978998252e-13,6.328438430997239e-13,8.526351771041941e-11,3.0378508654637875e-06,2
906,06:21:00,2.9694641896436826e-11,1.651128798487433e-12,4.360153999918665e-13,1.4787273403987981e-13,4.223167174270366e-13,9.457419185321377e-11,2.509141489093568e-06,2
907,06:21:30,1.78998138589245e-11,2.29346850723106e-12,1.3008363020701851e-12,3.810331169643538e-13,6.761726617138045e-13,8.48213443751917e-11,2.841276773890822e-06,2
908,06:22:00,1.0764732403362161e-11,1.147267477120415e-12,5.274323276316877e-13,2.0479186162409403e-13,3.5019010765738436e-13,5.0087191432869e-11,2.730592871975913e-06,2
909,06:22:30,1.509224036945633e-11,2.4237151367523722e-12,1.11758584231514e-12,3.1798039346769003e-13,7.589468072049166e-13,1.1266680925495799e-10,2.7287492318088735e-06,2
910,06:23:00,1.1059623640179953e-11,1.5180647586603512e-12,5.823582569372875e-13,2.3504825734225115e-13,3.9136979862489954e-13,4.490087359362133e-11,2.554470508475872e-06,2
911,06:23:30,3.7310058105486834e-11,2.0668717729633277e-12,2.3091501630164755e-12,5.364181547855967e-13,1.450310205860858e-12,1.2897493529945084e-10,2.927978558547432e-06,2
912,06:24:00,1.3397469626158004e-11,1.2054018252898443e-12,1.2274054233423629e-12,3.473615814389222e-13,6.959102874031164e-13,6.338842916396894e-11,2.8713354103170176e-06,1
913,06:24:30,6.5598370185806874e-12,1.4221002565229624e-12,4.581777029507866e-13,1.2897869408355018e-13,1.6495942629541778e-13,5.4750583361122426e-11,2.590525604044664e-06,1
914,06:25:00,1.9266740359368013e-11,1.6729842939885447e-12,6.953152069760762e-13,2.2064467420214323e-13,5.72382258138267e-13,8.054882071516182e-11,2.7125277313983733e-06,2
915,06:25:30,9.965266686679588e-12,2.467637546078114e-12,2.3693631603929675e-12,4.51735313205064e-13,1.1443041153693815e-12,8.257370518384974e-11,3.1529819183777652e-06,1
916,06:26:00,1.9089201368293165e-11,1.560002277393088e-12,9.533428591145609e-13,2.1010748475710197e-13,6.017640655594249e-13,8.61568136439766e-11,2.8409856736452028e-06,2
917,06:26:30,9.926140160985102e-12,1.1728110004368553e-12,3.5068075689053144e-13,1.6473177330828967e-13,3.671959776513368e-13,4.8322361910128275e-11,2.698621547404066e-06,2
918,06:27:00,3.364178735648005e-11,1.6609736687855226e-12,9.963635374132583e-13,2.597999495852425e-13,8.460822059069447e-13,7.322752488343207e-11,2.895725604545636e-06,2
919,06:27:30,1.035245802393246e-11,1.9658481812872584e-12,1.168959235986784e-12,2.6822182692022354e-13,7.247449404179249e-13,8.743636108945039e-11,2.9985824576529817e-06,2
920,06:28:00,1.4809089043263154e-11,1.1321597623641046e-12,6.94295239152264e-13,2.2909365004541266e-13,6.36923959544647e-13,1.2609110787436272e-09,2.7319171775646372e-06,2
921,06:28:30,3.1221419314765883e-11,1.4939016415599338e-12,1.3068644138527294e-12,7.32259867327126e-13,1.036596422251543e-12,8.63660663403971e-09,2.7870999391831864e-06,0
922,06:29:00,2.3640598517785716e-11,1.0702439937067762e-12,8.962191609995819e-13,4.19622795778474e-13,6.937129379580279e-13,6.331056657206167e-11,2.562592536850075e-06,1
923,06:29:30,2.086865934427523e-11,1.9564800194000516e-12,1.1568918795988118e-12,3.7156880113712415e-13,1.1038798683275202e-12,8.167479927544441e-11,2.714583977630273e-06,2
924,06:30:00,1.5910094733852285e-11,1.3466302390285632e-12,8.062075565324096e-13,2.669593442833943e-13,4.135853126439909e-13,7.80022022555141e-11,2.797246894051054e-06,2
925,06:30:30,1.5334690370387064e-11,1.0800346488020056e-12,1.342871647047752e-12,3.615040685175779e-13,7.123423737108509e-13,7.291499876982072e-11,3.053821734109998e-06,2
926,06:31:00,1.561602782135147e-11,1.0424528218382662e-12,6.25602474030767e-13,1.5468708691390043e-13,3.258318243930976e-13,7.92525209608623e-11,2.89445693101922e-06,2
927,06:31:30,1.6936493511596436e-11,9.70439965592613e-13,9.537492662290914e-13,2.047028796234339e-13,3.174247260821789e-13,7.96436242037796e-11,2.9525137293366056e-06,2
928,06:32:00,5.488825252246964e-12,1.544491520518904e-12,1.2192499370630883e-12,2.640888511202463e-13,5.574438516946445e-13,4.2544773119977997e-11,2.85598520005032e-06,1
929,06:32:30,7.878219103508891e-12,2.311943081324519e-12,1.2096420496748288e-12,2.444198757400573e-13,6.266277826463745e-13,8.313035671373326e-11,2.8726227140538724e-06,1
930,06:33:00,2.8668868113727313e-11,2.640837654679298e-12,1.3273532201968906e-12,3.2605017579352234e-13,8.000651021573454e-13,8.277468127727544e-11,3.0189581759871646e-06,2
931,06:33:30,2.005454558536632e-11,1.2563028751245715e-12,6.092269276550228e-13,1.34639009391846e-13,3.5076851506052787e-13,5.3688922937637984e-11,2.765064383832552e-06,2
932,06:34:00,2.040616499373992e-11,1.144947136216237e-12,3.6305026843500505e-13,1.3738573050803506e-13,2.589250676288849e-13,5.4915980750523693e-11,2.6309662805081956e-06,2
933,06:34:30,1.2959186833194065e-11,8.568534153520893e-13,4.718799291271066e-13,1.3339559971049487e-13,3.014763248581839e-13,4.5906616553933185e-11,2.72303530598819e-06,2
934,06:35:00,1.380023789576272e-11,1.8350226946945358e-12,1.330043838452558e-12,3.4629001865057454e-13,1.5483818780778641e-12,8.166241059849864e-11,2.669557589167779e-06,2
935,06:35:30,2.7651824533214835e-12,2.990978380483393e-12,1.4818196264448103e-12,5.414570033151315e-13,1.117390436887346e-12,5.703909669724824e-11,3.105978149656583e-06,0
936,06:36:00,1.3102799308352417e-11,1.0666849576217824e-12,3.730484982576688e-13,1.4097582641664887e-13,2.1446714601998968e-13,4.6504170385639626e-11,3.0477481490679555e-06,1
937,06:36:30,2.1327900409712075e-11,1.3656573554029313e-12,1.769354505589305e-12,3.4020566513141096e-13,8.007618852010524e-13,8.199817950737103e-11,2.9655945201133077e-06,1
938,06:37:00,4.461918157487853e-12,1.623017932824921e-12,9.958872524318166e-13,3.1318499280024367e-13,7.293037871261244e-13,3.481753076799602e-11,2.996544942688303e-06,1
939,06:37:30,1.2783927252185662e-11,1.3406835248482002e-12,1.18972090204139e-12,4.217075495662568e-13,1.264240871443747e-12,8.139576530318456e-11,2.861873606752466e-06,1
940,06:38:00,5.40410125384126e-12,8.750260049651735e-13,3.994076836273011e-13,1.0913076724953791e-13,1.2180398384887143e-13,3.298943521513424e-11,2.9519873821274827e-06,1
941,06:38:30,1.2464281926921864e-11,1.6473190791037914e-12,1.5683006786511406e-12,2.908709246059347e-13,6.287268678944862e-13,5.696789174793002e-11,2.92058641568284e-06,1
942,06:39:00,1.0743406978709557e-11,1.3752653737112684e-12,1.4443778235166631e-12,3.370831708571258e-13,5.439319266182666e-13,1.4907222968767644e-10,3.1367351999133343e-06,1
943,06:39:30,1.1684542415703443e-11,1.2791853966890178e-12,6.21502858650411e-13,1.893698836066976e-13,8.113203130487258e-13,9.0753710833272e-11,2.792591963341445e-06,1
944,06:40:00,1.574562614423888e-11,1.3527910524225355e-12,8.472686716803198e-13,4.052614284435882e-13,9.782296888432066e-13,5.4800153092997246e-11,3.0373962112527185e-06,1
945,06:40:30,1.4361104555538952e-11,1.0666119310719053e-12,5.728358132322903e-13,1.9824124964438379e-13,7.837206408353568e-13,8.3542484439511e-11,2.65783606609611e-06,1
946,06:41:00,3.3717225202501326e-12,1.5468711667329806e-12,2.8091395158416812e-12,4.3780145173193833e-13,9.25650716733306e-13,5.604013306941545e-11,2.9833142292576765e-06,0
947,06:41:30,1.43063202584819e-11,9.483053530207757e-13,5.11581567153063e-13,1.7885536799962236e-13,4.712989270283949e-13,5.792937751622394e-11,2.9359327290107846e-06,1
948,06:42:00,1.2477557530148622e-11,1.162045686092334e-12,6.371659785565883e-13,1.475576601147092e-13,3.695773358386691e-13,5.339713238204566e-11,2.7885104873331657e-06,1
949,06:42:30,1.752332535099343e-11,2.723532676737456e-12,1.2726833850918443e-12,4.0582177368015593e-13,8.480363933520447e-13,6.868116193592981e-11,3.023171044830149e-06,1
950,06:43:00,1.4909124354388688e-11,9.281632798877095e-13,3.3290077298121893e-13,1.3506912622008183e-13,2.6898049528440354e-13,4.619537035184682e-11,2.6157094398787592e-06,1
951,06:43:30,3.343314177949009e-11,1.3846491107540823e-12,5.443694979342849e-13,2.5159665655587467e-13,7.291850268871988e-13,9.347815586127636e-11,2.8399590681892882e-06,2
952,06:44:00,3.287858433091954e-11,1.45248646059134e-12,8.183653558192686e-13,2.0891041543460157e-13,4.582243244821945e-13,8.027813467461101e-11,2.681517509354943e-06,2
953,06:44:30,1.7809700368685242e-11,1.8821712521859865e-12,1.1757959963796627e-12,3.2699257396948666e-13,9.7420595902379e-13,5.927305477203106e-11,2.8420465783039695e-06,2
954,06:45:00,1.5912942203448728e-11,1.5295034192902643e-12,8.148184546207489e-13,2.1007504244812689e-13,5.260814273701446e-13,4.642583978802105e-11,2.7255900350310422e-06,2
955,06:45:30,7.985824889783647e-12,2.7961949075739585e-12,1.2318053638829526e-12,3.4897690993483414e-13,6.844316087813275e-13,3.605269478756208e-11,2.7277951238756632e-06,1
956,06:46:00,1.1461036544277027e-11,1.7257574413490158e-12,5.557627768325195e-13,1.589286591937093e-13,4.046357131973535e-13,6.637668087951809e-11,2.7683837142148855e-06,2
957,06:46:30,1.483645143061305e-11,2.767328019145185e-12,2.0122544134033472e-12,4.264076542082428e-13,1.1216153885439837e-12,5.157494673428333e-11,2.766442665188471e-06,1
958,06:47:00,3.888549032878611e-11,8.501402296974478e-13,4.0265855318133416e-13,1.6582069243544362e-13,4.842897911213469e-13,9.943511266007811e-11,2.6535641083337163e-06,2
959,06:47:30,1.1215235178201799e-11,1.0830428922930391e-12,7.169584999701694e-13,1.7500303591499595e-13,4.852382208810166e-13,4.8954158457392414e-11,2.5633937422954517e-06,2
960,06:48:00,4.97762566006128e-12,2.693255472063169e-12,2.9915530824767045e-12,4.977589324494629e-13,9.98959218313331e-13,5.017771376575506e-11,2.9231972659083826e-06,0
961,06:48:30,2.4004672435424763e-11,1.9648606927492552e-12,7.343284829282692e-13,1.734415016129792e-13,5.792097955003952e-13,6.594425108804704e-11,2.641522666574643e-06,1
962,06:49:00,8.836278633770194e-12,1.0612271171905788e-12,3.7589734991510764e-13,2.0525941310262702e-13,7.960498059248082e-13,5.749006490464879e-11,2.517690601377113e-06,1
963,06:49:30,1.5698490015576534e-11,1.4762822989114068e-12,6.754693049564101e-13,1.6484212478351167e-13,5.714494650445774e-13,4.380946039914662e-11,2.63341920340558e-06,2
964,06:50:00,6.372091631911168e-12,1.4588970637952286e-12,6.814714496498975e-13,1.6246024759309214e-13,3.748384394890799e-13,6.441892124233555e-11,2.8305615622186554e-06,1
965,06:50:30,1.659792455467209e-11,2.7042575671290867e-12,2.5915274378046703e-12,6.029466774820566e-13,1.7231903688805906e-12,5.946947762008312e-11,3.130794476416959e-06,0
966,06:51:00,1.3636016473357745e-11,1.3060598347004447e-12,5.616800071493801e-13,1.511996057168855e-13,3.9682949308594007e-13,4.605048523409394e-11,2.954033905837886e-06,1
967,06:51:30,1.4399956817751202e-11,2.027337190931209e-12,2.1616310057286544e-12,4.91454712449135e-13,1.1051108411683239e-12,6.748203188714058e-11,3.112514828154547e-06,0
968,06:52:00,9.0828740496971e-12,1.972631709929731e-12,1.0947992024627969e-12,2.5607003301715017e-13,5.845166046128103e-13,7.825501845221847e-11,3.098882391075433e-06,1
969,06:52:30,1.51060122015802e-11,1.0858089565995682e-12,6.61636186881621e-13,1.562803050853539e-13,3.4554878768156926e-13,5.699189995762779e-11,3.081637206306925e-06,1
970,06:53:00,4.6078797639536953e-11,3.2616672871872456e-12,2.134255759774834e-12,1.4063431993761722e-12,1.5445809995545267e-12,5.1575892511102935e-09,3.0600562830456856e-06,0
971,06:53:30,3.1258111908987937e-12,1.1275979013204014e-12,1.725755744461012e-12,4.892740893908459e-13,8.435863080428945e-13,7.219482095407492e-11,2.8354037342380885e-06,0
972,06:54:00,1.175916529046271e-11,1.1012500512207942e-12,1.7412243086347768e-12,4.697886542466435e-13,1.2634282974039236e-12,6.105259014894574e-11,3.051520575192121e-06,1
973,06:54:30,1.2074693867282747e-11,1.1153091175123412e-12,2.7062652234752237e-13,1.984800723394685e-13,4.200315505407283e-13,8.493188410400457e-11,3.0710067919273737e-06,1
974,06:55:00,1.4624328970108725e-11,2.1301098235575105e-12,1.005242262556112e-12,3.313004731793693e-13,7.907591401961012e-13,8.327642366541698e-11,3.1016351229403707e-06,1
975,06:55:30,2.4294560281323887e-11,1.90636101515012e-12,2.220818705021709e-12,2.9644814148443823e-13,6.976182757274727e-13,9.204169449012683e-11,3.087778924231757e-06,1
976,06:56:00,5.550388808855153e-12,1.5411107216399916e-12,8.012102915386193e-13,2.731866871086026e-13,6.331311506858094e-13,4.420058208072201e-11,3.128106087191175e-06,1
977,06:56:30,1.0902527615510723e-11,1.3872747473810568e-12,1.4328767039402003e-12,4.288423314505599e-13,1.0527252470134577e-12,6.543944633297949e-11,3.0809470105887413e-06,1
978,06:57:00,1.5469794781414137e-11,1.1511219172021384e-12,4.684149148245124e-13,1.3560500794226319e-13,2.8263648243871376e-13,4.4576412756521894e-11,3.0688051341024833e-06,1
979,06:57:30,1.865813985059051e-11,1.3277656644332187e-12,6.508110533604191e-13,1.9623825390351454e-13,4.800783908898861e-13,7.474852277393257e-11,3.1202334609533458e-06,1
980,06:58:00,9.593043158588487e-12,1.5010025228674878e-12,1.0289108095536632e-12,3.5982841341248754e-13,8.808014934362088e-13,7.19324489359631e-11,3.0154120174549476e-06,1
981,06:58:30,8.295925754530703e-12,9.829796368160603e-13,4.229548877053389e-13,1.2062102802918895e-13,1.8354351747789273e-13,5.621019930039278e-11,3.018961975092153e-06,1
982,06:59:00,7.743477750025817e-12,1.9052511838088677e-12,2.285746829966058e-12,5.734980637895817e-13,1.7677474656620669e-12,9.756642219515876e-11,3.076188308847899e-06,0
983,06:59:30,3.245828532592527e-11,1.141941538050068e-12,5.452019638761805e-13,1.3891968911197978e-13,3.5741052072025686e-13,8.6023232027731e-11,2.995860503116241e-06,1
984,07:00:00,1.6744108163534048e-11,1.602563935887585e-12,1.5186783253532685e-12,3.0665876117978457e-13,8.973424056375234e-13,6.956588594222817e-11,3.0785220735444022e-06,1
985,07:00:30,7.87675752800636e-12,6.978223927384278e-13,4.59359995726897e-13,1.737758024640499e-13,4.563440360620187e-13,5.217994098477191e-11,2.913851067312226e-06,1
986,07:01:00,1.7277611412377338e-11,1.5937326610176005e-12,1.9159746095448704e-12,4.316936374035223e-13,1.2934209062942765e-12,4.692806421836803e-10,3.0956287876850256e-06,1
987,07:01:30,1.8416085809279088e-11,6.604454477856038e-13,6.871194892371206e-13,1.5126475163867195e-13,2.144878736403874e-13,7.591301175860548e-11,3.111870771275368e-06,1
988,07:02:00,5.728092817851495e-12,7.750208367350853e-13,3.8463928137600727e-13,1.4502171560979084e-13,4.2932445257099374e-13,4.866630988727285e-11,3.0333525225235006e-06,1
989,07:02:30,2.560878187021632e-11,1.4775988074518078e-12,4.318917666682567e-13,1.6957492721971226e-13,4.984847114474608e-13,7.261647531985111e-11,2.964558874977698e-06,2
990,07:03:00,2.1530414764248623e-11,2.0282822411629565e-12,1.271473164968482e-12,3.248490677007642e-13,1.0001101334716992e-12,1.5313791100309812e-10,3.052260267799785e-06,2
991,07:03:30,2.1349196382896678e-11,1.0185315185026536e-12,6.869863456651716e-13,1.9784028685607027e-13,5.733183414852103e-13,5.421738504258224e-11,3.036397720749751e-06,2
992,07:04:00,1.5643051223046054e-11,1.973552143705826e-12,2.0630356897797162e-12,4.662304492070912e-13,8.908395733308539e-13,6.33710667772076e-11,3.0552309384330572e-06,1
993,07:04:30,1.2099140611367785e-11,1.165416802022789e-12,6.501750066105016e-13,1.4212732116884755e-13,4.273394047844551e-13,5.954079393679477e-11,2.8604358139261513e-06,1
994,07:05:00,6.559519497348415e-12,1.628013875815098e-12,2.9789332844878444e-12,5.117073221364527e-13,1.132113262982548e-12,2.8982899661974174e-10,3.1646001875093684e-06,1
995,07:05:30,1.1678101803251498e-11,6.221515797214626e-13,2.9407735664082253e-13,1.2137270631569885e-13,1.9782582983844468e-13,4.168799539523185e-11,3.0619371713702175e-06,1
996,07:06:00,2.8276694411713976e-11,1.912256449716649e-12,1.1389313099926857e-12,3.5283394393524183e-13,6.826572859135348e-13,2.548591031384633e-09,3.074022453593867e-06,1
997,07:06:30,7.488974331472963e-12,8.496477913060473e-13,1.1590154737178725e-12,4.987113147179212e-13,8.846106735508578e-13,6.67095045043166e-10,3.107935276326253e-06,0
998,07:07:00,3.703763970760932e-12,1.2240834169432228e-12,1.849682178133846e-12,6.30395034493679e-13,8.534795317107017e-13,3.194232042649282e-10,3.0842810591220916e-06,1
999,07:07:30,6.466607456309649e-12,7.879829578126367e-13,9.500318560727826e-13,4.0616173769870657e-13,7.538587281516938e-13,1.1898286407024972e-09,3.1325198546346025e-06,0
1000,07:08:00,2.67011329406696e-12,8.098408806250131e-13,1.2622477018515609e-12,3.9020849715137385e-13,7.015083543754072e-13,9.826320616048324e-11,3.130205766020755e-06,0
1001,07:08:30,7.646215979666093e-12,1.7512982154873632e-12,3.0768595604714603e-12,5.435792184333981e-13,9.163956112979356e-13,8.701589909022884e-11,3.1740466929627813e-06,0
1002,07:09:00,2.4064081412292285e-11,1.1660963029209891e-12,6.33919453004338e-13,3.238350084122207e-13,8.512791643256483e-13,7.285515468672377e-11,3.154030288878155e-06,1
1003,07:09:30,7.318165627533815e-12,1.4549886138142913e-12,2.365906857381099e-12,4.218084278030019e-13,6.468143708505507e-13,1.335632120221141e-10,3.126133771488766e-06,1
1004,07:10:00,1.1111189570023152e-11,1.266644977245347e-12,9.58326422087701e-13,3.1334416489414396e-13,5.318266297409948e-13,4.882484375149624e-10,3.1093173034990276e-06,1
1005,07:10:30,6.95444116121793e-11,2.0767876671842276e-12,1.2618597983547999e-12,7.96360020700034e-13,8.651373559372722e-13,7.185060188663139e-09,3.0655605334489556e-06,0
1006,07:11:00,1.4999975095269936e-12,1.4035326275213997e-12,1.0328366281889642e-12,4.4757857235542597e-13,6.464216391573694e-13,8.930338500961856e-11,3.1430235711375292e-06,0
1007,07:11:30,3.3738830860432533e-12,1.1128127448478195e-12,1.7654084653992072e-12,5.379930466188389e-13,6.531372002641812e-13,6.284515708684423e-11,3.1524498914019814e-06,0
1008,07:12:00,2.048809321981825e-11,1.3183538858243047e-12,2.143229009612148e-12,4.571694492881025e-13,6.928888698376496e-13,8.80990590678107e-11,3.09558676639498e-06,0
1009,07:12:30,1.1117793253805989e-11,9.312376458154882e-13,6.091885670771334e-13,2.4353663170521754e-13,3.7956756404598585e-13,6.085133180221588e-11,3.0715568776894845e-06,1
1010,07:13:00,2.6823704979521558e-11,1.554465324569819e-12,7.662923690927989e-13,2.7085212246306576e-13,5.331932293180129e-13,8.235415876143255e-11,3.038541627809243e-06,2
1011,07:13:30,1.4778540776807653e-11,1.5100186354852343e-12,4.848641859311217e-13,2.1520860550151888e-13,3.810034350165077e-13,6.46748906859615e-11,3.0855529276138488e-06,2
1012,07:14:00,1.78890928040659e-11,1.3027778080837158e-12,1.0837705651132892e-12,4.966071833213852e-13,8.46247258854511e-13,1.1478093325387539e-09,3.1114258792090807e-06,0
1013,07:14:30,1.580853170936813e-11,1.28672214881525e-12,1.3527144850003627e-12,4.650108925099621e-13,8.444596591753215e-13,2.396831941036695e-10,2.9817697594046925e-06,0
1014,07:15:00,3.291617303739431e-12,7.938298263310578e-13,8.924651875754716e-13,4.858600531805107e-13,4.864987080938791e-13,5.126278939383323e-11,3.115313178989997e-06,1
1015,07:15:30,1.9079367020127456e-11,6.795334150840085e-13,8.846976071926505e-13,3.079251792948668e-13,3.3604042420828884e-13,6.45662473547441e-11,3.0659487492514234e-06,1
1016,07:16:00,1.3011995430837893e-11,1.2810251040504832e-12,2.0663030246203e-12,5.770071743197843e-13,9.906654932328165e-13,5.009827416953154e-10,3.1124375880690387e-06,0
1017,07:16:30,8.303962928433496e-12,8.293812792172725e-13,7.853525933060798e-13,3.621648491456381e-13,5.277944370457148e-13,4.448132152378898e-11,3.1365137375428724e-06,1
1018,07:17:00,1.965659998487783e-11,1.5058085066753538e-12,1.403749038929312e-12,3.3787621102171183e-13,9.4315506072024e-13,5.799867810938056e-11,3.1970466294834086e-06,2
1019,07:17:30,6.65968412559794e-12,1.3016667544790418e-12,4.691555200243099e-13,1.6008591882958866e-13,2.0101971699515105e-13,4.1504362750857436e-11,3.0920676409112045e-06,1
1020,07:18:00,8.770164525034305e-12,1.3399098834715069e-12,1.4175444137633035e-12,5.233270739654527e-13,9.935299863643617e-13,5.766411112784847e-11,3.142901094224746e-06,0
1021,07:18:30,1.3263809523331563e-11,7.725882097172664e-13,4.827994211732785e-13,2.0486207643700229e-13,2.832549220579253e-13,1.297246255269848e-10,3.0685314865674117e-06,1
1022,07:19:00,1.8830293139335206e-11,1.1271680421718775e-12,1.1660423604007011e-12,4.371853946954209e-13,6.839549230859339e-13,2.433665184039097e-10,3.115431672003376e-06,1
1023,07:19:30,3.6412259513878994e-11,1.450509051880237e-12,7.793342329842179e-13,4.5352329453545485e-13,8.041674899617498e-13,2.4248456160154593e-09,3.151626685167125e-06,0
1024,07:20:00,5.361008709307381e-11,1.5710353371810464e-12,1.667434863322309e-12,9.639636664529885e-13,1.082188170898588e-12,1.5688704772001748e-09,3.1005357868407876e-06,0
1025,07:20:30,9.12871297475442e-12,1.474996721900186e-12,1.780231323047326e-12,4.4686132289252867e-13,9.314579825097496e-13,1.2947662880676243e-10,3.14213202969289e-06,0
1026,07:21:00,2.5317069206325508e-12,1.0259068912247283e-12,1.4690831907919444e-12,4.819586463645654e-13,1.0761359010321206e-12,1.3271505563077467e-10,3.109382860371147e-06,0
1027,07:21:30,2.6126874319571104e-12,1.128167149992923e-12,2.0935035444586e-12,5.55165336463186e-13,1.4530972945912354e-12,9.156164807244306e-11,3.1339241463871905e-06,0
1028,07:22:00,4.650352373518837e-11,1.9156262765431307e-12,2.5822950507067818e-12,4.2653751247757085e-13,8.999532378758143e-13,1.9714340745873184e-10,3.110192681531996e-06,0
1029,07:22:30,1.8155244805785976e-12,1.4110967238966994e-12,1.5553872804537661e-12,4.933136934145076e-13,9.586434530624133e-13,9.108400590342834e-11,3.0952499328627275e-06,0
1030,07:23:00,2.4653417246746077e-12,1.079801377102239e-12,1.2783110054024925e-12,3.6695026891558957e-13,6.088112079050852e-13,9.818087374368385e-11,3.0782324786054235e-06,0
1031,07:23:30,1.6512660287532089e-12,1.0874925640427947e-12,1.7986044357975605e-12,5.051149819528834e-13,8.409631646876202e-13,9.474400243823823e-11,3.0630350663696266e-06,0
1032,07:24:00,4.6170068633684166e-12,1.1116814067778957e-12,1.7825419677773216e-12,6.041095320625015e-13,1.1875303690191432e-12,8.342478951326623e-11,3.1384883777910608e-06,0
1033,07:24:30,7.388918161591791e-11,2.40091456482863e-12,2.028713273837353e-12,5.22115634108027e-13,7.985243827042851e-13,6.959336889077176e-10,3.112267807385473e-06,0
1034,07:25:00,2.3931464009771755e-12,6.278790127983162e-13,7.363469071365264e-13,3.817758064717561e-13,4.260450891602419e-13,9.059203308854508e-11,3.1452813714175666e-06,0
1035,07:25:30,6.5684485573605285e-12,9.525867393659038e-13,1.5516782919795737e-12,4.553943526033358e-13,5.179703494074438e-13,6.84816739367669e-11,3.0767645893563392e-06,1
1036,07:26:00,1.0505894723191536e-11,1.0530711244542814e-12,4.5057297084288147e-13,2.8825648575258173e-13,3.945119848311885e-13,7.191258813730033e-11,3.1082533449099456e-06,1
1037,07:26:30,2.0453393935195697e-11,2.5510893518974023e-12,2.5523514633069657e-12,6.869692582135433e-13,1.6614256913082843e-12,1.9425108404371296e-10,3.143972318797817e-06,0
1038,07:27:00,3.0817396729591463e-12,9.943009956270237e-13,9.04215988469401e-13,4.1859703485942033e-13,6.128128562532014e-13,7.444969075223234e-11,3.114599369591804e-06,0
1039,07:27:30,6.2746728724415595e-12,8.395050749412809e-13,3.0499067841401085e-13,2.0730646696190995e-13,2.7859583762648e-13,5.880708663749979e-11,3.125633601518524e-06,1
1040,07:28:00,1.9586220627425557e-12,1.3186212408720888e-12,3.092007873693114e-12,6.240438332303714e-13,1.4364339546971619e-12,7.00670578088715e-11,3.137883109090053e-06,0
1041,07:28:30,6.04648178180125e-12,6.492283903513388e-13,5.860935416568462e-13,3.3062307540139683e-13,4.357228183826291e-13,4.933429382440461e-11,3.124963377713147e-06,0
1042,07:29:00,1.3388707781521902e-11,1.0437005874331573e-12,1.6814573814081653e-12,5.031097744869335e-13,1.0614411092538472e-12,6.723775045145406e-11,3.0804538629552267e-06,1
1043,07:29:30,1.8697562696764356e-11,1.227576214620911e-12,7.035258222002854e-13,3.5928873098586943e-13,4.2000320033602133e-13,6.6005224105563e-11,3.111190139070527e-06,1
1044,07:30:00,6.147312536681432e-12,9.36702295089533e-13,8.221707025962362e-13,2.9716326577814305e-13,4.207070025099501e-13,5.663398795397256e-11,3.154311784685958e-06,1
1045,07:30:30,1.9648742992922217e-12,1.0022960155282828e-12,1.11113022060311e-12,4.956319334113486e-13,8.316021106768275e-13,6.000190537607125e-11,3.119829683047656e-06,0
1046,07:31:00,1.3045465001931364e-11,8.873703339932123e-13,5.468218009456754e-13,2.277431160009048e-13,3.323029481761649e-13,4.4597058800371845e-11,3.1120753806095553e-06,1
1047,07:31:30,1.7792465385167785e-11,1.4466995882043492e-12,1.3844769826053894e-12,2.316301653083276e-13,3.107826117557582e-13,2.965641789403177e-10,3.107720496959439e-06,2
1048,07:32:00,2.0579049017376085e-10,8.829718288418375e-12,1.4966717646053016e-12,7.308455009582024e-13,7.209043817764201e-13,1.6551700038144404e-08,3.1307247195627085e-06,0
1049,07:32:30,1.2432213583840175e-10,6.178385725390738e-12,9.220552222549964e-13,3.8456790611905267e-13,6.442482496739024e-13,4.437310662372206e-09,3.005465202868721e-06,0
1050,07:33:00,1.1430442763053405e-10,4.778056560571571e-12,1.4358337619982704e-12,4.203464324542637e-13,5.973463501646012e-13,1.7170078323582147e-09,3.008773958918354e-06,0
1051,07:33:30,3.568849165074422e-12,1.1138388798574933e-12,2.2635228813736917e-12,5.577681488999386e-13,1.248035773802965e-12,1.4687081791937788e-10,3.094799602494452e-06,0
1052,07:34:00,1.6118453815501737e-12,1.0173636200473705e-12,1.9704965052447966e-12,4.934549972918063e-13,1.0976078322185856e-12,9.998391898747663e-11,3.1245418216914663e-06,0
1053,07:34:30,3.416417747676352e-11,5.658070897074986e-12,2.0264027847193927e-12,5.101801134274811e-13,1.288742409509607e-12,7.254290982568601e-10,3.1162129660435207e-06,0
1054,07:35:00,1.568533106840151e-10,7.285934593531296e-12,1.2275962015648142e-12,9.014423928349081e-13,5.542996104879824e-13,1.696606722309966e-09,3.1416698639775073e-06,0
1055,07:35:30,3.075777871257097e-11,1.914724318886844e-12,1.3143370303089794e-12,4.840076749374227e-13,9.078089995819482e-13,1.3611917105416243e-10,3.1601301639574626e-06,0
1056,07:36:00,2.4526013182595183e-10,1.2869280016289601e-11,1.853942779830629e-12,9.243581074602905e-13,1.291731325506423e-12,1.0278304164072163e-08,3.160486770066906e-06,0
1057,07:36:30,9.84886959035065e-11,4.028229825600868e-12,1.381663239434953e-12,5.851666957753297e-13,1.005588476156899e-12,2.997738580551728e-09,3.1241721587486582e-06,0
1058,07:37:00,6.029172823943548e-11,2.836295127306949e-12,1.3228992353398945e-12,3.5870162930326315e-13,7.255746668587527e-13,1.0999508440843225e-09,3.1000688383907448e-06,0
1059,07:37:30,5.58651210006182e-11,1.947257554630609e-12,1.1402210264519356e-12,3.46703998518517e-13,5.73625948244216e-13,8.943161727698248e-10,3.097522616308647e-06,0
1060,07:38:00,1.137293502248596e-10,2.686486042893013e-12,1.0306288593238496e-12,5.970804038834717e-13,6.378077997100738e-13,3.3659114803831046e-09,3.11913091785098e-06,0
1061,07:38:30,1.2204860562986058e-10,3.580837899168414e-12,1.5909027008380937e-12,5.437842262966701e-13,1.0426753971652857e-12,2.101286082585417e-09,3.135336060424414e-06,0
1062,07:39:00,6.762798117000559e-12,9.808238076191457e-13,9.041952520528801e-13,4.806462512303608e-13,7.49555047457658e-13,2.801118083533378e-09,2.9352083141685546e-06,0
1063,07:39:30,1.0391669195563159e-10,4.401870099161637e-12,1.3611432793278908e-12,4.714775152372667e-13,6.760340497987364e-13,1.1179615580858845e-08,2.9574104261225595e-06,0
1064,07:40:00,1.0256610804457098e-10,8.885964059006589e-12,2.146877629593787e-12,7.604971019531019e-13,1.1311825537805691e-12,3.9531548599448555e-09,3.121854337572556e-06,0
1065,07:40:30,1.202762743008515e-10,5.117202802936231e-12,1.7017495234556694e-12,6.58962333254013e-13,1.3751070638435967e-12,3.630278239356096e-09,3.077665683038251e-06,0
1066,07:41:00,4.010243496594726e-11,1.6081701742847486e-12,8.542322138083666e-13,5.452558786958015e-13,5.458880968181631e-13,2.0781016296811878e-09,2.824812954609086e-06,0
1067,07:41:30,4.3008109878216987e-11,2.0527610362140593e-12,1.2157109363231593e-12,6.319373605094099e-13,1.013885294694297e-12,3.306849106007009e-09,2.9621579776827214e-06,0
1068,07:42:00,1.1211946381658947e-10,5.688705378315143e-12,9.478155136563356e-13,5.488797502125713e-13,9.992723535598087e-13,7.101640591785923e-09,3.014172479366672e-06,0
1069,07:42:30,7.16494321463691e-11,3.641243414798396e-12,1.180796349869845e-12,6.137960087608762e-13,6.501455961816509e-13,4.7482349767940395e-09,3.1082547377985174e-06,0
1070,07:43:00,1.8262582847389396e-10,7.537991448730158e-12,1.942419884226742e-12,5.222269684243178e-13,6.896061097085242e-13,1.4422882587913585e-09,3.148728940802803e-06,0
1071,07:43:30,2.0152387693065833e-10,6.179187211192461e-12,1.961644594616655e-12,8.01381673714378e-13,1.1204411823669787e-12,1.0282211642463128e-08,3.123833872002465e-06,0
1072,07:44:00,1.5181274806326448e-10,6.75812369868314e-12,2.6641402851480094e-12,8.749034737918186e-13,1.3924354352317398e-12,6.781804829297201e-09,3.1512955530166028e-06,0
1073,07:44:30,8.3367177724264e-11,2.3745744589551674e-12,1.3874936245502182e-12,7.824233216229819e-13,9.99260582609526e-13,2.3688357004657744e-09,3.1540397120666355e-06,0
1074,07:45:00,1.1682202877939045e-11,1.5761474560770347e-12,7.435863108287564e-13,6.344933655116131e-13,6.332174928134109e-13,4.3170071264266135e-10,3.0943355110416113e-06,0
1075,07:45:30,8.049924636398156e-11,1.6472712356174696e-12,1.150951289870627e-12,4.4027808022749947e-13,6.564165962202148e-13,1.2180324952837451e-09,3.098713144557368e-06,0
1076,07:46:00,8.47266895311422e-11,2.4139240736508553e-12,1.6053441115479029e-12,8.003506844562942e-13,9.605008345110766e-13,1.5903501979467827e-09,3.1282170287040643e-06,0
1077,07:46:30,6.368500275098836e-11,1.3110817067891546e-12,1.3593007215318432e-12,6.287302363395727e-13,6.436232905480529e-13,3.2835609488891943e-10,3.1706288339360003e-06,0
1078,07:47:00,4.5972301273827267e-11,9.995043556620311e-13,1.1852060722204778e-12,6.094885298338452e-13,7.356559198367213e-13,2.4164406575031896e-10,3.1433062874751614e-06,0
1079,07:47:30,6.189157858687523e-11,9.4646006237006e-13,1.197849857627876e-12,5.340448628921444e-13,8.496664623788078e-13,1.2182781318557356e-10,3.116371962842135e-06,0
1080,07:48:00,1.0373246177626854e-10,2.6609557419974213e-12,1.2019211630421867e-12,4.5132720721961225e-13,5.213561880735279e-13,1.8587052822598646e-09,3.158624345124196e-06,0
1081,07:48:30,9.922459453686714e-11,3.8730251423208075e-12,1.4738591096546003e-12,5.815707608362529e-13,5.215461651444517e-13,4.034972335560172e-09,3.1020654840421887e-06,0
1082,07:49:00,1.4548040128056363e-10,6.211204151502139e-12,2.0575644928121294e-12,6.900765117193718e-13,9.200947496846179e-13,1.7953976213524016e-09,3.171296045736891e-06,0
1083,07:49:30,1.37919132921055e-10,6.274521964419018e-12,1.7118390141008784e-12,7.646969645964652e-13,8.115500446584488e-13,2.9424645074296502e-09,3.1842293422213474e-06,0
1084,07:50:00,1.8160146958303361e-10,6.616362487686127e-12,1.846382326418167e-12,6.71983248736313e-13,7.260636067945655e-13,6.756324291938973e-09,3.1556799371598966e-06,0
1085,07:50:30,1.4199511715399556e-10,7.59943966009778e-12,1.509175992873253e-12,6.063045139677037e-13,9.289439336414954e-13,3.546702656317133e-09,3.2006872012948972e-06,0
1086,07:51:00,1.0020431143012395e-10,3.691703426143268e-12,2.2340657099412896e-12,1.3958350160660237e-12,1.9237383875278656e-12,2.3073006707609495e-09,3.120446880074674e-06,0
1087,07:51:30,1.4128984362978006e-10,4.98983333859726e-12,1.7326847350420849e-12,8.631422610322242e-13,1.2342787910179119e-12,4.177497879700149e-09,3.158066922099057e-06,0
1088,07:52:00,1.2836754983979718e-10,4.362327523491292e-12,1.4660559988571571e-12,4.1658763367610225e-13,6.623029337830619e-13,2.3896065720608707e-09,3.1306513934528053e-06,0
1089,07:52:30,1.7130834922982055e-10,4.560907175013404e-12,1.1421026474092845e-12,2.8635954459859097e-13,3.8055106367349397e-13,2.5155115414220703e-09,3.1285856547254526e-06,0
1090,07:53:00,1.6374306004457754e-10,9.508722961188531e-12,1.5502607144588163e-12,8.886528294067999e-13,9.63715415941587e-13,5.081029789166849e-09,3.121889791260656e-06,0
1091,07:53:30,1.7114687253654908e-10,5.506719772236948e-12,2.057817468383015e-12,7.901450210767812e-13,6.034644276918265e-13,1.4832970437858205e-09,3.129513308961958e-06,0
1092,07:54:00,1.1648241752182147e-10,2.0717391646388663e-12,1.492567703148975e-12,9.458357916468652e-13,1.0158781133168187e-12,1.1334116769096081e-09,3.1610310893393742e-06,0
1093,07:54:30,2.2096648285207894e-10,6.52626361408507e-12,2.0328004504256194e-12,7.05716407789377e-13,1.0274228429305919e-12,5.808865475543448e-09,3.137362611020808e-06,0
1094,07:55:00,1.2211216774889577e-10,5.111742631984556e-12,1.1018167157788084e-12,4.195428891110855e-13,5.877204240461615e-13,6.12678267330859e-09,3.1135095269480217e-06,0
1095,07:55:30,1.8383794698418022e-11,8.979377589182739e-13,4.804653205992814e-13,2.4712555175296276e-13,2.709340425211042e-13,3.313080610064209e-10,3.1095435481338753e-06,0
1096,07:56:00,4.690784224494509e-11,2.3626957971008184e-12,6.515392510551391e-13,2.906655918182405e-13,5.706877873543184e-13,7.751009548719459e-10,3.1751276723775432e-06,0
1097,07:56:30,1.1464951082680125e-10,3.2101817559111544e-12,1.4691615541459402e-12,1.2361232627661795e-12,1.360377194563712e-12,3.1680447474563406e-09,3.1610642561347253e-06,0
1098,07:57:00,1.5550149976470387e-10,2.950876630802181e-12,1.5031228249486742e-12,1.1056652073478582e-12,1.2315171962056557e-12,2.5226065716478026e-09,3.150898274993152e-06,0
1099,07:57:30,1.4457943833053019e-10,8.411126837283464e-12,1.4166784061620536e-12,1.695631191985788e-12,2.025035755019389e-12,3.17905056843875e-09,3.1644997054479026e-06,0
1100,07:58:00,1.439038164689148e-10,3.983155682953645e-12,1.4681117393953481e-12,8.837414235173225e-13,6.366537151730742e-13,4.390016118252112e-09,3.0862091717460972e-06,0
1101,07:58:30,1.1344687350846598e-10,2.5129145597372582e-12,1.528721314057254e-12,1.3374359190331951e-12,1.49243414758688e-12,2.360102308557431e-09,3.0886988387881413e-06,0
1102,07:59:00,1.7794944713660344e-10,4.746434974039699e-12,1.7073865279709616e-12,1.1780553017354872e-12,1.0469072303092424e-12,1.4260180960763091e-08,3.112170119573689e-06,0
1103,07:59:30,2.342574227636415e-10,7.368564231836367e-12,2.1593258453697126e-12,9.481296950830245e-13,1.4465156691578777e-12,1.7341294170349973e-08,3.1625433488081994e-06,0
1104,08:00:00,1.6294306075032273e-10,7.044171264994419e-12,1.601027765252505e-12,7.158470866241974e-13,1.0141951570254298e-12,9.699185251188205e-09,3.140452539277402e-06,0
1105,08:00:30,1.62985034001473e-10,6.18962906225361e-12,1.520927924436904e-12,7.21803513675726e-13,1.1763995440819378e-12,5.808347271741264e-09,3.13546881880651e-06,0
1106,08:01:00,6.45927038382689e-11,2.3818112309120826e-12,9.299290123286376e-13,3.895261125538914e-13,9.333114671283132e-13,3.3301770254605523e-09,3.054432838424857e-06,0
1107,08:01:30,4.593886309150016e-11,1.8120956958486175e-12,8.964866249077005e-13,3.957887284989762e-13,5.240415573348168e-13,4.2198712813317795e-09,3.0325956913534543e-06,0
