index,start_time,eeg_delta_power,eeg_theta_power,eeg_alpha_power,eeg_beta_power,eeg_spindle_power,eog_var,emg_rms,label
1,23:29:30,1.8266867828242327e-10,8.867926384520445e-12,2.456889124673053e-12,8.801041988467913e-13,1.3988931502163161e-12,3.6674220196903487e-09,3.7215021705943193e-06,0
2,23:30:00,1.630878443010489e-10,9.044738329687538e-12,2.7473035225049993e-12,9.784007107355304e-13,2.210100170358018e-12,1.3097381508197667e-09,3.5719170419525452e-06,0
3,23:30:30,1.3527256341827117e-10,8.081924869449187e-12,2.2860070496650926e-12,7.304684507047361e-13,1.5294540975436678e-12,7.466724269938349e-11,3.6673135035159417e-06,0
4,23:31:00,1.8238826334876449e-10,1.0705893409919956e-11,1.6614695747573472e-12,8.075512275450286e-13,1.4841952913869629e-12,5.573332074173899e-10,3.5839281473620492e-06,0
5,23:31:30,2.298922134705543e-10,8.484631531718196e-12,2.842884000692507e-12,1.1522045709673326e-12,1.6218136374070892e-12,5.83822592639172e-09,3.6161818231232852e-06,0
6,23:32:00,1.9579512592336953e-10,1.2518859763479344e-11,2.8377727884711265e-12,1.4200805000251436e-12,2.2955041868807738e-12,5.743654243714062e-09,3.674765462007688e-06,0
7,23:32:30,7.59781488746543e-11,9.992461621106459e-12,2.6260136413694097e-12,1.407084487334549e-12,2.076019017354278e-12,9.315418800377105e-10,3.7223133762691987e-06,0
8,23:33:00,1.251591896857645e-10,9.875395390389218e-12,3.328258053972583e-12,1.6247479011904713e-12,1.8359175967188717e-12,5.764085391415978e-10,3.122218600271182e-06,0
9,23:33:30,1.454083610824794e-10,7.854602767241905e-12,3.590611819669679e-12,1.582152474368188e-12,2.0050709775190584e-12,2.334678012390242e-09,3.436691138403926e-06,0
10,23:34:00,1.740495159748112e-10,1.5530849475948175e-11,4.4632705638543044e-12,2.1290891713336715e-12,3.1159587614694146e-12,6.200373836943738e-09,3.6177821155643335e-06,0
11,23:34:30,1.6629620617014297e-10,9.538076571146168e-12,3.1773510023150355e-12,1.510903518338857e-12,2.3912411860459414e-12,8.05459307967525e-09,3.3291893559597204e-06,0
12,23:35:00,1.1305875567782321e-10,5.723534342491955e-12,4.514954820800903e-12,1.6747848373836368e-12,2.465840942789827e-12,1.0880896135871041e-08,3.5613155983688546e-06,0
13,23:35:30,1.3681205322003297e-10,4.735791432034071e-12,6.632842476097388e-12,1.0686134777778801e-12,1.953743214016129e-12,4.4903270164831834e-09,3.069605286964357e-06,0
14,23:36:00,3.4246541385795666e-10,2.1601005496502484e-11,3.8170041445467096e-12,1.211440685198378e-12,1.7433438827501936e-12,9.094552108769262e-09,3.4725291188779375e-06,0
15,23:36:30,2.347741335680399e-10,2.081924929065555e-11,3.827405958003222e-12,2.12132387875047e-12,4.220548733953845e-12,8.202550289538163e-09,3.239890445582317e-06,0
16,23:37:00,1.9900230229687386e-10,1.457541200494607e-11,6.2599542941433325e-12,4.170247861577253e-12,2.333842888776856e-12,1.8032199120232853e-09,2.9277536754062513e-06,0
17,23:37:30,1.583914079394604e-10,1.0710147829227723e-11,2.525768068674364e-12,9.703876600583518e-13,2.3564359433723087e-12,4.7808214373586074e-09,3.0597197317105474e-06,0
18,23:38:00,1.6001841102221107e-10,1.1985466705764845e-11,4.129586216761911e-12,1.389587281552372e-12,3.617396515117404e-12,9.211725832488783e-09,3.3837412799397765e-06,0
19,23:38:30,1.7533415968869277e-10,1.3668941958781263e-11,2.9302857715399605e-12,1.13311105771559e-12,3.4806719317318768e-12,9.610918048712239e-09,3.1702782997364986e-06,0
20,23:39:00,1.433924678595541e-10,1.1478999501247679e-11,2.7296862851635307e-12,1.0617464044934597e-12,2.2348126229168144e-12,6.068989783893041e-09,3.3155017817511982e-06,0
21,23:39:30,1.3654832530182388e-10,1.1347433463250697e-11,2.9890839593770716e-12,1.2753793896209258e-12,2.8631089620875294e-12,5.623617249966103e-09,3.615510109699671e-06,0
22,23:40:00,1.5676592287146192e-10,1.556026653445598e-11,2.7799275313002805e-12,9.754020003617564e-13,2.6800700427595903e-12,3.442092121898586e-09,3.1125963888228007e-06,0
23,23:40:30,1.5624463833224715e-10,1.4929304781803477e-11,3.0800693173514472e-12,1.2026243006772994e-12,2.0534462752091916e-12,2.0744319836485712e-09,3.5249103955343813e-06,0
24,23:41:00,7.137556181490063e-11,8.154997162197363e-12,3.851381993200687e-12,1.5982298403955349e-12,1.6922193676305141e-12,6.115940635669203e-09,3.6415518262056604e-06,0
25,23:41:30,1.7433462873570376e-10,1.6757505183845098e-11,3.927178244457066e-12,2.0262131358707154e-12,2.222138286429067e-12,7.218855930026818e-09,2.7440208623454403e-06,0
26,23:42:00,2.2649053431704e-10,2.1193198831440904e-11,8.160843662496482e-12,2.1698053074292186e-12,3.645155810137921e-12,5.493780318282615e-09,3.3708842834565195e-06,0
27,23:42:30,1.6635309771653422e-10,2.0155361021492048e-11,4.376869334982324e-12,1.1812382849164542e-12,3.0080084217754106e-12,3.806950520124632e-09,3.2114322362379154e-06,0
28,23:43:00,1.4055900970561822e-10,9.901877356978515e-12,7.130168454370683e-12,4.224001275095864e-12,3.7886148823331814e-12,6.966085316089536e-09,3.569170047178629e-06,0
29,23:43:30,5.5173266345685997e-11,5.900993554395223e-12,5.5915911689270995e-12,1.0543569821807299e-12,1.6618114827232067e-12,2.6622447716210648e-09,3.6200292130639917e-06,0
30,23:44:00,1.1425897290102713e-10,7.624239854286129e-12,5.311119129433931e-12,1.2126096223616563e-12,1.6927376600882327e-12,1.1112342979489749e-09,3.650966942152429e-06,0
31,23:44:30,9.02587246967059e-11,7.0895732820885145e-12,7.506706275269854e-12,1.4540737160586497e-12,2.7115276088246177e-12,1.5286143027437867e-09,3.7138126431568914e-06,0
32,23:45:00,6.7383014122348e-11,4.580844492798646e-12,5.701992356018578e-12,1.1318278028946394e-12,1.2512360030119891e-12,1.3395399654312474e-09,3.7332262270223744e-06,0
33,23:45:30,1.1947386335690136e-10,6.619448487709699e-12,4.109979895174779e-12,1.0833199028056759e-12,1.6009297483404265e-12,1.5733038693502548e-09,3.738073077222589e-06,0
34,23:46:00,4.9817427001386636e-11,6.3392850487876595e-12,6.588174844418769e-12,1.1593996411928573e-12,1.4783034219054434e-12,1.3951278256309623e-09,3.6509914602554298e-06,0
35,23:46:30,7.583575842381964e-11,5.051840234250514e-12,5.439755247748683e-12,1.4737559877320368e-12,2.4743846263662326e-12,2.6193348041226295e-09,3.664907508035728e-06,0
36,23:47:00,6.739718618941632e-11,4.465307501559761e-12,4.7953287295350084e-12,1.2014660143972048e-12,1.8586540371899566e-12,1.3488054612227337e-09,3.65803697246377e-06,0
37,23:47:30,5.2444779068768734e-11,5.008899375325024e-12,5.603643992366503e-12,1.1672369205212873e-12,1.249093372027725e-12,2.1334231398717616e-09,3.703565296285318e-06,0
38,23:48:00,2.9508084984705905e-11,6.679446128771124e-12,8.211145323158973e-12,1.3269258280030286e-12,1.5842707319374843e-12,4.040347453664769e-09,3.647213172916202e-06,0
39,23:48:30,4.9358550108659455e-11,6.159860522259693e-12,7.888522586846368e-12,1.76870289105504e-12,3.0982617041941494e-12,1.3348648672447493e-09,3.677165682400414e-06,0
40,23:49:00,8.771441323983016e-11,5.692541038572809e-12,8.63575163613128e-12,1.6236669599452617e-12,1.8148987351112437e-12,2.312168355448831e-09,3.668944942615198e-06,0
41,23:49:30,8.672120869177555e-11,7.074500490561837e-12,1.3703352586191204e-11,1.5798658263875472e-12,2.2196668050413505e-12,6.714358374263587e-09,3.6771145788524396e-06,0
42,23:50:00,1.0063790362287527e-10,6.634375495862163e-12,6.6686318962025575e-12,1.6235664393882606e-12,3.4826656377065836e-12,2.2064380987190764e-09,3.72182587038399e-06,0
43,23:50:30,2.3971694471993744e-11,2.9183227842096214e-12,5.527869648561701e-12,1.128198727370403e-12,1.0711710135851888e-12,1.7757086856609135e-09,3.7063920240174434e-06,0
44,23:51:00,3.808018870691209e-11,4.787405603917973e-12,6.794204084935929e-12,1.3904153111674271e-12,1.7534711525642688e-12,5.307141318121507e-09,3.7043746856637605e-06,0
45,23:51:30,7.263051232151966e-11,7.4120032509845e-12,9.07606121967743e-12,1.946991954376325e-12,2.902838359204998e-12,5.169833575211374e-09,3.661109627961649e-06,0
46,23:52:00,7.221765550403789e-11,4.407688251185784e-12,4.276727648717057e-12,1.869398840961466e-12,1.8544309583645024e-12,3.2410797262994466e-09,3.66242208725102e-06,0
47,23:52:30,4.636692714467036e-11,3.837485291131498e-12,4.8612830884875044e-12,2.206012309893506e-12,3.142310857644181e-12,4.159394727073109e-09,3.6375215912084006e-06,0
48,23:53:00,4.2980876834486296e-11,4.295507144706318e-12,2.1528577945769976e-11,2.1184416952369512e-12,3.0255563139509166e-12,3.4226911294725662e-09,3.6766380440754914e-06,0
49,23:53:30,5.297164716811147e-11,3.902817610533285e-12,7.663157562144557e-12,2.0044745763271007e-12,2.25413499307457e-12,6.021049061444141e-09,3.673857244963145e-06,0
50,23:54:00,7.949737373966232e-11,3.337367428407437e-12,8.881943017632379e-12,2.030994812987346e-12,1.771936536814713e-12,5.811771069787223e-09,3.6507905490994673e-06,0
51,23:54:30,3.664897809636049e-11,7.666968511806712e-12,1.1243097393945766e-11,2.2248859112675157e-12,2.5992522946572065e-12,2.768908747668776e-09,3.6725539596374297e-06,0
52,23:55:00,3.270197461387433e-11,6.041300837759495e-12,1.3872020026102336e-11,1.9985158666728934e-12,2.9900573544237845e-12,2.9212980874881004e-09,3.651054497692768e-06,0
53,23:55:30,1.3796820891669346e-11,8.107278502770361e-12,1.570925030667697e-11,1.9622935231280185e-12,2.5297685383702974e-12,4.5190982592141465e-09,3.7098203304957645e-06,0
54,23:56:00,1.292187700636848e-11,7.973163816759048e-12,1.0706779006164468e-11,1.557265333109853e-12,2.418609298025073e-12,2.8554192102337216e-09,3.7015226675792268e-06,0
55,23:56:30,1.6466854851258304e-11,6.484928005537227e-12,1.0327760200727573e-11,2.3596039035212856e-12,4.018540789214633e-12,5.442614978092356e-09,3.742900544005222e-06,0
56,23:57:00,1.134394296940069e-11,4.085983703238697e-12,1.0715308273775575e-11,1.4932338659639534e-12,3.315296433045452e-12,5.729257367969072e-09,3.697327917966694e-06,0
57,23:57:30,2.0566729686708993e-11,4.728453462345948e-12,1.051122504878963e-11,2.0448188958817383e-12,2.7105932401736246e-12,3.9041531909834035e-09,3.638532353563657e-06,0
58,23:58:00,2.5086614964327153e-11,9.914513101219908e-12,9.779425803659826e-12,1.7060929809527091e-12,3.0771560807081863e-12,4.181292278329445e-09,3.6918485398932775e-06,0
59,23:58:30,1.4583492993062013e-11,8.090072802598126e-12,1.1801528596664668e-11,1.9862973706219715e-12,3.4847720328826785e-12,3.5860465861909714e-09,3.6792321054491953e-06,0
60,23:59:00,2.431009745049576e-11,5.8768864490229405e-12,7.347697808706444e-12,1.6736704442335462e-12,2.9382661939474564e-12,2.570719596514511e-09,3.678891295839474e-06,0
61,23:59:30,3.0228871620550885e-11,6.87719630178024e-12,7.310322866492286e-12,1.375059224795166e-12,2.4897642986117705e-12,4.869525483181984e-09,3.6968287571017735e-06,1
62,00:00:00,2.2567428179316246e-11,7.965404314819916e-12,1.8787770056806117e-11,1.5932771731672782e-12,3.3298806058884575e-12,3.385158105142222e-09,3.688672794765706e-06,0
63,00:00:30,4.506586081880229e-11,5.024443535367368e-12,6.200160040592901e-12,1.1454388118587536e-12,2.087056306118171e-12,8.198232707204543e-09,3.7593113822600215e-06,0
64,00:01:00,3.8840555574072227e-11,5.704543186499536e-12,4.594498471182646e-12,1.4174067398708707e-12,3.303448983789182e-12,1.7803128117878696e-09,3.7463804054238907e-06,0
65,00:01:30,2.546863946844425e-11,5.245454063507608e-12,6.922053824759417e-12,1.2290555355082507e-12,2.199235548871238e-12,3.826585403745124e-09,3.6963437703418314e-06,1
66,00:02:00,2.4257784817264606e-11,8.066940489211163e-12,7.189055566210513e-12,1.676440477642368e-12,3.584529488583131e-12,4.858887090278032e-09,3.681143648849848e-06,1
67,00:02:30,3.6428699390858584e-11,7.264692411873507e-12,5.428736381702164e-12,1.3709503154311716e-12,3.0390573753825035e-12,2.6464736777890026e-09,3.7078562579583773e-06,1
68,00:03:00,3.5414900593885386e-11,6.120748999313744e-12,5.227468873255443e-12,1.4226067824234255e-12,4.748442435455037e-12,3.184143707787351e-09,3.676815039627822e-06,1
69,00:03:30,2.3889814811668462e-11,5.695743527599777e-12,5.471280298412068e-12,1.3251041599372253e-12,3.9523377073548865e-12,3.006640230995061e-09,3.662323852836615e-06,1
70,00:04:00,4.0968044157969115e-11,7.186762388377606e-12,4.7060723496425515e-12,1.0473680177935775e-12,2.3638258160216593e-12,1.1531596956402547e-09,3.7009359082522627e-06,1
71,00:04:30,3.657022967615641e-11,4.511346722753077e-12,3.6405992460958e-12,7.559267994959818e-13,2.2462491871155415e-12,6.142870342345292e-10,3.3316651403927437e-06,1
72,00:05:00,3.902031003852122e-11,5.2748502145281455e-12,3.656426295099585e-12,7.977837145124285e-13,2.438978651791585e-12,3.316568439478506e-10,3.2285847377709274e-06,1
73,00:05:30,2.740817254634442e-11,5.97475727189264e-12,5.626925843737624e-12,1.0498947715640705e-12,3.0742026498237676e-12,2.5034286577679966e-10,2.702303075587333e-06,1
74,00:06:00,2.7395605525847866e-11,4.712412669982257e-12,2.4824099530240266e-12,5.724412414178745e-13,1.3731939707520606e-12,2.830676493338875e-10,2.7216120910019865e-06,1
75,00:06:30,3.7071240367825323e-11,5.264115913574583e-12,4.0859143722508265e-12,7.640465893833025e-13,2.3789573602633116e-12,1.6106897769740568e-10,1.873432908746545e-06,1
76,00:07:00,3.8315226118719004e-11,6.625823700879792e-12,4.837966628920176e-12,6.099745719659985e-13,1.5312619732816005e-12,1.8260126638675831e-10,1.7518105424312444e-06,2
77,00:07:30,2.950846646811432e-11,6.284749469529612e-12,3.842551620339349e-12,4.998506505228986e-13,1.973027960975992e-12,1.3696283913133028e-10,1.7007423545951872e-06,2
78,00:08:00,2.8226722829410824e-11,5.56287813253103e-12,3.903846255659777e-12,4.807578988170929e-13,1.3459611588807564e-12,1.5458398703567625e-10,1.7593680537059544e-06,2
79,00:08:30,3.0814597148239075e-11,6.361821404577773e-12,4.4057718253553455e-12,5.165574716666545e-13,1.5281471728753726e-12,1.917488699082478e-10,1.4245942633717987e-06,2
80,00:09:00,2.7818065536527002e-11,5.9130158615410806e-12,3.343169900162819e-12,6.393404641103539e-13,2.1138429026207435e-12,2.7732216440292093e-10,1.5940546518577173e-06,2
81,00:09:30,5.058709067183738e-11,8.234970197082046e-12,4.016361746449349e-12,7.170488992379656e-13,1.9609413360861333e-12,2.64522826182844e-10,1.7462839668156436e-06,2
82,00:10:00,2.7509700791677363e-11,5.751942485101516e-12,3.749855838438787e-12,4.0179428023111927e-13,9.770266616554197e-13,1.4810437717162858e-10,1.5271867453630924e-06,2
83,00:10:30,4.766845211493306e-11,6.610030763485828e-12,5.941589308495571e-12,7.519206208226716e-13,2.064073978489784e-12,2.3174040587382976e-10,1.936641818607493e-06,2
84,00:11:00,4.4612316663029904e-11,5.686531177305456e-12,2.8876134300402126e-12,5.431631398742948e-13,1.6851874196078387e-12,1.9166186695080792e-10,1.3217352848352427e-06,2
85,00:11:30,5.079494966041645e-11,6.872240941718992e-12,5.92244911067123e-12,5.81011036043985e-13,1.7477007944681672e-12,2.1068172655888788e-10,1.2870923391570282e-06,2
86,00:12:00,2.4429506742814794e-11,5.1315958892995065e-12,3.3336895177112627e-12,4.12812177867902e-13,1.0398088250931086e-12,2.496383037484956e-10,8.698717010343769e-07,2
87,00:12:30,5.2549697154757197e-11,5.5088211716141125e-12,3.719165402866705e-12,4.888110891601188e-13,1.0935760914831164e-12,3.4493927666446077e-10,1.6907223545720837e-06,2
88,00:13:00,3.9631585866445435e-11,5.042646701240558e-12,3.887770333976255e-12,7.143899545063479e-13,3.7649246386642995e-12,2.277762963299668e-10,2.604399115696662e-06,2
89,00:13:30,5.981739228964857e-11,7.304674878460544e-12,4.097400210460166e-12,5.188160949281095e-13,1.8932370695183682e-12,2.340468450815291e-10,1.9391218346774764e-06,2
90,00:14:00,5.2621958636991816e-11,4.078706834431099e-12,3.475206899538511e-12,7.262010807886879e-13,2.2565539986321054e-12,2.8979021983078654e-10,2.299442734576875e-06,2
91,00:14:30,3.9864306949256305e-11,5.446113591677044e-12,4.065492703217119e-12,5.640171882338065e-13,1.2066033404704925e-12,4.5112313614671867e-10,2.0685223810430474e-06,2
92,00:15:00,3.659500907257717e-11,6.8353531272241006e-12,2.3193728889028863e-12,4.932444048346182e-13,1.7375696048605048e-12,1.5951073448786585e-10,1.206718567702303e-06,2
93,00:15:30,6.508925818718754e-11,5.952473288692864e-12,5.423261512155187e-12,5.274411651664906e-13,1.5435086859951749e-12,2.3106214408414619e-10,1.0937153787626645e-06,3
94,00:16:00,4.005994896736399e-11,5.818144084746158e-12,2.661367759062079e-12,6.335250714660338e-13,2.5025910423197108e-12,1.5124604669077912e-10,9.926910690132253e-07,2
95,00:16:30,4.149949854739136e-11,7.051569768240999e-12,2.8958683968390393e-12,5.642498002456615e-13,1.7383891123792946e-12,2.344665116167298e-10,9.569252651785841e-07,2
96,00:17:00,4.8275805349538146e-11,9.597371414636314e-12,3.9129922553285145e-12,4.753384092919885e-13,1.8592498648140334e-12,1.7723046079282284e-10,1.343456873763128e-06,2
97,00:17:30,4.273290699202844e-11,5.371254151961426e-12,3.0654528415076655e-12,4.559260522741239e-13,1.5899469928722715e-12,2.1862766384387198e-10,1.2689888879114327e-06,2
98,00:18:00,6.23056666038614e-11,7.633457683078233e-12,3.0645576227427593e-12,4.60977154932048e-13,1.4528280693656729e-12,3.3639568393046095e-10,9.311991709452382e-07,2
99,00:18:30,6.972503760727989e-11,7.292709219592668e-12,2.358781784554369e-12,3.843325249763959e-13,1.0608342465142783e-12,2.4417046684983103e-10,9.295765103266876e-07,2
100,00:19:00,4.015098260280223e-11,4.510593033586737e-12,2.3607401681928407e-12,3.6916869851947054e-13,1.2581960204036311e-12,2.1508047084413533e-10,8.263590497426828e-07,2
101,00:19:30,5.157187218692423e-11,5.991066325656271e-12,2.6146774227501152e-12,3.676688084014313e-13,1.0283786962137091e-12,3.1839253581138745e-10,8.905550300279655e-07,3
102,00:20:00,6.164899026053828e-11,5.971850996563138e-12,2.9326153107117157e-12,4.862369453478691e-13,1.4570291442162227e-12,2.1083598989023268e-10,8.357963995801693e-07,2
103,00:20:30,6.390245048372857e-11,1.1202881170033537e-11,1.061612936372319e-11,1.4183364158501206e-12,3.6669484257781335e-12,1.4862831955087831e-09,3.1521050283374942e-06,2
104,00:21:00,4.159209668146393e-11,3.529679143422366e-12,2.899884165885705e-12,7.585976072443653e-13,1.6793494780535586e-12,1.0534591575235054e-09,1.7683766572780756e-06,2
105,00:21:30,4.025388686576053e-11,3.800020672674129e-12,4.127571181427279e-12,8.590941652040763e-13,2.132365096406037e-12,1.3808061601884487e-09,1.4912534740869482e-06,2
106,00:22:00,2.3689703797838294e-11,5.0475086340677075e-12,2.2055170495956743e-12,5.834177911969545e-13,1.5928713328037703e-12,6.178354717991291e-10,1.3965535181379593e-06,2
107,00:22:30,6.772029883208669e-11,6.45497773529904e-12,5.116140269072663e-12,7.64853787734843e-13,2.3725696778682347e-12,9.495590625709695e-10,1.114792906583773e-06,2
108,00:23:00,3.6657204751415154e-11,6.013976291997799e-12,3.3228537019332845e-12,7.710294235068584e-13,2.88557955566984e-12,4.141300195708429e-10,1.1173018052302286e-06,2
109,00:23:30,4.233186072540502e-11,4.875072288150493e-12,2.954194130182761e-12,6.232870790054349e-13,2.3733709003955112e-12,3.91274865046311e-10,1.1346427476883236e-06,2
110,00:24:00,3.8858674108619444e-11,5.823372647000702e-12,3.831905765838267e-12,5.903338078126644e-13,2.1952444055790424e-12,4.892248555279061e-10,1.0156403901817255e-06,2
111,00:24:30,3.076979322387562e-11,6.656620373332686e-12,3.1760151726081504e-12,6.051525757290134e-13,1.7101828403620864e-12,3.490208071045589e-10,1.1709263283330958e-06,2
112,00:25:00,4.283760990197595e-11,7.622819064362184e-12,3.723453660903951e-12,7.781035671709559e-13,3.1020974656476004e-12,2.821798736596659e-10,9.012710683919388e-07,2
113,00:25:30,3.2858520691716994e-11,5.009775496412865e-12,4.585101531691684e-12,5.040911509526711e-13,1.7348819180314083e-12,2.7801610174720525e-10,8.606046594422377e-07,2
114,00:26:00,5.550292153896293e-11,8.072774276761551e-12,2.0960565782936655e-12,4.1765893986635835e-13,1.2990766330332292e-12,3.838676338637864e-10,8.913337682443369e-07,3
115,00:26:30,4.6945279847283956e-11,6.5738579908342036e-12,3.349599768913306e-12,4.655350960280432e-13,1.452220135934814e-12,2.800663456662617e-10,8.526905608914138e-07,2
116,00:27:00,5.059841584552511e-11,6.4878542548016386e-12,2.3096451245959477e-12,3.507949058319664e-13,1.144689714876301e-12,3.1111231813655364e-10,8.405928868185776e-07,2
117,00:27:30,6.109846172576151e-11,5.391836371368256e-12,2.416886282693106e-12,3.3927442434289927e-13,7.976527622507009e-13,2.705823028113782e-10,8.541267680715002e-07,2
118,00:28:00,5.771381177919476e-11,6.9847484858444364e-12,2.9154006833174605e-12,4.1457648758815247e-13,1.3426712486689152e-12,3.0743616673753083e-10,1.0954566913410509e-06,2
119,00:28:30,5.5824036859011535e-11,5.486120057763662e-12,3.9429549147860945e-12,5.09627876416272e-13,1.3724563955153502e-12,5.22067994095534e-10,1.3521095055480327e-06,2
120,00:29:00,4.2462097203405474e-11,5.864486268764754e-12,2.9937575886093055e-12,4.721965522790846e-13,1.5601225893233808e-12,2.719867741614693e-10,9.31313437500436e-07,3
121,00:29:30,4.35056006214438e-11,4.5953228108297574e-12,3.64634900143683e-12,4.393752317481162e-13,1.2430520787414841e-12,2.1492197617643072e-10,8.48272792766531e-07,2
122,00:30:00,6.176545109039567e-11,5.50202287514389e-12,2.815355536449851e-12,5.226484054175375e-13,1.8956655594595527e-12,3.6197016304603184e-10,8.405343870759057e-07,3
123,00:30:30,7.1241770299226e-11,6.2342422601618496e-12,2.9035490197338216e-12,4.082096360786996e-13,1.0786679396915012e-12,3.8983069709585893e-10,9.351787192191783e-07,3
124,00:31:00,3.7982608018492444e-11,3.723197624622779e-12,2.8086601918543797e-12,3.9272071009421534e-13,1.2360889827697229e-12,4.565038226095395e-10,8.896906227444269e-07,2
125,00:31:30,6.303520002440001e-11,4.653952637750061e-12,2.531150544523049e-12,3.5842161709876057e-13,1.019922781959832e-12,2.2391691645891155e-10,8.455577904155873e-07,2
126,00:32:00,5.477854770827371e-11,5.2302678292692016e-12,2.8038551654395993e-12,3.7755531895100194e-13,1.0019719760246235e-12,3.4806017937798594e-10,8.622676224090033e-07,2
127,00:32:30,4.57443613546713e-11,5.6585691215255604e-12,1.893633279865021e-12,3.389649168261091e-13,1.1618451424309734e-12,2.471884117724335e-10,8.859939732617586e-07,2
128,00:33:00,7.022181033432914e-11,6.3466742868561596e-12,2.7683021165102102e-12,4.818153004584318e-13,1.5495554797305586e-12,2.4857859217511165e-10,8.834228790756128e-07,3
129,00:33:30,4.007103858040107e-11,5.766736593387403e-12,2.465189401721417e-12,2.897722243965229e-13,8.939463540300466e-13,2.5236117426736485e-10,9.042707975769433e-07,2
130,00:34:00,6.72068716060041e-11,1.2959875381248388e-11,7.863540645760254e-12,1.1257900005294115e-12,3.1170241995082488e-12,7.0396468891370585e-09,3.005627199767891e-06,1
131,00:34:30,6.651804205609509e-11,3.3683214687648357e-12,2.842753548019081e-12,8.805467711021882e-13,2.622589835710132e-12,8.413851401657789e-10,1.128174260164923e-06,1
132,00:35:00,4.9238361993584246e-11,6.672602291427148e-12,3.6337557970575058e-12,6.417533902360033e-13,1.2900101969909764e-12,6.794197784157156e-10,1.0143378804258297e-06,2
133,00:35:30,2.418875223574829e-11,4.736254234944564e-12,3.253056318207173e-12,6.848333047135427e-13,1.5096710483973167e-12,5.221398289244582e-10,1.0267191280797793e-06,2
134,00:36:00,2.709867566995997e-11,5.667306130002389e-12,2.6627384744518644e-12,6.800412330500389e-13,1.681932930452046e-12,3.9249222249232116e-10,9.501473614822697e-07,2
135,00:36:30,3.456059170096213e-11,4.882619520458983e-12,3.960477989659166e-12,7.78922482622305e-13,1.763103804373298e-12,3.8631238647301636e-10,1.9063909951330307e-06,2
136,00:37:00,4.329741253927828e-11,4.772471312830609e-12,3.375767599411214e-12,7.384990861738099e-13,2.1633294254221258e-12,5.506918744760943e-10,1.816722466723663e-06,2
137,00:37:30,2.7411468431753286e-11,5.1283633002859844e-12,3.0542688887091125e-12,7.882389567716797e-13,2.3339859543883494e-12,2.6564026800016166e-10,1.5628093836558188e-06,2
138,00:38:00,1.6549068331865416e-11,4.019050080365801e-12,2.0114613057071992e-12,7.150303452167064e-13,1.7630745147795551e-12,1.7834518682963551e-10,9.751454997337054e-07,2
139,00:38:30,4.8702044542405096e-11,5.085188684848989e-12,3.2488788336876085e-12,8.096124866984154e-13,2.9312951711488356e-12,2.4559931240189767e-10,1.5166037883588809e-06,2
140,00:39:00,3.845416053434423e-11,6.988797506384956e-12,3.365279815046751e-12,4.990495228939628e-13,1.7009979535392964e-12,2.068982810296166e-10,1.586528102713137e-06,2
141,00:39:30,4.4794190086513014e-11,6.322945935135303e-12,4.557784461966129e-12,6.505300124856026e-13,2.5571621979915308e-12,2.8605225228092345e-10,1.5975553495379507e-06,2
142,00:40:00,3.35405040047649e-11,5.953951268669982e-12,2.275902951341908e-12,4.967338614593812e-13,1.898360378725903e-12,2.7279445013836273e-10,1.7047256626106198e-06,2
143,00:40:30,4.2720166150285186e-11,6.4439563284547354e-12,2.887015318481767e-12,4.687551818403972e-13,1.6211001158318642e-12,2.2317462869056504e-10,1.601564963403376e-06,3
144,00:41:00,4.431925521517665e-11,6.47039623346093e-12,4.435747667377396e-12,6.665717554209946e-13,1.949017348839553e-12,7.80699507753143e-10,2.58537837958783e-06,3
145,00:41:30,3.788855507303401e-11,5.362873548996641e-12,2.485769818216608e-12,5.402732056382201e-13,1.0955741872989054e-12,5.35869107667965e-10,2.1443495899568666e-06,2
146,00:42:00,5.6534052831235146e-11,7.0032321633047234e-12,3.735586254184538e-12,6.050172807246242e-13,1.2321959001867263e-12,2.7020269975381667e-10,2.1769636220851696e-06,2
147,00:42:30,3.2157142385399636e-11,6.0377597572136856e-12,4.509763309245804e-12,4.4455964837294707e-13,1.2136904465951918e-12,2.4662213934099724e-10,2.2853031802109142e-06,2
148,00:43:00,9.766507846676976e-11,1.2393896492199145e-11,9.74943166315656e-12,3.182970853492731e-12,4.738269089208817e-12,3.2255505441295832e-09,3.0526652553586455e-06,2
149,00:43:30,3.0457238357779215e-11,3.698078920908643e-12,2.2999659455681343e-12,5.285169534381494e-13,1.0876775492284976e-12,1.0185107857593703e-09,2.1322696346431073e-06,2
150,00:44:00,4.3886849988672874e-11,4.132585483840913e-12,1.974919779082138e-12,7.281413027369684e-13,1.7532877275183496e-12,7.465056127346281e-10,1.4561199612163235e-06,2
151,00:44:30,2.8512686391849638e-11,6.569288248475137e-12,3.580854268576777e-12,8.174968572946449e-13,3.6058465756941734e-12,2.093547141310273e-10,9.413730693713713e-07,2
152,00:45:00,3.474900686199991e-11,6.376572063286494e-12,3.655973381983569e-12,6.027457446516193e-13,1.8364730302361263e-12,3.134368871964192e-10,9.95519585928215e-07,2
153,00:45:30,2.9802454517785315e-11,4.926583440948901e-12,2.456257383606365e-12,4.788926831046216e-13,1.3985348904014328e-12,1.74455404375404e-10,9.808256477039396e-07,2
154,00:46:00,2.9881612942630454e-11,5.458503195727e-12,2.649724864038763e-12,9.0974743383677e-13,4.95387387933537e-12,1.871953629692856e-10,9.343320235676199e-07,2
155,00:46:30,5.4237434212301265e-11,5.152292587124074e-12,3.7138110522607594e-12,6.546848340597996e-13,2.028854508782144e-12,2.3512673787504347e-10,8.812058835074762e-07,2
156,00:47:00,6.74427872448411e-11,4.93063299735781e-12,2.1987165254613816e-12,4.936556758697985e-13,1.6260619509360308e-12,3.0578300906555973e-10,8.900711743541028e-07,2
157,00:47:30,3.2778945003423255e-11,5.696011156171765e-12,3.1996152047514665e-12,7.670692658079719e-13,3.832182235497343e-12,2.1830944016533084e-10,8.48839612431075e-07,2
158,00:48:00,1.0504796805898455e-10,6.906083398889369e-12,2.8060999921745304e-12,4.220500376664455e-13,1.6308565474551003e-12,3.716209075138795e-10,8.124503774577974e-07,3
159,00:48:30,6.039764278661675e-11,5.684399921807609e-12,2.2678334606645242e-12,3.035580048343528e-13,9.457419017193606e-13,1.8384441524096707e-10,8.29498422987892e-07,3
160,00:49:00,4.247738645574173e-11,5.304330226562021e-12,1.9344349943533007e-12,2.7915630905379647e-13,7.858175532935926e-13,2.638117867308372e-10,7.792637329946311e-07,3
161,00:49:30,6.89667606368694e-11,6.7827817323529115e-12,3.002009745465574e-12,3.214114126532976e-13,8.424254429126613e-13,3.312736525100428e-10,8.78240161098976e-07,2
162,00:50:00,4.423688682187777e-11,5.929516400773821e-12,3.076958902600149e-12,4.202017557733531e-13,1.4754932388997094e-12,3.9063687676322067e-10,8.015478426673937e-07,2
163,00:50:30,6.683904311242626e-11,5.96116188183957e-12,2.7934648135211642e-12,3.290663121361752e-13,1.0471302284462513e-12,3.024245816773794e-10,8.078275420503083e-07,2
164,00:51:00,6.849027909998292e-11,5.774591322853726e-12,2.950023202588351e-12,4.14286842344742e-13,1.2103327897940289e-12,3.0703914474461747e-10,8.182451376247001e-07,3
165,00:51:30,5.2859101560443936e-11,6.5391460993555365e-12,3.4879269596359743e-12,6.723770470099822e-13,1.6109084452298646e-12,9.491058548285278e-10,2.6103600064566562e-06,2
166,00:52:00,6.515480142697488e-11,5.2733472012656234e-12,2.4841465045934067e-12,4.1431552673227497e-13,1.2624430859102265e-12,2.7799796339995156e-10,1.0715199548769531e-06,2
167,00:52:30,6.614130376506992e-11,6.033640716462189e-12,2.894763113197908e-12,3.6708432872136517e-13,1.300482970756397e-12,2.747684546291838e-10,1.0970439993116114e-06,3
168,00:53:00,6.96710471376033e-11,7.005289352287648e-12,4.701379533661352e-12,9.051309230191821e-13,2.5598918387672227e-12,1.2948728757905286e-09,2.5134757417811835e-06,3
169,00:53:30,3.679595914334103e-11,8.501226209099901e-12,7.338596206504313e-12,9.72083789745855e-13,2.883069190908994e-12,8.058911216744999e-10,2.3292457134490047e-06,2
170,00:54:00,4.271852454465811e-11,3.996326595111108e-12,2.5061783357342222e-12,6.271869340305219e-13,1.3472864948385764e-12,5.666360419965288e-10,1.2281508597827284e-06,2
171,00:54:30,3.134476050169607e-11,3.772560765176259e-12,2.580191673166555e-12,7.021267492774758e-13,2.1529189596849924e-12,5.549940630894296e-10,1.8000426145070332e-06,2
172,00:55:00,4.427929310346615e-11,7.083004121541761e-12,6.07124565410947e-12,9.252550223752788e-13,3.174856877172627e-12,4.941762398391287e-10,2.3326430825823196e-06,2
173,00:55:30,2.346205570294211e-11,7.253228211895774e-12,4.4175829449190705e-12,8.7907545114808e-13,2.8849116794119437e-12,3.0888345185562056e-10,1.6213621007789307e-06,2
174,00:56:00,2.6014789752457327e-11,3.3946711354190353e-12,1.8216583069821766e-12,4.225419137594897e-13,1.2542592716029146e-12,1.762053098832333e-10,1.2335076800797872e-06,2
175,00:56:30,4.0422321526817835e-11,6.413989121971663e-12,3.5099885136169778e-12,6.599210990356285e-13,2.272085247150112e-12,2.939692868606603e-10,1.1696785915874696e-06,2
176,00:57:00,2.4260524310667426e-11,4.684213563482581e-12,2.404971455736508e-12,4.309649762179916e-13,1.3557490596114064e-12,2.329113527455732e-10,1.2861762772106436e-06,2
177,00:57:30,6.637623175701045e-11,5.6647161197632576e-12,3.989764996132721e-12,5.498529310979118e-13,1.7952385147837286e-12,2.357032504323885e-10,1.0625735909068848e-06,2
178,00:58:00,5.7874620295536286e-11,4.857143122199087e-12,2.8013385350935884e-12,4.702680110648381e-13,1.4087078926787633e-12,1.913045873948933e-10,9.110874662966604e-07,2
179,00:58:30,3.9944658136042215e-11,4.671370003129606e-12,4.218376970040922e-12,6.26054557167757e-13,2.2201738048667325e-12,2.6546856674038303e-10,1.6445540209355618e-06,2
180,00:59:00,4.041727369464181e-11,5.499248896679479e-12,3.688236322533755e-12,5.352401967894123e-13,1.3086226315304375e-12,4.08336571030073e-10,1.4142994827080488e-06,2
181,00:59:30,4.5780630209458375e-11,5.904676147597764e-12,3.030013361875859e-12,7.618798764475246e-13,2.150601017565928e-12,1.7066855411172284e-10,1.3457488619459287e-06,2
182,01:00:00,6.298827669388828e-11,8.017371875193081e-12,4.614550393341047e-12,7.06487802179846e-13,2.2314252078210116e-12,3.479411104808041e-10,1.3755519245525428e-06,3
183,01:00:30,4.31508558753236e-11,4.644464535746457e-12,3.833492331449393e-12,7.260095599289998e-13,2.419684172142689e-12,4.2575931736113653e-10,1.393927297810381e-06,2
184,01:01:00,4.998838662372254e-11,5.666342671303743e-12,3.086449674865691e-12,5.227492850886459e-13,1.318406761037657e-12,1.8066462550121663e-10,1.1853839855853762e-06,2
185,01:01:30,2.359965074183398e-11,4.182877390205552e-12,3.4003073270950075e-12,5.029024899529232e-13,1.3156547203485557e-12,2.483385496623987e-10,1.3420530512227623e-06,2
186,01:02:00,6.127816777860341e-11,9.071344496856793e-12,5.8382302771660334e-12,1.3937457347780095e-12,5.814500009909536e-12,7.125269896124523e-10,1.013632080077443e-06,2
187,01:02:30,8.169661945405886e-11,1.0622867442953583e-11,5.766426159554228e-12,1.0686744654888847e-12,2.808866104300116e-12,5.528915446604627e-10,8.536682229474427e-07,2
188,01:03:00,2.0626734559578963e-11,4.968669060147949e-12,3.918299090155424e-12,8.318977667412116e-13,1.944670840010871e-12,8.314454279959623e-10,9.63250979463382e-07,3
189,01:03:30,1.6694642768551754e-11,4.22529917953971e-12,3.6024183052064647e-12,7.478401638261172e-13,1.3942818094508982e-12,1.8294449662179562e-09,8.70128562927197e-07,2
190,01:04:00,2.7251165474107344e-11,8.707017310153697e-12,4.905249214560781e-12,1.3590654603855383e-12,3.299383083016496e-12,2.916943372159748e-10,1.0349147815724558e-06,2
191,01:04:30,1.583379385761918e-11,6.5893089160265154e-12,4.688583489433391e-12,1.2604980534681648e-12,3.177150384225212e-12,3.05944571472845e-10,1.1556915690233637e-06,2
192,01:05:00,1.9111491894633256e-11,3.6289807612086024e-12,3.639137584892768e-12,7.329831460155974e-13,1.845945438686522e-12,1.1489972286331032e-09,8.357153528448028e-07,2
193,01:05:30,1.2361992865677622e-11,6.488962709339702e-12,3.777005262330187e-12,1.359245887481074e-12,3.353278210453728e-12,3.568956072168087e-10,1.003784528923785e-06,2
194,01:06:00,2.4150249810458246e-11,4.7938566099667206e-12,3.3297932223403558e-12,9.082106134473297e-13,2.8945607303619363e-12,1.5291380443696131e-09,1.0253409361164334e-06,5
195,01:06:30,1.0471333259514294e-11,4.074214160216535e-12,3.2977369170268577e-12,9.945827370515301e-13,1.787907121759205e-12,3.1921987780091826e-10,1.1112174999530994e-06,5
196,01:07:00,1.8468471737458146e-11,4.367827882621154e-12,3.264776929072726e-12,7.421479095859112e-13,1.7170958072925786e-12,1.371389526889496e-09,2.547043795932361e-06,5
197,01:07:30,1.5099167504642256e-11,3.1533270575974017e-12,1.48789083567113e-12,6.618528283004432e-13,1.6605790905124953e-12,4.009367132382388e-10,1.6170488139010036e-06,5
198,01:08:00,1.2603208320685016e-11,3.3945676373428583e-12,4.401717048820877e-12,1.0251253600408165e-12,2.5875131274975603e-12,3.1746587722345913e-10,1.621819993685545e-06,5
199,01:08:30,1.512149525243092e-11,3.975351674102218e-12,1.995663322390394e-12,5.7623416302597e-13,1.0319677187510227e-12,4.345529398495046e-09,1.9070178502208855e-06,5
200,01:09:00,1.2045346872704084e-11,4.359768303516303e-12,5.474124765343199e-12,1.3659369784026495e-12,2.558521146533305e-12,3.2969426317655516e-09,1.8384947411975359e-06,5
201,01:09:30,4.298843400902854e-11,2.874110646039305e-12,1.8085958778505375e-12,6.134464332788732e-13,1.4786830809687573e-12,9.018824301764669e-09,1.1850454365691953e-06,5
202,01:10:00,1.2799909642532703e-11,4.271574485416735e-12,3.549681556974971e-12,1.2256579047249734e-12,2.936938278395659e-12,2.2558904252416533e-09,2.0147479583268354e-06,5
203,01:10:30,2.3909902971895434e-11,2.548314332872223e-12,2.3509028114471817e-12,8.221978312989739e-13,9.360956656673854e-13,3.856298482608496e-09,2.8220213806339e-06,5
204,01:11:00,1.2629915877123717e-11,3.2415118552110596e-12,2.1251805704134063e-12,6.067767112601763e-13,1.2891581745728706e-12,1.25578606764212e-09,2.7443877503835405e-06,5
205,01:11:30,1.0539102491293427e-11,2.2349196803327362e-12,1.8886298913860482e-12,5.441357309703088e-13,1.3190835141066972e-12,2.1110859954364602e-09,2.4528774119518255e-06,5
206,01:12:00,5.4722274663581e-11,3.021384092319891e-12,1.6154570258377578e-12,6.769522531817837e-13,1.5887467003637133e-12,4.3170928193018655e-09,2.1996381501063308e-06,5
207,01:12:30,1.3962645786111348e-11,5.5302967784414414e-12,3.669997622581732e-12,1.7249856699829265e-12,4.184540233925978e-12,3.677323063602818e-10,2.391048481796798e-06,5
208,01:13:00,1.0771926485981947e-11,5.380749190742789e-12,4.308059190865288e-12,1.3058860324488647e-12,3.257178185196714e-12,1.387197476762621e-10,1.159701982079579e-06,5
209,01:13:30,1.7973642338613317e-11,3.731716653407362e-12,3.3555294860465864e-12,9.293986002386112e-13,2.77270864675431e-12,4.646238476776444e-09,1.3133529321874087e-06,5
210,01:14:00,1.3275659063516096e-11,7.098131713693699e-12,5.507765748176076e-12,1.1775174262042766e-12,2.776152212272243e-12,3.765069768722967e-10,1.5474566103334726e-06,5
211,01:14:30,1.7335895574793717e-11,2.893662817321544e-12,2.2082831380369353e-12,8.186611797902625e-13,2.0939604564687818e-12,1.6496430631575272e-09,1.6679721528432615e-06,5
212,01:15:00,1.5299219150346303e-11,2.544271886839604e-12,2.0664552869451437e-12,7.166739367221421e-13,1.5961912302078057e-12,3.595929188258247e-09,2.3682164834581193e-06,5
213,01:15:30,1.7386935496422068e-11,4.538763426038112e-12,3.503942697234696e-12,9.6202892429843e-13,3.164121459453e-12,1.109461140097213e-09,1.7053138505390383e-06,5
214,01:16:00,1.20547725402531e-11,5.446683313561855e-12,3.4222640977512145e-12,1.36492015294912e-12,1.3820206143317973e-12,1.7966250663883075e-10,2.083794726116768e-06,5
215,01:16:30,1.6598749270856254e-11,2.8621948821562403e-12,2.2374801930720106e-12,7.705180262625359e-13,2.349168946016175e-12,1.219492082960897e-09,1.9998550209173473e-06,5
216,01:17:00,1.2385713419895208e-11,2.9117267939100184e-12,2.3145636473139013e-12,7.999994489937755e-13,1.4530103388072956e-12,3.558903194588386e-09,2.7555377770084325e-06,5
217,01:17:30,2.6743077516138167e-11,2.4852781104800288e-12,1.6269714900257656e-12,6.504799924583705e-13,1.7136112319779524e-12,3.189365368190565e-09,2.5838421980508077e-06,5
218,01:18:00,1.2732820407346636e-11,2.1865211118384107e-12,1.7094379375666156e-12,4.952290914784714e-13,7.060816904944437e-13,1.906880248254286e-09,2.6310931513873854e-06,5
219,01:18:30,9.585258211476154e-12,6.605812168497389e-12,4.9559694271855465e-12,1.6233677474892361e-12,2.6492248328962575e-12,1.7074740903699033e-10,2.2688242796234652e-06,5
220,01:19:00,1.3035611888749461e-11,3.2513996399409456e-12,2.557263369148378e-12,6.822074070583387e-13,1.5926972222218169e-12,6.236134170467964e-09,2.554592244812124e-06,5
221,01:19:30,9.893115848316096e-12,2.7727037650255337e-12,1.8405421521166718e-12,6.475124742249231e-13,1.6249703083639359e-12,1.724774262325464e-09,2.563785687469217e-06,5
222,01:20:00,1.2843123897266942e-11,3.3965206587303624e-12,1.58173605693263e-12,5.916067043349597e-13,1.4781748577783112e-12,1.7448820802026343e-09,2.31796461500805e-06,5
223,01:20:30,1.136646362750337e-11,2.883491138518126e-12,2.6946993158593467e-12,1.226441951651031e-12,3.2723141373111914e-12,1.1590628769539342e-09,1.9569539932420006e-06,5
224,01:21:00,1.6661220356468616e-11,3.4438505311523634e-12,1.9847737327846084e-12,6.665284430056687e-13,1.522810406644732e-12,7.3568698854755886e-09,2.247051058372107e-06,5
225,01:21:30,1.3000298469760416e-11,4.138550485741483e-12,3.51971244617634e-12,1.3118960951728442e-12,2.5033153687410563e-12,1.7903731775685638e-09,2.061638338476442e-06,5
226,01:22:00,2.299004077629608e-11,5.789937157583404e-12,4.497366913980149e-12,1.3213331848104214e-12,1.917393037951311e-12,4.818243795147065e-09,2.2431892993547156e-06,5
227,01:22:30,1.0549123581355657e-11,4.076200264914375e-12,3.271731105355903e-12,1.0246300183007972e-12,3.639368617960462e-12,3.3292730763960855e-10,8.323894546497118e-07,5
228,01:23:00,1.3746980406975332e-11,2.3385729846948612e-12,2.327175090398377e-12,7.197237498059e-13,1.8575202844397735e-12,9.556801522049434e-10,6.884698436116804e-07,5
229,01:23:30,4.0967379909314007e-11,7.97331730576683e-12,5.207087806627238e-12,2.0565374370585588e-12,3.205603545672733e-12,3.9946258252913675e-09,1.74611256491351e-06,5
230,01:24:00,1.3684615741803789e-11,6.636877732955078e-12,6.282680737936307e-12,1.3226520411563427e-12,3.291479230629311e-12,1.9635636652681363e-09,2.2787664370802037e-06,1
231,01:24:30,1.6731147359555873e-11,4.0567318091293045e-12,2.7076488029436286e-12,8.071654337248819e-13,1.6943221449586432e-12,1.587236141457567e-09,1.5523392856829091e-06,1
232,01:25:00,2.0846831929896034e-11,2.953898255104092e-12,1.5050434149484528e-12,7.6323081447528e-13,1.7700661954573698e-12,5.59108641492185e-10,8.511551141355956e-07,1
233,01:25:30,3.009857463400101e-11,5.5644230388170565e-12,7.864139317984135e-12,1.6788765706159468e-12,6.583167654559437e-12,4.294255776004769e-10,1.1241253418052449e-06,2
234,01:26:00,1.3958194383018291e-11,4.202055610901198e-12,2.4174097319822495e-12,8.075754725821633e-13,2.2384679358355642e-12,3.7091301759832635e-10,8.583607200216354e-07,2
235,01:26:30,1.696773029727367e-11,3.1433155492209972e-12,4.0112860017096515e-12,8.598246742460997e-13,3.387078117331094e-12,2.450980749537272e-10,8.514189147433296e-07,2
236,01:27:00,1.4576041334201374e-11,3.8120264956900104e-12,2.7666221617806653e-12,8.746927743026238e-13,3.3733639817020794e-12,1.94130248220235e-10,9.89397209420976e-07,2
237,01:27:30,2.481559999215379e-11,2.8159038838066902e-12,2.966265985049983e-12,8.41207635179081e-13,2.526338695888645e-12,1.556959031093193e-10,8.249107377022522e-07,2
238,01:28:00,2.802981954999524e-11,4.046948678990866e-12,4.138086928038529e-12,5.755195756676393e-13,1.2752306884363963e-12,1.2606709047293777e-10,8.078121233631197e-07,2
239,01:28:30,1.5313552626898265e-11,4.9106896339093085e-12,3.42433139590291e-12,9.56045909286213e-13,2.2630303150625717e-12,3.4421832862518e-10,8.023588747531329e-07,2
240,01:29:00,2.318147684627365e-11,3.8973800603232566e-12,3.8356571122380275e-12,9.34331863753164e-13,2.947681756826472e-12,3.2531834692748674e-10,8.074718422551626e-07,2
241,01:29:30,1.9763997946492923e-11,2.873040232160538e-12,2.9201707786201274e-12,7.782553552702646e-13,1.9592291102214856e-12,1.582262606700452e-10,7.846881400375363e-07,2
242,01:30:00,2.8201410275214848e-11,4.577314673362944e-12,2.5002708832102853e-12,6.319612344126698e-13,1.8560224279935006e-12,2.387374600634841e-10,8.328194810539922e-07,2
243,01:30:30,2.2229631246067725e-11,3.4746642174694067e-12,2.242527190885971e-12,1.1766288972664607e-12,2.6905721064651866e-12,1.6423238697446152e-10,7.830925992745211e-07,2
244,01:31:00,1.8284416924411083e-11,3.3607273218352434e-12,1.9814030471581456e-12,7.385899239426634e-13,1.5348393760799669e-12,3.075772544412807e-10,8.084126064532421e-07,2
245,01:31:30,2.1856401759684858e-11,3.78281152050016e-12,2.2525655903652852e-12,5.553445472278474e-13,1.4024491831937723e-12,1.1790065227743544e-10,8.00649108708517e-07,2
246,01:32:00,2.7588956494961805e-11,3.77893693134274e-12,3.018170384337068e-12,6.747126137171658e-13,1.8377543242056404e-12,3.3840249000337755e-10,7.930493325618065e-07,2
247,01:32:30,2.392401884690543e-11,2.789587777691624e-12,1.750374520743009e-12,6.058350501759203e-13,1.6726950553476594e-12,1.5686121439981938e-10,9.203946849418804e-07,2
248,01:33:00,2.0357773593496317e-11,3.128988530151557e-12,3.0079720555154086e-12,6.014246420038471e-13,1.4572153378848731e-12,1.3169163878459468e-10,8.268330351654148e-07,2
249,01:33:30,1.0699665776383462e-11,2.390092033000895e-12,2.310279551773867e-12,5.700461558761422e-13,1.3497761928476243e-12,1.0301880358557056e-10,7.877882155814206e-07,2
250,01:34:00,2.8651851139310607e-11,4.291115348574189e-12,6.162644518804339e-12,7.508960057622828e-13,2.3417745701531694e-12,7.065663853053508e-10,1.5433705060024366e-06,2
251,01:34:30,1.3533069596809014e-11,2.995361134236535e-12,1.7932571119527713e-12,7.120813397778169e-13,2.0211122020982835e-12,1.617272429257596e-10,8.947960654872514e-07,2
252,01:35:00,1.7115621715810728e-11,2.9816510406453847e-12,5.102768488132224e-12,6.968491397733622e-13,2.7588560303989194e-12,9.470424930208457e-11,7.877275099468256e-07,2
253,01:35:30,1.9861181047869824e-11,4.206263096257541e-12,3.5225675118860795e-12,4.647190067440958e-13,1.643677011959368e-12,1.1235398101207576e-10,8.326431451100804e-07,2
254,01:36:00,1.371272356555601e-11,3.5698513292277328e-12,1.9102194516199565e-12,4.0362483079216044e-13,1.0077282653603231e-12,1.2351448471525723e-10,7.989002293368413e-07,2
255,01:36:30,1.9138109543849118e-11,3.880328278624807e-12,4.845953467215093e-12,6.630047929488825e-13,2.306606557703239e-12,2.4582138234818526e-10,8.113356039441738e-07,2
256,01:37:00,2.7039466231135734e-11,2.9387544903223285e-12,1.7686498274113555e-12,3.692582388441498e-13,9.646316669772359e-13,1.454453540964517e-10,8.254852429938701e-07,2
257,01:37:30,2.1464806531946344e-11,3.2636988536192117e-12,3.2551117423605594e-12,4.846875030255658e-13,1.7178311466837582e-12,1.5074163178056894e-10,8.469796170868405e-07,2
258,01:38:00,1.0909231357492678e-10,1.6463704007188923e-11,1.330438376984233e-11,1.0772401796570793e-11,1.1863644948274521e-11,3.5629475659268983e-09,2.9869130524231002e-06,0
259,01:38:30,1.3700622919291002e-11,1.085775419294315e-11,1.160265626690209e-11,1.2443370573541868e-12,3.3597159053016285e-12,2.207931884864547e-09,2.797863590309308e-06,0
260,01:39:00,1.2653457477314517e-11,3.0325308689550185e-12,2.702402257047177e-12,1.009742428498083e-12,2.627296148868522e-12,2.070195606962176e-09,2.173027465940268e-06,1
261,01:39:30,3.03183564065849e-11,4.000442439588231e-12,4.383932619102056e-12,8.539387161738878e-13,2.5188272170761216e-12,1.915734189444378e-09,1.2570324047439628e-06,0
262,01:40:00,2.6916286942088822e-11,5.377772220539337e-12,4.782967283691006e-12,8.248394907743824e-13,2.311871259543105e-12,8.615271324910548e-10,1.637677054811859e-06,1
263,01:40:30,1.8131931866276845e-11,5.342866833017473e-12,6.737211865688548e-12,1.1312646232436656e-12,3.6701964501191445e-12,1.982403208078185e-09,2.01211628346664e-06,1
264,01:41:00,3.61414933438239e-11,4.5174473493288794e-12,4.829160195215428e-12,9.19874594876859e-13,2.292024135785406e-12,1.2014624441889229e-09,1.086308126284313e-06,1
265,01:41:30,3.0352414034382494e-11,3.1662342746648593e-12,2.7313143848863893e-12,7.548225819329247e-13,1.7179972052130925e-12,4.816777313870653e-10,1.5347917282276828e-06,1
266,01:42:00,1.828581961254735e-11,2.9650513636583164e-12,2.1307480611232375e-12,5.663595473876114e-13,1.2490959824780731e-12,2.019993948171677e-10,1.4563514913168766e-06,1
267,01:42:30,2.2291016048992974e-11,4.06453087756645e-12,2.2444408166082286e-12,5.884191355212415e-13,1.7823498767982922e-12,1.5208001038236998e-10,1.2893673677630458e-06,2
268,01:43:00,2.3275403410852767e-11,4.924273598715898e-12,2.163100576651762e-12,4.630541811759082e-13,1.879944364802592e-12,1.1394678921353053e-10,9.385599667761393e-07,2
269,01:43:30,2.2242067667340638e-11,4.414341616451273e-12,3.904802681104837e-12,6.898782920299156e-13,3.5362995758699674e-12,1.3197234951467738e-10,9.064906817564926e-07,2
270,01:44:00,2.5263906056480394e-11,5.4561676295557675e-12,3.9415127567078635e-12,4.5129022616499697e-13,1.6945941907702948e-12,1.7197481980907016e-10,8.018693869669384e-07,2
271,01:44:30,2.088802904598547e-11,3.841314932576478e-12,2.5269970859343397e-12,3.428080089356016e-13,1.0416684985669068e-12,1.390488084850782e-10,1.0031401662657e-06,2
272,01:45:00,2.1618181587228583e-11,5.530748542096417e-12,2.8502941579578123e-12,4.1473730906023467e-13,1.3989994520765712e-12,1.560577910775814e-10,7.787239144021252e-07,2
273,01:45:30,3.316099797560918e-11,4.578981415850613e-12,3.1205717162284605e-12,4.516938981157569e-13,1.914170384309185e-12,2.0513632380118577e-10,7.796623987638584e-07,2
274,01:46:00,2.4335511494490703e-11,4.464712012507075e-12,2.9532878652969624e-12,4.121456214465839e-13,1.4943421667118804e-12,1.6634108015798084e-10,7.7907546247043e-07,2
275,01:46:30,5.046269633250777e-11,5.331919159033121e-12,2.488569512693112e-12,3.7960961791932676e-13,1.3380444785591922e-12,1.8220216487007557e-10,7.827593083671546e-07,2
276,01:47:00,4.0245289639496845e-11,5.9261538540157926e-12,3.838073269173296e-12,3.133271279866299e-13,9.265734676867497e-13,3.082066627319595e-10,7.838777104571154e-07,2
277,01:47:30,3.4181030281599156e-11,5.730291808412867e-12,2.418202301373408e-12,3.323089800551876e-13,1.0855448071895277e-12,2.244632536133628e-10,7.303769658202076e-07,2
278,01:48:00,2.992073715467616e-11,4.066170562308662e-12,2.158600338923944e-12,3.759629790141321e-13,1.3628465602375779e-12,2.8530849709555164e-10,6.973193472726029e-07,2
279,01:48:30,4.490156419006308e-11,4.587331825045174e-12,2.2369846856816416e-12,4.39341311061431e-13,1.8847568591279247e-12,3.370611761070876e-10,8.085286996736621e-07,2
280,01:49:00,4.659100485714821e-11,5.0724097059676194e-12,1.4703626347477961e-12,3.1939425477834976e-13,9.280825063983449e-13,1.8841743811268595e-10,8.315265595348058e-07,2
281,01:49:30,6.312574970724929e-11,4.236463683770548e-12,1.695050614131652e-12,3.1759690796417507e-13,1.0911175667220695e-12,1.8373593228191766e-10,7.923701265955548e-07,2
282,01:50:00,3.045479723648493e-11,5.012380009940824e-12,2.3855708655761542e-12,2.6179519575475093e-13,7.013328714715041e-13,2.861816792913415e-10,7.681125540446776e-07,2
283,01:50:30,6.052135348507602e-11,6.9322903447456336e-12,2.2493288606011417e-12,2.8613079238095587e-13,8.840990686295568e-13,2.784035147370579e-10,7.740478615421923e-07,3
284,01:51:00,5.7054292465185667e-11,4.672953546364774e-12,1.6282862046787619e-12,3.3611602352110013e-13,1.2153934569907614e-12,2.8649393870472236e-10,7.520683053712981e-07,2
285,01:51:30,5.2369456149136314e-11,5.382953832480761e-12,2.0312411128119707e-12,2.866705338472284e-13,9.035661515709193e-13,3.4786450385298363e-10,7.177361609857713e-07,3
286,01:52:00,4.1205107055489685e-11,4.729714979298511e-12,2.5462504791622022e-12,2.5171732419266625e-13,9.325967439146148e-13,2.470746041891813e-10,7.144119398008753e-07,2
287,01:52:30,5.712515923642112e-11,5.201168657740813e-12,1.5486113730708116e-12,2.8811092645401625e-13,9.665858361794633e-13,2.660244437630766e-10,7.63353904340758e-07,3
288,01:53:00,3.1878640951923695e-11,5.0216264378131556e-12,2.342640918316355e-12,3.962724837022085e-13,1.9170792363865504e-12,2.7763317386430974e-10,7.276566155392815e-07,2
289,01:53:30,4.8711544735812406e-11,8.213756825426928e-12,2.0072768632950338e-12,2.79606618092785e-13,7.130291915240362e-13,4.055574601076431e-10,7.489937567563818e-07,2
290,01:54:00,3.0841154196416564e-11,3.531947620706254e-12,2.1073610179547583e-12,2.811591380992445e-13,8.067708706061472e-13,2.1913043841943408e-10,7.271742415178863e-07,2
291,01:54:30,6.615387887204291e-11,3.6241760112006456e-12,1.8872697651098103e-12,2.563204489026796e-13,7.635507511400165e-13,3.158107038444742e-10,7.212559857516385e-07,3
292,01:55:00,4.0090300214722425e-11,4.52431974025734e-12,3.775145891237013e-12,3.303951513853485e-13,7.80376333070485e-13,3.004358952118756e-10,6.827655428777479e-07,2
293,01:55:30,4.536920599293977e-11,6.2594975379712336e-12,2.7582644990689704e-12,8.7342034400254e-13,2.1156931478532184e-12,1.6238561833701098e-09,2.478688723922159e-06,2
294,01:56:00,2.5226175166335266e-11,1.3870225660075272e-11,4.574726945476944e-12,9.287457400324579e-13,2.0087237478216204e-12,2.224856516164075e-09,2.1516102871865713e-06,1
295,01:56:30,5.7888024550339433e-11,7.47969757026289e-12,3.982753671759092e-12,9.123089945578954e-13,2.9121391798728435e-12,1.3990695788669458e-09,1.3742102691374747e-06,1
296,01:57:00,5.0966738480816803e-11,1.2946319146782233e-11,8.095343386627984e-12,1.5087314860576242e-12,4.8957163446612895e-12,1.933425702182168e-09,1.2864601878843386e-06,1
297,01:57:30,2.0678474561869156e-11,8.967575424870554e-12,8.416528637513975e-12,9.307806712467534e-13,3.2601323333702034e-12,1.9507951149030257e-09,1.5370886866810174e-06,1
298,01:58:00,3.835849970590738e-11,5.461352720729196e-12,3.2340609423417545e-12,6.934801097195684e-13,1.6597459579219866e-12,9.687204075864252e-10,1.2644163405029488e-06,1
299,01:58:30,4.416231627951789e-11,5.5198180987499006e-12,4.0631791740498885e-12,8.567051516794398e-13,2.034988987592939e-12,7.686078580989281e-10,1.3129937933088206e-06,2
300,01:59:00,2.5797794574815162e-11,6.993262363455365e-12,6.40365699392708e-12,1.3484672485079116e-12,5.3266208822482374e-12,6.402956772242047e-10,1.3686650259586022e-06,2
301,01:59:30,2.996265607565047e-11,5.090123509420124e-12,3.257051442714883e-12,6.081889438232914e-13,1.7784479655532036e-12,1.7148950979599834e-09,1.0967564320486084e-06,2
302,02:00:00,1.6301898638505124e-11,4.019065776288467e-12,4.655926852949594e-12,5.767531484037529e-13,2.0752767370129515e-12,2.2891830686144146e-10,1.0715010635839515e-06,2
303,02:00:30,2.186304108190261e-11,4.712375305220372e-12,2.995361756406978e-12,4.954301560086401e-13,1.661796563588768e-12,2.098012159111907e-10,1.1622031879493101e-06,2
304,02:01:00,1.876499385385918e-11,3.8632312723104935e-12,1.969358467283362e-12,4.2623147808599133e-13,1.164029892594425e-12,1.5055699763629415e-10,1.0116551731287976e-06,2
305,02:01:30,4.896925047359416e-11,4.6753960477418084e-12,2.1990645663523784e-12,4.884594780914137e-13,1.6036423161504413e-12,1.4699773157463834e-10,1.360974546890191e-06,2
306,02:02:00,1.944078922260666e-11,4.5100810713821494e-12,2.843319863987808e-12,7.436588656902601e-13,2.7220677003321197e-12,1.1377806123440473e-10,9.598252219471933e-07,2
307,02:02:30,3.985271951778845e-11,5.617783581548198e-12,2.1313113256365475e-12,4.2107816781401405e-13,1.3069661151815013e-12,2.4322522660460453e-10,9.824780339603026e-07,2
308,02:03:00,2.8493069687177484e-11,5.835865548066463e-12,3.0061786456764554e-12,6.37880490226252e-13,3.56937791212935e-12,1.4345192861526204e-10,9.622251277304779e-07,2
309,02:03:30,3.305664956738664e-11,6.1002062458691406e-12,2.112716336171206e-12,3.216525847431257e-13,1.0515991539206915e-12,2.5000916473934593e-10,1.0102891491855475e-06,2
310,02:04:00,3.038075485759156e-11,5.305864597188855e-12,2.494402188620224e-12,3.6560332074445633e-13,1.1830266985172014e-12,3.2748381112372264e-10,1.0217647048162638e-06,2
311,02:04:30,4.0059552103021786e-11,5.142225257350648e-12,3.460115851765301e-12,3.8327686125131055e-13,1.1609489721381732e-12,3.0757989820922755e-10,9.702884044126663e-07,2
312,02:05:00,2.9847038662696014e-11,3.725398993159414e-12,2.1950122470425462e-12,3.6774771019653405e-13,1.7036205338066506e-12,2.505505769070613e-10,9.565158591087483e-07,2
313,02:05:30,4.621643197989069e-11,4.300345788818897e-12,2.0972622057857955e-12,3.17428340837741e-13,1.171177655163774e-12,2.5002101697503186e-10,9.349240959996027e-07,3
314,02:06:00,3.147870944638542e-11,4.310273136892666e-12,2.311966994556199e-12,3.5437876743166105e-13,1.3835557781093887e-12,2.675270194924961e-10,9.041678019933718e-07,2
315,02:06:30,4.287534525801123e-11,3.88842704320744e-12,2.135321040513407e-12,3.249728456939052e-13,1.386744501309981e-12,2.889456095613324e-10,8.872022805393149e-07,3
316,02:07:00,3.78954947467552e-11,5.2452130828175795e-12,2.44798054097137e-12,2.7858758567344425e-13,9.119260863070992e-13,3.475300583557817e-10,8.693036496959388e-07,3
317,02:07:30,3.760984459067184e-11,3.962459161466705e-12,1.3084436225004208e-12,3.389259670825005e-13,1.5124759379286121e-12,3.474135931684101e-10,9.914469412085256e-07,2
318,02:08:00,5.335496441625448e-11,3.726170440530006e-12,1.3054073898599908e-12,2.815851485585614e-13,1.0166910343857976e-12,2.8637458721350246e-10,9.431875717146698e-07,3
319,02:08:30,3.909320486385452e-11,3.7949610894839915e-12,1.450190007272821e-12,2.476689253803366e-13,9.146336176223791e-13,3.109869725667902e-10,8.986346817667689e-07,2
320,02:09:00,3.672206529423803e-11,4.18582523966656e-12,1.351121531969278e-12,2.19531789916458e-13,7.120493930153926e-13,3.828193553660354e-10,8.780862056105234e-07,2
321,02:09:30,3.9168363575602273e-11,4.802033473244634e-12,1.6913539266655087e-12,3.096980026478642e-13,1.0617810364176303e-12,3.751619431866551e-10,8.682339451849319e-07,3
322,02:10:00,8.318454170473146e-11,4.599144045509704e-12,1.6867848404060339e-12,2.2473265162852555e-13,7.806469754099132e-13,4.1411265356287953e-10,9.097691637574834e-07,3
323,02:10:30,5.6095508140953254e-11,4.0465903015193605e-12,2.248743855550219e-12,3.328088047365668e-13,8.994752398090033e-13,3.8844031987880763e-10,1.2313904003349398e-06,3
324,02:11:00,2.9703858798908596e-11,4.122916035712576e-12,1.8641387070935498e-12,2.8080685504568374e-13,7.749673341848449e-13,3.007982317622014e-10,9.11989737628945e-07,2
325,02:11:30,6.976058664198957e-11,4.901670881201597e-12,2.4845483865582862e-12,3.3302399477553156e-13,1.2567648663132598e-12,5.897777953598005e-10,1.0294918126012405e-06,3
326,02:12:00,4.0699767377679236e-11,3.690395406700385e-12,2.4099570836459716e-12,2.910409056532901e-13,1.060787224371409e-12,2.8880349102820185e-10,8.494366894724072e-07,2
327,02:12:30,5.056837839249166e-11,4.3729209763741785e-12,1.275131367187891e-12,2.438328456046288e-13,7.174910957042515e-13,4.7350285881278e-10,8.944137606567145e-07,2
328,02:13:00,3.960905290165503e-11,4.612380551572058e-12,1.4666082209289447e-12,2.603609528105836e-13,5.021012960462123e-13,2.816688323969683e-10,8.928224982801921e-07,2
329,02:13:30,2.679520373508717e-11,4.811000293027727e-12,1.7028391065186198e-12,2.5382404176200396e-13,7.702904665028535e-13,2.308735223825966e-10,9.421648445402894e-07,2
330,02:14:00,6.622086241695909e-11,2.5068733914609016e-12,1.9757212278790436e-12,2.417969534021695e-13,6.177600718219523e-13,7.554000893286472e-10,9.102493121796162e-07,3
331,02:14:30,4.1545009255095647e-11,3.69552159203674e-12,1.7292335846654095e-12,2.0341362798250099e-13,5.10518909636934e-13,4.208264921227111e-10,8.624413270634655e-07,3
332,02:15:00,4.782377796274049e-11,4.4346405756714724e-12,1.3907526395165674e-12,2.1730399941796735e-13,5.983734324656106e-13,3.9330863671428754e-10,8.918008766597215e-07,3
333,02:15:30,5.945832205300561e-11,4.62216841258519e-12,1.6408037712601385e-12,2.337867078552611e-13,8.591216039242415e-13,3.7870617833042364e-10,1.0753587873944188e-06,3
334,02:16:00,4.114522401092284e-11,3.862429254595456e-12,2.0554524262506994e-12,2.2480335247620227e-13,6.349494198085839e-13,3.905624796869599e-10,9.084064102864194e-07,2
335,02:16:30,5.702858773701265e-11,3.995948703104576e-12,2.5607807156744647e-12,3.723535178343819e-13,8.732809586022285e-13,3.4023882729487214e-10,1.604561337832759e-06,2
336,02:17:00,3.2211051371997174e-11,4.337073406861826e-12,1.8815943169412776e-12,2.3270576351837647e-13,5.674865695405846e-13,3.560938221572462e-10,9.582920931728115e-07,2
337,02:17:30,3.463568709107207e-11,4.5323626711223144e-12,1.7789186867576923e-12,2.716692082627619e-13,9.814452583665562e-13,3.9709718249615316e-10,8.873722356025065e-07,2
338,02:18:00,3.254330479870197e-11,5.484264169679606e-12,1.7467446311602928e-12,2.4828341032858564e-13,4.728321624411285e-13,3.056286636841007e-10,9.387834004577306e-07,2
339,02:18:30,2.6189030640130995e-11,3.928424256979409e-12,2.2384496684146684e-12,2.922220969143346e-13,1.1966443281037464e-12,3.4818136958371746e-10,9.324630241248889e-07,2
340,02:19:00,6.12155498714122e-11,3.0308418358366907e-12,9.13077243228619e-13,2.1457943316376447e-13,4.890540950377841e-13,4.3769866494418536e-10,9.930476597660524e-07,3
341,02:19:30,4.910567862884146e-11,4.949226944191149e-12,1.2709590057560331e-12,2.7260635174684834e-13,9.840994712618025e-13,4.016828371947523e-10,9.278096929566425e-07,3
342,02:20:00,6.329073004132655e-11,3.919747124300468e-12,1.4751258124795166e-12,2.309354337314636e-13,5.856840082184776e-13,3.2039016760411266e-10,9.012329052406725e-07,3
343,02:20:30,5.404239264581248e-11,4.077809088276678e-12,1.5890502517258973e-12,2.0593023341112887e-13,4.909170596520576e-13,3.346881059447095e-10,8.853130513379408e-07,2
344,02:21:00,6.079143855372288e-11,4.0606091174697705e-12,1.4675326732548608e-12,2.2590230812822962e-13,6.332981201574536e-13,4.0019588388534775e-10,8.810834425430657e-07,3
345,02:21:30,6.849629612043714e-11,1.3742048713128425e-11,7.52807456608643e-12,2.8665156138344686e-12,5.327870104241026e-12,4.3962059294812005e-09,3.2166352537705384e-06,1
346,02:22:00,4.410838216390894e-11,9.275592037738932e-12,3.4090012339155627e-12,8.521976745662802e-13,2.2545324587554167e-12,1.8339227850115209e-09,2.8126283390111296e-06,2
347,02:22:30,3.036824067591319e-11,8.97023766773603e-12,4.901999724905918e-12,8.473527077122124e-13,1.98013671773088e-12,1.158951080012874e-09,3.054619249213931e-06,2
348,02:23:00,4.1651629119393346e-11,1.1115955879312212e-11,6.412911040642804e-12,8.472595768326439e-13,2.1240645712689032e-12,5.605435938381035e-10,3.0123036433528537e-06,2
349,02:23:30,3.1524689884418813e-11,1.1426169761416361e-11,5.354640227219316e-12,1.0887297166440933e-12,3.5034606603902493e-12,9.32560417279889e-10,2.9080635885521425e-06,2
350,02:24:00,3.0948577528234256e-11,1.350997872752729e-11,7.093956152853729e-12,1.2492450091260532e-12,3.1884826389157698e-12,7.667879666063302e-10,2.8866228907573693e-06,2
351,02:24:30,5.396809656745264e-11,6.832585002999498e-12,3.4996960956822217e-12,7.002210252583088e-13,1.5677247805461297e-12,4.4814816487933223e-10,2.9633328577980733e-06,2
352,02:25:00,3.196068215175973e-11,6.252766656294968e-12,4.3615836278893804e-12,7.317108254347851e-13,2.032607403173932e-12,6.924639881568671e-10,2.8489755234362656e-06,2
353,02:25:30,1.5888647596885398e-11,7.700246632215409e-12,5.317078280243447e-12,7.928436212002905e-13,2.1956142957492564e-12,2.711036729264549e-10,2.9737489360165807e-06,2
354,02:26:00,3.1033203776972755e-11,6.2658044772729126e-12,6.710228124548335e-12,9.656993181922781e-13,2.9824841097131505e-12,4.4123742068739934e-10,3.204572839422582e-06,2
355,02:26:30,2.7901039328856694e-11,5.754067800080247e-12,5.522458729735199e-12,8.019350023882552e-13,1.9929733109364086e-12,3.0589893181050975e-10,2.8523759853459007e-06,2
356,02:27:00,2.2266385064808775e-11,6.608206265543669e-12,4.694504060334034e-12,7.670931754555182e-13,1.7383558290795537e-12,5.720717929033613e-10,2.888416204316171e-06,2
357,02:27:30,1.8507397642388857e-11,3.27555853368678e-12,3.4690748180776125e-12,5.976518692287785e-13,1.4557855441817033e-12,3.032596172003861e-10,2.8328186612380896e-06,2
358,02:28:00,2.304310293967393e-11,4.5902831562079985e-12,6.556790026520727e-12,7.417320783589693e-13,1.9618823054453678e-12,2.7610561622335685e-10,3.0247027756820886e-06,2
359,02:28:30,4.3372869505568244e-11,6.896065470569178e-12,5.830793740193759e-12,8.91274480446809e-13,2.7399372188163145e-12,3.757552162525099e-10,3.0034026836469744e-06,2
360,02:29:00,2.4163461658287917e-11,3.858117121498776e-12,4.529300991555729e-12,7.51520288433922e-13,2.181310800891436e-12,3.695972790265168e-10,2.9727040352952086e-06,2
361,02:29:30,3.127098014616416e-11,5.0696300030462635e-12,4.100969821236085e-12,9.229767757584626e-13,2.9016419939942355e-12,4.5787781632500304e-10,2.820258097102706e-06,2
362,02:30:00,3.5888362690883565e-11,4.742136406102132e-12,4.514024333408186e-12,7.192780833213786e-13,2.1371960366533636e-12,2.913511006614212e-10,2.835679546896592e-06,2
363,02:30:30,2.855863966749801e-11,4.534994138571432e-12,5.954599637738932e-12,7.681414732495212e-13,2.468099439877823e-12,1.6753319952758092e-10,2.7273361542826e-06,2
364,02:31:00,2.8244196041192538e-11,4.8627824213658735e-12,5.633800260684272e-12,7.175463404253568e-13,2.0009654946293085e-12,3.082972809362235e-10,2.9405042282621073e-06,2
365,02:31:30,4.7253545008432114e-11,1.2115728290578851e-11,8.055896029062385e-12,1.7545393015408617e-12,4.4192465051088845e-12,1.4830892002191207e-08,3.4697707528697173e-06,0
366,02:32:00,2.6329325158222658e-11,4.431314545859727e-12,1.8739399565335123e-12,5.144032852910677e-13,1.0218295616949047e-12,1.3976726140663163e-09,2.275533915673571e-06,1
367,02:32:30,1.7417730805063468e-11,2.022090990543062e-12,2.328412233715437e-12,4.4472658368157906e-13,1.036213001709976e-12,1.9399359812922628e-10,1.4313380642228541e-06,2
368,02:33:00,2.4166103632593244e-11,5.590681614960467e-12,7.014780239189201e-12,1.259052886484734e-12,3.656059509513758e-12,1.4438393840389484e-09,2.8173018684679917e-06,1
369,02:33:30,1.8572917862631687e-11,1.594376457184458e-11,7.010962040248712e-12,8.269758914415854e-13,2.329836715008236e-12,1.0091244832612547e-09,2.1647063168113803e-06,0
370,02:34:00,2.654288114212947e-11,6.37141268095888e-12,6.1129334753646524e-12,7.775174166301398e-13,2.4863494079149935e-12,6.164876753912927e-10,1.5698640598915494e-06,0
371,02:34:30,2.8120343444136357e-11,4.081164140793464e-12,2.633982545104368e-12,4.727153967636878e-13,9.899522664424542e-13,3.764969488242925e-10,1.0014652103365447e-06,2
372,02:35:00,1.3718586556370894e-11,2.7945199691611e-12,3.0720143978792665e-12,5.255937673743387e-13,1.4121301957168809e-12,1.5175533616972577e-10,7.982414273744583e-07,2
373,02:35:30,2.832290237013789e-11,4.346631970039176e-12,3.857531830531307e-12,7.826158568360486e-13,1.7077707508550989e-12,2.6452525821821506e-10,8.69120597796305e-07,2
374,02:36:00,1.9923068113463358e-11,3.087445952865781e-12,2.676251076412388e-12,5.218346224852309e-13,1.4287185633801228e-12,1.8234893714570939e-10,7.072913100809324e-07,2
375,02:36:30,1.3896482764346681e-11,4.549591718174281e-12,2.4080011363360297e-12,4.821073349013425e-13,1.703123928788026e-12,2.5631718269772337e-10,7.523049930118816e-07,2
376,02:37:00,3.34491197754053e-11,6.724528193084837e-12,2.829769234860271e-12,3.983801421813631e-13,1.2762196902698022e-12,1.5251319999194544e-10,9.058495794797216e-07,2
377,02:37:30,3.0461835198259874e-11,4.5249676925359036e-12,3.1016623435025872e-12,5.794804723445597e-13,1.3000211154528148e-12,2.9474439642434607e-10,7.78709051954344e-07,2
378,02:38:00,2.6654696094445996e-11,2.446935859511264e-12,1.8917523352931238e-12,4.4221022245891244e-13,1.1059035558178876e-12,2.6486353686469065e-10,8.445203888318744e-07,2
379,02:38:30,1.3523974333631135e-11,3.2771517321281928e-12,2.410603627439309e-12,5.16409231517654e-13,1.6329014790276188e-12,2.9712871748992345e-10,8.094957990187523e-07,2
380,02:39:00,1.8364686846748e-11,4.747163792404523e-12,3.4245343728906533e-12,7.303415950627804e-13,2.2248934317426066e-12,1.1682536121991259e-10,7.351137153213329e-07,2
381,02:39:30,1.4224736309435909e-11,2.5824881021729477e-12,2.552897149718209e-12,5.870887103017269e-13,1.8237835769043016e-12,1.2907460874605544e-10,1.7598443656383454e-06,2
382,02:40:00,2.1808814278041348e-11,2.6576046561521455e-12,2.650876093603751e-12,4.1056035280259047e-13,1.492660578934207e-12,1.5418836378540805e-10,1.3239307175930142e-06,2
383,02:40:30,2.2731311083314674e-11,6.029037442479966e-12,3.487200016756921e-12,7.650380856857481e-13,2.1912813469752686e-12,2.924264286691217e-10,1.7494432627925621e-06,2
384,02:41:00,1.7208622651946446e-11,3.968915215865243e-12,2.937414172410878e-12,5.789754380001788e-13,1.5441471372454313e-12,3.2375669196185224e-10,1.5408360403871063e-06,2
385,02:41:30,3.99204969984513e-11,5.428988909813768e-12,5.007387023931081e-12,6.052026907028531e-13,1.888363255233343e-12,3.106577808783728e-10,1.7035553539489628e-06,2
386,02:42:00,1.2164292433913152e-11,4.631761366670734e-12,2.3367699868616253e-12,3.8549800411337585e-13,1.2062999231600314e-12,1.5644177179881077e-10,1.4585140260950394e-06,2
387,02:42:30,2.1966572115107118e-11,4.996805229747521e-12,3.0623420468155914e-12,4.3281265296064487e-13,1.2747092240879295e-12,1.8089913538670157e-10,1.4170499539187489e-06,2
388,02:43:00,3.064912721072461e-11,6.000924606145383e-12,6.602562852179861e-12,8.500857647557176e-13,2.810275991314238e-12,4.174540684906844e-10,1.9133098949309126e-06,2
389,02:43:30,1.59085015787525e-11,3.568665851373394e-12,2.591776779608867e-12,3.6985252105480395e-13,7.23013517718474e-13,3.465483290158362e-10,1.3840544544025915e-06,2
390,02:44:00,2.4237688697286924e-11,5.054677051358089e-12,1.4341492101100697e-12,4.48678927557298e-13,1.511565709453669e-12,2.0211384367593357e-10,1.1035115082040485e-06,2
391,02:44:30,2.392780098891999e-11,5.270940412348092e-12,3.6734544404271915e-12,4.732537853789237e-13,1.4460676337054e-12,1.9100284734025936e-10,8.867938060301739e-07,2
392,02:45:00,1.8716843618571263e-11,3.997533222141506e-12,2.2591202290646358e-12,3.8444754054550033e-13,1.1591342658382852e-12,1.8719358192467741e-10,8.558566078761627e-07,2
393,02:45:30,4.1144601535506505e-11,4.3525692968124e-12,2.8154980285518864e-12,4.742773924848091e-13,1.159822530458668e-12,1.7704915076020257e-10,8.674892192542352e-07,2
394,02:46:00,2.5958331133130874e-11,4.789560491321906e-12,2.4424993412746236e-12,3.064820656513882e-13,8.973670368007644e-13,1.6538302690338282e-10,8.837994586315408e-07,2
395,02:46:30,2.2335507347607283e-11,5.7957854074287544e-12,2.7821933845058916e-12,5.204775131178074e-13,2.2454825813728407e-12,2.193423223643411e-10,8.769257499237147e-07,2
396,02:47:00,2.1632795713744335e-11,4.177392932923365e-12,3.0074646652788257e-12,2.983065791981295e-13,9.326732791257388e-13,2.2789267039658865e-10,9.283753183075027e-07,2
397,02:47:30,4.2912106669447245e-11,4.923094578459152e-12,5.333006814731421e-12,6.364916697569874e-13,1.658259273105962e-12,4.5330103774974107e-10,2.1514130189435586e-06,1
398,02:48:00,2.4190364355108287e-11,4.325650168482093e-12,1.5280892910041465e-12,2.7986681894341287e-13,8.312013880420936e-13,3.3110325569513503e-10,1.7167308868159073e-06,2
399,02:48:30,4.8036358986008765e-11,1.6434300784097426e-11,1.1661436553027202e-11,2.453314276684367e-12,2.991659363413319e-12,1.7992521123423005e-09,2.9086659499449256e-06,1
400,02:49:00,2.907483838475772e-11,7.847897580146386e-12,3.8617635778553705e-12,7.256490974411839e-13,1.755059388299699e-12,6.79610549075138e-10,2.117580274034974e-06,1
401,02:49:30,3.503510496061698e-11,8.327650114385019e-12,5.9551142801769205e-12,1.1222957666145944e-12,4.071862557160587e-12,7.112030273124055e-10,2.0594612698734785e-06,1
402,02:50:00,1.8012126513487397e-11,4.131113224152296e-12,3.3315488326332e-12,6.501257777463528e-13,1.8117088542838166e-12,6.945049146454487e-10,2.5095204492190425e-06,2
403,02:50:30,6.516426257578136e-11,8.289840367702823e-12,6.8438825662280796e-12,7.363602290170655e-13,1.826249259239983e-12,5.195878620710338e-10,2.862175439829456e-06,2
404,02:51:00,3.7006533633856424e-11,4.170024384876025e-12,4.408103401622702e-12,7.226896213953003e-13,1.6182431454900182e-12,5.520977750038055e-10,2.5202661096198164e-06,2
405,02:51:30,2.756176883095619e-11,4.104260378767655e-12,4.317879962554088e-12,6.236631924117427e-13,1.765550428066105e-12,3.777376721583329e-10,2.7043010641554358e-06,2
406,02:52:00,1.9059723701933333e-11,4.964299466442554e-12,3.864225239751139e-12,9.034583374396918e-13,2.987508034017163e-12,4.7382789615013e-10,2.7419732198814506e-06,2
407,02:52:30,3.7986585964077436e-11,9.67289928434774e-12,7.447769372776611e-12,1.118860686268336e-12,3.9151857426509276e-12,7.329048266109714e-10,3.100437164215619e-06,1
408,02:53:00,2.828528318446998e-11,5.292149173630476e-12,3.732843736286812e-12,8.722915643798237e-13,2.990775116364532e-12,3.0464584110235616e-10,2.9300723596812664e-06,2
409,02:53:30,3.3734320459868395e-11,5.3796677712784706e-12,6.109807137742238e-12,9.57296582638607e-13,2.8561655902927764e-12,3.612083297387426e-10,3.0000270170419655e-06,2
410,02:54:00,4.1495768621219754e-11,5.56463232377366e-12,4.4120398935055875e-12,8.028438570499278e-13,2.236440439821312e-12,4.1708391908428403e-10,3.0236236064716403e-06,2
411,02:54:30,2.1476054918847747e-11,4.87035562234526e-12,3.5652032277009673e-12,7.308614109590269e-13,1.6539505942612214e-12,3.1363452117292645e-10,2.8221070125204103e-06,2
412,02:55:00,2.6894766156192452e-11,6.098236000129531e-12,7.61806042402656e-12,9.518440504197657e-13,3.2340834972447065e-12,4.0659838476031187e-10,2.924813683455416e-06,2
413,02:55:30,3.143960766456085e-11,3.2389718085575656e-12,4.13619558378736e-12,7.41215756239438e-13,2.5075744615424675e-12,2.844051639921882e-10,2.546552013117703e-06,2
414,02:56:00,2.8371087393088957e-11,5.72552954581213e-12,6.005493020829944e-12,8.211050914052406e-13,3.0684128201085016e-12,3.1630840703692657e-10,2.487080393025751e-06,2
415,02:56:30,2.3337607400288575e-11,3.8824319038557315e-12,2.051823517103161e-12,5.0688695471044e-13,1.5132529947580716e-12,1.5854985354322163e-10,1.751194997015136e-06,2
416,02:57:00,3.368299250262626e-11,5.832579484054567e-12,8.745127070326054e-12,1.0356482273785941e-12,3.38581975565555e-12,6.059144379903458e-10,2.6304913283277386e-06,2
417,02:57:30,3.110297803506765e-11,1.1555374346832007e-11,9.870715664584813e-12,1.3994277966278918e-12,3.2241217999931625e-12,1.1928632823244345e-09,3.471546670838297e-06,1
418,02:58:00,3.2980118241505005e-11,4.277402617906053e-12,2.7106156368562575e-12,5.628337246733212e-13,1.2893847437301974e-12,6.873709251232272e-10,2.418197410100469e-06,2
419,02:58:30,3.8729625845931855e-11,6.910526112273554e-12,6.585889527721838e-12,7.968458872674737e-13,2.173514839824615e-12,8.118687415038921e-10,2.7149429959709812e-06,2
420,02:59:00,4.7340999040482345e-11,5.207239924635927e-12,3.3357902341165542e-12,5.9061599262037e-13,1.7877792880543135e-12,3.8227786805478105e-10,1.931029917929024e-06,2
421,02:59:30,5.534412747417145e-11,1.0901070173065984e-11,6.820023792559496e-12,2.541586937210415e-12,3.7299736664498765e-12,1.1614607750549589e-08,3.522184018260649e-06,0
422,03:00:00,6.877696903875853e-11,5.700099616737836e-12,5.42360717253833e-12,9.128301823687936e-13,2.513714372307356e-12,4.321317529217143e-09,3.385592699101168e-06,0
423,03:00:30,1.3543288457115663e-10,6.490696967264759e-12,3.926858696514948e-12,9.783607052452141e-13,2.0407974637868233e-12,3.778752513195444e-09,3.393580555456625e-06,0
424,03:01:00,3.563493305573979e-11,7.628604413263126e-12,1.2759937319055033e-11,1.0540177274521538e-12,1.8919160298528142e-12,1.8443928250784928e-09,3.5810125553107586e-06,0
425,03:01:30,9.358373163872428e-11,5.030473919858366e-12,5.2648504762312535e-12,1.3162748817002245e-12,2.6325007697128473e-12,4.139856209562061e-09,3.4975539557763838e-06,0
426,03:02:00,1.7021794832135366e-10,1.0558229234191036e-11,4.9667378678219e-12,1.4143354931544526e-12,2.8146029760540113e-12,6.654672236675173e-09,3.020710190428385e-06,0
427,03:02:30,9.218785917024741e-11,6.4023371246357226e-12,6.905345090425851e-12,1.509086100985262e-12,2.3056948862558853e-12,1.1509812231305118e-08,3.5068285310217402e-06,0
428,03:03:00,9.002530462192531e-11,6.992480609254489e-12,9.399025978171369e-12,9.132198065932314e-13,1.2642682459741096e-12,2.8842606314126833e-09,3.2607399938192055e-06,0
429,03:03:30,6.20677984398463e-11,5.294351305415135e-12,8.730017895629022e-12,1.0810079434385187e-12,3.393542656461471e-12,1.0542469238007645e-09,3.0937055890713964e-06,0
430,03:04:00,1.2785538325830194e-11,5.497812772201779e-12,9.554663912387565e-12,9.573376914911102e-13,1.9996414694721145e-12,3.947662991597059e-09,3.183669006990241e-06,0
431,03:04:30,2.1443231017408465e-11,4.184502794325944e-12,3.731395717944361e-12,7.202822532234946e-13,1.2933777907578917e-12,9.308079887080269e-10,3.1287726276366837e-06,0
432,03:05:00,1.5051187750499657e-11,7.190999280887873e-12,1.7446859203988275e-11,1.0902797012005245e-12,2.9740001091472747e-12,3.0101279943189533e-09,3.1478646743146286e-06,0
433,03:05:30,3.3768019444506715e-11,7.118250111228445e-12,8.496288456668214e-12,1.035974469199772e-12,1.7997847246491245e-12,1.5874096240382171e-09,3.0566805742243637e-06,0
434,03:06:00,1.3215397341803037e-11,7.411657572089658e-12,6.485619563675087e-12,1.010502790859259e-12,2.022335526997874e-12,2.5423299044953348e-09,3.2064943781929302e-06,0
435,03:06:30,9.873190526247886e-12,4.8669805265655534e-12,6.423691577997686e-12,8.053693999365132e-13,1.4225727828539588e-12,2.186308651934534e-09,3.2152190986428376e-06,0
436,03:07:00,2.3526162646416348e-11,3.772899692275993e-12,4.161337738175443e-12,7.605668626073112e-13,1.0823881742945867e-12,1.7154126701953644e-09,3.1651201800196354e-06,0
437,03:07:30,1.0593160399409102e-11,3.893897973113862e-12,1.2848853074425407e-11,9.749523760842407e-13,2.317383799483402e-12,1.6326677389538254e-09,3.2775917876904116e-06,0
438,03:08:00,1.77406718814045e-11,3.1006895193762627e-12,5.8303335982159995e-12,7.821694428348192e-13,1.6873769349484758e-12,2.2815046476230116e-09,3.4521449662630476e-06,0
439,03:08:30,3.909911447024905e-11,4.032433303784415e-12,5.0303184775739775e-12,7.665968588786517e-13,1.0477841006499139e-12,9.831750242805408e-10,3.5179242048385363e-06,0
440,03:09:00,7.287918311876445e-12,7.01175190574102e-12,1.1543625615081928e-11,1.3381718198046407e-12,4.320726005207427e-12,2.7999718309720967e-09,3.569484841650973e-06,0
441,03:09:30,8.83072465742389e-12,5.431770820739626e-12,6.947542348651641e-12,9.339195262412344e-13,1.3992296150906514e-12,2.2947817291251037e-09,3.533105516904974e-06,0
442,03:10:00,9.682680426275485e-12,5.310961548911982e-12,1.2677490976535856e-11,8.366539860505276e-13,1.8199556928800213e-12,1.502800593121557e-09,3.530199365975396e-06,0
443,03:10:30,7.34863611883091e-12,7.394475286927346e-12,1.1186705070152768e-11,8.832090005468454e-13,1.9711494214098465e-12,1.1191337763136654e-09,3.5659324627501377e-06,0
444,03:11:00,7.819329700905575e-12,8.331349064480904e-12,1.516388753038425e-11,9.102858034309353e-13,2.38230158285391e-12,1.8101923758581803e-09,3.5315351812292635e-06,0
445,03:11:30,1.1852390222228517e-11,1.3241277042264082e-11,1.1082976932019063e-11,1.3175771196391104e-12,3.1720300520008725e-12,1.0848750908046496e-09,3.560561681723403e-06,0
446,03:12:00,9.765267363356893e-12,1.1066751325338378e-11,4.8765020001758934e-12,9.624392518542086e-13,1.627261458818484e-12,1.2455527190175407e-09,3.5444013669573797e-06,0
447,03:12:30,1.7072871695365765e-11,8.965572873778277e-12,7.277314224024253e-12,1.3442361559656804e-12,3.4492282794195287e-12,8.224785582224527e-10,3.5022503259579875e-06,0
448,03:13:00,2.5275517033851128e-11,2.4401231625758386e-12,2.9464638259062133e-12,6.795277424741177e-13,7.308739033745503e-13,5.917882419576067e-10,3.5274058287560644e-06,0
449,03:13:30,1.3636734045610848e-11,2.4697054305207344e-12,4.008539253623122e-12,7.679540059260307e-13,1.112322419214717e-12,2.4224769375504445e-09,3.6023084065494504e-06,0
450,03:14:00,2.156795386782841e-11,2.349291213042828e-12,7.2379188449548555e-12,7.182171723771235e-13,1.277136051212949e-12,1.3677400544626593e-09,3.5628993124341445e-06,0
451,03:14:30,1.6659952729419534e-11,2.9950948310193508e-12,5.439065755301646e-12,8.989759001728145e-13,1.5386686653787905e-12,2.484964670417073e-09,3.5849291980486968e-06,0
452,03:15:00,1.1356039418427156e-11,8.091355901986565e-12,1.8786695591783747e-11,1.049579923009764e-12,2.6503131275494103e-12,1.7572921745918427e-09,3.5173927921604654e-06,0
453,03:15:30,9.761996190937859e-12,1.183567980373252e-11,1.0842836808364773e-11,1.2241014250551453e-12,2.7006048561721737e-12,1.2692685834068273e-09,3.5479972593369523e-06,0
454,03:16:00,9.813795165821097e-12,7.529230095018672e-12,1.4176668420397506e-11,1.228323828081114e-12,2.5161922745347304e-12,1.6383330718816672e-09,3.53409354125964e-06,0
455,03:16:30,7.557004817479329e-12,6.88104717312497e-12,9.325073178831102e-12,1.259012925198696e-12,1.6281759841723836e-12,1.1906892553561813e-09,3.5684245011186937e-06,0
456,03:17:00,8.46932319809851e-12,6.715761081128349e-12,1.1630832588611563e-11,9.59560103296183e-13,2.166905676721884e-12,2.8528463725156046e-09,3.5506808872966267e-06,0
457,03:17:30,1.059603178881536e-11,1.0144882064952525e-11,6.541329330904828e-12,1.0284226819657309e-12,2.1306808547786313e-12,2.112876991567802e-09,3.566170358589559e-06,0
458,03:18:00,7.293314339616555e-12,1.0531917272871242e-11,8.333108606261647e-12,1.0573950973656684e-12,1.6507624840800633e-12,1.1353201314370035e-09,3.5474025804507445e-06,0
459,03:18:30,1.3959470037788054e-11,1.6106663444897043e-11,7.045719562032782e-12,1.0492771280020623e-12,2.6233290341491347e-12,7.167369535521163e-10,3.599732103240541e-06,0
460,03:19:00,1.136683702946961e-11,8.576304724647343e-12,4.522728563105349e-12,1.041371506171233e-12,1.7516485596749404e-12,1.385169458525084e-09,3.5861648719075507e-06,0
461,03:19:30,1.4838236946405647e-11,1.2076903214885665e-11,7.078904183124011e-12,8.9801424332559e-13,3.0156236006416927e-12,1.21553557930607e-09,3.555359778792095e-06,0
462,03:20:00,1.3271817025917483e-11,8.92833572088365e-12,3.2971450933571447e-12,8.753108011534244e-13,1.8839449725608162e-12,5.762770751519141e-10,3.511841713099358e-06,0
463,03:20:30,1.8523068135692373e-11,1.1623282708172607e-11,5.0017270695825775e-12,9.898216354037558e-13,2.4093936202466524e-12,6.306920743916161e-10,3.4729349329656657e-06,0
464,03:21:00,1.8497320125072427e-11,1.1129661595160053e-11,5.338124291575731e-12,1.1562008629018278e-12,2.4818891539574533e-12,2.960919716399009e-09,3.526429608176438e-06,0
465,03:21:30,9.238261713652337e-12,1.1229145800036461e-11,3.675608449231644e-12,9.326141146336722e-13,1.884336211638679e-12,1.1396844374199485e-09,3.504766950810293e-06,0
466,03:22:00,2.584765474503484e-11,1.0237419649840908e-11,3.908244205261788e-12,8.72722936378717e-13,2.6209612281586838e-12,5.162095435849281e-10,3.389040749692892e-06,1
467,03:22:30,1.6601167192220074e-11,6.70044021854633e-12,4.217423563274437e-12,5.8985357056682e-13,1.4996418326924797e-12,2.863945505081612e-10,3.333433777090217e-06,1
468,03:23:00,3.8815967176262165e-11,4.196016274938009e-12,3.743381714951072e-12,6.267022852310172e-13,2.210485621303346e-12,3.6433740857117965e-10,3.3156508341160283e-06,2
469,03:23:30,1.2867064904527485e-11,3.7927606530091914e-12,4.691663590677564e-12,6.473215362290769e-13,2.389742387068824e-12,1.9848176044013143e-10,3.4373883783803283e-06,2
470,03:24:00,4.304476643728696e-11,7.918954189676564e-12,6.2539190272027035e-12,4.235893377653166e-12,3.72311546249793e-12,6.462891363861193e-10,3.377058743202777e-06,2
471,03:24:30,2.060601292368424e-11,6.930329736254692e-12,4.035667803980695e-12,8.551037845378706e-13,3.167499863402302e-12,2.3664793370836353e-10,3.3014714538084e-06,2
472,03:25:00,2.106027662541571e-11,3.96147354583063e-12,2.9551568846308993e-12,5.816621469587334e-13,1.8104620102666193e-12,2.1434786333168444e-10,2.961543363450686e-06,2
473,03:25:30,1.812064554575018e-11,3.499232953882437e-12,2.121782023343414e-12,4.739643516408948e-13,1.0441201252815763e-12,1.5956031396001887e-10,2.6076292024848727e-06,2
474,03:26:00,1.3689913984076352e-11,2.5032515690589093e-12,2.881791883844664e-12,6.403918927004317e-13,2.5636049212268856e-12,1.8222118339128144e-10,2.396499725439469e-06,2
475,03:26:30,2.7538793533265192e-11,2.6202301858616352e-12,5.938308195048657e-12,7.025048341020468e-13,2.324646576666502e-12,2.0082754799564487e-10,2.437756738481122e-06,2
476,03:27:00,2.1382008300651208e-11,2.8414268645548283e-12,2.6063318182776584e-12,8.576682652322869e-13,2.055506973318713e-12,2.1423653898454788e-10,2.493455981297839e-06,2
477,03:27:30,2.3559169711110467e-11,3.9401791947316025e-12,2.1922599480371866e-12,4.866368601483899e-13,9.725848055642071e-13,3.1355183519337965e-10,2.50995609384694e-06,2
478,03:28:00,2.6155125048848363e-11,3.1029185412644996e-12,2.3852218464563256e-12,5.390893761159142e-13,7.340211275200722e-13,2.5510895339598193e-10,2.548589881751183e-06,2
479,03:28:30,1.3693255017760536e-11,5.1399862829421396e-12,2.6198254849556336e-12,4.5321190742790205e-13,1.1307445683867693e-12,2.705682603625433e-10,2.3781544062271856e-06,2
480,03:29:00,2.3597479423130478e-11,4.126522818629498e-12,3.815993052406165e-12,6.724114808708412e-13,2.317990663793977e-12,2.095868468884146e-10,2.291734369303847e-06,2
481,03:29:30,1.1185370574916766e-11,2.505992364058376e-12,2.032488543107974e-12,4.621612306166231e-13,1.230118470341198e-12,1.5798266937478418e-10,1.8356063220557338e-06,2
482,03:30:00,1.1392194851585569e-11,2.7384210912135908e-12,1.8635267131825795e-12,5.089582476990646e-13,1.7518698915382693e-12,1.0079323441158275e-10,1.5911621017123134e-06,2
483,03:30:30,1.524600832875071e-11,4.104594514769428e-12,2.1075555019551127e-12,3.168140716431843e-13,9.238060331476002e-13,1.7542215473490824e-10,1.3812253540944942e-06,2
484,03:31:00,2.2503934441663158e-11,2.5541831012697405e-12,3.5212010363576423e-12,4.576509943470345e-13,1.2185944191624593e-12,2.1670787074292942e-10,1.2666714756368424e-06,2
485,03:31:30,1.9651754060157614e-11,3.938372811111931e-12,2.421046959136482e-12,5.50098246384035e-13,1.618896444690404e-12,1.5546871760086217e-10,1.3509642715938772e-06,2
486,03:32:00,1.711095415514047e-11,3.0980185271954356e-12,2.6657825310586014e-12,5.158399213513461e-13,9.614295299074782e-13,1.527783093670676e-10,1.316452107394947e-06,2
487,03:32:30,2.8548490987494796e-11,3.083198988111336e-12,2.9425688634412106e-12,5.180706495039704e-13,1.831050555947226e-12,2.2526396106300822e-10,1.3461030490007779e-06,2
488,03:33:00,3.174271139003818e-11,3.96773233066313e-12,3.749898299220034e-12,3.5674438798006037e-13,8.847891586912625e-13,1.9357886627298875e-10,1.5248843776634449e-06,2
489,03:33:30,1.585823825646944e-11,3.1556663740560815e-12,2.4492639774754792e-12,3.889095969700468e-13,9.089101131719561e-13,1.390215097628712e-10,1.316910548684099e-06,2
490,03:34:00,1.9284908740190716e-11,3.2259786974426346e-12,2.163328668860499e-12,5.210111369368032e-13,2.2959446682323853e-12,1.309614395488959e-10,1.3145006495448605e-06,2
491,03:34:30,2.4420532372027632e-11,3.4187959194154533e-12,4.568539551229965e-12,5.562008321670838e-13,1.9925294878505973e-12,2.4041065138509403e-10,1.527669792132987e-06,2
492,03:35:00,2.4719332024850356e-11,3.831689609271727e-12,2.1221343780682686e-12,4.809569697683501e-13,1.215060533173928e-12,2.5624364949589707e-10,1.4483469032524304e-06,2
493,03:35:30,1.1192833126063677e-11,3.381624885205399e-12,1.6646432177201992e-12,4.785030363765148e-13,1.5202712481455324e-12,1.3588994035032683e-10,1.2589297674095093e-06,2
494,03:36:00,2.4043927361502698e-11,4.940127307665281e-12,3.2877745809496303e-12,4.097393056437311e-13,1.247157055652233e-12,1.6216401693278956e-10,1.2257271073087811e-06,2
495,03:36:30,1.787214298418978e-11,4.1338664735596374e-12,2.4107786370179132e-12,8.39916077111803e-13,4.511024118432547e-12,1.66892526336377e-10,1.1628676462909641e-06,2
496,03:37:00,2.091664545426524e-11,3.4569599399140925e-12,3.3413424359817716e-12,5.030280626053407e-13,2.8691437120700448e-12,1.8242325873310245e-10,1.10966268537475e-06,2
497,03:37:30,1.2482743630706669e-11,3.34866016996623e-12,2.8008442801243706e-12,3.9035278547421836e-13,1.2518386092646176e-12,1.4538635046421397e-10,1.162416756263485e-06,2
498,03:38:00,2.2549382733239644e-11,4.8369624046458815e-12,4.675384506241747e-12,3.8045344086979864e-13,1.4791816738597585e-12,3.226258338227915e-10,1.0995548045689952e-06,2
499,03:38:30,2.906213572347172e-11,3.586127262471311e-12,2.3798310797096645e-12,4.366503605319538e-13,1.7682963149508406e-12,1.9628182101443712e-10,1.1906181095826664e-06,2
500,03:39:00,2.4203416084039517e-11,3.73764623059378e-12,3.7806070300207e-12,3.026962563454302e-13,7.599303345305536e-13,1.6666946515840697e-10,1.1355497092049193e-06,2
501,03:39:30,2.2282930367063892e-11,5.6418726198220775e-12,2.852210805819701e-12,2.519583273091886e-13,7.205804508853903e-13,3.139912996568052e-10,1.1403977987450408e-06,2
502,03:40:00,2.2895509771870133e-11,3.935760729206379e-12,4.128224997996758e-12,3.508765690872385e-13,9.549312457337752e-13,1.7991447323863436e-10,1.2225872386682675e-06,2
503,03:40:30,2.5657767657318575e-11,4.694309668313676e-12,2.376066132950948e-12,3.1599898208870685e-13,1.085209277474613e-12,1.8826879339543127e-10,1.106240780141832e-06,2
504,03:41:00,2.5247764606723475e-11,4.256024140900089e-12,3.3112842042370776e-12,3.1077774840823836e-13,1.1896472452474616e-12,2.2826118819364777e-10,9.211099803028793e-07,2
505,03:41:30,3.069136633360308e-11,3.4494482887516384e-12,3.016963038716687e-12,4.0802572008959717e-13,1.5847494743959493e-12,2.7834540373362973e-10,1.1574413926702135e-06,2
506,03:42:00,1.7310341509664448e-11,3.6493753878729576e-12,3.4327795756475572e-12,4.125790504648035e-13,1.2961457790221892e-12,2.468985917069888e-10,9.517451229385556e-07,2
507,03:42:30,1.712404255170685e-11,6.599509430878237e-12,7.172967669195371e-12,4.331138549943263e-13,1.875200749885722e-12,2.1845958895050358e-10,9.384903459381755e-07,2
508,03:43:00,1.820214353247202e-11,3.64220345780948e-12,1.664686750710839e-12,3.42835515950177e-13,1.2448187886715283e-12,1.365511140526357e-10,8.937105304555515e-07,2
509,03:43:30,2.4965986540913092e-11,3.4681467440208005e-12,2.377518268123674e-12,3.4793595075717643e-13,1.3201790028268114e-12,2.2183047761919885e-10,8.642522455587459e-07,2
510,03:44:00,2.3422928300965716e-11,3.9015478167022355e-12,2.157047942611801e-12,3.346993212127397e-13,1.2044918462196076e-12,1.8507938758489136e-10,8.669708756868426e-07,2
511,03:44:30,2.3124724472085627e-11,3.710780676252253e-12,2.198111336365372e-12,3.3803971870993337e-13,9.36551768230598e-13,4.698388664855604e-10,1.5340346656776466e-06,2
512,03:45:00,3.3169121336902395e-11,5.434937682462965e-12,4.483911389742005e-12,6.778448094121848e-13,2.169219930628632e-12,6.748188106886515e-10,1.7156772024218197e-06,2
513,03:45:30,1.5377000019913277e-11,2.6539826622718237e-12,1.9717954187792204e-12,4.4055879100902673e-13,1.752368892793462e-12,1.4435931309265572e-10,1.8035650283541446e-06,2
514,03:46:00,3.133605671953507e-11,3.310467106562046e-12,2.363082617053984e-12,4.555275879277745e-13,1.978016222078496e-12,2.0453155167888242e-10,1.3017303737301432e-06,2
515,03:46:30,2.199370059716117e-11,4.454684914601824e-12,1.5409740530137063e-12,2.9150336727588215e-13,8.895962173039356e-13,1.5992273085683696e-10,1.2558763125788405e-06,2
516,03:47:00,2.2108873322123437e-11,3.2164852751621184e-12,2.544017611302341e-12,3.7701906064350374e-13,1.3827738502775031e-12,2.599278603157316e-10,1.141616210758797e-06,2
517,03:47:30,2.085771033427905e-11,4.909567874207854e-12,4.0000615560678455e-12,3.8191713603683853e-13,1.599562745715272e-12,1.78988217350088e-10,1.2419563638044273e-06,2
518,03:48:00,3.128712108265179e-11,3.555541046692202e-12,1.65078710129315e-12,3.1728906974437593e-13,1.0408042803370348e-12,1.9354888586573676e-10,1.1317681127326853e-06,2
519,03:48:30,2.212420991854733e-11,4.3784047749127594e-12,1.778985180326473e-12,3.099929791491334e-13,7.460424627764327e-13,1.5449649343512928e-10,1.1692097548698744e-06,2
520,03:49:00,3.5971760689322324e-11,2.7795627209735775e-12,3.1282604389028863e-12,3.500582587398346e-13,1.23652920741381e-12,1.5909383898577222e-10,1.1363150834056856e-06,2
521,03:49:30,2.0126056648636854e-11,3.4281137403283617e-12,2.685992116310938e-12,3.167903151940331e-13,9.61259488979375e-13,2.3706063337389417e-10,1.3770510711834764e-06,2
522,03:50:00,2.7713174681261504e-11,2.8892446039535378e-12,2.037907513244221e-12,3.157346194394275e-13,8.034636382870837e-13,2.1250240072761708e-10,1.1371972997469636e-06,2
523,03:50:30,2.2689938625857396e-11,4.381259249882779e-12,2.384727950367134e-12,2.643538195737476e-13,9.899603269999276e-13,1.6863682225470787e-10,1.1029745507574313e-06,2
524,03:51:00,2.524308931952691e-11,4.5049265576922065e-12,2.6368700403896313e-12,4.6728921085473e-13,2.1737984042047293e-12,1.522876079685342e-10,1.0664102082187698e-06,2
525,03:51:30,5.221485761446319e-11,3.3611839514831262e-12,2.1359460675126403e-12,2.759531010026957e-13,8.759986951088099e-13,2.8467203571812153e-10,1.1680513002911738e-06,2
526,03:52:00,2.756049322667833e-11,3.4207299568705336e-12,3.427370186655097e-12,2.9181771065692745e-13,8.725010831519141e-13,2.940081660678383e-10,9.830213077308533e-07,2
527,03:52:30,1.8756670585918664e-11,2.600203559487155e-12,2.4598227847139704e-12,3.1527086498501017e-13,1.0378661434960274e-12,2.1388139323808425e-10,8.396949529771245e-07,2
528,03:53:00,3.852999684327796e-11,3.3725936656500124e-12,2.3815431975393253e-12,3.8612732594752394e-13,1.287827725527505e-12,2.614052061415218e-10,9.200913211043906e-07,2
529,03:53:30,2.6275945391489976e-11,3.52963063508107e-12,1.7782027346012996e-12,2.870594676807923e-13,8.591293455872952e-13,3.4069958710110636e-10,7.438052790938032e-07,2
530,03:54:00,2.483766919450713e-11,2.6381228031585117e-12,2.2039580480909317e-12,3.167751414106102e-13,9.305819952174392e-13,2.031944031381366e-10,7.154676603939609e-07,2
531,03:54:30,1.940109693347896e-11,3.876808821531302e-12,2.7612113131717616e-12,3.392479097003076e-13,1.4866181080030915e-12,2.2645945473204313e-10,7.88596680429505e-07,2
532,03:55:00,3.7841432641614567e-11,4.182240321669768e-12,2.2929235584442873e-12,3.06447994588313e-13,1.0131134559309394e-12,4.139672086619465e-10,7.375545810743887e-07,2
533,03:55:30,4.0250545545216515e-11,3.715095451555343e-12,2.169098230035836e-12,2.7987351090486853e-13,8.314043812916191e-13,4.3516423627964584e-10,7.093398409448807e-07,2
534,03:56:00,5.0227770726939237e-11,4.37084424851173e-12,3.841458268545155e-12,3.4742808622260117e-13,9.987599031830276e-13,2.2209921356792842e-10,9.961975479960908e-07,2
535,03:56:30,3.916328491545958e-11,3.415012357636724e-12,2.1654468545331937e-12,3.3126877046162365e-13,1.2694018058989855e-12,1.735188608897549e-10,7.152925558655292e-07,2
536,03:57:00,4.3619882873865636e-11,4.351651294156526e-12,3.393442067628019e-12,4.999176764206334e-13,1.5941098931224378e-12,5.574109500387105e-10,9.192372217776393e-07,2
537,03:57:30,1.5308619415222716e-11,5.3345205889836576e-12,5.1166973565621586e-12,9.121877554372447e-13,2.789593190608896e-12,2.658832865308335e-09,7.712056683244085e-07,2
538,03:58:00,2.0943285630703863e-11,5.0788678523329516e-12,4.169847493673776e-12,7.04629560959604e-13,1.9503558955163513e-12,2.5924481583778457e-10,1.0464593140932523e-06,2
539,03:58:30,1.121001687564675e-11,4.057661457664389e-12,3.0653414554880897e-12,5.396747376338834e-13,1.1886248356433683e-12,4.0456211763158145e-10,7.784469511850092e-07,2
540,03:59:00,1.1427236615299352e-11,3.6229962361251467e-12,3.984868186094436e-12,9.853488795148744e-13,2.9721202306753058e-12,3.642169842125577e-10,8.763157889719724e-07,2
541,03:59:30,4.5337211550664617e-11,2.8512303897336336e-12,2.906976411509284e-12,4.167999653532889e-13,1.2283430262815477e-12,8.381289513062618e-09,8.951311894841139e-07,5
542,04:00:00,2.1746925825116016e-11,2.4351363194377257e-12,1.8190783533284894e-12,5.442415784671368e-13,1.4148653336386136e-12,1.7706459557533247e-09,1.1466614987527758e-06,5
543,04:00:30,6.527793209984364e-12,4.150219362422567e-12,4.044217813230047e-12,1.145819099955637e-12,1.6212958737956933e-12,8.089771905001129e-10,1.2383373244373014e-06,5
544,04:01:00,8.491468984280902e-12,3.0999573929388137e-12,1.8656723285327315e-12,7.082051645261315e-13,1.2969047924927899e-12,1.0222898992544143e-09,1.5545093839937365e-06,5
545,04:01:30,1.2925129190416177e-11,1.4676386857522159e-12,1.1984028210189924e-12,3.9693415998011693e-13,1.1691103000880663e-12,3.3267197280434334e-09,8.287910201082684e-07,5
546,04:02:00,1.1410129767933943e-11,2.1215958773233244e-12,2.1460535558186923e-12,4.395633795466179e-13,8.875134957875022e-13,1.0306929914356497e-09,1.9679624418507337e-06,5
547,04:02:30,5.2749592750716214e-11,2.775075272521874e-12,2.058807341800738e-12,4.813999557847638e-13,6.501596528387398e-13,2.4193326449140074e-09,1.3550792819798514e-06,5
548,04:03:00,2.1980408600117768e-11,1.9818356021958812e-12,1.6037858789537925e-12,3.652320651901195e-13,9.072411524340649e-13,4.995960174005544e-09,1.2380443876985083e-06,5
549,04:03:30,4.251346740163406e-11,1.9713808597126204e-12,1.3979125977668356e-12,2.971900691745017e-13,4.84340985663863e-13,5.1447173487231284e-09,1.4869536436924024e-06,5
550,04:04:00,1.059530163689772e-11,3.6057490165486774e-12,3.0481289469193892e-12,5.607597442523244e-13,1.1972820968040766e-12,6.375320346706287e-09,1.17941921444368e-06,5
551,04:04:30,1.3654173296917926e-11,2.0901454356202455e-12,2.8725027507369716e-12,6.306117153638701e-13,1.2190752381547387e-12,1.0410483619557542e-09,8.98824483711912e-07,5
552,04:05:00,2.7722059817887218e-11,2.3311490652604755e-12,1.6083932473560874e-12,4.0967773329191526e-13,7.79670836179845e-13,5.151065083633241e-09,1.0812471709876884e-06,5
553,04:05:30,4.477229132046645e-11,2.5004285363548117e-12,1.4477467318078813e-12,3.9681427940770767e-13,8.074218660900316e-13,5.0347365358547116e-09,9.855238801322732e-07,5
554,04:06:00,4.7619118225694706e-11,2.014288777212223e-12,1.5298111150910433e-12,3.6800107215015257e-13,8.097385972128496e-13,4.185953677369941e-09,9.818656982028419e-07,5
555,04:06:30,1.4631847318815518e-11,2.1991653841384943e-12,1.587015953870676e-12,3.7939335536241226e-13,9.952002647774954e-13,3.566397620823231e-09,9.455765834124163e-07,5
556,04:07:00,2.5333664830649214e-11,2.4837541375799467e-12,2.2687045740924532e-12,6.850145725669582e-13,1.2003264037383904e-12,6.4668236442687585e-09,1.0749796928852707e-06,5
557,04:07:30,9.931654399615187e-12,3.6270971524916822e-12,4.26977305250077e-12,1.0955817819755233e-12,2.5548574137311667e-12,2.0206949331004742e-10,8.920371153259449e-07,5
558,04:08:00,2.113558120244853e-11,3.0087957831752658e-12,4.508318983401631e-12,1.4598772512451464e-12,3.399329412646805e-12,4.3208916014570675e-09,2.609117200890955e-06,5
559,04:08:30,7.252214761926584e-12,5.65043029466433e-12,3.859773297686179e-12,9.9717604759961e-13,1.285497068935283e-12,3.5208211399306094e-10,2.697708633670609e-06,1
560,04:09:00,8.785848406129924e-12,3.818247578060421e-12,3.524527093887823e-12,1.0755440159071684e-12,2.451909906041955e-12,7.213694424973309e-10,1.6105541543637969e-06,1
561,04:09:30,9.513859349857922e-12,4.455457063356079e-12,2.672222334923659e-12,9.071797409667223e-13,2.7761449794853965e-12,2.2407576748287814e-10,1.455937372858968e-06,2
562,04:10:00,9.304357715183772e-12,3.053554415174881e-12,2.4795473239315786e-12,5.118327456814969e-13,1.1767766281406128e-12,1.2172465069808264e-09,1.230781143272254e-06,2
563,04:10:30,1.7008547759245373e-11,3.0873266273521996e-12,1.7983114071523943e-12,4.549899176720112e-13,7.954493422491412e-13,9.355763871959258e-09,9.61036210433593e-07,5
564,04:11:00,7.0746255778272524e-12,5.34165378870229e-12,3.451982298403996e-12,1.013224602336731e-12,2.631803104925592e-12,2.2274154164363226e-10,1.4208865610942052e-06,5
565,04:11:30,1.0554153326515225e-11,3.3093631358973244e-12,2.330902184269483e-12,7.100081002918781e-13,1.709658012445453e-12,6.613125399194633e-10,1.1303812085578364e-06,5
566,04:12:00,1.0032942018069008e-11,1.85107757505232e-12,1.953175002813967e-12,4.17720722165873e-13,1.1111534357321498e-12,3.6711506609693206e-09,9.15322934653329e-07,5
567,04:12:30,1.568513408976294e-11,1.1808944871191292e-12,1.4280385530321982e-12,3.461048905196364e-13,6.389697519522548e-13,6.040704798202449e-09,1.3019193212366333e-06,5
568,04:13:00,8.131166073240158e-12,5.026566803850005e-12,4.04985414375561e-12,1.3437544280876465e-12,2.013479486531978e-12,8.008295688545338e-10,1.4395452185263635e-06,5
569,04:13:30,5.355138314890931e-12,3.4067918438742765e-12,3.931174102097802e-12,1.4575421601998837e-12,2.4313542429983327e-12,2.327493086507068e-10,1.0795163935979433e-06,5
570,04:14:00,8.839036508469197e-12,3.3034912144412636e-12,3.840517641494634e-12,8.370560048184102e-13,2.1622147877907797e-12,2.2681281839791224e-10,1.3654856521174031e-06,5
571,04:14:30,8.734974867536962e-12,3.2333447885804913e-12,2.8265540764552795e-12,6.768983788226728e-13,1.4907599129748259e-12,2.3273592792084837e-10,1.1484896709377518e-06,5
572,04:15:00,7.502773838088095e-12,3.2635522335677468e-12,3.702511017240562e-12,7.880836230963063e-13,2.125292694369991e-12,1.4950532531652205e-10,1.102019861566347e-06,5
573,04:15:30,1.2266741831166348e-11,1.978059550597447e-12,2.343547629864681e-12,7.476182484529175e-13,2.52854232060892e-12,1.4811250632582862e-10,9.427722816543878e-07,5
574,04:16:00,1.156280356273529e-11,4.035172712525889e-12,4.359067512698445e-12,9.434672628367379e-13,1.9197720921281672e-12,2.1501347568272074e-10,9.249884961212311e-07,5
575,04:16:30,3.664077776314874e-11,3.2317807648145764e-12,2.0117044965336497e-12,5.235863869484403e-13,1.501674000116812e-12,3.3424175845973976e-09,1.0608440850758186e-06,5
576,04:17:00,2.920732026158414e-11,2.2182616480926383e-12,1.9613776023473763e-12,4.31566317990565e-13,9.947088702178965e-13,4.483366382184364e-09,1.1525741077514647e-06,5
577,04:17:30,1.4024427417027361e-11,1.7968418967724183e-12,1.484211518212236e-12,3.7037123357159525e-13,7.299824328153265e-13,1.2203825358400986e-08,9.883748590221725e-07,5
578,04:18:00,7.450986087357732e-12,2.8625674436304606e-12,2.7458806276931e-12,8.34201356482417e-13,2.318068009745822e-12,4.012985072908905e-09,1.5601475773407497e-06,5
579,04:18:30,6.673179259999636e-12,1.7901525174203092e-12,2.0043302399230923e-12,7.258803836156685e-13,1.1206141873670368e-12,1.6254937510139038e-10,1.426388462953101e-06,5
580,04:19:00,9.218920499186399e-12,2.465796616902282e-12,2.0093417165099307e-12,5.664786460148225e-13,1.1866613433528365e-12,6.5548651262804005e-09,1.7033960228163081e-06,5
581,04:19:30,1.1816363747972057e-11,2.1381314078738748e-12,3.296776269134506e-12,5.999800133589891e-13,9.007065244667923e-13,7.215222104169986e-10,1.516674656845081e-06,5
582,04:20:00,1.1957007254513388e-11,1.7617276341956809e-12,1.8289631867183678e-12,4.750114689513759e-13,1.1070347165734775e-12,2.7099145295765943e-09,9.204396481624268e-07,5
583,04:20:30,7.784348741631088e-12,2.120459376436989e-12,2.5614121302131367e-12,5.086239973914938e-13,1.1720980909818564e-12,1.3078787092152693e-09,1.4310922976973875e-06,5
584,04:21:00,1.3228993626262714e-11,2.5781955396544484e-12,1.9584864512454598e-12,5.907221116589068e-13,1.3919184517464456e-12,3.4679411885587813e-09,1.1869230822319639e-06,5
585,04:21:30,5.958987225649244e-12,2.5550243933943855e-12,3.302029518956184e-12,1.1908372586865573e-12,2.288473146406615e-12,8.111886389737681e-11,1.156261539070811e-06,5
586,04:22:00,8.228408962271649e-12,3.511058194242998e-12,3.347485257433428e-12,1.3239733579017815e-12,2.488904402957314e-12,5.520289645181476e-10,2.2643335801875106e-06,5
587,04:22:30,9.86383867160333e-12,3.5615841056651647e-12,3.1483060827288797e-12,6.782490874689509e-13,2.546889905835948e-12,4.047485922860776e-10,1.4878855165983053e-06,5
588,04:23:00,1.1122353825881555e-11,2.677395610227055e-12,1.8016492797716236e-12,5.790968762692679e-13,1.7928002696787699e-12,2.2671198792425975e-10,1.6768387809262856e-06,5
589,04:23:30,1.4719745508042936e-11,2.5836432708956683e-12,1.7299166746489386e-12,4.65803380728069e-13,9.890588219531319e-13,4.009531450513206e-09,1.6773818456041614e-06,5
590,04:24:00,7.961573357218564e-12,2.322000958469701e-12,2.7287352751182206e-12,8.289668558817069e-13,1.8446597219197953e-12,3.7775605974086615e-10,2.4837183805011964e-06,5
591,04:24:30,9.74087475217902e-12,2.4706276709822273e-12,2.420750073311834e-12,8.366014295569116e-13,1.9036436588019443e-12,1.366611989918185e-10,1.822067754845566e-06,5
592,04:25:00,1.2124259992118264e-11,3.2242475955501843e-12,2.1699850151316227e-12,7.286352686562864e-13,2.562553903444206e-12,2.0120607436416592e-10,1.699935752184712e-06,5
593,04:25:30,2.144839769697839e-11,2.8555494708652323e-12,1.7783744448495136e-12,5.279300087616109e-13,1.9411998335495617e-12,6.087161390911069e-09,1.9195889266500657e-06,5
594,04:26:00,8.571941420002898e-12,2.41526024820559e-12,2.628942555000334e-12,6.419268300051207e-13,1.0198249279669549e-12,5.918588335108947e-10,1.585948208870499e-06,5
595,04:26:30,7.447247052846768e-12,2.4268662982893538e-12,2.0779534316283364e-12,4.617497400120085e-13,1.1311974535682992e-12,1.3778277883536195e-09,1.6399880495403142e-06,5
596,04:27:00,1.0667160733496517e-11,1.7404105540590057e-12,1.6014694861603725e-12,5.880091610454934e-13,1.13247854839684e-12,2.0114943968724514e-10,1.514352634099474e-06,5
597,04:27:30,1.5265720664143427e-11,3.0433557290219396e-12,4.070049070792464e-12,1.0317918443001804e-12,2.007204325256206e-12,6.968524096675219e-10,1.7441852781457076e-06,5
598,04:28:00,2.2444910906543147e-11,2.4422736529230236e-12,2.1393532792531475e-12,4.638339234078329e-13,1.141127904560426e-12,6.620078292120432e-09,1.7711915621444437e-06,5
599,04:28:30,8.939338717817491e-12,4.562741658354532e-12,2.093730118305343e-12,8.022644061123669e-13,1.4778048674301118e-12,2.2981658340781006e-10,2.026318481819246e-06,5
600,04:29:00,1.0441376858440754e-11,2.4846614242285414e-12,1.8562840453189645e-12,5.423030739515828e-13,1.3526719531094776e-12,1.2901406453313843e-10,1.9509896644692684e-06,5
601,04:29:30,1.2667273348113981e-11,3.0513418020017206e-12,2.4534557260196935e-12,6.621898928714951e-13,1.8753283591791276e-12,2.872151262640334e-10,1.8374567800904692e-06,5
602,04:30:00,1.2014117008593283e-11,3.29279003816502e-12,3.734470550558533e-12,1.1722977139193745e-12,3.0994784939661807e-12,5.099141613579483e-09,2.422880255378744e-06,1
603,04:30:30,1.1359791680166323e-11,3.5364523401189016e-12,2.1629206771756302e-12,6.157864441327944e-13,1.4442882613404942e-12,5.886059300977216e-10,1.0764345188432861e-06,5
604,04:31:00,1.2372944974687624e-11,4.255324615787809e-12,3.665670534302472e-12,9.978377345880282e-13,1.977653729985708e-12,5.443512991291008e-10,1.4388958485811225e-06,5
605,04:31:30,1.490348852928132e-11,3.0225247136734807e-12,1.9883185397030915e-12,5.121278846669694e-13,1.2818050368149888e-12,1.4413916773263231e-10,1.2199660159641433e-06,5
606,04:32:00,1.3593840596846623e-11,3.0181846815018866e-12,2.3715208383054256e-12,6.248186785465531e-13,1.6961668437019886e-12,1.2288435190181092e-10,1.2190175397591468e-06,5
607,04:32:30,1.9963257410539626e-11,4.837622151916041e-12,2.4143939770695756e-12,7.347321076426852e-13,1.699698148217934e-12,2.9757289396432563e-10,1.0770671919048388e-06,5
608,04:33:00,8.821956280234682e-12,3.402669943197314e-12,3.4271448192177117e-12,8.127514427609825e-13,1.867474974537328e-12,5.779278245471332e-10,1.2149355788653196e-06,5
609,04:33:30,6.384791254010698e-12,4.165179813362847e-12,4.484822341388262e-12,8.980380500692655e-13,1.5912914625229777e-12,9.865337400873044e-10,1.2689767397040551e-06,5
610,04:34:00,6.965930471537643e-12,5.009767298486011e-12,6.71642780960281e-12,8.139609575017435e-13,1.829243122776558e-12,4.795519057529363e-10,1.2065863295452132e-06,5
611,04:34:30,4.8635482393253776e-12,1.7450278172376281e-12,3.756812995355801e-12,7.420989891150018e-13,2.063561224312779e-12,2.167030496794316e-09,2.483369868674909e-06,0
612,04:35:00,8.10611940398748e-12,2.686977102790445e-12,6.666710978519639e-12,9.09326820999795e-13,1.554606396741878e-12,2.08800782094319e-09,3.0628005155532845e-06,0
613,04:35:30,1.8908114493386914e-11,1.0033769008368699e-11,1.2035582293375272e-11,1.2977166229481614e-12,3.957862653318226e-12,1.7241079499930243e-09,3.067171049899214e-06,0
614,04:36:00,9.334993151814747e-12,7.5165970914439e-12,8.282186738082465e-12,9.778075163563843e-13,1.7482137271051991e-12,1.5761352591107156e-09,3.0245650051629228e-06,0
615,04:36:30,8.170439672541525e-11,8.185250467137216e-12,1.075407525627452e-11,1.616085772632756e-12,3.4327868784738946e-12,5.119569217126256e-09,3.4985080390856737e-06,0
616,04:37:00,8.881652619702935e-12,2.949867411780369e-12,8.810188302076456e-12,1.2409303158970947e-12,3.7276679701225675e-12,1.6328339525942248e-09,2.4272058275281334e-06,0
617,04:37:30,5.989022475436679e-12,3.929921798243722e-12,6.593073268504434e-12,1.098964218007944e-12,2.2740203208537812e-12,1.906516438784697e-09,1.436213449657931e-06,0
618,04:38:00,8.53590726461716e-12,7.970470991408836e-12,1.0208749719042736e-11,9.494573160673801e-13,1.3655228734545147e-12,1.8302805257428284e-09,1.4616940210084832e-06,0
619,04:38:30,1.65672140040735e-11,9.07932324421046e-12,1.1379028419050747e-11,1.0363003816659464e-12,2.260931917588677e-12,1.8386688590101327e-09,1.5648848849328597e-06,0
620,04:39:00,8.939028016294718e-12,6.9157440175437165e-12,1.1493984474368715e-11,1.1551497637630887e-12,2.187172970686836e-12,1.2088216676286282e-09,1.4714964898991849e-06,0
621,04:39:30,6.282125027493059e-12,3.4277259450398576e-12,5.91545867228261e-12,9.97370747535465e-13,1.6866086824641558e-12,1.0153103727096068e-09,1.5050906731399366e-06,0
622,04:40:00,6.402048242224276e-12,6.874469664988674e-12,8.616874579557169e-12,1.0715672430076937e-12,2.104314742411849e-12,1.0924733592173795e-09,1.5986394606997636e-06,0
623,04:40:30,4.11381139243535e-11,5.452345450879401e-12,7.441490589603813e-12,1.0438651511476447e-12,1.986880534064156e-12,3.335907290868384e-09,3.0031092729487987e-06,0
624,04:41:00,2.8716954546417177e-11,5.3847393051412045e-12,7.455797437279602e-12,9.654939771150185e-13,1.2971559623691883e-12,1.691911047770891e-09,3.354363536824946e-06,0
625,04:41:30,1.36852434470989e-11,8.914583598652275e-12,1.4744507107008905e-11,1.2494372435176378e-12,4.269654070981778e-12,2.7349885794053892e-09,3.394139959471552e-06,0
626,04:42:00,1.015019652456786e-11,6.118475561809758e-12,8.106848681050838e-12,8.451414240023682e-13,1.4839100830707476e-12,1.2645434767347426e-09,3.2171654456280633e-06,0
627,04:42:30,6.679594796740429e-12,2.8026887398150816e-12,4.567023008060289e-12,1.0469648862708104e-12,2.190522662913528e-12,1.7798330281884102e-09,2.9719462935342702e-06,0
628,04:43:00,5.417200895802673e-12,3.2836709039559355e-12,7.454742706491327e-12,9.79397263321095e-13,1.7222362044093654e-12,1.8424099662891126e-09,3.1322930879958944e-06,0
629,04:43:30,8.598320529927682e-12,5.7248205777995756e-12,9.665651243710845e-12,9.084284588160013e-13,1.7217805626496533e-12,1.9065193792591178e-09,3.1107958739967457e-06,0
630,04:44:00,5.50440135294769e-12,3.5332152994513275e-12,7.300248597300594e-12,1.0759493502137978e-12,1.547849091970582e-12,7.456508975239651e-10,3.1625549934483876e-06,0
631,04:44:30,5.369211360001546e-11,6.733016605704237e-12,1.1355940121460785e-11,3.3358877125363868e-12,3.644035474324512e-12,1.6027014550035734e-09,3.326114095466062e-06,0
632,04:45:00,8.487686581046126e-12,5.5975700602442045e-12,7.535144376375265e-12,8.389500364571049e-13,1.3853562170778074e-12,1.3666660413287583e-09,3.16171794755423e-06,0
633,04:45:30,8.332848137577175e-12,3.182194568264338e-12,6.772417018964328e-12,1.0689361219912716e-12,1.568253902878773e-12,1.484646047646634e-09,3.2725964717055452e-06,0
634,04:46:00,1.1267393902704082e-11,4.0396182047386405e-12,6.374587853365092e-12,9.613524914540713e-13,1.971971714117697e-12,2.5446886762051552e-09,3.465861092497433e-06,0
635,04:46:30,8.895013616500783e-12,4.512962507944509e-12,7.467897668322363e-12,1.1692145689931544e-12,2.9194962972140247e-12,8.969131506317422e-10,3.447853716943741e-06,0
636,04:47:00,2.6882861245870747e-11,2.373351724318958e-12,6.96794008923416e-12,1.0044340610461722e-12,1.64102524523282e-12,2.3310228529281765e-09,3.5296999207059227e-06,0
637,04:47:30,1.0118662076642007e-11,2.5259797332406608e-12,3.906827175965221e-12,9.165279606693174e-13,9.946960776161323e-13,5.742479456464162e-09,3.60192495742771e-06,0
638,04:48:00,1.238466423802398e-11,5.70959557213537e-12,1.536516489881702e-11,1.25460958367502e-12,2.658663862645714e-12,2.213602558601e-09,3.5754258236655285e-06,0
639,04:48:30,6.756859744938998e-12,6.722500852902349e-12,5.198536803299458e-12,9.58323148769489e-13,1.3606392989312012e-12,2.5667817192485684e-09,3.579023638131692e-06,0
640,04:49:00,6.454239482534341e-12,4.3828962286742766e-12,6.455609973695964e-12,9.401315395158014e-13,1.5056778193017463e-12,1.04275858608071e-09,3.6221688308370786e-06,0
641,04:49:30,8.836639760922562e-12,4.7046694513043585e-12,5.592464112353295e-12,1.124831595892411e-12,2.429821148584257e-12,2.17463799066496e-09,3.554674745376315e-06,0
642,04:50:00,9.213987278939701e-12,4.2201170336844165e-12,6.965866243501404e-12,9.436977618434289e-13,1.3687757469206824e-12,2.1232619001290126e-09,3.549840953731798e-06,0
643,04:50:30,7.738638506935408e-12,8.633859221996327e-12,1.2797979048684563e-11,1.1574270389409518e-12,3.5182763266074096e-12,1.3821691913962744e-09,3.5476710425891014e-06,0
644,04:51:00,7.231553821992605e-12,2.0813561103700848e-12,3.704077390039557e-12,8.453657605922993e-13,9.435588180788809e-13,2.135835305463167e-09,3.5816181983695002e-06,0
645,04:51:30,2.967655230381103e-11,5.497646797577305e-12,1.1483303984878447e-11,9.1661700518277e-13,1.2053058195480993e-12,2.3954694190031073e-09,3.5363865278032304e-06,0
646,04:52:00,9.271550179695977e-12,6.090126181727739e-12,1.0315994828833629e-11,1.1187777828438342e-12,3.2345322015619694e-12,3.952559864773036e-09,3.5607598050174197e-06,0
647,04:52:30,8.886203778258264e-12,5.7819211661399295e-12,8.825749272756487e-12,7.779147563420323e-13,1.270086641707075e-12,2.3853515818599427e-09,3.330165535653303e-06,0
648,04:53:00,8.490385316922967e-12,4.8083302736341395e-12,8.541020833044452e-12,9.682404093709742e-13,2.508073844500578e-12,3.4639814896689955e-09,3.1258153829633576e-06,0
649,04:53:30,6.722618089035287e-12,6.734874850452883e-12,1.0962595199318334e-11,1.3282637058615938e-12,2.7721631273565834e-12,2.2126497097961946e-09,3.164037342726315e-06,0
650,04:54:00,7.890372038241062e-12,4.6829040373504274e-12,8.782804959340979e-12,1.0098357231623147e-12,1.84308624150436e-12,2.053289843067987e-09,3.1074440421155548e-06,0
651,04:54:30,6.311606464526771e-11,5.613246045864856e-12,6.539470850780706e-12,1.319201297026957e-12,1.9461532482030967e-12,3.583338729714924e-09,3.4080242877196294e-06,0
652,04:55:00,3.89156219056772e-11,5.8784140345451785e-12,8.362239181879191e-12,9.258093133124368e-13,2.364301711271788e-12,3.6083012873668027e-09,3.3560232819855544e-06,0
653,04:55:30,7.950912152681431e-12,6.150105025313334e-12,1.1072400159066773e-11,1.0787225786893376e-12,1.87156329313342e-12,3.1082086950296292e-09,2.832693576768831e-06,0
654,04:56:00,5.875259698211718e-12,2.3024905317666283e-12,4.266441175035154e-12,9.695285765637841e-13,1.5099746200584042e-12,2.350113656324883e-09,3.042318856170739e-06,0
655,04:56:30,5.980445167422794e-12,2.8587670536931133e-12,8.310282054361201e-12,1.0485550393993609e-12,1.6901578068478832e-12,2.7871581870936014e-09,3.1149113052087786e-06,0
656,04:57:00,9.030681028427277e-12,6.5229921339360385e-12,9.369077686453436e-12,1.3668703884331684e-12,2.6069573112580336e-12,1.873458981451139e-09,2.8242932152101403e-06,0
657,04:57:30,7.319829885456847e-12,5.683317281814429e-12,7.617108489191011e-12,1.0309021027656745e-12,1.67997897394935e-12,1.3271093941283992e-09,3.120497762426581e-06,0
658,04:58:00,9.443014206919749e-12,5.134901857941291e-12,6.705618953266161e-12,1.1642196702936693e-12,2.2533147118513475e-12,1.1085977069698302e-09,3.2145893207908902e-06,0
659,04:58:30,1.1021637188435344e-11,5.413970359407501e-12,1.043535032703441e-11,1.3535335411968327e-12,2.658035921632826e-12,1.5755807907531135e-09,3.085299944028127e-06,0
660,04:59:00,7.277310848025681e-12,4.736714742472809e-12,7.930420460326207e-12,7.69505540392611e-13,1.3007121175901993e-12,2.6522011768238534e-09,2.566611758807783e-06,0
661,04:59:30,7.900563615127891e-12,2.861638789023481e-12,6.445553063893933e-12,8.718521298776989e-13,1.5199255202680753e-12,1.1027654414731473e-09,2.6362848974736776e-06,0
662,05:00:00,1.0132325760174816e-11,2.6265468825034084e-12,5.373083004453542e-12,8.43152352719105e-13,1.4786834307041035e-12,3.913375134486798e-09,2.5070904852837304e-06,0
663,05:00:30,9.825489495855528e-12,6.86516229743442e-12,1.3220626336515171e-11,1.3731406055758226e-12,3.669131165246236e-12,1.952531496507691e-09,2.681869259400146e-06,0
664,05:01:00,6.507754302085586e-12,3.78658537465192e-12,5.797099509230797e-12,9.098239844482075e-13,1.1762773716930236e-12,7.581654817206223e-10,2.687337144377144e-06,0
665,05:01:30,6.1164641980152334e-12,2.0945532462534333e-12,5.2752754929590854e-12,8.908588287001135e-13,1.4239993609601548e-12,2.4886635564891904e-09,2.8884671246888607e-06,0
666,05:02:00,9.113972307182424e-12,2.7526933539945408e-12,1.3647826216244767e-11,9.435232481507362e-13,1.5893967560949852e-12,2.498090350120086e-09,3.000621449285311e-06,0
667,05:02:30,8.422008152962167e-12,5.698252468307212e-12,9.953591033295991e-12,9.297310690528662e-13,2.150853039655167e-12,2.2919493159022763e-09,2.929876324782099e-06,0
668,05:03:00,6.1061633988563306e-12,5.7552947683041476e-12,7.085614603787235e-12,9.893909639132292e-13,1.7655608605568892e-12,9.612971180868985e-10,3.0060619217945768e-06,0
669,05:03:30,7.657596683563742e-12,3.040354771452596e-12,4.25941656307569e-12,9.355020238525124e-13,1.321993350977451e-12,1.1014199002693332e-09,3.3441152423008664e-06,0
670,05:04:00,7.521331247495683e-12,6.970648057061506e-12,1.784617314411694e-11,9.68073357995547e-13,2.216695025392378e-12,1.5761989496830613e-09,3.2654390564344236e-06,0
671,05:04:30,6.945638246050273e-12,3.787128793696274e-12,5.05124889958037e-12,8.789308180579145e-13,1.844002808734473e-12,1.0319320061750565e-09,3.2764070511959652e-06,0
672,05:05:00,6.1911903226186e-12,2.784578432890448e-12,4.9780599773130376e-12,7.699648868201971e-13,1.1986493789280103e-12,1.5479384931319494e-09,3.4157400479687404e-06,0
673,05:05:30,7.054321557558715e-12,7.185571997373024e-12,6.342593160767693e-12,1.002401670737321e-12,2.8081254597123758e-12,1.1905903643179298e-09,3.308802967200873e-06,0
674,05:06:00,8.796114141080381e-12,4.017278467417428e-12,6.207019059866744e-12,8.970983332259302e-13,1.2755598591223612e-12,1.3040488087945401e-09,3.384758574342614e-06,0
675,05:06:30,6.4877995374846834e-12,3.434009270844726e-12,7.338695003365792e-12,8.486578436402329e-13,1.8952647312129278e-12,1.938938984898622e-09,3.3616741187271535e-06,0
676,05:07:00,1.0706954341702289e-11,3.535276962794796e-12,3.7301684963753115e-12,1.0521154609774151e-12,1.770826431727888e-12,1.2786952739455758e-09,3.3647785224485825e-06,0
677,05:07:30,9.55424741742247e-12,4.028143924626011e-12,9.437239784776818e-12,9.79855579236301e-13,1.8355603091158394e-12,2.02292697267648e-09,3.477319517690266e-06,0
678,05:08:00,5.204456049893153e-12,3.24080524556153e-12,6.221228161674999e-12,8.342991222858645e-13,1.3040672293471453e-12,1.4247031171436195e-09,3.4239261290424073e-06,0
679,05:08:30,7.863258551230744e-12,5.7113683536345375e-12,6.3414923290133725e-12,1.114196717195163e-12,2.233796558924282e-12,1.091886036511447e-09,3.3709373907726843e-06,0
680,05:09:00,7.936444677405172e-12,4.269125023696737e-12,1.3462511092958701e-11,1.1139071128102713e-12,2.5109253533088136e-12,1.3889834661103542e-09,3.490801784641582e-06,0
681,05:09:30,7.1642804004911596e-12,3.832506882207688e-12,8.752837989422485e-12,9.556664133465998e-13,2.5996678935783343e-12,6.945782444486334e-10,3.401634156606573e-06,0
682,05:10:00,5.0996470739681e-12,2.7207925121737928e-12,6.362209232917222e-12,8.406378788804022e-13,1.101357275638376e-12,9.510795622445245e-10,3.4535830508831246e-06,0
683,05:10:30,1.1338808804368921e-11,4.643436794957114e-12,1.1672798508168182e-11,9.90763933140563e-13,2.0904487444262057e-12,6.474082153380385e-10,3.5238320882771818e-06,0
684,05:11:00,6.41656900357329e-12,6.16127591919629e-12,8.321644642065106e-12,1.0677617212565504e-12,1.7527606113347556e-12,1.761726489512408e-09,3.5136877316477367e-06,0
685,05:11:30,6.361541093669601e-12,3.008877109803647e-12,4.034357851318151e-12,8.712100606912133e-13,1.014549831494318e-12,1.498023428759982e-09,3.4678595567142035e-06,0
686,05:12:00,7.563818688258473e-12,6.1141028699750874e-12,1.5539764083765975e-11,1.3037259240873e-12,2.9935633398788332e-12,2.293477704174015e-09,3.4933838525260673e-06,0
687,05:12:30,4.730558508186333e-12,6.061543533843924e-12,7.704587446787439e-12,1.0594563411261873e-12,2.0050426176657975e-12,1.4470568856135032e-09,3.3993337253715807e-06,0
688,05:13:00,8.309296349668975e-12,5.535497103298051e-12,1.0891144571182342e-11,1.0417518106430705e-12,1.420399204301903e-12,2.2668406467268196e-09,3.5579794946180245e-06,0
689,05:13:30,7.776216575470426e-12,4.443184636239169e-12,7.550869468446653e-12,1.0373514937469607e-12,2.032471906723135e-12,1.869915352589569e-09,3.445597413574408e-06,0
690,05:14:00,1.6361775335480694e-11,5.09964923245186e-12,8.884032729567895e-12,1.1603154147692644e-12,1.8834954199843685e-12,9.692355588369554e-10,3.4555729873155146e-06,0
691,05:14:30,9.094112536813656e-12,4.936117132268251e-12,7.36786103025455e-12,6.939442817638794e-13,1.0839100521753275e-12,1.93438216146826e-09,3.4629284113082643e-06,0
692,05:15:00,1.1472458927202735e-11,3.6821433980559844e-12,4.721028961459159e-12,8.31230988591206e-13,1.4499898169518996e-12,7.375101638749665e-10,3.4865059658902023e-06,0
693,05:15:30,5.124623561305099e-12,3.308358728599724e-12,6.094343090410077e-12,8.102930232078222e-13,7.085691352079115e-13,8.359863396208055e-10,3.5133726978527526e-06,0
694,05:16:00,8.555779381891169e-12,5.819950944204792e-12,3.555834897467828e-12,8.12585688339571e-13,1.380314896411086e-12,7.330225147226037e-10,3.4454197617316976e-06,0
695,05:16:30,5.362255126256037e-12,6.063685900264464e-12,1.0576672039008822e-11,1.141529727119973e-12,3.03179684915884e-12,1.3054363883881695e-09,3.4739251746234505e-06,0
696,05:17:00,1.1506736992372255e-11,5.195655933616208e-12,7.923476769927497e-12,7.321732612313458e-13,1.1888909285004839e-12,6.23295617029093e-10,3.481418447169401e-06,0
697,05:17:30,1.1217273403976185e-11,6.102788589159135e-12,6.758985267119879e-12,8.681140344008447e-13,2.1715695205256693e-12,1.4584842882545246e-09,3.3812016492079134e-06,0
698,05:18:00,8.41334635283298e-12,3.7250404827640735e-12,2.871676157503869e-12,7.350144332947719e-13,1.4438498857421514e-12,7.923813454960562e-10,3.4719985592640044e-06,0
699,05:18:30,1.0897795171741345e-11,5.268715933329839e-12,5.006076170392906e-12,7.313402830678124e-13,1.7101128990778188e-12,5.288492507524277e-10,3.5454087992921436e-06,0
700,05:19:00,1.161698782511376e-11,4.192208504552642e-12,3.9337471072139255e-12,8.223656686925026e-13,2.08685129715546e-12,4.0325915691467524e-10,3.399972129259738e-06,0
701,05:19:30,1.660756879816246e-11,4.658908418798387e-12,3.1767749307246472e-12,7.796284896202116e-13,1.5030319020439758e-12,7.592219943525173e-10,3.259926069698245e-06,1
702,05:20:00,1.1146219876317666e-11,3.506688043643928e-12,2.5951939137578293e-12,7.66726561662179e-13,1.6876226270712424e-12,3.634918849071463e-10,3.3173022605176724e-06,1
703,05:20:30,1.3990892779689814e-11,5.0590455153354566e-12,3.2073734781716797e-12,7.180206272509645e-13,1.7903649690950526e-12,8.51384374858833e-10,3.4525181459182854e-06,1
704,05:21:00,2.8182660499164972e-11,5.189798109677281e-12,2.3398399541502844e-12,5.392291348566939e-13,1.86913153074146e-12,2.981739988332932e-10,3.2920715132696793e-06,1
705,05:21:30,2.0440402526630665e-11,4.075068841726738e-12,3.9478479917711936e-12,5.214511986979678e-13,1.5527506451157436e-12,2.4340621651746106e-10,3.1726923512974776e-06,1
706,05:22:00,1.2330395733321554e-11,3.80427548635574e-12,2.141607075853485e-12,6.50459146825441e-13,1.8791466661614183e-12,2.3564492861726117e-10,3.4225141469451407e-06,1
707,05:22:30,1.5157102603390753e-11,3.4587730803827574e-12,3.933783434834593e-12,5.517328181387917e-13,1.394164647895923e-12,1.7460891406125555e-10,3.1959283747699017e-06,1
708,05:23:00,1.8916212622674357e-11,2.7307816866806485e-12,2.4383500738120596e-12,4.307079359698487e-13,1.0512947153045968e-12,1.0980171966228195e-10,3.2451234263377325e-06,1
709,05:23:30,1.772701336073581e-11,2.70713350407047e-12,1.901487608372735e-12,3.864438848307478e-13,9.27934725321854e-13,1.8050508499384108e-10,3.3286053447385857e-06,1
710,05:24:00,2.0667356447842893e-11,3.3898531598478626e-12,1.811380322843548e-12,4.2317996616058854e-13,1.0450155827379535e-12,1.110043747131684e-10,3.0765286377097354e-06,1
711,05:24:30,2.0123168781371115e-11,5.3965582386136755e-12,3.3688087591280808e-12,8.739272863784195e-13,1.920774753900175e-12,1.8456066255001089e-10,3.0413874830233135e-06,2
712,05:25:00,1.68824834258894e-11,3.365338781261823e-12,2.273948156512449e-12,4.2690756879645076e-13,1.2803255492051294e-12,1.7332660946059506e-10,3.1348513157667604e-06,2
713,05:25:30,2.0338305442958422e-11,5.36162767564124e-12,9.764829121182657e-12,3.1768710028388085e-12,4.202324983786702e-12,4.238840834947294e-09,3.327782968174981e-06,1
714,05:26:00,1.8175201664720154e-11,1.774378416741753e-12,1.609399256742703e-12,5.378786144977971e-13,1.6668169618720312e-12,6.401550570725788e-10,2.840461597674592e-06,1
715,05:26:30,1.3100620535967257e-11,2.0046923961635826e-12,1.8211851436933527e-12,4.429402661746765e-13,1.325840921058607e-12,2.499269890406019e-10,2.861233917074178e-06,2
716,05:27:00,1.716963671172509e-11,3.4458844994737936e-12,2.517109849305266e-12,4.4471422945975225e-13,1.3408741386324439e-12,2.5704395995559605e-10,2.774887326355979e-06,2
717,05:27:30,1.3888843569787682e-11,2.1686825547455173e-12,2.162317770643931e-12,4.0982644955496557e-13,1.1707441979141697e-12,1.2095511325342224e-10,2.280810117291732e-06,2
718,05:28:00,1.3138254269476185e-11,2.9315900829449168e-12,1.7468932111546772e-12,3.867688731491337e-13,1.1770033489826937e-12,1.1470071336406392e-10,2.770866411875776e-06,2
719,05:28:30,1.3203259053637274e-11,2.9462875149254613e-12,1.859941541689856e-12,4.5186727548030155e-13,1.848828805257357e-12,1.3269023932242944e-10,2.877298531712276e-06,2
720,05:29:00,2.5490221001042974e-11,3.233343569107625e-12,2.3275339657555153e-12,5.856544043393217e-13,2.965268323218236e-12,1.0992048220680677e-10,3.0133766026541045e-06,2
721,05:29:30,2.135497916355366e-11,3.3480521785730245e-12,3.3325150439469435e-12,4.0324458136879546e-13,1.4002377034630423e-12,1.5315721014103393e-10,2.9946653781280607e-06,2
722,05:30:00,1.4863070677645725e-11,2.428912144297514e-12,1.6953068960434134e-12,3.9197329537336833e-13,9.607730958916555e-13,1.0678982363340874e-10,3.0474615373665363e-06,2
723,05:30:30,1.845603873352164e-11,4.239387584689366e-12,3.886008363285573e-12,4.397596166314693e-13,1.7279128390045622e-12,1.388590439985628e-10,2.9620085133441436e-06,2
724,05:31:00,1.2779529651509059e-11,3.1741996684744184e-12,2.5487805815826253e-12,4.679469201025224e-13,2.3286534236387803e-12,9.763225116117748e-11,2.9963208030193676e-06,2
725,05:31:30,1.5451158516444395e-11,2.1209941060570246e-12,1.674187784671004e-12,2.600363114429238e-13,7.99962484768503e-13,1.3736402793016861e-10,2.957604671865286e-06,2
726,05:32:00,1.5882741049588663e-11,2.418250463759035e-12,2.3245708894160235e-12,4.425157391385877e-13,2.187445563952682e-12,1.2960296212240747e-10,2.962184530278403e-06,2
727,05:32:30,1.9562248842129392e-11,3.646894462690289e-12,2.6110296345247854e-12,3.477713773359221e-13,1.0223089652946238e-12,1.3464458912739664e-10,2.5289336555128817e-06,2
728,05:33:00,2.915682806736314e-11,2.9985420672144907e-12,2.7501012070027972e-12,4.683626234449977e-13,2.017433756641476e-12,1.1686418749970213e-10,2.462048045715146e-06,2
729,05:33:30,1.4542007955853789e-11,3.488124136231864e-12,2.0150609714068973e-12,3.4025040013216085e-13,1.3606696986794978e-12,1.52530775407271e-10,1.9141307415497354e-06,2
730,05:34:00,1.225845880844674e-11,2.0915375035331093e-12,2.364311424212152e-12,4.647670044230233e-13,2.1452462791339024e-12,9.668152223756349e-11,1.973455713058608e-06,2
731,05:34:30,1.4908460621716228e-11,2.704761783133048e-12,2.2134899661115134e-12,4.5287740794089723e-13,1.8739187472590856e-12,1.0585018119045878e-10,2.068428447268396e-06,2
732,05:35:00,1.918860892575724e-11,3.1841550596480598e-12,2.605910374551677e-12,3.4728282140073215e-13,1.0501702389492944e-12,1.5856715875030077e-10,1.994720432875924e-06,2
733,05:35:30,1.8566255931082866e-11,3.012509838504567e-12,2.284318274987559e-12,4.398588811099274e-13,1.4908527673797354e-12,1.2394539939102708e-10,1.991991228254416e-06,2
734,05:36:00,2.6793601604624722e-11,2.8733288778252556e-12,1.8746656127028883e-12,3.448518619149075e-13,1.612306649862749e-12,1.9509643868670412e-10,1.8985170217261433e-06,2
735,05:36:30,1.8695778588024564e-11,1.8388093076696113e-12,1.3218054530301025e-12,3.8679740517682675e-13,1.944081982793818e-12,1.0629249717161527e-10,1.6417113884906505e-06,2
736,05:37:00,1.686333331705507e-11,2.8142048000399755e-12,1.9914878764909095e-12,3.5353847598298143e-13,1.5221952369230857e-12,1.2842543266284184e-10,1.4308384658796082e-06,2
737,05:37:30,2.5678236070874675e-11,2.9604069982828976e-12,1.6176111191455333e-12,2.7619081627138654e-13,8.704283535473772e-13,1.1827058097271223e-10,1.3110189290393034e-06,2
738,05:38:00,2.1813667167409792e-11,3.100182510618728e-12,2.307894451206361e-12,3.3036554265419005e-13,1.21024872915918e-12,1.281851987689282e-10,1.2174887661842152e-06,2
739,05:38:30,3.4678191933223376e-11,4.5891646281896396e-12,4.594637131416231e-12,5.127012983245736e-13,1.6052953002608308e-12,2.161576272640395e-09,2.4815109483430752e-06,1
740,05:39:00,1.088033884999998e-11,2.083563580618216e-12,2.024845285078791e-12,4.116109459007594e-13,1.5450242570879881e-12,1.3649594877262509e-10,1.4706407848004045e-06,2
741,05:39:30,1.482689101357071e-11,2.6302704402423736e-12,3.133648836390338e-12,4.0278389044548176e-13,1.2748787394723326e-12,1.4135466477782493e-10,1.1764858401543328e-06,2
742,05:40:00,2.827316044931104e-11,3.680581865724027e-12,1.7560591685593391e-12,3.462004289511725e-13,1.1744112765848829e-12,2.0690622764303226e-10,9.853500676778698e-07,2
743,05:40:30,9.525640853198749e-12,2.532640515985882e-12,1.7080262646118157e-12,3.728357644769205e-13,2.029750558500632e-12,9.431996110012427e-11,9.25492431970885e-07,2
744,05:41:00,1.593802471002978e-11,2.629822005853226e-12,1.4033205696732378e-12,2.564991433062586e-13,8.225151430442373e-13,1.663837572678768e-10,9.048722334278809e-07,2
745,05:41:30,1.73551330484902e-11,3.2827922692444814e-12,2.1729995735600727e-12,3.70330204536334e-13,1.848085051854602e-12,1.498640270744158e-10,9.281270254754864e-07,2
746,05:42:00,3.164774037097884e-11,3.498418192456337e-12,2.5106000214522097e-12,2.607211675360861e-13,6.219806729738489e-13,1.574512735138951e-10,8.858667273251699e-07,2
747,05:42:30,1.857527700940501e-11,2.9595599540435423e-12,4.053124639560179e-12,3.153018064022457e-13,1.448103792011294e-12,2.849657795701294e-10,9.393346828928522e-07,2
748,05:43:00,2.4865534528019675e-11,2.8005423984558984e-12,1.2594227116629886e-12,2.583755191282116e-13,9.54715926557501e-13,1.8015077664660683e-10,7.950025081845884e-07,2
749,05:43:30,2.187692535090636e-11,2.6340281763969804e-12,1.3546407550813459e-12,2.544820361519979e-13,1.092768384644665e-12,1.6867740356433876e-10,8.740585367479549e-07,2
750,05:44:00,2.2483464785016188e-11,2.7065648673256987e-12,1.3576177626070716e-12,2.58162582531457e-13,8.252928533638357e-13,2.2987829630535011e-10,7.958743036614625e-07,2
751,05:44:30,2.930580904105237e-11,3.2384490592182216e-12,2.631008227662534e-12,2.789985711806812e-13,9.929809025345818e-13,2.494787695261035e-10,8.035007755539936e-07,2
752,05:45:00,2.2135171239377343e-11,2.445623550545548e-12,1.5817714183616904e-12,2.5632216892175797e-13,1.1702083676458179e-12,1.9644979148038756e-10,8.3409705770362e-07,2
753,05:45:30,2.2613052394992906e-11,3.748112164207963e-12,1.4089279933131192e-12,2.3914917132352647e-13,8.231806893197613e-13,2.3888670139373235e-10,8.201322083033625e-07,2
754,05:46:00,2.820968295836064e-11,3.4728144693989522e-12,1.3401313856278825e-12,2.0053347078316197e-13,6.166888132833051e-13,3.657882041173027e-10,8.839059425298679e-07,2
755,05:46:30,2.7260843665199575e-11,3.760060894525215e-12,1.800352259282155e-12,2.061600044075861e-13,6.537358461071526e-13,2.515916873005609e-10,8.773381594109941e-07,2
756,05:47:00,3.087795256771442e-11,3.746715608487801e-12,1.8231268939298554e-12,2.2594109551540933e-13,7.234936060709415e-13,2.1546697852010186e-10,8.203236601037234e-07,2
757,05:47:30,2.0298426666782388e-11,2.920921617571587e-12,1.526947242525285e-12,2.3509537787484944e-13,9.041603028059414e-13,2.1790759369937356e-10,8.321179120361501e-07,2
758,05:48:00,1.6651042114597055e-11,2.5931266457335344e-12,1.4810250163463062e-12,2.411537971421374e-13,8.326240789595953e-13,2.6661658783409417e-10,8.856385235208704e-07,2
759,05:48:30,1.7075417390493166e-11,2.8479920773398406e-12,1.3993336729332706e-12,2.4188166403543854e-13,7.157442371539422e-13,2.317452893060045e-10,7.588780697392063e-07,2
760,05:49:00,2.3638035230424164e-11,2.5299148027472312e-12,1.6332762955992285e-12,2.6472195558988647e-13,8.849869719214792e-13,7.53661248499726e-10,1.6988393394242297e-06,2
761,05:49:30,3.20085842644618e-11,8.698300788876031e-12,8.773346413835405e-12,6.491184439054846e-12,6.055866091446892e-12,3.778029569201955e-09,3.1499896016813747e-06,0
762,05:50:00,4.590030255114633e-11,2.7336111299357758e-12,2.626558212832083e-12,4.3158465215006604e-13,1.3994485152278337e-12,3.1107552911229284e-10,2.4667273847113267e-06,1
763,05:50:30,1.5069740041562677e-11,2.1494048461511016e-12,1.7364142051460726e-12,4.617392512934253e-13,1.1333331027184232e-12,2.0837158245701754e-10,2.0039020123656333e-06,1
764,05:51:00,1.1074880244581731e-11,2.812786874871431e-12,2.79452408445639e-12,5.360145379394805e-13,1.7559469810772272e-12,1.7448191141990997e-10,2.089378770890674e-06,2
765,05:51:30,1.3897639209049531e-11,1.9198106786040224e-12,1.9140151638446835e-12,4.0769259437940905e-13,1.322578287224938e-12,1.5897601895855227e-10,1.9718708609344043e-06,2
766,05:52:00,1.2505364891681166e-11,2.4989391919893202e-12,1.7598068018847408e-12,5.491957500247773e-13,2.2064830512656383e-12,1.3539007289042653e-10,1.7663033719334388e-06,2
767,05:52:30,2.148953325116601e-11,2.627607686059395e-12,2.589416566722512e-12,5.27803218718173e-13,1.9934843063950078e-12,3.312058092211854e-10,1.6917618023384546e-06,2
768,05:53:00,1.8709349716315875e-11,2.9694399737869945e-12,1.3502512037809936e-12,3.0236867900244986e-13,7.723130509869991e-13,1.2993301144631975e-10,1.415317786711391e-06,2
769,05:53:30,1.610944137771957e-11,2.529856532843914e-12,1.6827939944442336e-12,4.3200308456102616e-13,1.3454963466272557e-12,1.335767497120619e-10,1.6395533980298607e-06,2
770,05:54:00,3.8715537429156015e-11,4.746200592498968e-12,5.110634474870623e-12,6.879250255940465e-13,2.285687242230532e-12,2.8253636296523824e-10,1.398244652307172e-06,2
771,05:54:30,1.3754273989475913e-11,6.838485758756837e-12,5.560022434060224e-12,7.45221820297109e-13,1.916263724279943e-12,5.316854736421733e-10,1.7986769686513456e-06,1
772,05:55:00,1.8126138131213534e-11,4.0736904011299106e-12,3.3116193843776335e-12,6.051167139654957e-13,1.9671132209148586e-12,2.1756413505238122e-10,1.7162148468744796e-06,2
773,05:55:30,1.35110855840291e-11,2.494243387255816e-12,1.627891728208254e-12,3.51949623643226e-13,1.0920912398467604e-12,1.2520444170228633e-10,1.5003318151242718e-06,2
774,05:56:00,3.1352134929982714e-11,2.996102199658407e-12,2.8009303323411484e-12,6.028181576064604e-13,2.631676973712693e-12,1.9825719526330915e-10,1.8811968762542928e-06,2
775,05:56:30,1.1031853467883595e-11,2.6587565959185228e-12,2.6707557103260605e-12,8.131034551351415e-13,4.870413189268601e-12,9.11838485423686e-11,1.4418165526989667e-06,2
776,05:57:00,1.9582624207459416e-11,2.8107358886446688e-12,1.9063033228172335e-12,3.6809746772854495e-13,1.1514999442445016e-12,1.1415789156433637e-10,1.3615081791210782e-06,2
777,05:57:30,2.6502415636322312e-11,4.300885332054845e-12,2.4370535831704297e-12,2.805568111374638e-13,6.248466729780801e-13,2.0944202298068584e-10,1.1174369548128955e-06,2
778,05:58:00,1.1958992369373673e-11,3.2799854643013674e-12,3.87169419172754e-12,5.804887813623916e-13,2.119669691516393e-12,2.01176779779838e-10,1.2335103292803571e-06,2
779,05:58:30,1.6054380582308123e-11,4.010309920529934e-12,2.9075638611027385e-12,6.31188726721121e-13,1.946020320146902e-12,2.962146280862377e-10,1.1103715559630615e-06,2
780,05:59:00,1.8237213792087653e-11,3.3590730883636875e-12,3.0113775869448316e-12,6.420025343393383e-13,2.097312839263491e-12,2.7473194306507335e-10,1.1426159492001872e-06,2
781,05:59:30,1.1331905302557994e-11,3.3403076585995944e-12,2.3001482516363073e-12,7.046683775658829e-13,2.148401286918489e-12,2.626479987545782e-10,1.3737524460749867e-06,2
782,06:00:00,1.644852541144393e-11,4.007399064787923e-12,3.3098725344639997e-12,4.795231044479899e-13,1.620349846120169e-12,1.6604560597864914e-10,1.244379099047382e-06,2
783,06:00:30,1.2838624501704684e-11,1.9751241625346912e-12,2.465231361677586e-12,4.140884822283958e-13,1.2234669843433614e-12,9.383709755946802e-11,1.249075537000871e-06,2
784,06:01:00,2.4032687163634494e-11,2.235447209466076e-12,2.0365864219317212e-12,4.420688121677534e-13,1.1307168220470414e-12,2.541405848028705e-10,1.5580680472959105e-06,2
785,06:01:30,9.228083660209678e-12,2.3487561482599262e-12,2.190937570592918e-12,5.053563728382781e-13,1.3457536209795131e-12,8.320097146028338e-10,1.010487896906844e-06,2
786,06:02:00,2.4045198072527575e-11,3.7163235453561726e-12,5.187289228334255e-12,7.820732819070155e-13,2.378069345637836e-12,3.014032117493984e-10,9.661333501101073e-07,2
787,06:02:30,7.832631676568923e-12,2.634890005224419e-12,1.698611117066712e-12,6.675764996035414e-13,1.6487154692767736e-12,1.5426385879993919e-10,1.3903414225811628e-06,2
788,06:03:00,1.2077192810974543e-11,2.5525274386299824e-12,1.9288321845840353e-12,5.180593484479558e-13,1.1670650836441418e-12,5.130195212474359e-10,9.639095607413164e-07,5
789,06:03:30,6.673266721952047e-12,1.6515845042186012e-12,2.795229115984673e-12,8.490745730978107e-13,2.1760273998606113e-12,9.664854085429172e-11,1.0329677538773857e-06,5
790,06:04:00,1.6833211944994316e-11,2.3206725686195362e-12,1.4864525990046655e-12,3.892696169459798e-13,8.343723544563101e-13,3.1263608353587814e-09,1.074197738454648e-06,5
791,06:04:30,1.036141383409377e-11,2.0956063168018643e-12,1.4092141091303143e-12,7.166181729930097e-13,1.162016113641299e-12,2.3174382490485042e-10,1.079453807501314e-06,5
792,06:05:00,1.6963022858282634e-11,1.5895221275069228e-12,1.5759182800226995e-12,4.1889027066959817e-13,8.274924628378073e-13,5.644522710223881e-09,1.3391008882737152e-06,5
793,06:05:30,4.122779011351507e-12,1.608671537489802e-12,1.6706977875293553e-12,5.13190345164011e-13,1.3297419056140191e-12,3.123292705119243e-10,1.1750241024052872e-06,5
794,06:06:00,6.3090118013801535e-12,1.7456084039562156e-12,1.853419418187922e-12,3.709228121579352e-13,9.688211182212663e-13,6.3691792540878686e-09,1.2173004761944963e-06,5
795,06:06:30,1.4091505305242192e-11,1.721997244575126e-12,1.0226149388569367e-12,3.623126513315504e-13,9.890526241974739e-13,4.0432167386756516e-09,1.1890456746990633e-06,5
796,06:07:00,1.8655498878365026e-11,1.4963192271711516e-12,1.187065867023856e-12,3.4025562481886916e-13,7.155157040203102e-13,5.024791506174464e-09,1.3045857833136702e-06,5
797,06:07:30,1.0629095996472236e-11,1.5168208425491873e-12,1.1073354736503325e-12,3.513540941987117e-13,7.255722093634442e-13,7.410006212950197e-09,1.0762961387562274e-06,5
798,06:08:00,6.729737384243669e-12,2.2835370037784735e-12,2.875566847235383e-12,7.688164943478568e-13,1.4562541088959984e-12,4.509038302809192e-10,9.583835173129298e-07,5
799,06:08:30,7.617730760137319e-12,3.190313806797015e-12,4.129365964338586e-12,1.193484270237418e-12,2.4395659230499285e-12,8.816212906035172e-09,3.035092567875787e-06,5
800,06:09:00,8.957254235946228e-12,2.2537428169394085e-12,1.653892778728288e-12,4.936326403919815e-13,9.542850945029583e-13,4.1541735878861077e-10,2.5711370972259867e-06,5
801,06:09:30,1.1132531040181408e-11,2.5800191803348304e-12,3.644247256159755e-12,9.657931344891582e-13,2.027848541686038e-12,2.175309812096228e-09,2.692650460860177e-06,5
802,06:10:00,7.124191419838698e-12,2.5914313546019026e-12,2.9179998417301433e-12,8.748388941218197e-13,1.9315010761514906e-12,2.966669397005385e-10,2.59173258462642e-06,5
803,06:10:30,6.825908285528657e-12,2.0047417283449916e-12,1.8353290970146324e-12,6.193275239880672e-13,1.0004988835486487e-12,4.1122159485978557e-10,2.4869693617717844e-06,5
804,06:11:00,9.657054102891556e-12,4.041317215447141e-12,4.468177210927459e-12,9.823975853169241e-13,2.3091929637458304e-12,3.5580319974574377e-09,2.7821046144976132e-06,1
805,06:11:30,7.081261178894874e-12,1.9930023132151487e-12,1.6231534345819776e-12,5.999234284460514e-13,9.862663522578294e-13,2.3797380749520355e-10,2.801915153394756e-06,1
806,06:12:00,1.3176113986209355e-11,2.529697110186226e-12,2.512462529509176e-12,7.044355517933838e-13,1.4069608419465911e-12,3.84981037130282e-09,2.7701893171017844e-06,2
807,06:12:30,2.657870866256032e-11,4.0680299255603215e-12,7.2127498227561484e-12,1.23755333941256e-12,3.027520253311666e-12,2.7453871771441093e-09,3.172887815636227e-06,0
808,06:13:00,1.5272368721081567e-11,4.1669289731910026e-12,4.847140950258272e-12,7.222279979775452e-13,1.2309501268858726e-12,1.5149350265001682e-09,2.867523880046652e-06,0
809,06:13:30,5.673989538254407e-12,2.9929484073991855e-12,5.275783290615995e-12,7.704779540069461e-13,1.5001807842028773e-12,1.7578673938929688e-09,2.2136018149803554e-06,0
810,06:14:00,7.446233190065329e-12,4.951025693512176e-12,5.247736186675887e-12,7.261362780125406e-13,1.6534501366591126e-12,1.5706364589991377e-09,2.6145816549233083e-06,0
811,06:14:30,7.2098338740722034e-12,3.15782457750025e-12,3.2576176313956525e-12,8.365965480965966e-13,1.9146880077318957e-12,5.926248017157311e-10,1.6073065960183972e-06,0
812,06:15:00,7.668617256503426e-12,4.1278828662619334e-12,9.649087860154806e-12,8.624519207143753e-13,2.199281456556029e-12,1.7723592481243434e-09,1.4759405745142302e-06,0
813,06:15:30,7.378819736230038e-12,5.764355457609031e-12,8.380710361087215e-12,8.196504893129795e-13,1.7028543651049915e-12,6.581811931749055e-10,1.5119787227590444e-06,0
814,06:16:00,6.816544836224173e-12,4.332384555762409e-12,6.598950465454288e-12,9.020115998835938e-13,2.2499565871252434e-12,1.1161846426824882e-09,1.8082166392745124e-06,0
815,06:16:30,4.4325337948415895e-12,3.4454643740209375e-12,4.873288798560884e-12,6.551763579653067e-13,9.747207329005136e-13,1.1570688776744717e-09,2.0557405503423457e-06,0
816,06:17:00,5.86434091455938e-11,6.9576261362372404e-12,7.526186434255686e-12,3.098431280142243e-12,3.464822790040692e-12,6.168364532776613e-09,3.4068551648360236e-06,0
817,06:17:30,2.1321630614664595e-11,5.4722043295102396e-12,1.0152255816931927e-11,1.1649306632284165e-12,3.212674176133661e-12,1.5452201481925686e-09,2.562716270403026e-06,0
818,06:18:00,7.083127611240102e-12,4.995792570733977e-12,7.251849157302636e-12,7.171470325277642e-13,1.3378415586316801e-12,1.537951288035434e-09,1.7798191857992005e-06,0
819,06:18:30,8.111535168933844e-12,3.951212294199363e-12,4.201671863187996e-12,7.301108049478752e-13,1.1401977956384782e-12,7.328770875945911e-10,1.3292318649043191e-06,0
820,06:19:00,6.730562033669942e-12,6.4829093608455406e-12,9.649872366521869e-12,1.222372282541054e-12,2.6741247531479774e-12,7.09635146322408e-10,1.517702237860601e-06,0
821,06:19:30,9.95853415779574e-12,3.8265691268705355e-12,5.421675360885087e-12,7.800186041904251e-13,1.5895014855421062e-12,5.384336996719136e-10,1.6038839444581176e-06,0
822,06:20:00,7.141484890044137e-12,3.212492286359311e-12,3.6667878241428825e-12,9.895613102382146e-13,1.4479328357934128e-12,7.070225241983361e-10,1.6624913174244742e-06,0
823,06:20:30,5.612352913550474e-12,2.4354217490150023e-12,4.311430427996825e-12,7.164010431984778e-13,1.0551309405190179e-12,7.060341756657196e-10,1.7997453330333573e-06,0
824,06:21:00,7.843304365581186e-12,2.370598540061315e-12,5.28537514599584e-12,8.345305088495066e-13,1.3150068772355312e-12,2.0262490059123295e-09,1.9265770300176376e-06,0
825,06:21:30,2.7990318677958032e-11,8.866464109869554e-12,1.6894428496163785e-11,1.5656160693011582e-11,1.259762731043188e-11,2.9628159995177387e-09,3.224340546112151e-06,0
826,06:22:00,5.94734035806869e-12,3.92364348100884e-12,7.518052625233599e-12,8.009304170978257e-13,1.5503529423306411e-12,1.4796972338936608e-09,2.844744358619963e-06,0
827,06:22:30,1.2701865750026586e-11,6.0610642847387294e-12,3.653060570098414e-12,9.55216694534719e-13,1.3751173896060899e-12,9.220950591112256e-10,2.757363354760767e-06,0
828,06:23:00,7.881965082669236e-12,4.96741071226289e-12,6.825989131979738e-12,9.552651899322403e-13,1.5428978021749411e-12,2.6621551755438964e-09,3.1126670638877904e-06,0
829,06:23:30,9.29028953950337e-12,3.834868052051596e-12,9.222513527810533e-12,1.038995779312695e-12,3.0157596991806064e-12,9.571881413771239e-10,3.346396550428641e-06,0
830,06:24:00,2.3877758734853127e-11,5.299064632246258e-12,8.080523750530717e-12,7.7024636049351e-13,2.0469559290607157e-12,3.056163559689847e-09,3.4389256385808933e-06,0
831,06:24:30,1.0218920678682262e-11,5.474531305664247e-12,1.4369205836062015e-11,8.892138327027083e-13,1.674655869023602e-12,1.40150632279567e-09,2.6479073066113788e-06,0
832,06:25:00,5.631064047387754e-12,3.709000432947936e-12,4.748817157734574e-12,7.912217311187124e-13,1.5017592273697812e-12,9.848442714872344e-10,2.580870697820523e-06,0
833,06:25:30,8.048251723250835e-12,6.439220739410422e-12,5.736664034708599e-12,7.52024115196068e-13,1.5608508991588878e-12,6.513654397400388e-10,2.5279237850835303e-06,0
834,06:26:00,7.879529967269878e-12,3.854555874021331e-12,5.0229343707387306e-12,9.827743711302665e-13,2.0239628385766275e-12,4.3912573541432054e-10,2.5039872105263633e-06,0
835,06:26:30,1.0031910699993387e-11,3.1137882136295854e-12,5.19553203465983e-12,7.497825667709278e-13,1.2150190364552833e-12,1.3564323020452603e-09,2.5048675290299166e-06,0
836,06:27:00,1.249885669899354e-11,4.618523350870309e-12,4.902683892744964e-12,6.551880247116521e-13,1.6179568395087216e-12,1.3000988475773108e-09,2.3955356044864343e-06,0
837,06:27:30,8.780325569310793e-12,5.012489675649133e-12,4.984824158453466e-12,8.313673128380999e-13,2.0445708186203927e-12,5.689884209572589e-10,2.3988571535496066e-06,1
838,06:28:00,1.1120422084687708e-11,3.03668255524649e-12,2.093398163695023e-12,6.236275538031504e-13,1.512541355710444e-12,4.683414715163809e-10,1.733682466976176e-06,1
839,06:28:30,1.0084882907255337e-11,3.4859612752662663e-12,2.9835752553427464e-12,4.983582710911409e-13,1.4237573349332992e-12,1.6145965227138476e-10,1.597089112233413e-06,1
840,06:29:00,1.000066986806649e-11,4.119775853168587e-12,2.8402415769547564e-12,5.582592478977056e-13,1.3963834672837179e-12,3.186768644127928e-10,1.6995813675629066e-06,1
841,06:29:30,8.97123800915209e-12,3.021760153673205e-12,3.3228335545116494e-12,6.05782345657938e-13,1.669662149661078e-12,1.5973386088692834e-10,1.7178947503064691e-06,1
842,06:30:00,1.2773566799901991e-11,2.9901137956366403e-12,2.404151655763452e-12,4.4633524590860776e-13,1.0811224454806637e-12,1.831069278186948e-10,1.4610477694456986e-06,2
843,06:30:30,1.2850633905502777e-11,4.337350980742149e-12,2.9441552626861923e-12,9.43225457476525e-13,4.305315467880485e-12,3.082727795381534e-10,1.3783992711776927e-06,2
844,06:31:00,9.443163533525326e-12,2.2492632614956924e-12,1.9764539793323274e-12,4.815709738351311e-13,1.2020077306791825e-12,9.674209520485551e-11,1.054431049551943e-06,2
845,06:31:30,1.1293893265063002e-11,1.9571499966011027e-12,1.7641826176147107e-12,4.577543104851107e-13,1.206494416543953e-12,1.4955842852337681e-10,1.159392805828208e-06,2
846,06:32:00,2.0917724180600694e-11,2.614314744782126e-12,1.452191156197166e-12,6.297414236651972e-13,1.6975580420355197e-12,1.5013631659425227e-10,9.684775983860636e-07,2
847,06:32:30,1.0173122430657995e-11,2.2298714666185728e-12,1.3940788448447687e-12,4.845163859115427e-13,1.2520055489021925e-12,1.2609487882528742e-10,1.0136878892183362e-06,2
848,06:33:00,1.1177635218875102e-11,2.743370879311775e-12,3.0947734682260505e-12,6.411441090847233e-13,1.8960329897017933e-12,1.3438017411633004e-10,9.988570012529906e-07,2
849,06:33:30,1.3842837281833122e-11,2.4058879228033233e-12,1.399565009098023e-12,3.3613753930631327e-13,8.860797359060143e-13,1.225570519473813e-10,8.799505108061423e-07,2
850,06:34:00,1.3554629352885661e-11,3.4163047672620927e-12,2.5386498491082846e-12,4.925558464470589e-13,1.1514061117502727e-12,2.053009084106987e-10,9.154943110323996e-07,2
851,06:34:30,1.534972021046987e-11,3.2952695318528013e-12,2.391833678813855e-12,8.382620320283688e-13,3.0280215894525788e-12,1.625308328806369e-10,1.085889382826296e-06,2
852,06:35:00,2.529309118966938e-11,3.882980376896715e-12,3.4624340769750934e-12,7.067730130384578e-13,1.7893315912417969e-12,1.4397851139895645e-10,9.66366784221522e-07,2
853,06:35:30,9.25538466363125e-12,2.7026690712489852e-12,1.3401943404168055e-12,4.3093088489411144e-13,9.163509662274374e-13,1.204535861204631e-10,8.682113925249215e-07,2
854,06:36:00,9.80518164532937e-12,2.100690698322228e-12,1.952279858029181e-12,4.874601108083422e-13,1.940622976901445e-12,1.335729833263491e-10,9.350768130232379e-07,2
855,06:36:30,2.1875442233682448e-11,2.684487457274205e-12,4.289507816945212e-12,6.016906997164439e-13,1.8955041920833453e-12,1.8828023989284206e-10,1.0221721022917018e-06,2
856,06:37:00,9.929447266265557e-12,2.2562261069251332e-12,1.7421461648863426e-12,3.5320231021107343e-13,9.425691047761584e-13,1.0274552697799677e-10,8.395267723396712e-07,2
857,06:37:30,1.184202142928402e-11,2.218777367155688e-12,1.8871663677232843e-12,4.690681695435683e-13,1.0726576929677362e-12,9.911766499495466e-11,8.252129722407214e-07,2
858,06:38:00,1.1920389977982623e-11,3.54692143506122e-12,2.4848246939096547e-12,5.103139316462403e-13,1.5386331315312996e-12,1.4153481001652627e-10,8.744149730625258e-07,2
859,06:38:30,1.200896306385545e-11,3.0851542768849912e-12,3.494525545043491e-12,6.958439510988183e-13,1.7507466759363251e-12,1.1103995276154366e-10,7.637631771762341e-07,2
860,06:39:00,1.120220101983986e-11,2.8432480238740708e-12,3.1799825011899605e-12,5.431927802482601e-13,1.3103242152038826e-12,1.990165411675156e-10,6.894678792390037e-07,2
861,06:39:30,1.062625958369593e-11,2.5700341350200694e-12,2.020133983992407e-12,5.462377496804205e-13,1.2384151651711111e-12,8.38116684365264e-11,7.006540319899299e-07,2
862,06:40:00,1.3147488313811896e-11,2.769960625387873e-12,1.6548179760052672e-12,4.78795196018191e-13,1.1982076496783013e-12,5.904385870824531e-10,7.442131578987458e-07,5
863,06:40:30,1.2101433282527313e-11,2.1240219268812256e-12,1.6062824774150105e-12,4.623162323338375e-13,1.2340064398244321e-12,2.652323507259118e-09,9.809034667006668e-07,5
864,06:41:00,1.0929688268341086e-11,1.8570993203220984e-12,3.704236543766032e-12,9.77077561160975e-13,2.008583201144159e-12,6.194058308683328e-10,2.6878655241366726e-06,1
865,06:41:30,6.946715559902473e-12,1.4486397493717428e-12,1.0078229797247324e-12,5.186726202255357e-13,1.0717145843444262e-12,1.3438322739814642e-10,2.226437391357319e-06,5
866,06:42:00,1.65841930049579e-11,2.147928808832991e-12,1.0688152480373783e-12,4.537510389050556e-13,1.0568324427303457e-12,1.3812128924348163e-09,7.622169484791066e-07,5
867,06:42:30,5.504603157124591e-12,2.222291403448214e-12,1.4723584573226845e-12,6.742196996419875e-13,1.1325884190163261e-12,2.0134947344541691e-10,8.39040615691731e-07,5
868,06:43:00,9.291366583520948e-12,2.0919367156130617e-12,1.8892890035757533e-12,7.834838845073036e-13,1.2403108397966392e-12,1.4767737585349322e-10,7.113861634783175e-07,5
869,06:43:30,1.1963434532018368e-11,2.8236462306884535e-12,2.4356077404549887e-12,7.719763065501475e-13,1.6554754326619142e-12,1.5512543069737483e-10,1.156653360812432e-06,5
870,06:44:00,1.5993086220993843e-11,3.079419224500542e-12,4.287865387878244e-12,1.1924887420705483e-12,2.68278918581254e-12,4.24578273997228e-10,2.138969642253943e-06,5
871,06:44:30,9.66057035698138e-12,1.1523904803861393e-12,9.871358119792472e-13,3.2145792733452385e-13,7.249010909454782e-13,5.927231127397915e-10,7.459863614894807e-07,1
872,06:45:00,1.2158178006777635e-11,2.186464332326738e-12,1.6558866800477984e-12,4.856762407546858e-13,1.349615693812963e-12,2.163641199938471e-10,6.634111624020794e-07,5
873,06:45:30,8.075478512800636e-12,1.8980526774514345e-12,2.6436166683385906e-12,8.228079451271347e-13,1.4574024836539933e-12,2.3025248334169603e-10,8.791987749113684e-07,5
874,06:46:00,1.0313607132679041e-11,1.6376791096259093e-12,1.6477703258443254e-12,5.65599662864253e-13,1.3377276653785583e-12,1.581536385145625e-09,1.056766628456551e-06,5
875,06:46:30,7.593735764537812e-12,1.833170336228534e-12,1.4996088938155487e-12,6.478929261779829e-13,8.58409498012749e-13,1.8717112183169137e-09,7.126982428232541e-07,5
876,06:47:00,1.8242971628273288e-11,1.7923269969950808e-12,1.1267532258814884e-12,3.6230250909131417e-13,8.471752991514673e-13,2.5695309997745604e-09,8.221524491830106e-07,5
877,06:47:30,6.135948866020052e-12,1.987710963396703e-12,2.731753519612462e-12,8.413769217918779e-13,1.892456921575714e-12,2.2977579041164725e-10,7.465028474689542e-07,5
878,06:48:00,9.728608915076506e-12,2.1613828128046705e-12,1.662798275297509e-12,7.624202004977818e-13,7.853799542956866e-13,1.215080847950102e-10,6.449014672219269e-07,5
879,06:48:30,1.2722507890468366e-11,2.1202308733076247e-12,2.103198605373577e-12,4.675005008499734e-13,1.1583118716293634e-12,1.1862141906285709e-09,7.960957533085847e-07,5
880,06:49:00,2.521256031481622e-11,1.7587436201434226e-12,1.0756285625687759e-12,2.7779051323162147e-13,5.978511843326399e-13,4.5677491223624145e-09,7.1745674528163e-07,5
881,06:49:30,1.95316550470052e-11,2.2543260036158127e-12,2.321341127293877e-12,1.4143877264163867e-12,2.3076067884735276e-12,2.8023009763978004e-09,1.3295888584674379e-06,5
882,06:50:00,5.25807161730672e-12,2.159120404777989e-12,1.7720464413446501e-12,5.538719767273599e-13,1.4424271463934888e-12,4.781390297914015e-10,7.035255320700101e-07,5
883,06:50:30,6.509726892094487e-12,2.041125667544221e-12,2.588687332647736e-12,4.587425875705895e-13,1.6014818404636528e-12,2.312622706805028e-09,6.961374750836336e-07,5
884,06:51:00,1.5171779746993194e-11,1.7246597823329074e-12,1.8150777468844304e-12,5.686605010719553e-13,1.4570032725858902e-12,6.21625629633217e-09,6.994598882254103e-07,5
885,06:51:30,8.541116100788187e-12,1.4830287102964592e-12,1.5902495091370858e-12,6.172731502850345e-13,1.1255617311492264e-12,2.5856230254454146e-10,6.741720849032026e-07,5
886,06:52:00,9.468186384495542e-12,1.5952695718486281e-12,2.4557414211669345e-12,6.100394106223359e-13,1.1254359978125074e-12,7.11308131505768e-10,1.15292372450568e-06,5
887,06:52:30,7.397538515429892e-12,2.3284061422821044e-12,1.4820077023799284e-12,6.700797887684097e-13,1.9798360032580353e-12,9.834108459779107e-10,6.613644453248982e-07,5
888,06:53:00,6.096808640881364e-12,1.8575380007095572e-12,1.9564014101331738e-12,5.076388592670544e-13,1.494814084542209e-12,3.239080207215964e-09,6.844171342384059e-07,5
889,06:53:30,9.572618603183439e-12,2.4168156935754943e-12,2.1346246975455547e-12,4.947420472448442e-13,9.723338829879765e-13,5.06063052971796e-09,7.306672104857676e-07,5
890,06:54:00,1.6217539566313184e-11,1.915272701922876e-12,1.1874708890929611e-12,4.874016759807861e-13,8.679507517153139e-13,3.461859075054259e-09,1.0434899831797489e-06,5
891,06:54:30,1.5795098415607448e-11,1.9347261472741935e-12,1.607321213751679e-12,4.3117396059605534e-13,9.500307227963773e-13,2.705734520581941e-09,9.183628101354673e-07,5
892,06:55:00,1.8520637098396524e-11,1.3864151267432006e-12,1.9596250310392434e-12,2.864572582091537e-13,6.065545140980888e-13,9.436162783331114e-10,1.215908838869029e-06,5
893,06:55:30,6.638994657967696e-12,1.4874747788798824e-12,1.8996087195718347e-12,5.972690031701455e-13,1.728846038709308e-12,4.104143838105172e-10,7.298020665179082e-07,5
894,06:56:00,1.0909131358180944e-11,1.2479996770507594e-12,1.1514941866537738e-12,3.1580006197161896e-13,6.403492963428184e-13,5.019706021081252e-10,7.25473819304013e-07,5
895,06:56:30,1.031699736011514e-11,2.5291184664730724e-12,2.876719624355901e-12,6.443002041407538e-13,1.5019205136076193e-12,4.752656492274292e-10,7.917168128459135e-07,5
896,06:57:00,1.5715162476123258e-11,2.3757575305261927e-12,1.5918587326587388e-12,4.001856394996791e-13,1.2292281473675277e-12,2.387358221829724e-09,7.515325194612237e-07,5
897,06:57:30,3.964582408532168e-11,2.3527051279843376e-12,1.858790031200038e-12,4.002785534808281e-13,9.63755775497636e-13,1.0089601842478378e-08,7.293093363782707e-07,5
898,06:58:00,9.457117650433319e-12,3.912539502883767e-12,4.431520247698218e-12,1.1881542760888764e-12,2.5981471628492453e-12,5.021764863801627e-10,7.298612895820936e-07,5
899,06:58:30,7.614194389898268e-12,1.5802778999802141e-12,1.8984145091321256e-12,6.417788418148636e-13,1.4857935739328755e-12,1.7038264203980584e-10,6.709975231177481e-07,5
900,06:59:00,8.052647915194364e-12,1.4036322952919267e-12,1.7361193181375114e-12,4.793692128384785e-13,8.935482943582122e-13,4.2966905279850985e-09,1.5039540489808346e-06,5
901,06:59:30,1.697865507017438e-11,3.435453300049141e-12,5.0517711308360616e-12,1.4155481356266822e-12,1.9191971824327923e-12,3.772375353627168e-09,3.1859095112778668e-06,1
902,07:00:00,7.366068666406289e-12,1.7915072777425431e-12,2.548320347773599e-12,6.920984576915312e-13,1.3555355476312178e-12,8.458095216353992e-10,2.237171582843419e-06,5
903,07:00:30,7.259197774517766e-12,2.2023784695107964e-12,3.575110379006791e-12,8.778430178273312e-13,2.4788662810024658e-12,7.29848439782515e-10,1.8660592985860542e-06,5
904,07:01:00,8.329815488060747e-12,2.5626597762846545e-12,3.029814127955811e-12,9.0623080177367e-13,2.595516848358383e-12,2.0517971017031795e-10,1.5224799073602606e-06,5
905,07:01:30,9.83259879435176e-12,3.000026949558778e-12,3.3493576168050454e-12,1.0546548176438559e-12,3.3695669947345673e-12,3.494785089555276e-10,1.5801446092015528e-06,5
906,07:02:00,9.62646668877063e-12,2.800944811182966e-12,3.4645383778412293e-12,7.803148679637168e-13,1.6666162871409928e-12,5.649614736649639e-10,1.8046022659712161e-06,1
907,07:02:30,7.234975546686169e-12,1.5362578189315321e-12,3.427190146499634e-12,6.173582604815174e-13,1.379365746217839e-12,2.33914281749238e-10,1.925599181288662e-06,5
908,07:03:00,7.1013356632541585e-12,2.2974124670998434e-12,3.3490814834088816e-12,1.1757826012760397e-12,2.3237527911371936e-12,2.461671802061771e-10,1.3588716414915893e-06,5
909,07:03:30,7.43903302915383e-12,2.179426652727837e-12,1.5012333623861253e-12,5.984904822715184e-13,1.3516618074440873e-12,4.527040712316084e-10,1.6640308474002005e-06,5
910,07:04:00,1.4667765764975274e-10,4.310140622908055e-12,4.123500461012118e-12,1.4094460644115798e-12,2.8064643289550355e-12,6.773152789415342e-09,2.9426380073419166e-06,1
911,07:04:30,1.2570892432036963e-11,1.9927499796187927e-12,5.843249373073741e-12,6.435795414677448e-13,1.7242913834678997e-12,1.4951019522101806e-09,1.6170283958118492e-06,1
912,07:05:00,9.498135856667447e-12,2.916974312629298e-12,3.1193961497842416e-12,6.444799889150527e-13,1.4255574728747226e-12,5.67371773468083e-10,9.243615531904198e-07,2
913,07:05:30,1.2140247551687003e-11,2.8811112675766348e-12,1.3582835564577835e-12,6.391872000162986e-13,1.5065243627636614e-12,2.230750925091178e-10,8.987234271820717e-07,2
914,07:06:00,1.45579907504892e-11,3.1807954993964548e-12,2.8679798081255793e-12,6.544014456060118e-13,1.723577079639552e-12,8.593510142578542e-11,9.707853424270122e-07,2
915,07:06:30,1.5027938834772067e-11,1.872999450528333e-12,1.876886695719767e-12,4.4472393383526667e-13,1.1960720339034277e-12,1.2744251097174212e-10,9.58060918341161e-07,2
916,07:07:00,1.0755592059508193e-11,2.157940168568237e-12,1.5879479504831786e-12,4.697351307126201e-13,1.052328162125689e-12,9.897077705720703e-11,7.385157906460569e-07,2
917,07:07:30,9.237096104269355e-12,4.4268133964149485e-12,4.769813096611689e-12,9.45743027754031e-13,2.4533091283374073e-12,1.6442320466766144e-10,7.59721781780144e-07,2
918,07:08:00,9.866348912640562e-12,2.920508232165954e-12,1.3013753722705863e-12,4.495461265127133e-13,9.497583982167923e-13,1.569191377055537e-10,7.065592960403093e-07,2
919,07:08:30,1.4744279003577114e-11,3.514736561771498e-12,2.360924140266506e-12,6.165460414635431e-13,1.6228609198844743e-12,1.0823255757163793e-10,7.178206243284428e-07,2
920,07:09:00,1.2727135046779962e-11,2.645897633496568e-12,1.8815367756114874e-12,4.827675122070958e-13,1.0293169180813706e-12,1.2320926931799223e-10,7.193898147800761e-07,2
921,07:09:30,1.0770316286232138e-11,1.6671987003169407e-12,1.5367826497157426e-12,3.7411562721533157e-13,8.473288965088496e-13,5.127782332029392e-10,6.84429921026128e-07,5
922,07:10:00,9.65123537724871e-12,2.4513088775883593e-12,1.1786935985605585e-12,3.9588633005032e-13,6.766061630092987e-13,3.4001569347354334e-09,6.858780912666648e-07,5
923,07:10:30,1.3500175294371236e-11,1.5466078286017427e-12,9.984137227617085e-13,4.15788160752454e-13,8.987160543383595e-13,1.95443854525062e-09,9.01814173957545e-07,5
924,07:11:00,1.5945004231779787e-11,1.7113255507060023e-12,1.4570810573680011e-12,5.514378656142562e-13,9.346046972168795e-13,1.1796255378779056e-08,7.967664741274595e-07,5
925,07:11:30,1.0756546592062386e-11,1.7674914451844223e-12,1.6897466279185172e-12,5.742090285925655e-13,9.486405442056941e-13,5.372616837544062e-10,7.131127940419548e-07,5
926,07:12:00,2.3514555218497685e-11,1.470901073519003e-12,1.133501739306914e-12,4.1091997558382534e-13,1.0326454406050305e-12,1.958018788538228e-09,8.88252147326513e-07,5
927,07:12:30,2.6528736946176103e-11,2.676967081655473e-12,1.2092884985801307e-12,2.970522448243097e-13,7.192078011295278e-13,9.80781221776348e-10,7.278305369059483e-07,5
928,07:13:00,4.0434545818344724e-11,2.991531719531397e-12,1.1067641466963963e-12,3.5455421267200833e-13,1.0110190570653815e-12,3.2852807589748748e-09,7.68073725190136e-07,5
929,07:13:30,3.2281083604818724e-11,1.22409205139771e-12,1.3700445730595111e-12,3.1450106606365173e-13,1.03956545945979e-12,4.726851932713197e-09,8.855324137011777e-07,5
930,07:14:00,1.1455980006100683e-11,2.468055085119292e-12,9.928245064155647e-13,3.026737708673313e-13,5.624165130420777e-13,3.1973762101777837e-09,9.541100944141225e-07,5
931,07:14:30,1.2902600921109303e-11,1.4489513023364384e-12,1.5354255149474482e-12,3.7906324827819e-13,1.0176758400848931e-12,8.191081424930099e-10,6.452669425673385e-07,5
932,07:15:00,1.4132453345034503e-11,1.6492031035947808e-12,1.1301945385613622e-12,3.9068117571840417e-13,1.0024493971089515e-12,2.375598170943539e-09,1.7252989641610024e-06,5
933,07:15:30,9.166205475098233e-12,1.8650976497909164e-12,1.5177504001593877e-12,3.4361575490295266e-13,8.925057514316802e-13,1.289496110627904e-09,8.089353471841192e-07,5
934,07:16:00,2.426699152334067e-11,1.839666439539913e-12,1.5771801130519385e-12,7.400453871470367e-13,1.4522113572987708e-12,6.632090691908385e-09,2.263000552180473e-06,1
935,07:16:30,5.31262256404011e-12,1.6393166614909853e-12,1.4749474945563426e-12,7.991561071817291e-13,1.7844919992221365e-12,1.2168141607561788e-10,8.012861202330343e-07,5
936,07:17:00,5.9570565041745496e-12,1.5720475327927326e-12,2.0381970166102983e-12,5.880744520671064e-13,1.5124783927544547e-12,2.2955458696429272e-10,7.748855783107647e-07,5
937,07:17:30,7.524673848163984e-12,1.7987940216814467e-12,1.3386180744820205e-12,6.260444372003483e-13,1.6890241701677042e-12,3.49358574273092e-10,7.698234235939719e-07,5
938,07:18:00,7.337070807924324e-12,1.2921562692561643e-12,1.4011621093175582e-12,4.773406090236228e-13,9.286273995234848e-13,6.044709173471497e-10,7.328448389785433e-07,5
939,07:18:30,7.138857459763219e-12,1.7269370795980327e-12,1.4399309607420211e-12,3.9855734283378216e-13,9.537528270080351e-13,1.2150410327868656e-09,7.360831946855533e-07,5
940,07:19:00,1.127158589212818e-11,1.658093079537206e-12,1.479836234519672e-12,4.134600057372147e-13,1.2252497676568519e-12,3.6319927505494043e-09,7.609050036299671e-07,5
941,07:19:30,2.3723262064019562e-11,1.4658621948377997e-12,1.7192145387883939e-12,4.344412470745063e-13,8.934436309258681e-13,3.1462019988599424e-09,7.36020646696707e-07,5
942,07:20:00,2.4010323571337024e-11,1.6978912419766212e-12,3.2083458819865777e-12,5.917427512165586e-13,1.4887574527181603e-12,9.961367187634775e-09,1.2341597153314851e-06,5
943,07:20:30,4.012749604807302e-11,2.226979862488507e-12,2.5494999938870557e-12,8.605757792868783e-13,1.5334123580380222e-12,7.226113873535972e-09,2.80282939794101e-06,0
944,07:21:00,9.240051615979006e-12,1.9804272886142308e-12,2.5853341906306147e-12,7.080623242944312e-13,1.4690256883514164e-12,1.2259336375031305e-09,1.5475449249516978e-06,1
945,07:21:30,6.446999440189212e-12,2.19642285057634e-12,4.541929291936401e-12,9.502803730166764e-13,1.973594556350658e-12,4.14274175704831e-10,1.0597880342792566e-06,0
946,07:22:00,4.035919733497054e-11,3.2241046922642334e-12,7.4624809309315e-12,7.795175357123066e-13,2.227302227316379e-12,8.116798561323206e-10,2.107067300754338e-06,0
947,07:22:30,5.479091024357459e-12,5.23227218074915e-12,2.8894095129353495e-12,6.325213568487256e-13,1.3229535767210763e-12,2.0941439808164867e-09,1.01400357235225e-06,0
948,07:23:00,8.225500938981105e-12,4.3432717269154665e-12,3.3381850149486286e-12,9.098182082259687e-13,2.587874439958584e-12,5.981932667714366e-10,9.162152770423319e-07,1
949,07:23:30,1.2017177100295715e-11,2.7185523323975046e-12,3.3821952554662376e-12,5.134029972159801e-13,1.1042350129335098e-12,3.5711783428768363e-10,8.125375549846417e-07,1
950,07:24:00,9.578160577199638e-12,2.045458624930884e-12,2.705686768284552e-12,7.568285127730062e-13,1.205545083078632e-12,4.25413321422566e-10,1.0830595609993433e-06,1
951,07:24:30,8.190258285882068e-12,1.6597825095655684e-12,1.4268605172387018e-12,5.079634309100673e-13,9.777625499322394e-13,8.493466171300063e-11,9.652725558985287e-07,1
952,07:25:00,1.1460015265009201e-11,1.88786880097477e-12,1.8412726195045676e-12,4.792145786724134e-13,1.2128466128634022e-12,7.955452395456301e-11,8.813471244080791e-07,1
953,07:25:30,8.900008261094429e-12,2.49218371549279e-12,1.3732073564109533e-12,5.529213510630379e-13,1.5100082706926195e-12,8.254721733293366e-11,9.396190148800915e-07,2
954,07:26:00,7.577920077897005e-12,2.1546581079724473e-12,1.8351471257797525e-12,6.914788334719761e-13,1.7719910724881245e-12,9.322626519363e-11,8.23219487104667e-07,2
955,07:26:30,8.579101213666926e-12,1.8934785777828667e-12,1.3136620097949494e-12,4.5447351825705563e-13,8.827432123049925e-13,1.1193482853327224e-10,9.021137700820275e-07,2
956,07:27:00,2.1274520495534045e-11,2.408154855120149e-12,2.9373135047541492e-12,5.372553254105919e-13,1.5971418913717555e-12,1.2028918580140026e-10,1.008050630968067e-06,2
957,07:27:30,1.1191483670081382e-11,2.006221475116977e-12,1.8785083007737112e-12,4.617008742353719e-13,1.09063407404128e-12,1.10668276725746e-10,7.693013987428715e-07,2
958,07:28:00,1.0996696818298331e-11,1.8008112900489128e-12,1.821170540634161e-12,5.727328492913033e-13,1.5006609257704425e-12,7.501593558653034e-11,9.838270034091263e-07,2
959,07:28:30,9.79672824983005e-12,2.177073103307868e-12,2.1834800134242995e-12,6.65159079633215e-13,1.384280751805443e-12,1.1576636072449626e-10,7.910167372506188e-07,2
960,07:29:00,1.3933345092034287e-11,1.5852407402873582e-12,1.6353404699183486e-12,5.238158779755273e-13,1.6796724734698785e-12,9.223945740284617e-11,8.229188401765083e-07,2
961,07:29:30,1.5917520669663153e-11,2.707835649972656e-12,2.275921331378261e-12,5.429392843406369e-13,1.7230542585567228e-12,1.6175608662583208e-10,8.263209910111094e-07,2
962,07:30:00,1.1148440454503901e-11,1.8014683783462916e-12,2.1356530883274095e-12,4.240318478696162e-13,1.116481498862934e-12,4.744575570142663e-10,8.118586875900037e-07,2
963,07:30:30,1.3462124981285633e-11,1.7103360702057707e-12,1.2387555615482951e-12,4.2022854708917494e-13,8.269662946731839e-13,5.8567931489476726e-09,7.974890737977434e-07,5
964,07:31:00,8.789483719511861e-12,2.1810295454598837e-12,2.8932409052406117e-12,8.57279706452043e-13,1.834729771192191e-12,6.306224780274779e-09,9.745712792867978e-07,5
965,07:31:30,6.936015941097212e-12,9.54548085775691e-13,1.050584090306653e-12,5.143137738292931e-13,1.1527001498555134e-12,1.9416938290163217e-10,7.852625647050092e-07,5
966,07:32:00,1.2204812356263135e-11,1.6171415555042595e-12,1.6321275955586325e-12,5.119800561558865e-13,1.118954514327249e-12,1.630025921216649e-10,8.744427719582976e-07,5
967,07:32:30,1.5551709198170556e-11,3.086420414777871e-12,2.1165005611498393e-12,5.545525047717234e-13,1.8110006996811722e-12,1.6665129992155351e-10,8.257785449359513e-07,5
968,07:33:00,1.4263719683180447e-11,2.020492034731972e-12,3.000063394463914e-12,5.860479589849207e-13,1.2658329126576766e-12,1.2881025027681834e-10,7.569086216826065e-07,5
969,07:33:30,1.0394101146337716e-11,1.5527382048742986e-12,1.7237535469645753e-12,4.3598135371945246e-13,1.2118094200845755e-12,8.887552888142104e-11,6.982196606938864e-07,5
970,07:34:00,1.571833820069676e-11,3.0704191434248815e-12,2.415366063586091e-12,4.656667173580428e-13,1.1492830110164559e-12,1.1928172465700078e-10,8.099892594806688e-07,5
971,07:34:30,1.4654255963551224e-11,4.197404832258271e-12,3.1811787251314624e-12,3.8117795000441916e-13,1.169511980901822e-12,1.2871589386566868e-10,8.086620784824449e-07,5
972,07:35:00,1.937694126297792e-11,2.4778173484445254e-12,2.4785020179503035e-12,5.188169180761469e-13,1.5217625850459787e-12,1.008588919074994e-10,7.790871658767418e-07,2
973,07:35:30,1.3960862038470551e-11,2.406997710407849e-12,1.8566590152444578e-12,5.553728002347784e-13,1.4300356033718862e-12,1.2220436206397342e-10,9.594778145650968e-07,2
974,07:36:00,1.3547537061020309e-11,2.580899714594895e-12,1.823223972294733e-12,4.410293777624041e-13,1.3939408852854642e-12,9.277343973012929e-11,8.052102327796085e-07,2
975,07:36:30,2.044294856720161e-11,2.3513335636975276e-12,2.1760440953905643e-12,4.472651394643332e-13,1.3556067951293058e-12,7.973013364528584e-11,7.580086530945603e-07,2
976,07:37:00,1.4152168777315193e-11,4.1094369085795784e-12,2.6639493657648344e-12,5.128991706853393e-13,1.2189421618980186e-12,1.388024099892776e-10,1.0201490050764688e-06,2
977,07:37:30,1.5069344584435478e-11,2.328374983349237e-12,1.5941897704123876e-12,5.822370530466286e-13,1.6117960076766527e-12,1.7404154691461733e-10,7.913836886602963e-07,2
978,07:38:00,1.2523824791478691e-11,2.255002321133771e-12,1.854829639001387e-12,5.721112395274909e-13,1.521808582089674e-12,1.2944026874040016e-10,8.174374348356492e-07,2
979,07:38:30,2.511745098282968e-11,2.9396487359168296e-12,2.4893328251554294e-12,5.226409833701666e-13,1.7258567360660457e-12,1.3063694948857024e-10,7.393319181584066e-07,2
980,07:39:00,1.1884958643476259e-11,2.1606229180853584e-12,2.711090834702344e-12,5.115528825184157e-13,1.3228965425005184e-12,1.3867666379210477e-10,7.646811508490026e-07,2
981,07:39:30,1.7710846323171423e-11,2.3514836403405395e-12,1.4723802888407717e-12,6.0600695178488e-13,1.5330868986591975e-12,1.5682041477334426e-10,8.176735476495387e-07,2
982,07:40:00,2.0410539733288797e-11,2.8336214538700455e-12,2.727952022553675e-12,3.945459682249047e-13,9.860873838093219e-13,3.5381501772268447e-10,7.922343124585883e-07,2
983,07:40:30,1.166249776928362e-11,2.2749664004050898e-12,2.6888263952301865e-12,5.656186301634757e-13,2.0428128249692157e-12,1.4029712592093255e-10,1.0402206600284402e-06,2
984,07:41:00,1.3714097801766858e-11,1.6898211275808342e-12,2.1391693245166087e-12,5.305039958431281e-13,1.544753902552244e-12,6.574667693168422e-11,7.653419020253694e-07,2
985,07:41:30,2.4693750966092152e-11,3.846098707582105e-12,3.6219524394890436e-12,5.968735874549241e-13,1.9546707026202107e-12,1.9924732541608178e-10,9.389680733787591e-07,2
986,07:42:00,1.4687919095190844e-11,3.444898414161482e-12,2.135912645125407e-12,3.525875986714326e-13,1.0922836881440203e-12,1.3207241292105864e-10,8.186351775671144e-07,2
987,07:42:30,2.4294624365577743e-11,3.2325600546387943e-12,2.315512665629953e-12,4.460627125792842e-13,1.7655708427882907e-12,1.302088142719293e-10,8.332238429010548e-07,2
988,07:43:00,1.284295577827647e-11,2.6562993740769464e-12,1.9767439452671708e-12,4.0254472009382364e-13,1.1791056643979721e-12,9.887852068235528e-11,8.056476287601021e-07,2
989,07:43:30,1.7822061762491063e-11,2.7111596917015037e-12,1.9515309098661915e-12,3.0941034315993844e-13,9.060226589826329e-13,1.1988555345623208e-10,8.410370122822946e-07,2
990,07:44:00,1.0600284163894848e-11,1.9865254193472264e-12,1.7489132872387276e-12,3.004260980564672e-13,8.513940742274377e-13,7.819443253050022e-11,8.67664700687272e-07,2
991,07:44:30,2.690136576355516e-11,3.3058792087819673e-12,2.435928669730566e-12,2.8883731101751945e-13,6.288990085706555e-13,1.3639092220916855e-10,8.753322670496705e-07,2
992,07:45:00,2.023317207207034e-11,3.2762478457756297e-12,1.912277242502939e-12,3.225176019147337e-13,9.350922205282413e-13,1.1369101681449128e-10,8.397946465114327e-07,2
993,07:45:30,1.4425984573732186e-11,2.100635355368225e-12,2.036998099213399e-12,3.383339129476333e-13,1.0897034803144237e-12,9.635796223968533e-11,9.736539667705458e-07,2
994,07:46:00,1.515063656309179e-11,2.925245208657638e-12,1.8134906870782924e-12,3.243205695151023e-13,9.279903145126675e-13,1.0050331295761309e-10,8.206389327014374e-07,2
995,07:46:30,1.3834351256188455e-11,2.0834687113733674e-12,1.7137878756376467e-12,3.6100947853144567e-13,1.5282955206184424e-12,1.1095095002825681e-10,8.49781996730539e-07,2
996,07:47:00,3.08001246937172e-11,2.005128557965595e-12,1.8243955354977136e-12,3.72646700032851e-13,1.053148530960091e-12,1.1523660872060861e-10,1.050560966193046e-06,2
997,07:47:30,1.7705300993108546e-11,3.6171340747510213e-12,1.7086886067563168e-12,4.1207999881481416e-13,1.0852090532814661e-12,9.587082843260663e-11,7.974656357945958e-07,2
998,07:48:00,1.5010405543517445e-11,2.510992639010342e-12,1.8935773388416564e-12,3.4994693651827367e-13,1.0630842496441197e-12,1.1365545156630218e-10,8.742897610259858e-07,2
999,07:48:30,2.1089554287431753e-11,3.847458822287238e-12,2.0972869768170433e-12,3.4290800523581645e-13,1.0238791468697739e-12,1.698045473241984e-10,8.39605902354662e-07,2
1000,07:49:00,2.0392522199493687e-11,3.880165950588827e-12,1.418190482263383e-12,3.1268337964529417e-13,1.0780084995373224e-12,1.233686021676714e-10,8.087899694145519e-07,2
1001,07:49:30,1.759879509000918e-11,2.045389942990166e-12,1.7051950072276839e-12,3.0611823539718153e-13,1.0472051592944598e-12,1.1050288365555407e-10,8.012811772230298e-07,2
1002,07:50:00,3.229149762845067e-11,2.507430138051953e-12,2.1513808752423855e-12,2.6603663877698367e-13,8.212303594320151e-13,1.3006483427863256e-10,7.607524330932965e-07,2
1003,07:50:30,2.3073628807622875e-11,3.530658631301772e-12,2.170043295769555e-12,2.5987755056574307e-13,6.302244788751109e-13,1.4621356479721188e-10,7.80995398719808e-07,2
1004,07:51:00,2.8819618124307927e-11,3.6006175369522205e-12,1.4128850246612873e-12,2.9564301014347094e-13,1.0840809203153003e-12,1.3483807674144174e-10,7.888102026302908e-07,2
1005,07:51:30,2.013083711500717e-11,2.74907604027862e-12,2.0106974968619575e-12,2.794154251765195e-13,9.89305496985037e-13,1.4836360619647987e-10,8.289635820672404e-07,2
1006,07:52:00,2.108227226184958e-11,2.6413257417458236e-12,1.2991575397545439e-12,2.1578642377250142e-13,6.355028550503781e-13,1.5293174363311718e-10,9.008796305698757e-07,2
1007,07:52:30,2.4555793336661005e-11,2.1584147461705534e-12,1.739477078470047e-12,2.4196749622288764e-13,5.653154596580803e-13,2.6309140882934483e-10,8.500637204549966e-07,2
1008,07:53:00,1.9960309510155874e-11,2.885511766018259e-12,1.3056303078252032e-12,2.3755391839829443e-13,6.529800233989941e-13,1.8900559181775483e-10,8.677920138817265e-07,2
1009,07:53:30,3.126162204552786e-11,3.3203971932163393e-12,1.4571717216728222e-12,2.5561638997129524e-13,7.566942590072177e-13,1.8959571263056955e-10,9.013896643853252e-07,2
1010,07:54:00,2.074505095079196e-11,2.5953754110275207e-12,9.659640339167133e-13,2.7228610620738563e-13,6.250856449662695e-13,1.6210786732767171e-10,8.660372358912022e-07,2
1011,07:54:30,2.5824436788347516e-11,3.0732482329687477e-12,1.5968014174409162e-12,2.3988546763981973e-13,6.273170217636791e-13,1.789253954867791e-10,8.770905868556632e-07,2
1012,07:55:00,3.0871345046682384e-11,2.5972889166013415e-12,1.2506770025985436e-12,2.470585149410494e-13,5.371983402421562e-13,1.8036101003513438e-10,8.885431590048607e-07,2
1013,07:55:30,3.401353001062276e-11,3.2563512881471585e-12,1.267774580564389e-12,2.4666630787680394e-13,6.706928194376502e-13,2.596081248339081e-10,8.875490836711532e-07,2
1014,07:56:00,4.591370433412006e-11,5.448187535325849e-12,2.134831495226654e-12,2.844061381728503e-13,9.100108792964153e-13,2.4272251197811566e-10,8.223856171580061e-07,2
1015,07:56:30,3.57420940170938e-11,2.4599332585479502e-12,1.5783342616012172e-12,2.3822817157776927e-13,5.265337824460157e-13,1.742158248334532e-10,8.48418587933952e-07,2
1016,07:57:00,3.882207704098155e-11,2.8654396671981324e-12,1.5020169981539378e-12,2.320331957685195e-13,6.643419703792074e-13,2.148423874505629e-10,8.21612515642509e-07,2
1017,07:57:30,2.3462191211789874e-11,3.0796464059603994e-12,1.4360630034286283e-12,2.7514489667073413e-13,7.193627843539624e-13,1.7766463884842875e-10,8.637838995255328e-07,2
1018,07:58:00,2.3594390841714e-11,3.37920584524513e-12,1.5095082285534983e-12,2.669122139039772e-13,9.57236142194142e-13,3.0728745178040566e-10,8.378496146421023e-07,2
1019,07:58:30,2.700392848355097e-11,3.3883595622522498e-12,1.4168163837197724e-12,2.795605830586745e-13,1.1515058811693285e-12,2.706292343946612e-10,8.005615097580245e-07,2
1020,07:59:00,3.0883079851185234e-11,2.4492971720158777e-12,1.5542729096806295e-12,2.5232460060756846e-13,8.648117319905e-13,2.106304388834738e-10,8.429979738394396e-07,2
1021,07:59:30,2.7518293378752867e-11,3.811478275239935e-12,1.225782458119929e-12,2.6550935654393066e-13,6.9733225477155e-13,2.0726752268180763e-10,8.483971223016722e-07,2
1022,08:00:00,2.3764156809428585e-11,3.0352089370571758e-12,1.1493258133988964e-12,2.0133017369215812e-13,4.693996489654131e-13,2.822477788314378e-10,8.80408791211185e-07,2
1023,08:00:30,2.9913220805738606e-11,3.287508646457739e-12,1.2795795485487498e-12,2.5889578377805815e-13,8.004188424063078e-13,2.603778876032844e-10,8.46660465730832e-07,2
1024,08:01:00,2.7071524124129244e-11,2.5061390418623425e-12,1.3467203155694378e-12,2.2431380109593465e-13,6.636466665816434e-13,2.805309960384322e-10,8.138667856445634e-07,2
1025,08:01:30,3.6167866308992296e-11,3.5888400908132892e-12,9.602642511900306e-13,2.393809342859235e-13,5.633580608399625e-13,2.7534351754242393e-10,8.462146747375227e-07,2
1026,08:02:00,2.4389814602526855e-11,2.646618966080232e-12,1.2959808884701722e-12,2.5032369059635337e-13,9.113025017999224e-13,3.393701937695537e-10,8.27456978524976e-07,3
1027,08:02:30,2.9803865796383145e-11,2.233444337027724e-12,1.3368198990786301e-12,1.7572131064664482e-13,5.809670852047439e-13,2.746038745089448e-10,8.703978846986374e-07,2
1028,08:03:00,3.8364136351159994e-11,4.1989336222455e-12,1.784658925521034e-12,2.644461846568141e-13,8.327929013762984e-13,2.212893369489573e-10,7.95581066696993e-07,3
1029,08:03:30,2.8858184767872803e-11,2.584775311899646e-12,1.2136158724375353e-12,2.3926317332883667e-13,8.080356304995353e-13,2.371621475754763e-10,8.093734746628112e-07,3
1030,08:04:00,2.523660514833439e-11,3.0802447177757467e-12,1.7728534088892345e-12,2.2074619723685912e-13,7.081982555477172e-13,3.360968823473405e-10,8.467382192415731e-07,2
1031,08:04:30,2.913630892784068e-11,2.4847205147977517e-12,8.488155491691009e-13,2.023035841690456e-13,4.619486666889425e-13,2.9754537146907993e-10,8.210525996910796e-07,2
1032,08:05:00,5.900556175108925e-11,3.027409800103441e-12,1.1439733893564824e-12,2.0044526113526517e-13,5.770093745853849e-13,3.1408358980481007e-10,8.308686328012097e-07,2
1033,08:05:30,3.676516357838867e-11,2.8907929266471187e-12,1.1545950803628407e-12,1.7616440638755634e-13,5.253069007605853e-13,3.507841773262019e-10,8.05000499469981e-07,2
1034,08:06:00,3.0334516033087654e-11,2.3543185832016145e-12,1.1256968612443862e-12,2.0665716284894797e-13,5.575381355964858e-13,2.755958764357028e-10,8.772590191840709e-07,2
1035,08:06:30,3.2952302609079934e-11,2.5710286135770156e-12,1.1586631249009011e-12,2.182118991693498e-13,7.011951098641546e-13,2.6270395916557757e-10,7.862019173040131e-07,2
1036,08:07:00,4.4946248315829755e-11,3.5035908803389514e-12,1.300318235608936e-12,2.306942394470091e-13,6.720423017715867e-13,2.9570176535244463e-10,8.09318013080047e-07,2
1037,08:07:30,4.194730776825296e-11,3.540347057009666e-12,1.6836595498044118e-12,3.622329423863715e-13,1.1466410083167629e-12,1.6021157089076211e-09,1.7983094209458187e-06,2
1038,08:08:00,5.0756264440532855e-11,6.2467014319177576e-12,5.128998503198907e-12,5.696136138964478e-13,1.6309810597127634e-12,6.823641001438162e-10,2.0846434807436798e-06,3
1039,08:08:30,2.867288091124111e-11,8.712560328048807e-12,6.762834536443215e-12,7.890276802947311e-13,2.7376399948109515e-12,9.638067586844508e-10,2.08782508709297e-06,2
1040,08:09:00,1.3788714856333197e-11,6.083078181657938e-12,2.8419152941487358e-12,4.845342544480863e-13,9.944006555841819e-13,4.0479086513110123e-10,2.0031783793451263e-06,3
1041,08:09:30,1.3441009277767531e-11,4.775295078380105e-12,3.330175736712192e-12,5.53387123947997e-13,1.2280028706968137e-12,3.298915819691979e-10,1.906821392228592e-06,2
1042,08:10:00,1.4055971927763735e-11,2.9935494308259554e-12,2.5847802011726205e-12,5.711826670139126e-13,1.311246948054342e-12,2.7211536913676485e-10,1.903470828922975e-06,2
1043,08:10:30,1.505663541182221e-11,9.38683006221198e-12,6.960938776858015e-12,7.08419945995488e-13,2.5469022550319704e-12,5.498793399306971e-10,1.8307088029393056e-06,2
1044,08:11:00,3.987685700449238e-11,5.959489324191235e-12,5.9254140270220775e-12,1.7551079973796298e-12,2.6379492240867203e-12,1.4576012388970992e-08,2.9469051664096e-06,0
1045,08:11:30,5.335478969895631e-11,7.370738788801318e-12,1.1427824011694389e-11,8.058863063105452e-13,2.450806080726315e-12,3.69008509001693e-09,3.501965597382545e-06,0
1046,08:12:00,1.296070121107012e-10,2.5653666033586845e-11,1.3880546735932015e-11,2.690625437120533e-12,4.201619526075061e-12,1.3216125427784018e-08,3.3720360198815177e-06,0
1047,08:12:30,6.674641227178229e-11,5.998324593602237e-12,5.409853242488029e-12,9.199033137111306e-13,2.471147388307537e-12,2.3599230353416064e-09,3.413887084908678e-06,0
1048,08:13:00,3.4176560200851825e-11,5.2422066479356515e-12,2.8091316807354627e-12,1.1719203696738476e-12,2.239132660857231e-12,3.632529767994211e-10,3.5746505817542935e-06,0
1049,08:13:30,1.509623588895144e-10,1.0126449033750527e-11,4.5748134251456685e-12,1.0685813666257714e-12,2.0604290552755126e-12,3.9688138793321985e-09,3.4599682626587432e-06,0
1050,08:14:00,2.0680607681572622e-10,2.0879227619731702e-11,1.0977124389407269e-11,4.6593326850401576e-12,1.0367543228737258e-11,7.351692529279314e-09,3.3020674068233967e-06,0
1051,08:14:30,1.1490582066903347e-10,4.005724034406021e-12,3.4810948579261242e-12,1.0815754810161762e-12,2.1025129493669344e-12,3.004236978454148e-09,3.4642062445409178e-06,0
1052,08:15:00,4.163537997166945e-11,1.7026450073077269e-12,4.891724872588076e-12,6.436419840268359e-13,1.2535979729647793e-12,1.8011722341962261e-09,2.9224324959355005e-06,0
1053,08:15:30,4.763111514881684e-11,5.838389802551925e-12,4.046876024358691e-12,7.467604816501537e-13,1.6262354073946062e-12,1.9075024810736996e-09,3.088590616428712e-06,0
1054,08:16:00,3.034010534697368e-11,6.388348871026564e-12,5.534031792965152e-12,6.325829555784604e-13,1.3023421511421338e-12,2.4742689314359268e-09,3.4221063125924223e-06,0
1055,08:16:30,7.496340137328514e-11,6.365340866575843e-12,1.530697635596389e-11,1.3519536335731695e-12,3.1799632426039196e-12,2.82572688238294e-09,3.1967415340261898e-06,0
1056,08:17:00,8.163711879841217e-12,4.277994573606213e-12,5.063959717723489e-12,7.599001839277078e-13,1.620776036204667e-12,3.6857287699688357e-10,3.597013395384161e-06,0
1057,08:17:30,1.0120263636729175e-11,2.7546188045590313e-12,5.7117668666291214e-12,7.448075982005677e-13,1.2854112818100746e-12,4.4790449710526114e-10,3.492168314528211e-06,0
1058,08:18:00,5.0407184796816135e-12,2.7405909809738094e-12,4.811602948131579e-12,6.572758676670032e-13,6.630410744761212e-13,2.8268013771814003e-10,3.5519062002666823e-06,0
1059,08:18:30,2.6007495753802245e-11,3.3795168667800057e-12,3.681313373648758e-12,6.743477231204254e-13,1.1896076068119118e-12,2.2556069140794744e-09,3.5753820850237693e-06,0
1060,08:19:00,1.1378362863082054e-11,6.038195487937952e-12,1.5326644724324783e-11,9.263694442780366e-13,2.4722295546972404e-12,3.3867760875342655e-09,3.563453496045453e-06,0
1061,08:19:30,8.526863869932365e-12,6.442511466720971e-12,1.1377372128906116e-11,9.185561746880452e-13,2.1216823838451668e-12,2.149626590909926e-09,3.5773639759284317e-06,0
1062,08:20:00,5.2071852693333195e-12,1.483498932230711e-12,4.208458333932635e-12,5.253818310417839e-13,7.451970513638185e-13,1.8819130657984544e-09,3.584054157040037e-06,0
1063,08:20:30,6.629777094657257e-12,3.823287859351051e-12,1.1083648637209012e-11,6.849785687249853e-13,1.2064699307695203e-12,1.6924325144629117e-09,3.5764279155946852e-06,0
1064,08:21:00,5.945735377457932e-12,6.046509495469757e-12,7.49026388349227e-12,8.46384115758254e-13,1.5387545445983934e-12,8.197823607130932e-10,3.549031014214638e-06,0
1065,08:21:30,1.1412065157740476e-11,6.73480114662229e-12,1.4850905579266183e-11,9.212742711156895e-13,1.665016390814189e-12,2.0095647485720614e-09,3.4899911777988094e-06,0
1066,08:22:00,6.5643510796166515e-12,2.8434886268045588e-12,3.00461579007143e-12,7.52417117232694e-13,9.577915691732283e-13,1.5432163803221124e-09,3.539413841410873e-06,0
1067,08:22:30,1.2263632686632617e-10,3.169624195550723e-11,3.0397712010422615e-11,6.519123556453384e-12,8.825013458431898e-12,3.466766725825833e-09,3.5233923010682433e-06,0
1068,08:23:00,5.936233861961068e-11,3.858673770087684e-12,6.287597346651189e-12,7.760141564725426e-13,1.416729207055392e-12,1.582377279815717e-09,3.4491718324307453e-06,0
1069,08:23:30,6.92020847512365e-12,4.974913865748925e-12,8.20696450461281e-12,7.368337833815967e-13,1.3633821274002443e-12,2.509923238347617e-09,2.854840781554423e-06,0
1070,08:24:00,8.351491539987272e-12,2.762708787512904e-12,4.9697991241335545e-12,8.618954630828553e-13,9.51421475469711e-13,2.197497983475687e-09,2.433906242857498e-06,0
1071,08:24:30,7.240570004173915e-12,3.4619711988494208e-12,5.202689778381685e-12,6.898299840987939e-13,1.5170474585766846e-12,3.1739936798796076e-09,3.0761233900851895e-06,0
1072,08:25:00,7.48424419529639e-12,7.62445677647075e-12,9.606026859939407e-12,8.014358134367468e-13,1.5039100228841867e-12,2.5406554002798104e-09,2.9797651011188334e-06,0
1073,08:25:30,6.254940914145883e-12,3.996253899157759e-12,4.886069777574061e-12,6.993790511336334e-13,9.07970856793557e-13,2.9738270107675946e-09,3.1999624596682774e-06,0
1074,08:26:00,1.079566726693945e-11,4.86204386396617e-12,4.813773342945392e-12,6.338326277130948e-13,1.469146978548805e-12,3.702741680445804e-09,3.2857884331153187e-06,0
1075,08:26:30,1.4974179076303353e-11,3.909186549662017e-12,4.907798389337295e-12,6.308835082776326e-13,1.2420900146027561e-12,4.4236044254788644e-09,3.3380265895606196e-06,0
1076,08:27:00,8.302815616535771e-11,6.612150710906061e-12,3.5340523597768924e-12,1.587658085478709e-12,2.65116386611793e-12,6.074940285699259e-09,3.5404930224551325e-06,0
1077,08:27:30,4.850794219411381e-11,3.3358947302103926e-12,5.680285199066032e-12,7.701060055914903e-13,1.245530140426958e-12,3.129582879618109e-09,3.592496695477635e-06,0
1078,08:28:00,2.4283185387160405e-11,3.0463808089309623e-12,4.842455278076358e-12,7.055674300706533e-13,1.2016863446724631e-12,5.169267900451941e-10,3.564039036534614e-06,0
1079,08:28:30,1.109551052057501e-11,6.791765932275791e-12,1.6063862701082325e-11,9.089286838049224e-13,1.6324958246612406e-12,3.299927100333655e-09,3.4559334722432807e-06,0
1080,08:29:00,1.3913570583577725e-11,2.5689825891466776e-12,3.1538674798380065e-12,6.983517467263573e-13,1.1292286238948203e-12,8.609182581393052e-10,3.511136551490422e-06,0
1081,08:29:30,7.761988366665542e-12,2.4770129864795175e-12,4.8287853017123085e-12,5.474109026100869e-13,5.304460394653654e-13,2.4609860334924067e-09,3.5057599949954957e-06,0
1082,08:30:00,6.626812926742121e-12,4.860668992159235e-12,7.744047245660141e-12,8.908958881697513e-13,1.7725816538656126e-12,1.548240963556918e-09,3.4464044724789826e-06,0
1083,08:30:30,1.6581260255002078e-10,5.544191349184909e-12,5.49634485870413e-12,3.155897759051306e-12,1.84124620553072e-12,3.14002667934949e-09,3.4999736677750714e-06,0
1084,08:31:00,1.2961865908073384e-11,3.1494896247940186e-12,7.447760641269696e-12,6.779194770285972e-13,9.065830638163494e-13,1.5387045947611605e-09,3.539260915380785e-06,0
1085,08:31:30,1.0730242989162853e-11,3.6159710034233485e-12,7.498563036174322e-12,7.630542275846373e-13,1.5761754331405072e-12,2.3318649576532766e-09,3.5129607013454778e-06,0
1086,08:32:00,7.332850677595596e-12,2.9363751564163205e-12,3.1453962168327467e-12,6.191691967171994e-13,9.397304610950256e-13,1.9192945066177237e-09,3.4267333542509503e-06,0
1087,08:32:30,1.0871976904517889e-11,6.401177203968648e-12,1.1866397677105497e-11,9.469233330486163e-13,1.9441055383004844e-12,4.907578707791686e-09,3.2183056099067544e-06,0
1088,08:33:00,4.391016491016926e-11,8.56190538860798e-12,4.931813092816079e-12,7.962808490484461e-13,1.287194616799615e-12,4.806334548260787e-09,3.4305507672734104e-06,0
1089,08:33:30,9.255180934852544e-11,9.268251899228413e-12,2.777362742365812e-12,7.782855547554274e-13,1.2455246434741302e-12,1.1581914096515748e-08,3.612527351478684e-06,0
1090,08:34:00,1.362624827765699e-10,1.4795364411415573e-11,4.27317729237595e-12,2.1910193996176715e-12,2.769387159899938e-12,1.1771858149383732e-08,3.2200502087556357e-06,0
1091,08:34:30,1.5759449143249457e-10,1.7194667603430235e-11,3.0082031118302436e-12,7.065416697384872e-13,1.3502585520543902e-12,1.7759135074231096e-08,3.198111981660278e-06,0
1092,08:35:00,1.0935088219028886e-10,1.0854963345172221e-11,2.7567152837794657e-12,8.76533975598666e-13,1.4764910274363782e-12,1.0491642540210157e-08,3.5614796211782363e-06,0
1093,08:35:30,1.5347192958098929e-10,1.5279893726822964e-11,3.2311415831808e-12,6.430483727797518e-13,1.7577842012651855e-12,1.6371997831829406e-08,3.296126610048885e-06,0
1094,08:36:00,1.36370884146461e-10,1.249965470322895e-11,2.2552141190338286e-12,6.571347649734022e-13,1.5138936384071376e-12,1.2203369222270627e-08,3.1390110494067546e-06,0
1095,08:36:30,1.6045291186992722e-10,1.5298230147780564e-11,2.8380785250484166e-12,8.13280490777328e-13,2.2848373805733458e-12,1.2589560038952538e-08,3.4811287311175196e-06,0
1096,08:37:00,1.117029880786509e-10,1.2557184743256161e-11,2.8541893723805028e-12,7.686767596021771e-13,1.6847255765944824e-12,1.0999215664640533e-08,3.5374753944851156e-06,0
1097,08:37:30,1.2153371675591302e-10,1.4478942148669063e-11,4.762543452982969e-12,3.527998345241246e-12,3.5413853757602693e-12,1.2881140995411611e-08,3.5432123582831804e-06,0
1098,08:38:00,2.4613043724383565e-10,1.8360414829195445e-11,3.793093882862952e-12,8.217957221342341e-13,2.8333105079240187e-12,1.4555604178074604e-08,3.477255772030562e-06,0
1099,08:38:30,2.2443808190379576e-10,1.9015960941116926e-11,3.154275525516569e-12,7.840634234603238e-13,1.6756020434460576e-12,1.4512497517597522e-08,3.561781598529201e-06,0
1100,08:39:00,1.8648284136845304e-10,1.8687125550364773e-11,4.533607924365177e-12,1.7301101580118534e-12,2.602258246598317e-12,5.6080188851612855e-09,3.4087420076509542e-06,0
1101,08:39:30,2.106756614712579e-10,2.2397606764111615e-11,3.646005846065221e-12,8.93894984068181e-13,2.1252430930395366e-12,6.5594674359780606e-09,3.5988247081839764e-06,0
1102,08:40:00,1.358083627978221e-10,1.392647738285618e-11,3.0312859461492398e-12,7.500313584144247e-13,1.9749408271571656e-12,1.5301023656267386e-08,3.6005635557283373e-06,0
1103,08:40:30,3.4014563304659003e-10,2.6244240659027786e-11,4.920762573255958e-12,1.329323220687883e-12,3.081494364447764e-12,1.90092220002695e-08,3.585711966464136e-06,0
