index,start_time,eeg_delta_power,eeg_theta_power,eeg_alpha_power,eeg_beta_power,eeg_spindle_power,eog_var,emg_rms,label
1,21:34:30,5.187427974506694e-11,1.1619482012414555e-11,3.4528184649702733e-12,2.0375719283682383e-12,1.5555418943065844e-12,1.8302693854625153e-09,4.060085907980567e-06,0
2,21:35:00,7.788139140213673e-11,1.3986700922668812e-11,3.500263716590956e-12,2.6219451740743394e-12,1.967157790239947e-12,7.691072047639049e-10,4.1569040083253615e-06,0
3,21:35:30,4.5079145694969335e-11,1.7384116818409887e-11,2.468564256526133e-12,2.3366167722220064e-12,2.7271469467403688e-12,3.547463458245145e-10,4.117174182081612e-06,0
4,21:36:00,3.81504276768666e-11,8.505300925627863e-12,2.742558538732953e-12,2.236512279298349e-12,1.800535940644071e-12,3.954111171280911e-10,4.107399235037221e-06,0
5,21:36:30,7.111622722474781e-11,1.6625920534500074e-11,6.822478063556632e-12,3.863574696371207e-12,3.539696401453189e-12,2.6189620092427313e-09,4.169870017739139e-06,0
6,21:37:00,1.0590796376189592e-10,2.0013800927420928e-11,5.916335157869427e-12,4.502353641818049e-12,3.989869049753864e-12,5.812339978759444e-09,4.145693305054432e-06,0
7,21:37:30,7.405025835974814e-11,1.3734749551867073e-11,3.877566390260833e-12,2.7302295447601908e-12,3.014382456574641e-12,3.537011170860809e-09,4.106963315309511e-06,0
8,21:38:00,1.0562068703545063e-10,2.0675282051957392e-11,4.361323590185239e-12,1.76494874236054e-12,1.9166415928408317e-12,2.2043939422923452e-09,4.128865780179735e-06,0
9,21:38:30,2.1655938225578923e-11,5.133896816926926e-12,1.8514021974283226e-12,1.053065931909195e-12,1.087750018328498e-12,5.949235905592796e-09,4.096491843208458e-06,0
10,21:39:00,6.564136951975756e-11,1.0986519602152511e-11,2.3237292885682624e-12,1.1030269626620257e-12,1.101949381054421e-12,1.9143609958485793e-09,4.100313185206929e-06,0
11,21:39:30,6.188291931861996e-11,2.1256592006016744e-11,3.0822781941492153e-12,1.3191022592577947e-12,2.485970626062767e-12,7.680345862565015e-10,4.06463549581477e-06,0
12,21:40:00,7.15191031362417e-11,1.473046694282386e-11,3.4563942575878655e-12,2.005433500482298e-12,2.9298586496220457e-12,7.907909414023731e-10,4.056449313616012e-06,0
13,21:40:30,4.8698302256565124e-11,1.0209269591833514e-11,2.7173320499846423e-12,2.0228064189797035e-12,1.6905667092701946e-12,2.0010566598970376e-09,4.066897965804987e-06,0
14,21:41:00,1.3236925715474412e-10,1.6699153002725525e-11,3.0195220179807004e-12,1.6045627929595598e-12,2.3921416665056804e-12,3.146252988408291e-09,4.0974208319105916e-06,0
15,21:41:30,1.0095714653252736e-10,1.93349475616851e-11,4.358516520930282e-12,2.2697614062272105e-12,3.4598929919372886e-12,6.457368633954303e-09,4.126342500039933e-06,0
16,21:42:00,1.1247486135408611e-10,6.868300323458972e-12,2.4381595635948454e-12,1.843719369203253e-12,1.9244888619297322e-12,5.5918709314246385e-09,4.2012123760412e-06,0
17,21:42:30,1.4926611980905851e-10,2.395411583531266e-11,4.391843141920751e-12,1.8676483974983985e-12,2.296671919602243e-12,3.8381893105661414e-09,4.145565524195682e-06,0
18,21:43:00,1.2512473966755285e-10,1.0969826478922923e-11,3.972020268016538e-12,2.0041180772098407e-12,2.642989551576556e-12,6.652036994713463e-09,4.051657690611839e-06,0
19,21:43:30,9.717356208530783e-11,1.0662111540875441e-11,3.1816332509240006e-12,2.1486733766530614e-12,2.932744726413511e-12,6.942132332765615e-09,4.091911741443883e-06,0
20,21:44:00,8.699432171102837e-11,1.104099835651155e-11,2.3867094045987988e-12,1.4917248552008937e-12,2.3136392439118176e-12,5.64423648805875e-09,4.130716960054626e-06,0
21,21:44:30,1.0363432046277171e-10,1.2627966057050974e-11,4.199957973904945e-12,2.803717842881994e-12,2.730934023333376e-12,4.352345542623576e-09,4.055736285437582e-06,0
22,21:45:00,6.999441709534241e-11,1.2375667467434216e-11,3.393235052125532e-12,1.7823579342305362e-12,1.9404357234420652e-12,3.873235628817413e-09,4.060618116676075e-06,0
23,21:45:30,1.0870719468342483e-10,1.440468596431e-11,5.433686026345747e-12,2.9544788808628477e-12,2.5196384130752717e-12,5.434548397938953e-09,4.115699500223451e-06,0
24,21:46:00,7.295861833241685e-11,2.0802907857287153e-11,5.416104175614923e-12,4.717196374184767e-12,4.416237759427606e-12,7.049572005487794e-09,4.14718806235873e-06,0
25,21:46:30,1.0818708574462425e-10,1.2180352148083127e-11,4.147312624101159e-12,2.15768635481125e-12,2.7021457885208565e-12,4.693513129889082e-09,4.077276811342889e-06,0
26,21:47:00,1.4639330770672587e-10,1.3935285087401045e-11,3.5748459271873284e-12,2.1362873072885263e-12,2.8149132056017778e-12,5.0609914381509284e-09,4.0800556364951675e-06,0
27,21:47:30,1.196337191358408e-10,2.8084110977587754e-11,4.90313966240688e-12,2.6049463140664975e-12,2.7219715714586533e-12,3.1386774318769775e-09,4.077129338359646e-06,0
28,21:48:00,6.836868528006767e-11,1.58749655395822e-11,3.319189739872224e-12,2.0980352321709066e-12,2.2881839990034735e-12,1.0742049643921812e-09,4.152249031700119e-06,0
29,21:48:30,9.982911024672892e-11,1.3847143075612423e-11,4.802437838770323e-12,2.7130179786944997e-12,3.777809699746572e-12,3.7080044094688297e-09,4.133771018189345e-06,0
30,21:49:00,2.17450452423261e-10,2.2856863426950767e-11,3.8607799415567425e-12,2.513983945966728e-12,1.84968109986667e-12,5.9963948041849934e-09,4.0892081697709915e-06,0
31,21:49:30,7.515068825527089e-11,2.094958017343692e-11,4.380449822248062e-12,2.4291980649898604e-12,2.1852367606526018e-12,4.43879560255073e-09,4.042865383553752e-06,0
32,21:50:00,1.7000966894934617e-10,1.8271213131540805e-11,4.09634872431828e-12,2.1912817550259382e-12,2.7211761488383776e-12,6.421977444608536e-09,4.026267363832483e-06,0
33,21:50:30,1.1188029165681032e-10,1.518976601608045e-11,3.042331833212832e-12,2.0859197086240557e-12,2.3197875981602958e-12,4.416899855172951e-09,4.045958054144858e-06,0
34,21:51:00,1.3919061486283987e-10,1.3567059793833831e-11,3.638380144056057e-12,2.7045041714743515e-12,3.5821680490232047e-12,4.0729950283149e-09,4.066041244360711e-06,0
35,21:51:30,5.581204579775788e-11,1.2213556379805631e-11,3.1207085205817152e-12,1.6884973875742082e-12,2.2653529751938474e-12,4.549609303114108e-09,4.107173040348986e-06,0
36,21:52:00,1.052722320350597e-10,1.5351645490054427e-11,2.4738086002065633e-12,1.6717774053980295e-12,1.9917741749235243e-12,3.8985202761986215e-09,4.127118203342214e-06,0
37,21:52:30,1.4661277604454197e-10,1.2761434067180925e-11,3.729398727563725e-12,1.8146587051955963e-12,1.7813578706574492e-12,5.223557444125635e-09,4.077377167265745e-06,0
38,21:53:00,1.2949807500793062e-10,1.671602446884842e-11,5.0810566325238945e-12,2.2717972313229836e-12,2.7735982043459843e-12,7.849627381069457e-09,4.169216928474106e-06,0
39,21:53:30,1.2413253810978353e-10,2.1926873545459566e-11,4.9175107227782035e-12,2.6058985935993326e-12,2.715830629307768e-12,2.0244735889531236e-08,4.152204399830394e-06,0
40,21:54:00,1.6223941270583665e-10,1.937897416280686e-11,4.278090203151369e-12,2.385114950697978e-12,2.8830043716490637e-12,9.825787639551676e-09,4.096301183693945e-06,0
41,21:54:30,2.0309729571486357e-10,1.327487774581576e-11,3.4776354052338584e-12,1.927072257267133e-12,2.5145146247013848e-12,5.848377332587315e-09,4.147697764109333e-06,0
42,21:55:00,1.555780525780969e-10,2.5754631955880067e-11,6.008830010609382e-12,1.9909312466038785e-12,2.817053814499658e-12,7.491657007729015e-09,4.105415256211379e-06,0
43,21:55:30,9.830073294204716e-11,2.4594044988088168e-11,4.31199508412544e-12,1.926471288140006e-12,2.4273108252326928e-12,9.708677754871058e-09,4.102179662391814e-06,0
44,21:56:00,8.576668045159951e-11,1.2719548084366341e-11,3.93170144962686e-12,1.7732591138729784e-12,1.8099047495145695e-12,2.621962766196301e-09,4.1393575608766875e-06,0
45,21:56:30,2.3804130796570705e-10,1.070277843758637e-11,3.5766425319289635e-12,2.3687605471085288e-12,2.158903286744403e-12,1.0911962103015578e-08,4.109130143539282e-06,0
46,21:57:00,2.4706928872645188e-11,1.441473742343742e-11,5.943650417063126e-12,1.8222476608553033e-12,1.781897804768178e-12,1.0330407792557632e-09,4.126951430504795e-06,0
47,21:57:30,1.8064918396709526e-11,1.529256695486639e-11,4.988447931528602e-12,8.501706584570055e-13,1.2072486812489024e-12,3.0050313039751367e-10,4.133073312076602e-06,0
48,21:58:00,1.8178810090416534e-11,4.268280545964562e-11,6.680840180238505e-12,1.1686489428431508e-12,2.1773697389987243e-12,4.167971185719404e-10,4.14658673553607e-06,0
49,21:58:30,1.516345756022101e-11,2.75008852203479e-11,6.084708889168219e-12,8.86332441245042e-13,1.6162166410743557e-12,3.004304653054888e-10,4.106528758938713e-06,0
50,21:59:00,1.5610789882635057e-11,4.130955688824391e-11,9.511261904702612e-12,6.919646906434568e-13,1.024213446944926e-12,1.611668101090486e-10,4.156213803791915e-06,0
51,21:59:30,1.8881898355179707e-11,2.640195159208184e-11,5.775649274206459e-12,7.548720366926447e-13,1.2428718528840072e-12,9.3754936696245e-10,4.060567080562142e-06,0
52,22:00:00,1.2083583879122824e-11,3.363420794587265e-11,5.9153071019388606e-12,6.467158979215822e-13,8.578080556010806e-13,2.8385329989264263e-10,4.010175465565856e-06,0
53,22:00:30,9.70931089294997e-12,3.612700594678678e-11,6.055311429459796e-12,6.533284333924101e-13,8.612285498978219e-13,1.0182264835134976e-09,3.925953404247932e-06,0
54,22:01:00,9.91377369181736e-12,2.6537046034743538e-11,5.5154562772037455e-12,6.289261229157678e-13,9.732435934512966e-13,6.02667240439027e-10,3.950452668266506e-06,0
55,22:01:30,8.4801307275481e-12,1.522283594904202e-11,6.4158241457292184e-12,5.143239763032381e-13,7.985219004124958e-13,5.380052262064365e-10,3.459142297452017e-06,0
56,22:02:00,1.769633930083101e-11,1.1425196816422093e-11,3.1833425864420917e-12,5.825099471749043e-13,8.421594014245564e-13,9.893427414191742e-10,3.611987567212792e-06,0
57,22:02:30,1.1899724143571575e-11,1.8260264251125233e-11,7.437489179167253e-12,8.088794348561332e-13,9.92908969486732e-13,1.6975871237161597e-09,3.607144589231306e-06,0
58,22:03:00,9.622210693071082e-12,1.3864977779355621e-11,5.8296976675561685e-12,5.683140292496599e-13,6.976970111805354e-13,6.367087060914351e-10,2.84881698063139e-06,0
59,22:03:30,3.7211953963459946e-11,2.2193214784288852e-11,5.53336771047239e-12,6.613013991706077e-13,7.316350124337717e-13,1.1869142061028694e-09,2.652321405388833e-06,0
60,22:04:00,9.450669364324806e-12,1.0657710152468961e-11,5.188681206600781e-12,5.917534516042286e-13,9.180591575973721e-13,1.0040880126576587e-09,2.6052846156683785e-06,0
61,22:04:30,3.5883544281557404e-11,1.2560264472955566e-11,1.7064848898379994e-12,4.4045037162588714e-13,6.85883832180785e-13,5.983393668991514e-10,3.235702491705933e-06,1
62,22:05:00,2.2311136610358352e-11,9.859125410531073e-12,2.0253482649901657e-12,4.94449192670207e-13,7.643536337061248e-13,3.469971626460716e-10,2.6512431498987124e-06,1
63,22:05:30,2.7711297784517182e-11,8.078291293500676e-12,1.2238387266174934e-12,4.18014600496152e-13,7.730927876634944e-13,4.0129415214081053e-10,3.3637828917368392e-06,1
64,22:06:00,1.1385962039270815e-10,1.5237929588292852e-11,2.063936024086136e-12,4.636411646512853e-13,1.1376415881240077e-12,3.1038743476429085e-10,3.338374593133648e-06,2
65,22:06:30,1.249095896936144e-10,2.1009206233908037e-11,2.1373364301420203e-12,4.812656073969107e-13,1.1299415092649578e-12,2.100126666018605e-10,2.3029794682869234e-06,2
66,22:07:00,1.0551200088020265e-10,1.2407985524559753e-11,2.2301938834302246e-12,4.829308006115186e-13,1.3378647285627574e-12,1.5080579831465055e-10,1.88161418559127e-06,2
67,22:07:30,6.895029443113939e-11,7.383361582849864e-12,1.6804189662689962e-12,4.5318515430141036e-13,1.0867606613221355e-12,1.43231685406062e-10,1.945204780987268e-06,2
68,22:08:00,6.218743030035087e-11,1.6939055704076333e-11,1.7411057566168453e-12,9.94623461768376e-13,3.926668645313944e-12,1.4344135723671404e-10,2.0505712541289773e-06,2
69,22:08:30,9.30574369055076e-11,1.4678768266819257e-11,2.9404113162352766e-12,1.1341568986228486e-12,5.591732017992662e-12,1.5234087914943706e-10,1.8908559367514622e-06,2
70,22:09:00,8.119906024768661e-11,1.877595139198024e-11,2.48120328700526e-12,7.22313410202942e-13,2.539829353632631e-12,1.5263966519367554e-10,1.0692507454476288e-06,2
71,22:09:30,5.455529242261451e-11,1.1062965897401462e-11,3.0922366265209443e-12,1.1335445631995664e-12,6.714226357614494e-12,1.2290957661074095e-10,1.1433077339761207e-06,2
72,22:10:00,9.06352257867323e-11,1.475678766949861e-11,2.3087119509910255e-12,2.0752758604891656e-12,1.415722933340448e-11,1.3477477505198077e-10,1.0824555510231505e-06,2
73,22:10:30,1.0285899405602504e-10,1.3087318014051814e-11,3.060903728491878e-12,8.912966467153172e-13,3.741128644401648e-12,1.4846047740261518e-10,1.039097648265766e-06,2
74,22:11:00,1.4016401617032988e-10,1.503578086985418e-11,5.6775439813339755e-12,1.132314648741111e-12,6.668076786190235e-12,1.290531624969251e-10,1.0126357348214823e-06,2
75,22:11:30,9.403949837620963e-11,1.0616413937319322e-11,3.124947633026001e-12,9.596922879128248e-13,5.1306942178555145e-12,1.812071838443822e-10,1.0034657381276729e-06,2
76,22:12:00,1.0306528666738793e-10,1.6024531669787456e-11,3.794773806251167e-12,9.414326642889201e-13,4.8110755247366015e-12,1.6291715301326487e-10,1.1287379394652623e-06,2
77,22:12:30,1.422771117483534e-10,1.792626262809698e-11,5.254295185212778e-12,7.799903970254738e-13,2.6095709281926505e-12,1.7567467963746895e-10,1.077590021178937e-06,2
78,22:13:00,2.004206273451843e-10,2.0750570383992765e-11,6.3921760977284636e-12,9.611848837217029e-13,5.256423584686404e-12,1.8115124005221514e-10,1.0442975474432348e-06,2
79,22:13:30,1.920457470396859e-10,1.6136002358984076e-11,4.521552157103026e-12,6.177939891379052e-13,2.977315077702819e-12,2.3271107661415745e-10,1.0666117566194934e-06,2
80,22:14:00,1.9717717492737257e-10,1.93528937026071e-11,5.020833401930388e-12,1.4193824841411144e-12,9.613238324881475e-12,2.331790163908315e-10,1.0241320697024042e-06,2
81,22:14:30,1.8669377935653865e-10,1.4442330424148685e-11,3.674415050470056e-12,5.540715615461673e-13,2.5005188479364066e-12,1.777717497779222e-10,1.0306608876171745e-06,3
82,22:15:00,1.7882149117836906e-10,1.42454291579538e-11,3.963094096361975e-12,5.037925680312725e-13,1.987626408661888e-12,2.3545183392574085e-10,1.0598500716700825e-06,3
83,22:15:30,1.8800487487413162e-10,1.5622304176417283e-11,4.308087673124949e-12,7.935543863778875e-13,4.719411452366613e-12,2.4841623197581634e-10,1.1192092143020185e-06,3
84,22:16:00,2.0992499103856262e-10,1.5374308893060882e-11,3.700657730710281e-12,5.480337899522649e-13,2.7129935374576605e-12,2.2913353187803355e-10,1.081271295504974e-06,3
85,22:16:30,2.824561602846423e-10,1.8271280853239103e-11,5.620104980227078e-12,7.980166316968238e-13,4.079199788450661e-12,2.879780453046573e-10,1.3308493570530292e-06,3
86,22:17:00,2.1949890060304721e-10,1.6288639255954477e-11,5.579679653300147e-12,9.225952939867011e-13,5.274265586417501e-12,2.6703815194522835e-10,1.1429101972491896e-06,3
87,22:17:30,2.2016641052022305e-10,1.9707139098643277e-11,4.836270790377461e-12,4.954355991516488e-13,2.188562736323853e-12,2.445179881159194e-10,1.0870300827293733e-06,3
88,22:18:00,2.6647062031390525e-10,1.6069498144733753e-11,4.655803542781772e-12,4.941549527027955e-13,2.063400040964981e-12,2.382573031973468e-10,1.0974709534444008e-06,3
89,22:18:30,2.5430911188059847e-10,2.331847963108701e-11,4.0408073130531375e-12,4.519501831854259e-13,1.846069350501012e-12,3.102443527714168e-10,1.0661073469496065e-06,3
90,22:19:00,3.2299706669126654e-10,1.7533604562075245e-11,4.2715213335155816e-12,5.066226944982771e-13,1.944794846202805e-12,2.7330501182974343e-10,1.0738070919885618e-06,3
91,22:19:30,3.3883007695620934e-10,1.6390015874179845e-11,4.001311233082292e-12,6.937030171433246e-13,3.700137236147325e-12,4.1693589791985846e-10,1.0847903672053429e-06,3
92,22:20:00,2.2591166599189222e-10,1.4601447961793644e-11,5.450247727565974e-12,6.109725424809744e-13,3.200648558010903e-12,2.6689840049873695e-10,1.059833443078418e-06,3
93,22:20:30,3.2872997479654914e-10,1.2325044760172924e-11,4.071410583895576e-12,6.290219936978826e-13,3.7153215139933094e-12,3.1517005855993746e-10,1.0440098649532522e-06,3
94,22:21:00,3.7905309123297176e-10,1.9779753643202178e-11,4.040118542678337e-12,8.092732965676999e-13,4.628234017438392e-12,3.454429288176496e-10,1.021304052582198e-06,3
95,22:21:30,3.4689505791926225e-10,1.723639923606892e-11,4.764386981707828e-12,8.320268961630257e-13,5.100238103920618e-12,2.816025264219421e-10,9.861722118661273e-07,3
96,22:22:00,3.1345142794530595e-10,1.8253967624972064e-11,4.095903762534096e-12,5.83414573137814e-13,3.087750673841328e-12,2.5426284624496986e-10,9.809376670436857e-07,3
97,22:22:30,2.5743730583159794e-10,1.7910395277009214e-11,5.553905239481084e-12,5.8653293751124e-13,3.158055756775908e-12,2.877110703410836e-10,9.317469239567585e-07,3
98,22:23:00,3.8655211558933184e-10,2.038579403928622e-11,4.3485543105045546e-12,4.2941963552691125e-13,1.8093843694225564e-12,4.0183828778049193e-10,9.653825977315942e-07,3
99,22:23:30,3.607107507533896e-10,1.4603430201527195e-11,4.632122994268954e-12,5.636324353045159e-13,3.028879636867065e-12,4.1404435054983144e-10,9.221258175860146e-07,3
100,22:24:00,3.753787307111635e-10,2.1586890222262656e-11,4.6154750801726775e-12,6.680288768869626e-13,3.0932486860537042e-12,3.4747778472694947e-10,9.321815496523421e-07,3
101,22:24:30,3.3366853569015704e-10,1.2765108783204643e-11,4.815147115782484e-12,6.209124032999997e-13,3.465410777574056e-12,3.364018278500547e-10,9.986278086040378e-07,3
102,22:25:00,5.416033274917576e-10,1.9840979492126442e-11,5.544591047272287e-12,6.255626496172907e-13,3.214886901980426e-12,3.28423733110038e-10,9.405581672860691e-07,3
103,22:25:30,4.0037150721822266e-10,2.0323227025985054e-11,4.669423952788386e-12,4.507425755300144e-13,1.9168920263738055e-12,3.1538154481779735e-10,9.630726901446141e-07,3
104,22:26:00,4.48617296395642e-10,1.7296119614447462e-11,6.433025606353952e-12,4.333592343142088e-13,2.018381639906148e-12,3.9810758228737784e-10,9.859000842062742e-07,3
105,22:26:30,3.814022026252587e-10,1.5968558444497637e-11,4.235613248833565e-12,5.173766692697004e-13,2.6527693901840212e-12,5.161426762327125e-10,9.600881563604046e-07,3
106,22:27:00,3.825114051502774e-10,1.6984085448846917e-11,4.246245756756552e-12,3.157706289561474e-13,1.1668228151533115e-12,2.783171915653969e-10,9.271214804892826e-07,3
107,22:27:30,3.6224076895517747e-10,2.1294525044395022e-11,5.3019473988896265e-12,4.01643124417145e-13,1.5726340888939062e-12,3.25711379985316e-10,9.671267446229197e-07,3
108,22:28:00,4.3287577515649436e-10,1.6605811060148884e-11,4.466286883320805e-12,4.799698437276735e-13,2.482282502645595e-12,3.959363562642531e-10,8.977377023503649e-07,3
109,22:28:30,3.6924302729131097e-10,2.1117438575652486e-11,4.2925491591122316e-12,4.153754775156756e-13,1.8048117361782608e-12,2.9947318960718996e-10,9.08285255303873e-07,3
110,22:29:00,4.3895664049841605e-10,2.1376386359853955e-11,5.995165407521018e-12,5.7632096782065e-13,2.9615697218963833e-12,3.3441223900877757e-10,9.184134653574646e-07,3
111,22:29:30,4.350368316447404e-10,1.6644354066714766e-11,5.4249339598222534e-12,4.4502534152378617e-13,2.1120093839830664e-12,3.6341475029346854e-10,9.635767190162462e-07,3
112,22:30:00,4.228909314405579e-10,1.871770096975911e-11,5.422339327844867e-12,4.0806419030674506e-13,1.868256866165638e-12,4.1698981995272285e-10,9.029693634281844e-07,3
113,22:30:30,4.860633942380206e-10,1.950410298323144e-11,5.67967423370452e-12,5.468224145433849e-13,3.0081208526945227e-12,4.000735142058009e-10,9.613562890049447e-07,3
114,22:31:00,3.386673027464061e-10,2.046918193527173e-11,7.351355105458697e-12,5.486000445438898e-13,2.942723385219374e-12,3.9223178505665783e-10,9.371721792110077e-07,3
115,22:31:30,5.307610528269942e-10,1.5674558862435887e-11,5.4258789660108e-12,4.743832618050365e-13,2.4497727436028464e-12,3.5136103112594e-10,9.188409541957044e-07,3
116,22:32:00,2.975072153138017e-10,1.8780505147943162e-11,4.978976126422553e-12,4.653488902792749e-13,2.2535151677545072e-12,2.987588058358922e-10,9.310005625142237e-07,3
117,22:32:30,3.17769367413339e-10,1.7538703905619245e-11,6.593412811710563e-12,4.388434775062591e-13,2.1290863113675724e-12,3.8704514683848724e-10,9.188772880777415e-07,3
118,22:33:00,3.736865880704754e-10,1.6972895557218127e-11,6.479126007207316e-12,3.7919570819683145e-13,1.5218228913867187e-12,4.1194433850083045e-10,8.884823432273039e-07,3
119,22:33:30,5.039386252816101e-10,1.5484723701896374e-11,3.6018713674162973e-12,2.8202520109653127e-13,9.839864280164988e-13,3.5290255158394306e-10,9.168394971056216e-07,3
120,22:34:00,3.7186925941265094e-10,1.2755470873383473e-11,4.424200522288589e-12,4.963315388838237e-13,2.7354560583617898e-12,4.191294749734464e-10,9.403082485377915e-07,3
121,22:34:30,4.0794020962100517e-10,1.598725428569263e-11,5.39642719782503e-12,6.204699128799498e-13,3.5516686820457698e-12,4.5071207349857106e-10,8.694798819318649e-07,3
122,22:35:00,4.906608564021792e-10,1.835656756302016e-11,5.528161708798177e-12,3.9668817877145226e-13,1.8338121347867994e-12,3.792011869955294e-10,8.850130980561446e-07,3
123,22:35:30,5.196131157865986e-10,1.3678507759104785e-11,3.908515709433512e-12,3.8667325888663247e-13,1.80966730804367e-12,4.90802380110845e-10,8.744173472446177e-07,3
124,22:36:00,3.978796967833859e-10,2.4436696492138645e-11,5.452362189593657e-12,3.9739814583405595e-13,1.905472799578115e-12,3.694515469437409e-10,8.599388089679107e-07,3
125,22:36:30,4.888044293912117e-10,1.3580536943252838e-11,3.4881885887433388e-12,4.2822237865525647e-13,2.2305607478802578e-12,3.896360641440426e-10,1.072757046090577e-06,3
126,22:37:00,4.733270127172555e-10,2.1047271039743026e-11,4.6452395042181104e-12,4.536298200258929e-13,1.8364718125288717e-12,5.252873654013212e-10,9.170499805315692e-07,3
127,22:37:30,5.724907201160281e-10,1.8525993008474178e-11,5.248806797345555e-12,4.055382204344473e-13,1.6953411814270857e-12,3.526159035906976e-10,9.066651805040619e-07,3
128,22:38:30,2.808092160617e-10,1.1372736474122541e-11,1.7450894352196168e-12,3.54110983079731e-13,1.1038839165576955e-12,7.953946997842085e-10,3.6070373444897658e-06,3
129,22:39:00,2.2086554918155683e-10,9.36135581887595e-12,2.0825817396793915e-12,5.78309342632566e-13,3.240845538931947e-12,3.24136389867425e-10,3.6851383566164468e-06,3
130,22:39:30,2.3756751454674843e-10,9.916281391614127e-12,2.064896611019563e-12,3.9525702794177376e-13,1.3812229643670797e-12,3.179915007767752e-10,3.784770949822686e-06,3
131,22:40:00,2.0737141496755154e-10,1.1316676340308169e-11,2.87467534949678e-12,5.386275392452996e-13,2.7331728001376126e-12,2.869894079519961e-10,3.786679398753038e-06,3
132,22:40:30,2.1312997690019463e-10,1.280002494814246e-11,3.650968609169255e-12,7.277243268763437e-13,3.856587548569522e-12,3.536344776095567e-10,3.850170280746488e-06,3
133,22:41:00,2.0572766483304436e-10,1.385729370370653e-11,3.3507140117068027e-12,6.165713283979864e-13,3.716633048252007e-12,2.8136727487131116e-10,3.852273595077649e-06,3
134,22:41:30,2.6951671556311056e-10,1.9121748086542248e-11,2.9651653163935825e-12,5.245715788622123e-13,2.9286000270958425e-12,2.77075912146349e-10,3.799880986819044e-06,3
135,22:42:00,2.0475080376773843e-10,1.3057043439029838e-11,4.8182589359973476e-12,8.023167938236839e-13,5.50590709155712e-12,2.419547683312892e-10,3.7749467434661187e-06,3
136,22:42:30,3.493687256344353e-10,1.7546990245251117e-11,3.840295667946421e-12,4.1032461176129146e-13,1.7083516473184655e-12,3.582347836354653e-10,3.801264765190041e-06,3
137,22:43:00,3.925189397156193e-10,2.1328756386862054e-11,4.19745653214884e-12,4.774555364473006e-13,2.18202089904492e-12,3.229452162732536e-10,3.860019452901949e-06,3
138,22:43:30,3.088182153243444e-10,1.86863444772974e-11,3.5677295990762424e-12,3.932275412842086e-13,1.8013989711998044e-12,5.051618941951339e-10,3.912619347583492e-06,3
139,22:44:00,3.786766645804159e-10,1.754701594741319e-11,2.639809224622256e-12,3.3782826898999723e-13,1.3250488715492398e-12,4.4579682120715626e-10,3.845843040801314e-06,3
140,22:44:30,3.193080059110832e-10,1.4785549620434202e-11,3.967628934146397e-12,5.330682584239293e-13,2.8095549656185847e-12,3.9699371528971075e-10,3.73100026928514e-06,3
141,22:45:00,4.4606739554917577e-10,9.902698625151824e-12,2.8066831214055304e-12,3.3817428110956005e-13,1.5966200624324094e-12,3.4089615931406853e-10,3.7710731667979813e-06,3
142,22:45:30,3.906368209775425e-10,1.974530985877768e-11,4.167669729140624e-12,4.676774516636257e-13,2.185601628991383e-12,4.132214573737226e-10,3.660024554794051e-06,3
143,22:46:00,4.475062583163029e-10,1.5137991816920958e-11,3.5690192308470704e-12,7.456482528997755e-13,3.831677858200298e-12,3.700499756275335e-10,3.501889014019895e-06,3
144,22:46:30,4.448628295732347e-10,2.004135202659454e-11,3.7219943110142035e-12,4.260601869033457e-13,2.2850442317048584e-12,4.5704259899059507e-10,3.6278111883502296e-06,3
145,22:47:00,5.024981516747286e-10,1.4716083062088457e-11,3.960016828780965e-12,3.424845372242655e-13,1.3745122772727305e-12,4.5354233629781027e-10,3.5989964299785677e-06,3
146,22:47:30,3.334166039129913e-10,1.3331518797809122e-11,3.975343638824369e-12,3.863356933378123e-13,1.715916411753402e-12,3.731793047389292e-10,3.528112711244234e-06,3
147,22:48:00,3.7389686385756164e-10,1.8961991948699126e-11,4.2834920111587035e-12,5.212737238771629e-13,2.920998449492112e-12,4.34266929653098e-10,3.6967818812435437e-06,3
148,22:48:30,4.889763645925524e-10,1.442528387747151e-11,2.6375085482842845e-12,3.167173027884932e-13,1.462617362135857e-12,4.895045308197662e-10,3.6045264437895214e-06,3
149,22:49:00,4.4722300855114e-10,1.2193699532127963e-11,4.425905494709548e-12,7.851752380815585e-13,4.241225930001036e-12,3.256688497939902e-10,3.586395738323407e-06,3
150,22:49:30,2.8657723586039403e-10,1.5861431343188185e-11,4.865369630423886e-12,4.3339376001311575e-13,2.312552348171356e-12,4.170031698445621e-10,3.368174432977226e-06,3
151,22:50:00,3.0515308078557777e-10,1.2740562646632525e-11,3.865242698431408e-12,4.2454405336212987e-13,2.4247116027006322e-12,3.7009547463250697e-10,3.4552206869398477e-06,3
152,22:50:30,4.031014980853148e-10,1.6136352536631118e-11,3.4086990392637454e-12,4.158971141947588e-13,2.19369906560855e-12,3.889508909630835e-10,3.3101611332910096e-06,3
153,22:51:00,3.575321098175767e-10,1.306815484797372e-11,3.333934782753771e-12,3.734780848423823e-13,1.8234115747355412e-12,4.3846718470592443e-10,3.3673911748802795e-06,3
154,22:51:30,4.846868418118115e-10,1.569853412221699e-11,4.311906963588438e-12,3.4968079360284e-13,1.76771311168027e-12,3.8708611495745135e-10,3.3816404347931374e-06,3
155,22:52:00,5.169651944392318e-10,1.2218097808985693e-11,3.432281896561614e-12,3.240297249060006e-13,1.381190966631092e-12,5.166235347218018e-10,3.404198924793994e-06,3
156,22:52:30,4.5384140927701347e-10,1.257602093971617e-11,4.4647776948627885e-12,3.2724153556075756e-13,1.424712806455314e-12,4.830105534346809e-10,3.435696858730251e-06,3
157,22:53:00,5.154980629549623e-10,1.2422908540450548e-11,4.563979654898599e-12,3.609716288467557e-13,1.3867510931567216e-12,5.149717753081948e-10,3.3563401705729494e-06,3
158,22:53:30,5.026438351712956e-10,1.4328763221204173e-11,3.716786423818183e-12,6.343491416593482e-13,3.67704812424724e-12,4.95080216548861e-10,3.4689357919491172e-06,3
159,22:54:00,3.3695362734182284e-10,1.556591354258839e-11,4.910572278348915e-12,4.4019859672402513e-13,2.11241408921278e-12,4.848463315579203e-10,3.385456904262546e-06,3
160,22:54:30,4.0834356902380093e-10,1.7703621594429124e-11,4.088014065252874e-12,3.49636281965042e-13,1.4317217858873113e-12,5.5256721941382e-10,3.264638585339908e-06,3
161,22:55:00,4.3203979807901187e-10,1.3714836369332892e-11,5.3412662513495276e-12,3.5908204247349047e-13,1.686558826024838e-12,4.5454523229371807e-10,3.3909928468961006e-06,3
162,22:55:30,3.771028738743058e-10,1.4933308050249384e-11,3.1633148221686724e-12,3.04967449581206e-13,1.122768079682282e-12,5.785672615364364e-10,3.2953574422529027e-06,3
163,22:56:00,4.029168663520521e-10,1.3218913352219956e-11,3.852730242903908e-12,3.435922536948812e-13,1.5383567284801391e-12,5.447427570324808e-10,3.333086881792985e-06,3
164,22:56:30,4.721616419633888e-10,1.653097118531805e-11,5.222666140563719e-12,4.667012898278312e-13,2.3485330559200622e-12,4.09235939340275e-10,3.287873340319745e-06,3
165,22:57:00,4.242107362592805e-10,2.7613619704928918e-11,9.186702621633021e-12,4.306463557297398e-12,3.3670616009633945e-12,6.454041486117306e-09,3.4335288401453104e-06,3
166,22:57:30,2.6796111863840653e-10,2.056287095970194e-11,2.732703998034103e-12,4.722485077066916e-13,1.3334504565040016e-12,7.521095485400371e-10,2.603295489425771e-06,3
167,22:58:00,2.020806254719005e-10,1.7549357906271103e-11,6.90628818956666e-12,4.148593632222198e-12,5.4716996711369555e-12,3.589319753607018e-09,3.770835974122273e-06,3
168,22:58:30,1.0147606550192329e-10,1.42601836250889e-11,1.4831189071410185e-12,6.663429531101563e-13,9.055664097513665e-13,5.714882510799756e-10,3.6746622850839363e-06,2
169,22:59:00,1.807293493295829e-10,1.2011552009781482e-11,2.0717746631292425e-12,4.987104356396374e-13,1.713874224853962e-12,5.039278055969264e-10,3.098785078527112e-06,2
170,22:59:30,1.5334459789453911e-10,1.3824441953451037e-11,2.0731228555798813e-12,3.9333317439081946e-13,1.294341729597922e-12,1.8876960624156324e-10,3.0650709887326732e-06,2
171,23:00:00,1.7860778318186097e-10,1.804115902698815e-11,2.8359169354053304e-12,4.552198723135468e-13,1.3622706340193164e-12,2.2390070264331605e-10,3.206853485677862e-06,2
172,23:00:30,2.2486357603209702e-10,9.481413508494795e-12,2.0797378531610103e-12,4.0431574142634733e-13,1.4342360067059075e-12,1.9411227791119172e-10,2.936894648186382e-06,2
173,23:01:00,1.430030902225632e-10,1.0389485090598718e-11,2.6507059962473346e-12,9.653238447872315e-13,5.3685203529997556e-12,1.7393280090707915e-10,2.745077178657935e-06,2
174,23:01:30,1.2471640843595924e-10,1.2098256781252033e-11,2.2633156126261147e-12,5.133822013094392e-13,2.5349708764508002e-12,1.4190698529057127e-10,2.5365953832770436e-06,2
175,23:02:00,3.152767340924813e-10,2.4182868878809742e-11,3.793159161683687e-12,5.416459059749517e-13,2.676604765217129e-12,3.362441324336214e-10,3.40890646369981e-06,2
176,23:02:30,3.349190687136838e-10,1.493574041589515e-11,2.090682628602379e-12,3.723483386641064e-13,1.0081645029610788e-12,2.7308063725370216e-10,3.7640151437326723e-06,3
177,23:03:00,2.1310393713392851e-10,1.6690045766235234e-11,3.006202243163918e-12,4.391931265677775e-13,1.4828457751974596e-12,2.9205272164400664e-10,3.7412272565506473e-06,2
178,23:03:30,2.352347421117202e-10,1.561809229601129e-11,2.1740310768657887e-12,5.114846745835611e-13,1.6377003065989833e-12,2.1772708828794207e-10,3.2144437313034225e-06,2
179,23:04:00,1.3078768967427992e-10,1.1753958076269886e-11,1.7111800649656614e-12,4.582666888048875e-13,1.898837841544509e-12,2.0486602424900806e-10,2.939521520233389e-06,2
180,23:04:30,1.0131474442533998e-10,1.3004476743067281e-11,3.800831533435249e-12,1.0896406935497106e-12,7.014544428124779e-12,1.2776686050768785e-10,2.3785448576609755e-06,2
181,23:05:00,2.1434168779115158e-10,1.5574847129036473e-11,3.546382466677962e-12,4.908614614419357e-13,2.31479950135814e-12,1.3594318543266116e-10,1.9810586410426923e-06,2
182,23:05:30,2.888874299106818e-10,2.9061240111179652e-11,5.5042132364373975e-12,1.4469025699432964e-12,1.0256666244695008e-11,2.765843183156643e-10,1.0291074774141614e-06,3
183,23:06:00,2.004573377397689e-10,3.405611617359386e-11,2.878263583339652e-12,7.206122406440839e-13,2.440279628756596e-12,1.7407163770940352e-10,6.198037242433917e-07,3
184,23:06:30,2.0150757051572205e-10,2.6748943340418557e-11,3.5146354897642e-12,5.551755918456511e-13,1.592410798595569e-12,2.5244322707657174e-10,3.5020130225730247e-07,3
185,23:07:00,1.2712987461428647e-10,3.0597219756566323e-11,3.2751786540761104e-12,4.553728543999865e-13,1.5399118311494215e-12,1.7456696605064994e-10,3.478053240914404e-07,2
186,23:07:30,1.2047588308568988e-10,2.8150571521487824e-11,3.5565939078433655e-12,7.977774745091212e-13,3.568510969990493e-12,3.162398938239303e-10,3.385852421170469e-07,2
187,23:08:00,7.393750621054971e-11,2.404044238236781e-11,2.432287031923807e-12,6.241292850527083e-13,3.114662153922862e-12,1.6175240565466765e-10,3.587969916379649e-07,2
188,23:08:30,1.760696869811929e-10,2.381893194903442e-11,2.581684132146429e-12,5.213848531054298e-13,2.032877056199219e-12,1.4793225402307973e-10,3.0152788488051174e-07,2
189,23:09:00,8.241081150512054e-11,3.119263642084394e-11,3.987256910655832e-12,6.013787342221817e-13,2.3334410613058852e-12,1.8090609504925082e-10,3.7871304969130285e-07,2
190,23:09:30,6.98204559559156e-11,2.778291616278694e-11,2.6905230143484274e-12,3.979951425467408e-13,1.0868843530871733e-12,2.660611919228019e-10,3.1546985266616997e-07,2
191,23:10:00,6.63300249230001e-11,3.094872997181622e-11,2.4165152828997764e-12,4.943890776666439e-13,1.918030505993113e-12,1.5554873000639902e-10,2.896766997617324e-07,2
192,23:10:30,6.66001004937344e-11,4.594405635135346e-11,4.112092629439406e-12,7.987603637267489e-13,2.6382841243233124e-12,4.4247010964113477e-10,3.3477889649720067e-07,4
193,23:11:00,3.359712545238897e-11,1.5261277510042284e-11,2.0494107671548663e-12,3.843630848041611e-13,1.0966534497990635e-12,2.2520374676383325e-10,3.6191780419177686e-07,4
194,23:11:30,3.7528917609914116e-11,2.5069938505481077e-11,2.0985065694169894e-12,4.370425908206524e-13,9.75831861153302e-13,1.6615848986443093e-10,4.2786617887125845e-07,4
195,23:12:00,2.961345406621932e-11,2.466465009392987e-11,5.160927756580286e-12,4.769977492548028e-13,1.1017533465638127e-12,3.3924101239073556e-10,5.318473810054708e-07,4
196,23:12:30,1.8152004775401362e-11,7.313358424760451e-12,2.0367181045836933e-12,4.102399695338931e-13,7.866307731107851e-13,1.0783900233877638e-09,3.2719946759466207e-07,4
197,23:13:00,2.732577138526527e-11,8.326030115927354e-12,1.4647759226929604e-12,4.4683696127180694e-13,9.993165616432219e-13,1.491982741675334e-10,3.606781965472109e-07,4
198,23:13:30,2.579192090852279e-11,8.811259634153565e-12,1.9663132595106595e-12,4.377678330224503e-13,9.71993260447736e-13,2.387779016198997e-09,3.594344217521183e-07,4
199,23:14:00,3.5307287950432414e-11,1.539464320343692e-11,2.930066121646992e-12,4.859533088546019e-13,1.3758419348827971e-12,8.431642149153473e-10,1.7978671643962902e-06,4
200,23:14:30,2.164227679311414e-11,1.093527296696092e-11,2.718966378222814e-12,4.1268899904906123e-13,6.828825565421297e-13,1.1671412557494398e-10,1.184686830410778e-06,4
201,23:15:00,1.5281995864689475e-11,6.576041006800922e-12,3.3572480771164843e-12,3.7748806088929737e-13,6.550702604781993e-13,5.399831836965113e-10,3.749120894449339e-07,4
202,23:15:30,1.7798930035914853e-11,7.702192286086309e-12,2.540170104960924e-12,3.9959910301881036e-13,7.904424902575016e-13,6.24531893766098e-10,5.327655483874228e-07,4
203,23:16:00,2.503492345548718e-11,9.76822070865162e-12,2.5043471310927005e-12,4.5454686105786853e-13,1.0146332434724128e-12,3.3185572128193033e-10,1.1580918030632518e-06,4
204,23:16:30,2.8534144438771835e-11,1.1403232468084943e-11,2.355788173526197e-12,4.13237392655192e-13,8.52106396096178e-13,9.354500941963265e-11,3.5334366305936474e-07,4
205,23:17:00,2.5677789823161367e-11,9.417711292355186e-12,1.7316427308012404e-12,3.8904437544070145e-13,9.40245836220852e-13,9.802319025103574e-11,3.3521861070726266e-07,4
206,23:17:30,1.8817717852027725e-11,7.41428428913664e-12,1.4977489713677542e-12,3.4157250584658316e-13,6.657760926924873e-13,9.478247661089004e-11,3.088827817106318e-07,4
207,23:18:00,2.2038529241824513e-11,5.830275441079862e-12,3.068998812705853e-12,9.275154977208483e-13,1.0456573850019205e-12,1.0670809715034944e-09,1.1803286931711368e-06,4
208,23:18:30,2.0856463585464938e-11,1.3570925395606203e-11,1.7061527138086707e-12,3.963930775047857e-13,6.868748323943657e-13,1.4184069833546855e-10,1.0104130027370913e-06,4
209,23:19:00,7.933551707973554e-11,1.3039888541742663e-11,2.3790356983314405e-12,8.432069927446113e-13,1.0273410559795133e-12,1.3831117847886784e-10,4.2952515776868374e-07,4
210,23:19:30,5.5661908374482513e-11,6.970696492482051e-12,1.2998804395162295e-12,5.084920084912584e-13,1.27932997973942e-12,1.2754570888347544e-10,1.3617039679138561e-06,4
211,23:20:00,5.46657202283813e-11,1.5611029749987482e-11,2.203949571263528e-12,4.826154596543265e-13,1.0690859515620178e-12,9.041539629273068e-11,1.3721723791324847e-06,4
212,23:20:30,5.4225511249070464e-11,1.6403695515126924e-11,1.6284430348555985e-12,5.941328255887081e-13,2.3982855023702765e-12,1.0040501249270935e-10,3.8322677429029775e-07,2
213,23:21:00,4.9028729618308216e-11,1.1539374909261989e-11,1.6537985880838448e-12,4.71514705737754e-13,1.2102124266094278e-12,1.5140447167719448e-10,1.143509467780045e-06,2
214,23:21:30,4.5239840210210196e-11,1.3510611184931924e-11,1.7621065561442601e-12,6.817765544049147e-13,3.5274775500852255e-12,1.0951870403993455e-10,5.617767554221165e-07,2
215,23:22:00,5.3887551968144315e-11,8.935079399213967e-12,1.7188106954041712e-12,4.867024603976013e-13,1.570685876629396e-12,1.2267246739348623e-10,3.9883607533944e-07,2
216,23:22:30,6.508940433321544e-11,1.486127152322078e-11,1.717865058078175e-12,7.305023462948181e-13,3.615536352294006e-12,1.0749330776730955e-10,1.0483455517054575e-06,2
217,23:23:00,4.162476701204785e-11,8.719518624382889e-12,2.3821420120899464e-12,7.73979677319196e-13,4.283343934067547e-12,1.3792413109461572e-10,7.476781753711157e-07,2
218,23:23:30,8.948272982569146e-11,1.430428236087496e-11,1.909770160292841e-12,5.738541022147303e-13,2.075600839171382e-12,1.3027242757401665e-10,6.078101698481629e-07,2
219,23:24:00,1.0725887029493385e-10,9.963580336402969e-12,2.0486747594645056e-12,5.580745572838001e-13,2.6591405826956638e-12,1.0622212807243894e-10,9.437810669312652e-07,2
220,23:24:30,2.4963221333231867e-11,8.650128119575212e-12,1.0289188639328955e-12,6.27493264745301e-13,2.9331887675761106e-12,1.2162642316431964e-10,1.7856658290747987e-06,2
221,23:25:00,4.6316665007054786e-11,6.039257979124294e-12,2.120682459847588e-12,6.147238586100567e-13,3.246869962964239e-12,1.0690753644687401e-10,1.2270073065737853e-06,2
222,23:25:30,4.689125988998296e-11,7.28677913743772e-12,3.072923387751619e-12,7.948252479655434e-13,5.190039914582097e-12,8.942813513204902e-11,1.1613000643506725e-06,2
223,23:26:00,3.403900274615471e-11,7.596319041192487e-12,4.292909843719586e-12,1.8439840659402933e-12,1.452148054380624e-11,9.523494006240257e-11,1.1586378809570206e-06,2
224,23:26:30,5.09350842128742e-11,7.492265211912232e-12,2.775249565918459e-12,6.855012452360059e-13,4.221941100374578e-12,1.0738335714339963e-10,1.001402396442711e-06,2
225,23:27:00,4.330975605446129e-11,1.0033605482606767e-11,2.5185643642870835e-12,7.093781953005029e-13,4.355297120870035e-12,9.980932675929113e-11,1.0177291093552484e-06,2
226,23:27:30,6.183535393712493e-11,6.807896746201862e-12,1.5007878566124785e-12,3.4754838790438605e-13,1.3309560507393074e-12,1.2480656324164724e-10,1.014443603633333e-06,2
227,23:28:00,7.396738892884165e-11,9.365753216336303e-12,3.883862888235407e-12,1.3785406794766785e-12,1.0616858020251117e-11,9.693067282484205e-11,9.145167224029483e-07,2
228,23:28:30,1.5205845867296454e-10,1.05043941221651e-11,3.1353769728360218e-12,4.163022830626856e-13,1.6679437539499346e-12,2.0559496561772127e-10,1.0124493789769725e-06,3
229,23:29:00,7.853855513542286e-11,8.359115160086261e-12,1.666090319393207e-12,4.189903188912826e-13,1.8709496891756672e-12,1.0359037781955453e-10,9.328790336283504e-07,2
230,23:29:30,9.530511531311393e-11,1.2543236869319938e-11,3.961480887428517e-12,1.855623953094077e-12,1.387601272318915e-11,1.221597101560102e-10,9.72195891366374e-07,2
231,23:30:00,8.330024800545674e-11,1.0889516235408467e-11,2.117918691872908e-12,6.258546561526609e-13,3.8349279476747785e-12,1.6033735053785508e-10,9.531436484120647e-07,2
232,23:30:30,1.449019237378728e-10,1.221042997263366e-11,3.135834942339133e-12,9.12630874325849e-13,6.195016884650798e-12,1.5029686971681749e-10,9.64427615891691e-07,2
233,23:31:00,8.94870036932024e-11,8.373711187398648e-12,1.6291749009362283e-12,4.364616758170333e-13,2.1579602089131206e-12,1.4611186478988872e-10,9.62664417315968e-07,3
234,23:31:30,9.324047275313687e-11,1.2793571229867166e-11,3.830160146575125e-12,8.087227510780016e-13,5.224538566219481e-12,1.2294599812966995e-10,1.0110571835995796e-06,2
235,23:32:00,1.520361965493395e-10,1.2448842016867363e-11,4.21276898556659e-12,1.0881248051970122e-12,7.63933009560325e-12,1.7670783839145225e-10,9.220194335602545e-07,3
236,23:32:30,1.19103120025236e-10,1.4632169158233354e-11,4.581192723632551e-12,5.396365910714847e-13,2.90352157396824e-12,1.6317280366942668e-10,9.376615405807684e-07,3
237,23:33:00,1.8365300451625204e-10,1.518693145004532e-11,4.7647817980909205e-12,5.940254453914275e-13,3.731285362556135e-12,1.9580500833845192e-10,9.744296741917367e-07,3
238,23:33:30,1.065659606334266e-10,1.301465808268775e-11,2.8148256814228635e-12,4.932677883692216e-13,2.5852292358367505e-12,1.563285227116166e-10,9.112695591423565e-07,3
239,23:34:00,1.9659119600223322e-10,1.037407893983703e-11,3.513345063870583e-12,4.854159515420301e-13,2.6218824587599525e-12,1.8609612966797742e-10,9.586671983792883e-07,3
240,23:34:30,2.5723622947297055e-10,1.2106710721426335e-11,2.948120606436405e-12,3.3251801775192046e-13,1.5425631108876812e-12,2.3142331084275503e-10,9.305090154359699e-07,3
241,23:35:00,1.9752643439965783e-10,1.4374041280339086e-11,4.061300271197027e-12,6.693303563738326e-13,3.761939043168267e-12,2.6754148973568406e-10,1.0299320703427199e-06,3
242,23:35:30,2.651138741456908e-10,1.856837179503812e-11,2.1582970380156357e-12,3.854995258621822e-13,1.326355772748746e-12,3.633280529125335e-10,1.5728407096295678e-06,3
243,23:36:00,1.5854335258266207e-10,1.3104779236293992e-11,2.9129388419381976e-12,5.813515955146718e-13,3.011317670273842e-12,2.2039049240369852e-10,1.4328747228998614e-06,3
244,23:36:30,1.7043080192426126e-10,1.3361409199807023e-11,2.9944321709634404e-12,1.020789305660984e-12,7.242896613774009e-12,2.514883874657747e-10,1.265075530428155e-06,3
245,23:37:00,1.996015317744527e-10,1.1426655492870843e-11,4.20980854069978e-12,7.460326785382724e-13,5.0968313521941355e-12,2.8715605808864854e-10,1.176641058215208e-06,3
246,23:37:30,1.236969077125078e-10,8.597001709862844e-12,3.895248259564653e-12,7.199631524247053e-13,4.507167203613303e-12,2.2987057708349173e-10,1.0924139249803763e-06,3
247,23:38:00,2.1438955294265122e-10,1.3039812962531017e-11,3.5586605109141667e-12,5.837502661021565e-13,3.3890467438441693e-12,2.7434345928379194e-10,1.0338732539630166e-06,3
248,23:38:30,2.360660174691205e-10,1.625403847264501e-11,2.311425595514703e-12,3.3893376551448784e-13,1.490776829412433e-12,2.5332788846912935e-10,1.058655428453842e-06,3
249,23:39:00,2.668854253860821e-10,1.3860810064849338e-11,2.7721187578654236e-12,3.212545660757738e-13,1.3724082849834056e-12,2.706240297412773e-10,9.767821224083811e-07,3
250,23:39:30,2.8767611502473957e-10,1.0550898464527406e-11,2.9979152400984904e-12,4.543957660363613e-13,2.3226567433031505e-12,2.678307715340238e-10,1.0074771568953647e-06,3
251,23:40:00,2.4223712163049115e-10,1.1450920513833284e-11,3.5112069631081423e-12,3.4115243487391134e-13,1.2810410392071196e-12,2.9161597893795257e-10,9.973281470422603e-07,3
252,23:40:30,3.5225762800049236e-10,1.462403026588215e-11,3.4459848201931712e-12,7.815046274717196e-13,5.010505505211887e-12,2.897593899396813e-10,1.0506072242725222e-06,3
253,23:41:00,3.4234200538861707e-10,1.0284595241976891e-11,3.2797842134941277e-12,4.43144337429631e-13,2.290345400359272e-12,3.0935920923223355e-10,1.0522987525053608e-06,3
254,23:41:30,2.2140033849568982e-10,1.2522995323678982e-11,2.757229395291656e-12,4.89098645531595e-13,2.584012108876729e-12,3.0578447423109305e-10,1.1052793354018946e-06,3
255,23:42:00,2.7780052084824896e-10,1.69629545684167e-11,3.2351968259505444e-12,4.1815437235643486e-13,2.1532340325927324e-12,3.6067453356504357e-10,1.1955877912401433e-06,3
256,23:42:30,4.5859044533796845e-10,1.2714102466153807e-11,3.295832962398717e-12,4.433457991370235e-13,2.492216106466911e-12,4.23557092955112e-10,1.2997043997975537e-06,3
257,23:43:00,3.3612677867801704e-10,1.6009824526264713e-11,4.080204359160766e-12,4.707272227578098e-13,2.5306227921143624e-12,2.9934186069752614e-10,1.2896668014634457e-06,3
258,23:43:30,4.615316051360583e-10,1.4925531771024868e-11,2.4498499963467965e-12,4.117721834409423e-13,1.8952620145175744e-12,3.9692793555130745e-10,1.3071362789333535e-06,3
259,23:44:00,2.9156930488585845e-10,1.0106699317365032e-11,3.61303846608142e-12,5.273683662155877e-13,3.0170744572576463e-12,3.736975772892613e-10,1.1726321115598317e-06,3
260,23:44:30,3.611932232251791e-10,1.4276742512326836e-11,4.863260809080975e-12,4.278633679501627e-13,2.33626732370514e-12,3.9878211678867556e-10,1.0783246117414591e-06,3
261,23:45:00,5.412992188142656e-10,1.1194370242239614e-11,2.8263607711602956e-12,4.0211643304663994e-13,2.1544792225299453e-12,3.7035032855138495e-10,9.44779651929591e-07,3
262,23:45:30,4.1423372889240195e-10,1.3905764813179651e-11,4.1022340561835696e-12,3.644552314277394e-13,1.7069690196365609e-12,3.1808751037201275e-10,9.595207354732517e-07,3
263,23:46:00,4.743959649862193e-10,1.1356314185819704e-11,3.7640188682840125e-12,6.401550081847318e-13,3.9792509715960655e-12,3.976884759130301e-10,8.684613601871297e-07,3
264,23:46:30,4.722909151579979e-10,1.3890646449164486e-11,2.061297124455111e-12,2.5257321978327944e-13,8.660017459649545e-13,4.991246306470436e-10,8.799902044427668e-07,3
265,23:47:00,4.0182014067921146e-10,1.3245818993884623e-11,3.1670292998976163e-12,4.4322184692961357e-13,1.9452389571805264e-12,4.3205255402690626e-10,9.080717528366722e-07,3
266,23:47:30,4.890192241662184e-10,1.3370268786691263e-11,2.6772102602345835e-12,3.2761479979433667e-13,1.6274925579105035e-12,5.475870734172703e-10,8.887125737776107e-07,3
267,23:48:00,4.863173728777781e-10,1.2466322629358713e-11,2.1230244270467454e-12,2.846665551544189e-13,1.2809986422332558e-12,6.082034222190045e-10,8.805721933453722e-07,3
268,23:48:30,3.3039282121891984e-10,1.1946804743595428e-11,3.736985481862635e-12,4.014543692038385e-13,1.621189371106286e-12,4.3907318183823625e-10,8.373738063870677e-07,3
269,23:49:00,4.4541607944738985e-10,1.853884186202934e-11,3.0973660523282855e-12,4.446214166274342e-13,2.4639983452694266e-12,3.0643716070582106e-10,8.673771260610164e-07,3
270,23:49:30,3.5557266926064467e-10,1.1242872329840723e-11,2.8021630853548198e-12,4.111027994001299e-13,2.3234578477942904e-12,3.193069333647239e-10,9.5693637869678e-07,3
271,23:50:00,4.4211446714648905e-10,1.468219983180783e-11,2.292708781081856e-12,4.08611129668668e-13,1.9054434478737476e-12,4.1268356296768395e-10,1.2184292624363322e-06,3
272,23:50:30,5.774989750417646e-10,1.1661813854986452e-11,2.294054024210341e-12,3.6523127753876914e-13,1.4033745294257056e-12,6.302150022286088e-10,1.284131037131549e-06,3
273,23:51:00,4.609292787759611e-10,1.0556646040265352e-11,1.9843035158237793e-12,3.381921499163392e-13,1.3982726148755498e-12,4.3166320216011695e-10,1.3179654482251095e-06,3
274,23:51:30,3.0620117534605835e-10,2.052118072217938e-11,9.198516372615352e-12,4.643688922452752e-12,5.246890376523503e-12,9.886133860840978e-10,3.88488388049463e-06,3
275,23:52:00,1.999055340631768e-10,1.0922621093842755e-11,1.9900488635323995e-12,3.607302649405426e-13,1.0719761611565216e-12,7.169811632470806e-10,3.3464058911362124e-06,3
276,23:52:30,1.186554486593586e-10,8.474530032656023e-12,1.7395996321485405e-12,4.4231231283587873e-13,1.9377113694309207e-12,1.6465874315350607e-10,3.454619176492147e-06,3
277,23:53:00,1.1742367529895856e-10,1.3001875224918957e-11,2.4963244270862e-12,5.92770581603204e-13,3.4853511863084412e-12,1.7051976002498984e-10,3.3815860412618154e-06,3
278,23:53:30,1.0726735983404743e-10,7.261221640051126e-12,1.7972943568856895e-12,3.7126486939008695e-13,1.617549522969082e-12,1.4447451927306778e-10,3.6159240894787405e-06,3
279,23:54:00,1.4887407359828864e-10,1.0292190014212228e-11,1.62594116424712e-12,3.967081624138835e-13,1.958956972509155e-12,1.4591573307349165e-10,3.532259310342108e-06,3
280,23:54:30,1.2722294882287875e-10,1.3363862021305592e-11,1.7905174652403196e-12,6.331998377157777e-13,3.875605794565748e-12,1.5014658418714797e-10,3.5380125648715216e-06,3
281,23:55:00,1.29794441786408e-10,1.417096303210386e-11,3.264988082460226e-12,5.792294748808779e-13,3.285965450097613e-12,1.7722446197706372e-10,3.4382249413021766e-06,3
282,23:55:30,1.3020977023229658e-10,1.0991519397069329e-11,5.082562530311401e-12,1.182131810955531e-12,8.376561404519773e-12,2.2893219323653364e-10,3.2985836104351828e-06,3
283,23:56:00,1.0549752549658711e-10,1.2670650425543503e-11,2.379424978869508e-12,5.051347140460798e-13,3.0640685794831374e-12,2.0174486351041329e-10,3.2075425776151415e-06,3
284,23:56:30,1.9385438171860051e-10,1.653616891246496e-11,2.554011419213163e-12,5.874869245413118e-13,3.787396111503029e-12,2.0283389593789322e-10,3.148523704711939e-06,3
285,23:57:00,2.355949691262238e-10,1.5647592860780943e-11,1.907640869489402e-12,4.811793891844298e-13,2.6888064785868402e-12,2.3032140751691814e-10,3.259180336364576e-06,3
286,23:57:30,1.9532743484287625e-10,2.0596716046111193e-11,3.3619819844797597e-12,4.058401822380643e-13,1.935182379648044e-12,2.9034572316576077e-10,3.2398865016620894e-06,3
287,23:58:00,2.1922683966400157e-10,1.7705488051471943e-11,3.3241864889343386e-12,5.18972361662753e-13,3.02480953019131e-12,2.39356369030201e-10,3.09498658594568e-06,3
288,23:58:30,2.8678319036097563e-10,2.742851720099637e-11,2.8370041285102347e-12,4.0179673820028513e-13,1.7205612067187553e-12,4.683686080660251e-10,3.2454578163545608e-06,3
289,23:59:00,2.5825006368676536e-10,1.1030858826359118e-11,2.3583456458913707e-12,4.1708109313688383e-13,1.6720811582394196e-12,2.2827091209436827e-10,3.1369285535403877e-06,3
290,23:59:30,1.5640467178886528e-10,1.2698025787894756e-11,2.0936676338640127e-12,5.731123641492215e-13,3.2203878745115383e-12,2.0492255545626537e-10,2.7696687359000866e-06,3
291,00:00:00,1.414454640890735e-10,1.298369788614873e-11,2.2983406639256887e-12,7.020363507111311e-13,4.377199720636328e-12,2.359056824859086e-10,2.807061382246674e-06,3
292,00:00:30,1.6458589476372145e-10,1.712426724172854e-11,3.4385893202903052e-12,4.646987829041032e-13,2.4168987276290126e-12,2.273607862524804e-10,2.813260409656227e-06,3
293,00:01:00,1.8572621003040073e-10,1.43232769907226e-11,2.1580742064250865e-12,4.3808238240398324e-13,2.4355148783588177e-12,2.7781920750212566e-10,2.8562974515325786e-06,3
294,00:01:30,3.754967337601146e-10,1.5903878882718945e-11,2.4528589714707413e-12,6.30968654818828e-13,3.6688561962293424e-12,2.6179815005901256e-10,2.986247868276389e-06,3
295,00:02:00,1.1883065737980967e-10,8.741712178904897e-12,2.0112580534481982e-12,7.951900608715332e-13,5.39229303801116e-12,2.0288715286428395e-10,2.5550952476235316e-06,3
296,00:02:30,1.4857699208926162e-10,1.285208777660243e-11,3.2642557383666147e-12,8.474338048296505e-13,5.827733675285512e-12,2.466291196730902e-10,2.3826431776319726e-06,3
297,00:03:00,2.1256258635472355e-10,1.2668655452625601e-11,2.1822777009785e-12,6.562424664796292e-13,3.377809680459266e-12,1.8581938282900569e-10,2.4693675290603014e-06,3
298,00:03:30,2.3022470478446744e-10,1.3705187158896522e-11,2.612622278152755e-12,4.923344339019978e-13,2.5897224652672538e-12,3.593663533359208e-10,2.3051305940764976e-06,3
299,00:04:00,2.425523015272276e-10,1.7859278547034127e-11,3.0118048066631924e-12,4.711806256472885e-13,2.4527167900958085e-12,2.5027542120595944e-10,2.259960163816392e-06,3
300,00:04:30,2.8779703583174133e-10,1.1644697464548408e-11,2.575850009361329e-12,4.3317972886847974e-13,2.168287797494905e-12,3.036671126571991e-10,2.285131299400527e-06,3
301,00:05:00,1.7913681658271347e-10,1.3089386308697731e-11,2.4877627246727853e-12,5.878950210318609e-13,3.4935020795933594e-12,3.0176464811178394e-10,2.3362866500492127e-06,3
302,00:05:30,1.6999165648733384e-10,1.6883621964898233e-11,2.5724182911088035e-12,6.375485840539733e-13,3.958049819157426e-12,2.698077886378763e-10,2.3463910567541196e-06,3
303,00:06:00,2.788488563997809e-10,1.2188572511679086e-11,3.2402506192197507e-12,2.98808029041803e-13,1.2163518347584456e-12,3.649751868716775e-10,2.5063105686194672e-06,3
304,00:06:30,2.5628933331793297e-10,1.5491433529272368e-11,2.0742594936361536e-12,3.385727352409813e-13,1.334358163813804e-12,4.4279373806088236e-10,2.8138296464906525e-06,3
305,00:07:00,3.990962336118035e-10,2.278802314145813e-11,5.3517205545686026e-12,3.5452003451122827e-12,3.5522685709128656e-12,8.118675379199273e-10,3.8928428921621056e-06,3
306,00:07:30,3.1265131094697063e-10,1.1508138069796101e-11,4.412217439272839e-12,2.1815218683641875e-12,2.6998356386943045e-12,1.4161710764610143e-08,3.8332332199621095e-06,3
307,00:08:00,5.2609807785887186e-11,1.1896009049240563e-11,4.6716591115936574e-12,1.7701404711469398e-12,1.395029145154236e-12,8.371536200175223e-09,4.04932343995963e-06,0
308,00:08:30,3.890869024851866e-11,1.0400552135645948e-11,2.2247240023212773e-12,4.3452306207282437e-13,5.822886610975639e-13,1.9299453086989213e-09,3.57872845591497e-06,1
309,00:09:00,4.768749773349521e-11,1.1419740449249558e-11,2.7574224037662854e-12,7.938635726097887e-13,1.707405815545981e-12,9.595775760295478e-10,3.315200626725376e-06,1
310,00:09:30,9.897517380601697e-11,1.2723352912993782e-11,2.1209853302880477e-12,6.072840535570306e-13,1.2645807181481058e-12,3.733917698151758e-10,3.205744485492698e-06,2
311,00:10:00,8.333686910856764e-11,7.246553269950043e-12,1.7477801511866386e-12,6.186400832348101e-13,1.512942252428838e-12,5.761076982364639e-10,3.3864229996887373e-06,2
312,00:10:30,1.0372529562144891e-10,1.2543944188059535e-11,1.8606319331009887e-12,4.588814206960518e-13,1.4378016031241494e-12,3.7386510379298863e-10,3.1829866773613956e-06,2
313,00:11:00,6.302081180875753e-11,7.712240658047455e-12,1.9696977363010008e-12,3.828860415616616e-13,1.5977457884775624e-12,1.3372919542038817e-10,3.0735164902606746e-06,2
314,00:11:30,1.0337625122242687e-10,9.093148550228589e-12,2.2895666654673933e-12,4.489573645888488e-13,2.035348514496474e-12,1.9738304607272764e-10,2.821948433373713e-06,2
315,00:12:00,9.064170254900613e-11,1.2376236933895896e-11,1.2717529526958428e-12,3.69865176317931e-13,9.070648349188512e-13,3.3439738884101616e-10,3.3725615393725285e-06,2
316,00:12:30,6.572219276983791e-11,1.1072430996203866e-11,1.5853569288935778e-12,4.005544917215486e-13,1.2627789268420474e-12,2.552079748722181e-10,3.2235678543216858e-06,2
317,00:13:00,9.138513529222577e-11,1.4238182394736952e-11,2.7600989283143836e-12,4.3108969232073803e-13,1.6712347597581881e-12,2.7025878564514367e-10,3.2291209589579847e-06,2
318,00:13:30,7.917184525266202e-11,9.951491626890307e-12,2.1892863426790785e-12,7.628949409652648e-13,4.817779838503028e-12,1.0066471961604057e-10,2.328399510414391e-06,2
319,00:14:00,8.533116907191741e-11,1.1072406773331203e-11,1.9673595415788772e-12,8.12313975290281e-13,5.4248402900047985e-12,1.0579565719591462e-10,1.7688246668197594e-06,2
320,00:14:30,1.290832128948193e-10,1.757019575585912e-11,2.4481176233327017e-12,1.0480725583178718e-12,7.055071944500108e-12,1.2506115526871301e-10,1.167468385071072e-06,3
321,00:15:00,1.212816342746163e-10,1.7579794004951254e-11,2.359339716128495e-12,6.970042023117854e-13,4.336877930117627e-12,1.6076167334842646e-10,3.412142486978239e-07,2
322,00:15:30,1.0098301230458145e-10,1.569366684801434e-11,2.064305251986953e-12,6.212063930236822e-13,3.0225574987479e-12,1.9767373453481693e-10,3.6290292442316026e-07,2
323,00:16:00,1.2173270752506594e-10,2.5738443211969358e-11,2.6559629040004894e-12,4.33253605384858e-13,1.3985982441159138e-12,2.2358000088330848e-10,3.206081056676993e-07,2
324,00:16:30,2.7091888278850586e-11,1.2637507290403821e-11,1.4538149457207137e-12,3.845337010935069e-13,9.99610294141023e-13,2.2846965006462396e-10,3.890619519179016e-07,2
325,00:17:00,4.326401797015552e-11,1.1364719645687795e-11,1.3136354270956084e-12,3.554270098381007e-13,8.977196474421616e-13,1.3804472215567673e-10,4.448850613792882e-07,4
326,00:17:30,3.951175491668339e-11,1.2015235679759679e-11,2.0565652005659527e-12,4.861831099891115e-13,1.5177749284336468e-12,1.181893601633526e-10,4.3745113761001146e-07,4
327,00:18:00,6.45829327465971e-11,2.3614059709068188e-11,2.100259725474449e-12,5.936485373145095e-13,2.386908918912816e-12,2.3741354724856873e-10,8.142509932983308e-07,4
328,00:18:30,6.466142975421129e-11,1.9367720584882728e-11,1.5322824100782882e-12,3.438746840376933e-13,9.077704137645684e-13,1.0379357919338383e-10,3.6964377030583436e-07,4
329,00:19:00,4.607898146968409e-11,1.0176997002091527e-11,2.650543073371028e-12,4.3077411220769565e-13,1.2319238905277836e-12,3.838013261891427e-10,2.7606545896748807e-07,4
330,00:19:30,1.5420025864224822e-11,4.374842697093882e-12,1.695742564897976e-12,2.749990103358196e-13,5.566766168225539e-13,2.545469151737562e-10,2.758020375728363e-07,4
331,00:20:00,1.7487567563595562e-11,4.427587899766217e-12,1.4181650968232203e-12,3.148172831385332e-13,5.48962975966211e-13,1.1090370437690259e-09,2.859964672614316e-07,4
332,00:20:30,1.8324407178983986e-11,6.8769521160043516e-12,2.4971893086180937e-12,3.1722362669369427e-13,4.879050836543136e-13,7.705434391307617e-10,2.8208153482414744e-07,4
333,00:21:00,1.6883974564239145e-11,1.458378419238332e-11,3.786390128590814e-12,1.4220178873854892e-12,1.6125543634571848e-12,1.7253154155207622e-09,1.5142825380163192e-06,4
334,00:21:30,2.0762298402596843e-11,2.639408214486627e-11,3.2398288896663627e-12,1.690812469688041e-12,2.042053922802928e-12,5.7516876212421e-10,3.0949753409511557e-06,0
335,00:22:00,2.1921613982020197e-11,5.062828320084914e-12,1.273350345546427e-12,3.751176171287792e-13,7.884084354544938e-13,1.4460771908221905e-10,1.2968342728353732e-06,1
336,00:22:30,4.6124690798100107e-11,1.5133119684064212e-11,2.4850157981343655e-12,5.382661249271676e-13,2.2578865245957367e-12,1.2095163395624107e-10,4.0054153359514416e-07,2
337,00:23:00,2.3861641721037713e-11,2.4856556942224796e-11,2.112807535110438e-12,4.337440060155964e-13,8.81970346976292e-13,8.380013120867773e-11,9.114890184829464e-07,0
338,00:23:30,2.2561349997819586e-11,1.1308724149580315e-11,1.6577519067562785e-12,3.086298704818567e-13,5.202328894596898e-13,1.0703231614866878e-10,3.8331921116532364e-07,1
339,00:24:00,1.7421846036306795e-11,7.1298065406057044e-12,1.4426980444406718e-12,2.6069919049776714e-13,6.39501640559924e-13,3.1656372668108396e-10,2.743019125410828e-07,1
340,00:24:30,1.7205969040228582e-11,5.448321836687541e-12,1.9306040961144546e-12,3.335801560204728e-13,7.872450588016195e-13,1.0232545664892395e-10,3.026106542006467e-07,4
341,00:25:00,2.6170954074970268e-11,6.7123862315237744e-12,2.5975132192774035e-12,3.622961740635456e-13,8.04846925679508e-13,2.7366605865276734e-10,3.233504739548943e-07,4
342,00:25:30,2.0563241004136354e-11,8.86031373344864e-12,1.6883924331456595e-12,3.186586472549389e-13,5.245263363014394e-13,1.3616679387241587e-10,3.637795105051172e-07,4
343,00:26:00,1.6098525347334906e-11,7.079594392699569e-12,4.0376106813141275e-12,2.951973269346655e-13,3.792067826583558e-13,2.339162899665703e-10,2.854731850854156e-07,4
344,00:26:30,1.2183222818670564e-11,5.458199169565286e-12,1.8133128178924442e-12,3.948720344732255e-13,6.778090724279506e-13,4.601140254324689e-10,1.0923617125379167e-06,4
345,00:27:00,1.766274709927831e-11,6.022959560264701e-12,2.106861778147271e-12,3.591584118823772e-13,5.179152287785582e-13,2.290808398812029e-09,2.8526409317936105e-07,4
346,00:27:30,1.9322717152760916e-11,6.5003689775887295e-12,1.7433051347603574e-12,3.663668567282274e-13,6.572454489596251e-13,1.0057390584787526e-09,3.347996997766336e-07,4
347,00:28:00,2.965688413924783e-11,5.655454547071021e-12,2.570542099847282e-12,3.4186170906521485e-13,4.456536341458776e-13,5.897152865274541e-10,2.9528442736426e-07,4
348,00:28:30,9.628422773024575e-12,5.058154374225424e-12,2.1556941116544724e-12,4.1572638947686783e-13,5.676948793409277e-13,9.124221613764025e-10,3.533545905861512e-07,4
349,00:29:00,1.8344351849545795e-11,4.646211119965204e-12,1.212588294658755e-12,3.7765918483376375e-13,6.251543242293159e-13,8.494245508171399e-10,7.658541051461703e-07,4
350,00:29:30,1.1120181678274981e-11,5.531427232576694e-12,2.0671590461632226e-12,3.6422990695660935e-13,5.9924394592928e-13,1.377023574973794e-09,3.0647676893461123e-07,4
351,00:30:00,1.7731621493834928e-11,8.290950933897037e-12,1.905303444240899e-12,5.085648897902245e-13,1.2622599074740971e-12,1.1096903740277418e-10,2.654815660951529e-07,4
352,00:30:30,1.322950301692443e-11,6.9268457240043376e-12,1.3802056424365944e-12,3.619734157414662e-13,8.001194667456611e-13,4.481427048260441e-10,4.957684384205562e-07,4
353,00:31:00,1.4681444833405145e-11,5.4093468737141695e-12,2.3625097661750807e-12,3.1500240954929e-13,7.284717007401858e-13,8.933002380138875e-10,2.3623478082512697e-07,4
354,00:31:30,1.7583833831565944e-11,4.9201267277396994e-12,1.5589425990921324e-12,3.593402116118245e-13,8.047604283079249e-13,1.6945823464790324e-09,2.520630155302549e-07,4
355,00:32:00,3.0585393276411653e-11,6.774750538915751e-12,2.461068645703882e-12,4.0800610998493627e-13,7.27110070007178e-13,5.679339671569551e-09,2.4807587892655575e-07,4
356,00:32:30,1.2728770990037901e-11,5.3798412721490596e-12,1.354346535195183e-12,4.239516365025123e-13,7.250423082058933e-13,1.304114894642511e-10,3.1049300966869226e-07,4
357,00:33:00,1.0138072626555857e-11,5.349417987239707e-12,2.111714762142885e-12,4.2969861198988587e-13,7.121146699399565e-13,9.614707962566232e-11,5.761632507523703e-07,4
358,00:33:30,3.2547352777055745e-11,8.296517752895275e-12,2.7134208721835753e-12,3.468133676620878e-13,5.875819761885716e-13,1.502712800437608e-09,4.278952470886103e-07,4
359,00:34:00,1.5367209645225062e-11,7.451836883484082e-12,2.1725749220448673e-12,9.929057973890335e-13,2.2783989670245756e-12,5.687790467823693e-10,1.0835795198586418e-06,4
360,00:34:30,2.0020786405009917e-11,8.955348224858775e-12,8.638962189291202e-12,3.212316903536384e-12,3.640265841487768e-12,5.398035923748362e-09,2.2154397970727837e-06,4
361,00:35:00,1.6355593227496538e-11,6.283480352085347e-12,1.282473474765082e-12,3.3092899314623127e-13,5.180168693642065e-13,1.058660284020314e-10,1.194412433866909e-06,4
362,00:35:30,2.9257714076927005e-11,6.872016979944663e-12,1.6118274121000327e-12,3.172778125744501e-13,6.094758641183741e-13,1.1463774672268596e-10,9.830292043359966e-07,4
363,00:36:00,1.805308563551283e-11,6.159619286741999e-12,2.2539539826135674e-12,3.418341980992417e-13,7.69715469978699e-13,4.1021926517135004e-10,3.1145733977338e-07,4
364,00:36:30,2.1796191313481315e-11,5.377335289858956e-12,2.3720926697653686e-12,1.693883055064926e-12,1.8939343114190303e-12,2.5241259912247264e-10,1.2175768325728774e-06,4
365,00:37:00,2.3667225383932044e-11,9.246694968326901e-12,2.206941491469934e-12,6.561418867334449e-13,1.0866680369508766e-12,2.820585675694124e-09,1.2897166629205338e-06,4
366,00:37:30,1.3382726825055539e-11,4.865169651440949e-12,1.970307887462721e-12,3.234720009096607e-13,6.483897966807443e-13,1.956516450566181e-10,2.921276425171301e-07,4
367,00:38:00,1.3663253170344745e-11,7.262395977145367e-12,2.4033468970382003e-12,4.618979844765073e-13,6.35815899796238e-13,3.3582362707420334e-09,2.9306069870062176e-07,4
368,00:38:30,1.4250555520138392e-11,4.829189048759392e-12,2.1977357964609302e-12,3.8927132574324185e-13,7.294083819913324e-13,3.862365107523142e-09,2.429797549410779e-07,4
369,00:39:00,1.4033303375886819e-11,3.5780329803241843e-12,2.73105181972838e-12,5.643779414999482e-13,5.535023922123342e-13,4.464477903068765e-09,3.075511410019274e-07,4
370,00:39:30,1.0298210427734074e-11,6.020637679029718e-12,1.5801987191796827e-12,3.7998870520099775e-13,5.203369946160181e-13,2.118478425264198e-10,3.051120844012986e-07,4
371,00:40:00,1.659097665110914e-11,5.230035282617802e-12,1.6393457012966478e-12,7.683872871305591e-13,1.060059517793863e-12,6.897995715206853e-09,1.5941603429522087e-06,4
372,00:40:30,8.175535441750349e-12,7.22213624139304e-12,2.0142796357146276e-12,7.576390315390421e-13,1.2114351326058764e-12,2.676811030667452e-09,1.5270676614715965e-06,4
373,00:41:00,1.6776307786810644e-11,4.090184941586726e-12,1.3912870582090021e-12,4.027317753155835e-13,4.918893042886228e-13,9.456693062933575e-11,6.297564477824244e-07,4
374,00:41:30,2.400709868520569e-11,6.29856828107995e-12,1.4565550335804812e-12,3.108191321264444e-13,6.333522051378789e-13,1.0570020676670476e-10,5.38663700652942e-07,4
375,00:42:00,1.6475030508971098e-11,6.629428000769672e-12,1.866379441505395e-12,3.267293830786559e-13,6.91205962843546e-13,3.2908562678905833e-10,2.997713967163701e-07,4
376,00:42:30,1.642442705533469e-11,6.476475127500409e-12,1.2136602980419543e-12,3.329430083134323e-13,8.003266595910936e-13,1.5024232020843572e-10,4.439137658955402e-07,4
377,00:43:00,2.924670734441743e-11,8.103024571304551e-12,1.2426334952301922e-12,3.4221590414843324e-13,7.427388340451759e-13,8.772881419591163e-11,2.6412655644252794e-07,4
378,00:43:30,1.5257369526420218e-11,5.022279184217894e-12,1.3335041035696857e-12,2.611007016239919e-13,6.491099657124269e-13,1.8919559176662773e-10,2.627674526804965e-07,4
379,00:44:00,1.7088949887941866e-11,7.819370322058894e-12,2.178317844935226e-12,7.973854661433707e-13,9.444460045926229e-13,9.001421680449105e-11,3.6964124584811433e-07,4
380,00:44:30,2.0280120009208073e-11,5.2392050626289374e-12,1.6333390674354388e-12,3.25914872878806e-13,6.672579859611337e-13,7.560705161738765e-11,3.645510051343952e-07,4
381,00:45:00,1.5476935348392085e-11,6.8637112040927406e-12,2.647648894115009e-12,4.755974933957372e-13,6.553504946315044e-13,2.478294878331353e-10,3.576108929714379e-07,4
382,00:45:30,1.5193248961852837e-11,9.54363306538453e-12,3.57635651889629e-12,5.661661126945996e-13,1.407641686169616e-12,1.892959568348943e-10,3.2266649053837233e-07,4
383,00:46:00,1.6794541696655443e-11,3.717065603664481e-12,1.0697052083975337e-12,3.080588091205808e-13,5.975850044550639e-13,1.2291762053776314e-10,3.2888494826912044e-07,4
384,00:46:30,1.233945406710728e-10,1.43547108828873e-11,2.6016034172095913e-12,5.454310820271593e-13,1.3844425923387168e-12,1.1280819298186436e-10,2.740832021483615e-07,2
385,00:47:00,2.7638148328644775e-11,6.589259070261158e-12,1.3326008519053355e-12,3.120246953729548e-13,5.926096285140934e-13,8.8458882994274e-11,5.794579514051566e-07,2
386,00:47:30,8.938062997159063e-11,9.160002264967627e-12,2.1271191625122403e-12,4.187434870796831e-13,1.1337440681821073e-12,8.482837116248889e-11,2.521074958307799e-07,2
387,00:48:00,1.782915302223056e-11,4.140694476738549e-12,1.4952520304915936e-12,3.351206625698083e-13,6.800975763614054e-13,2.8893130090031657e-10,5.234121105988847e-07,4
388,00:48:30,2.0435567752528783e-11,5.209081357437894e-12,1.4693720629002977e-12,4.2548997311373924e-13,8.63514764122355e-13,1.1871129400412366e-10,8.421112490197865e-07,4
389,00:49:00,5.661447212826536e-11,8.90139955449421e-12,2.956053782673519e-12,4.140240928926427e-13,8.229751520346608e-13,1.4397925523526843e-10,3.128802703695825e-07,2
390,00:49:30,4.4151336286146505e-11,8.047231447854053e-12,2.0422296663409616e-12,4.4228926225204514e-13,1.000614465333658e-12,9.594509443471253e-11,4.075380749978833e-07,2
391,00:50:00,4.86604868562561e-11,8.825870324428703e-12,2.444040215292339e-12,5.989593083491993e-13,2.5226588831647778e-12,8.157505063512437e-11,3.3746221043607345e-07,2
392,00:50:30,1.8086699148100375e-11,4.745971368684788e-12,1.2997026862928738e-12,3.683358456606808e-13,9.68502901628427e-13,9.25786310359883e-11,2.732516556812652e-07,2
393,00:51:00,6.444759814561741e-11,1.3088020840409758e-11,1.3102141832818366e-12,3.560502347508449e-13,9.689177106543583e-13,8.018372023374695e-11,2.6287590207131053e-07,2
394,00:51:30,6.921060205930984e-11,1.2241281828232535e-11,1.8658757738629967e-12,4.410796473948379e-13,8.962757353614434e-13,8.524759332439407e-11,2.5205104459129153e-07,2
395,00:52:00,2.6527088818941813e-11,6.139470399650161e-12,2.0904578133815523e-12,4.6569785237571e-13,1.2791233179893489e-12,1.924740230200884e-09,2.4816523094205166e-07,2
396,00:52:30,2.9091769707746815e-11,5.649509788909512e-12,2.2753124965427233e-12,4.975050394832919e-13,9.547608156489699e-13,1.3576113919249883e-09,3.640669687168836e-07,4
397,00:53:00,1.1189319976084312e-11,3.2888028595988384e-12,1.3084893360429692e-12,3.9149356318090976e-13,5.750372740413664e-13,9.310062680242622e-11,3.0680364043569235e-07,4
398,00:53:30,2.6223856095637305e-11,3.4871396865936316e-12,1.7743765222694996e-12,4.977294456508715e-13,1.2236989435289918e-12,1.3649604995513385e-10,4.3232381738200135e-07,4
399,00:54:00,2.5896489556768137e-11,5.178790427490688e-12,1.4098250891277396e-12,4.293957522150204e-13,1.3197528886555198e-12,1.0805226168148316e-10,3.2642820171035717e-07,2
400,00:54:30,3.4712631709215535e-11,9.170146003617238e-12,2.01970307448222e-12,4.759429865222974e-13,1.5601940564635523e-12,9.172430549240174e-11,2.830519998961801e-07,2
401,00:55:00,3.9727969984858355e-11,8.11743046929336e-12,1.7978755033782208e-12,8.103277232726126e-13,1.9186636250952262e-12,8.954916603075544e-11,2.6963220835105575e-07,2
402,00:55:30,6.402261067901716e-11,7.52214450565523e-12,1.653449097024464e-12,4.999146904739716e-13,1.6460052625331184e-12,8.252943608990385e-11,2.505264748578678e-07,2
403,00:56:00,3.8528123238737596e-11,3.5779126201945495e-12,1.5949182227729091e-12,5.307513820434443e-13,1.7570913756870794e-12,1.0130745492557456e-10,3.9287525662527147e-07,2
404,00:56:30,3.7085414866795637e-11,1.1144699028682347e-11,1.4478057061848672e-12,1.1201658365018116e-12,6.631525206157448e-12,9.351593609440952e-11,2.6294891479786924e-07,2
405,00:57:00,1.8037690622002912e-11,4.244687820311688e-12,1.2975451071005427e-12,9.21152296165161e-13,5.958831267546132e-12,8.46504822668208e-11,2.708871141156398e-07,2
406,00:57:30,4.421724004852492e-11,4.247533234503919e-12,1.8600327247747597e-12,7.182533787611715e-13,3.9064995588140066e-12,9.592485505398179e-11,2.680966742681678e-07,2
407,00:58:00,3.061695857616621e-11,4.676949915349925e-12,2.2193587995833292e-12,9.400954078955589e-13,6.238451790351716e-12,8.322265464522964e-11,2.999208411824776e-07,2
408,00:58:30,4.8905299688632335e-11,6.291663406960519e-12,1.3942229262803885e-12,4.966221259075922e-13,2.3485974585479557e-12,9.466405075130667e-11,2.761172229350204e-07,2
409,00:59:00,3.335625271755619e-11,1.8215082765237623e-11,8.894344238486917e-12,1.5465711565943654e-12,1.781067762826156e-12,2.9975171753275586e-10,1.9601375198873842e-06,0
410,00:59:30,2.6504986589400432e-11,4.5196483230919995e-12,1.4331410258029594e-12,4.0462944806711907e-13,5.600163044240148e-13,3.4223341193797867e-10,1.1114264605893938e-06,1
411,01:00:00,1.7288616645693378e-11,7.887386082555152e-12,1.9541644750680303e-12,5.960625510735714e-13,1.1050564271365125e-12,2.735161994435797e-10,1.0906504729176932e-06,1
412,01:00:30,1.711272688843232e-10,1.0724723861682517e-11,7.78779971417868e-12,7.548269327272752e-12,7.329457200615257e-12,6.257845797740907e-09,3.974496069127458e-06,0
413,01:01:00,6.34403779231582e-11,6.6429565458908275e-12,6.093113972646855e-12,2.647788621772015e-12,2.682448692085731e-12,1.5537079620686884e-09,4.025305904474659e-06,0
414,01:01:30,4.990131534449858e-11,8.044279379725846e-12,5.527443969294261e-12,1.6087533383898063e-12,2.5086072259604098e-12,2.5221409799721633e-09,3.2575228001471617e-06,0
415,01:02:00,4.738910971366091e-11,7.447202354997395e-12,4.830111280342348e-12,1.3186355422262135e-12,1.807031728276408e-12,1.2033894373451282e-09,2.9897055580997076e-06,0
416,01:02:30,1.9040822243877624e-10,7.127382100642748e-12,3.749803984851329e-12,2.687568423655344e-12,2.752506364349689e-12,3.371573369090029e-09,4.010891363509942e-06,0
417,01:03:00,6.548412544686593e-11,6.4907701404579566e-12,3.763922758683437e-12,9.9280121017956e-13,1.3003478365568858e-12,1.3535159674374826e-08,4.161252026079666e-06,0
418,01:03:30,1.2447047290886768e-11,1.3593192964567407e-11,6.296021439310894e-12,5.088930527240282e-13,7.028979606537115e-13,1.0857846265816446e-09,3.3429232694506213e-06,0
419,01:04:00,1.0004593576268356e-11,1.47808362726517e-11,4.6441359352189765e-12,4.775068388728789e-13,5.89400483524227e-13,1.083157190138945e-09,3.1194269041667176e-06,0
420,01:04:30,7.977872906320071e-12,1.561161487705167e-11,3.5779602747608656e-12,4.195721478199378e-13,5.195003536186719e-13,9.320026124862116e-10,3.3237154248588356e-06,0
421,01:05:00,1.133870714247591e-11,9.167702362384796e-12,2.2668263674712645e-12,4.406421232576779e-13,7.060088625732937e-13,5.872858091769232e-10,3.372618136354532e-06,1
422,01:05:30,1.5512172133574353e-11,1.1984739092243533e-11,2.6950582413732092e-12,3.457258633923289e-13,4.492207681510838e-13,5.498983392444262e-10,3.3828668311517797e-06,1
423,01:06:00,7.60490880712912e-12,9.628471843122507e-12,3.95967844777321e-12,4.79761701542557e-13,7.407209688359293e-13,8.84097616634423e-10,3.5071780018120774e-06,0
424,01:06:30,7.241394730536041e-12,5.935324079905659e-12,4.301818488054146e-12,6.13072873028986e-13,7.043570680348421e-13,6.035561103733048e-10,3.364499959185959e-06,0
425,01:07:00,8.508488143352836e-12,5.1300466220738175e-12,3.794649767432795e-12,4.122843568927626e-13,4.497944692671637e-13,5.720761960016558e-10,3.259024471612867e-06,0
426,01:07:30,3.478499974444717e-11,6.348206104073838e-12,4.392770101495305e-12,6.679963528273632e-13,6.905767224651317e-13,3.960767157789233e-09,3.5563299764129794e-06,0
427,01:08:00,9.317050376872647e-12,6.978840964810607e-12,5.16782498102193e-12,1.2639215745610377e-12,1.1248949089559017e-12,7.029173294642577e-10,3.0672135641353873e-06,0
428,01:08:30,1.4417605057384619e-11,6.0094228399988105e-12,1.9796209474098577e-12,3.834565757089989e-13,4.940777785539806e-13,4.5230418549474645e-10,2.7857708881339887e-06,1
429,01:09:00,3.052640361760809e-11,5.08189858408826e-12,1.8000500557842089e-12,3.5299530995289267e-13,7.530280808147132e-13,8.434643321288142e-10,2.799202179708181e-06,2
430,01:09:30,5.3288744674520226e-11,7.929931244157064e-12,1.4084479005268429e-12,3.3567733504611663e-13,8.673754592134543e-13,1.679303845548191e-10,2.7429417242810157e-06,2
431,01:10:00,4.063010885975524e-11,3.635905259190952e-12,1.2589925981448463e-12,5.477966876242168e-13,2.635477860759162e-12,1.4420593814481692e-10,2.371535215388689e-06,2
432,01:10:30,5.150630158641755e-11,5.686710696436675e-12,1.8100408226598139e-12,5.297691716274414e-13,2.859606681463218e-12,1.0188965127933047e-10,2.2808653888858574e-06,2
433,01:11:00,3.5084926031565054e-11,5.875651164568224e-12,2.1013153055590296e-12,5.723515803790757e-13,2.9262000795640682e-12,1.7938337991206586e-10,2.3455161782508847e-06,2
434,01:11:30,4.454282579361125e-11,7.07612986864686e-12,1.4639181457211821e-12,4.589959421904152e-13,2.31330184798132e-12,8.794258761986592e-11,2.1753186911148046e-06,2
435,01:12:00,3.2645961422543366e-11,5.726196155500817e-12,1.421179445687935e-12,5.181136691090075e-13,2.4960231295997324e-12,9.243987453543644e-11,2.28844612323683e-06,2
436,01:12:30,4.475935447361252e-11,4.86410309905979e-12,1.3354932040771191e-12,5.812465041768527e-13,3.2778114505647876e-12,1.0339023465873917e-10,2.240712289363274e-06,2
437,01:13:00,4.566790026497879e-11,8.373663960197699e-12,1.8598514685299488e-12,6.712526354642933e-13,3.647916573473843e-12,9.357979538762273e-11,2.1527625012032597e-06,2
438,01:13:30,5.365817383095033e-11,7.014034744961866e-12,2.072274029019192e-12,6.86067746156094e-13,3.771967994198324e-12,9.673714749153075e-11,2.2548052590469e-06,2
439,01:14:00,5.607053780920159e-11,5.340811555212832e-12,1.999712099367528e-12,6.126996125652386e-13,3.0464164038103794e-12,9.921372308513513e-11,2.193664609146766e-06,2
440,01:14:30,3.192013995214137e-11,5.255410552313938e-12,2.282561874802956e-12,7.380658291631481e-13,4.727689305635819e-12,9.152884810929923e-11,2.269409879608908e-06,2
441,01:15:00,4.303008019738732e-11,5.498885330861048e-12,1.7329606253872638e-12,4.875653923994223e-13,2.344048059929219e-12,8.801562328376525e-11,2.149340961792139e-06,2
442,01:15:30,4.671128518617069e-11,6.0369114156941325e-12,2.0600596155006455e-12,4.697341432665748e-13,2.3814678867575973e-12,1.218291841319039e-10,2.0717690186786494e-06,2
443,01:16:00,3.3026276701715715e-11,6.874926887380546e-12,1.6725267826900276e-12,7.715802650046476e-13,4.813373464976572e-12,9.86946312602982e-11,2.1960078152895047e-06,2
444,01:16:30,9.058243466600492e-11,6.274127201305926e-12,1.6525326091929296e-12,6.551577070580289e-13,3.845030838159917e-12,1.1095020910536274e-10,2.2487997962929625e-06,2
445,01:17:00,5.961277058331962e-11,8.817979058294322e-12,1.8283949297339e-12,8.363487857041246e-13,5.4668264437200795e-12,1.169003658549518e-10,2.1985467115685572e-06,2
446,01:17:30,8.72924824304859e-11,1.1219254818630745e-11,3.0954665332449918e-12,5.000988152666577e-13,1.7811306135634062e-12,1.3559524382272521e-10,1.974666549618749e-06,2
447,01:18:00,6.240003817859155e-11,8.75506458270177e-12,2.3297598039658527e-12,5.292757619644386e-13,2.658614013653284e-12,9.165141557092117e-11,2.075317234056848e-06,2
448,01:18:30,5.6109724477080105e-11,8.427694508111182e-12,2.0133261893261754e-12,4.877902193928796e-13,2.625580026289141e-12,9.491834297130423e-11,2.034632456902987e-06,2
449,01:19:00,4.4523342733641305e-11,6.0501277519488e-12,1.7527549875059107e-12,5.235652822647004e-13,2.149452203954857e-12,1.233382054003297e-10,2.0381432690704585e-06,2
450,01:19:30,8.003149933857213e-11,8.697308810690676e-12,1.8772316445627898e-12,5.578887683593791e-13,2.8057841489796418e-12,1.2043081790477118e-10,2.0270153253483222e-06,2
451,01:20:00,8.429696678367766e-11,6.773030220407134e-12,2.0072965660625564e-12,3.667045150655648e-13,1.3721391413408384e-12,1.5392116344662586e-10,2.2067290269282143e-06,2
452,01:20:30,4.8573499831753594e-11,6.29078899649818e-12,2.547498868844868e-12,5.91874744943552e-13,3.164415087236938e-12,9.865694124732537e-11,2.1798601890535545e-06,2
453,01:21:00,9.628026207166889e-11,1.3381311813675526e-11,2.202188445668645e-12,6.142144672458018e-13,3.2276539651297487e-12,1.6655042182949665e-10,2.0952529165629758e-06,2
454,01:21:30,9.001148960587668e-11,1.057283250365398e-11,2.1502865332052384e-12,4.896921950356138e-13,1.9953896459360688e-12,1.3950263244433891e-10,2.065741365093266e-06,2
455,01:22:00,4.400798425624504e-11,7.331680397760742e-12,2.5539204760862917e-12,6.728855484538044e-13,4.024592828679317e-12,1.0169149744179453e-10,2.115343537953925e-06,2
456,01:22:30,8.307880824161785e-11,9.520648010981313e-12,2.3302774199023393e-12,5.889681499157874e-13,3.4185358740613897e-12,1.2389600660801685e-10,2.0082649321224955e-06,2
457,01:23:00,9.166507350397506e-11,9.84915157939626e-12,3.038841529028927e-12,3.956526830873483e-13,1.7055140850798535e-12,2.4020867452028367e-10,2.0180407576406914e-06,2
458,01:23:30,6.590227280876837e-11,7.773435671082154e-12,3.1465216275117395e-12,9.14993399955655e-13,5.8454591810283335e-12,1.2996606623221814e-10,2.0281777443066963e-06,2
459,01:24:00,7.968376351934774e-11,9.60395210612156e-12,2.5080289904506534e-12,8.510259177078882e-13,5.513595517275869e-12,1.384027941430662e-10,2.0394322080174754e-06,2
460,01:24:30,5.251351724645944e-11,9.088305363614765e-12,3.482845555645944e-12,5.960297588189708e-13,3.234441417214911e-12,1.2347793288810103e-10,2.0951384438309913e-06,2
461,01:25:00,1.3483411324039503e-10,1.0264817001013573e-11,1.9018375510498486e-12,8.213856084199971e-13,4.990932200921037e-12,1.4883062841001985e-10,1.933116108822528e-06,2
462,01:25:30,8.960910270045309e-11,1.2566061326759344e-11,2.4913103340408644e-12,6.867956130236276e-13,4.304795409366418e-12,1.657837416774711e-10,1.9705123043979947e-06,2
463,01:26:00,1.1363640542997639e-10,1.2751659150296138e-11,2.2510286788246913e-12,5.278130137958979e-13,2.9927659976251456e-12,1.6645099753513377e-10,2.006887307140368e-06,3
464,01:26:30,6.444301849798244e-11,1.1198370073189063e-11,2.366992925119629e-12,4.824880480675056e-13,2.4919820634995177e-12,1.6928764733628005e-10,1.994361068622344e-06,2
465,01:27:00,1.5410895877322182e-10,1.4640787773544334e-11,2.561942153150604e-12,4.917251784951881e-13,2.6481043120598027e-12,1.9753796845469796e-10,2.043539539524758e-06,3
466,01:27:30,1.2822088943026062e-10,1.2415978914468062e-11,3.0618665243764696e-12,5.373396279343725e-13,3.0969752008468335e-12,1.8122403837746726e-10,2.001183937669742e-06,3
467,01:28:00,2.233112228825953e-10,1.3289843402277623e-11,2.0474714132381282e-12,5.875929771353834e-13,3.677347443589747e-12,2.4724016224821513e-10,2.0634740841587423e-06,3
468,01:28:30,2.0804950819240334e-10,9.698805083103897e-12,2.2922552342686757e-12,3.216156385579698e-13,1.3922194214145317e-12,3.7202364657435934e-10,1.9061360617807671e-06,3
469,01:29:00,2.0448913236935956e-10,8.844039561733506e-12,3.4860590375612453e-12,5.102083238793949e-13,2.371981470900303e-12,3.7094851477913393e-10,2.4311128424263995e-06,3
470,01:29:30,1.4305789141357795e-10,1.2847676893945115e-11,1.8788798143651898e-12,9.321943394262027e-13,1.3011128801595206e-12,2.4824791762563547e-10,2.003632362963826e-06,3
471,01:30:00,1.2016582571587503e-10,9.423597337907581e-12,1.734833101468292e-12,9.0117123284982e-13,4.967112356136392e-12,1.7218291458835143e-10,1.3708602522668345e-06,3
472,01:30:30,1.0877429835542474e-10,1.5355609342077548e-11,2.799426362124595e-12,7.183764528973139e-13,4.500365531831802e-12,1.8657022220936367e-10,1.4168422781113253e-06,2
473,01:31:00,2.083714303093918e-10,1.7739869631738704e-11,2.5521890346124968e-12,5.650830374744366e-13,2.606928353733104e-12,1.9155300782623102e-10,1.5013245296036186e-06,2
474,01:31:30,1.7147793427146028e-10,1.173510485277765e-11,1.7180835401345322e-12,8.48671911044764e-13,5.514368156000397e-12,2.59377304515812e-10,1.486494010771456e-06,3
475,01:32:00,1.5394445222271908e-10,1.0092792045740561e-11,2.6574601422440896e-12,5.91319395907082e-13,3.6205395455815384e-12,2.1322348950314975e-10,1.544554939195909e-06,3
476,01:32:30,3.92248646615426e-10,1.7795467263504536e-11,4.143652736099033e-12,6.393003369148633e-13,3.4577816421467707e-12,6.169998688334096e-10,1.7579017646187734e-06,3
477,01:33:00,7.389223042333242e-11,6.138531222822715e-12,1.4707879921052603e-12,3.3561108038437093e-13,1.3694936471655935e-12,1.783353920285069e-10,1.491780642899677e-06,3
478,01:33:30,1.521960800178577e-10,1.071830427906452e-11,2.6242064276354828e-12,7.093422155833045e-13,4.271440991881563e-12,1.6148096904501006e-10,1.2876044357369526e-06,3
479,01:34:00,1.3644821257174218e-10,1.0970691257713787e-11,1.7756071141445357e-12,4.0257854392668425e-13,1.6240494340225953e-12,1.441337075662775e-10,1.0671409969629098e-06,3
480,01:34:30,1.2233974740652805e-10,1.2510873625284382e-11,3.168208893526166e-12,8.718010263691995e-13,5.0762527765949095e-12,2.0190248544826944e-10,1.0560387229093146e-06,3
481,01:35:00,2.0476028214511262e-10,1.8022653400363817e-11,2.565698262861197e-12,5.043507632506125e-13,2.4550786049327677e-12,2.233384815816165e-10,1.0684749165271671e-06,3
482,01:35:30,1.5847984689085817e-10,8.792980738503475e-12,2.2626237549256203e-12,3.039607922360501e-13,1.1599249198632195e-12,2.973155204461632e-10,1.1005899982042605e-06,3
483,01:36:00,1.552697696222798e-10,1.6589345441598733e-11,2.2936832635626216e-12,6.376292810432375e-13,3.644206580395267e-12,3.1876258628352306e-10,1.0597806003294047e-06,3
484,01:36:30,9.90894272813037e-11,8.716908895655865e-12,2.3176093746642724e-12,4.4224052567967346e-13,1.9921896935067546e-12,1.949120681355414e-10,1.0378256800242857e-06,3
485,01:37:00,2.2518122220097915e-10,1.0509526334011465e-11,1.9139989182929174e-12,5.237426751083076e-13,2.7471519369240468e-12,2.3561142962792345e-10,1.1322496166633114e-06,3
486,01:37:30,2.094238740489069e-10,1.4069762963664838e-11,3.305315925899043e-12,5.4367280931338e-13,2.9863447975699985e-12,1.7999504869628177e-10,1.0923258544302763e-06,3
487,01:38:00,2.458595102751667e-10,1.4618692508933675e-11,2.3680244241350817e-12,5.966506323261967e-13,3.4923393703136843e-12,2.0141346173952256e-10,1.0244284226052775e-06,3
488,01:38:30,2.2339224505355481e-10,1.158218998173043e-11,3.020233802749709e-12,4.470079311199702e-13,2.196827971033932e-12,3.3570203972065555e-10,1.1221231595124586e-06,3
489,01:39:00,2.2938651035719322e-10,1.4223678289014432e-11,1.9100900078717278e-12,2.998523486532749e-13,1.0560173002672717e-12,3.69794652174603e-10,1.082822135172741e-06,3
490,01:39:30,2.8250012425723973e-10,1.3074000231800957e-11,2.2959213351534047e-12,5.768883833900992e-13,2.952137408552334e-12,2.928604093292875e-10,1.1363021708521925e-06,3
491,01:40:00,1.659828128789658e-10,1.2008517703150852e-11,2.248537589521922e-12,4.4933058069585386e-13,2.4467979604847183e-12,2.930158396516295e-10,1.054856422528908e-06,3
492,01:40:30,3.6525872720116783e-10,1.3933219152022256e-11,1.9976081119212265e-12,4.575342975283301e-13,2.423961910416014e-12,4.621451670681841e-10,8.683160845365386e-07,3
493,01:41:00,2.3713954578493077e-10,1.544047380596789e-11,4.421715466130891e-12,5.995297537935774e-13,3.684377244602747e-12,3.3016037007567603e-10,9.064085154408522e-07,3
494,01:41:30,2.0322949518476119e-10,8.420930603047712e-12,2.878187280397754e-12,4.288089620330048e-13,2.2554787839151678e-12,2.350288863767132e-10,8.80846949280638e-07,3
495,01:42:00,2.2516026704439422e-10,1.114539442493393e-11,2.841414282529154e-12,5.048955069796647e-13,2.9434557598393623e-12,4.2685435933176397e-10,9.266521639732707e-07,3
496,01:42:30,2.5197115550335883e-10,1.0721340812840297e-11,2.8851360902458112e-12,5.76636235057295e-13,3.3768415573347976e-12,3.2888400260717133e-10,8.793584453887201e-07,3
497,01:43:00,3.781088683361599e-10,1.2956973235694012e-11,2.7509012703787142e-12,4.913188650262353e-13,2.7065523836481767e-12,4.123217418412155e-10,8.328774940824328e-07,3
498,01:43:30,3.0437043014077136e-10,9.033841203964907e-12,2.8069657352882294e-12,5.234970119261685e-13,2.643813718924833e-12,3.922458992497575e-10,9.145857612780195e-07,3
499,01:44:00,3.923955563130743e-10,1.6437408731162954e-11,3.236064860647736e-12,7.381337499889384e-13,2.54274208630146e-12,7.332467687927924e-10,1.9587281556256416e-06,3
500,01:44:30,2.388710432419507e-10,2.167615250917322e-11,6.324205138369443e-12,5.425631034041876e-12,6.217412192037294e-12,3.0675854996995783e-09,3.7271697422647556e-06,3
501,01:45:00,1.0760611582766374e-10,1.3995481504814063e-11,3.3984872849338515e-12,1.2085313363185575e-12,1.6177259814032046e-12,7.334216046703793e-10,3.8100317820093015e-06,2
502,01:45:30,1.0227740993324929e-10,6.996695543039859e-12,1.6991170480297754e-12,7.456456560862298e-13,3.979864479130924e-12,2.1269233920541987e-10,3.5080872503628787e-06,2
503,01:46:00,1.1840322277944173e-10,1.0834118712396344e-11,2.8995651830513386e-12,4.816503015771104e-13,2.140919652385103e-12,1.848195738896194e-10,3.6524418537483566e-06,2
504,01:46:30,9.761778664298563e-11,1.1750387725159985e-11,2.107126398523529e-12,4.0877214823183516e-13,1.4260470028019619e-12,2.0662495665157433e-10,3.69660466172895e-06,2
505,01:47:00,1.3323841772402623e-10,5.690588886476118e-12,1.2672932856031438e-12,3.6506440087522335e-13,8.900824154254274e-13,2.4513522677270877e-10,3.718456122819607e-06,2
506,01:47:30,5.366167916966666e-11,7.627024652426767e-12,1.4538620934635067e-12,4.529885599826125e-13,1.96966501605181e-12,1.6221911200955579e-10,3.754204034890917e-06,2
507,01:48:00,1.0123818733795318e-10,6.972833941568857e-12,1.8274661962377834e-12,5.222797927531518e-13,2.7185031866400525e-12,9.670390123959948e-11,3.854542836688057e-06,2
508,01:48:30,1.0290025443308846e-10,7.054003745542383e-12,2.74332179766851e-12,4.4916984199750817e-13,1.849850920255468e-12,1.7390766143827266e-10,3.877264588039057e-06,2
509,01:49:00,1.409822435202188e-10,1.0836731241084943e-11,2.0303633671032377e-12,3.0520622777847096e-13,7.130291490989848e-13,2.5679542282669313e-10,4.20347100316672e-06,2
510,01:49:30,7.579205226717913e-11,7.77170791040811e-12,1.3606766400789275e-12,3.9066979479354597e-13,1.2280478596985551e-12,1.2099726942512143e-10,4.083610558357655e-06,2
511,01:50:00,9.61856233820134e-11,7.384417836062124e-12,1.7029853101410408e-12,7.38590192578602e-13,4.6707616714490586e-12,1.315042811880668e-10,3.97110509602948e-06,2
512,01:50:30,7.719182059223589e-11,1.1812672831621859e-11,1.1464939406967188e-12,3.183545819491293e-13,6.069675606703879e-13,3.5790836507157544e-10,4.0501144282907684e-06,2
513,01:51:00,6.846715835180756e-11,1.0378616914485442e-11,2.935138198771099e-12,7.476988354418282e-13,4.481411244547788e-12,1.3432161741787808e-10,3.8022761875677557e-06,2
514,01:51:30,6.235981522319957e-11,6.230984407477659e-12,1.3342153097650734e-12,5.965940455902995e-13,3.542120685578594e-12,1.1447416867804709e-10,3.5372781282927565e-06,2
515,01:52:00,4.4262541115996155e-11,4.435041974458949e-12,9.631923001568525e-13,6.542623098676091e-13,3.738284589985405e-12,9.800541285493474e-11,3.3345490479951165e-06,2
516,01:52:30,6.682487291427725e-11,9.894604712716488e-12,3.5545648156383916e-12,1.2204286291068268e-12,8.762645822178854e-12,1.111061103057199e-10,3.153749007398751e-06,2
517,01:53:00,5.634540771120269e-11,1.030274904557258e-11,3.791317111454605e-12,5.480997891005047e-13,3.133559826692839e-12,1.1610642285055912e-10,3.240106895540508e-06,2
518,01:53:30,6.110493597040063e-11,6.814389078726078e-12,1.9426825195728896e-12,8.12752856134237e-13,5.532730596152576e-12,1.258467231885003e-10,3.2833058850019393e-06,2
519,01:54:00,1.1652541514008958e-10,1.5684713952380477e-11,2.340412788265186e-12,7.159243115130862e-13,3.476426764472462e-12,1.1183378354222539e-10,2.762989179583829e-06,2
520,01:54:30,1.8368482222540042e-10,2.989960772488844e-11,5.09162878600643e-12,8.816350274657468e-13,5.6298073812948545e-12,3.5506771080427885e-10,1.3774918632303815e-06,3
521,01:55:00,8.598682293358492e-11,5.988541586205287e-12,1.2969020626079865e-12,3.128180639302224e-13,8.027211200619442e-13,2.9243416690058005e-10,1.8519422659197921e-06,2
522,01:55:30,1.463495385983379e-10,9.451006088863063e-12,1.7425753351599949e-12,4.5285487717922456e-13,1.863151041653751e-12,1.576125036255462e-10,1.8791317377237202e-06,2
523,01:56:00,8.124920416706405e-11,6.293270982151205e-12,2.0584621143344395e-12,9.86927900331303e-13,6.938606476782796e-12,1.6969240238564436e-10,1.7269379774997595e-06,2
524,01:56:30,9.056952705078077e-11,1.3060763541334578e-11,1.4193751324274365e-11,1.0306793654080707e-11,1.4630573326074536e-11,1.3792332252503245e-08,3.458927957190236e-06,1
525,01:57:00,2.0653500310414203e-11,1.0117744050433476e-11,5.328379770475787e-12,1.8873617576504585e-12,1.5521520804914009e-12,4.141356781511282e-09,3.976461982327089e-06,0
526,01:57:30,3.8959149068657645e-11,6.0745461866726045e-12,1.7964033931198918e-12,4.853745435577205e-13,1.3166877248442192e-12,7.344287885534987e-10,3.1592875422851446e-06,1
527,01:58:00,3.7561186640657055e-11,3.815071847999177e-12,1.7660170641362092e-12,3.997180434311282e-13,1.1648611024279518e-12,4.5650954173899315e-10,3.2689187469174423e-06,2
528,01:58:30,6.493539444823199e-11,1.138406681024274e-11,3.038607529621836e-12,5.68064396123024e-13,1.7934451110758335e-12,3.1660839359221593e-10,3.336848230345199e-06,2
529,01:59:00,8.701519872885547e-11,1.4803749847380033e-11,5.906951296297271e-12,3.3466711512652056e-12,3.0334715379215447e-12,1.9229868198568325e-09,3.778663485565589e-06,2
530,01:59:30,1.5010393141428474e-11,1.0118130482926627e-11,5.982138235017938e-12,1.8628611647722173e-12,1.5944664701548224e-12,3.137794473853785e-10,3.4034249617311674e-06,0
531,02:00:00,2.0943030960853948e-11,4.605956849945575e-12,1.7376375320303727e-12,4.855269641355001e-13,8.644849651449379e-13,1.5409602488534996e-10,2.7007525799336824e-06,1
532,02:00:30,8.396502043227768e-11,8.450694778263367e-12,1.8100348881761423e-12,3.7411831323151333e-13,1.0104689506293653e-12,1.8230135475824803e-10,2.290960365253147e-06,2
533,02:01:00,4.3071276911143936e-11,5.574262016178803e-12,1.3787607625045631e-12,5.425306023859375e-13,2.8755620550247465e-12,1.1529680523481289e-10,2.153972244040691e-06,2
534,02:01:30,7.949279947321277e-11,1.0273143893330226e-11,1.3710633804735617e-12,5.430514059789058e-13,2.411605489233695e-12,1.2949497421683066e-10,1.6199232149146131e-06,2
535,02:02:00,1.1923942966699444e-10,1.3802572502369154e-11,2.1691326132833077e-12,1.390383263917118e-12,9.155919984346937e-12,9.968968678446319e-11,1.3878669355258231e-06,2
536,02:02:30,1.1806271474450552e-10,1.0561556840968991e-11,2.0142457816096293e-12,1.1155987076069824e-12,6.2406138049962264e-12,1.0535107391473596e-10,1.1409140681059938e-06,2
537,02:03:00,9.821954463439369e-11,1.0620741669243542e-11,2.517589066359178e-12,4.839446276424283e-13,2.0139260666838067e-12,1.6611029484439647e-10,9.285779003224078e-07,2
538,02:03:30,4.3406964672676335e-11,1.1373111772857784e-11,1.8952262318426004e-12,6.128707636171762e-13,2.5624447420896367e-12,1.7193521709003737e-10,7.928861541363634e-07,2
539,02:04:00,2.6113254620286707e-11,1.0577863613631694e-11,2.2364695078061666e-12,5.090611547353434e-13,1.2990788620703161e-12,2.118365246054154e-09,4.3126980627756116e-07,4
540,02:04:30,1.8413074201801036e-11,5.335982537843427e-12,1.3295576437670621e-12,3.276211842779773e-13,7.771955528286427e-13,1.2983187762834136e-10,8.697376063482213e-07,4
541,02:05:00,3.1106452842264746e-11,1.0177738975098465e-11,1.295934593709909e-12,3.5204785350855126e-13,1.0062204279357383e-12,8.680926518526054e-11,6.457740967217317e-07,4
542,02:05:30,1.873641671646767e-11,9.420887583460638e-12,2.4480167792421187e-12,3.8135856457017996e-13,6.186269294128978e-13,2.1927757716424577e-10,5.72484613472053e-07,4
543,02:06:00,1.8235911776563025e-11,8.509153731993242e-12,2.450275647022409e-12,4.3860412444496083e-13,5.82028301541103e-13,6.934713847974498e-10,4.5279815076095126e-07,4
544,02:06:30,1.0152600560629137e-11,4.55151182700256e-12,2.190550995334109e-12,3.205107434341034e-13,5.456257584454576e-13,1.5588041587033232e-10,4.6985225748287683e-07,4
545,02:07:00,1.4986868018805082e-11,4.5740323032103475e-12,1.9427244517924178e-12,2.9596422824501737e-13,5.855940461791255e-13,4.3661570064666185e-10,4.7545778347835206e-07,4
546,02:07:30,1.607251604974397e-11,4.808076391716959e-12,1.8482694390982416e-12,3.857179609193231e-13,8.03890884650013e-13,8.650961486961161e-10,8.983998799666671e-07,4
547,02:08:00,1.2752995751965223e-11,8.635737607543836e-12,3.1776014344232392e-12,3.740436982380644e-13,4.906837811373143e-13,3.09416928916062e-10,5.311524361690032e-07,4
548,02:08:30,1.1075025215033165e-11,3.6128621191542977e-12,2.523376916685002e-12,3.6165325379487876e-13,6.713314955525952e-13,6.937419911741373e-10,4.2416572586721724e-07,4
549,02:09:00,1.660402195491863e-11,4.752016263614977e-12,2.318067568463546e-12,3.024189876052504e-13,4.516423584810175e-13,8.052273024220705e-10,4.3495027786837814e-07,4
550,02:09:30,1.808912003126347e-11,6.7567620500984655e-12,1.6379986470112308e-12,3.450085271405255e-13,7.686336569135121e-13,4.691270798623587e-10,5.17696252409851e-07,4
551,02:10:00,1.6652627172676046e-11,6.705155521903788e-12,1.7812083580550988e-12,3.2605545497827385e-13,6.040725833579524e-13,6.829245013048198e-10,4.708130638255759e-07,4
552,02:10:30,1.4002179662510531e-11,3.2805405719888978e-12,1.8874524601702545e-12,3.6574317147774614e-13,6.791140868986097e-13,2.2173912707114217e-09,5.504052260086562e-07,4
553,02:11:00,2.41526479422068e-11,1.0506266713327461e-11,2.3523592506747054e-12,6.745833954738492e-13,8.625932361414716e-13,9.71705609925803e-10,5.856339710655176e-07,4
554,02:11:30,1.211256076384273e-11,1.642439274736191e-11,6.850398465823653e-12,3.0742133747822677e-12,4.725159018975285e-12,5.754838409509621e-10,2.9269396564779e-06,4
555,02:12:00,1.1200403299064343e-11,1.1570972143082603e-11,4.99978197013983e-12,7.362041403301759e-13,9.451320862826065e-13,2.9602313746499206e-10,2.4492377672690567e-06,0
556,02:12:30,8.234463133933926e-12,6.681038948758483e-12,2.123590818169737e-12,4.525966218481077e-13,8.135038657519989e-13,1.4895845412578235e-10,1.6273191427627628e-06,0
557,02:13:00,1.591635714779727e-11,4.412808008877586e-12,1.7040476441560017e-12,3.7773963691979475e-13,7.160686763607399e-13,1.0998178004137173e-10,1.48096441922339e-06,1
558,02:13:30,6.924359097776108e-11,1.0527128150308321e-11,9.440397131715985e-13,3.8136590339730694e-13,8.598982095552641e-13,1.1747454464403116e-10,1.6331127538047462e-06,2
559,02:14:00,2.7027975559708036e-11,6.776210482769368e-12,1.285819318249346e-12,5.79968357817545e-13,9.394319889160117e-13,1.824939226990397e-10,1.979683881097449e-06,2
560,02:14:30,5.993050495321249e-11,8.627724427571655e-12,1.686651318070004e-12,3.873303349999911e-13,7.214106406825686e-13,1.3315505516685523e-10,1.902676032715777e-06,2
561,02:15:00,3.804508762045302e-11,8.625110177412475e-12,1.3492648444139595e-12,4.2028327671100333e-13,1.229448334366483e-12,9.09467836448079e-11,1.7775589240632676e-06,2
562,02:15:30,5.6753029922112534e-11,8.529391512834941e-12,2.428203737517301e-12,5.376333551153178e-13,1.6800270471996648e-12,9.832965647361725e-11,1.5158188959075664e-06,2
563,02:16:00,8.820546846213268e-11,1.3907905592623376e-11,2.168128787551361e-12,5.162483262939377e-13,1.4688419141786362e-12,9.269959535684924e-11,8.793455698257441e-07,2
564,02:16:30,3.582962301150163e-11,1.0157115896574006e-11,1.7866103011017823e-12,4.717209620111934e-13,1.3119497804757965e-12,9.906374821761734e-11,5.559502385922069e-07,2
565,02:17:00,3.552823945044071e-11,5.393248499998064e-12,1.4715570054718237e-12,7.013504108968842e-13,2.7625851367663424e-12,8.861679848460262e-11,6.805763245688042e-07,2
566,02:17:30,3.4532155030659494e-11,1.2991266862655598e-11,8.193593613244987e-12,1.1454350690307915e-12,5.922435847827673e-12,2.2288285795684135e-10,7.403193735095382e-07,2
567,02:18:00,8.162052677197721e-12,8.56714204791836e-12,2.4334117683847814e-12,4.407907326395699e-13,8.000510263084862e-13,3.193876146257716e-10,8.491829949093552e-07,0
568,02:18:30,1.982647245488258e-11,5.154280748540754e-12,1.0338730894578746e-12,4.3208887970054217e-13,6.848366038135039e-13,1.1524170992249433e-10,8.261634175735718e-07,1
569,02:19:00,2.7226615483729254e-11,8.205500633873517e-12,2.7406296415585746e-12,4.584585509735755e-13,9.928499017592602e-13,1.5394281817517297e-10,1.9399892419132424e-06,1
570,02:19:30,3.286223489956196e-11,7.879025718389195e-12,8.66153577362251e-12,6.676014124306368e-12,9.852462575652981e-12,4.688501763741937e-10,3.6912449333145992e-06,0
571,02:20:00,1.1282948997813317e-11,4.666512374701248e-12,2.9064169564323595e-12,5.793376879609686e-13,9.029861924595722e-13,1.826298047734795e-10,2.3011205074913196e-06,0
572,02:20:30,3.342417088694542e-11,6.403344908491371e-12,6.158451176690082e-12,2.5510059726612346e-12,2.4240504102149885e-12,6.752769498278158e-10,3.7602301648413872e-06,0
573,02:21:00,2.5700613432220996e-11,3.9658042986776944e-12,4.492426778399438e-12,1.0520536531517787e-12,9.437244403704945e-13,1.247933226604989e-09,4.124506401734765e-06,0
574,02:21:30,6.251119301311572e-11,4.146805484647876e-12,4.5317019728338374e-12,1.2302848064172896e-12,1.4349833754982539e-12,2.371245121294172e-09,3.7420346707101093e-06,0
575,02:22:00,2.7572725446399053e-11,5.016306654864397e-12,6.125219918488688e-12,1.080245166777432e-12,1.483963071637976e-12,1.5290425322518377e-09,4.035610182098e-06,0
576,02:22:30,6.806669134496109e-12,5.165133597517597e-12,4.4498864841256024e-12,6.349112595542727e-13,7.643674165228434e-13,2.7688746699211793e-10,4.209903029006925e-06,0
577,02:23:00,4.676789582416403e-11,5.1837153102830895e-12,5.280597030367265e-12,2.417586840655768e-12,1.9609814566063353e-12,1.6432507365228947e-09,4.124407241493165e-06,0
578,02:23:30,2.52824127218781e-11,6.2410406821048754e-12,4.357292082458495e-12,1.441731628264854e-12,1.917687469305452e-12,6.067835960345371e-10,4.1567108174525436e-06,0
579,02:24:00,1.0470311156757996e-10,1.1935612018966873e-11,7.05883721598393e-12,4.944235320853638e-12,3.6116844351604476e-12,4.870366960495451e-09,4.062110029501684e-06,0
580,02:24:30,1.333620420080314e-10,9.143922944331386e-12,5.3849345145710065e-12,2.6010209762555228e-12,3.056027556353111e-12,1.1708484136174678e-08,4.15619209623602e-06,0
581,02:25:00,4.7125994707954816e-11,7.37138378173189e-12,4.502132022324926e-12,6.870276075740665e-13,8.229285068324583e-13,1.392021240498462e-09,3.6831152209464446e-06,0
582,02:25:30,1.517650811760075e-11,9.057286573292309e-12,4.741284327103136e-12,4.891232846062294e-13,5.855662030304551e-13,3.543742639562087e-10,3.498426030592473e-06,0
583,02:26:00,3.4289099887347225e-11,7.256791598456741e-12,5.123005484887642e-12,7.73831190740288e-13,8.195153194728401e-13,8.218303935865278e-09,3.4714184959125334e-06,0
584,02:26:30,7.951171377152823e-11,4.686086521381785e-12,3.156394401565051e-12,1.5376495030333292e-12,1.2917349632693984e-12,3.902014509590346e-09,4.123751249465101e-06,0
585,02:27:00,1.1440818539394351e-10,6.343299040094481e-12,4.042337042167637e-12,1.182794763631395e-12,7.584278380216535e-13,2.9398628678161025e-09,4.1645631101271855e-06,0
586,02:27:30,9.027707843686614e-12,8.747822220440321e-12,5.842704894224314e-12,4.555163428396276e-13,5.222968645510921e-13,6.051878638938584e-10,4.0596359027280545e-06,0
587,02:28:00,8.304459908563616e-12,5.629230741777067e-12,3.687995520710254e-12,4.432747163520366e-13,7.21665056899162e-13,4.268535553319123e-10,3.844409030424037e-06,0
588,02:28:30,9.70343968104296e-12,5.99908391523983e-12,5.394705258132586e-12,3.3613729671627616e-13,4.350716696155472e-13,4.964097276632063e-10,3.6997262489499935e-06,0
589,02:29:00,7.516900676924035e-12,4.24542350599369e-12,1.9554351053669897e-12,2.990183001123009e-13,3.4039574137415715e-13,3.8502002618160144e-10,3.6608160349928248e-06,0
590,02:29:30,1.0443181884882386e-11,7.831099977755043e-12,1.8281073474905074e-12,3.516667861962884e-13,3.857602187228155e-13,2.5095979080059397e-10,3.5220439076639515e-06,1
591,02:30:00,1.0530367384151304e-11,5.432847902196704e-12,4.543522610545566e-12,3.8986626033695374e-13,5.80592384367563e-13,1.5612155625207372e-10,3.5095744218169087e-06,0
592,02:30:30,8.763981889820076e-12,4.836302004200908e-12,4.062210915423104e-12,3.218782288035079e-13,4.631827724721048e-13,1.6415297325574563e-10,3.4343000764980276e-06,0
593,02:31:00,7.093513000226538e-12,3.924885723945517e-12,3.58690588663664e-12,3.134533859161422e-13,3.872346159720936e-13,2.565872335678389e-10,3.4067172166965043e-06,0
594,02:31:30,1.0015775740110275e-11,7.124777147904889e-12,3.1761385209620865e-12,3.6702963452871246e-13,4.2547495835239427e-13,1.8279809454464984e-10,3.4793865694863184e-06,0
595,02:32:00,6.196187015351064e-12,3.593124615694529e-12,3.4520501568270456e-12,3.5620954926558307e-13,4.1905992879898215e-13,2.262274705376886e-10,3.645310383362576e-06,0
596,02:32:30,8.191532628040328e-12,4.9068203934513005e-12,5.187749761146948e-12,2.958085710592617e-13,4.231583889217818e-13,2.2755424710142657e-10,3.2824385513727596e-06,0
597,02:33:00,8.134461304992735e-12,7.5664693510883e-12,2.8286027507871838e-12,3.086524486329814e-13,4.0038912494212803e-13,2.930702771717331e-10,3.152748437494457e-06,0
598,02:33:30,1.1839804505479336e-11,4.83632720227446e-12,2.4364869299618785e-12,3.07986653109703e-13,6.038515052914647e-13,2.0293291104729883e-10,3.2259803047377316e-06,1
599,02:34:00,1.6011440073241566e-11,4.720553113496084e-12,1.623416885149066e-12,3.5926051099228074e-13,6.871144459974897e-13,2.433059553932855e-10,3.195296216674119e-06,1
600,02:34:30,2.4921575568563493e-11,5.0319605691254e-12,1.1522697141814931e-12,3.049402327492008e-13,7.639331909127936e-13,2.4482379791609413e-10,2.9381982342721003e-06,1
601,02:35:00,3.408254308191236e-11,6.157576833315725e-12,9.559644112878395e-13,3.102593113374237e-13,8.716479098317177e-13,1.008296926939824e-10,3.1361082340162664e-06,2
602,02:35:30,4.026420343355495e-11,4.11674863242268e-12,1.5935753359917859e-12,4.4993821966170357e-13,1.5288486878245413e-12,8.733802415978516e-11,3.083731567892744e-06,2
603,02:36:00,9.415845395527212e-11,1.2761978397852152e-11,1.4929250316575572e-12,5.617915702668237e-13,2.1974885746064322e-12,1.2289657338374704e-10,3.1025015909400062e-06,2
604,02:36:30,4.588801392072137e-11,5.796509512482375e-12,1.4559878518521857e-12,4.186606813993713e-13,1.499277267006825e-12,9.403662630444707e-11,2.980823835277075e-06,2
605,02:37:00,3.0485984592332396e-11,3.847086974912564e-12,1.9426170390043265e-12,9.449630885336155e-13,6.605867996687166e-12,8.146700158923553e-11,3.077877876426281e-06,2
606,02:37:30,3.171543601672803e-11,6.048741850441765e-12,1.7376716930341693e-12,5.741648564990589e-13,2.858493568490852e-12,8.174260326858846e-11,2.8284124420901734e-06,2
607,02:38:00,7.776337017837747e-11,7.681068272638997e-12,1.3128433919119805e-12,4.284788741202471e-13,2.0169518754742072e-12,9.10271859302096e-11,2.9197431874593953e-06,2
608,02:38:30,2.975195017342427e-11,3.493162409694849e-12,1.8972975778374143e-12,5.404504768714022e-13,2.962657586248976e-12,7.27829440123316e-11,2.8543790203538885e-06,2
609,02:39:00,4.6138371511034326e-11,6.185726100250139e-12,1.2507276648034352e-12,5.547241398597138e-13,2.5228862504001945e-12,8.550003356376397e-11,2.962056742113678e-06,2
610,02:39:30,3.988350396887663e-11,8.189553297400861e-12,1.3408900660554828e-12,5.901134867671539e-13,2.011942712145992e-12,7.79419161117828e-11,2.7834533400670755e-06,2
611,02:40:00,4.973054261102452e-11,7.916878849120054e-12,1.623870114799423e-12,1.0435078850233823e-12,6.4512291353914375e-12,8.796478233712653e-11,2.8163971995484906e-06,2
612,02:40:30,2.879130822542615e-11,4.536905458042631e-12,1.129219811320885e-12,4.952853918016469e-13,2.6154144603724646e-12,7.117576154189046e-11,2.8130618834850616e-06,2
613,02:41:00,2.8097798806256042e-11,4.800883496754959e-12,1.731283333381077e-12,9.92086522413249e-13,6.457316985175266e-12,9.504321067681168e-11,2.7867005711004848e-06,2
614,02:41:30,4.5455388601965625e-11,4.068107463092567e-12,1.4188327879447078e-12,4.3966845916811604e-13,2.1060760716334593e-12,7.980238631931575e-11,2.917771046516297e-06,2
615,02:42:00,4.110737367984666e-11,7.049281323871852e-12,2.144943079433788e-12,9.636916945751675e-13,6.239999957782421e-12,8.364488593966406e-11,2.833842136107417e-06,2
616,02:42:30,4.84720013945431e-11,4.668677866750431e-12,1.733040938248778e-12,8.992815891197947e-13,6.208427411048357e-12,8.878471011118548e-11,2.7798440361127313e-06,2
617,02:43:00,3.463443220311938e-11,6.01853107606714e-12,1.5255929609361113e-12,5.745035039245798e-13,3.2270162842019235e-12,8.377342462764929e-11,2.855783321778639e-06,2
618,02:43:30,5.54280759021523e-11,6.8162320054993195e-12,2.1548863827849246e-12,7.175577169904157e-13,3.6004443426290247e-12,9.528977167372827e-11,2.8620501562648233e-06,2
619,02:44:00,6.14662723306591e-11,9.531552882528834e-12,1.4942873961169432e-12,4.4785809644686737e-13,1.9853206739195764e-12,8.286152418637191e-11,2.81940380257484e-06,2
620,02:44:30,5.171116510862452e-11,6.473904848190119e-12,1.9453531536850446e-12,8.299630651248462e-13,5.17111482059245e-12,8.634296036508035e-11,2.7257645510771987e-06,2
621,02:45:00,3.0987531968272374e-11,7.15452733178088e-12,2.4608286768012207e-12,6.414550251576779e-13,3.828752042800272e-12,7.597900322469139e-11,2.642169345480897e-06,2
622,02:45:30,4.146613422577258e-11,7.2518328495231585e-12,2.2757528830155735e-12,6.038316996528181e-13,2.6681099136253113e-12,1.0862669034424662e-10,2.679767017994438e-06,2
623,02:46:00,3.1390915741320195e-11,7.675558096393455e-12,1.875446205311094e-12,8.239493419881501e-13,4.738129896919937e-12,9.054994929142256e-11,2.6563515093549634e-06,2
624,02:46:30,4.6445473591083e-11,8.043308849845027e-12,2.193380041606564e-12,4.1423150030150117e-13,1.4832982760171789e-12,9.164945969163715e-11,2.74515114392632e-06,2
625,02:47:00,5.793019643230391e-11,7.628497763262855e-12,2.5657877963759308e-12,5.562539624879697e-13,2.9957557649546267e-12,9.707358775281193e-11,2.6948310533868225e-06,2
626,02:47:30,5.968412025049204e-11,8.084531680663225e-12,2.9812170077485586e-12,6.278151837450941e-13,3.230990074325076e-12,9.304557434184206e-11,2.697917278172219e-06,2
627,02:48:00,5.274242704281583e-11,6.6708697565460134e-12,1.6907678008921686e-12,5.738554665179642e-13,2.6940795751336934e-12,9.614479992889916e-11,2.748274500848588e-06,2
628,02:48:30,6.237173038355828e-11,6.664058881378693e-12,2.5765543632946444e-12,1.14534158020988e-12,8.207181239304572e-12,1.0261494198007935e-10,2.66100161922702e-06,2
629,02:49:00,7.757917926859642e-11,1.3070968286863259e-11,2.3406653570120477e-12,5.597995226279863e-13,2.693522853215193e-12,1.070877542231717e-10,2.5281228290842816e-06,2
630,02:49:30,9.271205193965686e-11,9.551706356248532e-12,2.662512377006899e-12,4.09254212334694e-13,1.8486353605410875e-12,1.1053089819022721e-10,2.5171730834855037e-06,2
631,02:50:00,9.708939403750468e-11,1.0544482587437005e-11,2.3578440618127425e-12,7.108873515319763e-13,3.917045118195947e-12,1.1216289693228618e-10,2.484005095002102e-06,2
632,02:50:30,7.861524620049e-11,7.322354662562751e-12,2.3565600185173377e-12,7.574384387804125e-13,4.447443982627357e-12,1.1316815003204071e-10,2.4211325151942173e-06,2
633,02:51:00,9.731064211522988e-11,1.1433777028668437e-11,2.833302266338459e-12,6.44239680753115e-13,3.917370002255741e-12,1.7528627875353102e-10,2.5147699554952725e-06,2
634,02:51:30,1.1901492820239363e-10,8.176095883302315e-12,1.915372918093178e-12,6.222824204763411e-13,3.120298249503775e-12,1.6898774022036993e-10,2.3650235921571325e-06,3
635,02:52:00,1.2690660192954752e-10,1.0987713188134542e-11,1.7492214084846538e-12,6.864459152706376e-13,3.651625886089593e-12,1.2831717912539718e-10,2.022473650855623e-06,2
636,02:52:30,5.13989001133036e-11,7.991809125048866e-12,2.2008037085482676e-12,1.1860349692566229e-12,8.180980771077045e-12,9.989123239622193e-11,2.0314564845653187e-06,2
637,02:53:00,6.628758352033713e-11,8.33324163075819e-12,2.8778406069110424e-12,1.0115842873261538e-12,6.943580586563641e-12,1.2226826861546062e-10,1.9670019684285016e-06,2
638,02:53:30,1.187368418894217e-10,1.2453461985967593e-11,2.4171076469173493e-12,7.651905432347241e-13,4.965851502615078e-12,1.6624783681617674e-10,1.9516991319027302e-06,2
639,02:54:00,8.273140943273003e-11,9.725668087045877e-12,2.2889954915043445e-12,5.969093079895068e-13,3.46133156209422e-12,1.678152586406211e-10,2.012486796038484e-06,2
640,02:54:30,1.9244418609661416e-10,2.5765917671038824e-11,8.547684885652165e-12,7.856812648564659e-12,1.0150767469027502e-11,9.689488465764905e-09,3.826639114912966e-06,2
641,02:55:00,1.313444841207143e-10,1.4006687134290353e-11,2.123302261630244e-12,5.441746169413593e-13,2.2630990354092943e-12,2.153544920660389e-10,3.764442293351184e-06,2
642,02:55:30,5.919897257688242e-11,4.409939082252058e-12,1.242630010276989e-12,7.280445030352891e-13,3.8016122962910345e-12,1.2449555489029125e-10,3.6138898694118277e-06,2
643,02:56:00,5.621779775352487e-11,8.080252961709907e-12,2.702077165304034e-12,1.4516190864548942e-12,1.0608694024262098e-11,1.1021624635593832e-10,3.5319387108786836e-06,2
644,02:56:30,7.262610732368653e-11,9.392218278905898e-12,2.364552092055193e-12,8.786467808987921e-13,5.7510237119230855e-12,9.473446449901264e-11,3.5647647248436208e-06,2
645,02:57:00,6.765547902863792e-11,4.973831802766852e-12,1.6394906484166576e-12,4.0433888008144965e-13,1.632707760325576e-12,1.4943737110565045e-10,3.548953169853187e-06,2
646,02:57:30,6.21893414243142e-11,7.632821036532051e-12,2.0979654958656524e-12,6.307360388208262e-13,3.564988443011282e-12,1.1366378521031418e-10,3.4110967788622116e-06,2
647,02:58:00,7.177026092976165e-11,8.342453842816218e-12,1.652780387695264e-12,9.657724249655682e-13,6.5334822723217066e-12,1.537092165713893e-10,3.4095827563716595e-06,2
648,02:58:30,6.684573608970253e-11,8.54143138714317e-12,2.7233639610486317e-12,6.408346196614126e-13,3.486941084230092e-12,9.96054336323428e-11,3.3560318826320975e-06,2
649,02:59:00,1.4396067500179144e-10,1.2057829810692713e-11,3.1724912313875124e-12,7.031219409863127e-13,4.3892511109937525e-12,1.4962761233682918e-10,2.9808004501289934e-06,2
650,02:59:30,8.83400925811094e-11,8.710152062847091e-12,1.899173147570769e-12,3.8282014482239777e-13,1.708113385549059e-12,1.285006015032635e-10,2.690376499792961e-06,2
651,03:00:00,8.05096221872167e-11,1.3396622740101024e-11,1.9419065184270776e-12,4.541345835080923e-13,2.471322471748247e-12,1.8095971081368773e-10,2.7691239517391845e-06,2
652,03:00:30,1.2288899370572274e-10,9.859551542582977e-12,2.862713560350901e-12,5.122682563746171e-13,2.5921690848305736e-12,1.9005761268567424e-10,2.7711153643483972e-06,3
653,03:01:00,1.3710628075630856e-10,1.4400307378580093e-11,2.5778265729876535e-12,5.542439353108581e-13,2.866955169393057e-12,2.562929777117831e-10,2.8067672499713038e-06,3
654,03:01:30,1.122469363005377e-10,9.51315833974617e-12,2.6754029298008292e-12,5.215301998757117e-13,3.027285559922792e-12,2.4376745151485483e-10,2.631841417341182e-06,3
655,03:02:00,3.0424444690388313e-10,1.5719099440890994e-11,2.5169492602681585e-12,4.311578808903158e-13,2.2284164833592307e-12,2.592471950972436e-10,2.548090912442322e-06,3
656,03:02:30,2.5372796487924993e-10,1.1791357382316506e-11,4.098185647075454e-12,3.630048396379008e-13,1.4595882133960838e-12,4.2261160993523273e-10,3.5111321549071563e-06,3
657,03:03:00,1.086704901875866e-10,1.0190798647462064e-11,2.12394697501109e-12,3.5684173196682123e-13,1.066538075384391e-12,1.7561519440015393e-10,3.941215183681102e-06,3
658,03:03:30,3.807421598764475e-11,7.2865695446854e-12,1.6644303622595253e-12,8.189217699280695e-13,4.2067191651202254e-12,1.2671045766001433e-10,3.5555344489647846e-06,2
659,03:04:00,6.865665211356916e-11,1.1488722722564789e-11,3.2116406294757832e-12,1.2966380873174731e-12,8.600519662650725e-12,1.1012626740572357e-10,3.2126712354961946e-06,2
660,03:04:30,9.1621679722453e-11,1.0964715423889062e-11,2.600625900491519e-12,5.834021296054794e-13,3.140838742896606e-12,1.2627268865750575e-10,2.9357877877605862e-06,2
661,03:05:00,9.989919347357861e-11,2.1090020154277734e-11,2.608586515385637e-12,8.163900215552723e-13,4.616600938066274e-12,1.4181779651289934e-10,3.0098273205901515e-06,2
662,03:05:30,9.553068640653163e-11,1.1964150464862681e-11,1.7893442996157708e-12,5.720666551233782e-13,2.8905905143773183e-12,1.608965282218215e-10,2.8896860978781927e-06,3
663,03:06:00,1.255381720231504e-10,9.094963918464888e-12,2.7207663073065055e-12,8.911998929690224e-13,6.443867369493195e-12,1.9056868539510843e-10,2.464662086185831e-06,3
664,03:06:30,1.2645640292732104e-10,8.494095187540597e-12,3.1767522558375483e-12,6.879225812237475e-13,4.595559221426499e-12,2.8035702264376665e-10,2.2512418178808576e-06,3
665,03:07:00,2.2716156502803296e-10,1.4966819280824897e-11,1.937135339097415e-12,4.2044390138630907e-13,2.068355904879543e-12,1.7206992061255385e-10,2.156115980613755e-06,3
666,03:07:30,1.5643885435765248e-10,1.023237827106838e-11,2.012140386885108e-12,7.140772432780157e-13,4.186511446875632e-12,2.5916846201353965e-10,2.2169410486435546e-06,3
667,03:08:00,2.9848970214744646e-10,1.3099217629759105e-11,2.773898095833948e-12,5.164048538831955e-13,2.911220420031775e-12,2.7298958956882553e-10,2.294033411984216e-06,3
668,03:08:30,1.9412976014170405e-10,1.4061552455532598e-11,2.1750644257599576e-12,3.895589467554835e-13,2.203040684857517e-12,2.9837713776580707e-10,2.204980551261161e-06,3
669,03:09:00,1.9101783222724949e-10,1.497166416381313e-11,2.2904669330055605e-12,5.031271431587299e-13,2.624719127965036e-12,3.086652441314624e-10,2.229027392422824e-06,3
670,03:09:30,2.2964454858868685e-10,8.858734964070196e-12,2.2260074160070837e-12,4.771497364024021e-13,2.3830861431278977e-12,3.577824183190766e-10,2.237055250741661e-06,3
671,03:10:00,1.5643519071544685e-10,1.166121902025133e-11,2.774542301578963e-12,5.274228969382642e-13,2.8508205069952048e-12,2.7135814681380545e-10,1.9429382505918093e-06,3
672,03:10:30,2.0153689108132587e-10,1.1782584691444537e-11,2.3362755772032187e-12,2.7467147052654255e-13,9.030380235208926e-13,2.9216163852797623e-10,2.1550633723818632e-06,3
673,03:11:00,3.184647012567663e-10,2.292266693796712e-11,7.626116986546529e-12,6.915086542297604e-12,7.808362517065279e-12,3.567927899205525e-09,3.839092729371284e-06,1
674,03:11:30,1.8575078598373133e-10,1.1395528123066419e-11,4.960294056699169e-12,1.742367291816314e-12,9.050249877985968e-13,4.228510231439613e-10,3.143477931968738e-06,2
675,03:12:00,9.670619376993645e-11,5.246668120168025e-12,1.577910376903026e-12,4.4982389730899504e-13,1.7195791412208504e-12,1.5725645647306648e-10,1.773545061266185e-06,2
676,03:12:30,7.322585707186455e-11,7.374132288317908e-12,2.0392226655123573e-12,8.313419049199791e-13,4.80152809164339e-12,1.2451615564192096e-10,1.5250684922080062e-06,2
677,03:13:00,4.7831798156305285e-11,6.3138037280179165e-12,1.410039788050743e-12,5.045154568852727e-13,2.5093268760107957e-12,9.816140888219995e-11,1.3237836501307407e-06,2
678,03:13:30,9.172487490959402e-11,1.2629985710174597e-11,2.768859924387325e-12,5.494665579378942e-13,2.5219835036215814e-12,1.1447420972060092e-10,1.2845696999568601e-06,3
679,03:14:00,1.531516428544425e-10,1.5966419567208446e-11,3.044414409136423e-12,7.045486541450676e-13,4.3203666714611285e-12,1.3451777071521498e-10,6.06871640025321e-07,3
680,03:14:30,1.5969014047474917e-10,1.1908093212944763e-11,4.314722462013572e-12,4.928825416138134e-13,1.4459001731199366e-12,1.993847440181086e-10,2.459692143754886e-06,2
681,03:15:00,4.6309432727859874e-11,5.26794732154484e-12,1.3927817228491121e-12,7.450972025342913e-13,4.16688496042988e-12,1.7054872373971504e-10,1.9853376133131615e-06,2
682,03:15:30,1.943316128856583e-10,1.506047190526057e-11,2.1092306870597803e-12,1.145787481319642e-12,7.548991272663884e-12,1.0561102098710352e-10,1.2725711656879574e-06,2
683,03:16:00,8.623257987070134e-11,1.1646275092255195e-11,1.8740557202353405e-12,4.3767809834213964e-13,1.50695300388728e-12,1.0810312899046752e-10,1.5093332627505663e-06,2
684,03:16:30,9.130270017351594e-11,1.3343219246475243e-11,2.051215478407008e-12,9.38071908533745e-13,5.153396258354439e-12,1.7294870888802666e-10,1.6423159382601515e-06,2
685,03:17:00,9.899107560772187e-11,2.8555759284908947e-11,3.3400077942544664e-12,6.940729306566394e-13,3.13726537906437e-12,1.6810834023509616e-10,1.5276645796647336e-06,2
686,03:17:30,9.118643796742982e-11,1.1765090127080172e-11,1.6833795981181995e-12,4.351412739897949e-13,1.045897288646217e-12,1.9300887363745141e-10,1.918300465280719e-06,1
687,03:18:00,1.0161217254215179e-10,1.3470370269866382e-11,2.2879500303161038e-12,5.646221654566138e-13,1.902099461597689e-12,8.97596805260327e-11,9.791682868902005e-07,2
688,03:18:30,3.49105709778726e-11,1.1935953163727005e-11,2.1468740322789794e-12,4.441157201667574e-13,1.3387280797507464e-12,1.2052933243975457e-10,3.0222678536932374e-07,1
689,03:19:00,2.4814279940322455e-11,9.686303855211427e-12,1.7205909549166105e-12,4.824822432107691e-13,1.4650512929031377e-12,2.0445243512592413e-10,3.857121633342662e-07,4
690,03:19:30,1.971883463066601e-11,5.86551159549657e-12,1.9926636377742857e-12,3.3435947955677164e-13,6.229263388015295e-13,1.5327540732242513e-10,5.651122601977248e-07,4
691,03:20:00,1.6054436952580625e-11,4.651480308249955e-12,1.749062024102595e-12,3.0324156820910686e-13,6.390183442538034e-13,2.1888248272567358e-10,3.941121548451559e-07,4
692,03:20:30,1.7426344858472552e-11,5.588509923915612e-12,1.290842964361725e-12,3.0391529591884625e-13,6.165509897289674e-13,3.2080432824427107e-10,4.315188784303491e-07,4
693,03:21:00,1.4416504051724454e-11,3.5806669098140167e-12,2.385969723235874e-12,4.3201890231487755e-13,7.893192853671853e-13,1.1669661747795745e-09,4.580855790526697e-07,4
694,03:21:30,1.464936573250908e-11,5.426327043635702e-12,1.3140041085661877e-12,3.3709123260535304e-13,8.177529485713512e-13,1.95768012792369e-10,8.447186691756398e-07,4
695,03:22:00,1.290445216630284e-11,4.661206314258377e-12,1.7768474175165804e-12,3.6715311854879966e-13,8.85078254225151e-13,3.129464528820871e-10,6.320638501634133e-07,4
696,03:22:30,1.63568905875163e-11,5.414721806987856e-12,1.9269309074642737e-12,3.49593774007642e-13,6.185239350722153e-13,3.6242978670425417e-09,4.5427622936643513e-07,4
697,03:23:00,1.825557620606937e-11,6.1361964007875955e-12,2.0468382789289783e-12,3.5092898441030575e-13,6.116315720622319e-13,8.744479375058039e-10,5.083764201201313e-07,4
698,03:23:30,1.5530854991467144e-11,5.268689782223294e-12,2.38280322490002e-12,4.1553221790221224e-13,8.607360925378303e-13,1.0472145744141975e-09,4.977227622106886e-07,4
699,03:24:00,1.2126139696562393e-11,4.832514137846618e-12,1.4680568670754025e-12,4.0077376533057663e-13,7.362922281539217e-13,6.784953690390052e-11,5.555392718408896e-07,4
700,03:24:30,1.7085841276499375e-11,5.421855129710168e-12,1.796714857179024e-12,3.247224834214371e-13,8.486956121740901e-13,2.917968946961196e-10,8.59705354800483e-07,4
701,03:25:00,1.2717707029809526e-11,5.326310637420411e-12,1.9835705712940246e-12,3.8228604528722264e-13,1.085431437683368e-12,2.1783565817107567e-10,7.240091241567739e-07,4
702,03:25:30,2.3605698877451213e-11,5.5546519512003335e-12,1.8609942328796326e-12,3.382262899530379e-13,4.806671730337113e-13,7.312398924298257e-10,4.3757043522746425e-07,4
703,03:26:00,2.4700695693801238e-11,7.240117651001023e-12,2.104175164573845e-12,4.478055897681328e-13,5.747469141948413e-13,5.728767506564931e-10,2.0492193466245863e-06,4
704,03:26:30,2.919654333411064e-11,1.066091095742117e-11,7.846952903628274e-12,4.0906344788075334e-12,3.2150224771670415e-12,6.293368325119776e-10,3.6046215610642804e-06,0
705,03:27:00,1.0976395380180785e-11,8.639094053525351e-12,3.162550001744622e-12,2.697346669699944e-12,2.590102274349157e-12,2.6318872337000644e-10,2.5122646524050615e-06,0
706,03:27:30,1.5889437789236394e-11,3.882727011820146e-12,1.7384496932726131e-12,4.9669647324403e-13,1.1234398571693666e-12,3.8520527593523956e-10,1.4749869576418312e-06,1
707,03:28:00,1.2450299508363295e-11,4.8145365576877e-12,1.913880741730144e-12,3.3761610976386617e-13,6.577110495736638e-13,1.937692354330504e-10,1.5881297333023082e-06,1
708,03:28:30,1.5582245671438236e-11,3.770616055913211e-12,1.1939536657838405e-12,2.8772074012834e-13,5.236095335805757e-13,1.1947404068741408e-10,1.5044051699278337e-06,1
709,03:29:00,2.6874991770120042e-11,7.745851674136533e-12,2.633621626837696e-12,2.0421387921712643e-12,1.6039858031249542e-12,2.568246737359134e-10,1.8734418612205234e-06,1
710,03:29:30,8.805767141528681e-12,8.62225677801015e-12,2.5218319075884873e-12,5.653120120690134e-13,9.166726261548117e-13,1.3959039209857659e-10,1.4624927584223943e-06,1
711,03:30:00,1.5975644343334553e-11,4.590882980673877e-12,1.269284856366961e-12,3.1555354323844274e-13,5.293228791693605e-13,9.7942087399221e-11,1.4901908427259318e-06,1
712,03:30:30,1.2472124312396035e-11,4.855859768757486e-12,1.5540237623946476e-12,4.2205235370681877e-13,9.16080981715786e-13,1.5942909709449e-10,9.447278588891149e-07,4
713,03:31:00,5.4826168955698247e-11,4.954622173337225e-12,2.0475799274008756e-12,1.2685912266684934e-12,1.2319994194332109e-12,4.231488220837658e-09,2.161943057722211e-06,4
714,03:31:30,1.2282782094842017e-11,6.80290105059134e-12,2.9332447238215524e-12,8.063905874937072e-13,1.5568743069113296e-12,3.6373371723021397e-10,2.687415444729993e-06,0
715,03:32:00,1.3319470022192472e-11,4.775708251261603e-12,1.6091245353061689e-12,3.1257972975648205e-13,5.827832560625895e-13,7.831431587896268e-11,1.8719259534885924e-06,1
716,03:32:30,1.89678621360331e-11,6.631116943190518e-12,1.1884818822195307e-12,2.998122675635207e-13,6.468835456971995e-13,6.73496385983441e-11,5.638609291830127e-07,1
717,03:33:00,1.8085921589175806e-11,4.08881955159488e-12,1.3194463269603376e-12,3.895926044232683e-13,6.765383548000476e-13,7.106733687134423e-10,5.749167508444967e-07,4
718,03:33:30,1.7531948369718097e-11,4.140592595336844e-12,1.5585992668684731e-12,3.929828754042372e-13,5.690995500562912e-13,1.6531035568313202e-09,4.787441366088693e-07,4
719,03:34:00,1.2693618692996687e-11,3.6769299980427475e-12,1.450857430005478e-12,3.0293688136687277e-13,4.886954467018788e-13,4.433100285763483e-10,4.3274309241886535e-07,4
720,03:34:30,1.1892717297396708e-11,5.2365385309286246e-12,2.074327925740465e-12,3.1423531953925976e-13,5.236085687624904e-13,4.090356177684086e-10,3.4289798208494297e-07,4
721,03:35:00,1.7089898633809927e-11,4.4793582243645086e-12,1.8957073655322255e-12,3.2550031222385577e-13,6.873400661039994e-13,1.9237650237396613e-10,3.878584975016361e-07,4
722,03:35:30,1.916390302946361e-11,6.096929342775687e-12,1.814040521608008e-12,3.6679670298144113e-13,5.432490559008256e-13,9.019134756045082e-10,4.726780220731424e-07,4
723,03:36:00,1.959387881832779e-11,4.847651637185495e-12,1.9284135977204767e-12,3.700360318916332e-13,6.205920288200647e-13,1.2064898543034452e-09,5.378903717382033e-07,4
724,03:36:30,2.8083120875545123e-11,2.7699096680374613e-12,1.646486694679117e-12,4.3766885584039513e-13,6.720507381427281e-13,2.58525547695925e-09,1.034790105902784e-06,4
725,03:37:00,3.625145000352002e-11,4.925245333973063e-12,2.027357043552869e-12,4.1808383530906934e-13,7.47357863475422e-13,6.48048905761661e-09,5.123688474538133e-07,4
726,03:37:30,1.190569747314306e-11,3.5558648146798823e-12,1.7174554194199947e-12,4.4748839323501436e-13,6.436581215691531e-13,1.4637194128586618e-09,3.962253968626608e-07,4
727,03:38:00,2.016288284552849e-11,4.926333575250458e-12,2.3543509793708144e-12,4.026192880818769e-13,5.998504660920037e-13,2.2001821039091373e-09,6.334355549019494e-07,4
728,03:38:30,1.8060228550685957e-11,3.196579180979812e-12,2.1346258693311853e-12,5.324643965632002e-13,8.746124102512536e-13,5.011855862968511e-09,1.4535427534563302e-06,4
729,03:39:00,2.1257082698654186e-11,3.864266282556885e-12,2.6850912886104776e-12,6.407956811267916e-13,9.906669154296812e-13,6.635131189373115e-09,1.5041690601940478e-06,4
730,03:39:30,1.7114558623151704e-11,4.399760671160816e-12,1.6626050435278468e-12,5.420781942500177e-13,8.524700244695004e-13,1.3581616047056335e-09,8.436289930333694e-07,4
731,03:40:00,3.3893374684131404e-11,4.3194868003612545e-12,1.1628437058427648e-12,4.504854879978023e-13,7.314688813218171e-13,1.2739149633609188e-09,4.976095561281335e-07,4
732,03:40:30,7.39925472673846e-11,5.742998665214842e-12,2.34818774892035e-12,6.104514001871615e-13,7.801517571385909e-13,2.072645059553316e-09,4.65492284431559e-07,4
733,03:41:00,2.6043042266792404e-11,5.260584810321951e-12,1.6984163690147296e-12,4.783283436329098e-13,7.999984035863057e-13,2.7907062060425848e-09,5.285865593735951e-07,4
734,03:41:30,1.8857593031157955e-11,4.599364178858594e-12,1.2174050650964139e-12,5.136988183797965e-13,5.791999952230264e-13,2.7446360338678958e-09,5.779012039951714e-07,4
735,03:42:00,1.7318621673514737e-11,5.0051346167797626e-12,1.704638195625521e-12,4.693105394208433e-13,9.04786832236538e-13,2.1539154112251434e-09,5.410306592463494e-07,4
736,03:42:30,2.1756926678440427e-11,3.746939284318949e-12,1.77749224677726e-12,4.307099613082516e-13,8.328973518004734e-13,1.9687545079963236e-09,5.470901525353044e-07,4
737,03:43:00,1.2510603372702707e-11,3.667427239589399e-12,1.3811610723476096e-12,3.8495781657622505e-13,5.491205624123714e-13,2.0165866350165084e-09,7.365909162578654e-07,4
738,03:43:30,8.366069323036053e-12,3.1193349884804044e-12,1.5587505636006405e-12,4.857187892748085e-13,7.003984707754706e-13,3.44070575919391e-10,1.137152314530174e-06,4
739,03:44:00,1.3586024951548695e-11,5.567421066455132e-12,2.1673112265422365e-12,4.0328761203450893e-13,5.393573491730474e-13,9.755926052571093e-10,1.6854809728914562e-06,4
740,03:44:30,1.7538787584753827e-11,5.573724711340517e-12,1.5357758658976837e-12,3.7543536036246994e-13,6.406660935689238e-13,5.868859649673363e-10,2.2304467848123518e-06,4
741,03:45:00,9.015758384378653e-12,2.986982520498109e-12,1.970027115512271e-12,4.871582132811286e-13,7.535405163766532e-13,2.0792266606456406e-09,1.6654042917410138e-06,4
742,03:45:30,1.4391133473393601e-11,3.6051606449876247e-12,2.6073089524272657e-12,4.515107598761698e-13,7.096179391167894e-13,1.1703758297802004e-09,6.596513994215406e-07,4
743,03:46:00,1.2592539750977997e-11,3.668881492246625e-12,1.4980361884062904e-12,4.203401273702149e-13,5.229853110586591e-13,1.089838422573428e-09,1.4445730803138912e-06,4
744,03:46:30,1.1813522160492978e-11,3.0606426238551025e-12,1.5187710263379582e-12,4.77004528210694e-13,7.262895675377128e-13,1.2835429930851508e-09,1.9468420456930285e-06,4
745,03:47:00,1.7949135307085056e-11,4.197917214458817e-12,1.5441038432082006e-12,4.607105854381132e-13,7.491387897427127e-13,3.830360784067383e-09,6.501376995699858e-07,4
746,03:47:30,1.024566304641785e-11,4.825230798143935e-12,1.3270383142480837e-12,4.0533310609170546e-13,6.786647843519582e-13,1.1336832659549874e-09,6.050285385462271e-07,4
747,03:48:00,1.3267020355032464e-11,3.3294804992122445e-12,1.5729161386050175e-12,3.329641676720866e-13,6.222237655305418e-13,3.5874505526558223e-10,4.709894296535478e-07,4
748,03:48:30,1.3309858451454663e-11,3.26722761893209e-12,1.3559192982456008e-12,2.838936714916809e-13,4.982276446207261e-13,1.0961351505303509e-10,6.871244212626041e-07,4
749,03:49:00,2.0169381046520946e-11,5.04882216211954e-12,1.6590516217757605e-12,5.623515364409485e-13,8.302409272692385e-13,3.2284806614473047e-09,5.099102668533527e-07,4
750,03:49:30,9.170612445953034e-12,5.729436076958062e-12,2.215385958129257e-12,6.573167562336785e-13,1.2737059305950956e-12,1.4410610519274376e-09,6.697081228300545e-07,4
751,03:50:00,2.981905125085656e-11,7.084880760689313e-12,5.619773508573295e-12,4.472693140015384e-12,4.9337212047609895e-12,1.675146917811655e-09,2.570474598305661e-06,4
752,03:50:30,1.7043566765111532e-11,6.914873828372738e-12,2.5140120427697735e-12,5.7645927630646e-13,6.476849018236928e-13,4.437224245474216e-09,2.3982925234911547e-06,0
753,03:51:00,1.3042462699434768e-11,5.354644170185353e-12,1.281307634281017e-12,3.6433167095113885e-13,5.559190412752954e-13,2.57520806751933e-10,8.598340996345662e-07,1
754,03:51:30,1.39326994644456e-11,6.919056746504329e-12,1.0253606942252742e-12,5.346475035845417e-13,1.3355479800000648e-12,1.0892991224082297e-10,7.592042321415069e-07,1
755,03:52:00,2.0801537084358035e-11,4.587096844527427e-12,1.4151925567185667e-12,4.30385724464511e-13,6.401196473350489e-13,9.176738660506084e-11,9.40993642591664e-07,1
756,03:52:30,1.1927362277973801e-11,5.447873601413163e-12,1.1948465155961487e-12,3.710034758402309e-13,6.925128712622578e-13,1.0598058323545527e-10,7.877222838074653e-07,1
757,03:53:00,3.307523086997391e-11,1.001761830443132e-11,1.5267875923298002e-12,4.1607067722527276e-13,8.674604960526857e-13,1.0077292370870548e-10,5.670531609396802e-07,2
758,03:53:30,2.227761403918777e-11,4.533803848749092e-12,9.539358775273132e-13,2.958484204077879e-13,6.024818271371965e-13,1.1994926135627624e-10,2.8761424563123353e-07,2
759,03:54:00,3.3477735355208566e-11,8.62865477944255e-12,1.2048281593021704e-12,3.7720333717504323e-13,1.0580719383136307e-12,1.0002646037434428e-10,2.991197922351191e-07,2
760,03:54:30,2.569545505309543e-11,6.183617556819282e-12,2.0483786111915523e-12,5.008091313375226e-13,5.231370048912289e-13,1.2158098882462936e-10,6.125335213825903e-07,2
761,03:55:00,3.4779189119921406e-11,6.530469028124106e-12,1.3044798454998768e-12,4.220701429577224e-13,9.447807993170548e-13,1.379235046012249e-10,6.307707176492079e-07,2
762,03:55:30,1.4768372676977003e-11,4.1872132243622e-12,1.1813281511808202e-12,3.1038326106473976e-13,5.287957030734433e-13,9.915639824204646e-11,2.9499639095730675e-07,1
763,03:56:00,1.2930690181438841e-11,6.477192148784295e-12,1.2732089812489147e-12,3.154584665176395e-13,6.116060407717827e-13,8.310270015727989e-11,3.837663689973045e-07,1
764,03:56:30,1.128544142056464e-11,3.2836003952303074e-12,1.3342013884549848e-12,3.2611516923872255e-13,7.056229621127497e-13,1.7356031740068367e-10,3.0126810376858774e-07,1
765,03:57:00,1.4032566277412464e-11,4.689996305672011e-12,1.121508835463854e-12,2.9980520341230947e-13,5.476076178626571e-13,4.883746146586738e-10,3.6322100574043204e-07,4
766,03:57:30,1.4080902230561712e-11,4.168588347006717e-12,1.0786380393554144e-12,2.5358432110335897e-13,5.116609357652991e-13,1.2812272219331226e-10,7.94369728139554e-07,4
767,03:58:00,1.9065948913961057e-11,5.369399499702347e-12,1.6265009474781777e-12,2.8318385314556094e-13,6.041741425461356e-13,2.780945182393952e-10,2.792171670684223e-07,4
768,03:58:30,1.8874917478387784e-11,5.501389727987682e-12,1.4124248364897319e-12,3.1892930103641534e-13,5.490758835437445e-13,1.8094814185337002e-10,3.072280112767706e-07,4
769,03:59:00,1.438157817494645e-11,4.482749452039353e-12,1.2742065687555285e-12,3.777644358515863e-13,4.88297919280531e-13,1.7381885075349738e-10,6.860773249497785e-07,4
770,03:59:30,2.2776701108954518e-11,5.862301322680636e-12,1.2556712743320274e-12,3.7130409478931123e-13,6.396162130988228e-13,1.040659177312535e-10,3.383667554510108e-07,4
771,04:00:00,1.718214387554978e-11,5.869964176030259e-12,1.5675244012632151e-12,3.6685707141893973e-13,8.09911733783336e-13,1.1750233998993514e-10,2.8757032135894633e-07,4
772,04:00:30,9.666290299657742e-12,4.724459466008937e-12,1.200148257606588e-12,3.0616689961721594e-13,6.765482506461866e-13,2.4108283594563983e-10,2.782895773740637e-07,4
773,04:01:00,1.6157320392264016e-11,5.5276343802082034e-12,1.1750596001127117e-12,3.007430097041423e-13,4.746046498892316e-13,1.0852899823691132e-10,2.6134990850690123e-07,4
774,04:01:30,1.6465136562511085e-11,8.455439634812558e-12,1.1665660239859296e-12,2.940864040839129e-13,4.2811062768955836e-13,1.6787388188092414e-10,4.3212676821133225e-07,4
775,04:02:00,1.2818683908157643e-11,4.682468318960833e-12,1.2595334136904564e-12,5.120008144753011e-13,9.18555262705842e-13,1.9242486045286206e-10,4.0754577071902666e-07,4
776,04:02:30,3.3170488020341416e-11,7.463444869625089e-12,1.5791839438526043e-12,3.946141428068996e-13,8.405445190094347e-13,8.117444625954698e-11,4.0911905833022466e-07,4
777,04:03:00,1.4842409010435477e-11,3.8532608622666985e-12,1.0173161375372164e-12,2.530618122426543e-13,3.942286116798646e-13,9.189415384679986e-11,1.7290060913060091e-06,4
778,04:03:30,1.7347635214166594e-11,6.693225999851142e-12,1.4623580413296313e-12,3.655518393061806e-13,5.87420305327935e-13,8.350239645343124e-11,2.719924186879148e-07,4
779,04:04:00,1.4251605206547973e-11,3.498610050630211e-12,8.298707205243435e-13,2.8579704487065985e-13,4.511385753137908e-13,8.824179566839838e-11,3.0125880842268776e-07,4
780,04:04:30,1.7843750478339248e-11,7.6591521587242e-12,1.605952522618836e-12,3.5698182403479877e-13,6.205497192806731e-13,9.073176263576826e-11,2.673272052654601e-07,4
781,04:05:00,1.0283000987348463e-11,5.003401422743836e-12,1.7407307636828964e-12,3.288409501280698e-13,7.072621874777968e-13,3.250970174087467e-10,3.2494819088198884e-07,4
782,04:05:30,9.714690452727537e-12,3.728796923424183e-12,1.3580609752816202e-12,2.9948254297832183e-13,5.020894669915974e-13,1.2021560688007931e-10,6.095562691332383e-07,4
783,04:06:00,1.451414508983158e-11,6.184063525782473e-12,1.8075790462738247e-12,3.840269655988378e-13,6.64085205542776e-13,8.438863121280656e-11,3.325625553119567e-07,4
784,04:06:30,1.3773896125090142e-11,6.6638125978989685e-12,2.0038797523444245e-12,5.068979144870688e-13,9.985929289523483e-13,4.113638609203203e-10,2.7991214414079526e-07,4
785,04:07:00,1.3733820261560838e-11,5.964542359340496e-12,2.0175633854364777e-12,7.401038050203685e-13,1.246547003101273e-12,3.505770375421743e-09,1.0710664576371744e-06,4
786,04:07:30,1.7764975444852985e-11,4.225355803588013e-12,1.3677234920970564e-12,3.560606745657913e-13,6.626557228828399e-13,1.824759283046503e-10,7.785696869303663e-07,1
787,04:08:00,1.2250253243261718e-11,4.416054813885331e-12,1.167089629608733e-12,3.488883290649356e-13,6.500472205039113e-13,8.906986540122174e-11,2.7778793732661054e-07,1
788,04:08:30,4.223615180201867e-11,6.508366159459571e-12,1.634139553450699e-12,4.094756944726362e-13,7.750195260915695e-13,8.564451410492046e-11,2.6251956909365286e-07,2
789,04:09:00,2.530934346224114e-11,4.90985345128498e-12,1.539317963856162e-12,4.0120716103683815e-13,9.913613286561414e-13,9.901874118053558e-11,8.244168731389559e-07,2
790,04:09:30,2.4559239049244234e-11,4.58897338734061e-12,1.103264803381842e-12,3.938257220448983e-13,9.591624049837712e-13,1.033391121002198e-10,2.948012687032944e-07,1
791,04:10:00,3.53816156277828e-11,4.398581435047793e-12,1.848696673510079e-12,6.557776786646825e-13,3.338612812599917e-12,8.407443909130408e-11,2.7811863872114896e-07,2
792,04:10:30,5.476725732806744e-11,7.501948071113742e-12,1.4779179945989111e-12,4.559934904795858e-13,1.9444072576287037e-12,9.529232553888624e-11,2.6537697009758103e-07,2
793,04:11:00,5.829717034144296e-11,7.423041931748866e-12,1.8813463259054766e-12,8.563803767781115e-13,4.5663261457505525e-12,1.0261938788629215e-10,3.0460796010053734e-07,2
794,04:11:30,4.2035727885913415e-11,7.122100650830356e-12,1.2199942954187575e-12,6.42415337491479e-13,3.4432755762942635e-12,1.185194314111509e-10,2.7631964630377647e-07,2
795,04:12:00,5.4857634267677355e-11,8.145583049137351e-12,2.7754079553777425e-12,1.056514126225518e-12,5.18064564355391e-12,9.15345611914386e-11,2.4588758452178194e-07,2
796,04:12:30,4.078039845891586e-11,6.693396390152532e-12,1.649240323387191e-12,1.1892468776976418e-12,7.450925719246336e-12,1.049307295956508e-10,3.02363798253355e-07,2
797,04:13:00,4.2788960550089456e-11,4.106383525194849e-12,1.6374507746911889e-12,6.373735347816377e-13,3.0750197799649685e-12,1.1330115439799801e-10,2.756021210972866e-07,2
798,04:13:30,3.193132724263139e-11,5.598071241838831e-12,1.376663606690631e-12,9.756787719438502e-13,6.223853696707698e-12,9.752325330655114e-11,3.659993125459802e-07,2
799,04:14:00,5.0696740717534684e-11,9.046768346278666e-12,1.5587771779743116e-12,6.661661730149838e-13,3.728648396383765e-12,8.551738125363082e-11,2.680499370035678e-07,2
800,04:14:30,3.9746575650471684e-11,5.473089653620833e-12,2.1348630041648626e-12,9.741509094222614e-13,6.1322434087830264e-12,1.16682452431376e-10,3.23340711338506e-07,2
801,04:15:00,4.9034060393057695e-11,6.788291283360439e-12,2.104379880787241e-12,7.259316637862376e-13,4.376060162573301e-12,9.375478463203236e-11,3.6747054799750525e-07,2
802,04:15:30,4.718349589681682e-11,8.291814189146342e-12,1.5969131764579197e-12,9.819070186030598e-13,7.011137769632374e-12,1.0756080674417645e-10,3.4595710144779755e-07,2
803,04:16:00,4.655185210945688e-11,7.736748361658722e-12,2.79793814932537e-12,8.208078202159538e-13,4.61050599138518e-12,1.2290687982031686e-10,3.461934517634547e-07,2
804,04:16:30,7.702352525542087e-11,7.112622499868789e-12,1.6897169824210622e-12,4.679060922126298e-13,1.74990527195254e-12,1.237267026360565e-10,3.952754385263567e-07,2
805,04:17:00,4.869958815676508e-11,8.389717808115878e-12,2.785238163727514e-12,6.791906095883283e-13,3.950140432859102e-12,1.2400572087540618e-10,3.6723550033288605e-07,2
806,04:17:30,8.596934628667862e-11,5.465718487418662e-12,1.6420822462207633e-12,4.47467865032498e-13,1.7930129094226677e-12,1.2098580917071138e-10,5.236785854697256e-07,2
807,04:18:00,7.811113907222243e-11,9.206087610689991e-12,2.2876339158475012e-12,8.436691552904086e-13,4.818315021638015e-12,1.7875935527735992e-10,3.5036276649989793e-07,2
808,04:18:30,4.934471846360167e-11,5.7415266249642545e-12,1.5472073765836114e-12,4.10701044454213e-13,1.121771244769325e-12,1.5820029319030506e-10,8.480402037607592e-07,2
809,04:19:00,9.687380690883463e-11,1.114145984878052e-11,1.144787277563827e-11,6.332590720405598e-12,9.215045012876712e-12,1.6371294448072121e-09,2.6398800703075893e-06,2
810,04:19:30,3.695961421723636e-11,8.090404203185575e-12,5.198995237283876e-12,3.862954051708514e-12,4.854016322657932e-12,2.206238740783213e-09,3.878480851253939e-06,0
811,04:20:00,2.5785040033093314e-11,4.3132644979284795e-12,1.2030793558291416e-12,4.1690810741553556e-13,9.169409771961618e-13,2.531383756657446e-10,2.009476543973692e-06,1
812,04:20:30,2.8768763130346738e-11,4.824964237021089e-12,1.4396775429531546e-12,7.770850399295887e-13,4.755777634040497e-12,1.1567758481631308e-10,1.7414763779099947e-06,2
813,04:21:00,4.6054892032245883e-11,5.0809977971624314e-12,1.3516473252125893e-12,6.73049976514238e-13,3.775477229459554e-12,1.0073917515070775e-10,1.7315107792081322e-06,2
814,04:21:30,6.768094621162048e-11,8.41507609116359e-12,3.2679007373841926e-12,8.425129500587487e-13,3.5976315265837677e-12,1.9358024904952485e-10,2.6001536901762587e-06,2
815,04:22:00,3.3562098628911734e-11,7.1713360069615885e-12,1.5344349197803724e-12,5.202360672950935e-13,1.9161175144971067e-12,9.926290708081317e-11,1.9076879217466287e-06,2
816,04:22:30,3.87812316066358e-11,5.080718215906524e-12,1.5529765489777131e-12,7.1023773953462e-13,3.6273340800272863e-12,9.374315488324702e-11,1.882974871118856e-06,2
817,04:23:00,3.720280904498062e-11,6.375451600454447e-12,2.714710280442759e-12,1.3632177540238563e-12,9.223466602012701e-12,7.662525596896244e-11,1.7421850658968503e-06,2
818,04:23:30,2.5970811359191793e-11,4.309161143572714e-12,1.4954155212753214e-12,6.788070911284312e-13,3.8337951187444705e-12,7.92933176392146e-11,1.664068707985739e-06,2
819,04:24:00,4.063351371262606e-11,4.838228009253502e-12,1.5857686263250933e-12,5.324401028087746e-13,2.2429660573032397e-12,8.17772007199617e-11,1.6272843291718288e-06,2
820,04:24:30,3.393759234134368e-11,5.360517171376635e-12,1.4961759732380183e-12,5.346424169155766e-13,2.7927017072092286e-12,9.496424811147336e-11,1.5007095456125775e-06,2
821,04:25:00,4.9135876374616524e-11,5.616759413137788e-12,2.0180301115274457e-12,1.0108104171654556e-12,7.1160191694637954e-12,7.891034721756333e-11,1.4241771964540437e-06,2
822,04:25:30,6.113795098158755e-11,8.92478016765397e-12,1.7739836637165391e-12,6.15196246457547e-13,3.1827695439818752e-12,8.648898648920985e-11,1.3960875774956886e-06,2
823,04:26:00,4.2536888654221595e-11,5.120886652306093e-12,2.037120859425791e-12,8.318923626935075e-13,5.513317790997888e-12,7.813524708740852e-11,1.3945811220872627e-06,2
824,04:26:30,7.504393215001092e-11,7.698626933669126e-12,2.957370604002108e-12,9.693410631769692e-13,6.294010649165126e-12,9.982458590524625e-11,1.38256028483e-06,2
825,04:27:00,3.759818663186587e-11,5.162501078817889e-12,1.846847711274796e-12,1.0810025763686867e-12,7.101567653361039e-12,8.83991788719537e-11,1.445249818930186e-06,2
826,04:27:30,1.0443281595799912e-10,8.003879867323135e-12,2.8400419632251926e-12,6.379767962446963e-13,3.2518926191067668e-12,1.0890857724617592e-10,1.5399862042658464e-06,2
827,04:28:00,6.117604951041818e-11,4.9566213568292204e-12,1.8864719231932445e-12,8.13812583537223e-13,5.179439268463224e-12,1.1982100451278057e-10,1.4517182362096194e-06,2
828,04:28:30,1.3617966830960166e-10,8.738217897214394e-12,1.5052902831969234e-12,6.530056014535691e-13,2.9959509454651973e-12,1.1487985982329106e-10,1.4924157141718015e-06,2
829,04:29:00,6.103490051083056e-11,8.898908464958083e-12,2.174976337936542e-12,5.759486273255505e-13,2.506323586220537e-12,1.2580297616815908e-10,1.4133539756394617e-06,2
830,04:29:30,9.424922673101146e-11,6.089555584842609e-12,3.5088035524440737e-12,1.1516511432295411e-12,8.271487240827294e-12,1.526735673769503e-10,1.4336707473605313e-06,2
831,04:30:00,1.0220069907809162e-10,1.0520506275992409e-11,2.473957190199924e-12,5.034054418310791e-13,2.659828328064677e-12,1.6744639155698604e-10,1.3583794284596453e-06,2
832,04:30:30,1.0399503535711911e-10,1.0159575118972726e-11,2.019350995943804e-12,4.585538149063038e-13,2.224679092040441e-12,1.4840608630091625e-10,1.4358486081840501e-06,3
833,04:31:00,1.0129506669555135e-10,1.3916541942784322e-11,1.5486853874479206e-12,5.629490503031878e-13,2.8717617670317555e-12,1.4337583440195372e-10,1.3797164067091712e-06,3
834,04:31:30,1.1338129237848259e-10,1.3440447324931412e-11,3.137493256822285e-12,9.553632841174797e-13,6.063573386236225e-12,1.9332988536178393e-10,1.3171750119340768e-06,3
835,04:32:00,1.260421755790643e-10,8.301860093688154e-12,1.827499347630437e-12,5.626120114061127e-13,3.0109021776273486e-12,1.8132783654681023e-10,1.3411741640134844e-06,3
836,04:32:30,1.4168625705136094e-10,1.0311883295966116e-11,1.7669589154163866e-12,5.030294276738357e-13,3.1229340853199863e-12,1.6288158827056959e-10,1.2832939943756291e-06,3
837,04:33:00,8.034801077404574e-11,1.0417437364192972e-11,2.2812960145955588e-12,4.771209491772031e-13,2.467524044392399e-12,1.895767321762727e-10,1.3136821350442766e-06,3
838,04:33:30,1.4501183808912317e-10,1.3917655067023067e-11,2.3972566423958368e-12,4.304320139823328e-13,1.6938910357796812e-12,1.9422865681217135e-10,1.3790811550859685e-06,3
839,04:34:00,1.4006789618130903e-10,8.159635807356218e-12,2.057457483464903e-12,6.364917684585235e-13,3.703725064602991e-12,2.1640135086584077e-10,1.6643816598466746e-06,3
840,04:34:30,1.19220373544225e-10,8.816741819848725e-12,2.1648623543354526e-12,5.632329412945191e-13,3.3253584809928466e-12,2.1683644122142196e-10,1.5602748857423009e-06,3
841,04:35:00,2.916830860566082e-10,1.4266760609751972e-11,2.4735117483914183e-12,5.462853801302048e-13,3.10835526630336e-12,2.4255823323107383e-10,1.3946180428858908e-06,3
842,04:35:30,2.1080010402814918e-10,8.56287049602482e-12,1.4455122801575405e-12,3.0328768857071047e-13,1.0746952915394288e-12,2.617531813765592e-10,1.7456380956409412e-06,3
843,04:36:00,1.9769684760552035e-10,9.356100503817521e-12,1.9899301513594405e-12,5.905390716928357e-13,3.2489374487698223e-12,2.1305749188624314e-10,1.5036446353380427e-06,3
844,04:36:30,1.7247438543946833e-10,9.939841746226871e-12,1.6838640340771464e-12,3.637221093893787e-13,1.7399671043343895e-12,2.8039886824115937e-10,1.4826433932836675e-06,3
845,04:37:00,2.0489854714759255e-10,9.49411258426369e-12,2.7073798250011435e-12,4.863507917410574e-13,2.552365718837744e-12,3.050222799940167e-10,1.3484929813809407e-06,3
846,04:37:30,3.015256641412941e-10,8.834663623815375e-12,1.5435953547617817e-12,3.496117351532699e-13,1.5626171725717164e-12,2.748935395807274e-10,1.1899146287960544e-06,3
847,04:38:00,1.925601930848542e-10,1.2580616048522977e-11,1.843346345764012e-12,6.716764307421027e-13,3.978568841014614e-12,2.7864941914968797e-10,1.2459145563078303e-06,3
848,04:38:30,2.4423120129194436e-10,1.1631891117984033e-11,2.0185033232820378e-12,4.138565871948728e-13,1.82441750328799e-12,2.9269665147794397e-10,1.212839772194513e-06,3
849,04:39:00,2.8380412177760963e-10,1.164145121089986e-11,2.3287387664601814e-12,6.377921102030845e-13,3.5524231360527e-12,2.729434966098663e-10,1.206835965759131e-06,3
850,04:39:30,1.9398662186946115e-10,1.1231711031954719e-11,2.4333070293016924e-12,8.383602797415448e-13,5.604501404302729e-12,2.767546969925826e-10,1.1330485091218324e-06,3
851,04:40:00,1.5998085203186693e-10,9.746305691162661e-12,2.6339172681910056e-12,4.075631660412962e-13,1.814510670819857e-12,2.7931118267108797e-10,1.1380740537425082e-06,3
852,04:40:30,2.2507081137582182e-10,1.3551918815632407e-11,2.517444349325739e-12,4.3160498853161413e-13,2.2038510355919463e-12,3.5521026885845583e-10,1.147216988800766e-06,3
853,04:41:00,1.8734815615634704e-10,7.66963425943077e-12,1.5880459256539664e-12,4.669297290786917e-13,2.2585354819408964e-12,2.920688864916076e-10,1.216880375663237e-06,3
854,04:41:30,2.1509181182995505e-10,1.6672735709833586e-11,2.5179464694960737e-12,5.915679251857827e-13,3.709187807528943e-12,3.116151118591172e-10,1.1805606867077844e-06,3
855,04:42:00,2.7554595888778033e-10,1.509148759332218e-11,1.9113099073379045e-12,4.272380534642522e-13,1.99176514551652e-12,3.8324825482563826e-10,1.1976352123795377e-06,3
856,04:42:30,1.9621373607423214e-10,1.2669859234918212e-11,2.101150871769152e-12,5.329311701996099e-13,3.0570572435142613e-12,3.194513649804683e-10,1.2770965234003902e-06,3
857,04:43:00,2.0978108055383527e-10,1.0695478411068313e-11,2.7411761205355088e-12,6.23520039521267e-13,3.955682073474305e-12,3.5794762945933793e-10,1.255960245813095e-06,3
858,04:43:30,3.9740613437100713e-10,9.353443951568646e-12,1.5441565352407876e-12,3.948511573029268e-13,1.6691309646508591e-12,3.489950688849389e-10,1.3235636852432518e-06,3
859,04:44:00,2.877916284322797e-10,1.1866949054139459e-11,2.0075572981396046e-12,4.597529461690424e-13,1.8367987038252496e-12,3.229715773783268e-10,1.277087453652184e-06,3
860,04:44:30,2.820325805385834e-10,1.3460609634770607e-11,2.1603367905239565e-12,4.654369599659982e-13,2.4378877888846125e-12,3.3536470083937824e-10,1.2743000696929972e-06,3
861,04:45:00,3.025433642730427e-10,8.683701457873916e-12,2.1416060126278817e-12,4.614712050976537e-13,2.57732158421431e-12,2.7147948927925394e-10,1.241336318407612e-06,3
862,04:45:30,3.091427415771214e-10,8.69733688712949e-12,2.4177280529214413e-12,3.6824267258256914e-13,1.884603644562877e-12,3.4493487997264384e-10,9.437213633620583e-07,3
863,04:46:00,1.9600952978704173e-10,1.0961084232831948e-11,1.7042610880058444e-12,2.9841864767956873e-13,1.2003184929443901e-12,2.7273860652103436e-10,8.190031617196819e-07,3
864,04:46:30,2.453034923053827e-10,1.44417755499671e-11,2.3998372306499162e-12,4.3562901594198857e-13,2.478746741525176e-12,4.250655470195792e-10,7.918954337982725e-07,3
865,04:47:00,2.2504394954587826e-10,1.0588586580254439e-11,2.1523117067455673e-12,2.627771371785127e-13,8.871307936293477e-13,4.266990781892838e-10,8.419778442995788e-07,3
866,04:47:30,3.2041833703050376e-10,1.0830063250725837e-11,2.9249171721228485e-12,5.123330934098028e-13,3.223244042094821e-12,3.3125081038164114e-10,8.111927102319513e-07,3
867,04:48:00,3.3062714217367897e-10,1.0185282485007337e-11,2.3286598198660278e-12,3.4045794496554663e-13,1.4185124622144963e-12,3.97742537640481e-10,8.154581761239516e-07,3
868,04:48:30,3.782869696705203e-10,9.968363436365688e-12,1.8601366680917893e-12,3.3880385409836154e-13,1.4288653946789975e-12,3.3683846234126443e-10,7.963750860726794e-07,3
869,04:49:00,3.2636273853016654e-10,8.69770095165577e-12,1.9212503646659437e-12,4.087791386615042e-13,2.081695850538559e-12,3.7334887238603695e-10,7.729264662010248e-07,3
870,04:49:30,3.05588559784199e-10,1.4750603970183723e-11,1.878071707091664e-12,2.7323422649359627e-13,1.0782156220538108e-12,3.3946862963867403e-10,8.428947480212116e-07,3
871,04:50:00,2.7518644664823775e-10,1.4227159159136606e-11,3.0353177232136925e-12,3.9451274770750975e-13,1.8162061956941346e-12,3.344404085707626e-10,7.629090903268811e-07,3
872,04:50:30,2.9823966970239854e-10,1.0084217684231072e-11,3.1617739283555293e-12,4.953735261628799e-13,3.147332582392496e-12,3.658503777466315e-10,8.087744088129434e-07,3
873,04:51:00,3.167201901664231e-10,8.024282872906624e-12,2.4219655812118e-12,3.2774115375262206e-13,1.6105221958514127e-12,2.5358027929202384e-10,7.711386775095766e-07,3
874,04:51:30,3.2417345311563166e-10,1.2381649101343878e-11,2.236609054951266e-12,4.0614284749459726e-13,1.8814785781665586e-12,3.279297949431524e-10,7.709201231141507e-07,3
875,04:52:00,2.7052420067608647e-10,1.1489451810814494e-11,2.6179031703200365e-12,3.4834048970575635e-13,1.6972135870993441e-12,4.4569381760408035e-10,7.52934481685311e-07,3
876,04:52:30,3.4975588368204425e-10,1.3383869961017798e-11,2.919214773311577e-12,4.295434306753208e-13,1.821097984984923e-12,4.129590087473614e-10,7.441281565621662e-07,3
877,04:53:00,2.0622750286176174e-10,9.089569704782629e-12,2.0187354423789937e-12,3.2821978721821804e-13,1.4412491231001762e-12,4.164755526180586e-10,7.571445840373165e-07,3
878,04:53:30,2.9205588081848407e-10,8.784986852692401e-12,1.752590472544354e-12,3.8004651759934763e-13,2.0652629143646377e-12,3.006421601101792e-10,7.751389070243129e-07,3
879,04:54:00,2.9500988303444593e-10,8.605176610758764e-12,2.5265980596483747e-12,5.247356704628375e-13,3.1285280366059485e-12,4.33447299127409e-10,7.637759086962976e-07,3
880,04:54:30,3.462124410512838e-10,1.0967420965641854e-11,2.8440440820777366e-12,3.0064832247605155e-13,1.1774087105022195e-12,3.8042809490430765e-10,7.725068357086413e-07,3
881,04:55:00,4.4591462372775107e-10,1.2000190015209416e-11,2.1557976258155254e-12,3.978679492010802e-13,2.16205278124626e-12,2.7365130163196064e-10,7.813598530650153e-07,3
882,04:55:30,2.423710320050331e-10,9.71211875455038e-12,3.2452514160806913e-12,4.4931087432159273e-13,2.5971061422530725e-12,4.4422476682075364e-10,8.051710675801167e-07,3
883,04:56:00,3.7543556230504985e-10,9.325134026868037e-12,1.853653348390513e-12,2.6008330970553214e-13,8.739658225174753e-13,5.273646006938222e-10,7.456702296508354e-07,3
884,04:56:30,6.30876401453557e-10,1.0755814311931231e-11,1.9720925994350084e-12,2.502484714238928e-13,1.0072828234028333e-12,3.342530047550303e-10,7.733589786918126e-07,3
885,04:57:00,4.0945350121992545e-10,8.464063289458141e-12,2.639658339822078e-12,3.611135781945257e-13,1.9936436751613787e-12,3.779699750978325e-10,8.002017928815781e-07,3
886,04:57:30,2.358225292151966e-10,1.4499437815039207e-11,1.794818114209546e-12,2.9978523767630605e-13,9.57224612704337e-13,4.625851453127948e-10,7.886336749740724e-07,3
887,04:58:00,4.1818851708056364e-10,1.1811955862100627e-11,2.8805202798852835e-12,4.85169811443276e-13,2.7869845175650293e-12,3.3173950538812137e-10,7.559641561102754e-07,3
888,04:58:30,3.2057849660790326e-10,9.721726018227249e-12,2.2213106614165626e-12,4.455001057457723e-13,2.1615456819175573e-12,3.93859339314003e-10,8.617798909703272e-07,3
889,04:59:00,3.2332527100167326e-10,8.054206246627789e-12,2.2471895255592177e-12,4.1395378352936093e-13,1.8229317668516494e-12,3.622042341810728e-10,8.579336775358291e-07,3
890,04:59:30,2.699225270292051e-10,1.0869951161934755e-11,1.963124558271111e-12,4.0694197066245733e-13,1.9399303838325167e-12,4.862751147370051e-10,9.276748565812781e-07,3
891,05:00:00,3.727754114437079e-10,8.879005439087254e-12,2.2560604149009117e-12,4.561842158771614e-13,2.5697580652980857e-12,3.716377331844974e-10,1.0205677936809124e-06,3
892,05:00:30,3.0873487056955274e-10,9.244398744392898e-12,2.6762292936289642e-12,4.1507696143010594e-13,2.0362803182966924e-12,4.822819130619259e-10,1.1468832440253205e-06,3
893,05:01:00,2.510539680769435e-10,8.360094544041397e-12,2.3350099127871344e-12,4.0784905263241256e-13,2.019400214457744e-12,3.8384476738042895e-10,1.0870804351943318e-06,3
894,05:01:30,3.5089974609557477e-10,1.2034674405083312e-11,2.2968026388841736e-12,4.862922101501684e-13,2.1461911611109824e-12,3.960201180946177e-10,8.78861872711805e-07,3
895,05:02:00,4.5225089903806907e-10,9.35038525099364e-12,1.821666226708437e-12,3.2904195888621e-13,1.4044799997806268e-12,4.1528916314348754e-10,7.733435496628544e-07,3
896,05:02:30,4.646892256011507e-10,8.548554604147323e-12,1.68061386584356e-12,3.3646065176111017e-13,1.0321359138903546e-12,4.584104241042968e-10,1.018756932191845e-06,3
897,05:03:00,2.7106907343654814e-10,9.437561804867559e-12,2.011478256922131e-12,3.8812221918283017e-13,1.5544996075794954e-12,3.4356447633723727e-10,5.529158059724148e-07,3
898,05:03:30,3.8884151346109897e-10,1.1878488433216509e-11,2.1412776882109737e-12,4.580311014425816e-13,2.2153834049726158e-12,4.0911550911536796e-10,4.3639893179829457e-07,3
899,05:04:00,2.5576483277644937e-10,1.0772618926723962e-11,2.007652793296857e-12,3.813434151189151e-13,1.6726698659017519e-12,3.0301440524766723e-10,4.808311055411202e-07,3
900,05:04:30,2.767054457494608e-10,1.272003190339913e-11,1.7030825350474938e-12,3.5229624057323207e-13,1.4568757520525515e-12,3.679304489038528e-10,4.136934893744583e-07,3
901,05:05:00,2.5496566428900117e-10,1.2147711515402271e-11,2.7856245930387584e-12,5.173806456043525e-13,2.655051096568882e-12,4.4275594872389547e-10,1.8066661829924979e-06,3
902,05:05:30,4.194509792532686e-10,1.2550307935391027e-11,3.4557231101339083e-12,2.14474104664052e-12,3.332679615414476e-12,6.49502551343884e-10,3.313792166888273e-06,3
903,05:06:00,1.360907774577981e-10,1.2977280741504069e-11,1.5820579174638477e-12,3.427096577013954e-13,6.520166108861694e-13,2.1048886981085246e-10,2.320074941896282e-06,3
904,05:06:30,1.2371991024279444e-10,6.725651924366912e-12,1.5547577824121377e-12,4.799337380589142e-13,2.128816395350606e-12,1.2376515374545562e-10,2.227621699614609e-06,3
905,05:07:00,1.4848294175440027e-10,1.0816422056379028e-11,2.3287515793008455e-12,4.745695379195535e-13,1.8589873481307584e-12,2.243105719877373e-10,2.9080612987512515e-06,3
906,05:07:30,9.911320313167225e-11,1.1163272332583908e-11,2.2207002671622522e-12,5.332768598509688e-13,2.4065579457378556e-12,1.611739124351131e-10,3.0471941495078954e-06,3
907,05:08:00,4.4435282907967066e-11,1.5596014492974858e-11,5.668841661747834e-12,3.7387708488859625e-12,3.6932997879800615e-12,3.5129423139736883e-10,3.676635976097014e-06,0
908,05:08:30,2.9966539029272855e-11,8.884133008150909e-12,6.557879743353724e-12,5.158681178902626e-12,3.2629119360232506e-12,8.799920153252135e-09,4.042284733179428e-06,0
909,05:09:00,2.8195554665955495e-11,4.85133293553866e-12,1.2571276764768492e-12,3.282661877936569e-13,5.045926429080853e-13,2.082778562986601e-09,3.9484266735768335e-06,1
910,05:09:30,4.905643483615689e-11,6.473860919286552e-12,1.5901768461690333e-12,3.275221636055732e-13,1.0449484943509936e-12,5.561814139616172e-10,3.5061992381194664e-06,1
911,05:10:00,3.7487363249492156e-11,6.338393887229037e-12,1.617445117543834e-12,3.564214998063064e-13,1.43542993615929e-12,5.032894057043625e-10,2.4391147999498196e-06,2
912,05:10:30,1.0116947095471652e-10,1.3463561688782617e-11,3.3057816619718188e-12,6.107997374812008e-13,3.2000537724800654e-12,3.873611410330787e-10,1.8289291193791773e-06,2
913,05:11:00,2.6243440881062828e-11,7.673119237191779e-12,1.1900287462064578e-12,2.984652552490549e-13,5.922950379496606e-13,2.535034791885469e-10,3.3843294212198855e-07,1
914,05:11:30,3.324032744800391e-11,6.961998514800511e-12,8.366935207758509e-13,2.496960407773913e-13,5.189411839219667e-13,2.1312318829895777e-10,3.532666212595652e-07,1
915,05:12:00,1.666482244784805e-11,7.463345291425547e-12,1.7776779317602735e-12,3.143059237222266e-13,5.499887778705508e-13,3.0784708015340033e-10,9.540243222469463e-07,1
916,05:12:30,1.2314280909157878e-11,4.516160624679127e-12,1.2270044526885059e-12,3.376842029331435e-13,6.779787368998351e-13,4.602475406851778e-10,9.638479348827816e-07,1
917,05:13:00,1.4914002945954013e-11,7.253927245402938e-12,1.5184078573801843e-12,3.0930182654593513e-13,5.720676161480863e-13,1.927859335477726e-09,4.674092909874518e-07,4
918,05:13:30,1.0465843684355598e-11,4.999930534278889e-12,1.7641946438981663e-12,3.1267442179261273e-13,5.329610840196613e-13,2.451934203584685e-10,5.784970336786893e-07,4
919,05:14:00,1.162455151209254e-11,4.734466865544593e-12,1.1462454040620288e-12,2.7862064201864787e-13,6.10792993525981e-13,1.9407495885777496e-10,7.419419099551282e-07,4
920,05:14:30,1.5599273850240537e-11,5.388325455640417e-12,8.539210159249109e-13,2.1674268981595211e-13,3.9213034614008695e-13,3.220421560569098e-10,3.1516401967183005e-07,4
921,05:15:00,1.828694558838479e-11,7.209465704517687e-12,1.9533594394136058e-12,3.465818439536059e-13,6.116926464274677e-13,2.2297610651248315e-09,3.1823373167504237e-07,4
922,05:15:30,2.348440453613249e-11,4.347236614848315e-12,1.7547081196934765e-12,3.4797920545557087e-13,4.2154183469524217e-13,1.6642004750553806e-09,3.0519496061228315e-07,4
923,05:16:00,1.1807550093372574e-11,6.769480209642065e-12,1.825152479011372e-12,2.8713237552938677e-13,5.494513569223451e-13,3.126371266293019e-10,2.8809927850477845e-07,4
924,05:16:30,1.5784612620392315e-11,6.5038658350260016e-12,1.7664044707458002e-12,3.395754185377892e-13,4.087675825055588e-13,2.614069859618776e-10,3.1111084763701996e-07,4
925,05:17:00,2.5522641702312638e-11,4.586931541563507e-12,1.7176406735736285e-12,2.682885214312251e-13,4.802322190819611e-13,4.2764205006651237e-10,2.9067447584801887e-07,4
926,05:17:30,4.224706367063905e-11,6.5938404728899555e-12,1.8390562274359886e-12,3.280988566883319e-13,5.166330045589069e-13,2.239802385534887e-09,3.167769455167312e-07,4
927,05:18:00,1.6152191196680187e-11,4.2829980505077806e-12,1.212397193465141e-12,3.955807103808738e-13,7.908388980028384e-13,8.313421211578051e-10,6.116691261089467e-07,4
928,05:18:30,1.2565515415629974e-11,3.797912463210556e-12,1.4114499770064076e-12,3.2139936863911853e-13,7.296056671489711e-13,2.2873021613520563e-10,3.790950239631496e-07,4
929,05:19:00,1.5361944405122788e-11,6.6615332074101844e-12,1.6610558508760948e-12,3.4051565212998246e-13,5.119640258059254e-13,9.259819892900708e-10,7.140256575280692e-07,4
930,05:19:30,1.0237658016614453e-11,3.2849697967513517e-12,1.1451001919043175e-12,3.4299064568961343e-13,6.577240841371464e-13,6.977140568385883e-10,2.9892407408490493e-07,4
931,05:20:00,2.25864666361813e-11,1.0726932119685753e-11,2.453016346399176e-12,5.512823094020437e-13,1.0749872059656561e-12,3.7246666414155422e-09,9.078225372125671e-07,4
932,05:20:30,1.2804047358515266e-11,4.32530053714416e-12,1.1018822220907087e-12,2.688685124206498e-13,4.766179309986574e-13,2.7937118504975025e-10,3.413145041346748e-07,4
933,05:21:00,1.466320474031363e-11,3.5586788310242785e-12,1.1918028317260984e-12,2.948695419458854e-13,3.8961141081593e-13,4.4558243847702663e-10,4.668035236834342e-07,4
934,05:21:30,1.8821245497219572e-11,6.307829511916159e-12,1.8883186828445284e-12,4.0078723096148705e-13,7.498175102671066e-13,2.362887749910657e-09,3.067197847929834e-07,4
935,05:22:00,2.0587052696740884e-11,5.721752753890271e-12,1.939071714759658e-12,3.8727870234454767e-13,5.886074590841245e-13,8.152980580735874e-09,8.841608145680086e-07,4
936,05:22:30,1.2424100144743097e-11,6.732357881404428e-12,2.0878203394916398e-12,3.3313454329917376e-13,5.322568585929685e-13,9.918280948726727e-11,2.9618139199554706e-07,4
937,05:23:00,1.6461323733488807e-11,3.9431264716113795e-12,1.1476071830630783e-12,2.6941871831944426e-13,4.986094257221742e-13,1.8318472325866938e-10,2.5527983208830575e-07,4
938,05:23:30,1.765099351041163e-11,6.341367778111879e-12,1.4544946695881212e-12,3.036089869887914e-13,6.198657000215066e-13,6.479432823074422e-10,3.1580016536194276e-07,4
939,05:24:00,2.2775159801212678e-11,5.336970205866517e-12,1.5149435312077585e-12,3.8891828284999307e-13,6.999567700611668e-13,9.747984645092787e-10,6.419756223025833e-07,4
940,05:24:30,1.3009712098426745e-11,3.5143205956490153e-12,9.222951825196359e-13,2.558703869057417e-13,3.583203692007324e-13,1.1113126817647749e-10,5.709061873349385e-07,4
941,05:25:00,1.9354280791494708e-11,3.642796501103788e-12,7.597892775763535e-13,2.0265493932756433e-13,3.878502511436467e-13,9.151183987340083e-11,1.5654589390466547e-06,4
942,05:25:30,2.2528163578139124e-11,6.910530480833065e-12,1.342747792532625e-12,3.2254173336992285e-13,9.431329273343791e-13,1.2338593427206393e-10,3.8927191021479536e-07,4
943,05:26:00,1.2638700854403094e-11,6.185801295566265e-12,1.035727314713875e-12,2.592403798428543e-13,4.067923900255712e-13,2.1809630524125664e-10,7.97438501027497e-07,4
944,05:26:30,1.1742398406600555e-11,4.163135107589397e-12,1.2711039210175193e-12,2.964224829358137e-13,5.751649099096061e-13,1.8800224707821909e-10,2.6433836632973875e-07,4
945,05:27:00,1.1685928646215706e-11,4.851956720732398e-12,1.4239499270751318e-12,2.8554835823772126e-13,6.545028059549997e-13,3.1840909191069294e-10,3.0574080372878284e-07,4
946,05:27:30,1.9092665059935506e-11,5.6129807927048226e-12,1.6484198980310128e-12,3.3490411234386226e-13,4.980171659599048e-13,7.778962867469066e-10,3.6993467569088745e-07,4
947,05:28:00,1.6262439786177676e-11,6.4840341008141595e-12,1.3598170805353356e-12,3.810894006975082e-13,7.769081370617715e-13,9.297690018846586e-10,1.5625147347404535e-06,4
948,05:28:30,1.5720068962165085e-11,3.76781356815569e-12,1.000460155227953e-12,2.8582927146578823e-13,6.469696894093583e-13,1.6124789176760506e-10,3.1798315110670623e-07,4
949,05:29:00,9.57592829352247e-12,3.8798102870722115e-12,1.5714823315627977e-12,4.1827631037331415e-13,6.382889447320041e-13,1.9298806467498193e-10,2.8520801885728735e-07,4
950,05:29:30,2.508538661569077e-11,7.212266876145749e-12,2.0022172713036727e-12,3.2113841852573053e-13,7.19352606079491e-13,2.1422383072930929e-10,2.682698295684872e-07,4
951,05:30:00,3.363076061399944e-11,7.299199359127384e-12,1.692409236109797e-12,3.304393751009622e-13,9.502797091715992e-13,2.5284900087552296e-10,2.3262846303669002e-07,4
952,05:30:30,1.805312179942901e-11,4.121299225843115e-12,1.1025359756926365e-12,2.4190548422925707e-13,4.2689244057207226e-13,2.4518305561459296e-10,7.308594516483002e-07,4
953,05:31:00,1.2744457660279932e-11,8.796265070335588e-12,1.920575787822337e-12,1.6603452714400115e-12,1.5966176360619095e-12,2.2565847123619623e-09,2.11565226600784e-06,1
954,05:31:30,3.056175527292077e-11,1.2844853862488182e-11,2.699274522779199e-12,3.131304199597167e-13,5.731684663852146e-13,2.768292796867993e-10,5.266378004098681e-07,4
955,05:32:00,1.9849996591604497e-11,5.7796233938252735e-12,1.6637368502173964e-12,3.1761327489770745e-13,6.245346322762042e-13,5.000323295507143e-10,2.907470824198553e-07,4
956,05:32:30,2.0525766795211156e-11,8.573160265442093e-12,2.2274488175794054e-12,3.9779320992207895e-13,6.376618015362945e-13,1.2935715588237796e-09,2.803506645063811e-07,4
957,05:33:00,1.1918962467007706e-11,3.590351494349626e-12,1.0892911380671914e-12,2.6944868871781007e-13,4.693023423500316e-13,5.004665027809665e-10,2.730791480532793e-07,4
958,05:33:30,2.225903102225852e-11,3.742697557057781e-12,1.538819884410962e-12,3.5250881775643335e-13,6.674938213989286e-13,1.0648903121412798e-09,2.749846659151875e-07,4
959,05:34:00,2.494724959572356e-11,3.5358219317144044e-12,1.1071585571985337e-12,3.305251468886445e-13,6.00422786882955e-13,7.545704179133184e-10,3.937511281596463e-07,4
960,05:34:30,1.0394400830553641e-11,3.4737806754340034e-12,1.4599766430021147e-12,3.1995493004474623e-13,6.987729810329926e-13,6.862140341839923e-10,3.144559696085267e-07,4
961,05:35:00,9.461869873097245e-12,3.4439868451659415e-12,1.5502063204274583e-12,2.9876408636141433e-13,6.084991313722422e-13,2.3155975265182213e-10,2.449188706694963e-07,4
962,05:35:30,1.5782363054102834e-11,3.865110954479203e-12,1.1546235119065397e-12,2.8950473281031197e-13,6.026506729596482e-13,6.671776184594149e-10,2.6384387072320517e-07,4
963,05:36:00,2.0717748935844492e-11,5.067785729971441e-12,1.2785129371830548e-12,3.557836042104234e-13,6.116749303859836e-13,1.6602897278709309e-09,2.8091726483412097e-07,4
964,05:36:30,3.555573183195332e-11,5.887913478881066e-12,1.5136424543267994e-12,5.856757719251071e-13,6.781003729337627e-13,3.726289729891533e-09,2.952090509102179e-07,4
965,05:37:00,1.2825292508884237e-11,4.849136782152482e-12,1.230031616723252e-12,3.6051940963963794e-13,4.93621611732932e-13,2.4270566902736177e-09,5.807436870530672e-07,4
966,05:37:30,1.1489954555654804e-11,1.0021773506998167e-11,2.4097270772480705e-12,6.169385330854545e-13,7.939063056918568e-13,4.877684314133706e-10,1.6062351442160614e-06,0
967,05:38:00,1.650436271095048e-11,6.0658012551354226e-12,2.3752375414406667e-12,3.3484054234397893e-13,5.458953323001158e-13,2.8289500089595994e-10,3.4636446094699254e-07,0
968,05:38:30,1.501975503366672e-11,5.607450885251694e-12,1.5632530948521513e-12,3.133438348844633e-13,6.323186090293817e-13,2.5218992889792337e-10,3.1193546982054935e-07,0
969,05:39:00,1.5461225005084195e-11,6.582610461506728e-12,1.215197407685163e-12,3.0080559645127213e-13,5.435309331224238e-13,3.2851954232560313e-10,4.046022591609558e-07,1
970,05:39:30,1.5688937269818002e-11,5.77158861347582e-12,1.3101260005024774e-12,5.203870305490506e-13,1.1845565585034983e-12,5.549514242687866e-10,1.9775552443091465e-06,1
971,05:40:00,1.6995221297358512e-11,5.065676301732273e-12,1.2672145512094025e-12,3.079051220515458e-13,6.567977733618829e-13,3.5948915366492933e-10,6.489503450336986e-07,2
972,05:40:30,3.749818948988987e-11,5.536745689458014e-12,1.4792520486059654e-12,3.1495417848368077e-13,6.922700842957846e-13,3.172333674781289e-10,6.138089046695501e-07,2
973,05:41:00,1.2844765594935276e-11,5.889058070643432e-12,1.4075056426337014e-12,5.091071846139963e-13,8.567926850357597e-13,3.337116428217932e-10,1.392328141394672e-06,2
974,05:41:30,7.238704700965798e-11,1.1476974943978956e-11,4.66029774477192e-12,6.831790381388974e-12,3.291634987842062e-12,5.032276131957876e-09,2.3359946625253223e-06,2
975,05:42:00,2.1750084528914263e-11,9.090606528239315e-12,5.932190245890262e-12,4.8160184796720484e-12,4.4499103274597174e-12,1.0706172100364941e-09,3.653917610808828e-06,0
976,05:42:30,1.201196969774161e-11,3.1525469922336846e-12,8.707365430709362e-13,3.67806769085961e-13,4.0425960503363355e-13,1.4290097050350274e-10,1.7446032193069448e-06,1
977,05:43:00,1.7888468788071142e-11,5.636370090382342e-12,8.397107725078388e-13,3.3676233114556244e-13,5.644409628162725e-13,9.802957944980483e-11,1.5549767156981873e-06,1
978,05:43:30,2.5968673457414392e-11,6.330679503954158e-12,1.828511489375791e-12,3.848833498295318e-13,1.4034522118393312e-12,7.618651895145959e-11,1.2135540683337923e-06,2
979,05:44:00,6.35769467728488e-11,1.2906956552092547e-11,1.6140453233333257e-12,3.9502460911316664e-13,1.1884907496760893e-12,7.023104796651364e-11,1.0055302943830323e-06,2
980,05:44:30,1.8388931309828794e-11,3.709244954487978e-12,1.176059573297684e-12,3.964270384835384e-13,1.47306173635651e-12,6.983338180358659e-11,1.1030093288585249e-06,2
981,05:45:00,4.5912837151938825e-11,1.001799504566848e-11,2.1146610885871367e-12,1.59849025383556e-12,9.934030599297307e-12,7.017764705519386e-11,1.0242850887243324e-06,2
982,05:45:30,9.043018162527642e-11,5.700351183990161e-12,1.5105798005221375e-12,4.1238636468025694e-13,1.1969162232317217e-12,7.853761401840181e-11,1.187093985397956e-06,2
983,05:46:00,6.072708962043739e-11,8.49975684925986e-12,4.727895049453256e-12,3.787328976362062e-12,3.63834469563328e-12,2.002449318107737e-09,3.002559649457047e-06,0
984,05:46:30,2.7266947491782047e-11,3.960729217008977e-12,1.000794832829594e-12,3.2698676589021004e-13,7.382066835500568e-13,1.063929260915711e-10,1.3432418520714429e-06,1
985,05:47:00,4.072134159111072e-11,4.678395233270043e-12,1.3158016523328303e-12,1.0101832406139005e-12,6.0385140489028695e-12,7.829645996442431e-11,1.1344905831445641e-06,2
986,05:47:30,8.513034097111469e-11,8.379984220051928e-12,2.7523645789941462e-12,1.0437426855777192e-12,2.6103272936982387e-12,8.513178263534501e-11,1.9256105457151087e-06,2
987,05:48:00,4.2324104845163984e-11,8.13287036490048e-12,1.4076508765542238e-12,4.1563718833076194e-13,9.593423262254652e-13,7.901364625982858e-11,1.585548459387242e-06,2
988,05:48:30,2.4881298352417203e-11,4.989980754879862e-12,1.0450699561946965e-12,6.867793909543167e-13,3.496216899872041e-12,1.2531030820111615e-10,1.6632464998956558e-06,2
989,05:49:00,3.773390384051075e-11,6.3015999485920195e-12,2.0188046240755886e-12,5.179492998621507e-13,2.4083485125695485e-12,1.1307387500161093e-10,1.5325600371074414e-06,2
990,05:49:30,2.4661284932207182e-11,3.0275145751574734e-12,1.2794223230140122e-12,4.3874016834072574e-13,1.671460887330044e-12,7.50250273942416e-11,1.5776843112489772e-06,2
991,05:50:00,2.331253588678911e-11,5.832873958256761e-12,2.3710941897779485e-12,7.978185759551252e-13,4.343107035780907e-12,8.759985800073845e-11,1.6344800100726173e-06,2
992,05:50:30,3.9952595848775985e-11,4.618647620585895e-12,1.8936962712539762e-12,4.213226147864019e-13,1.7940972469942977e-12,8.559927549272393e-11,1.5223988109165006e-06,2
993,05:51:00,3.0495049172079006e-11,5.980140476538762e-12,1.3078212608586013e-12,6.380312025081515e-13,3.4949512308168977e-12,6.662149262295196e-11,1.5275941273154075e-06,2
994,05:51:30,3.906673413940131e-11,5.857928422234021e-12,1.492411579592478e-12,6.453117458503191e-13,3.197232444998282e-12,8.108986799767561e-11,1.5601895268823898e-06,2
995,05:52:00,4.49750446947381e-11,5.30553354842497e-12,1.823588648126875e-12,8.598765673844343e-13,2.99765392382499e-12,8.447639670811294e-11,1.4521459608341774e-06,2
996,05:52:30,4.626707621373882e-11,7.547693769989673e-12,1.937203938957117e-12,6.019229910538112e-13,3.0362247766572124e-12,7.880078282786268e-11,1.4886508235883004e-06,2
997,05:53:00,3.4567407751634504e-11,4.415111980294094e-12,1.2977803889677863e-12,7.384690390445772e-13,4.805115577855127e-12,6.485396426067638e-11,1.4785020578082224e-06,2
998,05:53:30,2.3747872786216074e-11,3.998428831013656e-12,1.4850208001875153e-12,4.111274964291208e-13,1.848217157725882e-12,8.129666302443542e-11,1.4371953230135661e-06,2
999,05:54:00,3.920902439516835e-11,6.618148004807578e-12,1.6121876546743242e-12,7.199968497655411e-13,4.316804760154509e-12,9.51160626313454e-11,1.4231963645686521e-06,2
1000,05:54:30,3.8133679184693875e-11,6.057771550736373e-12,2.0586547071628802e-12,8.290656014897979e-13,5.1085869304126006e-12,9.595160115268329e-11,1.5582065953791697e-06,2
1001,05:55:00,5.196043797596289e-11,7.280802862528645e-12,1.5328270260448638e-12,5.973656467812759e-13,3.2410312151453667e-12,8.059881761899296e-11,1.4073548598994619e-06,2
1002,05:55:30,4.669220599027985e-11,7.000823236733351e-12,2.3201197787810954e-12,9.328045007711769e-13,6.112427727184019e-12,8.435578176586824e-11,1.4602176131025463e-06,2
1003,05:56:00,3.3475683964638126e-11,6.976711925467541e-12,1.6503411847071219e-12,4.079561245236814e-13,1.7833335802529789e-12,8.521143783254724e-11,1.5652470256924476e-06,2
1004,05:56:30,4.535512765117257e-11,4.9279419042032185e-12,2.0017922419628868e-12,5.643185529368769e-13,2.509556452934699e-12,1.0007630544460775e-10,1.4760448805663882e-06,2
1005,05:57:00,4.033240849914553e-11,6.437271818610893e-12,2.099178195716702e-12,7.95853330774569e-13,4.602581258290977e-12,9.648238516888115e-11,1.421549599311744e-06,2
1006,05:57:30,3.261593148927257e-11,7.805130300939294e-12,2.3917171228442516e-12,8.961951825789973e-13,5.8160967287937035e-12,7.12206106116618e-11,1.5376351302213253e-06,2
1007,05:58:00,6.357195515985682e-11,6.455937357730553e-12,1.832042598434265e-12,6.445980002868502e-13,3.396597622029214e-12,9.782771004641244e-11,1.5300137963266862e-06,2
1008,05:58:30,6.255322213632718e-11,7.062420610462309e-12,2.21833490528741e-12,6.874388258662734e-13,3.874619069040327e-12,9.950187613570835e-11,1.4961021591905357e-06,2
1009,05:59:00,4.1640013134305534e-11,8.199116837451031e-12,2.1743115992032142e-12,8.550926511652675e-13,5.474578957582753e-12,7.820384410766277e-11,1.5217069330104372e-06,2
1010,05:59:30,8.527879028330597e-11,7.57051494200815e-12,1.5033689873257544e-12,4.5110747851821477e-13,2.155167991807824e-12,9.79287574342136e-11,1.5706870967489493e-06,2
1011,06:00:00,5.432074840296266e-11,7.770315965370824e-12,2.060653638377301e-12,5.349151752823672e-13,3.0288775932320403e-12,8.073533269987372e-11,1.4310115893931744e-06,2
1012,06:00:30,8.907318424487104e-11,5.1775206581067774e-12,1.989380980702622e-12,1.020865613927481e-12,6.116187426625256e-12,8.82693663399192e-11,1.455744176406924e-06,2
1013,06:01:00,4.25547968617883e-11,7.763056923914203e-12,1.5561595072389094e-12,5.262918018243329e-13,2.976028491025818e-12,9.479263117967254e-11,1.4952543965625337e-06,2
1014,06:01:30,6.361438664681891e-11,5.136681275601532e-12,1.736717478198729e-12,5.07348978138443e-13,2.542110440984923e-12,8.803738700251985e-11,1.4218874879439286e-06,2
1015,06:02:00,4.256997487066857e-11,7.413029734741007e-12,2.0006813445143037e-12,7.461457979303896e-13,4.357972639302843e-12,1.0852125646889213e-10,1.4947830265281362e-06,2
1016,06:02:30,7.77171173104495e-11,6.319702618830129e-12,1.841578939054434e-12,7.038023560586246e-13,4.2479243618578155e-12,8.66661049582489e-11,1.4207106477061413e-06,2
1017,06:03:00,5.7622853514163025e-11,6.184769560889124e-12,1.8296242489465553e-12,7.091932958794752e-13,4.334302211693631e-12,1.1939091486156104e-10,1.4190568687096916e-06,2
1018,06:03:30,2.0715953716300086e-11,4.815619787470409e-12,1.3102037953504785e-12,1.0902403044544748e-12,8.019131849662374e-12,8.912180674318257e-11,1.34631607897202e-06,2
1019,06:04:00,8.064860131855299e-11,8.173902632466146e-12,1.988098097524455e-12,4.421658407212787e-13,1.9131504531685016e-12,8.599238606140387e-11,1.4302704819342643e-06,2
1020,06:04:30,6.706392775884579e-11,4.625127895593884e-12,1.7119360348032161e-12,6.196668935436181e-13,3.898576848569915e-12,1.090188665486912e-10,1.4076851714771004e-06,2
1021,06:05:00,4.1232788479761966e-11,5.420508394106467e-12,1.4025028129942494e-12,7.158987595688895e-13,4.599748929185085e-12,8.436708849838299e-11,1.4787619267444207e-06,2
1022,06:05:30,5.2502531948775885e-11,8.261221487337887e-12,2.4069984261378617e-12,7.803976466636189e-13,5.153951432361225e-12,1.1166462172016808e-10,1.5344667612179955e-06,2
1023,06:06:00,4.9085327393760434e-11,7.70128619828724e-12,2.130818754801071e-12,1.0858865124428596e-12,7.787176413947063e-12,9.931893386267819e-11,1.4873297149681755e-06,2
1024,06:06:30,5.755839121989145e-11,5.9411397085124645e-12,1.5118565331051187e-12,8.255200939371083e-13,5.742480236823444e-12,9.052222520138817e-11,1.494478518592764e-06,2
1025,06:07:00,9.480894984810279e-11,7.974427713152582e-12,2.600543419075247e-12,7.156857431428715e-13,4.235738454943094e-12,9.315583885858333e-11,1.4557960521663352e-06,2
1026,06:07:30,6.557273506839579e-11,7.623034613865094e-12,1.6349933061920828e-12,1.2721858419294155e-12,9.559609805945619e-12,7.157093679914388e-11,1.4401719616309045e-06,2
1027,06:08:00,5.63867471539419e-11,8.892794128146796e-12,1.9998858837952688e-12,8.648121411844786e-13,5.632274536350351e-12,1.0037396850461225e-10,1.4866621837756558e-06,2
1028,06:08:30,5.4926334955972e-11,6.647578188570108e-12,1.8249303394467265e-12,6.521525452216454e-13,4.085622489178133e-12,1.0993971194061255e-10,1.491739284542698e-06,2
1029,06:09:00,3.84151656535116e-11,4.581858695867751e-12,1.513303843111689e-12,4.192287085009308e-13,1.96648097931591e-12,9.584045484132532e-11,1.4925733998217715e-06,2
1030,06:09:30,7.474799403846217e-11,9.330518157484019e-12,2.1788083656325034e-12,5.17688934555912e-13,2.5604286996044254e-12,1.1682160165334184e-10,1.4744024251292806e-06,2
1031,06:10:00,6.545498830834972e-11,6.398562858216969e-12,2.0469509757166983e-12,5.443891450123829e-13,3.141872734810214e-12,9.721108733807572e-11,1.4625424608866517e-06,2
1032,06:10:30,6.792163141996068e-11,7.414883360398316e-12,2.323296131672069e-12,5.533110686945284e-13,3.1133836453565327e-12,1.0618568355107109e-10,1.3492758652858115e-06,2
1033,06:11:00,5.073034234574776e-11,7.07829518554751e-12,1.7905330858218244e-12,4.868040160262839e-13,2.1406071755663163e-12,1.124863143240414e-10,1.269984036918181e-06,2
1034,06:11:30,2.0487318562973248e-10,1.1223062372206722e-11,3.5196807689918845e-12,4.564441414016285e-13,1.7412782231799621e-12,1.4186407979765603e-10,2.417004399823169e-06,2
1035,06:12:00,5.527293326790765e-11,6.200285711281038e-12,1.1256357925416731e-12,3.998031406219234e-13,1.2276476543664483e-12,1.339900379337631e-10,2.0910508369572694e-06,2
1036,06:12:30,8.349154544377263e-11,1.0207760196106641e-11,2.68023509729858e-12,1.2802375168940137e-12,7.193152941838007e-12,1.1002163970123734e-10,1.8322184069959444e-06,2
1037,06:13:00,4.8180548990419254e-11,7.387019848871764e-12,2.042513482135805e-12,7.229990810571134e-13,3.742420061093199e-12,8.177407331871311e-11,1.7129903661774372e-06,2
1038,06:13:30,5.643595532898238e-11,9.696204125484783e-12,2.10886721106475e-12,7.15891304597055e-13,4.01289167041666e-12,9.232964333346336e-11,1.4586593282480586e-06,2
1039,06:14:00,6.4023268905637e-11,9.289727493884481e-12,2.349826303714625e-12,5.43313847993619e-13,2.9631774909949036e-12,8.777184746866701e-11,4.6939261532442543e-07,2
1040,06:14:30,4.8823770005568713e-11,6.93301932954641e-12,2.1946901765862157e-12,5.606669934419292e-13,2.9281532645178963e-12,9.621598562811493e-11,5.030285759545435e-07,2
1041,06:15:00,9.366708477383952e-11,1.0434372582050404e-11,2.213587880631135e-12,6.652108600083641e-13,4.0855191765448556e-12,1.2402205790530787e-10,4.719593820517509e-07,2
1042,06:15:30,5.17950633101707e-11,5.7308431820306916e-12,1.8900773922197965e-12,9.119066142296122e-13,5.7347593421270195e-12,1.0506590911357894e-10,5.270800010236129e-07,2
1043,06:16:00,8.04025933562804e-11,1.2354952085068589e-11,2.2257850384344777e-12,5.535961205598357e-13,2.848606279506273e-12,1.1700471078451275e-10,4.79709407344307e-07,2
1044,06:16:30,6.620322806230768e-11,7.769922993528871e-12,1.5152301209492932e-12,5.062812815633765e-13,2.6537151025085917e-12,9.607673589324496e-11,5.1338494699979e-07,2
1045,06:17:00,8.039834310091869e-11,7.689149433004931e-12,2.2719166612644825e-12,6.036128836108903e-13,3.1972757863930933e-12,1.3190493146514016e-10,5.444510130846751e-07,2
1046,06:17:30,1.8607063732245406e-10,1.3588649924079762e-11,6.308079419609041e-12,4.2810522819331374e-12,6.508773205883134e-12,4.590174841043564e-10,3.6377440331574845e-06,0
1047,06:18:00,3.5220082252318383e-11,7.915648719164476e-12,2.246104670899637e-12,3.639639078407203e-13,7.251299015687108e-13,2.00374083487909e-10,2.6599390461960535e-06,1
1048,06:18:30,1.1143334653286129e-10,5.763966055464087e-12,1.839603483157521e-12,3.300229866555187e-13,8.258129929108041e-13,1.1825020065784316e-10,3.3517439463450456e-06,2
1049,06:19:00,5.236931625553177e-11,5.076070089446935e-12,1.7775551268288305e-12,4.589234423447531e-13,1.6772102099335637e-12,1.0617049488562244e-10,3.261926787563871e-06,2
1050,06:19:30,1.1142769581337258e-10,1.2928447915848719e-11,2.373997947910428e-12,5.177410299880978e-13,1.521476156684206e-12,1.5118852971770124e-10,3.441192834949003e-06,2
1051,06:20:00,2.171961661085813e-11,4.644675196205104e-12,1.46439303708648e-12,3.751798839336335e-13,8.882804748557596e-13,1.0993880158678805e-10,3.1860332838442727e-06,2
1052,06:20:30,3.8298227719727476e-11,7.61762478159454e-12,2.3024451283119275e-12,6.566166652822119e-13,3.738761315306103e-12,8.0755620204808e-11,2.6232532170006433e-06,2
1053,06:21:00,2.8253312636581464e-11,3.5930498559953932e-12,1.1251437859375212e-12,4.050066552619264e-13,1.7731760756747282e-12,8.348108161822501e-11,1.9284239510640736e-06,2
1054,06:21:30,3.650002334815029e-11,5.5368817432757364e-12,2.891264550110008e-12,6.493565012358824e-13,2.8237751051666775e-12,7.975270169752464e-11,1.985342444961571e-06,2
1055,06:22:00,4.610499729643514e-11,8.042519287649803e-12,2.414879251838457e-12,1.3734259195088168e-12,2.6526846067535276e-12,1.250378261435353e-10,2.3106614789519905e-06,1
1056,06:22:30,2.2977404878982338e-11,6.972498361721743e-12,1.1907246223846365e-12,4.774067410246975e-13,1.1409009409709541e-12,9.009078525531696e-11,1.337844940365264e-06,2
1057,06:23:00,4.3736604633321756e-11,8.457653490006054e-12,2.791437478662239e-12,1.7095673306563434e-12,1.1964664206183982e-11,8.0854868879427e-11,1.3226851564389448e-06,2
1058,06:23:30,4.2761833436079235e-11,6.6766925718407325e-12,1.852299515511892e-12,1.0689874820081743e-12,6.6017519630429024e-12,9.999109761373856e-11,1.0877584761879796e-06,2
1059,06:24:00,6.100827781695223e-11,5.026875709743843e-12,2.278545393907809e-12,3.3669841547368695e-13,8.363929326464553e-13,8.993569260360827e-11,2.1335794547974832e-06,2
1060,06:24:30,8.322228160519486e-11,6.1669374090227255e-12,1.3066196156396314e-12,6.081871404209563e-13,2.6342095130167747e-12,1.4183177359595626e-10,1.4430708553849164e-06,2
1061,06:25:00,4.3528422398750903e-11,7.585166443425389e-12,2.1127885530010726e-12,1.0224356587944764e-12,5.327307878209052e-12,1.1949830089445669e-10,1.2205978589080954e-06,2
1062,06:25:30,2.7024892398148577e-11,5.040931915937353e-12,1.7322708755559207e-12,3.6036030395150647e-13,1.0830975908294594e-12,8.769268454950172e-11,1.200652670838863e-06,2
1063,06:26:00,5.609432313461129e-11,6.289495808193776e-12,2.2087814232804626e-12,6.727641811978931e-13,4.129961034637578e-12,8.82584423266343e-11,1.1185524543635644e-06,2
1064,06:26:30,4.0654608771878684e-11,9.116445922988377e-12,1.6505186008231727e-12,6.195474060235797e-13,2.819736508455812e-12,9.331985803313947e-11,1.0528206909298044e-06,2
1065,06:27:00,2.750686430734623e-11,4.2931920260856234e-12,1.350817640455867e-12,4.694087617431734e-13,1.5552871830142465e-12,8.556520802788009e-11,1.2745222548082442e-06,2
1066,06:27:30,4.110760774035602e-11,3.985393268681613e-12,1.1806694073514874e-12,4.252805749037476e-13,1.2613682435995067e-12,8.951402688486988e-11,2.366302050461932e-06,2
1067,06:28:00,5.2422435161233943e-11,7.979199295437954e-12,1.6171995484627391e-12,6.693087877708866e-13,3.396733096071889e-12,8.920039405862228e-11,1.4031302058982303e-06,2
1068,06:28:30,6.597940748379486e-11,1.6187793212103753e-11,1.3348626348296226e-11,9.067121952591576e-12,9.31439899608131e-12,6.459175824801606e-10,3.925898828081236e-06,0
1069,06:29:00,1.1380630689498917e-11,4.96129566607117e-12,2.2116113313029665e-12,5.437409952944987e-13,8.461114380474041e-13,1.7255832679627647e-10,3.5240575396204344e-06,0
1070,06:29:30,8.131671046198741e-11,9.291166739278238e-12,1.1302996604132126e-11,7.218024203160405e-12,8.570387331996871e-12,3.0327865099513173e-09,3.8975403275266874e-06,0
1071,06:30:00,3.092460292624978e-10,1.5229754184686734e-11,7.811297773847928e-12,7.2661022283290885e-12,9.080014532098496e-12,1.1600967340875507e-08,4.107145404813227e-06,0
1072,06:30:30,4.3498896850953963e-10,1.726627051913114e-11,7.32916938249003e-12,6.331905293395477e-12,8.52171411937191e-12,6.281613642981524e-09,4.1050149748795285e-06,0
1073,06:31:00,5.337821323063835e-10,2.734497216759973e-11,8.25717916649668e-12,4.158332957373358e-12,5.094317460114469e-12,1.4454574367220696e-08,4.081636771759801e-06,0
1074,06:31:30,2.877568510496078e-10,1.731882083764251e-11,4.537291492544744e-12,2.6080637207564995e-12,4.054218827442921e-12,4.1940269557989436e-09,4.109125821506215e-06,0
1075,06:32:00,3.0749347128637544e-10,2.0913549328011036e-11,1.2153571520826668e-11,7.445443764122257e-12,4.141119840342554e-12,1.3476773628087946e-08,4.20359841972692e-06,0
1076,06:32:30,3.664691514783141e-11,5.1807146041134325e-12,1.305370889680366e-12,5.489360066945247e-13,7.984665594995871e-13,3.735590648730157e-10,4.187507398081475e-06,0
1077,06:33:00,2.324002230738529e-10,1.595165231519266e-11,3.775832733347102e-12,1.630016945429524e-12,2.4251595286515386e-12,4.524287567634307e-09,4.169032378689234e-06,0
1078,06:33:30,1.0806709837786034e-10,1.0368039061020998e-11,3.4497053908967982e-12,2.8915084001697832e-12,2.779342053521259e-12,3.3989866400650408e-09,4.1841020092270255e-06,0
1079,06:34:00,2.479410834704501e-10,2.0921623932516338e-11,5.341273890784058e-12,3.4411517407179526e-12,4.022183296266951e-12,5.844147268208758e-09,4.056043615622013e-06,0
1080,06:34:30,2.1981005028943932e-10,2.078032924692396e-11,6.396930449361928e-12,4.6009024117590345e-12,3.4017165473064348e-12,4.43437679861257e-09,4.179610143731719e-06,0
1081,06:35:00,1.417282455927776e-10,2.311166852016362e-11,3.943974639956966e-12,1.936214909349627e-12,2.7147856102329014e-12,7.581043422355586e-09,4.179906988267578e-06,0
1082,06:35:30,1.4092188103266245e-10,1.4103810127101963e-11,2.450539306573744e-12,1.7182389266656899e-12,1.965472555992951e-12,5.607701463621067e-09,4.161625359047072e-06,0
1083,06:36:00,2.4584639472523743e-10,1.823891884194714e-11,5.8337648918573306e-12,3.520163055916793e-12,3.0908197103393176e-12,6.712150527285658e-09,4.060702176393678e-06,0
1084,06:36:30,4.887380886771464e-11,1.1387247751163531e-11,1.0995921862162672e-11,5.783161071591712e-12,5.16466892209134e-12,4.772827573743504e-09,4.0764859715356305e-06,0
1085,06:37:00,1.1055163728266493e-11,4.914342210053027e-12,4.360596636130016e-12,4.2872389699511e-13,3.7650034694324756e-13,2.1515016633816747e-10,2.932841357802445e-06,0
1086,06:37:30,8.814035453021272e-12,4.3729679703910766e-12,3.089669749835808e-12,7.311639730398452e-13,9.071438593873964e-13,1.1022772832051539e-10,2.7494251496515597e-06,0
1087,06:38:00,6.452077604669804e-12,9.57493370458301e-12,2.4318067895921676e-12,5.698530054051418e-13,6.535967877779544e-13,8.374354396851319e-11,2.673748037461658e-06,0
1088,06:38:30,7.832597588247902e-12,7.796690740781997e-12,3.2296126593791117e-12,6.224344352891655e-13,8.631172866374511e-13,1.0755451617159464e-10,2.6702671963199706e-06,0
1089,06:39:00,7.78384555059669e-12,9.665966466715664e-12,4.020283518936326e-12,8.720142307604505e-13,1.2409548864454013e-12,1.2607269935457637e-10,2.8814906375780234e-06,0
1090,06:39:30,3.807317427437163e-11,1.0858878541046856e-11,4.882254524598366e-12,1.3498005069831151e-12,1.8021539826579604e-12,9.901517544326145e-10,3.3365098601011352e-06,0
1091,06:40:00,3.466512122947801e-11,5.051713404625277e-12,3.7864395497004995e-12,6.937754852346203e-13,7.614740317350087e-13,1.1640740268132844e-10,2.73360532786017e-06,0
1092,06:40:30,3.2104389175632285e-11,1.2337301580827185e-11,5.147805639041614e-12,8.446426670235693e-13,8.279931943203263e-13,2.328030645301837e-10,2.5925775693832517e-06,0
1093,06:41:00,9.816385349456905e-12,1.1121467791325772e-11,5.128352695044851e-12,7.765086565334815e-13,6.383883694845241e-13,2.2192414783679363e-10,2.6132301812253687e-06,0
1094,06:41:30,1.9786255508899087e-11,1.0030802778012342e-11,6.477151389479207e-12,8.301616936941384e-13,9.404510306204769e-13,7.700484686712802e-11,2.4611447636832573e-06,0
1095,06:42:00,9.186929815979242e-12,7.50769885000037e-12,4.434429890780499e-12,6.009256100819795e-13,6.447974999775133e-13,2.2598950221811075e-10,2.4003822851454507e-06,0
1096,06:42:30,7.513899922829575e-12,8.657877220441992e-12,4.837809367814021e-12,4.846951122431696e-13,5.671166200021792e-13,4.447297859344171e-10,2.2203890358003276e-06,0
1097,06:43:00,1.0897896780763004e-11,8.544840448528017e-12,4.327478318038317e-12,5.17019512239096e-13,7.063411745463797e-13,7.551943581885184e-11,2.293161875890953e-06,0
1098,06:43:30,7.518306495520575e-12,9.652037920647826e-12,5.12432554518116e-12,4.2238363969112894e-13,5.876363767249509e-13,3.9309714225977404e-10,2.2386397715170666e-06,0
1099,06:44:00,7.871413997900061e-12,9.763844520741993e-12,3.7319188761252555e-12,4.705445067778171e-13,6.335984703418586e-13,3.577452881441129e-10,2.3892546968214294e-06,0
1100,06:44:30,8.062354130091263e-12,5.672222528583044e-12,3.3499653411457927e-12,3.89984366786346e-13,4.216251771361393e-13,1.3644352044856512e-10,3.112930036089068e-06,0
1101,06:45:00,1.2792881130503884e-10,2.0426832005954115e-11,1.0756124059438071e-11,6.939410247770155e-12,9.89564059407961e-12,7.364553321541747e-09,3.9359157967373794e-06,0
1102,06:45:30,6.525231208995449e-11,1.0647177561227692e-11,5.422591847071345e-12,3.715972702841476e-12,4.252106875287464e-12,6.564771019335413e-09,4.2041361609194475e-06,0
1103,06:46:00,1.2105388306306361e-10,1.6090302871620293e-11,4.285592546400613e-12,2.7725971158322745e-12,2.4802734573002723e-12,6.624105209714202e-09,4.07602877897968e-06,0
1104,06:46:30,8.593551389111967e-11,1.1936716034231542e-11,5.151385276517335e-12,2.7485484224464486e-12,2.666033240908438e-12,5.065986805714168e-09,4.219970513591585e-06,0
1105,06:47:00,1.383579634034448e-10,1.245171469235461e-11,3.90271359303641e-12,3.1916298375965238e-12,2.4915132094508046e-12,8.392648161417637e-09,4.114342143136961e-06,0
1106,06:47:30,3.9160923957071925e-11,7.817089458333187e-12,1.736838752975685e-12,9.657556206955145e-13,9.317519155274934e-13,2.14284161794731e-09,3.917146982149043e-06,0
1107,06:48:00,3.43127433167646e-11,5.823241498389069e-12,2.674071186438198e-12,1.4042988328762685e-12,2.3327486081678893e-12,6.757663764669242e-10,3.9146634462634126e-06,0
1108,06:48:30,1.1040511545364946e-10,4.9453052446087604e-12,1.3322024544639219e-12,7.703252535780546e-13,7.662796770677942e-13,2.748611601433976e-09,3.6081880243606003e-06,0
1109,06:49:00,2.5701640815132817e-11,4.710423798993279e-12,3.445730408172562e-12,1.9607515935284004e-12,2.1316290162956767e-12,5.446653203042016e-10,3.836094636263529e-06,0
1110,06:49:30,1.2081460574997364e-11,4.440527633231156e-12,1.8370423207718075e-12,9.623800394689698e-13,1.2336531385605472e-12,2.892683977649225e-10,3.8791800573911454e-06,0
1111,06:50:00,1.8176819772088992e-11,5.237654864745559e-12,1.8659546060231592e-12,8.160983182182138e-13,1.0463886465291804e-12,2.896018837118462e-10,3.910917626657158e-06,0
1112,06:50:30,8.415147644784878e-11,6.872448321651404e-12,2.7828018101543343e-12,1.795651162372439e-12,1.785290463714258e-12,2.8396125346807204e-09,4.073027345151906e-06,0
1113,06:51:00,6.722026210046629e-11,7.389892885093198e-12,4.438661323225051e-12,2.837373072558631e-12,2.3076282653788375e-12,1.5422131051415687e-09,4.1027104781561275e-06,0
1114,06:51:30,2.2904938810358848e-11,6.2815572813819826e-12,4.204698456947222e-12,1.920173584618147e-12,1.914870527527783e-12,2.0998437887453785e-10,3.912999409216898e-06,0
1115,06:52:00,4.3012802547025774e-11,4.542136580395288e-12,2.7481433144961596e-12,1.188755493365668e-12,1.2342142420995068e-12,6.047905554317782e-10,3.5993831454842474e-06,0
1116,06:52:30,3.0998712791876126e-11,7.40742913369824e-12,3.9019193465237254e-12,1.3860337186798577e-12,1.4918081274110548e-12,7.865254797595524e-10,3.350552576720299e-06,0
1117,06:53:00,3.0243240102256507e-11,6.029079531239757e-12,3.927977713379005e-12,1.5452770411355191e-12,1.835224148685026e-12,3.219908037583017e-10,3.4981899127072446e-06,0
1118,06:53:30,6.064959369832625e-11,7.761765311428305e-12,4.305202909203451e-12,3.203087420422249e-12,4.410543639033833e-12,9.642835044732732e-10,3.870449597122947e-06,0
1119,06:54:00,3.781186298837501e-11,9.065972404294672e-12,3.80592501360248e-12,2.001394121466549e-12,1.7885429217179449e-12,9.109827990396976e-11,3.768351019060709e-06,0
1120,06:54:30,5.462739661611679e-11,9.437326855806574e-12,2.3365765838471278e-12,1.980115509807127e-12,2.0308885044521736e-12,1.0784505819343832e-10,4.054789665785089e-06,0
1121,06:55:00,4.1549019127907026e-11,9.749892212529634e-12,4.416948788757876e-12,1.8556192144930498e-12,1.6842909358863225e-12,1.0931190973684698e-10,4.050820756407107e-06,0
1122,06:55:30,4.5437934329783737e-11,1.0576193927332179e-11,4.688369263004905e-12,2.526575009750903e-12,2.4278342545332028e-12,1.1747322550843825e-09,4.141866337725714e-06,0
1123,06:56:00,1.4738539705868145e-11,8.555031045078833e-12,4.098654547370118e-12,1.445353957727464e-12,1.3384829590630238e-12,5.284743248747153e-10,4.017085397113665e-06,0
1124,06:56:30,8.751639601253353e-12,7.874903286000118e-12,3.3440715842130036e-12,1.3100743343938039e-12,1.2129173958594555e-12,1.1408464061257619e-09,3.687169824366318e-06,0
1125,06:57:00,9.022083345810077e-12,6.648646431085279e-12,3.4713973601577133e-12,1.6310688544920374e-12,1.5154198296003073e-12,3.893140813807999e-10,3.524260429193382e-06,0
1126,06:57:30,7.060121005347603e-11,5.62952520402814e-12,4.095999146740195e-12,2.364288418278181e-12,1.8440208215413718e-12,4.824259816294027e-09,3.844129459756033e-06,0
1127,06:58:00,1.2010354453963788e-10,1.3506747948942235e-11,7.529599596569632e-12,8.011271278022913e-12,4.822009492329966e-12,1.1025824466471351e-08,3.622946433321481e-06,0
